[INFO] [launch]: All log files can be found below /home/ubuntu/.ros/log/2026-06-26-14-39-20-670223-raspberrypi-461563
[INFO] [launch]: Default logging verbosity is set to INFO
[INFO] [ascamera_node-1]: process started with pid [461573]
[INFO] [static_transform_publisher-2]: process started with pid [461575]
[INFO] [static_transform_publisher-3]: process started with pid [461577]
[INFO] [joint_state_publisher-4]: process started with pid [461579]
[INFO] [robot_state_publisher-5]: process started with pid [461581]
[INFO] [ros_robot_controller-6]: process started with pid [461583]
[INFO] [odom_publisher-7]: process started with pid [461595]
[INFO] [ekf_node-8]: process started with pid [461598]
[INFO] [yolo_detect-9]: process started with pid [461607]
[INFO] [self_driving-10]: process started with pid [461612]
[ascamera_node-1] [0m[INFO] [1782484761.446137275] [as_logger]: hello world angstrong camera ros2 node[0m
[static_transform_publisher-2] [33m[WARN] [1782484761.415893257] []: Old-style arguments are deprecated; see --help for new-style arguments[0m
[static_transform_publisher-3] [33m[WARN] [1782484761.415006757] []: Old-style arguments are deprecated; see --help for new-style arguments[0m
[ascamera_node-1] 2026-06-26 14:39:21[INFO] [CameraPublisher.cpp] [1558] [printLaunchParams] get depth_width 640
[ascamera_node-1] 2026-06-26 14:39:21[INFO] [CameraPublisher.cpp] [1559] [printLaunchParams] get depth_height 480
[ascamera_node-1] 2026-06-26 14:39:21[INFO] [CameraPublisher.cpp] [1561] [printLaunchParams] get rgb_width 640
[ascamera_node-1] 2026-06-26 14:39:21[INFO] [CameraPublisher.cpp] [1562] [printLaunchParams] get rgb_height 480
[ascamera_node-1] 2026-06-26 14:39:21[INFO] [CameraPublisher.cpp] [1570] [printLaunchParams] get set_fps 15
[ascamera_node-1] 2026-06-26 14:39:21[INFO] [CameraPublisher.cpp] [1578] [printLaunchParams] get color_pcl 1
[ascamera_node-1] 2026-06-26 14:39:21[INFO] [CameraPublisher.cpp] [1582] [printLaunchParams] get pub_tfTree 1
[ascamera_node-1] 2026-06-26 14:39:21[INFO] [CameraSrv.cpp] [35] [CameraSrv] Angstrong camera server
[ascamera_node-1] 2026-06-26 14:39:21[INFO] [CameraSrv.cpp] [45] [CameraSrv] Angstrong camera sdk version:v1.2.22.20240516
[static_transform_publisher-2] [0m[INFO] [1782484761.566303109] [static_transform_publisher_wXM4x9cn0wrkS7vk]: Spinning until stopped - publishing transform
[static_transform_publisher-2] translation: ('0.000000', '0.000000', '0.000000')
[static_transform_publisher-2] rotation: ('-0.500000', '0.499602', '-0.500000', '0.500398')
[static_transform_publisher-2] from 'depth_cam' to 'ascamera_camera_link_0'[0m
[static_transform_publisher-3] [0m[INFO] [1782484761.579213794] [static_transform_publisher_JyCfv5XGxmoXRbF8]: Spinning until stopped - publishing transform
[static_transform_publisher-3] translation: ('0.000000', '0.000000', '0.000000')
[static_transform_publisher-3] rotation: ('-0.500000', '0.499602', '-0.500000', '0.500398')
[static_transform_publisher-3] from 'depth_cam' to 'ascamera_color_0'[0m
[robot_state_publisher-5] [0m[INFO] [1782484761.612242164] [robot_state_publisher]: got segment base_footprint[0m
[robot_state_publisher-5] [0m[INFO] [1782484761.617871923] [robot_state_publisher]: got segment base_link[0m
[robot_state_publisher-5] [0m[INFO] [1782484761.617916997] [robot_state_publisher]: got segment depth_cam[0m
[robot_state_publisher-5] [0m[INFO] [1782484761.617933997] [robot_state_publisher]: got segment imu_link[0m
[robot_state_publisher-5] [0m[INFO] [1782484761.617942868] [robot_state_publisher]: got segment lidar_frame[0m
[robot_state_publisher-5] [0m[INFO] [1782484761.617951646] [robot_state_publisher]: got segment wheel_lb_Link[0m
[robot_state_publisher-5] [0m[INFO] [1782484761.617963127] [robot_state_publisher]: got segment wheel_lf_Link[0m
[robot_state_publisher-5] [0m[INFO] [1782484761.617974127] [robot_state_publisher]: got segment wheel_rb_Link[0m
[robot_state_publisher-5] [0m[INFO] [1782484761.617982960] [robot_state_publisher]: got segment wheel_rf_Link[0m
[joint_state_publisher-4] [0m[INFO] [1782484762.309664349] [joint_state_publisher]: Waiting for robot_description to be published on the robot_description topic...[0m
[ascamera_node-1] 2026-06-26 14:39:22[INFO] [CameraSrv.cpp] [114] [onAttached] attached
[ascamera_node-1] 2026-06-26 14:39:22[INFO] [CameraSrv.cpp] [145] [onAttached] this is a new attach device, create and open it
[odom_publisher-7] [0m[INFO] [1782484762.638680997] [odom_publisher]: [1;32m0.930000 1.010000[0m[0m
[odom_publisher-7] [0m[INFO] [1782484762.650141293] [odom_publisher]: [1;32mstart[0m[0m
[ros_robot_controller-6] [0m[INFO] [1782484762.770518867] [ros_robot_controller]: 已设置舵机 1 的偏移量为 0[0m
[ros_robot_controller-6] [0m[INFO] [1782484762.771464145] [ros_robot_controller]: 已设置舵机 2 的偏移量为 0[0m
[ros_robot_controller-6] [0m[INFO] [1782484762.772141867] [ros_robot_controller]: 已设置舵机 3 的偏移量为 4[0m
[ros_robot_controller-6] [0m[INFO] [1782484762.773257867] [ros_robot_controller]: 已设置舵机 4 的偏移量为 0[0m
[ros_robot_controller-6] [0m[INFO] [1782484762.779362997] [ros_robot_controller]: [1;32mstart[0m[0m
[self_driving-10] [0m[INFO] [1782484763.188254015] [self_driving]: [INIT] init_process started[0m
[self_driving-10] [0m[INFO] [1782484763.188987311] [self_driving]: [INIT] only_line_follow=False[0m
[self_driving-10] [0m[INFO] [1782484763.189644774] [self_driving]: [INIT] request /yolov5/start[0m
[ascamera_node-1] 2026-06-26 14:39:23[INFO] [CameraSrv.cpp] [154] [onAttached] get model type 9
[ascamera_node-1] 2026-06-26 14:39:23[INFO] [CameraSrv.cpp] [342] [getConfigFile] get file: /home/ubuntu/third_party_ros2/third_party_ws/src/ascamera/configurationfiles/hp60c_v2_00_20230704_configEncrypt.json
[ascamera_node-1] 2026-06-26 14:39:23[INFO] [CameraPublisher.cpp] [1501] [logCameraPathInfo] usb camera
[ascamera_node-1] 2026-06-26 14:39:23[INFO] [CameraPublisher.cpp] [1502] [logCameraPathInfo] bnum:1
[ascamera_node-1] 2026-06-26 14:39:23[INFO] [CameraPublisher.cpp] [1503] [logCameraPathInfo] dnum:4
[ascamera_node-1] 2026-06-26 14:39:23[INFO] [CameraPublisher.cpp] [1504] [logCameraPathInfo] port_numbers:2
[ascamera_node-1] 2026-06-26 14:39:23[INFO] [CameraPublisher.cpp] [171] [onCameraAttached] create a new publisher info set
[ascamera_node-1] 2026-06-26 14:39:23[INFO] [TfTreeFrameIdInfo.cpp] [11] [TfTreeFrameIdInfo] Namespace /ascamera
[ascamera_node-1] 2026-06-26 14:39:23[INFO] [CameraHp60c.cpp] [128] [open] according to the configuration file.
[ascamera_node-1] 2026-06-26 14:39:23[INFO] [CameraHp60c.cpp] [1528] [parseConfigFileParameter] moduleName:AS_CAM_HP60C
[ascamera_node-1] 2026-06-26 14:39:23[INFO] [CameraHp60c.cpp] [1555] [parseConfigFileParameter] Parsing config file /home/ubuntu/third_party_ros2/third_party_ws/src/ascamera/configurationfiles/hp60c_v2_00_20230704_configEncrypt.json
[ascamera_node-1] 2026-06-26 14:39:23[INFO] [CameraHp60c.cpp] [1620] [parseConfigFileParameter] configuration protocol Version: v2.x
[ascamera_node-1] 2026-06-26 14:39:23[INFO] [CameraHp60c.cpp] [1631] [parseConfigFileParameter] configuration Version: v2.0.0.20230704
[ascamera_node-1] 2026-06-26 14:39:23[INFO] [CameraHp60c.cpp] [1796] [setParamersAfterOpenCam] Camera confiParaEnable true, setting configuration parameter
[self_driving-10] [33m[WARN] [1782484765.192961292] [self_driving]: [YOLO_SERVICE] service not ready, continue without blocking[0m
[ascamera_node-1] 2026-06-26 14:39:25[ERROR] [XuCmdCameraHp60c.cpp] [454] [getMjpegSize] get mjpeg from xu command failed
[ascamera_node-1] 2026-06-26 14:39:25[INFO] [XuCmdCameraHp60c.cpp] [458] [getMjpegSize] mjpeg size:640x480
[ascamera_node-1] 2026-06-26 14:39:25[INFO] [CameraPublisher.cpp] [356] [onCameraOpen] camera opened
[ascamera_node-1] 2026-06-26 14:39:25[INFO] [CameraPublisher.cpp] [370] [onCameraOpen] get config info, ret 0, is_Registration 1
[ascamera_node-1] 2026-06-26 14:39:25[INFO] [Camera.cpp] [61] [init] #camera[0x55561da6a710] SN[ASC60CF08000515]'s firmware version:DLS_VERc20865=:V01.09_2024110714:V01.19_2024110714:L01
[ascamera_node-1] 2026-06-26 14:39:25[INFO] [CameraPublisher.cpp] [1183] [setResolution] set depth resolution: 640 x 480 @ 15fps
[ascamera_node-1] 2026-06-26 14:39:25[INFO] [CameraPublisher.cpp] [1197] [setResolution] set rgb resolution: 640 x 480 @ 15fps
[ascamera_node-1] 2026-06-26 14:39:25[INFO] [CameraHp60c.cpp] [260] [startStreaming] start streaming
[ascamera_node-1] 2026-06-26 14:39:25[INFO] [CameraSrv.cpp] [202] [onAttached] attached end
[self_driving-10] [0m[INFO] [1782484765.694142014] [self_driving]: [INIT] enter + set_running start[0m
[self_driving-10] [0m[INFO] [1782484765.694820921] [self_driving]: [1;32mself driving enter[0m[0m
[self_driving-10] [0m[INFO] [1782484765.704311865] [self_driving]: [SUB] image=/ascamera/camera_publisher/rgb0/image object=/yolov5_ros2/object_detect[0m
[self_driving-10] [0m[INFO] [1782484765.705731291] [self_driving]: [1;32mset_running[0m[0m
[self_driving-10] [0m[INFO] [1782484765.710772291] [self_driving]: [1;32m[START] hybrid self_driving start: auto LINE_FOLLOW[0m[0m
[INFO] [apply_calib-11]: process started with pid [461759]
[INFO] [complementary_filter_node-12]: process started with pid [461761]
[complementary_filter_node-12] [0m[INFO] [1782484766.450362958] [imu_filter]: Starting ComplementaryFilterROS[0m
[ascamera_node-1] 2026-06-26 14:39:26[INFO] [CameraHp60c.cpp] [912] [setInternalParameter] mjpeg info: size(640x480)
[ascamera_node-1] 2026-06-26 14:39:27[INFO] [Camera.cpp] [127] [backgroundThread] SN [ ASC60CF08000515 ]'s parameter:
[ascamera_node-1] 2026-06-26 14:39:27[INFO] [Camera.cpp] [128] [backgroundThread] irfx: 426.962
[ascamera_node-1] 2026-06-26 14:39:27[INFO] [Camera.cpp] [129] [backgroundThread] irfy: 426.374
[ascamera_node-1] 2026-06-26 14:39:27[INFO] [Camera.cpp] [130] [backgroundThread] ircx: 315.403
[ascamera_node-1] 2026-06-26 14:39:27[INFO] [Camera.cpp] [131] [backgroundThread] ircy: 240.933
[ascamera_node-1] 2026-06-26 14:39:27[INFO] [Camera.cpp] [132] [backgroundThread] rgbfx: 570.48
[ascamera_node-1] 2026-06-26 14:39:27[INFO] [Camera.cpp] [133] [backgroundThread] rgbfy: 569.949
[ascamera_node-1] 2026-06-26 14:39:27[INFO] [Camera.cpp] [134] [backgroundThread] rgbcx: 329.75
[ascamera_node-1] 2026-06-26 14:39:27[INFO] [Camera.cpp] [135] [backgroundThread] rgbcy: 238.406
[ascamera_node-1] 
[ascamera_node-1] 2026-06-26 14:39:27[INFO] [CameraHp60c.cpp] [1149] [streamCallback] set gain ret 0, gain 4
[self_driving-10] [0m[INFO] [1782484767.400036438] [self_driving]: [IMAGE] received count=1 shape=(480, 640, 3) queue=0[0m
[apply_calib-11] [0m[INFO] [1782484767.486270605] [imu_calib]: Calibrating gyros; do not move the IMU[0m
[self_driving-10] [33m[WARN] [1782484767.603557679] [self_driving]: [LANE_LOST] raw_lane_x=-1 lane_x=-1 filter=lost stop=False state=LINE_FOLLOW safe_linear=0.00 right_ready=False right_done=False[0m
[self_driving-10] [0m[INFO] [1782484767.605077901] [self_driving]: [DEBUG_DRIVE] state=LINE_FOLLOW raw_lane_x=-1 lane_x=-1 filter=lost linear=0.30 angular=0.00 cw_y=0 right_done=False start_turn=False count_turn=0 traffic=None stop=False[0m
[self_driving-10] [33m[WARN] [1782484768.114940234] [self_driving]: [LANE_LOST] raw_lane_x=-1 lane_x=-1 filter=lost stop=False state=LINE_FOLLOW safe_linear=0.00 right_ready=False right_done=False[0m
[self_driving-10] [0m[INFO] [1782484768.116107920] [self_driving]: [DEBUG_DRIVE] state=LINE_FOLLOW raw_lane_x=-1 lane_x=-1 filter=lost linear=0.30 angular=0.00 cw_y=0 right_done=False start_turn=False count_turn=0 traffic=None stop=False[0m
[yolo_detect-9] [0m[INFO] [1782484768.118695623] [yolov5_ros2]: Current ROS 2 distribution: humble[0m
[self_driving-10] [33m[WARN] [1782484768.678543253] [self_driving]: [LANE_LOST] raw_lane_x=-1 lane_x=-1 filter=lost stop=False state=LINE_FOLLOW safe_linear=0.00 right_ready=False right_done=False[0m
[self_driving-10] [0m[INFO] [1782484768.679086549] [self_driving]: [DEBUG_DRIVE] state=LINE_FOLLOW raw_lane_x=-1 lane_x=-1 filter=lost linear=0.30 angular=0.00 cw_y=0 right_done=False start_turn=False count_turn=0 traffic=None stop=False[0m
[self_driving-10] [33m[WARN] [1782484769.272647104] [self_driving]: [LANE_LOST] raw_lane_x=-1 lane_x=-1 filter=lost stop=False state=LINE_FOLLOW safe_linear=0.00 right_ready=False right_done=False[0m
[self_driving-10] [0m[INFO] [1782484769.277445289] [self_driving]: [DEBUG_DRIVE] state=LINE_FOLLOW raw_lane_x=-1 lane_x=-1 filter=lost linear=0.30 angular=0.00 cw_y=0 right_done=False start_turn=False count_turn=0 traffic=None stop=False[0m
[self_driving-10] [0m[INFO] [1782484769.402190011] [self_driving]: [IMAGE] received count=26 shape=(480, 640, 3) queue=0[0m
[apply_calib-11] [0m[INFO] [1782484769.550477196] [imu_calib]: Gyro calibration complete! (bias = [-0.143, -0.084, -0.076])[0m
[self_driving-10] [33m[WARN] [1782484769.818140641] [self_driving]: [LANE_LOST] raw_lane_x=-1 lane_x=-1 filter=lost stop=False state=LINE_FOLLOW safe_linear=0.00 right_ready=False right_done=False[0m
[self_driving-10] [0m[INFO] [1782484769.820366585] [self_driving]: [DEBUG_DRIVE] state=LINE_FOLLOW raw_lane_x=-1 lane_x=-1 filter=lost linear=0.30 angular=0.00 cw_y=0 right_done=False start_turn=False count_turn=0 traffic=None stop=False[0m
[self_driving-10] [33m[WARN] [1782484770.378115307] [self_driving]: [LANE_LOST] raw_lane_x=-1 lane_x=-1 filter=lost stop=False state=LINE_FOLLOW safe_linear=0.00 right_ready=False right_done=False[0m
[self_driving-10] [0m[INFO] [1782484770.378727622] [self_driving]: [DEBUG_DRIVE] state=LINE_FOLLOW raw_lane_x=-1 lane_x=-1 filter=lost linear=0.30 angular=0.00 cw_y=0 right_done=False start_turn=False count_turn=0 traffic=None stop=False[0m
[self_driving-10] [33m[WARN] [1782484770.962663103] [self_driving]: [LANE_LOST] raw_lane_x=-1 lane_x=-1 filter=lost stop=False state=LINE_FOLLOW safe_linear=0.00 right_ready=False right_done=False[0m
[self_driving-10] [0m[INFO] [1782484770.965343603] [self_driving]: [DEBUG_DRIVE] state=LINE_FOLLOW raw_lane_x=-1 lane_x=-1 filter=lost linear=0.30 angular=0.00 cw_y=0 right_done=False start_turn=False count_turn=0 traffic=None stop=False[0m
[self_driving-10] [0m[INFO] [1782484771.413544992] [self_driving]: [IMAGE] received count=51 shape=(480, 640, 3) queue=0[0m
[self_driving-10] [33m[WARN] [1782484771.508247084] [self_driving]: [LANE_LOST] raw_lane_x=-1 lane_x=-1 filter=lost stop=False state=LINE_FOLLOW safe_linear=0.00 right_ready=False right_done=False[0m
[self_driving-10] [0m[INFO] [1782484771.510234140] [self_driving]: [DEBUG_DRIVE] state=LINE_FOLLOW raw_lane_x=-1 lane_x=-1 filter=lost linear=0.30 angular=0.00 cw_y=0 right_done=False start_turn=False count_turn=0 traffic=None stop=False[0m
[self_driving-10] [33m[WARN] [1782484772.065275176] [self_driving]: [LANE_LOST] raw_lane_x=-1 lane_x=-1 filter=lost stop=False state=LINE_FOLLOW safe_linear=0.00 right_ready=False right_done=False[0m
[self_driving-10] [0m[INFO] [1782484772.066726213] [self_driving]: [DEBUG_DRIVE] state=LINE_FOLLOW raw_lane_x=-1 lane_x=-1 filter=lost linear=0.30 angular=0.00 cw_y=0 right_done=False start_turn=False count_turn=0 traffic=None stop=False[0m
[self_driving-10] [33m[WARN] [1782484772.565509398] [self_driving]: [LANE_LOST] raw_lane_x=-1 lane_x=-1 filter=lost stop=False state=LINE_FOLLOW safe_linear=0.00 right_ready=False right_done=False[0m
[self_driving-10] [0m[INFO] [1782484772.566134028] [self_driving]: [DEBUG_DRIVE] state=LINE_FOLLOW raw_lane_x=-1 lane_x=-1 filter=lost linear=0.30 angular=0.00 cw_y=0 right_done=False start_turn=False count_turn=0 traffic=None stop=False[0m
[self_driving-10] [33m[WARN] [1782484773.125005231] [self_driving]: [LANE_LOST] raw_lane_x=-1 lane_x=-1 filter=lost stop=False state=LINE_FOLLOW safe_linear=0.00 right_ready=False right_done=False[0m
[self_driving-10] [0m[INFO] [1782484773.131753231] [self_driving]: [DEBUG_DRIVE] state=LINE_FOLLOW raw_lane_x=-1 lane_x=-1 filter=lost linear=0.30 angular=0.00 cw_y=0 right_done=False start_turn=False count_turn=0 traffic=None stop=False[0m
[self_driving-10] [0m[INFO] [1782484773.435986898] [self_driving]: [IMAGE] received count=76 shape=(480, 640, 3) queue=0[0m
[self_driving-10] [33m[WARN] [1782484773.692129898] [self_driving]: [LANE_LOST] raw_lane_x=-1 lane_x=-1 filter=lost stop=False state=LINE_FOLLOW safe_linear=0.00 right_ready=False right_done=False[0m
[self_driving-10] [0m[INFO] [1782484773.693406620] [self_driving]: [DEBUG_DRIVE] state=LINE_FOLLOW raw_lane_x=-1 lane_x=-1 filter=lost linear=0.30 angular=0.00 cw_y=0 right_done=False start_turn=False count_turn=0 traffic=None stop=False[0m
[self_driving-10] [33m[WARN] [1782484774.256888712] [self_driving]: [LANE_LOST] raw_lane_x=-1 lane_x=-1 filter=lost stop=False state=LINE_FOLLOW safe_linear=0.00 right_ready=False right_done=False[0m
[self_driving-10] [0m[INFO] [1782484774.257416527] [self_driving]: [DEBUG_DRIVE] state=LINE_FOLLOW raw_lane_x=-1 lane_x=-1 filter=lost linear=0.30 angular=0.00 cw_y=0 right_done=False start_turn=False count_turn=0 traffic=None stop=False[0m
[self_driving-10] [33m[WARN] [1782484774.814662138] [self_driving]: [LANE_LOST] raw_lane_x=-1 lane_x=-1 filter=lost stop=False state=LINE_FOLLOW safe_linear=0.00 right_ready=False right_done=False[0m
[self_driving-10] [0m[INFO] [1782484774.815167749] [self_driving]: [DEBUG_DRIVE] state=LINE_FOLLOW raw_lane_x=-1 lane_x=-1 filter=lost linear=0.30 angular=0.00 cw_y=0 right_done=False start_turn=False count_turn=0 traffic=None stop=False[0m
[self_driving-10] [33m[WARN] [1782484775.397629989] [self_driving]: [LANE_LOST] raw_lane_x=-1 lane_x=-1 filter=lost stop=False state=LINE_FOLLOW safe_linear=0.00 right_ready=False right_done=False[0m
[self_driving-10] [0m[INFO] [1782484775.398669267] [self_driving]: [DEBUG_DRIVE] state=LINE_FOLLOW raw_lane_x=-1 lane_x=-1 filter=lost linear=0.30 angular=0.00 cw_y=0 right_done=False start_turn=False count_turn=0 traffic=None stop=False[0m
[self_driving-10] [0m[INFO] [1782484775.453904582] [self_driving]: [IMAGE] received count=101 shape=(480, 640, 3) queue=0[0m
[self_driving-10] [33m[WARN] [1782484775.939177711] [self_driving]: [LANE_LOST] raw_lane_x=-1 lane_x=-1 filter=lost stop=False state=LINE_FOLLOW safe_linear=0.00 right_ready=False right_done=False[0m
[self_driving-10] [0m[INFO] [1782484775.942603526] [self_driving]: [DEBUG_DRIVE] state=LINE_FOLLOW raw_lane_x=-1 lane_x=-1 filter=lost linear=0.30 angular=0.00 cw_y=0 right_done=False start_turn=False count_turn=0 traffic=None stop=False[0m
[self_driving-10] [33m[WARN] [1782484776.509760192] [self_driving]: [LANE_LOST] raw_lane_x=-1 lane_x=-1 filter=lost stop=False state=LINE_FOLLOW safe_linear=0.00 right_ready=False right_done=False[0m
[self_driving-10] [0m[INFO] [1782484776.516923748] [self_driving]: [DEBUG_DRIVE] state=LINE_FOLLOW raw_lane_x=-1 lane_x=-1 filter=lost linear=0.30 angular=0.00 cw_y=0 right_done=False start_turn=False count_turn=0 traffic=None stop=False[0m
[self_driving-10] [33m[WARN] [1782484777.019494433] [self_driving]: [LANE_LOST] raw_lane_x=-1 lane_x=-1 filter=lost stop=False state=LINE_FOLLOW safe_linear=0.00 right_ready=False right_done=False[0m
[self_driving-10] [0m[INFO] [1782484777.021771766] [self_driving]: [DEBUG_DRIVE] state=LINE_FOLLOW raw_lane_x=-1 lane_x=-1 filter=lost linear=0.30 angular=0.00 cw_y=0 right_done=False start_turn=False count_turn=0 traffic=None stop=False[0m
[self_driving-10] [0m[INFO] [1782484777.475876544] [self_driving]: [IMAGE] received count=126 shape=(480, 640, 3) queue=0[0m
[self_driving-10] [33m[WARN] [1782484777.570652840] [self_driving]: [LANE_LOST] raw_lane_x=-1 lane_x=-1 filter=lost stop=False state=LINE_FOLLOW safe_linear=0.00 right_ready=False right_done=False[0m
[self_driving-10] [0m[INFO] [1782484777.571200840] [self_driving]: [DEBUG_DRIVE] state=LINE_FOLLOW raw_lane_x=-1 lane_x=-1 filter=lost linear=0.30 angular=0.00 cw_y=0 right_done=False start_turn=False count_turn=0 traffic=None stop=False[0m
[self_driving-10] [33m[WARN] [1782484778.124193136] [self_driving]: [LANE_LOST] raw_lane_x=-1 lane_x=-1 filter=lost stop=False state=LINE_FOLLOW safe_linear=0.00 right_ready=False right_done=False[0m
[self_driving-10] [0m[INFO] [1782484778.124831173] [self_driving]: [DEBUG_DRIVE] state=LINE_FOLLOW raw_lane_x=-1 lane_x=-1 filter=lost linear=0.30 angular=0.00 cw_y=0 right_done=False start_turn=False count_turn=0 traffic=None stop=False[0m
[self_driving-10] [33m[WARN] [1782484778.698225006] [self_driving]: [LANE_LOST] raw_lane_x=-1 lane_x=-1 filter=lost stop=False state=LINE_FOLLOW safe_linear=0.00 right_ready=False right_done=False[0m
[self_driving-10] [0m[INFO] [1782484778.701226672] [self_driving]: [DEBUG_DRIVE] state=LINE_FOLLOW raw_lane_x=-1 lane_x=-1 filter=lost linear=0.30 angular=0.00 cw_y=0 right_done=False start_turn=False count_turn=0 traffic=None stop=False[0m
[self_driving-10] [33m[WARN] [1782484779.256004931] [self_driving]: [LANE_LOST] raw_lane_x=-1 lane_x=-1 filter=lost stop=False state=LINE_FOLLOW safe_linear=0.00 right_ready=False right_done=False[0m
[self_driving-10] [0m[INFO] [1782484779.257710987] [self_driving]: [DEBUG_DRIVE] state=LINE_FOLLOW raw_lane_x=-1 lane_x=-1 filter=lost linear=0.30 angular=0.00 cw_y=0 right_done=False start_turn=False count_turn=0 traffic=None stop=False[0m
[self_driving-10] [0m[INFO] [1782484779.483852505] [self_driving]: [IMAGE] received count=151 shape=(480, 640, 3) queue=0[0m
[self_driving-10] [33m[WARN] [1782484779.809317209] [self_driving]: [LANE_LOST] raw_lane_x=-1 lane_x=-1 filter=lost stop=False state=LINE_FOLLOW safe_linear=0.00 right_ready=False right_done=False[0m
[self_driving-10] [0m[INFO] [1782484779.809821727] [self_driving]: [DEBUG_DRIVE] state=LINE_FOLLOW raw_lane_x=-1 lane_x=-1 filter=lost linear=0.30 angular=0.00 cw_y=0 right_done=False start_turn=False count_turn=0 traffic=None stop=False[0m
[self_driving-10] [33m[WARN] [1782484780.383360801] [self_driving]: [LANE_LOST] raw_lane_x=-1 lane_x=-1 filter=lost stop=False state=LINE_FOLLOW safe_linear=0.00 right_ready=False right_done=False[0m
[self_driving-10] [0m[INFO] [1782484780.383910449] [self_driving]: [DEBUG_DRIVE] state=LINE_FOLLOW raw_lane_x=-1 lane_x=-1 filter=lost linear=0.30 angular=0.00 cw_y=0 right_done=False start_turn=False count_turn=0 traffic=None stop=False[0m
[self_driving-10] [33m[WARN] [1782484780.960862356] [self_driving]: [LANE_LOST] raw_lane_x=-1 lane_x=-1 filter=lost stop=False state=LINE_FOLLOW safe_linear=0.00 right_ready=False right_done=False[0m
[self_driving-10] [0m[INFO] [1782484780.961358004] [self_driving]: [DEBUG_DRIVE] state=LINE_FOLLOW raw_lane_x=-1 lane_x=-1 filter=lost linear=0.30 angular=0.00 cw_y=0 right_done=False start_turn=False count_turn=0 traffic=None stop=False[0m
[self_driving-10] [0m[INFO] [1782484781.518865856] [self_driving]: [IMAGE] received count=176 shape=(480, 640, 3) queue=0[0m
[self_driving-10] [33m[WARN] [1782484781.526762930] [self_driving]: [LANE_LOST] raw_lane_x=-1 lane_x=-1 filter=lost stop=False state=LINE_FOLLOW safe_linear=0.00 right_ready=False right_done=False[0m
[self_driving-10] [0m[INFO] [1782484781.527790171] [self_driving]: [DEBUG_DRIVE] state=LINE_FOLLOW raw_lane_x=-1 lane_x=-1 filter=lost linear=0.30 angular=0.00 cw_y=0 right_done=False start_turn=False count_turn=0 traffic=None stop=False[0m
[self_driving-10] [33m[WARN] [1782484782.065318300] [self_driving]: [LANE_LOST] raw_lane_x=-1 lane_x=-1 filter=lost stop=False state=LINE_FOLLOW safe_linear=0.00 right_ready=False right_done=False[0m
[self_driving-10] [0m[INFO] [1782484782.067376689] [self_driving]: [DEBUG_DRIVE] state=LINE_FOLLOW raw_lane_x=-1 lane_x=-1 filter=lost linear=0.30 angular=0.00 cw_y=0 right_done=False start_turn=False count_turn=0 traffic=None stop=False[0m
[self_driving-10] [33m[WARN] [1782484782.650133152] [self_driving]: [LANE_LOST] raw_lane_x=-1 lane_x=-1 filter=lost stop=False state=LINE_FOLLOW safe_linear=0.00 right_ready=False right_done=False[0m
[self_driving-10] [0m[INFO] [1782484782.653174615] [self_driving]: [DEBUG_DRIVE] state=LINE_FOLLOW raw_lane_x=-1 lane_x=-1 filter=lost linear=0.30 angular=0.00 cw_y=0 right_done=False start_turn=False count_turn=0 traffic=None stop=False[0m
[self_driving-10] [0m[INFO] [1782484783.206299503] [self_driving]: [DEBUG_DRIVE] state=LINE_FOLLOW raw_lane_x=116.0 lane_x=116.0 filter=init linear=0.30 angular=0.10 cw_y=0 right_done=False start_turn=False count_turn=0 traffic=None stop=False[0m
[self_driving-10] [0m[INFO] [1782484783.567533299] [self_driving]: [IMAGE] received count=202 shape=(480, 640, 3) queue=0[0m
[self_driving-10] [33m[WARN] [1782484783.577204373] [self_driving]: [LANE_LOST] raw_lane_x=-1 lane_x=-1 filter=lost stop=False state=LINE_FOLLOW safe_linear=0.00 right_ready=False right_done=False[0m
[self_driving-10] [0m[INFO] [1782484783.775807151] [self_driving]: [DEBUG_DRIVE] state=LINE_FOLLOW raw_lane_x=-1 lane_x=-1 filter=lost linear=0.30 angular=0.00 cw_y=0 right_done=False start_turn=False count_turn=0 traffic=None stop=False[0m
[self_driving-10] [33m[WARN] [1782484784.107680632] [self_driving]: [LANE_LOST] raw_lane_x=-1 lane_x=-1 filter=lost stop=False state=LINE_FOLLOW safe_linear=0.00 right_ready=False right_done=False[0m
[self_driving-10] [0m[INFO] [1782484784.310626928] [self_driving]: [DEBUG_DRIVE] state=LINE_FOLLOW raw_lane_x=-1 lane_x=-1 filter=lost linear=0.30 angular=0.00 cw_y=0 right_done=False start_turn=False count_turn=0 traffic=None stop=False[0m
[self_driving-10] [33m[WARN] [1782484784.654936928] [self_driving]: [LANE_LOST] raw_lane_x=-1 lane_x=-1 filter=lost stop=False state=LINE_FOLLOW safe_linear=0.00 right_ready=False right_done=False[0m
[self_driving-10] [0m[INFO] [1782484784.867293076] [self_driving]: [DEBUG_DRIVE] state=LINE_FOLLOW raw_lane_x=-1 lane_x=-1 filter=lost linear=0.30 angular=0.00 cw_y=0 right_done=False start_turn=False count_turn=0 traffic=None stop=False[0m
[self_driving-10] [33m[WARN] [1782484785.196664891] [self_driving]: [LANE_LOST] raw_lane_x=-1 lane_x=-1 filter=lost stop=False state=LINE_FOLLOW safe_linear=0.00 right_ready=False right_done=False[0m
[self_driving-10] [0m[INFO] [1782484785.379469965] [self_driving]: [DEBUG_DRIVE] state=LINE_FOLLOW raw_lane_x=-1 lane_x=-1 filter=lost linear=0.30 angular=0.00 cw_y=0 right_done=False start_turn=False count_turn=0 traffic=None stop=False[0m
[self_driving-10] [0m[INFO] [1782484785.579473205] [self_driving]: [IMAGE] received count=232 shape=(480, 640, 3) queue=0[0m
[self_driving-10] [33m[WARN] [1782484785.724688150] [self_driving]: [LANE_LOST] raw_lane_x=-1 lane_x=-1 filter=lost stop=False state=LINE_FOLLOW safe_linear=0.00 right_ready=False right_done=False[0m
[self_driving-10] [0m[INFO] [1782484785.918819150] [self_driving]: [DEBUG_DRIVE] state=LINE_FOLLOW raw_lane_x=-1 lane_x=-1 filter=lost linear=0.30 angular=0.00 cw_y=0 right_done=False start_turn=False count_turn=0 traffic=None stop=False[0m
[self_driving-10] [33m[WARN] [1782484786.255169279] [self_driving]: [LANE_LOST] raw_lane_x=-1 lane_x=-1 filter=lost stop=False state=LINE_FOLLOW safe_linear=0.00 right_ready=False right_done=False[0m
[self_driving-10] [0m[INFO] [1782484786.466283372] [self_driving]: [DEBUG_DRIVE] state=LINE_FOLLOW raw_lane_x=-1 lane_x=-1 filter=lost linear=0.30 angular=0.00 cw_y=0 right_done=False start_turn=False count_turn=0 traffic=None stop=False[0m
[self_driving-10] [33m[WARN] [1782484786.812413779] [self_driving]: [LANE_LOST] raw_lane_x=-1 lane_x=-1 filter=lost stop=False state=LINE_FOLLOW safe_linear=0.00 right_ready=False right_done=False[0m
[self_driving-10] [0m[INFO] [1782484786.989854316] [self_driving]: [DEBUG_DRIVE] state=LINE_FOLLOW raw_lane_x=-1 lane_x=57.0 filter=hold_last linear=0.30 angular=0.10 cw_y=0 right_done=False start_turn=False count_turn=0 traffic=None stop=False[0m
[self_driving-10] [0m[INFO] [1782484787.212292297] [self_driving]: [OBJECTS] msg_count=1 n=1 names=['crosswalk'][0m
[self_driving-10] [33m[WARN] [1782484787.325568056] [self_driving]: [LANE_LOST] raw_lane_x=-1 lane_x=-1 filter=lost stop=False state=LINE_FOLLOW safe_linear=0.00 right_ready=False right_done=False[0m
[self_driving-10] [0m[INFO] [1782484787.464788445] [self_driving]: [CROSSWALK_SLOW] y=308 th=180 confirm=4[0m
[self_driving-10] [0m[INFO] [1782484787.525411686] [self_driving]: [DEBUG_DRIVE] state=LINE_FOLLOW raw_lane_x=10.5 lane_x=10.5 filter=stable linear=0.15 angular=0.10 cw_y=308 right_done=False start_turn=False count_turn=0 traffic=None stop=False[0m
[self_driving-10] [0m[INFO] [1782484787.599255167] [self_driving]: [IMAGE] received count=262 shape=(480, 640, 3) queue=0[0m
[self_driving-10] [33m[WARN] [1782484787.802921352] [self_driving]: [LANE_X_JUMP_REJECT] raw=168.0 last=10.5 diff=157.5 candidate=168.0 cnt=1/4[0m
[self_driving-10] [0m[INFO] [1782484788.073225278] [self_driving]: [DEBUG_DRIVE] state=LINE_FOLLOW raw_lane_x=110.0 lane_x=10.5 filter=jump_reject linear=0.15 angular=0.10 cw_y=308 right_done=False start_turn=False count_turn=0 traffic=None stop=False[0m
[self_driving-10] [33m[WARN] [1782484788.540688296] [self_driving]: [LANE_LOST] raw_lane_x=-1 lane_x=-1 filter=lost stop=False state=LINE_FOLLOW safe_linear=0.00 right_ready=False right_done=False[0m
[self_driving-10] [0m[INFO] [1782484788.618308815] [self_driving]: [DEBUG_DRIVE] state=LINE_FOLLOW raw_lane_x=-1 lane_x=-1 filter=lost linear=0.15 angular=0.00 cw_y=308 right_done=False start_turn=False count_turn=0 traffic=None stop=False[0m
[self_driving-10] [33m[WARN] [1782484788.951111111] [self_driving]: [LANE_X_JUMP_REJECT] raw=240.5 last=98.0 diff=142.5 candidate=240.5 cnt=1/4[0m
[self_driving-10] [0m[INFO] [1782484789.144781407] [self_driving]: [DEBUG_DRIVE] state=LINE_FOLLOW raw_lane_x=118.5 lane_x=118.5 filter=stable linear=0.15 angular=-0.10 cw_y=308 right_done=False start_turn=False count_turn=0 traffic=None stop=False[0m
[self_driving-10] [0m[INFO] [1782484789.488625314] [self_driving]: [LANE_X_JUMP_ACCEPT] raw=295.5 last=295.5 cnt=4/4[0m
[self_driving-10] [0m[INFO] [1782484789.628635370] [self_driving]: [IMAGE] received count=292 shape=(480, 640, 3) queue=0[0m
[self_driving-10] [33m[WARN] [1782484789.640788129] [self_driving]: [LANE_X_JUMP_REJECT] raw=217.0 last=306.5 diff=89.5 candidate=217.0 cnt=1/4[0m
[self_driving-10] [0m[INFO] [1782484789.684195370] [self_driving]: [DEBUG_DRIVE] state=LINE_FOLLOW raw_lane_x=81.5 lane_x=306.5 filter=jump_reject linear=0.15 angular=-0.45 cw_y=308 right_done=False start_turn=False count_turn=4 traffic=None stop=False[0m
[self_driving-10] [33m[WARN] [1782484789.957386147] [self_driving]: [LANE_LOST] raw_lane_x=-1 lane_x=-1 filter=lost stop=False state=LINE_FOLLOW safe_linear=0.00 right_ready=False right_done=False[0m
[self_driving-10] [0m[INFO] [1782484790.147344888] [self_driving]: [CROSSWALK_SLOW_DONE] return normal speed[0m
[self_driving-10] [33m[WARN] [1782484790.215624480] [self_driving]: [LANE_X_JUMP_REJECT] raw=132.0 last=303.0 diff=171.0 candidate=132.0 cnt=1/4[0m
[self_driving-10] [0m[INFO] [1782484790.216372647] [self_driving]: [DEBUG_DRIVE] state=LINE_FOLLOW raw_lane_x=132.0 lane_x=303.0 filter=jump_reject linear=0.30 angular=-0.45 cw_y=308 right_done=False start_turn=True count_turn=3 traffic=None stop=False[0m
[self_driving-10] [0m[INFO] [1782484790.427830314] [self_driving]: [CROSSWALK_SLOW] y=308 th=180 confirm=4[0m
[self_driving-10] [33m[WARN] [1782484790.763279739] [self_driving]: [LANE_X_JUMP_REJECT] raw=46.0 last=206.0 diff=160.0 candidate=46.0 cnt=1/4[0m
[self_driving-10] [0m[INFO] [1782484790.766963165] [self_driving]: [DEBUG_DRIVE] state=LINE_FOLLOW raw_lane_x=46.0 lane_x=206.0 filter=jump_reject linear=0.15 angular=-0.45 cw_y=308 right_done=False start_turn=True count_turn=11 traffic=None stop=False[0m
[self_driving-10] [0m[INFO] [1782484791.323313776] [self_driving]: [DEBUG_DRIVE] state=LINE_FOLLOW raw_lane_x=-1 lane_x=158.5 filter=hold_last linear=0.15 angular=0.00 cw_y=308 right_done=False start_turn=True count_turn=0 traffic=None stop=False[0m
[self_driving-10] [33m[WARN] [1782484791.436240943] [self_driving]: [LANE_X_JUMP_REJECT] raw=256.5 last=158.5 diff=98.0 candidate=256.5 cnt=1/4[0m
[self_driving-10] [0m[INFO] [1782484791.629849665] [self_driving]: [IMAGE] received count=322 shape=(480, 640, 3) queue=0[0m
[self_driving-10] [0m[INFO] [1782484791.825615479] [self_driving]: [DEBUG_DRIVE] state=LINE_FOLLOW raw_lane_x=308.0 lane_x=308.0 filter=stable linear=0.15 angular=-0.45 cw_y=308 right_done=False start_turn=True count_turn=5 traffic=None stop=False[0m
[self_driving-10] [33m[WARN] [1782484791.963232368] [self_driving]: [LANE_X_JUMP_REJECT] raw=211.0 last=308.0 diff=97.0 candidate=211.0 cnt=1/4[0m
[self_driving-10] [0m[INFO] [1782484792.379021146] [self_driving]: [DEBUG_DRIVE] state=LINE_FOLLOW raw_lane_x=296.0 lane_x=161.5 filter=jump_reject linear=0.15 angular=-0.10 cw_y=308 right_done=False start_turn=False count_turn=0 traffic=None stop=False[0m
[self_driving-10] [33m[WARN] [1782484792.519075349] [self_driving]: [LANE_X_JUMP_REJECT] raw=277.5 last=161.5 diff=116.0 candidate=296.0 cnt=3/4[0m
[self_driving-10] [0m[INFO] [1782484792.914058164] [self_driving]: [DEBUG_DRIVE] state=LINE_FOLLOW raw_lane_x=221.5 lane_x=221.5 filter=stable linear=0.15 angular=-0.45 cw_y=308 right_done=False start_turn=False count_turn=1 traffic=None stop=False[0m
[self_driving-10] [0m[INFO] [1782484793.003058571] [self_driving]: [OBJECTS] msg_count=3 n=1 names=['crosswalk'][0m
[self_driving-10] [33m[WARN] [1782484793.116384127] [self_driving]: [LANE_X_JUMP_REJECT] raw=276.0 last=186.5 diff=89.5 candidate=276.0 cnt=1/4[0m
[self_driving-10] [0m[INFO] [1782484793.117028016] [self_driving]: [CROSSWALK_SLOW_DONE] return normal speed[0m
[self_driving-10] [0m[INFO] [1782484793.383287941] [self_driving]: [CROSSWALK_SLOW] y=372 th=180 confirm=4[0m
[self_driving-10] [0m[INFO] [1782484793.457748071] [self_driving]: [DEBUG_DRIVE] state=LINE_FOLLOW raw_lane_x=248.5 lane_x=118.0 filter=jump_reject linear=0.15 angular=0.10 cw_y=372 right_done=False start_turn=False count_turn=0 traffic=None stop=False[0m
[self_driving-10] [0m[INFO] [1782484793.639511756] [self_driving]: [IMAGE] received count=352 shape=(480, 640, 3) queue=0[0m
[self_driving-10] [0m[INFO] [1782484793.720403701] [self_driving]: [OBJECTS] msg_count=5 n=1 names=['crosswalk'][0m
[self_driving-10] [0m[INFO] [1782484793.972121441] [self_driving]: [CROSSWALK_IGNORE] y=10 < th=180[0m
[self_driving-10] [0m[INFO] [1782484793.973595682] [self_driving]: [DEBUG_DRIVE] state=LINE_FOLLOW raw_lane_x=63.0 lane_x=63.0 filter=stable linear=0.15 angular=0.10 cw_y=10 right_done=False start_turn=False count_turn=0 traffic=None stop=False[0m
[self_driving-10] [0m[INFO] [1782484794.527067496] [self_driving]: [CROSSWALK_IGNORE] y=10 < th=180[0m
[self_driving-10] [0m[INFO] [1782484794.527729107] [self_driving]: [DEBUG_DRIVE] state=LINE_FOLLOW raw_lane_x=85.5 lane_x=85.5 filter=stable linear=0.15 angular=0.10 cw_y=10 right_done=False start_turn=False count_turn=0 traffic=None stop=False[0m
[self_driving-10] [0m[INFO] [1782484795.072142403] [self_driving]: [CROSSWALK_IGNORE] y=10 < th=180[0m
[self_driving-10] [0m[INFO] [1782484795.073455829] [self_driving]: [DEBUG_DRIVE] state=LINE_FOLLOW raw_lane_x=163.0 lane_x=163.0 filter=stable linear=0.15 angular=-0.10 cw_y=10 right_done=False start_turn=False count_turn=0 traffic=None stop=False[0m
[self_driving-10] [0m[INFO] [1782484795.603476848] [self_driving]: [CROSSWALK_IGNORE] y=10 < th=180[0m
[self_driving-10] [0m[INFO] [1782484795.604536125] [self_driving]: [DEBUG_DRIVE] state=LINE_FOLLOW raw_lane_x=196.0 lane_x=196.0 filter=stable linear=0.15 angular=-0.10 cw_y=10 right_done=False start_turn=False count_turn=0 traffic=None stop=False[0m
[self_driving-10] [0m[INFO] [1782484795.653409366] [self_driving]: [IMAGE] received count=382 shape=(480, 640, 3) queue=0[0m
[self_driving-10] [33m[WARN] [1782484795.933698181] [self_driving]: [LANE_X_JUMP_REJECT] raw=65.5 last=248.0 diff=182.5 candidate=65.5 cnt=1/4[0m
[self_driving-10] [0m[INFO] [1782484796.065442995] [self_driving]: [CROSSWALK_SLOW_DONE] return normal speed[0m
[self_driving-10] [0m[INFO] [1782484796.137469144] [self_driving]: [CROSSWALK_IGNORE] y=10 < th=180[0m
[self_driving-10] [0m[INFO] [1782484796.138150940] [self_driving]: [DEBUG_DRIVE] state=LINE_FOLLOW raw_lane_x=159.5 lane_x=248.0 filter=jump_reject linear=0.30 angular=-0.45 cw_y=10 right_done=False start_turn=True count_turn=2 traffic=None stop=False[0m
[self_driving-10] [0m[INFO] [1782484796.208990958] [self_driving]: [LANE_X_JUMP_ACCEPT] raw=159.5 last=159.5 cnt=4/4[0m
[self_driving-10] [33m[WARN] [1782484796.487743217] [self_driving]: [LANE_X_JUMP_REJECT] raw=287.0 last=203.0 diff=84.0 candidate=287.0 cnt=1/4[0m
[self_driving-10] [0m[INFO] [1782484796.671738069] [self_driving]: [CROSSWALK_IGNORE] y=10 < th=180[0m
[self_driving-10] [0m[INFO] [1782484796.672597032] [self_driving]: [DEBUG_DRIVE] state=LINE_FOLLOW raw_lane_x=-1 lane_x=185.5 filter=hold_last linear=0.30 angular=0.00 cw_y=10 right_done=False start_turn=True count_turn=0 traffic=None stop=False[0m
[self_driving-10] [33m[WARN] [1782484797.006983921] [self_driving]: [LANE_LOST] raw_lane_x=-1 lane_x=-1 filter=lost stop=False state=LINE_FOLLOW safe_linear=0.00 right_ready=False right_done=False[0m
[self_driving-10] [0m[INFO] [1782484797.206878328] [self_driving]: [CROSSWALK_IGNORE] y=10 < th=180[0m
[self_driving-10] [0m[INFO] [1782484797.209394698] [self_driving]: [DEBUG_DRIVE] state=LINE_FOLLOW raw_lane_x=-1 lane_x=-1 filter=lost linear=0.30 angular=0.00 cw_y=10 right_done=False start_turn=True count_turn=0 traffic=None stop=False[0m
[self_driving-10] [33m[WARN] [1782484797.548931291] [self_driving]: [LANE_LOST] raw_lane_x=-1 lane_x=-1 filter=lost stop=False state=LINE_FOLLOW safe_linear=0.00 right_ready=False right_done=False[0m
[self_driving-10] [0m[INFO] [1782484797.678603032] [self_driving]: [IMAGE] received count=412 shape=(480, 640, 3) queue=0[0m
[self_driving-10] [0m[INFO] [1782484797.751415328] [self_driving]: [CROSSWALK_IGNORE] y=10 < th=180[0m
[self_driving-10] [0m[INFO] [1782484797.755306865] [self_driving]: [DEBUG_DRIVE] state=LINE_FOLLOW raw_lane_x=-1 lane_x=-1 filter=lost linear=0.30 angular=0.00 cw_y=10 right_done=False start_turn=True count_turn=0 traffic=None stop=False[0m
[self_driving-10] [0m[INFO] [1782484797.767731809] [self_driving]: [OBJECTS] msg_count=6 n=1 names=['crosswalk'][0m
[self_driving-10] [0m[INFO] [1782484798.013581957] [self_driving]: [CROSSWALK_SLOW] y=262 th=180 confirm=4[0m
[self_driving-10] [33m[WARN] [1782484798.122242642] [self_driving]: [LANE_LOST] raw_lane_x=-1 lane_x=-1 filter=lost stop=False state=LINE_FOLLOW safe_linear=0.00 right_ready=False right_done=False[0m
[self_driving-10] [0m[INFO] [1782484798.262997346] [self_driving]: [DEBUG_DRIVE] state=LINE_FOLLOW raw_lane_x=-1 lane_x=-1 filter=lost linear=0.15 angular=0.00 cw_y=262 right_done=False start_turn=True count_turn=0 traffic=None stop=False[0m
[self_driving-10] [33m[WARN] [1782484798.667812809] [self_driving]: [LANE_LOST] raw_lane_x=-1 lane_x=-1 filter=lost stop=False state=LINE_FOLLOW safe_linear=0.00 right_ready=False right_done=False[0m
[self_driving-10] [0m[INFO] [1782484798.764427920] [self_driving]: [DEBUG_DRIVE] state=LINE_FOLLOW raw_lane_x=-1 lane_x=-1 filter=lost linear=0.15 angular=0.00 cw_y=262 right_done=False start_turn=True count_turn=0 traffic=None stop=False[0m
[self_driving-10] [33m[WARN] [1782484798.988624420] [self_driving]: [LANE_X_JUMP_REJECT] raw=100.5 last=185.5 diff=85.0 candidate=100.5 cnt=1/4[0m
[self_driving-10] [0m[INFO] [1782484799.310330456] [self_driving]: [DEBUG_DRIVE] state=LINE_FOLLOW raw_lane_x=74.5 lane_x=185.5 filter=jump_reject linear=0.15 angular=-0.10 cw_y=262 right_done=False start_turn=False count_turn=0 traffic=None stop=False[0m
[self_driving-10] [0m[INFO] [1782484799.551288975] [self_driving]: [LANE_X_JUMP_ACCEPT] raw=45.5 last=45.5 cnt=4/4[0m
[self_driving-10] [0m[INFO] [1782484799.717344419] [self_driving]: [IMAGE] received count=438 shape=(480, 640, 3) queue=0[0m
[self_driving-10] [0m[INFO] [1782484799.884146456] [self_driving]: [DEBUG_DRIVE] state=LINE_FOLLOW raw_lane_x=50.0 lane_x=50.0 filter=stable linear=0.15 angular=0.10 cw_y=262 right_done=False start_turn=False count_turn=0 traffic=None stop=False[0m
[self_driving-10] [0m[INFO] [1782484800.326677178] [self_driving]: [OBJECTS] msg_count=7 n=1 names=['crosswalk'][0m
[self_driving-10] [0m[INFO] [1782484800.431284697] [self_driving]: [DEBUG_DRIVE] state=LINE_FOLLOW raw_lane_x=43.0 lane_x=43.0 filter=stable linear=0.15 angular=0.10 cw_y=406 right_done=False start_turn=False count_turn=0 traffic=None stop=False[0m
[self_driving-10] [0m[INFO] [1782484800.691221215] [self_driving]: [CROSSWALK_SLOW_DONE] return normal speed[0m
[self_driving-10] [0m[INFO] [1782484800.975228252] [self_driving]: [OBJECTS] msg_count=10 n=1 names=['crosswalk'][0m
[self_driving-10] [0m[INFO] [1782484800.980488141] [self_driving]: [TRAFFIC_CANDIDATE] name=green valid=False cx=591 cy=102 area=1178 score=0.40 min_area=800[0m
[self_driving-10] [0m[INFO] [1782484801.015712326] [self_driving]: [DEBUG_DRIVE] state=LINE_FOLLOW raw_lane_x=76.5 lane_x=76.5 filter=stable linear=0.30 angular=0.10 cw_y=0 right_done=False start_turn=False count_turn=0 traffic=None stop=False[0m
[self_driving-10] [0m[INFO] [1782484801.573401751] [self_driving]: [CROSSWALK_IGNORE] y=129 < th=180[0m
[self_driving-10] [0m[INFO] [1782484801.574841474] [self_driving]: [DEBUG_DRIVE] state=LINE_FOLLOW raw_lane_x=158.5 lane_x=158.5 filter=stable linear=0.30 angular=-0.10 cw_y=129 right_done=False start_turn=False count_turn=0 traffic=None stop=False[0m
[self_driving-10] [0m[INFO] [1782484801.617182788] [self_driving]: [OBJECTS] msg_count=15 n=1 names=['crosswalk'][0m
[self_driving-10] [0m[INFO] [1782484801.727020659] [self_driving]: [IMAGE] received count=463 shape=(480, 640, 3) queue=0[0m
[self_driving-10] [0m[INFO] [1782484801.908733344] [self_driving]: [CROSSWALK_SLOW] y=448 th=180 confirm=4[0m
[self_driving-10] [0m[INFO] [1782484802.134023288] [self_driving]: [DEBUG_DRIVE] state=LINE_FOLLOW raw_lane_x=182.0 lane_x=182.0 filter=stable linear=0.15 angular=-0.10 cw_y=218 right_done=False start_turn=False count_turn=0 traffic=None stop=False[0m
[self_driving-10] [0m[INFO] [1782484802.330677566] [self_driving]: [OBJECTS] msg_count=20 n=1 names=['go'][0m
[self_driving-10] [0m[INFO] [1782484802.719831899] [self_driving]: [DEBUG_DRIVE] state=LINE_FOLLOW raw_lane_x=149.5 lane_x=149.5 filter=stable linear=0.15 angular=-0.10 cw_y=268 right_done=False start_turn=False count_turn=0 traffic=None stop=False[0m
[self_driving-10] [0m[INFO] [1782484802.979455473] [self_driving]: [OBJECTS] msg_count=24 n=1 names=['go'][0m
[self_driving-10] [0m[INFO] [1782484803.265637510] [self_driving]: [DEBUG_DRIVE] state=LINE_FOLLOW raw_lane_x=118.0 lane_x=118.0 filter=stable linear=0.15 angular=0.10 cw_y=300 right_done=False start_turn=False count_turn=0 traffic=None stop=False[0m
[self_driving-10] [0m[INFO] [1782484803.618625195] [self_driving]: [OBJECTS] msg_count=28 n=1 names=['crosswalk'][0m
[self_driving-10] [0m[INFO] [1782484803.732100843] [self_driving]: [IMAGE] received count=488 shape=(480, 640, 3) queue=0[0m
[self_driving-10] [0m[INFO] [1782484803.827261380] [self_driving]: [DEBUG_DRIVE] state=LINE_FOLLOW raw_lane_x=129.0 lane_x=129.0 filter=stable linear=0.15 angular=0.10 cw_y=0 right_done=False start_turn=False count_turn=0 traffic=None stop=False[0m
[self_driving-10] [0m[INFO] [1782484804.317410305] [self_driving]: [OBJECTS] msg_count=32 n=1 names=['crosswalk'][0m
[self_driving-10] [0m[INFO] [1782484804.404573046] [self_driving]: [DEBUG_DRIVE] state=LINE_FOLLOW raw_lane_x=129.0 lane_x=129.0 filter=stable linear=0.15 angular=0.10 cw_y=439 right_done=False start_turn=False count_turn=0 traffic=None stop=False[0m
[self_driving-10] [0m[INFO] [1782484804.640030287] [self_driving]: [CROSSWALK_SLOW_DONE] return normal speed[0m
[self_driving-10] [0m[INFO] [1782484804.976915823] [self_driving]: [CROSSWALK_SLOW] y=439 th=180 confirm=4[0m
[self_driving-10] [0m[INFO] [1782484804.981209453] [self_driving]: [DEBUG_DRIVE] state=LINE_FOLLOW raw_lane_x=151.0 lane_x=151.0 filter=stable linear=0.15 angular=-0.10 cw_y=439 right_done=False start_turn=False count_turn=0 traffic=None stop=False[0m
[self_driving-10] [0m[INFO] [1782484805.534931471] [self_driving]: [DEBUG_DRIVE] state=LINE_FOLLOW raw_lane_x=140.0 lane_x=140.0 filter=stable linear=0.15 angular=-0.10 cw_y=439 right_done=False start_turn=False count_turn=0 traffic=None stop=False[0m
[self_driving-10] [0m[INFO] [1782484805.750247101] [self_driving]: [IMAGE] received count=513 shape=(480, 640, 3) queue=0[0m
[self_driving-10] [0m[INFO] [1782484806.086756897] [self_driving]: [DEBUG_DRIVE] state=LINE_FOLLOW raw_lane_x=128.5 lane_x=128.5 filter=stable linear=0.15 angular=-0.10 cw_y=439 right_done=False start_turn=False count_turn=0 traffic=None stop=False[0m
[self_driving-10] [0m[INFO] [1782484806.668363767] [self_driving]: [DEBUG_DRIVE] state=LINE_FOLLOW raw_lane_x=155.0 lane_x=155.0 filter=stable linear=0.15 angular=-0.10 cw_y=439 right_done=False start_turn=False count_turn=0 traffic=None stop=False[0m
[self_driving-10] [0m[INFO] [1782484807.209452767] [self_driving]: [DEBUG_DRIVE] state=LINE_FOLLOW raw_lane_x=201.0 lane_x=201.0 filter=stable linear=0.15 angular=-0.45 cw_y=439 right_done=False start_turn=False count_turn=1 traffic=None stop=False[0m
[self_driving-10] [0m[INFO] [1782484807.689884896] [self_driving]: [CROSSWALK_SLOW_DONE] return normal speed[0m
[self_driving-10] [0m[INFO] [1782484807.759746526] [self_driving]: [IMAGE] received count=538 shape=(480, 640, 3) queue=0[0m
[self_driving-10] [0m[INFO] [1782484807.766185340] [self_driving]: [DEBUG_DRIVE] state=LINE_FOLLOW raw_lane_x=231.0 lane_x=231.0 filter=stable linear=0.30 angular=-0.45 cw_y=439 right_done=False start_turn=True count_turn=2 traffic=None stop=False[0m
[self_driving-10] [33m[WARN] [1782484807.950962896] [self_driving]: [LANE_X_JUMP_REJECT] raw=107.0 last=284.0 diff=177.0 candidate=107.0 cnt=1/4[0m
[self_driving-10] [0m[INFO] [1782484808.014590562] [self_driving]: [CROSSWALK_SLOW] y=439 th=180 confirm=4[0m
[self_driving-10] [0m[INFO] [1782484808.277888155] [self_driving]: [DEBUG_DRIVE] state=LINE_FOLLOW raw_lane_x=229.0 lane_x=229.0 filter=stable linear=0.15 angular=-0.45 cw_y=439 right_done=False start_turn=True count_turn=8 traffic=None stop=False[0m
[self_driving-10] [0m[INFO] [1782484808.841779506] [self_driving]: [DEBUG_DRIVE] state=LINE_FOLLOW raw_lane_x=281.5 lane_x=281.5 filter=stable linear=0.15 angular=-0.45 cw_y=439 right_done=False start_turn=True count_turn=15 traffic=None stop=False[0m
[self_driving-10] [0m[INFO] [1782484809.396231617] [self_driving]: [DEBUG_DRIVE] state=LINE_FOLLOW raw_lane_x=277.0 lane_x=277.0 filter=stable linear=0.15 angular=-0.45 cw_y=439 right_done=False start_turn=True count_turn=22 traffic=None stop=False[0m
[self_driving-10] [0m[INFO] [1782484809.788397654] [self_driving]: [IMAGE] received count=563 shape=(480, 640, 3) queue=0[0m
[self_driving-10] [0m[INFO] [1782484809.953527469] [self_driving]: [DEBUG_DRIVE] state=LINE_FOLLOW raw_lane_x=289.5 lane_x=289.5 filter=stable linear=0.15 angular=-0.45 cw_y=439 right_done=False start_turn=True count_turn=29 traffic=None stop=False[0m
[self_driving-10] [0m[INFO] [1782484810.512227191] [self_driving]: [DEBUG_DRIVE] state=LINE_FOLLOW raw_lane_x=177.5 lane_x=177.5 filter=stable linear=0.15 angular=-0.10 cw_y=439 right_done=False start_turn=False count_turn=0 traffic=None stop=False[0m
[self_driving-10] [0m[INFO] [1782484810.682931024] [self_driving]: [CROSSWALK_SLOW_DONE] return normal speed[0m
[self_driving-10] [0m[INFO] [1782484810.872363987] [self_driving]: [OBJECTS] msg_count=33 n=1 names=['crosswalk'][0m
[self_driving-10] [0m[INFO] [1782484811.009857375] [self_driving]: [CROSSWALK_SLOW] y=216 th=180 confirm=4[0m
[self_driving-10] [0m[INFO] [1782484811.076794190] [self_driving]: [DEBUG_DRIVE] state=LINE_FOLLOW raw_lane_x=133.5 lane_x=133.5 filter=stable linear=0.15 angular=0.10 cw_y=216 right_done=False start_turn=False count_turn=0 traffic=None stop=False[0m
[self_driving-10] [0m[INFO] [1782484811.523058764] [self_driving]: [OBJECTS] msg_count=35 n=1 names=['crosswalk'][0m
[self_driving-10] [0m[INFO] [1782484811.587167560] [self_driving]: [DEBUG_DRIVE] state=LINE_FOLLOW raw_lane_x=135.5 lane_x=135.5 filter=stable linear=0.15 angular=-0.10 cw_y=219 right_done=False start_turn=False count_turn=0 traffic=None stop=False[0m
[self_driving-10] [0m[INFO] [1782484811.810387523] [self_driving]: [IMAGE] received count=588 shape=(480, 640, 3) queue=0[0m
[self_driving-10] [0m[INFO] [1782484811.856444375] [self_driving]: [RIGHT_CANDIDATE] valid=False reject=['small_area'] cnt=0 cx=245 cy=125 area=884 score=0.86 done=False[0m
[self_driving-10] [0m[INFO] [1782484812.137292467] [self_driving]: [DEBUG_DRIVE] state=LINE_FOLLOW raw_lane_x=129.0 lane_x=129.0 filter=stable linear=0.15 angular=-0.10 cw_y=186 right_done=False start_turn=False count_turn=0 traffic=None stop=False[0m
[self_driving-10] [0m[INFO] [1782484812.174606560] [self_driving]: [OBJECTS] msg_count=39 n=1 names=['crosswalk'][0m
[self_driving-10] [0m[INFO] [1782484812.176653856] [self_driving]: [RIGHT_CANDIDATE] valid=False reject=['small_area'] cnt=0 cx=236 cy=118 area=1120 score=0.85 done=False[0m
[self_driving-10] [0m[INFO] [1782484812.514089004] [self_driving]: [RIGHT_CANDIDATE] valid=False reject=['small_area'] cnt=0 cx=227 cy=117 area=1189 score=0.87 done=False[0m
[self_driving-10] [0m[INFO] [1782484812.706977782] [self_driving]: [DEBUG_DRIVE] state=LINE_FOLLOW raw_lane_x=141.0 lane_x=141.0 filter=stable linear=0.15 angular=-0.10 cw_y=188 right_done=False start_turn=False count_turn=0 traffic=None stop=False[0m
[self_driving-10] [0m[INFO] [1782484812.852383430] [self_driving]: [OBJECTS] msg_count=46 n=1 names=['crosswalk'][0m
[self_driving-10] [0m[INFO] [1782484812.854071300] [self_driving]: [RIGHT_CANDIDATE] valid=True reject=[] cnt=0 cx=199 cy=116 area=1395 score=0.84 done=False[0m
[self_driving-10] [0m[INFO] [1782484813.163551041] [self_driving]: [RIGHT_CANDIDATE] valid=True reject=[] cnt=1 cx=201 cy=115 area=1472 score=0.85 done=False[0m
[self_driving-10] [0m[INFO] [1782484813.164475170] [self_driving]: [RIGHT_READY] cx=201 cy=115 area=1472 score=0.85[0m
[self_driving-10] [0m[INFO] [1782484813.204474226] [self_driving]: [RIGHT_TRIGGER] enter ARROW_SIGNAL lane_x=129.0 raw_lane_x=129.0 filter=stable cw_y=192 candidate={'cx': 201, 'cy': 115, 'area': 1472, 'score': 0.8500000238418579}[0m
[self_driving-10] [0m[INFO] [1782484813.205992837] [self_driving]: [1;36m[FSM] LINE_FOLLOW -> ARROW_SIGNAL[0m[0m
[self_driving-10] [0m[INFO] [1782484813.263029763] [self_driving]: [ARROW_SIGNAL] waiting elapsed=0.06/3.00 direction=right[0m
[self_driving-10] [0m[INFO] [1782484813.470509078] [self_driving]: [OBJECTS] msg_count=52 n=1 names=['crosswalk'][0m
[self_driving-10] [0m[INFO] [1782484813.472212726] [self_driving]: [RIGHT_CANDIDATE] valid=True reject=[] cnt=0 cx=194 cy=113 area=1504 score=0.85 done=False[0m
[self_driving-10] [0m[INFO] [1782484813.800359189] [self_driving]: [RIGHT_CANDIDATE] valid=True reject=[] cnt=1 cx=195 cy=112 area=1700 score=0.86 done=False[0m
[self_driving-10] [0m[INFO] [1782484813.801060614] [self_driving]: [RIGHT_READY] cx=195 cy=112 area=1700 score=0.86[0m
[self_driving-10] [0m[INFO] [1782484813.832802040] [self_driving]: [IMAGE] received count=613 shape=(480, 640, 3) queue=0[0m
[self_driving-10] [0m[INFO] [1782484813.837898152] [self_driving]: [ARROW_SIGNAL] waiting elapsed=0.63/3.00 direction=right[0m
[self_driving-10] [0m[INFO] [1782484814.118721411] [self_driving]: [OBJECTS] msg_count=58 n=1 names=['crosswalk'][0m
[self_driving-10] [0m[INFO] [1782484814.121956207] [self_driving]: [RIGHT_CANDIDATE] valid=True reject=[] cnt=0 cx=172 cy=110 area=2067 score=0.87 done=False[0m
[self_driving-10] [0m[INFO] [1782484814.387477355] [self_driving]: [ARROW_SIGNAL] waiting elapsed=1.18/3.00 direction=right[0m
[self_driving-10] [0m[INFO] [1782484814.430054818] [self_driving]: [RIGHT_CANDIDATE] valid=True reject=[] cnt=1 cx=143 cy=108 area=2508 score=0.86 done=False[0m
[self_driving-10] [0m[INFO] [1782484814.431233614] [self_driving]: [RIGHT_READY] cx=143 cy=108 area=2508 score=0.86[0m
[self_driving-10] [0m[INFO] [1782484814.786216484] [self_driving]: [OBJECTS] msg_count=64 n=1 names=['crosswalk'][0m
[self_driving-10] [0m[INFO] [1782484814.788720614] [self_driving]: [RIGHT_CANDIDATE] valid=True reject=[] cnt=0 cx=131 cy=108 area=2610 score=0.91 done=False[0m
[self_driving-10] [0m[INFO] [1782484814.952792966] [self_driving]: [ARROW_SIGNAL] waiting elapsed=1.75/3.00 direction=right[0m
[self_driving-10] [0m[INFO] [1782484815.089290336] [self_driving]: [RIGHT_CANDIDATE] valid=True reject=[] cnt=1 cx=132 cy=108 area=2552 score=0.91 done=False[0m
[self_driving-10] [0m[INFO] [1782484815.090161206] [self_driving]: [RIGHT_READY] cx=132 cy=108 area=2552 score=0.91[0m
[self_driving-10] [0m[INFO] [1782484815.407298910] [self_driving]: [OBJECTS] msg_count=69 n=1 names=['crosswalk'][0m
[self_driving-10] [0m[INFO] [1782484815.410357169] [self_driving]: [RIGHT_CANDIDATE] valid=True reject=[] cnt=0 cx=131 cy=108 area=2610 score=0.91 done=False[0m
[self_driving-10] [0m[INFO] [1782484815.533150688] [self_driving]: [ARROW_SIGNAL] waiting elapsed=2.32/3.00 direction=right[0m
[self_driving-10] [0m[INFO] [1782484815.733285873] [self_driving]: [RIGHT_CANDIDATE] valid=True reject=[] cnt=1 cx=131 cy=108 area=2610 score=0.91 done=False[0m
[self_driving-10] [0m[INFO] [1782484815.733814058] [self_driving]: [RIGHT_READY] cx=131 cy=108 area=2610 score=0.91[0m
[self_driving-10] [0m[INFO] [1782484815.845520595] [self_driving]: [IMAGE] received count=638 shape=(480, 640, 3) queue=0[0m
[self_driving-10] [0m[INFO] [1782484816.064860484] [self_driving]: [OBJECTS] msg_count=75 n=1 names=['crosswalk'][0m
[self_driving-10] [0m[INFO] [1782484816.093973669] [self_driving]: [ARROW_SIGNAL] waiting elapsed=2.89/3.00 direction=right[0m
[self_driving-10] [0m[INFO] [1782484816.233209687] [self_driving]: [ARROW_SIGNAL] done elapsed=3.03 -> INTERSECTION direction=right[0m
[self_driving-10] [0m[INFO] [1782484816.235230280] [self_driving]: [1;36m[FSM] ARROW_SIGNAL -> INTERSECTION[0m[0m
[self_driving-10] [0m[INFO] [1782484816.382197724] [self_driving]: [RIGHT_CANDIDATE] valid=True reject=[] cnt=0 cx=132 cy=108 area=2552 score=0.91 done=False[0m
[self_driving-10] [0m[INFO] [1782484816.651790668] [self_driving]: [RIGHT_TURN] elapsed=0.42 cmd=(0.10,-0.50) lane_x=79.5[0m
[self_driving-10] [0m[INFO] [1782484816.729550039] [self_driving]: [OBJECTS] msg_count=80 n=1 names=['right'][0m
[self_driving-10] [0m[INFO] [1782484816.735252261] [self_driving]: [RIGHT_CANDIDATE] valid=True reject=[] cnt=1 cx=131 cy=108 area=2610 score=0.91 done=False[0m
[self_driving-10] [0m[INFO] [1782484816.739790816] [self_driving]: [RIGHT_READY] cx=131 cy=108 area=2610 score=0.91[0m
[self_driving-10] [0m[INFO] [1782484817.082528594] [self_driving]: [RIGHT_CANDIDATE] valid=True reject=[] cnt=0 cx=131 cy=108 area=2610 score=0.91 done=False[0m
[self_driving-10] [0m[INFO] [1782484817.214281075] [self_driving]: [RIGHT_TURN] elapsed=0.98 cmd=(0.10,-0.50) lane_x=-1[0m
[self_driving-10] [0m[INFO] [1782484817.420882242] [self_driving]: [OBJECTS] msg_count=85 n=1 names=['crosswalk'][0m
[self_driving-10] [0m[INFO] [1782484817.788926631] [self_driving]: [RIGHT_TURN] elapsed=1.54 cmd=(0.10,-0.50) lane_x=-1[0m
[self_driving-10] [0m[INFO] [1782484817.893378501] [self_driving]: [IMAGE] received count=665 shape=(480, 640, 3) queue=0[0m
[self_driving-10] [0m[INFO] [1782484818.034895834] [self_driving]: [1;36m[FSM] INTERSECTION -> LINE_FOLLOW[0m[0m
[self_driving-10] [0m[INFO] [1782484818.037347556] [self_driving]: [RIGHT_TURN] done elapsed=1.80 lane_x=-1 -> LINE_FOLLOW[0m
[self_driving-10] [0m[INFO] [1782484818.100823464] [self_driving]: [OBJECTS] msg_count=89 n=1 names=['crosswalk'][0m
[self_driving-10] [0m[INFO] [1782484818.106108316] [self_driving]: [RIGHT_TRIGGER] enter ARROW_SIGNAL lane_x=-1 raw_lane_x=-1 filter=lost cw_y=387 candidate={'cx': 131, 'cy': 108, 'area': 2610, 'score': 0.9100000262260437}[0m
[self_driving-10] [0m[INFO] [1782484818.107138130] [self_driving]: [1;36m[FSM] LINE_FOLLOW -> ARROW_SIGNAL[0m[0m
[self_driving-10] [0m[INFO] [1782484818.306583853] [self_driving]: [ARROW_SIGNAL] waiting elapsed=0.20/3.00 direction=right[0m
[self_driving-10] [0m[INFO] [1782484818.741694926] [self_driving]: [OBJECTS] msg_count=92 n=1 names=['crosswalk'][0m
[self_driving-10] [0m[INFO] [1782484818.843030519] [self_driving]: [ARROW_SIGNAL] waiting elapsed=0.74/3.00 direction=right[0m
[self_driving-10] [0m[INFO] [1782484819.388199204] [self_driving]: [ARROW_SIGNAL] waiting elapsed=1.28/3.00 direction=right[0m
[self_driving-10] [0m[INFO] [1782484819.912325278] [self_driving]: [IMAGE] received count=695 shape=(480, 640, 3) queue=0[0m
[self_driving-10] [0m[INFO] [1782484819.913556592] [self_driving]: [ARROW_SIGNAL] waiting elapsed=1.81/3.00 direction=right[0m
[self_driving-10] [0m[INFO] [1782484820.471047499] [self_driving]: [ARROW_SIGNAL] waiting elapsed=2.36/3.00 direction=right[0m
[self_driving-10] [0m[INFO] [1782484820.978381555] [self_driving]: [ARROW_SIGNAL] waiting elapsed=2.87/3.00 direction=right[0m
[self_driving-10] [0m[INFO] [1782484821.125789018] [self_driving]: [ARROW_SIGNAL] done elapsed=3.02 -> INTERSECTION direction=right[0m
[self_driving-10] [0m[INFO] [1782484821.128368018] [self_driving]: [1;36m[FSM] ARROW_SIGNAL -> INTERSECTION[0m[0m
[self_driving-10] [0m[INFO] [1782484821.534437888] [self_driving]: [RIGHT_TURN] elapsed=0.41 cmd=(0.10,-0.50) lane_x=293.5[0m
[self_driving-10] [0m[INFO] [1782484821.928661499] [self_driving]: [IMAGE] received count=725 shape=(480, 640, 3) queue=0[0m
[self_driving-10] [0m[INFO] [1782484822.088539091] [self_driving]: [RIGHT_TURN] elapsed=0.96 cmd=(0.10,-0.50) lane_x=308.5[0m
[self_driving-10] [0m[INFO] [1782484822.596172980] [self_driving]: [RIGHT_TURN] elapsed=1.47 cmd=(0.10,-0.50) lane_x=-1[0m
[self_driving-10] [0m[INFO] [1782484822.952973220] [self_driving]: [1;36m[FSM] INTERSECTION -> LINE_FOLLOW[0m[0m
[self_driving-10] [0m[INFO] [1782484822.953811979] [self_driving]: [RIGHT_TURN] done elapsed=1.83 lane_x=269.0 -> LINE_FOLLOW[0m
[self_driving-10] [33m[WARN] [1782484823.007970165] [self_driving]: [LANE_X_JUMP_REJECT] raw=306.0 last=129.0 diff=177.0 candidate=306.0 cnt=1/4[0m
[self_driving-10] [0m[INFO] [1782484823.008518757] [self_driving]: [CROSSWALK_SLOW_DONE] return normal speed[0m
[self_driving-10] [0m[INFO] [1782484823.152108998] [self_driving]: [DEBUG_DRIVE] state=LINE_FOLLOW raw_lane_x=164.0 lane_x=164.0 filter=stable linear=0.30 angular=-0.10 cw_y=229 right_done=False start_turn=False count_turn=0 traffic=None stop=False[0m
[self_driving-10] [0m[INFO] [1782484823.281741868] [self_driving]: [CROSSWALK_SLOW] y=229 th=180 confirm=4[0m
[self_driving-10] [0m[INFO] [1782484823.428602238] [self_driving]: [OBJECTS] msg_count=94 n=1 names=['crosswalk'][0m
[self_driving-10] [0m[INFO] [1782484823.668587164] [self_driving]: [DEBUG_DRIVE] state=LINE_FOLLOW raw_lane_x=70.0 lane_x=70.0 filter=stable linear=0.15 angular=0.10 cw_y=387 right_done=False start_turn=False count_turn=0 traffic=None stop=False[0m
[self_driving-10] [0m[INFO] [1782484823.937648071] [self_driving]: [IMAGE] received count=755 shape=(480, 640, 3) queue=0[0m
[self_driving-10] [0m[INFO] [1782484824.219701442] [self_driving]: [DEBUG_DRIVE] state=LINE_FOLLOW raw_lane_x=33.5 lane_x=33.5 filter=stable linear=0.15 angular=0.10 cw_y=215 right_done=False start_turn=False count_turn=0 traffic=None stop=False[0m
[self_driving-10] [0m[INFO] [1782484824.437053312] [self_driving]: [OBJECTS] msg_count=97 n=1 names=['crosswalk'][0m
[self_driving-10] [0m[INFO] [1782484824.754518441] [self_driving]: [DEBUG_DRIVE] state=LINE_FOLLOW raw_lane_x=50.5 lane_x=50.5 filter=stable linear=0.15 angular=0.10 cw_y=0 right_done=False start_turn=False count_turn=0 traffic=None stop=False[0m
[self_driving-10] [0m[INFO] [1782484825.125696700] [self_driving]: [OBJECTS] msg_count=101 n=1 names=['crosswalk'][0m
[self_driving-10] [0m[INFO] [1782484825.298667552] [self_driving]: [DEBUG_DRIVE] state=LINE_FOLLOW raw_lane_x=98.0 lane_x=98.0 filter=stable linear=0.15 angular=0.10 cw_y=308 right_done=False start_turn=False count_turn=0 traffic=None stop=False[0m
[self_driving-10] [0m[INFO] [1782484825.817574311] [self_driving]: [OBJECTS] msg_count=103 n=1 names=['crosswalk'][0m
[self_driving-10] [0m[INFO] [1782484825.821951496] [self_driving]: [DEBUG_DRIVE] state=LINE_FOLLOW raw_lane_x=144.5 lane_x=144.5 filter=stable linear=0.15 angular=-0.10 cw_y=404 right_done=False start_turn=False count_turn=0 traffic=None stop=False[0m
[self_driving-10] [0m[INFO] [1782484825.957860755] [self_driving]: [IMAGE] received count=785 shape=(480, 640, 3) queue=0[0m
[self_driving-10] [0m[INFO] [1782484825.963503496] [self_driving]: [CROSSWALK_SLOW_DONE] return normal speed[0m
[self_driving-10] [0m[INFO] [1782484826.236449107] [self_driving]: [CROSSWALK_SLOW] y=422 th=180 confirm=4[0m
[self_driving-10] [0m[INFO] [1782484826.371291774] [self_driving]: [DEBUG_DRIVE] state=LINE_FOLLOW raw_lane_x=138.0 lane_x=138.0 filter=stable linear=0.15 angular=-0.10 cw_y=422 right_done=False start_turn=False count_turn=0 traffic=None stop=False[0m
[self_driving-10] [0m[INFO] [1782484826.496326033] [self_driving]: [OBJECTS] msg_count=105 n=1 names=['crosswalk'][0m
[self_driving-10] [0m[INFO] [1782484826.895776607] [self_driving]: [DEBUG_DRIVE] state=LINE_FOLLOW raw_lane_x=130.5 lane_x=130.5 filter=stable linear=0.15 angular=0.10 cw_y=302 right_done=False start_turn=False count_turn=0 traffic=None stop=False[0m
[self_driving-10] [0m[INFO] [1782484827.451892088] [self_driving]: [DEBUG_DRIVE] state=LINE_FOLLOW raw_lane_x=129.5 lane_x=129.5 filter=stable linear=0.15 angular=-0.10 cw_y=302 right_done=False start_turn=False count_turn=0 traffic=None stop=False[0m
[self_driving-10] [0m[INFO] [1782484827.979285958] [self_driving]: [IMAGE] received count=815 shape=(480, 640, 3) queue=0[0m
[self_driving-10] [0m[INFO] [1782484827.990215662] [self_driving]: [DEBUG_DRIVE] state=LINE_FOLLOW raw_lane_x=128.0 lane_x=128.0 filter=stable linear=0.15 angular=0.10 cw_y=302 right_done=False start_turn=False count_turn=0 traffic=None stop=False[0m
[self_driving-10] [0m[INFO] [1782484828.541762365] [self_driving]: [DEBUG_DRIVE] state=LINE_FOLLOW raw_lane_x=134.5 lane_x=134.5 filter=stable linear=0.15 angular=-0.10 cw_y=302 right_done=False start_turn=False count_turn=0 traffic=None stop=False[0m
[self_driving-10] [0m[INFO] [1782484828.919028346] [self_driving]: [CROSSWALK_SLOW_DONE] return normal speed[0m
[self_driving-10] [0m[INFO] [1782484829.057411550] [self_driving]: [DEBUG_DRIVE] state=LINE_FOLLOW raw_lane_x=140.0 lane_x=140.0 filter=stable linear=0.30 angular=-0.10 cw_y=302 right_done=False start_turn=False count_turn=0 traffic=None stop=False[0m
[self_driving-10] [0m[INFO] [1782484829.206271105] [self_driving]: [CROSSWALK_SLOW] y=302 th=180 confirm=4[0m
[self_driving-10] [0m[INFO] [1782484829.604594309] [self_driving]: [DEBUG_DRIVE] state=LINE_FOLLOW raw_lane_x=235.5 lane_x=235.5 filter=stable linear=0.15 angular=-0.45 cw_y=302 right_done=False start_turn=False count_turn=5 traffic=None stop=False[0m
[self_driving-10] [33m[WARN] [1782484829.943573420] [self_driving]: [LANE_X_JUMP_REJECT] raw=71.0 last=233.5 diff=162.5 candidate=71.0 cnt=1/4[0m
[self_driving-10] [0m[INFO] [1782484829.984698790] [self_driving]: [IMAGE] received count=845 shape=(480, 640, 3) queue=0[0m
[self_driving-10] [0m[INFO] [1782484830.133517049] [self_driving]: [DEBUG_DRIVE] state=LINE_FOLLOW raw_lane_x=127.5 lane_x=233.5 filter=jump_reject linear=0.15 angular=-0.45 cw_y=302 right_done=False start_turn=True count_turn=7 traffic=None stop=False[0m
[self_driving-10] [0m[INFO] [1782484830.674975234] [self_driving]: [DEBUG_DRIVE] state=LINE_FOLLOW raw_lane_x=226.0 lane_x=226.0 filter=stable linear=0.15 angular=-0.45 cw_y=302 right_done=False start_turn=True count_turn=3 traffic=None stop=False[0m
[self_driving-10] [0m[INFO] [1782484831.198985160] [self_driving]: [DEBUG_DRIVE] state=LINE_FOLLOW raw_lane_x=294.5 lane_x=294.5 filter=stable linear=0.15 angular=-0.45 cw_y=302 right_done=False start_turn=True count_turn=11 traffic=None stop=False[0m
[self_driving-10] [0m[INFO] [1782484831.748177437] [self_driving]: [DEBUG_DRIVE] state=LINE_FOLLOW raw_lane_x=294.5 lane_x=294.5 filter=stable linear=0.15 angular=-0.45 cw_y=302 right_done=False start_turn=True count_turn=19 traffic=None stop=False[0m
[self_driving-10] [0m[INFO] [1782484831.873370233] [self_driving]: [CROSSWALK_SLOW_DONE] return normal speed[0m
[self_driving-10] [0m[INFO] [1782484832.003228567] [self_driving]: [IMAGE] received count=875 shape=(480, 640, 3) queue=0[0m
[self_driving-10] [0m[INFO] [1782484832.138823696] [self_driving]: [CROSSWALK_SLOW] y=302 th=180 confirm=4[0m
[self_driving-10] [0m[INFO] [1782484832.291087585] [self_driving]: [DEBUG_DRIVE] state=LINE_FOLLOW raw_lane_x=290.0 lane_x=290.0 filter=stable linear=0.15 angular=-0.45 cw_y=302 right_done=False start_turn=True count_turn=27 traffic=None stop=False[0m
[self_driving-10] [0m[INFO] [1782484832.818873214] [self_driving]: [DEBUG_DRIVE] state=LINE_FOLLOW raw_lane_x=280.0 lane_x=280.0 filter=stable linear=0.15 angular=-0.45 cw_y=302 right_done=False start_turn=True count_turn=35 traffic=None stop=False[0m
[self_driving-10] [0m[INFO] [1782484832.878239011] [self_driving]: [OBJECTS] msg_count=107 n=1 names=['crosswalk'][0m
[self_driving-10] [0m[INFO] [1782484833.202683381] [self_driving]: [RIGHT_CANDIDATE] valid=False reject=['small_area'] cnt=0 cx=527 cy=123 area=806 score=0.78 done=False[0m
[self_driving-10] [0m[INFO] [1782484833.350782084] [self_driving]: [DEBUG_DRIVE] state=LINE_FOLLOW raw_lane_x=141.5 lane_x=141.5 filter=stable linear=0.15 angular=0.10 cw_y=187 right_done=False start_turn=False count_turn=0 traffic=None stop=False[0m
[self_driving-10] [0m[INFO] [1782484833.531932455] [self_driving]: [OBJECTS] msg_count=111 n=1 names=['crosswalk'][0m
[self_driving-10] [0m[INFO] [1782484833.539868732] [self_driving]: [RIGHT_CANDIDATE] valid=False reject=['small_area'] cnt=0 cx=454 cy=124 area=750 score=0.54 done=False[0m
[self_driving-10] [0m[INFO] [1782484833.902190473] [self_driving]: [DEBUG_DRIVE] state=LINE_FOLLOW raw_lane_x=127.0 lane_x=127.0 filter=stable linear=0.15 angular=0.10 cw_y=0 right_done=False start_turn=False count_turn=0 traffic=None stop=False[0m
[self_driving-10] [0m[INFO] [1782484833.923406991] [self_driving]: [RIGHT_CANDIDATE] valid=False reject=['small_area'] cnt=0 cx=329 cy=119 area=945 score=0.82 done=False[0m
[self_driving-10] [0m[INFO] [1782484834.028092491] [self_driving]: [IMAGE] received count=905 shape=(480, 640, 3) queue=0[0m
[self_driving-10] [0m[INFO] [1782484834.267502269] [self_driving]: [OBJECTS] msg_count=117 n=1 names=['crosswalk'][0m
[self_driving-10] [0m[INFO] [1782484834.270360843] [self_driving]: [RIGHT_CANDIDATE] valid=False reject=['small_area'] cnt=0 cx=231 cy=123 area=980 score=0.80 done=False[0m
[self_driving-10] [0m[INFO] [1782484834.435038787] [self_driving]: [DEBUG_DRIVE] state=LINE_FOLLOW raw_lane_x=134.5 lane_x=134.5 filter=stable linear=0.15 angular=-0.10 cw_y=187 right_done=False start_turn=False count_turn=0 traffic=None stop=False[0m
[self_driving-10] [0m[INFO] [1782484834.632248084] [self_driving]: [RIGHT_CANDIDATE] valid=False reject=['small_area'] cnt=0 cx=222 cy=119 area=1189 score=0.84 done=False[0m
[self_driving-10] [0m[INFO] [1782484834.841123102] [self_driving]: [CROSSWALK_SLOW_DONE] return normal speed[0m
[self_driving-10] [0m[INFO] [1782484834.958286565] [self_driving]: [OBJECTS] msg_count=123 n=1 names=['crosswalk'][0m
[self_driving-10] [0m[INFO] [1782484834.965003843] [self_driving]: [DEBUG_DRIVE] state=LINE_FOLLOW raw_lane_x=127.5 lane_x=127.5 filter=stable linear=0.30 angular=0.10 cw_y=188 right_done=False start_turn=False count_turn=0 traffic=None stop=False[0m
[self_driving-10] [0m[INFO] [1782484835.100628787] [self_driving]: [CROSSWALK_SLOW] y=188 th=180 confirm=4[0m
[self_driving-10] [0m[INFO] [1782484835.295070565] [self_driving]: [RIGHT_CANDIDATE] valid=True reject=[] cnt=0 cx=199 cy=114 area=1426 score=0.85 done=False[0m
[self_driving-10] [0m[INFO] [1782484835.514632453] [self_driving]: [DEBUG_DRIVE] state=LINE_FOLLOW raw_lane_x=134.0 lane_x=134.0 filter=stable linear=0.15 angular=-0.10 cw_y=189 right_done=False start_turn=False count_turn=0 traffic=None stop=False[0m
[self_driving-10] [0m[INFO] [1782484835.628737268] [self_driving]: [OBJECTS] msg_count=128 n=1 names=['crosswalk'][0m
[self_driving-10] [0m[INFO] [1782484836.006206879] [self_driving]: [RIGHT_CANDIDATE] valid=True reject=[] cnt=1 cx=177 cy=113 area=1800 score=0.85 done=False[0m
[self_driving-10] [0m[INFO] [1782484836.006761175] [self_driving]: [RIGHT_READY] cx=177 cy=113 area=1800 score=0.85[0m
[self_driving-10] [0m[INFO] [1782484836.053152435] [self_driving]: [IMAGE] received count=935 shape=(480, 640, 3) queue=0[0m
[self_driving-10] [0m[INFO] [1782484836.062990712] [self_driving]: [RIGHT_TRIGGER] enter ARROW_SIGNAL lane_x=121.0 raw_lane_x=121.0 filter=stable cw_y=442 candidate={'cx': 177, 'cy': 113, 'area': 1800, 'score': 0.8500000238418579}[0m
[self_driving-10] [0m[INFO] [1782484836.064624694] [self_driving]: [1;36m[FSM] LINE_FOLLOW -> ARROW_SIGNAL[0m[0m
[self_driving-10] [0m[INFO] [1782484836.101929453] [self_driving]: [ARROW_SIGNAL] waiting elapsed=0.04/3.00 direction=right[0m
[self_driving-10] [0m[INFO] [1782484836.330872527] [self_driving]: [OBJECTS] msg_count=133 n=1 names=['crosswalk'][0m
[self_driving-10] [0m[INFO] [1782484836.333416231] [self_driving]: [RIGHT_CANDIDATE] valid=True reject=[] cnt=0 cx=164 cy=104 area=2408 score=0.88 done=False[0m
[self_driving-10] [0m[INFO] [1782484836.648279138] [self_driving]: [ARROW_SIGNAL] waiting elapsed=0.58/3.00 direction=right[0m
[self_driving-10] [0m[INFO] [1782484836.663021231] [self_driving]: [RIGHT_CANDIDATE] valid=True reject=[] cnt=1 cx=142 cy=108 area=2640 score=0.88 done=False[0m
[self_driving-10] [0m[INFO] [1782484836.663854545] [self_driving]: [RIGHT_READY] cx=142 cy=108 area=2640 score=0.88[0m
[self_driving-10] [0m[INFO] [1782484836.966049008] [self_driving]: [OBJECTS] msg_count=139 n=1 names=['crosswalk'][0m
[self_driving-10] [0m[INFO] [1782484837.181695138] [self_driving]: [ARROW_SIGNAL] waiting elapsed=1.12/3.00 direction=right[0m
[self_driving-10] [0m[INFO] [1782484837.298134860] [self_driving]: [RIGHT_CANDIDATE] valid=True reject=[] cnt=0 cx=102 cy=101 area=3519 score=0.87 done=False[0m
[self_driving-10] [0m[INFO] [1782484837.625632230] [self_driving]: [OBJECTS] msg_count=144 n=1 names=['crosswalk'][0m
[self_driving-10] [0m[INFO] [1782484837.627760045] [self_driving]: [RIGHT_CANDIDATE] valid=True reject=[] cnt=1 cx=102 cy=101 area=3519 score=0.87 done=False[0m
[self_driving-10] [0m[INFO] [1782484837.628985378] [self_driving]: [RIGHT_READY] cx=102 cy=101 area=3519 score=0.87[0m
[self_driving-10] [0m[INFO] [1782484837.728914341] [self_driving]: [ARROW_SIGNAL] waiting elapsed=1.66/3.00 direction=right[0m
[self_driving-10] [0m[INFO] [1782484837.945568304] [self_driving]: [RIGHT_CANDIDATE] valid=True reject=[] cnt=0 cx=102 cy=101 area=3588 score=0.87 done=False[0m
[self_driving-10] [0m[INFO] [1782484838.054693007] [self_driving]: [IMAGE] received count=965 shape=(480, 640, 3) queue=0[0m
[self_driving-10] [0m[INFO] [1782484838.263483804] [self_driving]: [ARROW_SIGNAL] waiting elapsed=2.20/3.00 direction=right[0m
[self_driving-10] [0m[INFO] [1782484838.297182581] [self_driving]: [OBJECTS] msg_count=150 n=1 names=['crosswalk'][0m
[self_driving-10] [0m[INFO] [1782484838.626984340] [self_driving]: [RIGHT_CANDIDATE] valid=True reject=[] cnt=1 cx=102 cy=101 area=3692 score=0.86 done=False[0m
[self_driving-10] [0m[INFO] [1782484838.627683322] [self_driving]: [RIGHT_READY] cx=102 cy=101 area=3692 score=0.86[0m
[self_driving-10] [0m[INFO] [1782484838.798347377] [self_driving]: [ARROW_SIGNAL] waiting elapsed=2.73/3.00 direction=right[0m
[self_driving-10] [0m[INFO] [1782484838.953904025] [self_driving]: [OBJECTS] msg_count=157 n=1 names=['crosswalk'][0m
[self_driving-10] [0m[INFO] [1782484838.956960100] [self_driving]: [RIGHT_CANDIDATE] valid=True reject=[] cnt=0 cx=102 cy=101 area=3640 score=0.87 done=False[0m
[self_driving-10] [0m[INFO] [1782484839.071176970] [self_driving]: [ARROW_SIGNAL] done elapsed=3.01 -> INTERSECTION direction=right[0m
[self_driving-10] [0m[INFO] [1782484839.072437803] [self_driving]: [1;36m[FSM] ARROW_SIGNAL -> INTERSECTION[0m[0m
[self_driving-10] [0m[INFO] [1782484839.292739488] [self_driving]: [RIGHT_CANDIDATE] valid=True reject=[] cnt=1 cx=102 cy=101 area=3588 score=0.87 done=False[0m
[self_driving-10] [0m[INFO] [1782484839.293284599] [self_driving]: [RIGHT_READY] cx=102 cy=101 area=3588 score=0.87[0m
[self_driving-10] [0m[INFO] [1782484839.361157247] [self_driving]: [RIGHT_TURN] elapsed=0.29 cmd=(0.10,-0.50) lane_x=140.5[0m
[self_driving-10] [0m[INFO] [1782484839.635912525] [self_driving]: [OBJECTS] msg_count=163 n=1 names=['crosswalk'][0m
[self_driving-10] [0m[INFO] [1782484839.638066951] [self_driving]: [RIGHT_CANDIDATE] valid=True reject=[] cnt=0 cx=102 cy=101 area=3640 score=0.87 done=False[0m
[self_driving-10] [0m[INFO] [1782484839.877194969] [self_driving]: [RIGHT_TURN] elapsed=0.80 cmd=(0.10,-0.50) lane_x=-1[0m
[self_driving-10] [0m[INFO] [1782484839.973829340] [self_driving]: [RIGHT_CANDIDATE] valid=True reject=[] cnt=1 cx=102 cy=101 area=3588 score=0.87 done=False[0m
[self_driving-10] [0m[INFO] [1782484839.974770303] [self_driving]: [RIGHT_READY] cx=102 cy=101 area=3588 score=0.87[0m
[self_driving-10] [0m[INFO] [1782484840.071187117] [self_driving]: [IMAGE] received count=995 shape=(480, 640, 3) queue=0[0m
[self_driving-10] [0m[INFO] [1782484840.365809395] [self_driving]: [OBJECTS] msg_count=169 n=1 names=['crosswalk'][0m
[self_driving-10] [0m[INFO] [1782484840.370802784] [self_driving]: [RIGHT_CANDIDATE] valid=True reject=[] cnt=0 cx=95 cy=100 area=3976 score=0.85 done=False[0m
[self_driving-10] [0m[INFO] [1782484840.427177395] [self_driving]: [RIGHT_TURN] elapsed=1.35 cmd=(0.10,-0.50) lane_x=-1[0m
[self_driving-10] [0m[INFO] [1782484840.878925821] [self_driving]: [1;36m[FSM] INTERSECTION -> LINE_FOLLOW[0m[0m
[self_driving-10] [0m[INFO] [1782484840.879814747] [self_driving]: [RIGHT_TURN] done elapsed=1.81 lane_x=-1 -> LINE_FOLLOW[0m
[self_driving-10] [0m[INFO] [1782484840.946342432] [self_driving]: [RIGHT_TRIGGER] enter ARROW_SIGNAL lane_x=-1 raw_lane_x=-1 filter=lost cw_y=216 candidate={'cx': 95, 'cy': 100, 'area': 3976, 'score': 0.8500000238418579}[0m
[self_driving-10] [0m[INFO] [1782484840.946833802] [self_driving]: [1;36m[FSM] LINE_FOLLOW -> ARROW_SIGNAL[0m[0m
[self_driving-10] [0m[INFO] [1782484841.016150302] [self_driving]: [ARROW_SIGNAL] waiting elapsed=0.07/3.00 direction=right[0m
[self_driving-10] [0m[INFO] [1782484841.054391320] [self_driving]: [OBJECTS] msg_count=174 n=1 names=['crosswalk'][0m
[self_driving-10] [0m[INFO] [1782484841.060585395] [self_driving]: [TRAFFIC_CANDIDATE] name=green valid=False cx=633 cy=134 area=110 score=0.26 min_area=800[0m
[self_driving-10] [0m[INFO] [1782484841.553412394] [self_driving]: [ARROW_SIGNAL] waiting elapsed=0.61/3.00 direction=right[0m
[self_driving-10] [0m[INFO] [1782484842.084958653] [self_driving]: [IMAGE] received count=1025 shape=(480, 640, 3) queue=0[0m
[self_driving-10] [0m[INFO] [1782484842.088650320] [self_driving]: [ARROW_SIGNAL] waiting elapsed=1.14/3.00 direction=right[0m
[self_driving-10] [0m[INFO] [1782484842.360100727] [self_driving]: [OBJECTS] msg_count=179 n=1 names=['crosswalk'][0m
[self_driving-10] [0m[INFO] [1782484842.622765894] [self_driving]: [ARROW_SIGNAL] waiting elapsed=1.68/3.00 direction=right[0m
[self_driving-10] [0m[INFO] [1782484843.157298597] [self_driving]: [ARROW_SIGNAL] waiting elapsed=2.21/3.00 direction=right[0m
[self_driving-10] [0m[INFO] [1782484843.706475819] [self_driving]: [ARROW_SIGNAL] waiting elapsed=2.76/3.00 direction=right[0m
[self_driving-10] [0m[INFO] [1782484843.956406115] [self_driving]: [ARROW_SIGNAL] done elapsed=3.01 -> INTERSECTION direction=right[0m
[self_driving-10] [0m[INFO] [1782484843.957008300] [self_driving]: [1;36m[FSM] ARROW_SIGNAL -> INTERSECTION[0m[0m
[self_driving-10] [0m[INFO] [1782484844.110028726] [self_driving]: [IMAGE] received count=1055 shape=(480, 640, 3) queue=0[0m
[self_driving-10] [0m[INFO] [1782484844.242387689] [self_driving]: [RIGHT_TURN] elapsed=0.29 cmd=(0.10,-0.50) lane_x=-1[0m
[self_driving-10] [0m[INFO] [1782484844.788160985] [self_driving]: [RIGHT_TURN] elapsed=0.83 cmd=(0.10,-0.50) lane_x=-1[0m
[self_driving-10] [0m[INFO] [1782484845.310260818] [self_driving]: [RIGHT_TURN] elapsed=1.35 cmd=(0.10,-0.50) lane_x=275.5[0m
[self_driving-10] [0m[INFO] [1782484845.419773744] [self_driving]: [OBJECTS] msg_count=180 n=1 names=['crosswalk'][0m
[self_driving-10] [0m[INFO] [1782484845.811849984] [self_driving]: [1;36m[FSM] INTERSECTION -> LINE_FOLLOW[0m[0m
[self_driving-10] [0m[INFO] [1782484845.812637040] [self_driving]: [RIGHT_TURN] done elapsed=1.85 lane_x=221.0 -> LINE_FOLLOW[0m
[self_driving-10] [0m[INFO] [1782484845.859998095] [self_driving]: [CROSSWALK_SLOW_DONE] return normal speed[0m
[self_driving-10] [33m[WARN] [1782484845.860968410] [self_driving]: [LANE_LOST] raw_lane_x=-1 lane_x=-1 filter=lost stop=False state=LINE_FOLLOW safe_linear=0.00 right_ready=False right_done=False[0m
[self_driving-10] [0m[INFO] [1782484845.862079040] [self_driving]: [DEBUG_DRIVE] state=LINE_FOLLOW raw_lane_x=-1 lane_x=-1 filter=lost linear=0.15 angular=0.00 cw_y=322 right_done=False start_turn=False count_turn=0 traffic=None stop=False[0m
[self_driving-10] [0m[INFO] [1782484846.144943651] [self_driving]: [IMAGE] received count=1085 shape=(480, 640, 3) queue=0[0m
[self_driving-10] [0m[INFO] [1782484846.153422725] [self_driving]: [CROSSWALK_SLOW] y=322 th=180 confirm=4[0m
[self_driving-10] [33m[WARN] [1782484846.388644410] [self_driving]: [LANE_LOST] raw_lane_x=-1 lane_x=-1 filter=lost stop=False state=LINE_FOLLOW safe_linear=0.00 right_ready=False right_done=False[0m
[self_driving-10] [0m[INFO] [1782484846.389975243] [self_driving]: [DEBUG_DRIVE] state=LINE_FOLLOW raw_lane_x=-1 lane_x=-1 filter=lost linear=0.15 angular=0.00 cw_y=322 right_done=False start_turn=False count_turn=0 traffic=None stop=False[0m
[self_driving-10] [0m[INFO] [1782484846.433533817] [self_driving]: [OBJECTS] msg_count=181 n=1 names=['park'][0m
[self_driving-10] [0m[INFO] [1782484846.434645465] [self_driving]: [PARK_BLOCKED_BEFORE_RIGHT] cx=348 cy=127 area=240 score=0.27 right_done=False[0m
[self_driving-10] [33m[WARN] [1782484846.869740298] [self_driving]: [LANE_X_JUMP_REJECT] raw=208.0 last=120.5 diff=87.5 candidate=208.0 cnt=1/4[0m
[self_driving-10] [0m[INFO] [1782484846.951372354] [self_driving]: [DEBUG_DRIVE] state=LINE_FOLLOW raw_lane_x=247.0 lane_x=120.5 filter=jump_reject linear=0.15 angular=0.10 cw_y=0 right_done=False start_turn=False count_turn=0 traffic=None stop=False[0m
[self_driving-10] [0m[INFO] [1782484847.472703150] [self_driving]: [DEBUG_DRIVE] state=LINE_FOLLOW raw_lane_x=-1 lane_x=175.0 filter=hold_last linear=0.15 angular=-0.10 cw_y=0 right_done=False start_turn=False count_turn=0 traffic=None stop=False[0m
[self_driving-10] [33m[WARN] [1782484847.555351613] [self_driving]: [LANE_LOST] raw_lane_x=-1 lane_x=-1 filter=lost stop=False state=LINE_FOLLOW safe_linear=0.00 right_ready=False right_done=False[0m
[self_driving-10] [33m[WARN] [1782484847.889613483] [self_driving]: [LANE_X_JUMP_REJECT] raw=305.5 last=175.0 diff=130.5 candidate=305.5 cnt=1/4[0m
[self_driving-10] [0m[INFO] [1782484848.014284446] [self_driving]: [DEBUG_DRIVE] state=LINE_FOLLOW raw_lane_x=-1 lane_x=-1 filter=lost linear=0.15 angular=0.00 cw_y=0 right_done=False start_turn=False count_turn=0 traffic=None stop=False[0m
[self_driving-10] [33m[WARN] [1782484848.081476853] [self_driving]: [LANE_LOST] raw_lane_x=-1 lane_x=-1 filter=lost stop=False state=LINE_FOLLOW safe_linear=0.00 right_ready=False right_done=False[0m
[self_driving-10] [0m[INFO] [1782484848.216486631] [self_driving]: [IMAGE] received count=1116 shape=(480, 640, 3) queue=0[0m
[self_driving-10] [0m[INFO] [1782484848.564351835] [self_driving]: [DEBUG_DRIVE] state=LINE_FOLLOW raw_lane_x=-1 lane_x=-1 filter=lost linear=0.15 angular=0.00 cw_y=0 right_done=False start_turn=False count_turn=0 traffic=None stop=False[0m
[self_driving-10] [33m[WARN] [1782484848.603703927] [self_driving]: [LANE_LOST] raw_lane_x=-1 lane_x=-1 filter=lost stop=False state=LINE_FOLLOW safe_linear=0.00 right_ready=False right_done=False[0m
[self_driving-10] [33m[WARN] [1782484848.738201075] [self_driving]: [LANE_X_JUMP_REJECT] raw=13.0 last=175.0 diff=162.0 candidate=13.0 cnt=1/4[0m
[self_driving-10] [0m[INFO] [1782484848.881525427] [self_driving]: [CROSSWALK_SLOW_DONE] return normal speed[0m
[self_driving-10] [0m[INFO] [1782484848.902772149] [self_driving]: [OBJECTS] msg_count=182 n=1 names=['crosswalk'][0m
[self_driving-10] [0m[INFO] [1782484849.076346890] [self_driving]: [CROSSWALK_IGNORE] y=29 < th=180[0m
[self_driving-10] [0m[INFO] [1782484849.077149760] [self_driving]: [DEBUG_DRIVE] state=LINE_FOLLOW raw_lane_x=161.5 lane_x=161.5 filter=stable linear=0.30 angular=-0.10 cw_y=29 right_done=False start_turn=False count_turn=0 traffic=None stop=False[0m
[self_driving-10] [33m[WARN] [1782484849.295373871] [self_driving]: [LANE_X_JUMP_REJECT] raw=59.0 last=255.5 diff=196.5 candidate=59.0 cnt=1/4[0m
[self_driving-10] [0m[INFO] [1782484849.627924389] [self_driving]: [CROSSWALK_IGNORE] y=29 < th=180[0m
[self_driving-10] [0m[INFO] [1782484849.629357186] [self_driving]: [DEBUG_DRIVE] state=LINE_FOLLOW raw_lane_x=296.0 lane_x=296.0 filter=stable linear=0.30 angular=-0.45 cw_y=29 right_done=False start_turn=True count_turn=2 traffic=None stop=False[0m
[self_driving-10] [33m[WARN] [1782484849.851533741] [self_driving]: [LANE_X_JUMP_REJECT] raw=184.5 last=296.0 diff=111.5 candidate=184.5 cnt=1/4[0m
[self_driving-10] [0m[INFO] [1782484850.164583778] [self_driving]: [CROSSWALK_IGNORE] y=29 < th=180[0m
[self_driving-10] [0m[INFO] [1782484850.166246204] [self_driving]: [DEBUG_DRIVE] state=LINE_FOLLOW raw_lane_x=-1 lane_x=254.5 filter=hold_last linear=0.30 angular=-0.45 cw_y=29 right_done=False start_turn=True count_turn=10 traffic=None stop=False[0m
[self_driving-10] [0m[INFO] [1782484850.298443408] [self_driving]: [IMAGE] received count=1147 shape=(480, 640, 3) queue=0[0m
[self_driving-10] [0m[INFO] [1782484850.702332963] [self_driving]: [CROSSWALK_IGNORE] y=29 < th=180[0m
[self_driving-10] [0m[INFO] [1782484850.703017944] [self_driving]: [DEBUG_DRIVE] state=LINE_FOLLOW raw_lane_x=-1 lane_x=246.5 filter=hold_last linear=0.30 angular=-0.45 cw_y=29 right_done=False start_turn=True count_turn=18 traffic=None stop=False[0m
[self_driving-10] [33m[WARN] [1782484850.899524148] [self_driving]: [LANE_X_JUMP_REJECT] raw=187.0 last=298.5 diff=111.5 candidate=187.0 cnt=1/4[0m
[self_driving-10] [0m[INFO] [1782484851.239169148] [self_driving]: [CROSSWALK_IGNORE] y=29 < th=180[0m
[self_driving-10] [0m[INFO] [1782484851.241589648] [self_driving]: [DEBUG_DRIVE] state=LINE_FOLLOW raw_lane_x=-1 lane_x=281.5 filter=hold_last linear=0.30 angular=-0.45 cw_y=29 right_done=False start_turn=True count_turn=26 traffic=None stop=False[0m
[self_driving-10] [33m[WARN] [1782484851.363317759] [self_driving]: [LANE_LOST] raw_lane_x=-1 lane_x=-1 filter=lost stop=False state=LINE_FOLLOW safe_linear=0.00 right_ready=False right_done=False[0m
[self_driving-10] [0m[INFO] [1782484851.604594166] [self_driving]: [OBJECTS] msg_count=183 n=1 names=['crosswalk'][0m
[self_driving-10] [33m[WARN] [1782484851.652091351] [self_driving]: [LANE_X_JUMP_REJECT] raw=218.0 last=307.0 diff=89.0 candidate=218.0 cnt=1/4[0m
[self_driving-10] [0m[INFO] [1782484851.782304499] [self_driving]: [CROSSWALK_IGNORE] y=129 < th=180[0m
[self_driving-10] [0m[INFO] [1782484851.782999907] [self_driving]: [DEBUG_DRIVE] state=LINE_FOLLOW raw_lane_x=259.0 lane_x=259.0 filter=stable linear=0.30 angular=-0.45 cw_y=129 right_done=False start_turn=True count_turn=32 traffic=None stop=False[0m
[self_driving-10] [0m[INFO] [1782484852.176038462] [self_driving]: [CROSSWALK_SLOW] y=458 th=180 confirm=4[0m
[self_driving-10] [33m[WARN] [1782484852.178667018] [self_driving]: [LANE_LOST] raw_lane_x=-1 lane_x=-1 filter=lost stop=False state=LINE_FOLLOW safe_linear=0.00 right_ready=False right_done=False[0m
[self_driving-10] [0m[INFO] [1782484852.322510555] [self_driving]: [IMAGE] received count=1177 shape=(480, 640, 3) queue=0[0m
[self_driving-10] [0m[INFO] [1782484852.338672795] [self_driving]: [DEBUG_DRIVE] state=LINE_FOLLOW raw_lane_x=-1 lane_x=-1 filter=lost linear=0.15 angular=0.00 cw_y=458 right_done=False start_turn=True count_turn=37 traffic=None stop=False[0m
[self_driving-10] [33m[WARN] [1782484852.778047980] [self_driving]: [LANE_LOST] raw_lane_x=-1 lane_x=-1 filter=lost stop=False state=LINE_FOLLOW safe_linear=0.00 right_ready=False right_done=False[0m
[self_driving-10] [0m[INFO] [1782484852.905715036] [self_driving]: [DEBUG_DRIVE] state=LINE_FOLLOW raw_lane_x=-1 lane_x=-1 filter=lost linear=0.15 angular=0.00 cw_y=458 right_done=False start_turn=True count_turn=43 traffic=None stop=False[0m
[self_driving-10] [33m[WARN] [1782484853.307041480] [self_driving]: [LANE_LOST] raw_lane_x=-1 lane_x=-1 filter=lost stop=False state=LINE_FOLLOW safe_linear=0.00 right_ready=False right_done=False[0m
[self_driving-10] [0m[INFO] [1782484853.439750424] [self_driving]: [DEBUG_DRIVE] state=LINE_FOLLOW raw_lane_x=-1 lane_x=-1 filter=lost linear=0.15 angular=0.00 cw_y=458 right_done=False start_turn=True count_turn=43 traffic=None stop=False[0m
[self_driving-10] [33m[WARN] [1782484853.859330517] [self_driving]: [LANE_LOST] raw_lane_x=-1 lane_x=-1 filter=lost stop=False state=LINE_FOLLOW safe_linear=0.00 right_ready=False right_done=False[0m
[self_driving-10] [0m[INFO] [1782484854.000807350] [self_driving]: [DEBUG_DRIVE] state=LINE_FOLLOW raw_lane_x=-1 lane_x=-1 filter=lost linear=0.15 angular=0.00 cw_y=458 right_done=False start_turn=True count_turn=43 traffic=None stop=False[0m
[self_driving-10] [0m[INFO] [1782484854.326038776] [self_driving]: [IMAGE] received count=1207 shape=(480, 640, 3) queue=0[0m
[self_driving-10] [33m[WARN] [1782484854.396158090] [self_driving]: [LANE_LOST] raw_lane_x=-1 lane_x=-1 filter=lost stop=False state=LINE_FOLLOW safe_linear=0.00 right_ready=False right_done=False[0m
[self_driving-10] [0m[INFO] [1782484854.529450349] [self_driving]: [DEBUG_DRIVE] state=LINE_FOLLOW raw_lane_x=-1 lane_x=-1 filter=lost linear=0.15 angular=0.00 cw_y=458 right_done=False start_turn=True count_turn=43 traffic=None stop=False[0m
[self_driving-10] [0m[INFO] [1782484854.869179294] [self_driving]: [CROSSWALK_SLOW_DONE] return normal speed[0m
[self_driving-10] [33m[WARN] [1782484854.946301368] [self_driving]: [LANE_LOST] raw_lane_x=-1 lane_x=-1 filter=lost stop=False state=LINE_FOLLOW safe_linear=0.00 right_ready=False right_done=False[0m
[self_driving-10] [0m[INFO] [1782484855.075016405] [self_driving]: [DEBUG_DRIVE] state=LINE_FOLLOW raw_lane_x=-1 lane_x=-1 filter=lost linear=0.30 angular=0.00 cw_y=458 right_done=False start_turn=True count_turn=43 traffic=None stop=False[0m
[self_driving-10] [0m[INFO] [1782484855.160163590] [self_driving]: [CROSSWALK_SLOW] y=458 th=180 confirm=4[0m
[self_driving-10] [0m[INFO] [1782484855.468296645] [self_driving]: [OBJECTS] msg_count=185 n=1 names=['green'][0m
[self_driving-10] [0m[INFO] [1782484855.469307590] [self_driving]: [TRAFFIC_CANDIDATE] name=green valid=False cx=89 cy=104 area=37411 score=0.38 min_area=800[0m
[self_driving-10] [33m[WARN] [1782484855.485616201] [self_driving]: [LANE_LOST] raw_lane_x=-1 lane_x=-1 filter=lost stop=False state=LINE_FOLLOW safe_linear=0.00 right_ready=False right_done=False[0m
[self_driving-10] [0m[INFO] [1782484855.624375941] [self_driving]: [DEBUG_DRIVE] state=LINE_FOLLOW raw_lane_x=-1 lane_x=-1 filter=lost linear=0.15 angular=0.00 cw_y=0 right_done=False start_turn=True count_turn=43 traffic=None stop=False[0m
[self_driving-10] [33m[WARN] [1782484856.018811793] [self_driving]: [LANE_LOST] raw_lane_x=-1 lane_x=-1 filter=lost stop=False state=LINE_FOLLOW safe_linear=0.00 right_ready=False right_done=False[0m
[self_driving-10] [0m[INFO] [1782484856.164839349] [self_driving]: [DEBUG_DRIVE] state=LINE_FOLLOW raw_lane_x=-1 lane_x=-1 filter=lost linear=0.15 angular=0.00 cw_y=0 right_done=False start_turn=True count_turn=43 traffic=None stop=False[0m
[self_driving-10] [0m[INFO] [1782484856.336381293] [self_driving]: [IMAGE] received count=1237 shape=(480, 640, 3) queue=0[0m
[self_driving-10] [33m[WARN] [1782484856.559145774] [self_driving]: [LANE_LOST] raw_lane_x=-1 lane_x=-1 filter=lost stop=False state=LINE_FOLLOW safe_linear=0.00 right_ready=False right_done=False[0m
[self_driving-10] [0m[INFO] [1782484856.697809015] [self_driving]: [DEBUG_DRIVE] state=LINE_FOLLOW raw_lane_x=-1 lane_x=-1 filter=lost linear=0.15 angular=0.00 cw_y=0 right_done=False start_turn=True count_turn=43 traffic=None stop=False[0m
[self_driving-10] [33m[WARN] [1782484857.097051107] [self_driving]: [LANE_LOST] raw_lane_x=-1 lane_x=-1 filter=lost stop=False state=LINE_FOLLOW safe_linear=0.00 right_ready=False right_done=False[0m
[self_driving-10] [0m[INFO] [1782484857.238250348] [self_driving]: [DEBUG_DRIVE] state=LINE_FOLLOW raw_lane_x=-1 lane_x=-1 filter=lost linear=0.15 angular=0.00 cw_y=0 right_done=False start_turn=True count_turn=43 traffic=None stop=False[0m
[self_driving-10] [33m[WARN] [1782484857.634831681] [self_driving]: [LANE_LOST] raw_lane_x=-1 lane_x=-1 filter=lost stop=False state=LINE_FOLLOW safe_linear=0.00 right_ready=False right_done=False[0m
[self_driving-10] [0m[INFO] [1782484857.770166125] [self_driving]: [DEBUG_DRIVE] state=LINE_FOLLOW raw_lane_x=-1 lane_x=-1 filter=lost linear=0.15 angular=0.00 cw_y=0 right_done=False start_turn=True count_turn=43 traffic=None stop=False[0m
[self_driving-10] [0m[INFO] [1782484857.905674885] [self_driving]: [CROSSWALK_SLOW_DONE] return normal speed[0m
[self_driving-10] [33m[WARN] [1782484858.157691033] [self_driving]: [LANE_LOST] raw_lane_x=-1 lane_x=-1 filter=lost stop=False state=LINE_FOLLOW safe_linear=0.00 right_ready=False right_done=False[0m
[self_driving-10] [0m[INFO] [1782484858.310320495] [self_driving]: [DEBUG_DRIVE] state=LINE_FOLLOW raw_lane_x=-1 lane_x=-1 filter=lost linear=0.30 angular=0.00 cw_y=0 right_done=False start_turn=True count_turn=43 traffic=None stop=False[0m
[self_driving-10] [0m[INFO] [1782484858.366778310] [self_driving]: [IMAGE] received count=1267 shape=(480, 640, 3) queue=0[0m
[self_driving-10] [0m[INFO] [1782484858.492114717] [self_driving]: [OBJECTS] msg_count=186 n=1 names=['crosswalk'][0m
[self_driving-10] [33m[WARN] [1782484858.704966940] [self_driving]: [LANE_LOST] raw_lane_x=-1 lane_x=-1 filter=lost stop=False state=LINE_FOLLOW safe_linear=0.00 right_ready=False right_done=False[0m
[self_driving-10] [0m[INFO] [1782484858.863395051] [self_driving]: [CROSSWALK_IGNORE] y=87 < th=180[0m
[self_driving-10] [0m[INFO] [1782484858.867583865] [self_driving]: [DEBUG_DRIVE] state=LINE_FOLLOW raw_lane_x=-1 lane_x=-1 filter=lost linear=0.30 angular=0.00 cw_y=87 right_done=False start_turn=True count_turn=43 traffic=None stop=False[0m
[self_driving-10] [0m[INFO] [1782484859.170711347] [self_driving]: [OBJECTS] msg_count=188 n=1 names=['crosswalk'][0m
[self_driving-10] [33m[WARN] [1782484859.255237458] [self_driving]: [LANE_LOST] raw_lane_x=-1 lane_x=-1 filter=lost stop=False state=LINE_FOLLOW safe_linear=0.00 right_ready=False right_done=False[0m
[self_driving-10] [0m[INFO] [1782484859.379012847] [self_driving]: [CROSSWALK_SLOW] y=446 th=180 confirm=4[0m
[self_driving-10] [0m[INFO] [1782484859.381299754] [self_driving]: [DEBUG_DRIVE] state=LINE_FOLLOW raw_lane_x=-1 lane_x=-1 filter=lost linear=0.15 angular=0.00 cw_y=446 right_done=False start_turn=True count_turn=43 traffic=None stop=False[0m
[self_driving-10] [33m[WARN] [1782484859.782412513] [self_driving]: [LANE_LOST] raw_lane_x=-1 lane_x=-1 filter=lost stop=False state=LINE_FOLLOW safe_linear=0.00 right_ready=False right_done=False[0m
[self_driving-10] [0m[INFO] [1782484859.926781846] [self_driving]: [DEBUG_DRIVE] state=LINE_FOLLOW raw_lane_x=-1 lane_x=-1 filter=lost linear=0.15 angular=0.00 cw_y=446 right_done=False start_turn=True count_turn=43 traffic=None stop=False[0m
[self_driving-10] [33m[WARN] [1782484860.309474846] [self_driving]: [LANE_LOST] raw_lane_x=-1 lane_x=-1 filter=lost stop=False state=LINE_FOLLOW safe_linear=0.00 right_ready=False right_done=False[0m
[self_driving-10] [0m[INFO] [1782484860.381894939] [self_driving]: [IMAGE] received count=1297 shape=(480, 640, 3) queue=0[0m
[self_driving-10] [0m[INFO] [1782484860.454400105] [self_driving]: [DEBUG_DRIVE] state=LINE_FOLLOW raw_lane_x=-1 lane_x=-1 filter=lost linear=0.15 angular=0.00 cw_y=446 right_done=False start_turn=True count_turn=43 traffic=None stop=False[0m
[self_driving-10] [33m[WARN] [1782484860.864739735] [self_driving]: [LANE_LOST] raw_lane_x=-1 lane_x=-1 filter=lost stop=False state=LINE_FOLLOW safe_linear=0.00 right_ready=False right_done=False[0m
[self_driving-10] [0m[INFO] [1782484861.000881660] [self_driving]: [DEBUG_DRIVE] state=LINE_FOLLOW raw_lane_x=-1 lane_x=-1 filter=lost linear=0.15 angular=0.00 cw_y=446 right_done=False start_turn=True count_turn=43 traffic=None stop=False[0m
[self_driving-10] [33m[WARN] [1782484861.398927123] [self_driving]: [LANE_LOST] raw_lane_x=-1 lane_x=-1 filter=lost stop=False state=LINE_FOLLOW safe_linear=0.00 right_ready=False right_done=False[0m
[self_driving-10] [0m[INFO] [1782484861.539279919] [self_driving]: [DEBUG_DRIVE] state=LINE_FOLLOW raw_lane_x=-1 lane_x=-1 filter=lost linear=0.15 angular=0.00 cw_y=446 right_done=False start_turn=True count_turn=43 traffic=None stop=False[0m
[self_driving-10] [33m[WARN] [1782484861.925736178] [self_driving]: [LANE_LOST] raw_lane_x=-1 lane_x=-1 filter=lost stop=False state=LINE_FOLLOW safe_linear=0.00 right_ready=False right_done=False[0m
[self_driving-10] [0m[INFO] [1782484862.075877104] [self_driving]: [CROSSWALK_SLOW_DONE] return normal speed[0m
[self_driving-10] [0m[INFO] [1782484862.078676734] [self_driving]: [DEBUG_DRIVE] state=LINE_FOLLOW raw_lane_x=-1 lane_x=-1 filter=lost linear=0.15 angular=0.00 cw_y=446 right_done=False start_turn=True count_turn=43 traffic=None stop=False[0m
[self_driving-10] [0m[INFO] [1782484862.334492974] [self_driving]: [CROSSWALK_SLOW] y=446 th=180 confirm=4[0m
[self_driving-10] [0m[INFO] [1782484862.391032308] [self_driving]: [IMAGE] received count=1327 shape=(480, 640, 3) queue=0[0m
[self_driving-10] [33m[WARN] [1782484862.476525715] [self_driving]: [LANE_LOST] raw_lane_x=-1 lane_x=-1 filter=lost stop=False state=LINE_FOLLOW safe_linear=0.00 right_ready=False right_done=False[0m
[self_driving-10] [0m[INFO] [1782484862.595290085] [self_driving]: [DEBUG_DRIVE] state=LINE_FOLLOW raw_lane_x=-1 lane_x=-1 filter=lost linear=0.15 angular=0.00 cw_y=446 right_done=False start_turn=True count_turn=43 traffic=None stop=False[0m
[self_driving-10] [33m[WARN] [1782484862.996449400] [self_driving]: [LANE_LOST] raw_lane_x=-1 lane_x=-1 filter=lost stop=False state=LINE_FOLLOW safe_linear=0.00 right_ready=False right_done=False[0m
[self_driving-10] [0m[INFO] [1782484863.147175548] [self_driving]: [DEBUG_DRIVE] state=LINE_FOLLOW raw_lane_x=-1 lane_x=-1 filter=lost linear=0.15 angular=0.00 cw_y=446 right_done=False start_turn=True count_turn=43 traffic=None stop=False[0m
[self_driving-10] [33m[WARN] [1782484863.549006103] [self_driving]: [LANE_LOST] raw_lane_x=-1 lane_x=-1 filter=lost stop=False state=LINE_FOLLOW safe_linear=0.00 right_ready=False right_done=False[0m
[self_driving-10] [0m[INFO] [1782484863.689603659] [self_driving]: [DEBUG_DRIVE] state=LINE_FOLLOW raw_lane_x=-1 lane_x=-1 filter=lost linear=0.15 angular=0.00 cw_y=446 right_done=False start_turn=True count_turn=43 traffic=None stop=False[0m
[self_driving-10] [33m[WARN] [1782484864.112343640] [self_driving]: [LANE_LOST] raw_lane_x=-1 lane_x=-1 filter=lost stop=False state=LINE_FOLLOW safe_linear=0.00 right_ready=False right_done=False[0m
[self_driving-10] [0m[INFO] [1782484864.186378473] [self_driving]: [DEBUG_DRIVE] state=LINE_FOLLOW raw_lane_x=-1 lane_x=-1 filter=lost linear=0.15 angular=0.00 cw_y=446 right_done=False start_turn=True count_turn=43 traffic=None stop=False[0m
[self_driving-10] [0m[INFO] [1782484864.426598510] [self_driving]: [IMAGE] received count=1356 shape=(480, 640, 3) queue=0[0m
[self_driving-10] [33m[WARN] [1782484864.620569269] [self_driving]: [LANE_LOST] raw_lane_x=-1 lane_x=-1 filter=lost stop=False state=LINE_FOLLOW safe_linear=0.00 right_ready=False right_done=False[0m
[self_driving-10] [0m[INFO] [1782484864.692812751] [self_driving]: [DEBUG_DRIVE] state=LINE_FOLLOW raw_lane_x=-1 lane_x=-1 filter=lost linear=0.15 angular=0.00 cw_y=446 right_done=False start_turn=True count_turn=43 traffic=None stop=False[0m
[self_driving-10] [0m[INFO] [1782484865.001480028] [self_driving]: [CROSSWALK_SLOW_DONE] return normal speed[0m
[self_driving-10] [33m[WARN] [1782484865.157681732] [self_driving]: [LANE_LOST] raw_lane_x=-1 lane_x=-1 filter=lost stop=False state=LINE_FOLLOW safe_linear=0.00 right_ready=False right_done=False[0m
[self_driving-10] [0m[INFO] [1782484865.254597547] [self_driving]: [DEBUG_DRIVE] state=LINE_FOLLOW raw_lane_x=-1 lane_x=-1 filter=lost linear=0.30 angular=0.00 cw_y=446 right_done=False start_turn=True count_turn=43 traffic=None stop=False[0m
[self_driving-10] [0m[INFO] [1782484865.331172195] [self_driving]: [CROSSWALK_SLOW] y=446 th=180 confirm=4[0m
[self_driving-10] [33m[WARN] [1782484865.664010454] [self_driving]: [LANE_LOST] raw_lane_x=-1 lane_x=-1 filter=lost stop=False state=LINE_FOLLOW safe_linear=0.00 right_ready=False right_done=False[0m
[self_driving-10] [0m[INFO] [1782484865.791840435] [self_driving]: [DEBUG_DRIVE] state=LINE_FOLLOW raw_lane_x=-1 lane_x=-1 filter=lost linear=0.15 angular=0.00 cw_y=446 right_done=False start_turn=True count_turn=43 traffic=None stop=False[0m
[self_driving-10] [33m[WARN] [1782484866.186196305] [self_driving]: [LANE_LOST] raw_lane_x=-1 lane_x=-1 filter=lost stop=False state=LINE_FOLLOW safe_linear=0.00 right_ready=False right_done=False[0m
[self_driving-10] [0m[INFO] [1782484866.339484065] [self_driving]: [DEBUG_DRIVE] state=LINE_FOLLOW raw_lane_x=-1 lane_x=-1 filter=lost linear=0.15 angular=0.00 cw_y=446 right_done=False start_turn=True count_turn=43 traffic=None stop=False[0m
[self_driving-10] [0m[INFO] [1782484866.467020861] [self_driving]: [IMAGE] received count=1383 shape=(480, 640, 3) queue=0[0m
[self_driving-10] [33m[WARN] [1782484866.687290694] [self_driving]: [LANE_LOST] raw_lane_x=-1 lane_x=-1 filter=lost stop=False state=LINE_FOLLOW safe_linear=0.00 right_ready=False right_done=False[0m
[self_driving-10] [0m[INFO] [1782484866.871694490] [self_driving]: [DEBUG_DRIVE] state=LINE_FOLLOW raw_lane_x=-1 lane_x=-1 filter=lost linear=0.15 angular=0.00 cw_y=446 right_done=False start_turn=True count_turn=43 traffic=None stop=False[0m
[self_driving-10] [0m[INFO] [1782484866.967855453] [self_driving]: [OBJECTS] msg_count=189 n=1 names=['green'][0m
[self_driving-10] [0m[INFO] [1782484866.969905694] [self_driving]: [TRAFFIC_CANDIDATE] name=green valid=False cx=339 cy=380 area=91938 score=0.35 min_area=800[0m
[self_driving-10] [33m[WARN] [1782484867.208689416] [self_driving]: [LANE_LOST] raw_lane_x=-1 lane_x=-1 filter=lost stop=False state=LINE_FOLLOW safe_linear=0.00 right_ready=False right_done=False[0m
[self_driving-10] [0m[INFO] [1782484867.426562805] [self_driving]: [DEBUG_DRIVE] state=LINE_FOLLOW raw_lane_x=-1 lane_x=-1 filter=lost linear=0.15 angular=0.00 cw_y=0 right_done=False start_turn=True count_turn=43 traffic=None stop=False[0m
[self_driving-10] [33m[WARN] [1782484867.754093564] [self_driving]: [LANE_LOST] raw_lane_x=-1 lane_x=-1 filter=lost stop=False state=LINE_FOLLOW safe_linear=0.00 right_ready=False right_done=False[0m
[self_driving-10] [0m[INFO] [1782484867.948657879] [self_driving]: [DEBUG_DRIVE] state=LINE_FOLLOW raw_lane_x=-1 lane_x=-1 filter=lost linear=0.15 angular=0.00 cw_y=0 right_done=False start_turn=True count_turn=43 traffic=None stop=False[0m
[self_driving-10] [0m[INFO] [1782484868.016483323] [self_driving]: [CROSSWALK_SLOW_DONE] return normal speed[0m
[self_driving-10] [33m[WARN] [1782484868.288682360] [self_driving]: [LANE_LOST] raw_lane_x=-1 lane_x=-1 filter=lost stop=False state=LINE_FOLLOW safe_linear=0.00 right_ready=False right_done=False[0m
[self_driving-10] [0m[INFO] [1782484868.481049489] [self_driving]: [IMAGE] received count=1413 shape=(480, 640, 3) queue=0[0m
[self_driving-10] [0m[INFO] [1782484868.488602508] [self_driving]: [DEBUG_DRIVE] state=LINE_FOLLOW raw_lane_x=-1 lane_x=-1 filter=lost linear=0.30 angular=0.00 cw_y=0 right_done=False start_turn=True count_turn=43 traffic=None stop=False[0m
[self_driving-10] [33m[WARN] [1782484868.823133971] [self_driving]: [LANE_LOST] raw_lane_x=-1 lane_x=-1 filter=lost stop=False state=LINE_FOLLOW safe_linear=0.00 right_ready=False right_done=False[0m
[self_driving-10] [0m[INFO] [1782484869.035686267] [self_driving]: [DEBUG_DRIVE] state=LINE_FOLLOW raw_lane_x=-1 lane_x=-1 filter=lost linear=0.30 angular=0.00 cw_y=0 right_done=False start_turn=True count_turn=43 traffic=None stop=False[0m
[self_driving-10] [33m[WARN] [1782484869.351646304] [self_driving]: [LANE_LOST] raw_lane_x=-1 lane_x=-1 filter=lost stop=False state=LINE_FOLLOW safe_linear=0.00 right_ready=False right_done=False[0m
[self_driving-10] [0m[INFO] [1782484869.550571229] [self_driving]: [DEBUG_DRIVE] state=LINE_FOLLOW raw_lane_x=-1 lane_x=-1 filter=lost linear=0.30 angular=0.00 cw_y=0 right_done=False start_turn=True count_turn=43 traffic=None stop=False[0m
[self_driving-10] [33m[WARN] [1782484869.897898414] [self_driving]: [LANE_LOST] raw_lane_x=-1 lane_x=-1 filter=lost stop=False state=LINE_FOLLOW safe_linear=0.00 right_ready=False right_done=False[0m
[self_driving-10] [0m[INFO] [1782484870.107023859] [self_driving]: [DEBUG_DRIVE] state=LINE_FOLLOW raw_lane_x=-1 lane_x=-1 filter=lost linear=0.30 angular=0.00 cw_y=0 right_done=False start_turn=True count_turn=43 traffic=None stop=False[0m
[self_driving-10] [33m[WARN] [1782484870.456935581] [self_driving]: [LANE_LOST] raw_lane_x=-1 lane_x=-1 filter=lost stop=False state=LINE_FOLLOW safe_linear=0.00 right_ready=False right_done=False[0m
[self_driving-10] [0m[INFO] [1782484870.497338784] [self_driving]: [IMAGE] received count=1443 shape=(480, 640, 3) queue=0[0m
[self_driving-10] [0m[INFO] [1782484870.624500784] [self_driving]: [DEBUG_DRIVE] state=LINE_FOLLOW raw_lane_x=-1 lane_x=-1 filter=lost linear=0.30 angular=0.00 cw_y=0 right_done=False start_turn=True count_turn=43 traffic=None stop=False[0m
[self_driving-10] [33m[WARN] [1782484870.960112525] [self_driving]: [LANE_LOST] raw_lane_x=-1 lane_x=-1 filter=lost stop=False state=LINE_FOLLOW safe_linear=0.00 right_ready=False right_done=False[0m
[self_driving-10] [0m[INFO] [1782484871.166568710] [self_driving]: [DEBUG_DRIVE] state=LINE_FOLLOW raw_lane_x=-1 lane_x=-1 filter=lost linear=0.30 angular=0.00 cw_y=0 right_done=False start_turn=True count_turn=43 traffic=None stop=False[0m
[self_driving-10] [33m[WARN] [1782484871.504053562] [self_driving]: [LANE_LOST] raw_lane_x=-1 lane_x=-1 filter=lost stop=False state=LINE_FOLLOW safe_linear=0.00 right_ready=False right_done=False[0m
[self_driving-10] [0m[INFO] [1782484871.701608191] [self_driving]: [DEBUG_DRIVE] state=LINE_FOLLOW raw_lane_x=-1 lane_x=-1 filter=lost linear=0.30 angular=0.00 cw_y=0 right_done=False start_turn=True count_turn=43 traffic=None stop=False[0m
[self_driving-10] [33m[WARN] [1782484872.043855283] [self_driving]: [LANE_LOST] raw_lane_x=-1 lane_x=-1 filter=lost stop=False state=LINE_FOLLOW safe_linear=0.00 right_ready=False right_done=False[0m
[self_driving-10] [0m[INFO] [1782484872.246891969] [self_driving]: [DEBUG_DRIVE] state=LINE_FOLLOW raw_lane_x=-1 lane_x=-1 filter=lost linear=0.30 angular=0.00 cw_y=0 right_done=False start_turn=True count_turn=43 traffic=None stop=False[0m
[self_driving-10] [0m[INFO] [1782484872.504041376] [self_driving]: [IMAGE] received count=1473 shape=(480, 640, 3) queue=0[0m
[self_driving-10] [33m[WARN] [1782484872.591595913] [self_driving]: [LANE_LOST] raw_lane_x=-1 lane_x=-1 filter=lost stop=False state=LINE_FOLLOW safe_linear=0.00 right_ready=False right_done=False[0m
[self_driving-10] [0m[INFO] [1782484872.800597505] [self_driving]: [DEBUG_DRIVE] state=LINE_FOLLOW raw_lane_x=-1 lane_x=-1 filter=lost linear=0.30 angular=0.00 cw_y=0 right_done=False start_turn=True count_turn=43 traffic=None stop=False[0m
[self_driving-10] [33m[WARN] [1782484873.127557857] [self_driving]: [LANE_LOST] raw_lane_x=-1 lane_x=-1 filter=lost stop=False state=LINE_FOLLOW safe_linear=0.00 right_ready=False right_done=False[0m
[self_driving-10] [0m[INFO] [1782484873.324858561] [self_driving]: [DEBUG_DRIVE] state=LINE_FOLLOW raw_lane_x=-1 lane_x=-1 filter=lost linear=0.30 angular=0.00 cw_y=0 right_done=False start_turn=True count_turn=43 traffic=None stop=False[0m
[self_driving-10] [33m[WARN] [1782484873.654879764] [self_driving]: [LANE_LOST] raw_lane_x=-1 lane_x=-1 filter=lost stop=False state=LINE_FOLLOW safe_linear=0.00 right_ready=False right_done=False[0m
[self_driving-10] [0m[INFO] [1782484873.867489968] [self_driving]: [DEBUG_DRIVE] state=LINE_FOLLOW raw_lane_x=-1 lane_x=-1 filter=lost linear=0.30 angular=0.00 cw_y=0 right_done=False start_turn=True count_turn=43 traffic=None stop=False[0m
[self_driving-10] [33m[WARN] [1782484874.206998819] [self_driving]: [LANE_LOST] raw_lane_x=-1 lane_x=-1 filter=lost stop=False state=LINE_FOLLOW safe_linear=0.00 right_ready=False right_done=False[0m
[self_driving-10] [0m[INFO] [1782484874.386203004] [self_driving]: [DEBUG_DRIVE] state=LINE_FOLLOW raw_lane_x=-1 lane_x=-1 filter=lost linear=0.30 angular=0.00 cw_y=0 right_done=False start_turn=True count_turn=43 traffic=None stop=False[0m
[self_driving-10] [0m[INFO] [1782484874.531346523] [self_driving]: [IMAGE] received count=1503 shape=(480, 640, 3) queue=0[0m
[self_driving-10] [33m[WARN] [1782484874.734666578] [self_driving]: [LANE_LOST] raw_lane_x=-1 lane_x=-1 filter=lost stop=False state=LINE_FOLLOW safe_linear=0.00 right_ready=False right_done=False[0m
[self_driving-10] [0m[INFO] [1782484874.926752504] [self_driving]: [DEBUG_DRIVE] state=LINE_FOLLOW raw_lane_x=-1 lane_x=-1 filter=lost linear=0.30 angular=0.00 cw_y=0 right_done=False start_turn=True count_turn=43 traffic=None stop=False[0m
[self_driving-10] [33m[WARN] [1782484875.279809948] [self_driving]: [LANE_LOST] raw_lane_x=-1 lane_x=-1 filter=lost stop=False state=LINE_FOLLOW safe_linear=0.00 right_ready=False right_done=False[0m
[self_driving-10] [0m[INFO] [1782484875.462343856] [self_driving]: [DEBUG_DRIVE] state=LINE_FOLLOW raw_lane_x=-1 lane_x=-1 filter=lost linear=0.30 angular=0.00 cw_y=0 right_done=False start_turn=True count_turn=43 traffic=None stop=False[0m
[self_driving-10] [33m[WARN] [1782484875.817188300] [self_driving]: [LANE_LOST] raw_lane_x=-1 lane_x=-1 filter=lost stop=False state=LINE_FOLLOW safe_linear=0.00 right_ready=False right_done=False[0m
[self_driving-10] [0m[INFO] [1782484876.002619133] [self_driving]: [DEBUG_DRIVE] state=LINE_FOLLOW raw_lane_x=-1 lane_x=-1 filter=lost linear=0.30 angular=0.00 cw_y=0 right_done=False start_turn=True count_turn=43 traffic=None stop=False[0m
[self_driving-10] [33m[WARN] [1782484876.344485299] [self_driving]: [LANE_LOST] raw_lane_x=-1 lane_x=-1 filter=lost stop=False state=LINE_FOLLOW safe_linear=0.00 right_ready=False right_done=False[0m
[self_driving-10] [0m[INFO] [1782484876.544681892] [self_driving]: [IMAGE] received count=1533 shape=(480, 640, 3) queue=0[0m
[self_driving-10] [0m[INFO] [1782484876.554757373] [self_driving]: [DEBUG_DRIVE] state=LINE_FOLLOW raw_lane_x=-1 lane_x=-1 filter=lost linear=0.30 angular=0.00 cw_y=0 right_done=False start_turn=True count_turn=43 traffic=None stop=False[0m
[self_driving-10] [33m[WARN] [1782484876.884166132] [self_driving]: [LANE_LOST] raw_lane_x=-1 lane_x=-1 filter=lost stop=False state=LINE_FOLLOW safe_linear=0.00 right_ready=False right_done=False[0m
[self_driving-10] [0m[INFO] [1782484877.091030003] [self_driving]: [DEBUG_DRIVE] state=LINE_FOLLOW raw_lane_x=-1 lane_x=-1 filter=lost linear=0.30 angular=0.00 cw_y=0 right_done=False start_turn=True count_turn=43 traffic=None stop=False[0m
[self_driving-10] [33m[WARN] [1782484877.432885651] [self_driving]: [LANE_LOST] raw_lane_x=-1 lane_x=-1 filter=lost stop=False state=LINE_FOLLOW safe_linear=0.00 right_ready=False right_done=False[0m
[self_driving-10] [0m[INFO] [1782484877.630206688] [self_driving]: [DEBUG_DRIVE] state=LINE_FOLLOW raw_lane_x=-1 lane_x=-1 filter=lost linear=0.30 angular=0.00 cw_y=0 right_done=False start_turn=True count_turn=43 traffic=None stop=False[0m
[self_driving-10] [33m[WARN] [1782484877.960474224] [self_driving]: [LANE_LOST] raw_lane_x=-1 lane_x=-1 filter=lost stop=False state=LINE_FOLLOW safe_linear=0.00 right_ready=False right_done=False[0m
[self_driving-10] [0m[INFO] [1782484878.167805354] [self_driving]: [DEBUG_DRIVE] state=LINE_FOLLOW raw_lane_x=-1 lane_x=-1 filter=lost linear=0.30 angular=0.00 cw_y=0 right_done=False start_turn=True count_turn=43 traffic=None stop=False[0m
[self_driving-10] [33m[WARN] [1782484878.507330965] [self_driving]: [LANE_LOST] raw_lane_x=-1 lane_x=-1 filter=lost stop=False state=LINE_FOLLOW safe_linear=0.00 right_ready=False right_done=False[0m
[self_driving-10] [0m[INFO] [1782484878.550302909] [self_driving]: [IMAGE] received count=1563 shape=(480, 640, 3) queue=0[0m
[self_driving-10] [0m[INFO] [1782484878.703437502] [self_driving]: [DEBUG_DRIVE] state=LINE_FOLLOW raw_lane_x=-1 lane_x=-1 filter=lost linear=0.30 angular=0.00 cw_y=0 right_done=False start_turn=True count_turn=43 traffic=None stop=False[0m
[self_driving-10] [33m[WARN] [1782484879.037094261] [self_driving]: [LANE_LOST] raw_lane_x=-1 lane_x=-1 filter=lost stop=False state=LINE_FOLLOW safe_linear=0.00 right_ready=False right_done=False[0m
[self_driving-10] [0m[INFO] [1782484879.241307520] [self_driving]: [DEBUG_DRIVE] state=LINE_FOLLOW raw_lane_x=-1 lane_x=-1 filter=lost linear=0.30 angular=0.00 cw_y=0 right_done=False start_turn=True count_turn=43 traffic=None stop=False[0m
[self_driving-10] [33m[WARN] [1782484879.584088260] [self_driving]: [LANE_LOST] raw_lane_x=-1 lane_x=-1 filter=lost stop=False state=LINE_FOLLOW safe_linear=0.00 right_ready=False right_done=False[0m
[self_driving-10] [0m[INFO] [1782484879.776396649] [self_driving]: [DEBUG_DRIVE] state=LINE_FOLLOW raw_lane_x=-1 lane_x=-1 filter=lost linear=0.30 angular=0.00 cw_y=0 right_done=False start_turn=True count_turn=43 traffic=None stop=False[0m
[self_driving-10] [33m[WARN] [1782484880.119388149] [self_driving]: [LANE_LOST] raw_lane_x=-1 lane_x=-1 filter=lost stop=False state=LINE_FOLLOW safe_linear=0.00 right_ready=False right_done=False[0m
[self_driving-10] [0m[INFO] [1782484880.311983371] [self_driving]: [DEBUG_DRIVE] state=LINE_FOLLOW raw_lane_x=-1 lane_x=-1 filter=lost linear=0.30 angular=0.00 cw_y=0 right_done=False start_turn=True count_turn=43 traffic=None stop=False[0m
[self_driving-10] [0m[INFO] [1782484880.581288001] [self_driving]: [IMAGE] received count=1593 shape=(480, 640, 3) queue=0[0m
[self_driving-10] [33m[WARN] [1782484880.653443612] [self_driving]: [LANE_LOST] raw_lane_x=-1 lane_x=-1 filter=lost stop=False state=LINE_FOLLOW safe_linear=0.00 right_ready=False right_done=False[0m
[self_driving-10] [0m[INFO] [1782484880.862184223] [self_driving]: [DEBUG_DRIVE] state=LINE_FOLLOW raw_lane_x=-1 lane_x=-1 filter=lost linear=0.30 angular=0.00 cw_y=0 right_done=False start_turn=True count_turn=43 traffic=None stop=False[0m
[self_driving-10] [33m[WARN] [1782484881.179911389] [self_driving]: [LANE_LOST] raw_lane_x=-1 lane_x=-1 filter=lost stop=False state=LINE_FOLLOW safe_linear=0.00 right_ready=False right_done=False[0m
[self_driving-10] [0m[INFO] [1782484881.386355926] [self_driving]: [DEBUG_DRIVE] state=LINE_FOLLOW raw_lane_x=-1 lane_x=-1 filter=lost linear=0.30 angular=0.00 cw_y=0 right_done=False start_turn=True count_turn=43 traffic=None stop=False[0m
[self_driving-10] [33m[WARN] [1782484881.727920130] [self_driving]: [LANE_LOST] raw_lane_x=-1 lane_x=-1 filter=lost stop=False state=LINE_FOLLOW safe_linear=0.00 right_ready=False right_done=False[0m
[self_driving-10] [0m[INFO] [1782484881.934533500] [self_driving]: [DEBUG_DRIVE] state=LINE_FOLLOW raw_lane_x=-1 lane_x=-1 filter=lost linear=0.30 angular=0.00 cw_y=0 right_done=False start_turn=True count_turn=43 traffic=None stop=False[0m
[self_driving-10] [33m[WARN] [1782484882.281580166] [self_driving]: [LANE_LOST] raw_lane_x=-1 lane_x=-1 filter=lost stop=False state=LINE_FOLLOW safe_linear=0.00 right_ready=False right_done=False[0m
[self_driving-10] [0m[INFO] [1782484882.453706425] [self_driving]: [DEBUG_DRIVE] state=LINE_FOLLOW raw_lane_x=-1 lane_x=-1 filter=lost linear=0.30 angular=0.00 cw_y=0 right_done=False start_turn=True count_turn=43 traffic=None stop=False[0m
[self_driving-10] [0m[INFO] [1782484882.587913611] [self_driving]: [IMAGE] received count=1623 shape=(480, 640, 3) queue=0[0m
[self_driving-10] [33m[WARN] [1782484882.784947388] [self_driving]: [LANE_LOST] raw_lane_x=-1 lane_x=-1 filter=lost stop=False state=LINE_FOLLOW safe_linear=0.00 right_ready=False right_done=False[0m
[self_driving-10] [0m[INFO] [1782484883.003739795] [self_driving]: [DEBUG_DRIVE] state=LINE_FOLLOW raw_lane_x=-1 lane_x=-1 filter=lost linear=0.30 angular=0.00 cw_y=0 right_done=False start_turn=True count_turn=43 traffic=None stop=False[0m
[self_driving-10] [33m[WARN] [1782484883.338014832] [self_driving]: [LANE_LOST] raw_lane_x=-1 lane_x=-1 filter=lost stop=False state=LINE_FOLLOW safe_linear=0.00 right_ready=False right_done=False[0m
[self_driving-10] [0m[INFO] [1782484883.536941554] [self_driving]: [DEBUG_DRIVE] state=LINE_FOLLOW raw_lane_x=-1 lane_x=-1 filter=lost linear=0.30 angular=0.00 cw_y=0 right_done=False start_turn=True count_turn=43 traffic=None stop=False[0m
[self_driving-10] [33m[WARN] [1782484883.867760776] [self_driving]: [LANE_LOST] raw_lane_x=-1 lane_x=-1 filter=lost stop=False state=LINE_FOLLOW safe_linear=0.00 right_ready=False right_done=False[0m
[self_driving-10] [0m[INFO] [1782484884.071371721] [self_driving]: [DEBUG_DRIVE] state=LINE_FOLLOW raw_lane_x=-1 lane_x=-1 filter=lost linear=0.30 angular=0.00 cw_y=0 right_done=False start_turn=True count_turn=43 traffic=None stop=False[0m
[self_driving-10] [33m[WARN] [1782484884.408183443] [self_driving]: [LANE_LOST] raw_lane_x=-1 lane_x=-1 filter=lost stop=False state=LINE_FOLLOW safe_linear=0.00 right_ready=False right_done=False[0m
[self_driving-10] [0m[INFO] [1782484884.608434313] [self_driving]: [IMAGE] received count=1653 shape=(480, 640, 3) queue=0[0m
[self_driving-10] [0m[INFO] [1782484884.614289961] [self_driving]: [DEBUG_DRIVE] state=LINE_FOLLOW raw_lane_x=-1 lane_x=-1 filter=lost linear=0.30 angular=0.00 cw_y=0 right_done=False start_turn=True count_turn=43 traffic=None stop=False[0m
[self_driving-10] [33m[WARN] [1782484884.948916220] [self_driving]: [LANE_LOST] raw_lane_x=-1 lane_x=-1 filter=lost stop=False state=LINE_FOLLOW safe_linear=0.00 right_ready=False right_done=False[0m
[self_driving-10] [0m[INFO] [1782484885.151142609] [self_driving]: [DEBUG_DRIVE] state=LINE_FOLLOW raw_lane_x=-1 lane_x=-1 filter=lost linear=0.30 angular=0.00 cw_y=0 right_done=False start_turn=True count_turn=43 traffic=None stop=False[0m
[self_driving-10] [33m[WARN] [1782484885.493839072] [self_driving]: [LANE_LOST] raw_lane_x=-1 lane_x=-1 filter=lost stop=False state=LINE_FOLLOW safe_linear=0.00 right_ready=False right_done=False[0m
[self_driving-10] [0m[INFO] [1782484885.703814516] [self_driving]: [DEBUG_DRIVE] state=LINE_FOLLOW raw_lane_x=-1 lane_x=-1 filter=lost linear=0.30 angular=0.00 cw_y=0 right_done=False start_turn=True count_turn=43 traffic=None stop=False[0m
[self_driving-10] [33m[WARN] [1782484886.014481257] [self_driving]: [LANE_LOST] raw_lane_x=-1 lane_x=-1 filter=lost stop=False state=LINE_FOLLOW safe_linear=0.00 right_ready=False right_done=False[0m
[self_driving-10] [0m[INFO] [1782484886.225663405] [self_driving]: [DEBUG_DRIVE] state=LINE_FOLLOW raw_lane_x=-1 lane_x=-1 filter=lost linear=0.30 angular=0.00 cw_y=0 right_done=False start_turn=True count_turn=43 traffic=None stop=False[0m
[self_driving-10] [33m[WARN] [1782484886.565963590] [self_driving]: [LANE_LOST] raw_lane_x=-1 lane_x=-1 filter=lost stop=False state=LINE_FOLLOW safe_linear=0.00 right_ready=False right_done=False[0m
[self_driving-10] [0m[INFO] [1782484886.613414127] [self_driving]: [IMAGE] received count=1683 shape=(480, 640, 3) queue=0[0m
[self_driving-10] [0m[INFO] [1782484886.767289812] [self_driving]: [DEBUG_DRIVE] state=LINE_FOLLOW raw_lane_x=-1 lane_x=-1 filter=lost linear=0.30 angular=0.00 cw_y=0 right_done=False start_turn=True count_turn=43 traffic=None stop=False[0m
[self_driving-10] [33m[WARN] [1782484887.102032219] [self_driving]: [LANE_LOST] raw_lane_x=-1 lane_x=-1 filter=lost stop=False state=LINE_FOLLOW safe_linear=0.00 right_ready=False right_done=False[0m
[self_driving-10] [0m[INFO] [1782484887.313084663] [self_driving]: [DEBUG_DRIVE] state=LINE_FOLLOW raw_lane_x=-1 lane_x=-1 filter=lost linear=0.30 angular=0.00 cw_y=0 right_done=False start_turn=True count_turn=43 traffic=None stop=False[0m
[self_driving-10] [33m[WARN] [1782484887.634506922] [self_driving]: [LANE_LOST] raw_lane_x=-1 lane_x=-1 filter=lost stop=False state=LINE_FOLLOW safe_linear=0.00 right_ready=False right_done=False[0m
[self_driving-10] [0m[INFO] [1782484887.830289996] [self_driving]: [DEBUG_DRIVE] state=LINE_FOLLOW raw_lane_x=-1 lane_x=-1 filter=lost linear=0.30 angular=0.00 cw_y=0 right_done=False start_turn=True count_turn=43 traffic=None stop=False[0m
[self_driving-10] [33m[WARN] [1782484888.176714533] [self_driving]: [LANE_LOST] raw_lane_x=-1 lane_x=-1 filter=lost stop=False state=LINE_FOLLOW safe_linear=0.00 right_ready=False right_done=False[0m
[self_driving-10] [0m[INFO] [1782484888.377695181] [self_driving]: [DEBUG_DRIVE] state=LINE_FOLLOW raw_lane_x=-1 lane_x=-1 filter=lost linear=0.30 angular=0.00 cw_y=0 right_done=False start_turn=True count_turn=43 traffic=None stop=False[0m
[self_driving-10] [0m[INFO] [1782484888.648377755] [self_driving]: [IMAGE] received count=1713 shape=(480, 640, 3) queue=0[0m
[self_driving-10] [33m[WARN] [1782484888.717972162] [self_driving]: [LANE_LOST] raw_lane_x=-1 lane_x=-1 filter=lost stop=False state=LINE_FOLLOW safe_linear=0.00 right_ready=False right_done=False[0m
[self_driving-10] [0m[INFO] [1782484888.929107459] [self_driving]: [DEBUG_DRIVE] state=LINE_FOLLOW raw_lane_x=-1 lane_x=-1 filter=lost linear=0.30 angular=0.00 cw_y=0 right_done=False start_turn=True count_turn=43 traffic=None stop=False[0m
[self_driving-10] [33m[WARN] [1782484889.259498255] [self_driving]: [LANE_LOST] raw_lane_x=-1 lane_x=-1 filter=lost stop=False state=LINE_FOLLOW safe_linear=0.00 right_ready=False right_done=False[0m
[self_driving-10] [0m[INFO] [1782484889.449966032] [self_driving]: [DEBUG_DRIVE] state=LINE_FOLLOW raw_lane_x=-1 lane_x=-1 filter=lost linear=0.30 angular=0.00 cw_y=0 right_done=False start_turn=True count_turn=43 traffic=None stop=False[0m
[self_driving-10] [33m[WARN] [1782484889.795692865] [self_driving]: [LANE_LOST] raw_lane_x=-1 lane_x=-1 filter=lost stop=False state=LINE_FOLLOW safe_linear=0.00 right_ready=False right_done=False[0m
[self_driving-10] [0m[INFO] [1782484889.994899680] [self_driving]: [DEBUG_DRIVE] state=LINE_FOLLOW raw_lane_x=-1 lane_x=-1 filter=lost linear=0.30 angular=0.00 cw_y=0 right_done=False start_turn=True count_turn=43 traffic=None stop=False[0m
[self_driving-10] [33m[WARN] [1782484890.336172439] [self_driving]: [LANE_LOST] raw_lane_x=-1 lane_x=-1 filter=lost stop=False state=LINE_FOLLOW safe_linear=0.00 right_ready=False right_done=False[0m
[self_driving-10] [0m[INFO] [1782484890.537229347] [self_driving]: [DEBUG_DRIVE] state=LINE_FOLLOW raw_lane_x=-1 lane_x=-1 filter=lost linear=0.30 angular=0.00 cw_y=0 right_done=False start_turn=True count_turn=43 traffic=None stop=False[0m
[self_driving-10] [0m[INFO] [1782484890.663598624] [self_driving]: [IMAGE] received count=1743 shape=(480, 640, 3) queue=0[0m
[self_driving-10] [33m[WARN] [1782484890.857888494] [self_driving]: [LANE_LOST] raw_lane_x=-1 lane_x=-1 filter=lost stop=False state=LINE_FOLLOW safe_linear=0.00 right_ready=False right_done=False[0m
[self_driving-10] [0m[INFO] [1782484891.063272772] [self_driving]: [DEBUG_DRIVE] state=LINE_FOLLOW raw_lane_x=-1 lane_x=-1 filter=lost linear=0.30 angular=0.00 cw_y=0 right_done=False start_turn=True count_turn=43 traffic=None stop=False[0m
[self_driving-10] [33m[WARN] [1782484891.411524846] [self_driving]: [LANE_LOST] raw_lane_x=-1 lane_x=-1 filter=lost stop=False state=LINE_FOLLOW safe_linear=0.00 right_ready=False right_done=False[0m
[self_driving-10] [0m[INFO] [1782484891.610182383] [self_driving]: [DEBUG_DRIVE] state=LINE_FOLLOW raw_lane_x=-1 lane_x=-1 filter=lost linear=0.30 angular=0.00 cw_y=0 right_done=False start_turn=True count_turn=43 traffic=None stop=False[0m
[self_driving-10] [33m[WARN] [1782484891.929310235] [self_driving]: [LANE_LOST] raw_lane_x=-1 lane_x=-1 filter=lost stop=False state=LINE_FOLLOW safe_linear=0.00 right_ready=False right_done=False[0m
[self_driving-10] [0m[INFO] [1782484892.141944068] [self_driving]: [DEBUG_DRIVE] state=LINE_FOLLOW raw_lane_x=-1 lane_x=-1 filter=lost linear=0.30 angular=0.00 cw_y=0 right_done=False start_turn=True count_turn=43 traffic=None stop=False[0m
[self_driving-10] [33m[WARN] [1782484892.429505605] [self_driving]: [LANE_LOST] raw_lane_x=-1 lane_x=-1 filter=lost stop=False state=LINE_FOLLOW safe_linear=0.00 right_ready=False right_done=False[0m
[self_driving-10] [0m[INFO] [1782484892.675579530] [self_driving]: [IMAGE] received count=1773 shape=(480, 640, 3) queue=0[0m
[self_driving-10] [0m[INFO] [1782484892.687524530] [self_driving]: [DEBUG_DRIVE] state=LINE_FOLLOW raw_lane_x=-1 lane_x=-1 filter=lost linear=0.30 angular=0.00 cw_y=0 right_done=False start_turn=True count_turn=43 traffic=None stop=False[0m
[self_driving-10] [33m[WARN] [1782484892.946327956] [self_driving]: [LANE_LOST] raw_lane_x=-1 lane_x=-1 filter=lost stop=False state=LINE_FOLLOW safe_linear=0.00 right_ready=False right_done=False[0m
[self_driving-10] [0m[INFO] [1782484893.216163900] [self_driving]: [DEBUG_DRIVE] state=LINE_FOLLOW raw_lane_x=-1 lane_x=-1 filter=lost linear=0.30 angular=0.00 cw_y=0 right_done=False start_turn=True count_turn=43 traffic=None stop=False[0m
[self_driving-10] [33m[WARN] [1782484893.475349400] [self_driving]: [LANE_LOST] raw_lane_x=-1 lane_x=-1 filter=lost stop=False state=LINE_FOLLOW safe_linear=0.00 right_ready=False right_done=False[0m
[self_driving-10] [0m[INFO] [1782484893.773060604] [self_driving]: [DEBUG_DRIVE] state=LINE_FOLLOW raw_lane_x=-1 lane_x=-1 filter=lost linear=0.30 angular=0.00 cw_y=0 right_done=False start_turn=True count_turn=43 traffic=None stop=False[0m
[self_driving-10] [33m[WARN] [1782484894.010328270] [self_driving]: [LANE_LOST] raw_lane_x=-1 lane_x=-1 filter=lost stop=False state=LINE_FOLLOW safe_linear=0.00 right_ready=False right_done=False[0m
[self_driving-10] [0m[INFO] [1782484894.295293641] [self_driving]: [DEBUG_DRIVE] state=LINE_FOLLOW raw_lane_x=-1 lane_x=-1 filter=lost linear=0.30 angular=0.00 cw_y=0 right_done=False start_turn=True count_turn=43 traffic=None stop=False[0m
[self_driving-10] [33m[WARN] [1782484894.550106789] [self_driving]: [LANE_LOST] raw_lane_x=-1 lane_x=-1 filter=lost stop=False state=LINE_FOLLOW safe_linear=0.00 right_ready=False right_done=False[0m
[self_driving-10] [0m[INFO] [1782484894.675990918] [self_driving]: [IMAGE] received count=1803 shape=(480, 640, 3) queue=0[0m
[self_driving-10] [0m[INFO] [1782484894.838473640] [self_driving]: [DEBUG_DRIVE] state=LINE_FOLLOW raw_lane_x=-1 lane_x=-1 filter=lost linear=0.30 angular=0.00 cw_y=0 right_done=False start_turn=True count_turn=43 traffic=None stop=False[0m
[self_driving-10] [33m[WARN] [1782484895.106761251] [self_driving]: [LANE_LOST] raw_lane_x=-1 lane_x=-1 filter=lost stop=False state=LINE_FOLLOW safe_linear=0.00 right_ready=False right_done=False[0m
[self_driving-10] [0m[INFO] [1782484895.351622603] [self_driving]: [DEBUG_DRIVE] state=LINE_FOLLOW raw_lane_x=-1 lane_x=-1 filter=lost linear=0.30 angular=0.00 cw_y=0 right_done=False start_turn=True count_turn=43 traffic=None stop=False[0m
[self_driving-10] [33m[WARN] [1782484895.638286510] [self_driving]: [LANE_LOST] raw_lane_x=-1 lane_x=-1 filter=lost stop=False state=LINE_FOLLOW safe_linear=0.00 right_ready=False right_done=False[0m
[self_driving-10] [0m[INFO] [1782484895.915005510] [self_driving]: [DEBUG_DRIVE] state=LINE_FOLLOW raw_lane_x=-1 lane_x=-1 filter=lost linear=0.30 angular=0.00 cw_y=0 right_done=False start_turn=True count_turn=43 traffic=None stop=False[0m
[self_driving-10] [33m[WARN] [1782484896.169694417] [self_driving]: [LANE_LOST] raw_lane_x=-1 lane_x=-1 filter=lost stop=False state=LINE_FOLLOW safe_linear=0.00 right_ready=False right_done=False[0m
[self_driving-10] [0m[INFO] [1782484896.437372565] [self_driving]: [DEBUG_DRIVE] state=LINE_FOLLOW raw_lane_x=-1 lane_x=-1 filter=lost linear=0.30 angular=0.00 cw_y=0 right_done=False start_turn=True count_turn=43 traffic=None stop=False[0m
[self_driving-10] [0m[INFO] [1782484896.693597861] [self_driving]: [IMAGE] received count=1833 shape=(480, 640, 3) queue=0[0m
[self_driving-10] [33m[WARN] [1782484896.704299065] [self_driving]: [LANE_LOST] raw_lane_x=-1 lane_x=-1 filter=lost stop=False state=LINE_FOLLOW safe_linear=0.00 right_ready=False right_done=False[0m
[self_driving-10] [0m[INFO] [1782484896.987943195] [self_driving]: [DEBUG_DRIVE] state=LINE_FOLLOW raw_lane_x=-1 lane_x=-1 filter=lost linear=0.30 angular=0.00 cw_y=0 right_done=False start_turn=True count_turn=43 traffic=None stop=False[0m
[self_driving-10] [33m[WARN] [1782484897.243074935] [self_driving]: [LANE_LOST] raw_lane_x=-1 lane_x=-1 filter=lost stop=False state=LINE_FOLLOW safe_linear=0.00 right_ready=False right_done=False[0m
[self_driving-10] [0m[INFO] [1782484897.515535472] [self_driving]: [DEBUG_DRIVE] state=LINE_FOLLOW raw_lane_x=-1 lane_x=-1 filter=lost linear=0.30 angular=0.00 cw_y=0 right_done=False start_turn=True count_turn=43 traffic=None stop=False[0m
[self_driving-10] [33m[WARN] [1782484897.780151027] [self_driving]: [LANE_LOST] raw_lane_x=-1 lane_x=-1 filter=lost stop=False state=LINE_FOLLOW safe_linear=0.00 right_ready=False right_done=False[0m
[self_driving-10] [0m[INFO] [1782484898.059390786] [self_driving]: [DEBUG_DRIVE] state=LINE_FOLLOW raw_lane_x=-1 lane_x=-1 filter=lost linear=0.30 angular=0.00 cw_y=0 right_done=False start_turn=True count_turn=43 traffic=None stop=False[0m
[self_driving-10] [33m[WARN] [1782484898.317766879] [self_driving]: [LANE_LOST] raw_lane_x=-1 lane_x=-1 filter=lost stop=False state=LINE_FOLLOW safe_linear=0.00 right_ready=False right_done=False[0m
[self_driving-10] [0m[INFO] [1782484898.581891082] [self_driving]: [DEBUG_DRIVE] state=LINE_FOLLOW raw_lane_x=-1 lane_x=-1 filter=lost linear=0.30 angular=0.00 cw_y=0 right_done=False start_turn=True count_turn=43 traffic=None stop=False[0m
[self_driving-10] [0m[INFO] [1782484898.730022545] [self_driving]: [IMAGE] received count=1863 shape=(480, 640, 3) queue=0[0m
[self_driving-10] [33m[WARN] [1782484898.849883323] [self_driving]: [LANE_LOST] raw_lane_x=-1 lane_x=-1 filter=lost stop=False state=LINE_FOLLOW safe_linear=0.00 right_ready=False right_done=False[0m
[self_driving-10] [0m[INFO] [1782484899.134208490] [self_driving]: [DEBUG_DRIVE] state=LINE_FOLLOW raw_lane_x=-1 lane_x=-1 filter=lost linear=0.30 angular=0.00 cw_y=0 right_done=False start_turn=True count_turn=43 traffic=None stop=False[0m
[self_driving-10] [33m[WARN] [1782484899.410241082] [self_driving]: [LANE_LOST] raw_lane_x=-1 lane_x=-1 filter=lost stop=False state=LINE_FOLLOW safe_linear=0.00 right_ready=False right_done=False[0m
[self_driving-10] [0m[INFO] [1782484899.666019267] [self_driving]: [DEBUG_DRIVE] state=LINE_FOLLOW raw_lane_x=-1 lane_x=-1 filter=lost linear=0.30 angular=0.00 cw_y=0 right_done=False start_turn=True count_turn=43 traffic=None stop=False[0m
[self_driving-10] [33m[WARN] [1782484899.926332045] [self_driving]: [LANE_LOST] raw_lane_x=-1 lane_x=-1 filter=lost stop=False state=LINE_FOLLOW safe_linear=0.00 right_ready=False right_done=False[0m
[self_driving-10] [0m[INFO] [1782484900.188378915] [self_driving]: [DEBUG_DRIVE] state=LINE_FOLLOW raw_lane_x=-1 lane_x=-1 filter=lost linear=0.30 angular=0.00 cw_y=0 right_done=False start_turn=True count_turn=43 traffic=None stop=False[0m
[self_driving-10] [33m[WARN] [1782484900.480567378] [self_driving]: [LANE_LOST] raw_lane_x=-1 lane_x=-1 filter=lost stop=False state=LINE_FOLLOW safe_linear=0.00 right_ready=False right_done=False[0m
[self_driving-10] [0m[INFO] [1782484900.739726915] [self_driving]: [IMAGE] received count=1893 shape=(480, 640, 3) queue=0[0m
[self_driving-10] [0m[INFO] [1782484900.749586137] [self_driving]: [DEBUG_DRIVE] state=LINE_FOLLOW raw_lane_x=-1 lane_x=-1 filter=lost linear=0.30 angular=0.00 cw_y=0 right_done=False start_turn=True count_turn=43 traffic=None stop=False[0m
[self_driving-10] [33m[WARN] [1782484901.013147896] [self_driving]: [LANE_LOST] raw_lane_x=-1 lane_x=-1 filter=lost stop=False state=LINE_FOLLOW safe_linear=0.00 right_ready=False right_done=False[0m
[self_driving-10] [0m[INFO] [1782484901.271796988] [self_driving]: [DEBUG_DRIVE] state=LINE_FOLLOW raw_lane_x=-1 lane_x=-1 filter=lost linear=0.30 angular=0.00 cw_y=0 right_done=False start_turn=True count_turn=43 traffic=None stop=False[0m
[self_driving-10] [33m[WARN] [1782484901.543452173] [self_driving]: [LANE_LOST] raw_lane_x=-1 lane_x=-1 filter=lost stop=False state=LINE_FOLLOW safe_linear=0.00 right_ready=False right_done=False[0m
[self_driving-10] [0m[INFO] [1782484901.829840636] [self_driving]: [DEBUG_DRIVE] state=LINE_FOLLOW raw_lane_x=-1 lane_x=-1 filter=lost linear=0.30 angular=0.00 cw_y=0 right_done=False start_turn=True count_turn=43 traffic=None stop=False[0m
[self_driving-10] [33m[WARN] [1782484902.106169506] [self_driving]: [LANE_LOST] raw_lane_x=-1 lane_x=-1 filter=lost stop=False state=LINE_FOLLOW safe_linear=0.00 right_ready=False right_done=False[0m
[self_driving-10] [0m[INFO] [1782484902.351809599] [self_driving]: [DEBUG_DRIVE] state=LINE_FOLLOW raw_lane_x=-1 lane_x=-1 filter=lost linear=0.30 angular=0.00 cw_y=0 right_done=False start_turn=True count_turn=43 traffic=None stop=False[0m
[self_driving-10] [33m[WARN] [1782484902.623598562] [self_driving]: [LANE_LOST] raw_lane_x=-1 lane_x=-1 filter=lost stop=False state=LINE_FOLLOW safe_linear=0.00 right_ready=False right_done=False[0m
[self_driving-10] [0m[INFO] [1782484902.743391395] [self_driving]: [IMAGE] received count=1923 shape=(480, 640, 3) queue=0[0m
[self_driving-10] [0m[INFO] [1782484902.908605469] [self_driving]: [DEBUG_DRIVE] state=LINE_FOLLOW raw_lane_x=-1 lane_x=-1 filter=lost linear=0.30 angular=0.00 cw_y=0 right_done=False start_turn=True count_turn=43 traffic=None stop=False[0m
[self_driving-10] [33m[WARN] [1782484903.170127728] [self_driving]: [LANE_LOST] raw_lane_x=-1 lane_x=-1 filter=lost stop=False state=LINE_FOLLOW safe_linear=0.00 right_ready=False right_done=False[0m
[self_driving-10] [0m[INFO] [1782484903.426825043] [self_driving]: [DEBUG_DRIVE] state=LINE_FOLLOW raw_lane_x=-1 lane_x=-1 filter=lost linear=0.30 angular=0.00 cw_y=0 right_done=False start_turn=True count_turn=43 traffic=None stop=False[0m
[self_driving-10] [33m[WARN] [1782484903.702487654] [self_driving]: [LANE_LOST] raw_lane_x=-1 lane_x=-1 filter=lost stop=False state=LINE_FOLLOW safe_linear=0.00 right_ready=False right_done=False[0m
[self_driving-10] [0m[INFO] [1782484903.969597764] [self_driving]: [DEBUG_DRIVE] state=LINE_FOLLOW raw_lane_x=-1 lane_x=-1 filter=lost linear=0.30 angular=0.00 cw_y=0 right_done=False start_turn=True count_turn=43 traffic=None stop=False[0m
[self_driving-10] [33m[WARN] [1782484904.231663190] [self_driving]: [LANE_LOST] raw_lane_x=-1 lane_x=-1 filter=lost stop=False state=LINE_FOLLOW safe_linear=0.00 right_ready=False right_done=False[0m
[self_driving-10] [0m[INFO] [1782484904.518834357] [self_driving]: [DEBUG_DRIVE] state=LINE_FOLLOW raw_lane_x=-1 lane_x=-1 filter=lost linear=0.30 angular=0.00 cw_y=0 right_done=False start_turn=True count_turn=43 traffic=None stop=False[0m
[self_driving-10] [0m[INFO] [1782484904.769750468] [self_driving]: [IMAGE] received count=1953 shape=(480, 640, 3) queue=0[0m
[self_driving-10] [33m[WARN] [1782484904.779215708] [self_driving]: [LANE_LOST] raw_lane_x=-1 lane_x=-1 filter=lost stop=False state=LINE_FOLLOW safe_linear=0.00 right_ready=False right_done=False[0m
[self_driving-10] [0m[INFO] [1782484905.042571486] [self_driving]: [DEBUG_DRIVE] state=LINE_FOLLOW raw_lane_x=-1 lane_x=-1 filter=lost linear=0.30 angular=0.00 cw_y=0 right_done=False start_turn=True count_turn=43 traffic=None stop=False[0m
[self_driving-10] [33m[WARN] [1782484905.322878616] [self_driving]: [LANE_LOST] raw_lane_x=-1 lane_x=-1 filter=lost stop=False state=LINE_FOLLOW safe_linear=0.00 right_ready=False right_done=False[0m
[self_driving-10] [0m[INFO] [1782484905.592498152] [self_driving]: [DEBUG_DRIVE] state=LINE_FOLLOW raw_lane_x=-1 lane_x=-1 filter=lost linear=0.30 angular=0.00 cw_y=0 right_done=False start_turn=True count_turn=43 traffic=None stop=False[0m
[self_driving-10] [33m[WARN] [1782484905.837184689] [self_driving]: [LANE_LOST] raw_lane_x=-1 lane_x=-1 filter=lost stop=False state=LINE_FOLLOW safe_linear=0.00 right_ready=False right_done=False[0m
[self_driving-10] [0m[INFO] [1782484906.122909171] [self_driving]: [DEBUG_DRIVE] state=LINE_FOLLOW raw_lane_x=-1 lane_x=-1 filter=lost linear=0.30 angular=0.00 cw_y=0 right_done=False start_turn=True count_turn=43 traffic=None stop=False[0m
[self_driving-10] [33m[WARN] [1782484906.386542633] [self_driving]: [LANE_LOST] raw_lane_x=-1 lane_x=-1 filter=lost stop=False state=LINE_FOLLOW safe_linear=0.00 right_ready=False right_done=False[0m
[self_driving-10] [0m[INFO] [1782484906.646296504] [self_driving]: [DEBUG_DRIVE] state=LINE_FOLLOW raw_lane_x=-1 lane_x=-1 filter=lost linear=0.30 angular=0.00 cw_y=0 right_done=False start_turn=True count_turn=43 traffic=None stop=False[0m
[self_driving-10] [0m[INFO] [1782484906.774852300] [self_driving]: [IMAGE] received count=1983 shape=(480, 640, 3) queue=0[0m
[self_driving-10] [33m[WARN] [1782484906.931414059] [self_driving]: [LANE_LOST] raw_lane_x=-1 lane_x=-1 filter=lost stop=False state=LINE_FOLLOW safe_linear=0.00 right_ready=False right_done=False[0m
[self_driving-10] [0m[INFO] [1782484907.191448244] [self_driving]: [DEBUG_DRIVE] state=LINE_FOLLOW raw_lane_x=-1 lane_x=-1 filter=lost linear=0.30 angular=0.00 cw_y=0 right_done=False start_turn=True count_turn=43 traffic=None stop=False[0m
[self_driving-10] [33m[WARN] [1782484907.463913262] [self_driving]: [LANE_LOST] raw_lane_x=-1 lane_x=-1 filter=lost stop=False state=LINE_FOLLOW safe_linear=0.00 right_ready=False right_done=False[0m
[self_driving-10] [0m[INFO] [1782484907.734456133] [self_driving]: [DEBUG_DRIVE] state=LINE_FOLLOW raw_lane_x=-1 lane_x=-1 filter=lost linear=0.30 angular=0.00 cw_y=0 right_done=False start_turn=True count_turn=43 traffic=None stop=False[0m
[self_driving-10] [33m[WARN] [1782484907.987906540] [self_driving]: [LANE_LOST] raw_lane_x=-1 lane_x=-1 filter=lost stop=False state=LINE_FOLLOW safe_linear=0.00 right_ready=False right_done=False[0m
[self_driving-10] [0m[INFO] [1782484908.256154354] [self_driving]: [DEBUG_DRIVE] state=LINE_FOLLOW raw_lane_x=-1 lane_x=-1 filter=lost linear=0.30 angular=0.00 cw_y=0 right_done=False start_turn=True count_turn=43 traffic=None stop=False[0m
[self_driving-10] [33m[WARN] [1782484908.534298521] [self_driving]: [LANE_LOST] raw_lane_x=-1 lane_x=-1 filter=lost stop=False state=LINE_FOLLOW safe_linear=0.00 right_ready=False right_done=False[0m
[self_driving-10] [0m[INFO] [1782484908.758451669] [self_driving]: [DEBUG_DRIVE] state=LINE_FOLLOW raw_lane_x=-1 lane_x=-1 filter=lost linear=0.30 angular=0.00 cw_y=0 right_done=False start_turn=True count_turn=43 traffic=None stop=False[0m
[self_driving-10] [0m[INFO] [1782484908.808431150] [self_driving]: [IMAGE] received count=2013 shape=(480, 640, 3) queue=0[0m
[self_driving-10] [33m[WARN] [1782484909.071112280] [self_driving]: [LANE_LOST] raw_lane_x=-1 lane_x=-1 filter=lost stop=False state=LINE_FOLLOW safe_linear=0.00 right_ready=False right_done=False[0m
[self_driving-10] [0m[INFO] [1782484909.282343391] [self_driving]: [DEBUG_DRIVE] state=LINE_FOLLOW raw_lane_x=-1 lane_x=-1 filter=lost linear=0.30 angular=0.00 cw_y=0 right_done=False start_turn=True count_turn=43 traffic=None stop=False[0m
[self_driving-10] [33m[WARN] [1782484909.616700243] [self_driving]: [LANE_LOST] raw_lane_x=-1 lane_x=-1 filter=lost stop=False state=LINE_FOLLOW safe_linear=0.00 right_ready=False right_done=False[0m
[self_driving-10] [0m[INFO] [1782484909.822200520] [self_driving]: [DEBUG_DRIVE] state=LINE_FOLLOW raw_lane_x=-1 lane_x=-1 filter=lost linear=0.30 angular=0.00 cw_y=0 right_done=False start_turn=True count_turn=43 traffic=None stop=False[0m
[self_driving-10] [33m[WARN] [1782484910.165038613] [self_driving]: [LANE_LOST] raw_lane_x=-1 lane_x=-1 filter=lost stop=False state=LINE_FOLLOW safe_linear=0.00 right_ready=False right_done=False[0m
[self_driving-10] [0m[INFO] [1782484910.350497187] [self_driving]: [DEBUG_DRIVE] state=LINE_FOLLOW raw_lane_x=-1 lane_x=-1 filter=lost linear=0.30 angular=0.00 cw_y=0 right_done=False start_turn=True count_turn=43 traffic=None stop=False[0m
[self_driving-10] [33m[WARN] [1782484910.697395520] [self_driving]: [LANE_LOST] raw_lane_x=-1 lane_x=-1 filter=lost stop=False state=LINE_FOLLOW safe_linear=0.00 right_ready=False right_done=False[0m
[self_driving-10] [0m[INFO] [1782484910.821400612] [self_driving]: [IMAGE] received count=2043 shape=(480, 640, 3) queue=0[0m
[self_driving-10] [0m[INFO] [1782484910.883111038] [self_driving]: [DEBUG_DRIVE] state=LINE_FOLLOW raw_lane_x=-1 lane_x=-1 filter=lost linear=0.30 angular=0.00 cw_y=0 right_done=False start_turn=True count_turn=43 traffic=None stop=False[0m
[self_driving-10] [33m[WARN] [1782484911.234576779] [self_driving]: [LANE_LOST] raw_lane_x=-1 lane_x=-1 filter=lost stop=False state=LINE_FOLLOW safe_linear=0.00 right_ready=False right_done=False[0m
[self_driving-10] [0m[INFO] [1782484911.429642723] [self_driving]: [DEBUG_DRIVE] state=LINE_FOLLOW raw_lane_x=-1 lane_x=-1 filter=lost linear=0.30 angular=0.00 cw_y=0 right_done=False start_turn=True count_turn=43 traffic=None stop=False[0m
[self_driving-10] [33m[WARN] [1782484911.767392204] [self_driving]: [LANE_LOST] raw_lane_x=-1 lane_x=-1 filter=lost stop=False state=LINE_FOLLOW safe_linear=0.00 right_ready=False right_done=False[0m
[self_driving-10] [0m[INFO] [1782484911.955368760] [self_driving]: [DEBUG_DRIVE] state=LINE_FOLLOW raw_lane_x=-1 lane_x=-1 filter=lost linear=0.30 angular=0.00 cw_y=0 right_done=False start_turn=True count_turn=43 traffic=None stop=False[0m
[self_driving-10] [33m[WARN] [1782484912.300013797] [self_driving]: [LANE_LOST] raw_lane_x=-1 lane_x=-1 filter=lost stop=False state=LINE_FOLLOW safe_linear=0.00 right_ready=False right_done=False[0m
[self_driving-10] [0m[INFO] [1782484912.522795408] [self_driving]: [DEBUG_DRIVE] state=LINE_FOLLOW raw_lane_x=-1 lane_x=-1 filter=lost linear=0.30 angular=0.00 cw_y=0 right_done=False start_turn=True count_turn=43 traffic=None stop=False[0m
[self_driving-10] [0m[INFO] [1782484912.836698111] [self_driving]: [IMAGE] received count=2073 shape=(480, 640, 3) queue=0[0m
[self_driving-10] [33m[WARN] [1782484912.849148981] [self_driving]: [LANE_LOST] raw_lane_x=-1 lane_x=-1 filter=lost stop=False state=LINE_FOLLOW safe_linear=0.00 right_ready=False right_done=False[0m
[self_driving-10] [0m[INFO] [1782484913.043457815] [self_driving]: [DEBUG_DRIVE] state=LINE_FOLLOW raw_lane_x=-1 lane_x=-1 filter=lost linear=0.30 angular=0.00 cw_y=0 right_done=False start_turn=True count_turn=43 traffic=None stop=False[0m
[self_driving-10] [33m[WARN] [1782484913.378354777] [self_driving]: [LANE_LOST] raw_lane_x=-1 lane_x=-1 filter=lost stop=False state=LINE_FOLLOW safe_linear=0.00 right_ready=False right_done=False[0m
[self_driving-10] [0m[INFO] [1782484913.576969666] [self_driving]: [DEBUG_DRIVE] state=LINE_FOLLOW raw_lane_x=-1 lane_x=-1 filter=lost linear=0.30 angular=0.00 cw_y=0 right_done=False start_turn=True count_turn=43 traffic=None stop=False[0m
[self_driving-10] [33m[WARN] [1782484913.920085684] [self_driving]: [LANE_LOST] raw_lane_x=-1 lane_x=-1 filter=lost stop=False state=LINE_FOLLOW safe_linear=0.00 right_ready=False right_done=False[0m
[self_driving-10] [0m[INFO] [1782484914.116022758] [self_driving]: [DEBUG_DRIVE] state=LINE_FOLLOW raw_lane_x=-1 lane_x=-1 filter=lost linear=0.30 angular=0.00 cw_y=0 right_done=False start_turn=True count_turn=43 traffic=None stop=False[0m
[self_driving-10] [33m[WARN] [1782484914.447306555] [self_driving]: [LANE_LOST] raw_lane_x=-1 lane_x=-1 filter=lost stop=False state=LINE_FOLLOW safe_linear=0.00 right_ready=False right_done=False[0m
[self_driving-10] [0m[INFO] [1782484914.643625832] [self_driving]: [DEBUG_DRIVE] state=LINE_FOLLOW raw_lane_x=-1 lane_x=-1 filter=lost linear=0.30 angular=0.00 cw_y=0 right_done=False start_turn=True count_turn=43 traffic=None stop=False[0m
[self_driving-10] [0m[INFO] [1782484914.923607239] [self_driving]: [IMAGE] received count=2104 shape=(480, 640, 3) queue=0[0m
[self_driving-10] [33m[WARN] [1782484914.985944276] [self_driving]: [LANE_LOST] raw_lane_x=-1 lane_x=-1 filter=lost stop=False state=LINE_FOLLOW safe_linear=0.00 right_ready=False right_done=False[0m
[self_driving-10] [0m[INFO] [1782484915.198890610] [self_driving]: [DEBUG_DRIVE] state=LINE_FOLLOW raw_lane_x=-1 lane_x=-1 filter=lost linear=0.30 angular=0.00 cw_y=0 right_done=False start_turn=True count_turn=43 traffic=None stop=False[0m
[self_driving-10] [33m[WARN] [1782484915.545438276] [self_driving]: [LANE_LOST] raw_lane_x=-1 lane_x=-1 filter=lost stop=False state=LINE_FOLLOW safe_linear=0.00 right_ready=False right_done=False[0m
[self_driving-10] [0m[INFO] [1782484915.732620091] [self_driving]: [DEBUG_DRIVE] state=LINE_FOLLOW raw_lane_x=-1 lane_x=-1 filter=lost linear=0.30 angular=0.00 cw_y=0 right_done=False start_turn=True count_turn=43 traffic=None stop=False[0m
[self_driving-10] [33m[WARN] [1782484916.066671128] [self_driving]: [LANE_LOST] raw_lane_x=-1 lane_x=-1 filter=lost stop=False state=LINE_FOLLOW safe_linear=0.00 right_ready=False right_done=False[0m
[self_driving-10] [0m[INFO] [1782484916.261865202] [self_driving]: [DEBUG_DRIVE] state=LINE_FOLLOW raw_lane_x=-1 lane_x=-1 filter=lost linear=0.30 angular=0.00 cw_y=0 right_done=False start_turn=True count_turn=43 traffic=None stop=False[0m
[self_driving-10] [33m[WARN] [1782484916.602594294] [self_driving]: [LANE_LOST] raw_lane_x=-1 lane_x=-1 filter=lost stop=False state=LINE_FOLLOW safe_linear=0.00 right_ready=False right_done=False[0m
[self_driving-10] [0m[INFO] [1782484916.806821961] [self_driving]: [DEBUG_DRIVE] state=LINE_FOLLOW raw_lane_x=-1 lane_x=-1 filter=lost linear=0.30 angular=0.00 cw_y=0 right_done=False start_turn=True count_turn=43 traffic=None stop=False[0m
[self_driving-10] [0m[INFO] [1782484916.933910035] [self_driving]: [IMAGE] received count=2134 shape=(480, 640, 3) queue=0[0m
[self_driving-10] [33m[WARN] [1782484917.138759683] [self_driving]: [LANE_LOST] raw_lane_x=-1 lane_x=-1 filter=lost stop=False state=LINE_FOLLOW safe_linear=0.00 right_ready=False right_done=False[0m
[self_driving-10] [0m[INFO] [1782484917.330683664] [self_driving]: [DEBUG_DRIVE] state=LINE_FOLLOW raw_lane_x=-1 lane_x=-1 filter=lost linear=0.30 angular=0.00 cw_y=0 right_done=False start_turn=True count_turn=43 traffic=None stop=False[0m
[self_driving-10] [33m[WARN] [1782484917.679570830] [self_driving]: [LANE_LOST] raw_lane_x=-1 lane_x=-1 filter=lost stop=False state=LINE_FOLLOW safe_linear=0.00 right_ready=False right_done=False[0m
[self_driving-10] [0m[INFO] [1782484917.896377775] [self_driving]: [DEBUG_DRIVE] state=LINE_FOLLOW raw_lane_x=-1 lane_x=-1 filter=lost linear=0.30 angular=0.00 cw_y=0 right_done=False start_turn=True count_turn=43 traffic=None stop=False[0m
[self_driving-10] [33m[WARN] [1782484918.218932256] [self_driving]: [LANE_LOST] raw_lane_x=-1 lane_x=-1 filter=lost stop=False state=LINE_FOLLOW safe_linear=0.00 right_ready=False right_done=False[0m
[self_driving-10] [0m[INFO] [1782484918.409882423] [self_driving]: [DEBUG_DRIVE] state=LINE_FOLLOW raw_lane_x=-1 lane_x=-1 filter=lost linear=0.30 angular=0.00 cw_y=0 right_done=False start_turn=True count_turn=43 traffic=None stop=False[0m
[self_driving-10] [33m[WARN] [1782484918.758558219] [self_driving]: [LANE_LOST] raw_lane_x=-1 lane_x=-1 filter=lost stop=False state=LINE_FOLLOW safe_linear=0.00 right_ready=False right_done=False[0m
[self_driving-10] [0m[INFO] [1782484918.952234237] [self_driving]: [IMAGE] received count=2164 shape=(480, 640, 3) queue=0[0m
[self_driving-10] [0m[INFO] [1782484918.967368200] [self_driving]: [DEBUG_DRIVE] state=LINE_FOLLOW raw_lane_x=-1 lane_x=-1 filter=lost linear=0.30 angular=0.00 cw_y=0 right_done=False start_turn=True count_turn=43 traffic=None stop=False[0m
[self_driving-10] [33m[WARN] [1782484919.296706385] [self_driving]: [LANE_LOST] raw_lane_x=-1 lane_x=-1 filter=lost stop=False state=LINE_FOLLOW safe_linear=0.00 right_ready=False right_done=False[0m
[self_driving-10] [0m[INFO] [1782484919.475642552] [self_driving]: [DEBUG_DRIVE] state=LINE_FOLLOW raw_lane_x=-1 lane_x=-1 filter=lost linear=0.30 angular=0.00 cw_y=0 right_done=False start_turn=True count_turn=43 traffic=None stop=False[0m
[self_driving-10] [33m[WARN] [1782484919.831068403] [self_driving]: [LANE_LOST] raw_lane_x=-1 lane_x=-1 filter=lost stop=False state=LINE_FOLLOW safe_linear=0.00 right_ready=False right_done=False[0m
[self_driving-10] [0m[INFO] [1782484919.981073366] [self_driving]: [DEBUG_DRIVE] state=LINE_FOLLOW raw_lane_x=-1 lane_x=-1 filter=lost linear=0.30 angular=0.00 cw_y=0 right_done=False start_turn=True count_turn=43 traffic=None stop=False[0m
[self_driving-10] [33m[WARN] [1782484920.365605940] [self_driving]: [LANE_LOST] raw_lane_x=-1 lane_x=-1 filter=lost stop=False state=LINE_FOLLOW safe_linear=0.00 right_ready=False right_done=False[0m
[self_driving-10] [0m[INFO] [1782484920.495917051] [self_driving]: [DEBUG_DRIVE] state=LINE_FOLLOW raw_lane_x=-1 lane_x=-1 filter=lost linear=0.30 angular=0.00 cw_y=0 right_done=False start_turn=True count_turn=43 traffic=None stop=False[0m
[self_driving-10] [33m[WARN] [1782484920.892181643] [self_driving]: [LANE_LOST] raw_lane_x=-1 lane_x=-1 filter=lost stop=False state=LINE_FOLLOW safe_linear=0.00 right_ready=False right_done=False[0m
[self_driving-10] [0m[INFO] [1782484920.960577865] [self_driving]: [IMAGE] received count=2194 shape=(480, 640, 3) queue=0[0m
[self_driving-10] [0m[INFO] [1782484921.025454551] [self_driving]: [DEBUG_DRIVE] state=LINE_FOLLOW raw_lane_x=-1 lane_x=-1 filter=lost linear=0.30 angular=0.00 cw_y=0 right_done=False start_turn=True count_turn=43 traffic=None stop=False[0m
[self_driving-10] [33m[WARN] [1782484921.446389865] [self_driving]: [LANE_LOST] raw_lane_x=-1 lane_x=-1 filter=lost stop=False state=LINE_FOLLOW safe_linear=0.00 right_ready=False right_done=False[0m
[self_driving-10] [0m[INFO] [1782484921.568984347] [self_driving]: [DEBUG_DRIVE] state=LINE_FOLLOW raw_lane_x=-1 lane_x=-1 filter=lost linear=0.30 angular=0.00 cw_y=0 right_done=False start_turn=True count_turn=43 traffic=None stop=False[0m
[self_driving-10] [33m[WARN] [1782484921.984424402] [self_driving]: [LANE_LOST] raw_lane_x=-1 lane_x=-1 filter=lost stop=False state=LINE_FOLLOW safe_linear=0.00 right_ready=False right_done=False[0m
[self_driving-10] [0m[INFO] [1782484922.113442717] [self_driving]: [DEBUG_DRIVE] state=LINE_FOLLOW raw_lane_x=-1 lane_x=-1 filter=lost linear=0.30 angular=0.00 cw_y=0 right_done=False start_turn=True count_turn=43 traffic=None stop=False[0m
[self_driving-10] [33m[WARN] [1782484922.498185457] [self_driving]: [LANE_LOST] raw_lane_x=-1 lane_x=-1 filter=lost stop=False state=LINE_FOLLOW safe_linear=0.00 right_ready=False right_done=False[0m
[self_driving-10] [0m[INFO] [1782484922.635827346] [self_driving]: [DEBUG_DRIVE] state=LINE_FOLLOW raw_lane_x=-1 lane_x=-1 filter=lost linear=0.30 angular=0.00 cw_y=0 right_done=False start_turn=True count_turn=43 traffic=None stop=False[0m
[self_driving-10] [0m[INFO] [1782484922.973670438] [self_driving]: [IMAGE] received count=2224 shape=(480, 640, 3) queue=0[0m
[self_driving-10] [33m[WARN] [1782484923.058064364] [self_driving]: [LANE_LOST] raw_lane_x=-1 lane_x=-1 filter=lost stop=False state=LINE_FOLLOW safe_linear=0.00 right_ready=False right_done=False[0m
[self_driving-10] [0m[INFO] [1782484923.187985309] [self_driving]: [DEBUG_DRIVE] state=LINE_FOLLOW raw_lane_x=-1 lane_x=-1 filter=lost linear=0.30 angular=0.00 cw_y=0 right_done=False start_turn=True count_turn=43 traffic=None stop=False[0m
[self_driving-10] [33m[WARN] [1782484923.591015771] [self_driving]: [LANE_LOST] raw_lane_x=-1 lane_x=-1 filter=lost stop=False state=LINE_FOLLOW safe_linear=0.00 right_ready=False right_done=False[0m
[self_driving-10] [0m[INFO] [1782484923.726898753] [self_driving]: [DEBUG_DRIVE] state=LINE_FOLLOW raw_lane_x=-1 lane_x=-1 filter=lost linear=0.30 angular=0.00 cw_y=0 right_done=False start_turn=True count_turn=43 traffic=None stop=False[0m
[self_driving-10] [33m[WARN] [1782484924.135067382] [self_driving]: [LANE_LOST] raw_lane_x=-1 lane_x=-1 filter=lost stop=False state=LINE_FOLLOW safe_linear=0.00 right_ready=False right_done=False[0m
[self_driving-10] [0m[INFO] [1782484924.256592475] [self_driving]: [DEBUG_DRIVE] state=LINE_FOLLOW raw_lane_x=-1 lane_x=-1 filter=lost linear=0.30 angular=0.00 cw_y=0 right_done=False start_turn=True count_turn=43 traffic=None stop=False[0m
[self_driving-10] [33m[WARN] [1782484924.677749752] [self_driving]: [LANE_LOST] raw_lane_x=-1 lane_x=-1 filter=lost stop=False state=LINE_FOLLOW safe_linear=0.00 right_ready=False right_done=False[0m
[self_driving-10] [0m[INFO] [1782484924.803807604] [self_driving]: [DEBUG_DRIVE] state=LINE_FOLLOW raw_lane_x=-1 lane_x=-1 filter=lost linear=0.30 angular=0.00 cw_y=0 right_done=False start_turn=True count_turn=43 traffic=None stop=False[0m
[self_driving-10] [0m[INFO] [1782484924.983548382] [self_driving]: [IMAGE] received count=2254 shape=(480, 640, 3) queue=0[0m
[self_driving-10] [33m[WARN] [1782484925.191624233] [self_driving]: [LANE_LOST] raw_lane_x=-1 lane_x=-1 filter=lost stop=False state=LINE_FOLLOW safe_linear=0.00 right_ready=False right_done=False[0m
[self_driving-10] [0m[INFO] [1782484925.328799067] [self_driving]: [DEBUG_DRIVE] state=LINE_FOLLOW raw_lane_x=-1 lane_x=-1 filter=lost linear=0.30 angular=0.00 cw_y=0 right_done=False start_turn=True count_turn=43 traffic=None stop=False[0m
[self_driving-10] [33m[WARN] [1782484925.745083807] [self_driving]: [LANE_LOST] raw_lane_x=-1 lane_x=-1 filter=lost stop=False state=LINE_FOLLOW safe_linear=0.00 right_ready=False right_done=False[0m
[self_driving-10] [0m[INFO] [1782484925.870168844] [self_driving]: [DEBUG_DRIVE] state=LINE_FOLLOW raw_lane_x=-1 lane_x=-1 filter=lost linear=0.30 angular=0.00 cw_y=0 right_done=False start_turn=True count_turn=43 traffic=None stop=False[0m
[self_driving-10] [33m[WARN] [1782484926.279476270] [self_driving]: [LANE_LOST] raw_lane_x=-1 lane_x=-1 filter=lost stop=False state=LINE_FOLLOW safe_linear=0.00 right_ready=False right_done=False[0m
[self_driving-10] [0m[INFO] [1782484926.400552603] [self_driving]: [DEBUG_DRIVE] state=LINE_FOLLOW raw_lane_x=-1 lane_x=-1 filter=lost linear=0.30 angular=0.00 cw_y=0 right_done=False start_turn=True count_turn=43 traffic=None stop=False[0m
[self_driving-10] [33m[WARN] [1782484926.813246232] [self_driving]: [LANE_LOST] raw_lane_x=-1 lane_x=-1 filter=lost stop=False state=LINE_FOLLOW safe_linear=0.00 right_ready=False right_done=False[0m
[self_driving-10] [0m[INFO] [1782484926.973302510] [self_driving]: [DEBUG_DRIVE] state=LINE_FOLLOW raw_lane_x=-1 lane_x=-1 filter=lost linear=0.30 angular=0.00 cw_y=0 right_done=False start_turn=True count_turn=43 traffic=None stop=False[0m
[self_driving-10] [0m[INFO] [1782484927.018346603] [self_driving]: [IMAGE] received count=2284 shape=(480, 640, 3) queue=0[0m
[self_driving-10] [33m[WARN] [1782484927.346994213] [self_driving]: [LANE_LOST] raw_lane_x=-1 lane_x=-1 filter=lost stop=False state=LINE_FOLLOW safe_linear=0.00 right_ready=False right_done=False[0m
[self_driving-10] [0m[INFO] [1782484927.474130843] [self_driving]: [DEBUG_DRIVE] state=LINE_FOLLOW raw_lane_x=-1 lane_x=-1 filter=lost linear=0.30 angular=0.00 cw_y=0 right_done=False start_turn=True count_turn=43 traffic=None stop=False[0m
[self_driving-10] [33m[WARN] [1782484927.883749287] [self_driving]: [LANE_LOST] raw_lane_x=-1 lane_x=-1 filter=lost stop=False state=LINE_FOLLOW safe_linear=0.00 right_ready=False right_done=False[0m
[self_driving-10] [0m[INFO] [1782484928.024311509] [self_driving]: [DEBUG_DRIVE] state=LINE_FOLLOW raw_lane_x=-1 lane_x=-1 filter=lost linear=0.30 angular=0.00 cw_y=0 right_done=False start_turn=True count_turn=43 traffic=None stop=False[0m
[self_driving-10] [33m[WARN] [1782484928.422839250] [self_driving]: [LANE_LOST] raw_lane_x=-1 lane_x=-1 filter=lost stop=False state=LINE_FOLLOW safe_linear=0.00 right_ready=False right_done=False[0m
[self_driving-10] [0m[INFO] [1782484928.564112416] [self_driving]: [DEBUG_DRIVE] state=LINE_FOLLOW raw_lane_x=-1 lane_x=-1 filter=lost linear=0.30 angular=0.00 cw_y=0 right_done=False start_turn=True count_turn=43 traffic=None stop=False[0m
[self_driving-10] [33m[WARN] [1782484928.957464675] [self_driving]: [LANE_LOST] raw_lane_x=-1 lane_x=-1 filter=lost stop=False state=LINE_FOLLOW safe_linear=0.00 right_ready=False right_done=False[0m
[self_driving-10] [0m[INFO] [1782484929.034435027] [self_driving]: [IMAGE] received count=2314 shape=(480, 640, 3) queue=0[0m
[self_driving-10] [0m[INFO] [1782484929.095277175] [self_driving]: [DEBUG_DRIVE] state=LINE_FOLLOW raw_lane_x=-1 lane_x=-1 filter=lost linear=0.30 angular=0.00 cw_y=0 right_done=False start_turn=True count_turn=43 traffic=None stop=False[0m
[self_driving-10] [33m[WARN] [1782484929.506919953] [self_driving]: [LANE_LOST] raw_lane_x=-1 lane_x=-1 filter=lost stop=False state=LINE_FOLLOW safe_linear=0.00 right_ready=False right_done=False[0m
[self_driving-10] [0m[INFO] [1782484929.629047379] [self_driving]: [DEBUG_DRIVE] state=LINE_FOLLOW raw_lane_x=-1 lane_x=-1 filter=lost linear=0.30 angular=0.00 cw_y=0 right_done=False start_turn=True count_turn=43 traffic=None stop=False[0m
[self_driving-10] [33m[WARN] [1782484930.044954193] [self_driving]: [LANE_LOST] raw_lane_x=-1 lane_x=-1 filter=lost stop=False state=LINE_FOLLOW safe_linear=0.00 right_ready=False right_done=False[0m
[self_driving-10] [0m[INFO] [1782484930.179173841] [self_driving]: [DEBUG_DRIVE] state=LINE_FOLLOW raw_lane_x=-1 lane_x=-1 filter=lost linear=0.30 angular=0.00 cw_y=0 right_done=False start_turn=True count_turn=43 traffic=None stop=False[0m
[self_driving-10] [33m[WARN] [1782484930.585061267] [self_driving]: [LANE_LOST] raw_lane_x=-1 lane_x=-1 filter=lost stop=False state=LINE_FOLLOW safe_linear=0.00 right_ready=False right_done=False[0m
[self_driving-10] [0m[INFO] [1782484930.717110545] [self_driving]: [DEBUG_DRIVE] state=LINE_FOLLOW raw_lane_x=-1 lane_x=-1 filter=lost linear=0.30 angular=0.00 cw_y=0 right_done=False start_turn=True count_turn=43 traffic=None stop=False[0m
[self_driving-10] [0m[INFO] [1782484931.039756711] [self_driving]: [IMAGE] received count=2344 shape=(480, 640, 3) queue=0[0m
[self_driving-10] [33m[WARN] [1782484931.136826970] [self_driving]: [LANE_LOST] raw_lane_x=-1 lane_x=-1 filter=lost stop=False state=LINE_FOLLOW safe_linear=0.00 right_ready=False right_done=False[0m
[self_driving-10] [0m[INFO] [1782484931.240415341] [self_driving]: [DEBUG_DRIVE] state=LINE_FOLLOW raw_lane_x=-1 lane_x=-1 filter=lost linear=0.30 angular=0.00 cw_y=0 right_done=False start_turn=True count_turn=43 traffic=None stop=False[0m
[self_driving-10] [33m[WARN] [1782484931.651094785] [self_driving]: [LANE_LOST] raw_lane_x=-1 lane_x=-1 filter=lost stop=False state=LINE_FOLLOW safe_linear=0.00 right_ready=False right_done=False[0m
[self_driving-10] [0m[INFO] [1782484931.805528544] [self_driving]: [DEBUG_DRIVE] state=LINE_FOLLOW raw_lane_x=-1 lane_x=-1 filter=lost linear=0.30 angular=0.00 cw_y=0 right_done=False start_turn=True count_turn=43 traffic=None stop=False[0m
[self_driving-10] [33m[WARN] [1782484932.197774062] [self_driving]: [LANE_LOST] raw_lane_x=-1 lane_x=-1 filter=lost stop=False state=LINE_FOLLOW safe_linear=0.00 right_ready=False right_done=False[0m
[self_driving-10] [0m[INFO] [1782484932.325812414] [self_driving]: [DEBUG_DRIVE] state=LINE_FOLLOW raw_lane_x=-1 lane_x=-1 filter=lost linear=0.30 angular=0.00 cw_y=0 right_done=False start_turn=True count_turn=43 traffic=None stop=False[0m
[self_driving-10] [33m[WARN] [1782484932.725404321] [self_driving]: [LANE_LOST] raw_lane_x=-1 lane_x=-1 filter=lost stop=False state=LINE_FOLLOW safe_linear=0.00 right_ready=False right_done=False[0m
[self_driving-10] [0m[INFO] [1782484932.878326284] [self_driving]: [DEBUG_DRIVE] state=LINE_FOLLOW raw_lane_x=-1 lane_x=-1 filter=lost linear=0.30 angular=0.00 cw_y=0 right_done=False start_turn=True count_turn=43 traffic=None stop=False[0m
[self_driving-10] [0m[INFO] [1782484933.049749766] [self_driving]: [IMAGE] received count=2374 shape=(480, 640, 3) queue=0[0m
[self_driving-10] [33m[WARN] [1782484933.278961636] [self_driving]: [LANE_LOST] raw_lane_x=-1 lane_x=-1 filter=lost stop=False state=LINE_FOLLOW safe_linear=0.00 right_ready=False right_done=False[0m
[self_driving-10] [0m[INFO] [1782484933.400333914] [self_driving]: [DEBUG_DRIVE] state=LINE_FOLLOW raw_lane_x=-1 lane_x=-1 filter=lost linear=0.30 angular=0.00 cw_y=0 right_done=False start_turn=True count_turn=43 traffic=None stop=False[0m
[self_driving-10] [33m[WARN] [1782484933.807359617] [self_driving]: [LANE_LOST] raw_lane_x=-1 lane_x=-1 filter=lost stop=False state=LINE_FOLLOW safe_linear=0.00 right_ready=False right_done=False[0m
[self_driving-10] [0m[INFO] [1782484933.948900802] [self_driving]: [DEBUG_DRIVE] state=LINE_FOLLOW raw_lane_x=-1 lane_x=-1 filter=lost linear=0.30 angular=0.00 cw_y=0 right_done=False start_turn=True count_turn=43 traffic=None stop=False[0m
[self_driving-10] [33m[WARN] [1782484934.344520228] [self_driving]: [LANE_LOST] raw_lane_x=-1 lane_x=-1 filter=lost stop=False state=LINE_FOLLOW safe_linear=0.00 right_ready=False right_done=False[0m
[self_driving-10] [0m[INFO] [1782484934.463387302] [self_driving]: [DEBUG_DRIVE] state=LINE_FOLLOW raw_lane_x=-1 lane_x=-1 filter=lost linear=0.30 angular=0.00 cw_y=0 right_done=False start_turn=True count_turn=43 traffic=None stop=False[0m
[self_driving-10] [33m[WARN] [1782484934.884206265] [self_driving]: [LANE_LOST] raw_lane_x=-1 lane_x=-1 filter=lost stop=False state=LINE_FOLLOW safe_linear=0.00 right_ready=False right_done=False[0m
[self_driving-10] [0m[INFO] [1782484935.029488598] [self_driving]: [DEBUG_DRIVE] state=LINE_FOLLOW raw_lane_x=-1 lane_x=-1 filter=lost linear=0.30 angular=0.00 cw_y=0 right_done=False start_turn=True count_turn=43 traffic=None stop=False[0m
[self_driving-10] [0m[INFO] [1782484935.070350505] [self_driving]: [IMAGE] received count=2404 shape=(480, 640, 3) queue=0[0m
[self_driving-10] [33m[WARN] [1782484935.419012246] [self_driving]: [LANE_LOST] raw_lane_x=-1 lane_x=-1 filter=lost stop=False state=LINE_FOLLOW safe_linear=0.00 right_ready=False right_done=False[0m
[self_driving-10] [0m[INFO] [1782484935.550887727] [self_driving]: [DEBUG_DRIVE] state=LINE_FOLLOW raw_lane_x=-1 lane_x=-1 filter=lost linear=0.30 angular=0.00 cw_y=0 right_done=False start_turn=True count_turn=43 traffic=None stop=False[0m
[self_driving-10] [33m[WARN] [1782484935.966569931] [self_driving]: [LANE_LOST] raw_lane_x=-1 lane_x=-1 filter=lost stop=False state=LINE_FOLLOW safe_linear=0.00 right_ready=False right_done=False[0m
[self_driving-10] [0m[INFO] [1782484936.091114727] [self_driving]: [DEBUG_DRIVE] state=LINE_FOLLOW raw_lane_x=-1 lane_x=-1 filter=lost linear=0.30 angular=0.00 cw_y=0 right_done=False start_turn=True count_turn=43 traffic=None stop=False[0m
[self_driving-10] [33m[WARN] [1782484936.495528338] [self_driving]: [LANE_LOST] raw_lane_x=-1 lane_x=-1 filter=lost stop=False state=LINE_FOLLOW safe_linear=0.00 right_ready=False right_done=False[0m
[self_driving-10] [0m[INFO] [1782484936.616334282] [self_driving]: [DEBUG_DRIVE] state=LINE_FOLLOW raw_lane_x=-1 lane_x=-1 filter=lost linear=0.30 angular=0.00 cw_y=0 right_done=False start_turn=True count_turn=43 traffic=None stop=False[0m
[self_driving-10] [33m[WARN] [1782484937.039581393] [self_driving]: [LANE_LOST] raw_lane_x=-1 lane_x=-1 filter=lost stop=False state=LINE_FOLLOW safe_linear=0.00 right_ready=False right_done=False[0m
[self_driving-10] [0m[INFO] [1782484937.093632134] [self_driving]: [IMAGE] received count=2434 shape=(480, 640, 3) queue=0[0m
[self_driving-10] [0m[INFO] [1782484937.163599282] [self_driving]: [DEBUG_DRIVE] state=LINE_FOLLOW raw_lane_x=-1 lane_x=-1 filter=lost linear=0.30 angular=0.00 cw_y=0 right_done=False start_turn=True count_turn=43 traffic=None stop=False[0m
[self_driving-10] [33m[WARN] [1782484937.558563170] [self_driving]: [LANE_LOST] raw_lane_x=-1 lane_x=-1 filter=lost stop=False state=LINE_FOLLOW safe_linear=0.00 right_ready=False right_done=False[0m
[self_driving-10] [0m[INFO] [1782484937.690560411] [self_driving]: [DEBUG_DRIVE] state=LINE_FOLLOW raw_lane_x=-1 lane_x=-1 filter=lost linear=0.30 angular=0.00 cw_y=0 right_done=False start_turn=True count_turn=43 traffic=None stop=False[0m
[self_driving-10] [33m[WARN] [1782484938.058890003] [self_driving]: [LANE_LOST] raw_lane_x=-1 lane_x=-1 filter=lost stop=False state=LINE_FOLLOW safe_linear=0.00 right_ready=False right_done=False[0m
[self_driving-10] [0m[INFO] [1782484938.223569188] [self_driving]: [DEBUG_DRIVE] state=LINE_FOLLOW raw_lane_x=-1 lane_x=-1 filter=lost linear=0.30 angular=0.00 cw_y=0 right_done=False start_turn=True count_turn=43 traffic=None stop=False[0m
[self_driving-10] [33m[WARN] [1782484938.567391873] [self_driving]: [LANE_LOST] raw_lane_x=-1 lane_x=-1 filter=lost stop=False state=LINE_FOLLOW safe_linear=0.00 right_ready=False right_done=False[0m
[self_driving-10] [0m[INFO] [1782484938.787968318] [self_driving]: [DEBUG_DRIVE] state=LINE_FOLLOW raw_lane_x=-1 lane_x=-1 filter=lost linear=0.30 angular=0.00 cw_y=0 right_done=False start_turn=True count_turn=43 traffic=None stop=False[0m
[self_driving-10] [0m[INFO] [1782484939.108992799] [self_driving]: [IMAGE] received count=2464 shape=(480, 640, 3) queue=0[0m
[self_driving-10] [33m[WARN] [1782484939.119529781] [self_driving]: [LANE_LOST] raw_lane_x=-1 lane_x=-1 filter=lost stop=False state=LINE_FOLLOW safe_linear=0.00 right_ready=False right_done=False[0m
[self_driving-10] [0m[INFO] [1782484939.304185836] [self_driving]: [DEBUG_DRIVE] state=LINE_FOLLOW raw_lane_x=-1 lane_x=-1 filter=lost linear=0.30 angular=0.00 cw_y=0 right_done=False start_turn=True count_turn=43 traffic=None stop=False[0m
[self_driving-10] [33m[WARN] [1782484939.659029502] [self_driving]: [LANE_LOST] raw_lane_x=-1 lane_x=-1 filter=lost stop=False state=LINE_FOLLOW safe_linear=0.00 right_ready=False right_done=False[0m
[self_driving-10] [0m[INFO] [1782484939.865773928] [self_driving]: [DEBUG_DRIVE] state=LINE_FOLLOW raw_lane_x=-1 lane_x=-1 filter=lost linear=0.30 angular=0.00 cw_y=0 right_done=False start_turn=True count_turn=43 traffic=None stop=False[0m
[self_driving-10] [33m[WARN] [1782484940.192462372] [self_driving]: [LANE_LOST] raw_lane_x=-1 lane_x=-1 filter=lost stop=False state=LINE_FOLLOW safe_linear=0.00 right_ready=False right_done=False[0m
[self_driving-10] [0m[INFO] [1782484940.393822558] [self_driving]: [DEBUG_DRIVE] state=LINE_FOLLOW raw_lane_x=-1 lane_x=-1 filter=lost linear=0.30 angular=0.00 cw_y=0 right_done=False start_turn=True count_turn=43 traffic=None stop=False[0m
[self_driving-10] [33m[WARN] [1782484940.723045409] [self_driving]: [LANE_LOST] raw_lane_x=-1 lane_x=-1 filter=lost stop=False state=LINE_FOLLOW safe_linear=0.00 right_ready=False right_done=False[0m
[self_driving-10] [0m[INFO] [1782484940.930714076] [self_driving]: [DEBUG_DRIVE] state=LINE_FOLLOW raw_lane_x=-1 lane_x=-1 filter=lost linear=0.30 angular=0.00 cw_y=0 right_done=False start_turn=True count_turn=43 traffic=None stop=False[0m
[self_driving-10] [0m[INFO] [1782484941.116315205] [self_driving]: [IMAGE] received count=2494 shape=(480, 640, 3) queue=0[0m
[self_driving-10] [33m[WARN] [1782484941.258443187] [self_driving]: [LANE_LOST] raw_lane_x=-1 lane_x=-1 filter=lost stop=False state=LINE_FOLLOW safe_linear=0.00 right_ready=False right_done=False[0m
[self_driving-10] [0m[INFO] [1782484941.458576612] [self_driving]: [DEBUG_DRIVE] state=LINE_FOLLOW raw_lane_x=-1 lane_x=-1 filter=lost linear=0.30 angular=0.00 cw_y=0 right_done=False start_turn=True count_turn=43 traffic=None stop=False[0m
[self_driving-10] [33m[WARN] [1782484941.793636612] [self_driving]: [LANE_LOST] raw_lane_x=-1 lane_x=-1 filter=lost stop=False state=LINE_FOLLOW safe_linear=0.00 right_ready=False right_done=False[0m
[self_driving-10] [0m[INFO] [1782484942.008678631] [self_driving]: [DEBUG_DRIVE] state=LINE_FOLLOW raw_lane_x=-1 lane_x=-1 filter=lost linear=0.30 angular=0.00 cw_y=0 right_done=False start_turn=True count_turn=43 traffic=None stop=False[0m
[self_driving-10] [33m[WARN] [1782484942.327295964] [self_driving]: [LANE_LOST] raw_lane_x=-1 lane_x=-1 filter=lost stop=False state=LINE_FOLLOW safe_linear=0.00 right_ready=False right_done=False[0m
[self_driving-10] [0m[INFO] [1782484942.564417834] [self_driving]: [DEBUG_DRIVE] state=LINE_FOLLOW raw_lane_x=-1 lane_x=-1 filter=lost linear=0.30 angular=0.00 cw_y=0 right_done=False start_turn=True count_turn=43 traffic=None stop=False[0m
[self_driving-10] [33m[WARN] [1782484942.870671223] [self_driving]: [LANE_LOST] raw_lane_x=-1 lane_x=-1 filter=lost stop=False state=LINE_FOLLOW safe_linear=0.00 right_ready=False right_done=False[0m
[self_driving-10] [0m[INFO] [1782484943.085213908] [self_driving]: [DEBUG_DRIVE] state=LINE_FOLLOW raw_lane_x=-1 lane_x=-1 filter=lost linear=0.30 angular=0.00 cw_y=0 right_done=False start_turn=True count_turn=43 traffic=None stop=False[0m
[self_driving-10] [0m[INFO] [1782484943.128101149] [self_driving]: [IMAGE] received count=2524 shape=(480, 640, 3) queue=0[0m
[self_driving-10] [33m[WARN] [1782484943.416147426] [self_driving]: [LANE_LOST] raw_lane_x=-1 lane_x=-1 filter=lost stop=False state=LINE_FOLLOW safe_linear=0.00 right_ready=False right_done=False[0m
[self_driving-10] [0m[INFO] [1782484943.621684019] [self_driving]: [DEBUG_DRIVE] state=LINE_FOLLOW raw_lane_x=-1 lane_x=-1 filter=lost linear=0.30 angular=0.00 cw_y=0 right_done=False start_turn=True count_turn=43 traffic=None stop=False[0m
[self_driving-10] [33m[WARN] [1782484943.957963759] [self_driving]: [LANE_LOST] raw_lane_x=-1 lane_x=-1 filter=lost stop=False state=LINE_FOLLOW safe_linear=0.00 right_ready=False right_done=False[0m
[self_driving-10] [0m[INFO] [1782484944.143848241] [self_driving]: [DEBUG_DRIVE] state=LINE_FOLLOW raw_lane_x=-1 lane_x=-1 filter=lost linear=0.30 angular=0.00 cw_y=0 right_done=False start_turn=True count_turn=43 traffic=None stop=False[0m
[self_driving-10] [33m[WARN] [1782484944.486701444] [self_driving]: [LANE_LOST] raw_lane_x=-1 lane_x=-1 filter=lost stop=False state=LINE_FOLLOW safe_linear=0.00 right_ready=False right_done=False[0m
[self_driving-10] [0m[INFO] [1782484944.701412370] [self_driving]: [DEBUG_DRIVE] state=LINE_FOLLOW raw_lane_x=-1 lane_x=-1 filter=lost linear=0.30 angular=0.00 cw_y=0 right_done=False start_turn=True count_turn=43 traffic=None stop=False[0m
[self_driving-10] [33m[WARN] [1782484945.027728110] [self_driving]: [LANE_LOST] raw_lane_x=-1 lane_x=-1 filter=lost stop=False state=LINE_FOLLOW safe_linear=0.00 right_ready=False right_done=False[0m
[self_driving-10] [0m[INFO] [1782484945.144620777] [self_driving]: [IMAGE] received count=2554 shape=(480, 640, 3) queue=0[0m
[self_driving-10] [0m[INFO] [1782484945.232259221] [self_driving]: [DEBUG_DRIVE] state=LINE_FOLLOW raw_lane_x=-1 lane_x=-1 filter=lost linear=0.30 angular=0.00 cw_y=0 right_done=False start_turn=True count_turn=43 traffic=None stop=False[0m
[self_driving-10] [33m[WARN] [1782484945.564989351] [self_driving]: [LANE_LOST] raw_lane_x=-1 lane_x=-1 filter=lost stop=False state=LINE_FOLLOW safe_linear=0.00 right_ready=False right_done=False[0m
[self_driving-10] [0m[INFO] [1782484945.768953258] [self_driving]: [DEBUG_DRIVE] state=LINE_FOLLOW raw_lane_x=-1 lane_x=-1 filter=lost linear=0.30 angular=0.00 cw_y=0 right_done=False start_turn=True count_turn=43 traffic=None stop=False[0m
[self_driving-10] [33m[WARN] [1782484946.103039202] [self_driving]: [LANE_LOST] raw_lane_x=-1 lane_x=-1 filter=lost stop=False state=LINE_FOLLOW safe_linear=0.00 right_ready=False right_done=False[0m
[self_driving-10] [0m[INFO] [1782484946.295072073] [self_driving]: [DEBUG_DRIVE] state=LINE_FOLLOW raw_lane_x=-1 lane_x=-1 filter=lost linear=0.30 angular=0.00 cw_y=0 right_done=False start_turn=True count_turn=43 traffic=None stop=False[0m
[self_driving-10] [33m[WARN] [1782484946.648827461] [self_driving]: [LANE_LOST] raw_lane_x=-1 lane_x=-1 filter=lost stop=False state=LINE_FOLLOW safe_linear=0.00 right_ready=False right_done=False[0m
[self_driving-10] [0m[INFO] [1782484946.847237646] [self_driving]: [DEBUG_DRIVE] state=LINE_FOLLOW raw_lane_x=-1 lane_x=-1 filter=lost linear=0.30 angular=0.00 cw_y=0 right_done=False start_turn=True count_turn=43 traffic=None stop=False[0m
[self_driving-10] [0m[INFO] [1782484947.177032683] [self_driving]: [IMAGE] received count=2584 shape=(480, 640, 3) queue=0[0m
[self_driving-10] [33m[WARN] [1782484947.182905794] [self_driving]: [LANE_LOST] raw_lane_x=-1 lane_x=-1 filter=lost stop=False state=LINE_FOLLOW safe_linear=0.00 right_ready=False right_done=False[0m
[self_driving-10] [0m[INFO] [1782484947.370911979] [self_driving]: [DEBUG_DRIVE] state=LINE_FOLLOW raw_lane_x=-1 lane_x=-1 filter=lost linear=0.30 angular=0.00 cw_y=0 right_done=False start_turn=True count_turn=43 traffic=None stop=False[0m
[self_driving-10] [33m[WARN] [1782484947.721833775] [self_driving]: [LANE_LOST] raw_lane_x=-1 lane_x=-1 filter=lost stop=False state=LINE_FOLLOW safe_linear=0.00 right_ready=False right_done=False[0m
[self_driving-10] [0m[INFO] [1782484947.914602072] [self_driving]: [DEBUG_DRIVE] state=LINE_FOLLOW raw_lane_x=-1 lane_x=-1 filter=lost linear=0.30 angular=0.00 cw_y=0 right_done=False start_turn=True count_turn=43 traffic=None stop=False[0m
[self_driving-10] [33m[WARN] [1782484948.258150812] [self_driving]: [LANE_LOST] raw_lane_x=-1 lane_x=-1 filter=lost stop=False state=LINE_FOLLOW safe_linear=0.00 right_ready=False right_done=False[0m
[self_driving-10] [0m[INFO] [1782484948.456213127] [self_driving]: [DEBUG_DRIVE] state=LINE_FOLLOW raw_lane_x=-1 lane_x=-1 filter=lost linear=0.30 angular=0.00 cw_y=0 right_done=False start_turn=True count_turn=43 traffic=None stop=False[0m
[self_driving-10] [33m[WARN] [1782484948.803931719] [self_driving]: [LANE_LOST] raw_lane_x=-1 lane_x=-1 filter=lost stop=False state=LINE_FOLLOW safe_linear=0.00 right_ready=False right_done=False[0m
[self_driving-10] [0m[INFO] [1782484948.992521923] [self_driving]: [DEBUG_DRIVE] state=LINE_FOLLOW raw_lane_x=-1 lane_x=-1 filter=lost linear=0.30 angular=0.00 cw_y=0 right_done=False start_turn=True count_turn=43 traffic=None stop=False[0m
[self_driving-10] [0m[INFO] [1782484949.198626719] [self_driving]: [IMAGE] received count=2614 shape=(480, 640, 3) queue=0[0m
[self_driving-10] [33m[WARN] [1782484949.328535441] [self_driving]: [LANE_LOST] raw_lane_x=-1 lane_x=-1 filter=lost stop=False state=LINE_FOLLOW safe_linear=0.00 right_ready=False right_done=False[0m
[self_driving-10] [0m[INFO] [1782484949.517582256] [self_driving]: [DEBUG_DRIVE] state=LINE_FOLLOW raw_lane_x=-1 lane_x=-1 filter=lost linear=0.30 angular=0.00 cw_y=0 right_done=False start_turn=True count_turn=43 traffic=None stop=False[0m
[self_driving-10] [33m[WARN] [1782484949.879674589] [self_driving]: [LANE_LOST] raw_lane_x=-1 lane_x=-1 filter=lost stop=False state=LINE_FOLLOW safe_linear=0.00 right_ready=False right_done=False[0m
[self_driving-10] [0m[INFO] [1782484950.068962996] [self_driving]: [DEBUG_DRIVE] state=LINE_FOLLOW raw_lane_x=-1 lane_x=-1 filter=lost linear=0.30 angular=0.00 cw_y=0 right_done=False start_turn=True count_turn=43 traffic=None stop=False[0m
[self_driving-10] [33m[WARN] [1782484950.402407200] [self_driving]: [LANE_LOST] raw_lane_x=-1 lane_x=-1 filter=lost stop=False state=LINE_FOLLOW safe_linear=0.00 right_ready=False right_done=False[0m
[self_driving-10] [0m[INFO] [1782484950.615570496] [self_driving]: [DEBUG_DRIVE] state=LINE_FOLLOW raw_lane_x=-1 lane_x=-1 filter=lost linear=0.30 angular=0.00 cw_y=0 right_done=False start_turn=True count_turn=43 traffic=None stop=False[0m
[self_driving-10] [33m[WARN] [1782484950.936706903] [self_driving]: [LANE_LOST] raw_lane_x=-1 lane_x=-1 filter=lost stop=False state=LINE_FOLLOW safe_linear=0.00 right_ready=False right_done=False[0m
[self_driving-10] [0m[INFO] [1782484951.128447162] [self_driving]: [DEBUG_DRIVE] state=LINE_FOLLOW raw_lane_x=-1 lane_x=-1 filter=lost linear=0.30 angular=0.00 cw_y=0 right_done=False start_turn=True count_turn=43 traffic=None stop=False[0m
[self_driving-10] [0m[INFO] [1782484951.201116681] [self_driving]: [IMAGE] received count=2644 shape=(480, 640, 3) queue=0[0m
[self_driving-10] [33m[WARN] [1782484951.477220088] [self_driving]: [LANE_LOST] raw_lane_x=-1 lane_x=-1 filter=lost stop=False state=LINE_FOLLOW safe_linear=0.00 right_ready=False right_done=False[0m
[self_driving-10] [0m[INFO] [1782484951.679331847] [self_driving]: [DEBUG_DRIVE] state=LINE_FOLLOW raw_lane_x=-1 lane_x=-1 filter=lost linear=0.30 angular=0.00 cw_y=0 right_done=False start_turn=True count_turn=43 traffic=None stop=False[0m
[self_driving-10] [33m[WARN] [1782484952.020999810] [self_driving]: [LANE_LOST] raw_lane_x=-1 lane_x=-1 filter=lost stop=False state=LINE_FOLLOW safe_linear=0.00 right_ready=False right_done=False[0m
[self_driving-10] [0m[INFO] [1782484952.221161680] [self_driving]: [DEBUG_DRIVE] state=LINE_FOLLOW raw_lane_x=-1 lane_x=-1 filter=lost linear=0.30 angular=0.00 cw_y=0 right_done=False start_turn=True count_turn=43 traffic=None stop=False[0m
[self_driving-10] [33m[WARN] [1782484952.547654773] [self_driving]: [LANE_LOST] raw_lane_x=-1 lane_x=-1 filter=lost stop=False state=LINE_FOLLOW safe_linear=0.00 right_ready=False right_done=False[0m
[self_driving-10] [0m[INFO] [1782484952.743935161] [self_driving]: [DEBUG_DRIVE] state=LINE_FOLLOW raw_lane_x=-1 lane_x=-1 filter=lost linear=0.30 angular=0.00 cw_y=0 right_done=False start_turn=True count_turn=43 traffic=None stop=False[0m
[self_driving-10] [33m[WARN] [1782484953.087709809] [self_driving]: [LANE_LOST] raw_lane_x=-1 lane_x=-1 filter=lost stop=False state=LINE_FOLLOW safe_linear=0.00 right_ready=False right_done=False[0m
[self_driving-10] [0m[INFO] [1782484953.218695883] [self_driving]: [IMAGE] received count=2674 shape=(480, 640, 3) queue=0[0m
[self_driving-10] [0m[INFO] [1782484953.285614291] [self_driving]: [DEBUG_DRIVE] state=LINE_FOLLOW raw_lane_x=-1 lane_x=-1 filter=lost linear=0.30 angular=0.00 cw_y=0 right_done=False start_turn=True count_turn=43 traffic=None stop=False[0m
[self_driving-10] [33m[WARN] [1782484953.632418420] [self_driving]: [LANE_LOST] raw_lane_x=-1 lane_x=-1 filter=lost stop=False state=LINE_FOLLOW safe_linear=0.00 right_ready=False right_done=False[0m
[self_driving-10] [0m[INFO] [1782484953.831635364] [self_driving]: [DEBUG_DRIVE] state=LINE_FOLLOW raw_lane_x=-1 lane_x=-1 filter=lost linear=0.30 angular=0.00 cw_y=0 right_done=False start_turn=True count_turn=43 traffic=None stop=False[0m
[self_driving-10] [33m[WARN] [1782484954.161761957] [self_driving]: [LANE_LOST] raw_lane_x=-1 lane_x=-1 filter=lost stop=False state=LINE_FOLLOW safe_linear=0.00 right_ready=False right_done=False[0m
[self_driving-10] [0m[INFO] [1782484954.380840290] [self_driving]: [DEBUG_DRIVE] state=LINE_FOLLOW raw_lane_x=-1 lane_x=-1 filter=lost linear=0.30 angular=0.00 cw_y=0 right_done=False start_turn=True count_turn=43 traffic=None stop=False[0m
[self_driving-10] [33m[WARN] [1782484954.710181549] [self_driving]: [LANE_LOST] raw_lane_x=-1 lane_x=-1 filter=lost stop=False state=LINE_FOLLOW safe_linear=0.00 right_ready=False right_done=False[0m
[self_driving-10] [0m[INFO] [1782484954.908254660] [self_driving]: [DEBUG_DRIVE] state=LINE_FOLLOW raw_lane_x=-1 lane_x=-1 filter=lost linear=0.30 angular=0.00 cw_y=0 right_done=False start_turn=True count_turn=43 traffic=None stop=False[0m
[self_driving-10] [0m[INFO] [1782484955.222155938] [self_driving]: [IMAGE] received count=2704 shape=(480, 640, 3) queue=0[0m
[self_driving-10] [33m[WARN] [1782484955.230219326] [self_driving]: [LANE_LOST] raw_lane_x=-1 lane_x=-1 filter=lost stop=False state=LINE_FOLLOW safe_linear=0.00 right_ready=False right_done=False[0m
[self_driving-10] [0m[INFO] [1782484955.454342549] [self_driving]: [DEBUG_DRIVE] state=LINE_FOLLOW raw_lane_x=-1 lane_x=-1 filter=lost linear=0.30 angular=0.00 cw_y=0 right_done=False start_turn=True count_turn=43 traffic=None stop=False[0m
[self_driving-10] [33m[WARN] [1782484955.794379622] [self_driving]: [LANE_LOST] raw_lane_x=-1 lane_x=-1 filter=lost stop=False state=LINE_FOLLOW safe_linear=0.00 right_ready=False right_done=False[0m
[self_driving-10] [0m[INFO] [1782484955.981445733] [self_driving]: [DEBUG_DRIVE] state=LINE_FOLLOW raw_lane_x=-1 lane_x=-1 filter=lost linear=0.30 angular=0.00 cw_y=0 right_done=False start_turn=True count_turn=43 traffic=None stop=False[0m
[self_driving-10] [33m[WARN] [1782484956.315266159] [self_driving]: [LANE_LOST] raw_lane_x=-1 lane_x=-1 filter=lost stop=False state=LINE_FOLLOW safe_linear=0.00 right_ready=False right_done=False[0m
[self_driving-10] [0m[INFO] [1782484956.530183233] [self_driving]: [DEBUG_DRIVE] state=LINE_FOLLOW raw_lane_x=-1 lane_x=-1 filter=lost linear=0.30 angular=0.00 cw_y=0 right_done=False start_turn=True count_turn=43 traffic=None stop=False[0m
[self_driving-10] [33m[WARN] [1782484956.845559029] [self_driving]: [LANE_LOST] raw_lane_x=-1 lane_x=-1 filter=lost stop=False state=LINE_FOLLOW safe_linear=0.00 right_ready=False right_done=False[0m
[self_driving-10] [0m[INFO] [1782484957.059487122] [self_driving]: [DEBUG_DRIVE] state=LINE_FOLLOW raw_lane_x=-1 lane_x=-1 filter=lost linear=0.30 angular=0.00 cw_y=0 right_done=False start_turn=True count_turn=43 traffic=None stop=False[0m
[self_driving-10] [0m[INFO] [1782484957.246797381] [self_driving]: [IMAGE] received count=2734 shape=(480, 640, 3) queue=0[0m
[self_driving-10] [33m[WARN] [1782484957.391854677] [self_driving]: [LANE_LOST] raw_lane_x=-1 lane_x=-1 filter=lost stop=False state=LINE_FOLLOW safe_linear=0.00 right_ready=False right_done=False[0m
[self_driving-10] [0m[INFO] [1782484957.599221640] [self_driving]: [DEBUG_DRIVE] state=LINE_FOLLOW raw_lane_x=-1 lane_x=-1 filter=lost linear=0.30 angular=0.00 cw_y=0 right_done=False start_turn=True count_turn=43 traffic=None stop=False[0m
[self_driving-10] [33m[WARN] [1782484957.942987603] [self_driving]: [LANE_LOST] raw_lane_x=-1 lane_x=-1 filter=lost stop=False state=LINE_FOLLOW safe_linear=0.00 right_ready=False right_done=False[0m
[self_driving-10] [0m[INFO] [1782484958.128143232] [self_driving]: [DEBUG_DRIVE] state=LINE_FOLLOW raw_lane_x=-1 lane_x=-1 filter=lost linear=0.30 angular=0.00 cw_y=0 right_done=False start_turn=True count_turn=43 traffic=None stop=False[0m
[self_driving-10] [33m[WARN] [1782484958.458136528] [self_driving]: [LANE_LOST] raw_lane_x=-1 lane_x=-1 filter=lost stop=False state=LINE_FOLLOW safe_linear=0.00 right_ready=False right_done=False[0m
[self_driving-10] [0m[INFO] [1782484958.659020713] [self_driving]: [DEBUG_DRIVE] state=LINE_FOLLOW raw_lane_x=-1 lane_x=-1 filter=lost linear=0.30 angular=0.00 cw_y=0 right_done=False start_turn=True count_turn=43 traffic=None stop=False[0m
[self_driving-10] [33m[WARN] [1782484958.991194380] [self_driving]: [LANE_LOST] raw_lane_x=-1 lane_x=-1 filter=lost stop=False state=LINE_FOLLOW safe_linear=0.00 right_ready=False right_done=False[0m
[self_driving-10] [0m[INFO] [1782484959.203303861] [self_driving]: [DEBUG_DRIVE] state=LINE_FOLLOW raw_lane_x=-1 lane_x=-1 filter=lost linear=0.30 angular=0.00 cw_y=0 right_done=False start_turn=True count_turn=43 traffic=None stop=False[0m
[self_driving-10] [0m[INFO] [1782484959.258250232] [self_driving]: [IMAGE] received count=2764 shape=(480, 640, 3) queue=0[0m
[self_driving-10] [33m[WARN] [1782484959.557152009] [self_driving]: [LANE_LOST] raw_lane_x=-1 lane_x=-1 filter=lost stop=False state=LINE_FOLLOW safe_linear=0.00 right_ready=False right_done=False[0m
[self_driving-10] [0m[INFO] [1782484959.744657916] [self_driving]: [DEBUG_DRIVE] state=LINE_FOLLOW raw_lane_x=-1 lane_x=-1 filter=lost linear=0.30 angular=0.00 cw_y=0 right_done=False start_turn=True count_turn=43 traffic=None stop=False[0m
[self_driving-10] [33m[WARN] [1782484960.062986398] [self_driving]: [LANE_LOST] raw_lane_x=-1 lane_x=-1 filter=lost stop=False state=LINE_FOLLOW safe_linear=0.00 right_ready=False right_done=False[0m
[self_driving-10] [0m[INFO] [1782484960.284860842] [self_driving]: [DEBUG_DRIVE] state=LINE_FOLLOW raw_lane_x=-1 lane_x=-1 filter=lost linear=0.30 angular=0.00 cw_y=0 right_done=False start_turn=True count_turn=43 traffic=None stop=False[0m
[self_driving-10] [33m[WARN] [1782484960.626638860] [self_driving]: [LANE_LOST] raw_lane_x=-1 lane_x=-1 filter=lost stop=False state=LINE_FOLLOW safe_linear=0.00 right_ready=False right_done=False[0m
[self_driving-10] [0m[INFO] [1782484960.815431638] [self_driving]: [DEBUG_DRIVE] state=LINE_FOLLOW raw_lane_x=-1 lane_x=-1 filter=lost linear=0.30 angular=0.00 cw_y=0 right_done=False start_turn=True count_turn=43 traffic=None stop=False[0m
[self_driving-10] [33m[WARN] [1782484961.158571897] [self_driving]: [LANE_LOST] raw_lane_x=-1 lane_x=-1 filter=lost stop=False state=LINE_FOLLOW safe_linear=0.00 right_ready=False right_done=False[0m
[self_driving-10] [0m[INFO] [1782484961.291310323] [self_driving]: [IMAGE] received count=2794 shape=(480, 640, 3) queue=0[0m
[self_driving-10] [0m[INFO] [1782484961.345748675] [self_driving]: [DEBUG_DRIVE] state=LINE_FOLLOW raw_lane_x=-1 lane_x=-1 filter=lost linear=0.30 angular=0.00 cw_y=0 right_done=False start_turn=True count_turn=43 traffic=None stop=False[0m
[self_driving-10] [33m[WARN] [1782484961.698869156] [self_driving]: [LANE_LOST] raw_lane_x=-1 lane_x=-1 filter=lost stop=False state=LINE_FOLLOW safe_linear=0.00 right_ready=False right_done=False[0m
[self_driving-10] [0m[INFO] [1782484961.875678008] [self_driving]: [DEBUG_DRIVE] state=LINE_FOLLOW raw_lane_x=-1 lane_x=-1 filter=lost linear=0.30 angular=0.00 cw_y=0 right_done=False start_turn=True count_turn=43 traffic=None stop=False[0m
[self_driving-10] [33m[WARN] [1782484962.227735396] [self_driving]: [LANE_LOST] raw_lane_x=-1 lane_x=-1 filter=lost stop=False state=LINE_FOLLOW safe_linear=0.00 right_ready=False right_done=False[0m
[self_driving-10] [0m[INFO] [1782484962.420218193] [self_driving]: [DEBUG_DRIVE] state=LINE_FOLLOW raw_lane_x=-1 lane_x=-1 filter=lost linear=0.30 angular=0.00 cw_y=0 right_done=False start_turn=True count_turn=43 traffic=None stop=False[0m
[self_driving-10] [33m[WARN] [1782484962.765235896] [self_driving]: [LANE_LOST] raw_lane_x=-1 lane_x=-1 filter=lost stop=False state=LINE_FOLLOW safe_linear=0.00 right_ready=False right_done=False[0m
[self_driving-10] [0m[INFO] [1782484962.981321563] [self_driving]: [DEBUG_DRIVE] state=LINE_FOLLOW raw_lane_x=-1 lane_x=-1 filter=lost linear=0.30 angular=0.00 cw_y=0 right_done=False start_turn=True count_turn=43 traffic=None stop=False[0m
[self_driving-10] [0m[INFO] [1782484963.306759322] [self_driving]: [IMAGE] received count=2824 shape=(480, 640, 3) queue=0[0m
[self_driving-10] [33m[WARN] [1782484963.323919099] [self_driving]: [LANE_LOST] raw_lane_x=-1 lane_x=-1 filter=lost stop=False state=LINE_FOLLOW safe_linear=0.00 right_ready=False right_done=False[0m
[self_driving-10] [0m[INFO] [1782484963.507513562] [self_driving]: [DEBUG_DRIVE] state=LINE_FOLLOW raw_lane_x=-1 lane_x=-1 filter=lost linear=0.30 angular=0.00 cw_y=0 right_done=False start_turn=True count_turn=43 traffic=None stop=False[0m
[self_driving-10] [33m[WARN] [1782484963.840283970] [self_driving]: [LANE_LOST] raw_lane_x=-1 lane_x=-1 filter=lost stop=False state=LINE_FOLLOW safe_linear=0.00 right_ready=False right_done=False[0m
[self_driving-10] [0m[INFO] [1782484964.041511266] [self_driving]: [DEBUG_DRIVE] state=LINE_FOLLOW raw_lane_x=-1 lane_x=-1 filter=lost linear=0.30 angular=0.00 cw_y=0 right_done=False start_turn=True count_turn=43 traffic=None stop=False[0m
[self_driving-10] [33m[WARN] [1782484964.390531154] [self_driving]: [LANE_LOST] raw_lane_x=-1 lane_x=-1 filter=lost stop=False state=LINE_FOLLOW safe_linear=0.00 right_ready=False right_done=False[0m
[self_driving-10] [0m[INFO] [1782484964.566864654] [self_driving]: [DEBUG_DRIVE] state=LINE_FOLLOW raw_lane_x=-1 lane_x=-1 filter=lost linear=0.30 angular=0.00 cw_y=0 right_done=False start_turn=True count_turn=43 traffic=None stop=False[0m
[self_driving-10] [33m[WARN] [1782484964.912948413] [self_driving]: [LANE_LOST] raw_lane_x=-1 lane_x=-1 filter=lost stop=False state=LINE_FOLLOW safe_linear=0.00 right_ready=False right_done=False[0m
[self_driving-10] [0m[INFO] [1782484965.109881765] [self_driving]: [DEBUG_DRIVE] state=LINE_FOLLOW raw_lane_x=-1 lane_x=-1 filter=lost linear=0.30 angular=0.00 cw_y=0 right_done=False start_turn=True count_turn=43 traffic=None stop=False[0m
[self_driving-10] [0m[INFO] [1782484965.401505987] [self_driving]: [IMAGE] received count=2855 shape=(480, 640, 3) queue=0[0m
[self_driving-10] [33m[WARN] [1782484965.446532617] [self_driving]: [LANE_LOST] raw_lane_x=-1 lane_x=-1 filter=lost stop=False state=LINE_FOLLOW safe_linear=0.00 right_ready=False right_done=False[0m
[self_driving-10] [0m[INFO] [1782484965.657428487] [self_driving]: [DEBUG_DRIVE] state=LINE_FOLLOW raw_lane_x=-1 lane_x=-1 filter=lost linear=0.30 angular=0.00 cw_y=0 right_done=False start_turn=True count_turn=43 traffic=None stop=False[0m
[self_driving-10] [33m[WARN] [1782484965.986894320] [self_driving]: [LANE_LOST] raw_lane_x=-1 lane_x=-1 filter=lost stop=False state=LINE_FOLLOW safe_linear=0.00 right_ready=False right_done=False[0m
[self_driving-10] [0m[INFO] [1782484966.190144153] [self_driving]: [DEBUG_DRIVE] state=LINE_FOLLOW raw_lane_x=-1 lane_x=-1 filter=lost linear=0.30 angular=0.00 cw_y=0 right_done=False start_turn=True count_turn=43 traffic=None stop=False[0m
[self_driving-10] [33m[WARN] [1782484966.523098023] [self_driving]: [LANE_LOST] raw_lane_x=-1 lane_x=-1 filter=lost stop=False state=LINE_FOLLOW safe_linear=0.00 right_ready=False right_done=False[0m
[self_driving-10] [0m[INFO] [1782484966.732113431] [self_driving]: [DEBUG_DRIVE] state=LINE_FOLLOW raw_lane_x=-1 lane_x=-1 filter=lost linear=0.30 angular=0.00 cw_y=0 right_done=False start_turn=True count_turn=43 traffic=None stop=False[0m
[self_driving-10] [33m[WARN] [1782484967.057885116] [self_driving]: [LANE_LOST] raw_lane_x=-1 lane_x=-1 filter=lost stop=False state=LINE_FOLLOW safe_linear=0.00 right_ready=False right_done=False[0m
[self_driving-10] [0m[INFO] [1782484967.262091819] [self_driving]: [DEBUG_DRIVE] state=LINE_FOLLOW raw_lane_x=-1 lane_x=-1 filter=lost linear=0.30 angular=0.00 cw_y=0 right_done=False start_turn=True count_turn=43 traffic=None stop=False[0m
[self_driving-10] [0m[INFO] [1782484967.458923912] [self_driving]: [IMAGE] received count=2886 shape=(480, 640, 3) queue=0[0m
[self_driving-10] [33m[WARN] [1782484967.605794375] [self_driving]: [LANE_LOST] raw_lane_x=-1 lane_x=-1 filter=lost stop=False state=LINE_FOLLOW safe_linear=0.00 right_ready=False right_done=False[0m
[self_driving-10] [0m[INFO] [1782484967.807111282] [self_driving]: [DEBUG_DRIVE] state=LINE_FOLLOW raw_lane_x=-1 lane_x=-1 filter=lost linear=0.30 angular=0.00 cw_y=0 right_done=False start_turn=True count_turn=43 traffic=None stop=False[0m
[self_driving-10] [33m[WARN] [1782484968.152137393] [self_driving]: [LANE_LOST] raw_lane_x=-1 lane_x=-1 filter=lost stop=False state=LINE_FOLLOW safe_linear=0.00 right_ready=False right_done=False[0m
[self_driving-10] [0m[INFO] [1782484968.350935745] [self_driving]: [DEBUG_DRIVE] state=LINE_FOLLOW raw_lane_x=-1 lane_x=-1 filter=lost linear=0.30 angular=0.00 cw_y=0 right_done=False start_turn=True count_turn=43 traffic=None stop=False[0m
[self_driving-10] [33m[WARN] [1782484968.689837967] [self_driving]: [LANE_LOST] raw_lane_x=-1 lane_x=-1 filter=lost stop=False state=LINE_FOLLOW safe_linear=0.00 right_ready=False right_done=False[0m
[self_driving-10] [0m[INFO] [1782484968.879536967] [self_driving]: [DEBUG_DRIVE] state=LINE_FOLLOW raw_lane_x=-1 lane_x=-1 filter=lost linear=0.30 angular=0.00 cw_y=0 right_done=False start_turn=True count_turn=43 traffic=None stop=False[0m
[self_driving-10] [33m[WARN] [1782484969.225030874] [self_driving]: [LANE_LOST] raw_lane_x=-1 lane_x=-1 filter=lost stop=False state=LINE_FOLLOW safe_linear=0.00 right_ready=False right_done=False[0m
[self_driving-10] [0m[INFO] [1782484969.439504929] [self_driving]: [DEBUG_DRIVE] state=LINE_FOLLOW raw_lane_x=-1 lane_x=-1 filter=lost linear=0.30 angular=0.00 cw_y=0 right_done=False start_turn=True count_turn=43 traffic=None stop=False[0m
[self_driving-10] [0m[INFO] [1782484969.466553059] [self_driving]: [IMAGE] received count=2916 shape=(480, 640, 3) queue=0[0m
[self_driving-10] [33m[WARN] [1782484969.767933577] [self_driving]: [LANE_LOST] raw_lane_x=-1 lane_x=-1 filter=lost stop=False state=LINE_FOLLOW safe_linear=0.00 right_ready=False right_done=False[0m
[self_driving-10] [0m[INFO] [1782484969.962034429] [self_driving]: [DEBUG_DRIVE] state=LINE_FOLLOW raw_lane_x=-1 lane_x=-1 filter=lost linear=0.30 angular=0.00 cw_y=0 right_done=False start_turn=True count_turn=43 traffic=None stop=False[0m
[self_driving-10] [33m[WARN] [1782484970.294986318] [self_driving]: [LANE_LOST] raw_lane_x=-1 lane_x=-1 filter=lost stop=False state=LINE_FOLLOW safe_linear=0.00 right_ready=False right_done=False[0m
[self_driving-10] [0m[INFO] [1782484970.488585114] [self_driving]: [DEBUG_DRIVE] state=LINE_FOLLOW raw_lane_x=-1 lane_x=-1 filter=lost linear=0.30 angular=0.00 cw_y=0 right_done=False start_turn=True count_turn=43 traffic=None stop=False[0m
[self_driving-10] [33m[WARN] [1782484970.832318799] [self_driving]: [LANE_LOST] raw_lane_x=-1 lane_x=-1 filter=lost stop=False state=LINE_FOLLOW safe_linear=0.00 right_ready=False right_done=False[0m
[self_driving-10] [0m[INFO] [1782484971.036891206] [self_driving]: [DEBUG_DRIVE] state=LINE_FOLLOW raw_lane_x=-1 lane_x=-1 filter=lost linear=0.30 angular=0.00 cw_y=0 right_done=False start_turn=True count_turn=43 traffic=None stop=False[0m
[self_driving-10] [33m[WARN] [1782484971.362280817] [self_driving]: [LANE_LOST] raw_lane_x=-1 lane_x=-1 filter=lost stop=False state=LINE_FOLLOW safe_linear=0.00 right_ready=False right_done=False[0m
[self_driving-10] [0m[INFO] [1782484971.506932909] [self_driving]: [IMAGE] received count=2946 shape=(480, 640, 3) queue=0[0m
[self_driving-10] [0m[INFO] [1782484971.577794020] [self_driving]: [DEBUG_DRIVE] state=LINE_FOLLOW raw_lane_x=-1 lane_x=-1 filter=lost linear=0.30 angular=0.00 cw_y=0 right_done=False start_turn=True count_turn=43 traffic=None stop=False[0m
[self_driving-10] [33m[WARN] [1782484971.902368280] [self_driving]: [LANE_LOST] raw_lane_x=-1 lane_x=-1 filter=lost stop=False state=LINE_FOLLOW safe_linear=0.00 right_ready=False right_done=False[0m
[self_driving-10] [0m[INFO] [1782484972.097797502] [self_driving]: [DEBUG_DRIVE] state=LINE_FOLLOW raw_lane_x=-1 lane_x=-1 filter=lost linear=0.30 angular=0.00 cw_y=0 right_done=False start_turn=True count_turn=43 traffic=None stop=False[0m
[self_driving-10] [33m[WARN] [1782484972.451283075] [self_driving]: [LANE_LOST] raw_lane_x=-1 lane_x=-1 filter=lost stop=False state=LINE_FOLLOW safe_linear=0.00 right_ready=False right_done=False[0m
[self_driving-10] [0m[INFO] [1782484972.646621835] [self_driving]: [DEBUG_DRIVE] state=LINE_FOLLOW raw_lane_x=-1 lane_x=-1 filter=lost linear=0.30 angular=0.00 cw_y=0 right_done=False start_turn=True count_turn=43 traffic=None stop=False[0m
[self_driving-10] [33m[WARN] [1782484972.990633297] [self_driving]: [LANE_LOST] raw_lane_x=-1 lane_x=-1 filter=lost stop=False state=LINE_FOLLOW safe_linear=0.00 right_ready=False right_done=False[0m
[self_driving-10] [0m[INFO] [1782484973.181771816] [self_driving]: [DEBUG_DRIVE] state=LINE_FOLLOW raw_lane_x=-1 lane_x=-1 filter=lost linear=0.30 angular=0.00 cw_y=0 right_done=False start_turn=True count_turn=43 traffic=None stop=False[0m
[self_driving-10] [0m[INFO] [1782484973.512382427] [self_driving]: [IMAGE] received count=2976 shape=(480, 640, 3) queue=0[0m
[self_driving-10] [33m[WARN] [1782484973.520371853] [self_driving]: [LANE_LOST] raw_lane_x=-1 lane_x=-1 filter=lost stop=False state=LINE_FOLLOW safe_linear=0.00 right_ready=False right_done=False[0m
[self_driving-10] [0m[INFO] [1782484973.708202278] [self_driving]: [DEBUG_DRIVE] state=LINE_FOLLOW raw_lane_x=-1 lane_x=-1 filter=lost linear=0.30 angular=0.00 cw_y=0 right_done=False start_turn=True count_turn=43 traffic=None stop=False[0m
[self_driving-10] [33m[WARN] [1782484974.056987723] [self_driving]: [LANE_LOST] raw_lane_x=-1 lane_x=-1 filter=lost stop=False state=LINE_FOLLOW safe_linear=0.00 right_ready=False right_done=False[0m
[self_driving-10] [0m[INFO] [1782484974.280360667] [self_driving]: [DEBUG_DRIVE] state=LINE_FOLLOW raw_lane_x=-1 lane_x=-1 filter=lost linear=0.30 angular=0.00 cw_y=0 right_done=False start_turn=True count_turn=43 traffic=None stop=False[0m
[self_driving-10] [33m[WARN] [1782484974.598881204] [self_driving]: [LANE_LOST] raw_lane_x=-1 lane_x=-1 filter=lost stop=False state=LINE_FOLLOW safe_linear=0.00 right_ready=False right_done=False[0m
[self_driving-10] [0m[INFO] [1782484974.796302148] [self_driving]: [DEBUG_DRIVE] state=LINE_FOLLOW raw_lane_x=-1 lane_x=-1 filter=lost linear=0.30 angular=0.00 cw_y=0 right_done=False start_turn=True count_turn=43 traffic=None stop=False[0m
[self_driving-10] [33m[WARN] [1782484975.130015870] [self_driving]: [LANE_LOST] raw_lane_x=-1 lane_x=-1 filter=lost stop=False state=LINE_FOLLOW safe_linear=0.00 right_ready=False right_done=False[0m
[self_driving-10] [0m[INFO] [1782484975.353699574] [self_driving]: [DEBUG_DRIVE] state=LINE_FOLLOW raw_lane_x=-1 lane_x=-1 filter=lost linear=0.30 angular=0.00 cw_y=0 right_done=False start_turn=True count_turn=43 traffic=None stop=False[0m
[self_driving-10] [0m[INFO] [1782484975.527765814] [self_driving]: [IMAGE] received count=3006 shape=(480, 640, 3) queue=0[0m
[self_driving-10] [33m[WARN] [1782484975.689888074] [self_driving]: [LANE_LOST] raw_lane_x=-1 lane_x=-1 filter=lost stop=False state=LINE_FOLLOW safe_linear=0.00 right_ready=False right_done=False[0m
