[INFO] [launch]: All log files can be found below /home/ubuntu/.ros/log/2026-06-26-19-48-39-930754-raspberrypi-322884
[INFO] [launch]: Default logging verbosity is set to INFO
[INFO] [ascamera_node-1]: process started with pid [322900]
[INFO] [static_transform_publisher-2]: process started with pid [322902]
[INFO] [static_transform_publisher-3]: process started with pid [322904]
[INFO] [joint_state_publisher-4]: process started with pid [322906]
[INFO] [robot_state_publisher-5]: process started with pid [322908]
[INFO] [ros_robot_controller-6]: process started with pid [322910]
[INFO] [odom_publisher-7]: process started with pid [322912]
[INFO] [ekf_node-8]: process started with pid [322914]
[INFO] [yolo_detect-9]: process started with pid [322931]
[INFO] [self_driving-10]: process started with pid [322936]
[static_transform_publisher-2] [33m[WARN] [1782503320.687625737] []: Old-style arguments are deprecated; see --help for new-style arguments[0m
[static_transform_publisher-3] [33m[WARN] [1782503320.691541571] []: Old-style arguments are deprecated; see --help for new-style arguments[0m
[static_transform_publisher-2] [0m[INFO] [1782503320.743723885] [static_transform_publisher_41VZYxihlhXoTmvy]: Spinning until stopped - publishing transform
[static_transform_publisher-2] translation: ('0.000000', '0.000000', '0.000000')
[static_transform_publisher-2] rotation: ('-0.500000', '0.499602', '-0.500000', '0.500398')
[static_transform_publisher-2] from 'depth_cam' to 'ascamera_camera_link_0'[0m
[static_transform_publisher-3] [0m[INFO] [1782503320.752429200] [static_transform_publisher_bvOUYphC6CKgZ7Op]: Spinning until stopped - publishing transform
[static_transform_publisher-3] translation: ('0.000000', '0.000000', '0.000000')
[static_transform_publisher-3] rotation: ('-0.500000', '0.499602', '-0.500000', '0.500398')
[static_transform_publisher-3] from 'depth_cam' to 'ascamera_color_0'[0m
[ascamera_node-1] [0m[INFO] [1782503320.757192978] [as_logger]: hello world angstrong camera ros2 node[0m
[robot_state_publisher-5] [0m[INFO] [1782503320.859507552] [robot_state_publisher]: got segment base_footprint[0m
[robot_state_publisher-5] [0m[INFO] [1782503320.859700311] [robot_state_publisher]: got segment base_link[0m
[robot_state_publisher-5] [0m[INFO] [1782503320.859721311] [robot_state_publisher]: got segment depth_cam[0m
[robot_state_publisher-5] [0m[INFO] [1782503320.859731367] [robot_state_publisher]: got segment imu_link[0m
[robot_state_publisher-5] [0m[INFO] [1782503320.859739145] [robot_state_publisher]: got segment lidar_frame[0m
[robot_state_publisher-5] [0m[INFO] [1782503320.859747404] [robot_state_publisher]: got segment wheel_lb_Link[0m
[robot_state_publisher-5] [0m[INFO] [1782503320.859757348] [robot_state_publisher]: got segment wheel_lf_Link[0m
[robot_state_publisher-5] [0m[INFO] [1782503320.859768219] [robot_state_publisher]: got segment wheel_rb_Link[0m
[robot_state_publisher-5] [0m[INFO] [1782503320.859779145] [robot_state_publisher]: got segment wheel_rf_Link[0m
[ascamera_node-1] 2026-06-26 19:48:40[INFO] [CameraPublisher.cpp] [1558] [printLaunchParams] get depth_width 640
[ascamera_node-1] 2026-06-26 19:48:40[INFO] [CameraPublisher.cpp] [1559] [printLaunchParams] get depth_height 480
[ascamera_node-1] 2026-06-26 19:48:40[INFO] [CameraPublisher.cpp] [1561] [printLaunchParams] get rgb_width 640
[ascamera_node-1] 2026-06-26 19:48:40[INFO] [CameraPublisher.cpp] [1562] [printLaunchParams] get rgb_height 480
[ascamera_node-1] 2026-06-26 19:48:40[INFO] [CameraPublisher.cpp] [1570] [printLaunchParams] get set_fps 15
[ascamera_node-1] 2026-06-26 19:48:40[INFO] [CameraPublisher.cpp] [1578] [printLaunchParams] get color_pcl 1
[ascamera_node-1] 2026-06-26 19:48:40[INFO] [CameraPublisher.cpp] [1582] [printLaunchParams] get pub_tfTree 1
[ascamera_node-1] 2026-06-26 19:48:40[INFO] [CameraSrv.cpp] [35] [CameraSrv] Angstrong camera server
[ascamera_node-1] 2026-06-26 19:48:40[INFO] [CameraSrv.cpp] [45] [CameraSrv] Angstrong camera sdk version:v1.2.22.20240516
[joint_state_publisher-4] [0m[INFO] [1782503321.572149292] [joint_state_publisher]: Waiting for robot_description to be published on the robot_description topic...[0m
[odom_publisher-7] [0m[INFO] [1782503321.696311107] [odom_publisher]: [1;32m0.930000 1.010000[0m[0m
[odom_publisher-7] [0m[INFO] [1782503321.717324496] [odom_publisher]: [1;32mstart[0m[0m
[ascamera_node-1] 2026-06-26 19:48:41[INFO] [CameraSrv.cpp] [114] [onAttached] attached
[ascamera_node-1] 2026-06-26 19:48:41[INFO] [CameraSrv.cpp] [145] [onAttached] this is a new attach device, create and open it
[ros_robot_controller-6] [0m[INFO] [1782503322.633699940] [ros_robot_controller]: 已设置舵机 1 的偏移量为 0[0m
[ros_robot_controller-6] [0m[INFO] [1782503322.635827755] [ros_robot_controller]: 已设置舵机 2 的偏移量为 0[0m
[ros_robot_controller-6] [0m[INFO] [1782503322.637234347] [ros_robot_controller]: 已设置舵机 3 的偏移量为 4[0m
[ros_robot_controller-6] [0m[INFO] [1782503322.638206625] [ros_robot_controller]: 已设置舵机 4 的偏移量为 0[0m
[ros_robot_controller-6] [0m[INFO] [1782503322.641999199] [ros_robot_controller]: [1;32mstart[0m[0m
[ascamera_node-1] 2026-06-26 19:48:42[INFO] [CameraSrv.cpp] [154] [onAttached] get model type 9
[ascamera_node-1] 2026-06-26 19:48:42[INFO] [CameraSrv.cpp] [342] [getConfigFile] get file: /home/ubuntu/third_party_ros2/third_party_ws/src/ascamera/configurationfiles/hp60c_v2_00_20230704_configEncrypt.json
[ascamera_node-1] 2026-06-26 19:48:42[INFO] [CameraPublisher.cpp] [1501] [logCameraPathInfo] usb camera
[ascamera_node-1] 2026-06-26 19:48:42[INFO] [CameraPublisher.cpp] [1502] [logCameraPathInfo] bnum:1
[ascamera_node-1] 2026-06-26 19:48:42[INFO] [CameraPublisher.cpp] [1503] [logCameraPathInfo] dnum:3
[ascamera_node-1] 2026-06-26 19:48:42[INFO] [CameraPublisher.cpp] [1504] [logCameraPathInfo] port_numbers:2
[ascamera_node-1] 2026-06-26 19:48:42[INFO] [CameraPublisher.cpp] [171] [onCameraAttached] create a new publisher info set
[ascamera_node-1] 2026-06-26 19:48:42[INFO] [TfTreeFrameIdInfo.cpp] [11] [TfTreeFrameIdInfo] Namespace /ascamera
[ascamera_node-1] 2026-06-26 19:48:43[INFO] [CameraHp60c.cpp] [128] [open] according to the configuration file.
[ascamera_node-1] 2026-06-26 19:48:43[INFO] [CameraHp60c.cpp] [1528] [parseConfigFileParameter] moduleName:AS_CAM_HP60C
[ascamera_node-1] 2026-06-26 19:48:43[INFO] [CameraHp60c.cpp] [1555] [parseConfigFileParameter] Parsing config file /home/ubuntu/third_party_ros2/third_party_ws/src/ascamera/configurationfiles/hp60c_v2_00_20230704_configEncrypt.json
[ascamera_node-1] 2026-06-26 19:48:43[INFO] [CameraHp60c.cpp] [1620] [parseConfigFileParameter] configuration protocol Version: v2.x
[ascamera_node-1] 2026-06-26 19:48:43[INFO] [CameraHp60c.cpp] [1631] [parseConfigFileParameter] configuration Version: v2.0.0.20230704
[ascamera_node-1] 2026-06-26 19:48:43[INFO] [CameraHp60c.cpp] [1796] [setParamersAfterOpenCam] Camera confiParaEnable true, setting configuration parameter
[ascamera_node-1] 2026-06-26 19:48:44[ERROR] [XuCmdCameraHp60c.cpp] [454] [getMjpegSize] get mjpeg from xu command failed
[ascamera_node-1] 2026-06-26 19:48:44[INFO] [XuCmdCameraHp60c.cpp] [458] [getMjpegSize] mjpeg size:640x480
[ascamera_node-1] 2026-06-26 19:48:44[INFO] [CameraPublisher.cpp] [356] [onCameraOpen] camera opened
[ascamera_node-1] 2026-06-26 19:48:44[INFO] [CameraPublisher.cpp] [370] [onCameraOpen] get config info, ret 0, is_Registration 1
[ascamera_node-1] 2026-06-26 19:48:44[INFO] [Camera.cpp] [61] [init] #camera[0x555629912710] SN[ASC60CF08000515]'s firmware version:DLS_VERc20865=:V01.09_2024110714:V01.19_2024110714:L01
[ascamera_node-1] 2026-06-26 19:48:44[INFO] [CameraPublisher.cpp] [1183] [setResolution] set depth resolution: 640 x 480 @ 15fps
[ascamera_node-1] 2026-06-26 19:48:44[INFO] [CameraPublisher.cpp] [1197] [setResolution] set rgb resolution: 640 x 480 @ 15fps
[ascamera_node-1] 2026-06-26 19:48:44[INFO] [CameraHp60c.cpp] [260] [startStreaming] start streaming
[ascamera_node-1] 2026-06-26 19:48:44[INFO] [CameraSrv.cpp] [202] [onAttached] attached end
[ascamera_node-1] 2026-06-26 19:48:45[INFO] [CameraHp60c.cpp] [279] [stopStreaming] stop streaming
[INFO] [apply_calib-11]: process started with pid [323078]
[INFO] [complementary_filter_node-12]: process started with pid [323080]
[complementary_filter_node-12] [0m[INFO] [1782503326.055701567] [imu_filter]: Starting ComplementaryFilterROS[0m
[apply_calib-11] [0m[INFO] [1782503326.113353197] [imu_calib]: Calibrating gyros; do not move the IMU[0m
[apply_calib-11] [0m[INFO] [1782503328.144556288] [imu_calib]: Gyro calibration complete! (bias = [-0.008, 0.027, -0.001])[0m
[yolo_detect-9] [0m[INFO] [1782503329.149922084] [yolov5_ros2]: Current ROS 2 distribution: humble[0m
[yolo_detect-9] [0m[INFO] [1782503329.881330176] [yolov5_ros2]: [1;32mstart yolov5 detect[0m[0m
[self_driving-10] [0m[INFO] [1782503330.922354490] [self_driving]: [1;32mself driving enter[0m[0m
[self_driving-10] [0m[INFO] [1782503330.931347009] [self_driving]: [1;32mset_running[0m[0m
[self_driving-10] [0m[INFO] [1782503330.934370713] [self_driving]: [1;32mstart[0m[0m
[ascamera_node-1] 2026-06-26 19:48:51[INFO] [CameraHp60c.cpp] [260] [startStreaming] start streaming
[ascamera_node-1] 2026-06-26 19:48:53[INFO] [CameraHp60c.cpp] [912] [setInternalParameter] mjpeg info: size(640x480)
[ascamera_node-1] 2026-06-26 19:48:53[INFO] [CameraHp60c.cpp] [1149] [streamCallback] set gain ret 0, gain 4
[ascamera_node-1] 2026-06-26 19:48:53[INFO] [Camera.cpp] [127] [backgroundThread] SN [ ASC60CF08000515 ]'s parameter:
[ascamera_node-1] 2026-06-26 19:48:53[INFO] [Camera.cpp] [128] [backgroundThread] irfx: 426.962
[ascamera_node-1] 2026-06-26 19:48:53[INFO] [Camera.cpp] [129] [backgroundThread] irfy: 426.374
[ascamera_node-1] 2026-06-26 19:48:53[INFO] [Camera.cpp] [130] [backgroundThread] ircx: 315.403
[ascamera_node-1] 2026-06-26 19:48:53[INFO] [Camera.cpp] [131] [backgroundThread] ircy: 240.933
[ascamera_node-1] 2026-06-26 19:48:53[INFO] [Camera.cpp] [132] [backgroundThread] rgbfx: 570.48
[ascamera_node-1] 2026-06-26 19:48:53[INFO] [Camera.cpp] [133] [backgroundThread] rgbfy: 569.949
[ascamera_node-1] 2026-06-26 19:48:53[INFO] [Camera.cpp] [134] [backgroundThread] rgbcx: 329.75
[ascamera_node-1] 2026-06-26 19:48:53[INFO] [Camera.cpp] [135] [backgroundThread] rgbcy: 238.406
[ascamera_node-1] 
[self_driving-10] [0m[INFO] [1782503334.247995359] [self_driving]: [1;33m0[0m[0m
[self_driving-10] [0m[INFO] [1782503334.266423266] [self_driving]: [1;33m0[0m[0m
[self_driving-10] [0m[INFO] [1782503334.295932099] [self_driving]: [1;33m0[0m[0m
[self_driving-10] [0m[INFO] [1782503334.337036211] [self_driving]: [1;33m0[0m[0m
[self_driving-10] [0m[INFO] [1782503334.425651359] [self_driving]: [1;33m0[0m[0m
[self_driving-10] [0m[INFO] [1782503334.490432396] [self_driving]: [1;33m0[0m[0m
[self_driving-10] [0m[INFO] [1782503334.588355673] [self_driving]: [1;33m0[0m[0m
[self_driving-10] [0m[INFO] [1782503334.664827562] [self_driving]: [1;33m0[0m[0m
[self_driving-10] [0m[INFO] [1782503334.745231007] [self_driving]: [1;33m0[0m[0m
[self_driving-10] [0m[INFO] [1782503334.825137562] [self_driving]: [1;33m0[0m[0m
[self_driving-10] [0m[INFO] [1782503334.901233377] [self_driving]: [1;33m0[0m[0m
[self_driving-10] [0m[INFO] [1782503334.993875488] [self_driving]: [1;33m0[0m[0m
[self_driving-10] [0m[INFO] [1782503335.051617451] [self_driving]: [1;33m0[0m[0m
[self_driving-10] [0m[INFO] [1782503335.141176488] [self_driving]: [1;33m0[0m[0m
[self_driving-10] [0m[INFO] [1782503335.219648877] [self_driving]: [1;33m0[0m[0m
[self_driving-10] [0m[INFO] [1782503335.301649673] [self_driving]: [1;33m0[0m[0m
[self_driving-10] [0m[INFO] [1782503335.380382914] [self_driving]: [1;33m0[0m[0m
[self_driving-10] [0m[INFO] [1782503335.490363432] [self_driving]: [1;33m0[0m[0m
[self_driving-10] [0m[INFO] [1782503335.543874543] [self_driving]: [1;33m0[0m[0m
[self_driving-10] [0m[INFO] [1782503335.615387895] [self_driving]: [1;33m0[0m[0m
[self_driving-10] [0m[INFO] [1782503335.698155062] [self_driving]: [1;33m0[0m[0m
[self_driving-10] [0m[INFO] [1782503335.789639524] [self_driving]: [1;33m0[0m[0m
[self_driving-10] [0m[INFO] [1782503335.856012469] [self_driving]: [1;33m0[0m[0m
[self_driving-10] [0m[INFO] [1782503335.947946636] [self_driving]: [1;33m0[0m[0m
[self_driving-10] [0m[INFO] [1782503336.025366858] [self_driving]: [1;33m0[0m[0m
[self_driving-10] [0m[INFO] [1782503336.097785191] [self_driving]: [1;33m0[0m[0m
[self_driving-10] [0m[INFO] [1782503336.203877265] [self_driving]: [1;33m0[0m[0m
[self_driving-10] [0m[INFO] [1782503336.275405932] [self_driving]: [1;33m0[0m[0m
[self_driving-10] [0m[INFO] [1782503336.345374543] [self_driving]: [1;33m0[0m[0m
[self_driving-10] [0m[INFO] [1782503336.430176524] [self_driving]: [1;33m0[0m[0m
[self_driving-10] [0m[INFO] [1782503336.505385839] [self_driving]: [1;33m0[0m[0m
[self_driving-10] [0m[INFO] [1782503336.598118672] [self_driving]: [1;33m0[0m[0m
[self_driving-10] [0m[INFO] [1782503336.675430580] [self_driving]: [1;33m0[0m[0m
[self_driving-10] [0m[INFO] [1782503336.765691320] [self_driving]: [1;33m0[0m[0m
[self_driving-10] [0m[INFO] [1782503336.841629172] [self_driving]: [1;33m0[0m[0m
[self_driving-10] [0m[INFO] [1782503336.909222802] [self_driving]: [1;33m0[0m[0m
[self_driving-10] [0m[INFO] [1782503336.984842561] [self_driving]: [1;33m0[0m[0m
[self_driving-10] [0m[INFO] [1782503337.071765968] [self_driving]: [1;33m0[0m[0m
[self_driving-10] [0m[INFO] [1782503337.172017801] [self_driving]: [1;33m0[0m[0m
[self_driving-10] [0m[INFO] [1782503337.259366598] [self_driving]: [1;33m0[0m[0m
[self_driving-10] [0m[INFO] [1782503337.315155690] [self_driving]: [1;33m0[0m[0m
[self_driving-10] [0m[INFO] [1782503337.405893579] [self_driving]: [1;33m0[0m[0m
[self_driving-10] [0m[INFO] [1782503337.483174468] [self_driving]: [1;33m0[0m[0m
[self_driving-10] [0m[INFO] [1782503337.565757746] [self_driving]: [1;33m0[0m[0m
[self_driving-10] [0m[INFO] [1782503337.629679283] [self_driving]: [1;33m0[0m[0m
[self_driving-10] [0m[INFO] [1782503337.700123357] [self_driving]: [1;33m0[0m[0m
[self_driving-10] [0m[INFO] [1782503337.755667968] [self_driving]: [1;33m0[0m[0m
[self_driving-10] [0m[INFO] [1782503337.832954079] [self_driving]: [1;33m0[0m[0m
[self_driving-10] [0m[INFO] [1782503337.894268357] [self_driving]: [1;33m0[0m[0m
[self_driving-10] [0m[INFO] [1782503337.967467838] [self_driving]: [1;33m0[0m[0m
[self_driving-10] [0m[INFO] [1782503338.029518097] [self_driving]: [1;33m0[0m[0m
[self_driving-10] [0m[INFO] [1782503338.095181301] [self_driving]: [1;33m0[0m[0m
[self_driving-10] [0m[INFO] [1782503338.172735745] [self_driving]: [1;33m0[0m[0m
[self_driving-10] [0m[INFO] [1782503338.240774801] [self_driving]: [1;33m0[0m[0m
[self_driving-10] [0m[INFO] [1782503338.303423690] [self_driving]: [1;33m0[0m[0m
[self_driving-10] [0m[INFO] [1782503338.367040282] [self_driving]: [1;33m0[0m[0m
[self_driving-10] [0m[INFO] [1782503338.424181671] [self_driving]: [1;33m0[0m[0m
[self_driving-10] [0m[INFO] [1782503338.495307838] [self_driving]: [1;33m0[0m[0m
[self_driving-10] [0m[INFO] [1782503338.556527171] [self_driving]: [1;33m0[0m[0m
[self_driving-10] [0m[INFO] [1782503338.642201430] [self_driving]: [1;33m0[0m[0m
[self_driving-10] [0m[INFO] [1782503338.707656986] [self_driving]: [1;33m0[0m[0m
[self_driving-10] [0m[INFO] [1782503338.778878930] [self_driving]: [1;33m0[0m[0m
[self_driving-10] [0m[INFO] [1782503338.831281023] [self_driving]: [1;33m0[0m[0m
[self_driving-10] [0m[INFO] [1782503338.887650782] [self_driving]: [1;33m0[0m[0m
[self_driving-10] [0m[INFO] [1782503338.976193930] [self_driving]: [1;33m0[0m[0m
[self_driving-10] [0m[INFO] [1782503339.037528874] [self_driving]: [1;33m0[0m[0m
[self_driving-10] [0m[INFO] [1782503339.096889967] [self_driving]: [1;33m0[0m[0m
[self_driving-10] [0m[INFO] [1782503339.162204171] [self_driving]: [1;33m0[0m[0m
[self_driving-10] [0m[INFO] [1782503339.237044245] [self_driving]: [1;33m0[0m[0m
[self_driving-10] [0m[INFO] [1782503339.305677800] [self_driving]: [1;33m0[0m[0m
[self_driving-10] [0m[INFO] [1782503339.380902893] [self_driving]: [1;33m0[0m[0m
[self_driving-10] [0m[INFO] [1782503339.437959967] [self_driving]: [1;33m0[0m[0m
[self_driving-10] [0m[INFO] [1782503339.492898893] [self_driving]: [1;33m0[0m[0m
[self_driving-10] [0m[INFO] [1782503339.569187837] [self_driving]: [1;33m0[0m[0m
[self_driving-10] [0m[INFO] [1782503339.650615948] [self_driving]: [1;33m0[0m[0m
[self_driving-10] [0m[INFO] [1782503339.704131430] [self_driving]: [1;33m0[0m[0m
[self_driving-10] [0m[INFO] [1782503339.757565689] [self_driving]: [1;33m0[0m[0m
[self_driving-10] [0m[INFO] [1782503339.843172078] [self_driving]: [1;33m0[0m[0m
[self_driving-10] [0m[INFO] [1782503339.916920152] [self_driving]: [1;33m0[0m[0m
[self_driving-10] [0m[INFO] [1782503339.986031374] [self_driving]: [1;33m0[0m[0m
[self_driving-10] [0m[INFO] [1782503340.045157133] [self_driving]: [1;33m0[0m[0m
[self_driving-10] [0m[INFO] [1782503340.113870985] [self_driving]: [1;33m0[0m[0m
[self_driving-10] [0m[INFO] [1782503340.182983096] [self_driving]: [1;33m0[0m[0m
[self_driving-10] [0m[INFO] [1782503340.258717355] [self_driving]: [1;33m0[0m[0m
[self_driving-10] [0m[INFO] [1782503340.303597114] [self_driving]: [1;33m0[0m[0m
[self_driving-10] [0m[INFO] [1782503340.408583300] [self_driving]: [1;33m0[0m[0m
[self_driving-10] [0m[INFO] [1782503340.479175577] [self_driving]: [1;33m0[0m[0m
[self_driving-10] [0m[INFO] [1782503340.550781133] [self_driving]: [1;33m0[0m[0m
[self_driving-10] [0m[INFO] [1782503340.585822466] [self_driving]: [1;33m0[0m[0m
[self_driving-10] [0m[INFO] [1782503340.696054485] [self_driving]: [1;33m0[0m[0m
[self_driving-10] [0m[INFO] [1782503340.729097077] [self_driving]: [1;33m0[0m[0m
[self_driving-10] [0m[INFO] [1782503340.788167336] [self_driving]: [1;33m0[0m[0m
[self_driving-10] [0m[INFO] [1782503340.862843355] [self_driving]: [1;33m0[0m[0m
[self_driving-10] [0m[INFO] [1782503340.919755336] [self_driving]: [1;33m0[0m[0m
[self_driving-10] [0m[INFO] [1782503340.983261058] [self_driving]: [1;33m0[0m[0m
[self_driving-10] [0m[INFO] [1782503341.051631114] [self_driving]: [1;33m0[0m[0m
[self_driving-10] [0m[INFO] [1782503341.129660132] [self_driving]: [1;33m0[0m[0m
[self_driving-10] [0m[INFO] [1782503341.191861799] [self_driving]: [1;33m0[0m[0m
[self_driving-10] [0m[INFO] [1782503341.265527169] [self_driving]: [1;33m0[0m[0m
[self_driving-10] [0m[INFO] [1782503341.322472410] [self_driving]: [1;33m0[0m[0m
[self_driving-10] [0m[INFO] [1782503341.380423595] [self_driving]: [1;33m0[0m[0m
[self_driving-10] [0m[INFO] [1782503341.478510317] [self_driving]: [1;33m0[0m[0m
[self_driving-10] [0m[INFO] [1782503341.522374114] [self_driving]: [1;33m0[0m[0m
[self_driving-10] [0m[INFO] [1782503341.591811058] [self_driving]: [1;33m0[0m[0m
[self_driving-10] [0m[INFO] [1782503341.655291410] [self_driving]: [1;33m0[0m[0m
[self_driving-10] [0m[INFO] [1782503341.720301947] [self_driving]: [1;33m0[0m[0m
[self_driving-10] [0m[INFO] [1782503341.781097188] [self_driving]: [1;33m0[0m[0m
[self_driving-10] [0m[INFO] [1782503341.850529410] [self_driving]: [1;33m0[0m[0m
[self_driving-10] [0m[INFO] [1782503341.928976280] [self_driving]: [1;33m0[0m[0m
[self_driving-10] [0m[INFO] [1782503341.983812465] [self_driving]: [1;33m0[0m[0m
[self_driving-10] [0m[INFO] [1782503342.051050261] [self_driving]: [1;33m0[0m[0m
[self_driving-10] [0m[INFO] [1782503342.124953576] [self_driving]: [1;33m0[0m[0m
[self_driving-10] [0m[INFO] [1782503342.182304132] [self_driving]: [1;33m0[0m[0m
[self_driving-10] [0m[INFO] [1782503342.288623650] [self_driving]: [1;33m0[0m[0m
[self_driving-10] [0m[INFO] [1782503342.331019502] [self_driving]: [1;33m0[0m[0m
[self_driving-10] [0m[INFO] [1782503342.391512761] [self_driving]: [1;33m0[0m[0m
[self_driving-10] [0m[INFO] [1782503342.452506983] [self_driving]: [1;33m0[0m[0m
[self_driving-10] [0m[INFO] [1782503342.536646280] [self_driving]: [1;33m0[0m[0m
[self_driving-10] [0m[INFO] [1782503342.592581780] [self_driving]: [1;33m0[0m[0m
[self_driving-10] [0m[INFO] [1782503342.692445576] [self_driving]: [1;33m0[0m[0m
[self_driving-10] [0m[INFO] [1782503342.727612798] [self_driving]: [1;33m0[0m[0m
[self_driving-10] [0m[INFO] [1782503342.794496224] [self_driving]: [1;33m0[0m[0m
[self_driving-10] [0m[INFO] [1782503342.865587298] [self_driving]: [1;33m0[0m[0m
[self_driving-10] [0m[INFO] [1782503342.932399039] [self_driving]: [1;33m0[0m[0m
[self_driving-10] [0m[INFO] [1782503342.988864705] [self_driving]: [1;33m0[0m[0m
[self_driving-10] [0m[INFO] [1782503343.075606502] [self_driving]: [1;33m0[0m[0m
[self_driving-10] [0m[INFO] [1782503343.141574187] [self_driving]: [1;33m0[0m[0m
[self_driving-10] [0m[INFO] [1782503343.213996668] [self_driving]: [1;33m0[0m[0m
[self_driving-10] [0m[INFO] [1782503343.272961539] [self_driving]: [1;33m0[0m[0m
[self_driving-10] [0m[INFO] [1782503343.328322501] [self_driving]: [1;33m0[0m[0m
[self_driving-10] [0m[INFO] [1782503343.447541613] [self_driving]: [1;33m0[0m[0m
[self_driving-10] [0m[INFO] [1782503343.491017687] [self_driving]: [1;33m0[0m[0m
[self_driving-10] [0m[INFO] [1782503343.548480668] [self_driving]: [1;33m0[0m[0m
[self_driving-10] [0m[INFO] [1782503343.612955112] [self_driving]: [1;33m0[0m[0m
[self_driving-10] [0m[INFO] [1782503343.661030335] [self_driving]: [1;33m0[0m[0m
[self_driving-10] [0m[INFO] [1782503343.745216464] [self_driving]: [1;33m0[0m[0m
[self_driving-10] [0m[INFO] [1782503343.824438668] [self_driving]: [1;33m0[0m[0m
[self_driving-10] [0m[INFO] [1782503343.884102872] [self_driving]: [1;33m0[0m[0m
[self_driving-10] [0m[INFO] [1782503343.929834927] [self_driving]: [1;33m0[0m[0m
[self_driving-10] [0m[INFO] [1782503344.013725408] [self_driving]: [1;33m0[0m[0m
[self_driving-10] [0m[INFO] [1782503344.089254223] [self_driving]: [1;33m0[0m[0m
[self_driving-10] [0m[INFO] [1782503344.144356816] [self_driving]: [1;33m0[0m[0m
[self_driving-10] [0m[INFO] [1782503344.217892742] [self_driving]: [1;33m0[0m[0m
[self_driving-10] [0m[INFO] [1782503344.269014094] [self_driving]: [1;33m0[0m[0m
[self_driving-10] [0m[INFO] [1782503344.349912816] [self_driving]: [1;33m0[0m[0m
[self_driving-10] [0m[INFO] [1782503344.419913853] [self_driving]: [1;33m0[0m[0m
[self_driving-10] [0m[INFO] [1782503344.479842167] [self_driving]: [1;33m0[0m[0m
[self_driving-10] [0m[INFO] [1782503344.571885371] [self_driving]: [1;33m0[0m[0m
[self_driving-10] [0m[INFO] [1782503344.613321964] [self_driving]: [1;33m0[0m[0m
[self_driving-10] [0m[INFO] [1782503344.681804667] [self_driving]: [1;33m0[0m[0m
[self_driving-10] [0m[INFO] [1782503344.749311186] [self_driving]: [1;33m0[0m[0m
[self_driving-10] [0m[INFO] [1782503344.818273556] [self_driving]: [1;33m0[0m[0m
[self_driving-10] [0m[INFO] [1782503344.876354871] [self_driving]: [1;33m0[0m[0m
[self_driving-10] [0m[INFO] [1782503344.972516556] [self_driving]: [1;33m0[0m[0m
[self_driving-10] [0m[INFO] [1782503345.015662130] [self_driving]: [1;33m0[0m[0m
[self_driving-10] [0m[INFO] [1782503345.081589537] [self_driving]: [1;33m0[0m[0m
[self_driving-10] [0m[INFO] [1782503345.148445149] [self_driving]: [1;33m0[0m[0m
[self_driving-10] [0m[INFO] [1782503345.217120741] [self_driving]: [1;33m0[0m[0m
[self_driving-10] [0m[INFO] [1782503345.281445537] [self_driving]: [1;33m0[0m[0m
[self_driving-10] [0m[INFO] [1782503345.372196797] [self_driving]: [1;33m0[0m[0m
[self_driving-10] [0m[INFO] [1782503345.422846334] [self_driving]: [1;33m0[0m[0m
[self_driving-10] [0m[INFO] [1782503345.494393722] [self_driving]: [1;33m0[0m[0m
[self_driving-10] [0m[INFO] [1782503345.550639963] [self_driving]: [1;33m0[0m[0m
[self_driving-10] [0m[INFO] [1782503345.627267815] [self_driving]: [1;33m0[0m[0m
[self_driving-10] [0m[INFO] [1782503345.699578278] [self_driving]: [1;33m0[0m[0m
[self_driving-10] [0m[INFO] [1782503345.762756833] [self_driving]: [1;33m0[0m[0m
[self_driving-10] [0m[INFO] [1782503345.818084889] [self_driving]: [1;33m0[0m[0m
[self_driving-10] [0m[INFO] [1782503345.896417537] [self_driving]: [1;33m0[0m[0m
[self_driving-10] [0m[INFO] [1782503345.949537296] [self_driving]: [1;33m0[0m[0m
[self_driving-10] [0m[INFO] [1782503346.015835555] [self_driving]: [1;33m0[0m[0m
[self_driving-10] [0m[INFO] [1782503346.081507741] [self_driving]: [1;33m0[0m[0m
[self_driving-10] [0m[INFO] [1782503346.162822278] [self_driving]: [1;33m0[0m[0m
[self_driving-10] [0m[INFO] [1782503346.228122352] [self_driving]: [1;33m0[0m[0m
[self_driving-10] [0m[INFO] [1782503346.297181129] [self_driving]: [1;33m0[0m[0m
[self_driving-10] [0m[INFO] [1782503346.355554203] [self_driving]: [1;33m0[0m[0m
[self_driving-10] [0m[INFO] [1782503346.450066129] [self_driving]: [1;33m0[0m[0m
[self_driving-10] [0m[INFO] [1782503346.502245629] [self_driving]: [1;33m0[0m[0m
[self_driving-10] [0m[INFO] [1782503346.569667111] [self_driving]: [1;33m0[0m[0m
[self_driving-10] [0m[INFO] [1782503346.635170666] [self_driving]: [1;33m0[0m[0m
[self_driving-10] [0m[INFO] [1782503346.703864018] [self_driving]: [1;33m0[0m[0m
[self_driving-10] [0m[INFO] [1782503346.777062814] [self_driving]: [1;33m0[0m[0m
[self_driving-10] [0m[INFO] [1782503346.849165148] [self_driving]: [1;33m0[0m[0m
[self_driving-10] [0m[INFO] [1782503346.885246425] [self_driving]: [1;33m0[0m[0m
[self_driving-10] [0m[INFO] [1782503346.958013333] [self_driving]: [1;33m0[0m[0m
[self_driving-10] [0m[INFO] [1782503347.036889314] [self_driving]: [1;33m0[0m[0m
[self_driving-10] [0m[INFO] [1782503347.109934925] [self_driving]: [1;33m0[0m[0m
[self_driving-10] [0m[INFO] [1782503347.174124629] [self_driving]: [1;33m0[0m[0m
[self_driving-10] [0m[INFO] [1782503347.243507277] [self_driving]: [1;33m0[0m[0m
[self_driving-10] [0m[INFO] [1782503347.308487258] [self_driving]: [1;33m0[0m[0m
[self_driving-10] [0m[INFO] [1782503347.372679481] [self_driving]: [1;33m0[0m[0m
[self_driving-10] [0m[INFO] [1782503347.430232573] [self_driving]: [1;33m0[0m[0m
[self_driving-10] [0m[INFO] [1782503347.521798055] [self_driving]: [1;33m0[0m[0m
[self_driving-10] [0m[INFO] [1782503347.573161258] [self_driving]: [1;33m0[0m[0m
[self_driving-10] [0m[INFO] [1782503347.642516851] [self_driving]: [1;33m0[0m[0m
[self_driving-10] [0m[INFO] [1782503347.711301943] [self_driving]: [1;33m0[0m[0m
[self_driving-10] [0m[INFO] [1782503347.779151610] [self_driving]: [1;33m0[0m[0m
[self_driving-10] [0m[INFO] [1782503347.826684221] [self_driving]: [1;33m0[0m[0m
[self_driving-10] [0m[INFO] [1782503347.916375610] [self_driving]: [1;33m0[0m[0m
[self_driving-10] [0m[INFO] [1782503347.979024647] [self_driving]: [1;33m0[0m[0m
[self_driving-10] [0m[INFO] [1782503348.039120665] [self_driving]: [1;33m0[0m[0m
[self_driving-10] [0m[INFO] [1782503348.097206128] [self_driving]: [1;33m0[0m[0m
[self_driving-10] [0m[INFO] [1782503348.185271702] [self_driving]: [1;33m0[0m[0m
[self_driving-10] [0m[INFO] [1782503348.255699999] [self_driving]: [1;33m0[0m[0m
[self_driving-10] [0m[INFO] [1782503348.319905610] [self_driving]: [1;33m0[0m[0m
[self_driving-10] [0m[INFO] [1782503348.383278961] [self_driving]: [1;33m0[0m[0m
[self_driving-10] [0m[INFO] [1782503348.431526702] [self_driving]: [1;33m0[0m[0m
[self_driving-10] [0m[INFO] [1782503348.513965943] [self_driving]: [1;33m0[0m[0m
[self_driving-10] [0m[INFO] [1782503348.567099980] [self_driving]: [1;33m0[0m[0m
[self_driving-10] [0m[INFO] [1782503348.660734572] [self_driving]: [1;33m0[0m[0m
[self_driving-10] [0m[INFO] [1782503348.706868924] [self_driving]: [1;33m0[0m[0m
[self_driving-10] [0m[INFO] [1782503348.787900757] [self_driving]: [1;33m0[0m[0m
[self_driving-10] [0m[INFO] [1782503348.843577832] [self_driving]: [1;33m0[0m[0m
[self_driving-10] [0m[INFO] [1782503348.918009998] [self_driving]: [1;33m0[0m[0m
[self_driving-10] [0m[INFO] [1782503348.995131387] [self_driving]: [1;33m0[0m[0m
[self_driving-10] [0m[INFO] [1782503349.051762646] [self_driving]: [1;33m0[0m[0m
[self_driving-10] [0m[INFO] [1782503349.117702072] [self_driving]: [1;33m0[0m[0m
[self_driving-10] [0m[INFO] [1782503349.182035128] [self_driving]: [1;33m0[0m[0m
[self_driving-10] [0m[INFO] [1782503349.240854387] [self_driving]: [1;33m0[0m[0m
[self_driving-10] [0m[INFO] [1782503349.330964313] [self_driving]: [1;33m0[0m[0m
[self_driving-10] [0m[INFO] [1782503349.388851757] [self_driving]: [1;33m0[0m[0m
[self_driving-10] [0m[INFO] [1782503349.453959572] [self_driving]: [1;33m0[0m[0m
[self_driving-10] [0m[INFO] [1782503349.522608627] [self_driving]: [1;33m0[0m[0m
[self_driving-10] [0m[INFO] [1782503349.584736294] [self_driving]: [1;33m0[0m[0m
[self_driving-10] [0m[INFO] [1782503349.663246516] [self_driving]: [1;33m0[0m[0m
[self_driving-10] [0m[INFO] [1782503349.717507850] [self_driving]: [1;33m0[0m[0m
[self_driving-10] [0m[INFO] [1782503349.784757035] [self_driving]: [1;33m0[0m[0m
[self_driving-10] [0m[INFO] [1782503349.854527461] [self_driving]: [1;33m0[0m[0m
[self_driving-10] [0m[INFO] [1782503349.914237849] [self_driving]: [1;33m0[0m[0m
[self_driving-10] [0m[INFO] [1782503350.007065386] [self_driving]: [1;33m0[0m[0m
[self_driving-10] [0m[INFO] [1782503350.054736257] [self_driving]: [1;33m0[0m[0m
[self_driving-10] [0m[INFO] [1782503350.127402442] [self_driving]: [1;33m0[0m[0m
[self_driving-10] [0m[INFO] [1782503350.195356942] [self_driving]: [1;33m0[0m[0m
[self_driving-10] [0m[INFO] [1782503350.261194053] [self_driving]: [1;33m0[0m[0m
[self_driving-10] [0m[INFO] [1782503350.344311071] [self_driving]: [1;33m0[0m[0m
[self_driving-10] [0m[INFO] [1782503350.399342701] [self_driving]: [1;33m0[0m[0m
[self_driving-10] [0m[INFO] [1782503350.465082553] [self_driving]: [1;33m0[0m[0m
[self_driving-10] [0m[INFO] [1782503350.514331071] [self_driving]: [1;33m0[0m[0m
[self_driving-10] [0m[INFO] [1782503350.598808886] [self_driving]: [1;33m0[0m[0m
[self_driving-10] [0m[INFO] [1782503350.653522682] [self_driving]: [1;33m0[0m[0m
[self_driving-10] [0m[INFO] [1782503350.744374164] [self_driving]: [1;33m0[0m[0m
[self_driving-10] [0m[INFO] [1782503350.793866719] [self_driving]: [1;33m0[0m[0m
[self_driving-10] [0m[INFO] [1782503350.865567293] [self_driving]: [1;33m0[0m[0m
[self_driving-10] [0m[INFO] [1782503350.926141127] [self_driving]: [1;33m0[0m[0m
[self_driving-10] [0m[INFO] [1782503350.997317071] [self_driving]: [1;33m0[0m[0m
[self_driving-10] [0m[INFO] [1782503351.084755034] [self_driving]: [1;33m0[0m[0m
[self_driving-10] [0m[INFO] [1782503351.127381497] [self_driving]: [1;33m0[0m[0m
[self_driving-10] [0m[INFO] [1782503351.192246682] [self_driving]: [1;33m0[0m[0m
[self_driving-10] [0m[INFO] [1782503351.281020756] [self_driving]: [1;33m0[0m[0m
[self_driving-10] [0m[INFO] [1782503351.321680145] [self_driving]: [1;33m0[0m[0m
[self_driving-10] [0m[INFO] [1782503351.412928386] [self_driving]: [1;33m0[0m[0m
[self_driving-10] [0m[INFO] [1782503351.459963589] [self_driving]: [1;33m0[0m[0m
[self_driving-10] [0m[INFO] [1782503351.532219385] [self_driving]: [1;33m0[0m[0m
[self_driving-10] [0m[INFO] [1782503351.603368756] [self_driving]: [1;33m0[0m[0m
[self_driving-10] [0m[INFO] [1782503351.660718904] [self_driving]: [1;33m0[0m[0m
[self_driving-10] [0m[INFO] [1782503351.725300589] [self_driving]: [1;33m0[0m[0m
[self_driving-10] [0m[INFO] [1782503351.808725237] [self_driving]: [1;33m0[0m[0m
[self_driving-10] [0m[INFO] [1782503351.880749033] [self_driving]: [1;33m0[0m[0m
[self_driving-10] [0m[INFO] [1782503351.939453422] [self_driving]: [1;33m0[0m[0m
[self_driving-10] [0m[INFO] [1782503351.996076941] [self_driving]: [1;33m0[0m[0m
[self_driving-10] [0m[INFO] [1782503352.071938459] [self_driving]: [1;33m0[0m[0m
[self_driving-10] [0m[INFO] [1782503352.077287756] [self_driving]: DEBUG_DRIVE lane_x=305.5, linear=0.30, linear_y=0.00, angular=-0.45, stop=False, crosswalk_distance=0, start_slow_down=False[0m
[self_driving-10] [0m[INFO] [1782503352.164434867] [self_driving]: [1;33m0[0m[0m
[self_driving-10] [0m[INFO] [1782503352.165802811] [self_driving]: DEBUG_DRIVE lane_x=290.5, linear=0.30, linear_y=0.00, angular=-0.45, stop=False, crosswalk_distance=0, start_slow_down=False[0m
[self_driving-10] [0m[INFO] [1782503352.215860904] [self_driving]: [1;33m0[0m[0m
[self_driving-10] [0m[INFO] [1782503352.217724200] [self_driving]: DEBUG_DRIVE lane_x=294.5, linear=0.30, linear_y=0.00, angular=-0.45, stop=False, crosswalk_distance=0, start_slow_down=False[0m
[self_driving-10] [0m[INFO] [1782503352.260251552] [self_driving]: [1;33m0[0m[0m
[self_driving-10] [0m[INFO] [1782503352.338080681] [self_driving]: [1;33m0[0m[0m
[self_driving-10] [0m[INFO] [1782503352.405809552] [self_driving]: [1;33m0[0m[0m
[self_driving-10] [0m[INFO] [1782503352.407062959] [self_driving]: DEBUG_DRIVE lane_x=7.5, linear=0.30, linear_y=0.00, angular=0.10, stop=False, crosswalk_distance=0, start_slow_down=False[0m
[self_driving-10] [0m[INFO] [1782503352.474497811] [self_driving]: [1;33m0[0m[0m
[self_driving-10] [0m[INFO] [1782503352.475963163] [self_driving]: DEBUG_DRIVE lane_x=8.0, linear=0.30, linear_y=0.00, angular=0.10, stop=False, crosswalk_distance=0, start_slow_down=False[0m
[self_driving-10] [0m[INFO] [1782503352.492919755] [self_driving]: objects=1[0m
[self_driving-10] [0m[INFO] [1782503352.493566181] [self_driving]: [DET] crosswalk: cx=342, cy=11, box=array('i', [271, 0, 414, 23]), score=0.89[0m
[self_driving-10] [0m[INFO] [1782503352.548197385] [self_driving]: [1;33m11[0m[0m
[self_driving-10] [0m[INFO] [1782503352.627496866] [self_driving]: [1;33m11[0m[0m
[self_driving-10] [0m[INFO] [1782503352.666931218] [self_driving]: [1;33m11[0m[0m
[self_driving-10] [0m[INFO] [1782503352.670340070] [self_driving]: DEBUG_DRIVE lane_x=307.5, linear=0.30, linear_y=0.00, angular=-0.45, stop=False, crosswalk_distance=11, start_slow_down=False[0m
[self_driving-10] [0m[INFO] [1782503352.739493829] [self_driving]: [1;33m11[0m[0m
[self_driving-10] [0m[INFO] [1782503352.741759051] [self_driving]: DEBUG_DRIVE lane_x=292.0, linear=0.30, linear_y=0.00, angular=-0.45, stop=False, crosswalk_distance=11, start_slow_down=False[0m
[self_driving-10] [0m[INFO] [1782503352.797639088] [self_driving]: [1;33m11[0m[0m
[self_driving-10] [0m[INFO] [1782503352.799395329] [self_driving]: DEBUG_DRIVE lane_x=281.0, linear=0.30, linear_y=0.00, angular=-0.45, stop=False, crosswalk_distance=11, start_slow_down=False[0m
[self_driving-10] [0m[INFO] [1782503352.854440959] [self_driving]: objects=1[0m
[self_driving-10] [0m[INFO] [1782503352.857254107] [self_driving]: [DET] crosswalk: cx=553, cy=31, box=array('i', [467, 1, 640, 61]), score=0.87[0m
[self_driving-10] [0m[INFO] [1782503352.901710218] [self_driving]: [1;33m31[0m[0m
[self_driving-10] [0m[INFO] [1782503352.903715848] [self_driving]: DEBUG_DRIVE lane_x=297.0, linear=0.30, linear_y=0.00, angular=-0.45, stop=False, crosswalk_distance=31, start_slow_down=False[0m
[self_driving-10] [0m[INFO] [1782503352.957356811] [self_driving]: [1;33m31[0m[0m
[self_driving-10] [0m[INFO] [1782503353.021660792] [self_driving]: [1;33m31[0m[0m
[self_driving-10] [0m[INFO] [1782503353.026291848] [self_driving]: DEBUG_DRIVE lane_x=19.0, linear=0.30, linear_y=0.00, angular=0.10, stop=False, crosswalk_distance=31, start_slow_down=False[0m
[self_driving-10] [0m[INFO] [1782503353.085203829] [self_driving]: [1;33m31[0m[0m
[self_driving-10] [0m[INFO] [1782503353.086252588] [self_driving]: DEBUG_DRIVE lane_x=28.0, linear=0.30, linear_y=0.00, angular=0.10, stop=False, crosswalk_distance=31, start_slow_down=False[0m
[self_driving-10] [0m[INFO] [1782503353.160856625] [self_driving]: [1;33m31[0m[0m
[self_driving-10] [0m[INFO] [1782503353.162013514] [self_driving]: DEBUG_DRIVE lane_x=20.0, linear=0.30, linear_y=0.00, angular=0.10, stop=False, crosswalk_distance=31, start_slow_down=False[0m
[self_driving-10] [0m[INFO] [1782503353.222917255] [self_driving]: [1;33m31[0m[0m
[self_driving-10] [0m[INFO] [1782503353.226020496] [self_driving]: DEBUG_DRIVE lane_x=10.5, linear=0.30, linear_y=0.00, angular=0.10, stop=False, crosswalk_distance=31, start_slow_down=False[0m
[self_driving-10] [0m[INFO] [1782503353.277332459] [self_driving]: objects=1[0m
[self_driving-10] [0m[INFO] [1782503353.283366125] [self_driving]: [DET] crosswalk: cx=588, cy=155, box=array('i', [537, 125, 639, 185]), score=0.64[0m
[self_driving-10] [0m[INFO] [1782503353.284030273] [self_driving]: [1;33m31[0m[0m
[self_driving-10] [0m[INFO] [1782503353.366029644] [self_driving]: [1;33m155[0m[0m
[self_driving-10] [0m[INFO] [1782503353.416760347] [self_driving]: [1;33m155[0m[0m
[self_driving-10] [0m[INFO] [1782503353.476989255] [self_driving]: [1;33m155[0m[0m
[self_driving-10] [0m[INFO] [1782503353.546138329] [self_driving]: [1;33m155[0m[0m
[self_driving-10] [0m[INFO] [1782503353.620390366] [self_driving]: [1;33m155[0m[0m
[self_driving-10] [0m[INFO] [1782503353.692367662] [self_driving]: [1;33m155[0m[0m
[self_driving-10] [0m[INFO] [1782503353.696715310] [self_driving]: DEBUG_DRIVE lane_x=20.5, linear=0.15, linear_y=0.00, angular=0.10, stop=False, crosswalk_distance=155, start_slow_down=True[0m
[self_driving-10] [0m[INFO] [1782503353.758123532] [self_driving]: [1;33m155[0m[0m
[self_driving-10] [0m[INFO] [1782503353.761894199] [self_driving]: DEBUG_DRIVE lane_x=132.0, linear=0.15, linear_y=0.00, angular=-0.10, stop=False, crosswalk_distance=155, start_slow_down=True[0m
[self_driving-10] [0m[INFO] [1782503353.832296254] [self_driving]: [1;33m155[0m[0m
[self_driving-10] [0m[INFO] [1782503353.834355292] [self_driving]: DEBUG_DRIVE lane_x=134.5, linear=0.15, linear_y=0.00, angular=-0.10, stop=False, crosswalk_distance=155, start_slow_down=True[0m
[self_driving-10] [0m[INFO] [1782503353.879033754] [self_driving]: [1;33m155[0m[0m
[self_driving-10] [0m[INFO] [1782503353.880507366] [self_driving]: DEBUG_DRIVE lane_x=142.0, linear=0.15, linear_y=0.00, angular=-0.10, stop=False, crosswalk_distance=155, start_slow_down=True[0m
[self_driving-10] [0m[INFO] [1782503353.957411403] [self_driving]: [1;33m155[0m[0m
[self_driving-10] [0m[INFO] [1782503353.959370347] [self_driving]: DEBUG_DRIVE lane_x=133.5, linear=0.15, linear_y=0.00, angular=0.10, stop=False, crosswalk_distance=155, start_slow_down=True[0m
[self_driving-10] [0m[INFO] [1782503354.025139180] [self_driving]: [1;33m155[0m[0m
[self_driving-10] [0m[INFO] [1782503354.026850421] [self_driving]: DEBUG_DRIVE lane_x=128.0, linear=0.15, linear_y=0.00, angular=0.10, stop=False, crosswalk_distance=155, start_slow_down=True[0m
[self_driving-10] [0m[INFO] [1782503354.086770162] [self_driving]: [1;33m155[0m[0m
[self_driving-10] [0m[INFO] [1782503354.088543551] [self_driving]: DEBUG_DRIVE lane_x=120.0, linear=0.15, linear_y=0.00, angular=0.10, stop=False, crosswalk_distance=155, start_slow_down=True[0m
[self_driving-10] [0m[INFO] [1782503354.143962699] [self_driving]: [1;33m155[0m[0m
[self_driving-10] [0m[INFO] [1782503354.154363958] [self_driving]: objects=1[0m
[self_driving-10] [0m[INFO] [1782503354.155329699] [self_driving]: DEBUG_DRIVE lane_x=123.5, linear=0.15, linear_y=0.00, angular=0.10, stop=False, crosswalk_distance=155, start_slow_down=True[0m
[self_driving-10] [0m[INFO] [1782503354.163200902] [self_driving]: [DET] crosswalk: cx=236, cy=8, box=array('i', [168, 1, 305, 16]), score=0.79[0m
[self_driving-10] [0m[INFO] [1782503354.233973810] [self_driving]: [1;33m8[0m[0m
[self_driving-10] [0m[INFO] [1782503354.237727273] [self_driving]: DEBUG_DRIVE lane_x=123.5, linear=0.15, linear_y=0.00, angular=0.10, stop=False, crosswalk_distance=8, start_slow_down=True[0m
[self_driving-10] [0m[INFO] [1782503354.285551884] [self_driving]: [1;33m8[0m[0m
[self_driving-10] [0m[INFO] [1782503354.288230717] [self_driving]: DEBUG_DRIVE lane_x=132.5, linear=0.15, linear_y=0.00, angular=-0.10, stop=False, crosswalk_distance=8, start_slow_down=True[0m
[self_driving-10] [0m[INFO] [1782503354.362730421] [self_driving]: [1;33m8[0m[0m
[self_driving-10] [0m[INFO] [1782503354.364708569] [self_driving]: DEBUG_DRIVE lane_x=138.0, linear=0.15, linear_y=0.00, angular=-0.10, stop=False, crosswalk_distance=8, start_slow_down=True[0m
[self_driving-10] [0m[INFO] [1782503354.425966236] [self_driving]: [1;33m8[0m[0m
[self_driving-10] [0m[INFO] [1782503354.427860124] [self_driving]: DEBUG_DRIVE lane_x=142.5, linear=0.15, linear_y=0.00, angular=-0.10, stop=False, crosswalk_distance=8, start_slow_down=True[0m
[self_driving-10] [0m[INFO] [1782503354.483027513] [self_driving]: [1;33m8[0m[0m
[self_driving-10] [0m[INFO] [1782503354.485355773] [self_driving]: DEBUG_DRIVE lane_x=145.0, linear=0.15, linear_y=0.00, angular=-0.10, stop=False, crosswalk_distance=8, start_slow_down=True[0m
[self_driving-10] [0m[INFO] [1782503354.545350384] [self_driving]: [1;33m8[0m[0m
[self_driving-10] [0m[INFO] [1782503354.548941976] [self_driving]: DEBUG_DRIVE lane_x=144.0, linear=0.15, linear_y=0.00, angular=-0.10, stop=False, crosswalk_distance=8, start_slow_down=True[0m
[self_driving-10] [0m[INFO] [1782503354.570328884] [self_driving]: objects=1[0m
[self_driving-10] [0m[INFO] [1782503354.572619736] [self_driving]: [DET] crosswalk: cx=377, cy=44, box=array('i', [284, 33, 471, 55]), score=0.53[0m
[self_driving-10] [0m[INFO] [1782503354.645551921] [self_driving]: [1;33m44[0m[0m
[self_driving-10] [0m[INFO] [1782503354.655753550] [self_driving]: DEBUG_DRIVE lane_x=143.0, linear=0.15, linear_y=0.00, angular=-0.10, stop=False, crosswalk_distance=44, start_slow_down=True[0m
[self_driving-10] [0m[INFO] [1782503354.684568272] [self_driving]: [1;33m44[0m[0m
[self_driving-10] [0m[INFO] [1782503354.692360828] [self_driving]: DEBUG_DRIVE lane_x=140.0, linear=0.15, linear_y=0.00, angular=-0.10, stop=False, crosswalk_distance=44, start_slow_down=True[0m
[self_driving-10] [0m[INFO] [1782503354.756125143] [self_driving]: [1;33m44[0m[0m
[self_driving-10] [0m[INFO] [1782503354.758553328] [self_driving]: DEBUG_DRIVE lane_x=138.0, linear=0.15, linear_y=0.00, angular=-0.10, stop=False, crosswalk_distance=44, start_slow_down=True[0m
[self_driving-10] [0m[INFO] [1782503354.813663106] [self_driving]: [1;33m44[0m[0m
[self_driving-10] [0m[INFO] [1782503354.815601809] [self_driving]: DEBUG_DRIVE lane_x=134.5, linear=0.15, linear_y=0.00, angular=0.10, stop=False, crosswalk_distance=44, start_slow_down=True[0m
[self_driving-10] [0m[INFO] [1782503354.901739458] [self_driving]: [1;33m44[0m[0m
[self_driving-10] [0m[INFO] [1782503354.903907624] [self_driving]: DEBUG_DRIVE lane_x=129.0, linear=0.15, linear_y=0.00, angular=0.10, stop=False, crosswalk_distance=44, start_slow_down=True[0m
[self_driving-10] [0m[INFO] [1782503354.947012476] [self_driving]: objects=1[0m
[self_driving-10] [0m[INFO] [1782503354.947478050] [self_driving]: [DET] crosswalk: cx=399, cy=194, box=array('i', [308, 190, 491, 199]), score=0.83[0m
[self_driving-10] [0m[INFO] [1782503354.951304532] [self_driving]: objects=1[0m
[self_driving-10] [0m[INFO] [1782503354.952469291] [self_driving]: [1;33m44[0m[0m
[self_driving-10] [0m[INFO] [1782503354.955972217] [self_driving]: DEBUG_DRIVE lane_x=125.0, linear=0.15, linear_y=0.00, angular=0.10, stop=False, crosswalk_distance=194, start_slow_down=True[0m
[self_driving-10] [0m[INFO] [1782503354.963367680] [self_driving]: [DET] crosswalk: cx=396, cy=174, box=array('i', [333, 171, 459, 177]), score=0.49[0m
[self_driving-10] [0m[INFO] [1782503355.046182809] [self_driving]: [1;33m174[0m[0m
[self_driving-10] [0m[INFO] [1782503355.050462532] [self_driving]: DEBUG_DRIVE lane_x=125.5, linear=0.15, linear_y=0.00, angular=0.10, stop=False, crosswalk_distance=174, start_slow_down=True[0m
[self_driving-10] [0m[INFO] [1782503355.091750069] [self_driving]: [1;33m174[0m[0m
[self_driving-10] [0m[INFO] [1782503355.096165735] [self_driving]: DEBUG_DRIVE lane_x=134.5, linear=0.15, linear_y=0.00, angular=-0.10, stop=False, crosswalk_distance=174, start_slow_down=True[0m
[self_driving-10] [0m[INFO] [1782503355.161470846] [self_driving]: [1;33m174[0m[0m
[self_driving-10] [0m[INFO] [1782503355.163292531] [self_driving]: DEBUG_DRIVE lane_x=135.5, linear=0.15, linear_y=0.00, angular=-0.10, stop=False, crosswalk_distance=174, start_slow_down=True[0m
[self_driving-10] [0m[INFO] [1782503355.231894976] [self_driving]: [1;33m174[0m[0m
[self_driving-10] [0m[INFO] [1782503355.233873013] [self_driving]: DEBUG_DRIVE lane_x=141.5, linear=0.15, linear_y=0.00, angular=-0.10, stop=False, crosswalk_distance=174, start_slow_down=True[0m
[self_driving-10] [0m[INFO] [1782503355.297817735] [self_driving]: [1;33m174[0m[0m
[self_driving-10] [0m[INFO] [1782503355.300742068] [self_driving]: DEBUG_DRIVE lane_x=140.5, linear=0.15, linear_y=0.00, angular=-0.10, stop=False, crosswalk_distance=174, start_slow_down=True[0m
[self_driving-10] [0m[INFO] [1782503355.318247161] [self_driving]: objects=1[0m
[self_driving-10] [0m[INFO] [1782503355.318828420] [self_driving]: [DET] crosswalk: cx=402, cy=197, box=array('i', [306, 192, 499, 203]), score=0.87[0m
[self_driving-10] [0m[INFO] [1782503355.320480568] [self_driving]: objects=1[0m
[self_driving-10] [0m[INFO] [1782503355.320957976] [self_driving]: [DET] crosswalk: cx=393, cy=176, box=array('i', [331, 173, 456, 179]), score=0.54[0m
[self_driving-10] [0m[INFO] [1782503355.323653494] [self_driving]: objects=1[0m
[self_driving-10] [0m[INFO] [1782503355.325317624] [self_driving]: [DET] green: cx=634, cy=132, box=array('i', [629, 120, 639, 145]), score=0.30[0m
[self_driving-10] [0m[INFO] [1782503355.397636457] [self_driving]: [1;33m0[0m[0m
[self_driving-10] [0m[INFO] [1782503355.400757920] [self_driving]: DEBUG_DRIVE lane_x=141.5, linear=0.15, linear_y=0.00, angular=-0.10, stop=False, crosswalk_distance=0, start_slow_down=True[0m
[self_driving-10] [0m[INFO] [1782503355.438533661] [self_driving]: [1;33m0[0m[0m
[self_driving-10] [0m[INFO] [1782503355.440473142] [self_driving]: DEBUG_DRIVE lane_x=146.0, linear=0.15, linear_y=0.00, angular=-0.10, stop=False, crosswalk_distance=0, start_slow_down=True[0m
[self_driving-10] [0m[INFO] [1782503355.503055105] [self_driving]: [1;33m0[0m[0m
[self_driving-10] [0m[INFO] [1782503355.505962198] [self_driving]: DEBUG_DRIVE lane_x=137.0, linear=0.15, linear_y=0.00, angular=0.10, stop=False, crosswalk_distance=0, start_slow_down=True[0m
[self_driving-10] [0m[INFO] [1782503355.568074846] [self_driving]: [1;33m0[0m[0m
[self_driving-10] [0m[INFO] [1782503355.569549031] [self_driving]: DEBUG_DRIVE lane_x=137.5, linear=0.15, linear_y=0.00, angular=-0.10, stop=False, crosswalk_distance=0, start_slow_down=True[0m
[self_driving-10] [0m[INFO] [1782503355.636285494] [self_driving]: [1;33m0[0m[0m
[self_driving-10] [0m[INFO] [1782503355.639947846] [self_driving]: DEBUG_DRIVE lane_x=132.0, linear=0.15, linear_y=0.00, angular=0.10, stop=False, crosswalk_distance=0, start_slow_down=True[0m
[self_driving-10] [0m[INFO] [1782503355.705278013] [self_driving]: objects=1[0m
[self_driving-10] [0m[INFO] [1782503355.705910864] [self_driving]: [DET] crosswalk: cx=393, cy=177, box=array('i', [329, 174, 457, 180]), score=0.69[0m
[self_driving-10] [0m[INFO] [1782503355.712047679] [self_driving]: [1;33m177[0m[0m
[self_driving-10] [0m[INFO] [1782503355.715037439] [self_driving]: DEBUG_DRIVE lane_x=131.0, linear=0.15, linear_y=0.00, angular=0.07, stop=False, crosswalk_distance=177, start_slow_down=True[0m
[self_driving-10] [0m[INFO] [1782503355.793454290] [self_driving]: [1;33m177[0m[0m
[self_driving-10] [0m[INFO] [1782503355.795250457] [self_driving]: DEBUG_DRIVE lane_x=137.0, linear=0.15, linear_y=0.00, angular=-0.10, stop=False, crosswalk_distance=177, start_slow_down=True[0m
[self_driving-10] [0m[INFO] [1782503355.847446679] [self_driving]: [1;33m177[0m[0m
[self_driving-10] [0m[INFO] [1782503355.849343994] [self_driving]: DEBUG_DRIVE lane_x=128.0, linear=0.15, linear_y=0.00, angular=0.10, stop=False, crosswalk_distance=177, start_slow_down=True[0m
[self_driving-10] [0m[INFO] [1782503355.903265513] [self_driving]: [1;33m177[0m[0m
[self_driving-10] [0m[INFO] [1782503355.906055772] [self_driving]: DEBUG_DRIVE lane_x=141.5, linear=0.15, linear_y=0.00, angular=-0.10, stop=False, crosswalk_distance=177, start_slow_down=True[0m
[self_driving-10] [0m[INFO] [1782503355.974787475] [self_driving]: [1;33m177[0m[0m
[self_driving-10] [0m[INFO] [1782503355.979642401] [self_driving]: DEBUG_DRIVE lane_x=134.0, linear=0.15, linear_y=0.00, angular=0.10, stop=False, crosswalk_distance=177, start_slow_down=True[0m
[self_driving-10] [0m[INFO] [1782503356.025154179] [self_driving]: [1;33m177[0m[0m
[self_driving-10] [0m[INFO] [1782503356.028349587] [self_driving]: DEBUG_DRIVE lane_x=140.0, linear=0.15, linear_y=0.00, angular=-0.10, stop=False, crosswalk_distance=177, start_slow_down=True[0m
[self_driving-10] [0m[INFO] [1782503356.099144975] [self_driving]: [1;33m177[0m[0m
[self_driving-10] [0m[INFO] [1782503356.101971938] [self_driving]: DEBUG_DRIVE lane_x=140.5, linear=0.15, linear_y=0.00, angular=-0.10, stop=False, crosswalk_distance=177, start_slow_down=False[0m
[self_driving-10] [0m[INFO] [1782503356.161362698] [self_driving]: objects=1[0m
[self_driving-10] [0m[INFO] [1782503356.162819957] [self_driving]: [DET] crosswalk: cx=388, cy=177, box=array('i', [320, 174, 457, 180]), score=0.73[0m
[self_driving-10] [0m[INFO] [1782503356.168251660] [self_driving]: [1;33m177[0m[0m
[self_driving-10] [0m[INFO] [1782503356.171223975] [self_driving]: DEBUG_DRIVE lane_x=144.0, linear=0.30, linear_y=0.00, angular=-0.10, stop=False, crosswalk_distance=177, start_slow_down=False[0m
[self_driving-10] [0m[INFO] [1782503356.242766197] [self_driving]: [1;33m177[0m[0m
[self_driving-10] [0m[INFO] [1782503356.244540420] [self_driving]: DEBUG_DRIVE lane_x=142.0, linear=0.30, linear_y=0.00, angular=-0.10, stop=False, crosswalk_distance=177, start_slow_down=False[0m
[self_driving-10] [0m[INFO] [1782503356.309442605] [self_driving]: [1;33m177[0m[0m
[self_driving-10] [0m[INFO] [1782503356.311064346] [self_driving]: DEBUG_DRIVE lane_x=138.5, linear=0.15, linear_y=0.00, angular=-0.10, stop=False, crosswalk_distance=177, start_slow_down=True[0m
[self_driving-10] [0m[INFO] [1782503356.364746031] [self_driving]: [1;33m177[0m[0m
[self_driving-10] [0m[INFO] [1782503356.365916753] [self_driving]: DEBUG_DRIVE lane_x=138.0, linear=0.15, linear_y=0.00, angular=-0.10, stop=False, crosswalk_distance=177, start_slow_down=True[0m
[self_driving-10] [0m[INFO] [1782503356.445105568] [self_driving]: [1;33m177[0m[0m
[self_driving-10] [0m[INFO] [1782503356.446689568] [self_driving]: DEBUG_DRIVE lane_x=137.5, linear=0.15, linear_y=0.00, angular=-0.10, stop=False, crosswalk_distance=177, start_slow_down=True[0m
[self_driving-10] [0m[INFO] [1782503356.516093605] [self_driving]: [1;33m177[0m[0m
[self_driving-10] [0m[INFO] [1782503356.518132771] [self_driving]: DEBUG_DRIVE lane_x=127.0, linear=0.15, linear_y=0.00, angular=0.10, stop=False, crosswalk_distance=177, start_slow_down=True[0m
[self_driving-10] [0m[INFO] [1782503356.580066845] [self_driving]: [1;33m177[0m[0m
[self_driving-10] [0m[INFO] [1782503356.581548308] [self_driving]: DEBUG_DRIVE lane_x=120.5, linear=0.15, linear_y=0.00, angular=0.10, stop=False, crosswalk_distance=177, start_slow_down=True[0m
[self_driving-10] [0m[INFO] [1782503356.588206975] [self_driving]: objects=1[0m
[self_driving-10] [0m[INFO] [1782503356.589143605] [self_driving]: [DET] crosswalk: cx=398, cy=177, box=array('i', [328, 173, 469, 181]), score=0.69[0m
[self_driving-10] [0m[INFO] [1782503356.651583919] [self_driving]: [1;33m177[0m[0m
[self_driving-10] [0m[INFO] [1782503356.656160938] [self_driving]: DEBUG_DRIVE lane_x=127.0, linear=0.15, linear_y=0.00, angular=-0.10, stop=False, crosswalk_distance=177, start_slow_down=True[0m
[self_driving-10] [0m[INFO] [1782503356.725108142] [self_driving]: [1;33m177[0m[0m
[self_driving-10] [0m[INFO] [1782503356.728619716] [self_driving]: DEBUG_DRIVE lane_x=129.0, linear=0.15, linear_y=0.00, angular=-0.10, stop=False, crosswalk_distance=177, start_slow_down=True[0m
[self_driving-10] [0m[INFO] [1782503356.787636864] [self_driving]: [1;33m177[0m[0m
[self_driving-10] [0m[INFO] [1782503356.792292901] [self_driving]: DEBUG_DRIVE lane_x=132.0, linear=0.15, linear_y=0.00, angular=-0.10, stop=False, crosswalk_distance=177, start_slow_down=True[0m
[self_driving-10] [0m[INFO] [1782503356.840325216] [self_driving]: [1;33m177[0m[0m
[self_driving-10] [0m[INFO] [1782503356.841377030] [self_driving]: DEBUG_DRIVE lane_x=131.0, linear=0.15, linear_y=0.00, angular=0.10, stop=False, crosswalk_distance=177, start_slow_down=True[0m
[self_driving-10] [0m[INFO] [1782503356.916906086] [self_driving]: [1;33m177[0m[0m
[self_driving-10] [0m[INFO] [1782503356.919541049] [self_driving]: DEBUG_DRIVE lane_x=128.0, linear=0.15, linear_y=0.00, angular=0.10, stop=False, crosswalk_distance=177, start_slow_down=True[0m
[self_driving-10] [0m[INFO] [1782503356.965087253] [self_driving]: [1;33m177[0m[0m
[self_driving-10] [0m[INFO] [1782503356.967532623] [self_driving]: DEBUG_DRIVE lane_x=125.0, linear=0.15, linear_y=0.00, angular=0.10, stop=False, crosswalk_distance=177, start_slow_down=True[0m
[self_driving-10] [0m[INFO] [1782503356.984222123] [self_driving]: objects=1[0m
[self_driving-10] [0m[INFO] [1782503356.985436160] [self_driving]: [DET] crosswalk: cx=403, cy=174, box=array('i', [329, 170, 477, 178]), score=0.72[0m
[self_driving-10] [0m[INFO] [1782503357.056946530] [self_driving]: [1;33m174[0m[0m
[self_driving-10] [0m[INFO] [1782503357.065502530] [self_driving]: DEBUG_DRIVE lane_x=128.0, linear=0.15, linear_y=0.00, angular=-0.10, stop=False, crosswalk_distance=174, start_slow_down=True[0m
[self_driving-10] [0m[INFO] [1782503357.102261253] [self_driving]: [1;33m174[0m[0m
[self_driving-10] [0m[INFO] [1782503357.106490586] [self_driving]: DEBUG_DRIVE lane_x=128.5, linear=0.15, linear_y=0.00, angular=0.10, stop=False, crosswalk_distance=174, start_slow_down=True[0m
[self_driving-10] [0m[INFO] [1782503357.181856845] [self_driving]: [1;33m174[0m[0m
[self_driving-10] [0m[INFO] [1782503357.183749160] [self_driving]: DEBUG_DRIVE lane_x=133.0, linear=0.15, linear_y=0.00, angular=-0.10, stop=False, crosswalk_distance=174, start_slow_down=True[0m
[self_driving-10] [0m[INFO] [1782503357.252491586] [self_driving]: [1;33m174[0m[0m
[self_driving-10] [0m[INFO] [1782503357.253835012] [self_driving]: DEBUG_DRIVE lane_x=139.5, linear=0.15, linear_y=0.00, angular=-0.10, stop=False, crosswalk_distance=174, start_slow_down=True[0m
[self_driving-10] [0m[INFO] [1782503357.313956364] [self_driving]: [1;33m174[0m[0m
[self_driving-10] [0m[INFO] [1782503357.316134567] [self_driving]: DEBUG_DRIVE lane_x=144.0, linear=0.15, linear_y=0.00, angular=-0.10, stop=False, crosswalk_distance=174, start_slow_down=True[0m
[self_driving-10] [0m[INFO] [1782503357.370990160] [self_driving]: objects=1[0m
[self_driving-10] [0m[INFO] [1782503357.371523882] [self_driving]: [DET] crosswalk: cx=426, cy=209, box=array('i', [288, 200, 565, 218]), score=0.87[0m
[self_driving-10] [0m[INFO] [1782503357.380260697] [self_driving]: objects=1[0m
[self_driving-10] [0m[INFO] [1782503357.380766882] [self_driving]: [DET] crosswalk: cx=411, cy=174, box=array('i', [330, 170, 492, 178]), score=0.65[0m
[self_driving-10] [0m[INFO] [1782503357.387560030] [self_driving]: [1;33m174[0m[0m
[self_driving-10] [0m[INFO] [1782503357.389968401] [self_driving]: DEBUG_DRIVE lane_x=148.5, linear=0.15, linear_y=0.00, angular=-0.10, stop=False, crosswalk_distance=174, start_slow_down=True[0m
[self_driving-10] [0m[INFO] [1782503357.455574382] [self_driving]: [1;33m174[0m[0m
[self_driving-10] [0m[INFO] [1782503357.458070104] [self_driving]: DEBUG_DRIVE lane_x=149.0, linear=0.15, linear_y=0.00, angular=-0.10, stop=False, crosswalk_distance=174, start_slow_down=True[0m
[self_driving-10] [0m[INFO] [1782503357.525552160] [self_driving]: [1;33m174[0m[0m
[self_driving-10] [0m[INFO] [1782503357.527748123] [self_driving]: DEBUG_DRIVE lane_x=151.5, linear=0.15, linear_y=0.00, angular=-0.10, stop=False, crosswalk_distance=174, start_slow_down=True[0m
[self_driving-10] [0m[INFO] [1782503357.576311512] [self_driving]: [1;33m174[0m[0m
[self_driving-10] [0m[INFO] [1782503357.578192400] [self_driving]: DEBUG_DRIVE lane_x=148.5, linear=0.15, linear_y=0.00, angular=-0.10, stop=False, crosswalk_distance=174, start_slow_down=True[0m
[self_driving-10] [0m[INFO] [1782503357.637959493] [self_driving]: [1;33m174[0m[0m
[self_driving-10] [0m[INFO] [1782503357.642354549] [self_driving]: DEBUG_DRIVE lane_x=145.5, linear=0.15, linear_y=0.00, angular=-0.10, stop=False, crosswalk_distance=174, start_slow_down=True[0m
[self_driving-10] [0m[INFO] [1782503357.717188493] [self_driving]: [1;33m174[0m[0m
[self_driving-10] [0m[INFO] [1782503357.718444085] [self_driving]: DEBUG_DRIVE lane_x=145.5, linear=0.15, linear_y=0.00, angular=-0.10, stop=False, crosswalk_distance=174, start_slow_down=True[0m
[self_driving-10] [0m[INFO] [1782503357.780363141] [self_driving]: objects=1[0m
[self_driving-10] [0m[INFO] [1782503357.787847289] [self_driving]: [DET] crosswalk: cx=426, cy=223, box=array('i', [271, 213, 582, 233]), score=0.85[0m
[self_driving-10] [0m[INFO] [1782503357.795282974] [self_driving]: [1;33m174[0m[0m
[self_driving-10] [0m[INFO] [1782503357.795830974] [self_driving]: objects=1[0m
[self_driving-10] [0m[INFO] [1782503357.796697048] [self_driving]: [DET] crosswalk: cx=402, cy=182, box=array('i', [316, 178, 488, 187]), score=0.67[0m
[self_driving-10] [0m[INFO] [1782503357.807933604] [self_driving]: DEBUG_DRIVE lane_x=143.5, linear=0.15, linear_y=0.00, angular=-0.10, stop=False, crosswalk_distance=182, start_slow_down=True[0m
[self_driving-10] [0m[INFO] [1782503357.845747456] [self_driving]: [1;33m182[0m[0m
[self_driving-10] [0m[INFO] [1782503357.855498326] [self_driving]: DEBUG_DRIVE lane_x=138.0, linear=0.15, linear_y=0.00, angular=0.10, stop=False, crosswalk_distance=182, start_slow_down=True[0m
[self_driving-10] [0m[INFO] [1782503357.917692919] [self_driving]: [1;33m182[0m[0m
[self_driving-10] [0m[INFO] [1782503357.920961993] [self_driving]: DEBUG_DRIVE lane_x=132.5, linear=0.15, linear_y=0.00, angular=0.10, stop=False, crosswalk_distance=182, start_slow_down=True[0m
[self_driving-10] [0m[INFO] [1782503357.992373733] [self_driving]: [1;33m182[0m[0m
[self_driving-10] [0m[INFO] [1782503357.993712474] [self_driving]: DEBUG_DRIVE lane_x=128.0, linear=0.15, linear_y=0.00, angular=0.10, stop=False, crosswalk_distance=182, start_slow_down=True[0m
[self_driving-10] [0m[INFO] [1782503358.045123270] [self_driving]: [1;33m182[0m[0m
[self_driving-10] [0m[INFO] [1782503358.047552678] [self_driving]: DEBUG_DRIVE lane_x=129.5, linear=0.15, linear_y=0.00, angular=-0.10, stop=False, crosswalk_distance=182, start_slow_down=True[0m
[self_driving-10] [0m[INFO] [1782503358.129486104] [self_driving]: [1;33m182[0m[0m
[self_driving-10] [0m[INFO] [1782503358.132111474] [self_driving]: DEBUG_DRIVE lane_x=130.0, linear=0.15, linear_y=0.00, angular=-0.10, stop=False, crosswalk_distance=182, start_slow_down=True[0m
[self_driving-10] [0m[INFO] [1782503358.182225919] [self_driving]: [1;33m182[0m[0m
[self_driving-10] [0m[INFO] [1782503358.184069993] [self_driving]: DEBUG_DRIVE lane_x=134.5, linear=0.15, linear_y=0.00, angular=-0.10, stop=False, crosswalk_distance=182, start_slow_down=True[0m
[self_driving-10] [0m[INFO] [1782503358.207426122] [self_driving]: objects=1[0m
[self_driving-10] [0m[INFO] [1782503358.208290196] [self_driving]: [DET] crosswalk: cx=434, cy=229, box=array('i', [270, 219, 598, 240]), score=0.88[0m
[self_driving-10] [0m[INFO] [1782503358.214386752] [self_driving]: objects=1[0m
[self_driving-10] [0m[INFO] [1782503358.217491030] [self_driving]: [DET] crosswalk: cx=404, cy=184, box=array('i', [315, 180, 493, 189]), score=0.69[0m
[self_driving-10] [0m[INFO] [1782503358.272974548] [self_driving]: [1;33m184[0m[0m
[self_driving-10] [0m[INFO] [1782503358.274431381] [self_driving]: DEBUG_DRIVE lane_x=134.0, linear=0.15, linear_y=0.00, angular=-0.10, stop=False, crosswalk_distance=184, start_slow_down=True[0m
[self_driving-10] [0m[INFO] [1782503358.315071974] [self_driving]: [1;33m184[0m[0m
[self_driving-10] [0m[INFO] [1782503358.316506696] [self_driving]: DEBUG_DRIVE lane_x=133.0, linear=0.15, linear_y=0.00, angular=-0.10, stop=False, crosswalk_distance=184, start_slow_down=True[0m
[self_driving-10] [0m[INFO] [1782503358.392704567] [self_driving]: [1;33m184[0m[0m
[self_driving-10] [0m[INFO] [1782503358.394718048] [self_driving]: DEBUG_DRIVE lane_x=127.5, linear=0.15, linear_y=0.00, angular=0.10, stop=False, crosswalk_distance=184, start_slow_down=True[0m
[self_driving-10] [0m[INFO] [1782503358.461964381] [self_driving]: [1;33m184[0m[0m
[self_driving-10] [0m[INFO] [1782503358.463805715] [self_driving]: DEBUG_DRIVE lane_x=123.5, linear=0.15, linear_y=0.00, angular=0.10, stop=False, crosswalk_distance=184, start_slow_down=True[0m
[self_driving-10] [0m[INFO] [1782503358.535464215] [self_driving]: [1;33m184[0m[0m
[self_driving-10] [0m[INFO] [1782503358.536591622] [self_driving]: DEBUG_DRIVE lane_x=117.0, linear=0.15, linear_y=0.00, angular=0.10, stop=False, crosswalk_distance=184, start_slow_down=True[0m
[self_driving-10] [0m[INFO] [1782503358.594579566] [self_driving]: [1;33m184[0m[0m
[self_driving-10] [0m[INFO] [1782503358.596144048] [self_driving]: DEBUG_DRIVE lane_x=116.0, linear=0.15, linear_y=0.00, angular=0.10, stop=False, crosswalk_distance=184, start_slow_down=True[0m
[self_driving-10] [0m[INFO] [1782503358.653963752] [self_driving]: [1;33m184[0m[0m
[self_driving-10] [0m[INFO] [1782503358.655723955] [self_driving]: DEBUG_DRIVE lane_x=119.0, linear=0.15, linear_y=0.00, angular=0.10, stop=False, crosswalk_distance=184, start_slow_down=True[0m
[self_driving-10] [0m[INFO] [1782503358.735750307] [self_driving]: [1;33m184[0m[0m
[self_driving-10] [0m[INFO] [1782503358.744299307] [self_driving]: objects=1[0m
[self_driving-10] [0m[INFO] [1782503358.745165807] [self_driving]: [DET] crosswalk: cx=401, cy=188, box=array('i', [310, 183, 493, 193]), score=0.78[0m
[self_driving-10] [0m[INFO] [1782503358.749835177] [self_driving]: DEBUG_DRIVE lane_x=122.0, linear=0.15, linear_y=0.00, angular=0.10, stop=False, crosswalk_distance=188, start_slow_down=True[0m
[self_driving-10] [0m[INFO] [1782503358.836353492] [self_driving]: [1;33m188[0m[0m
[self_driving-10] [0m[INFO] [1782503358.843724085] [self_driving]: DEBUG_DRIVE lane_x=129.5, linear=0.15, linear_y=0.00, angular=-0.10, stop=False, crosswalk_distance=188, start_slow_down=True[0m
[self_driving-10] [0m[INFO] [1782503358.865087140] [self_driving]: [1;33m188[0m[0m
[self_driving-10] [0m[INFO] [1782503358.868015714] [self_driving]: DEBUG_DRIVE lane_x=137.5, linear=0.15, linear_y=0.00, angular=-0.10, stop=False, crosswalk_distance=188, start_slow_down=True[0m
[self_driving-10] [0m[INFO] [1782503358.916565455] [self_driving]: [1;33m188[0m[0m
[self_driving-10] [0m[INFO] [1782503358.919665011] [self_driving]: DEBUG_DRIVE lane_x=143.0, linear=0.15, linear_y=0.00, angular=-0.10, stop=False, crosswalk_distance=188, start_slow_down=True[0m
[self_driving-10] [0m[INFO] [1782503358.998148622] [self_driving]: [1;33m188[0m[0m
[self_driving-10] [0m[INFO] [1782503359.000457844] [self_driving]: DEBUG_DRIVE lane_x=144.0, linear=0.15, linear_y=0.00, angular=-0.10, stop=False, crosswalk_distance=188, start_slow_down=False[0m
[self_driving-10] [0m[INFO] [1782503359.057980900] [self_driving]: [1;33m188[0m[0m
[self_driving-10] [0m[INFO] [1782503359.059481992] [self_driving]: DEBUG_DRIVE lane_x=145.0, linear=0.30, linear_y=0.00, angular=-0.10, stop=False, crosswalk_distance=188, start_slow_down=False[0m
[self_driving-10] [0m[INFO] [1782503359.129488696] [self_driving]: [1;33m188[0m[0m
[self_driving-10] [0m[INFO] [1782503359.131718807] [self_driving]: DEBUG_DRIVE lane_x=144.5, linear=0.30, linear_y=0.00, angular=-0.10, stop=False, crosswalk_distance=188, start_slow_down=False[0m
[self_driving-10] [0m[INFO] [1782503359.195423288] [self_driving]: [1;33m188[0m[0m
[self_driving-10] [0m[INFO] [1782503359.197421844] [self_driving]: DEBUG_DRIVE lane_x=140.5, linear=0.15, linear_y=0.00, angular=-0.10, stop=False, crosswalk_distance=188, start_slow_down=True[0m
[self_driving-10] [0m[INFO] [1782503359.230077585] [self_driving]: objects=1[0m
[self_driving-10] [0m[INFO] [1782503359.234476362] [self_driving]: [DET] crosswalk: cx=431, cy=257, box=array('i', [224, 243, 639, 272]), score=0.89[0m
[self_driving-10] [0m[INFO] [1782503359.251708362] [self_driving]: objects=1[0m
[self_driving-10] [0m[INFO] [1782503359.254618085] [self_driving]: [DET] crosswalk: cx=382, cy=193, box=array('i', [286, 188, 479, 198]), score=0.75[0m
[self_driving-10] [0m[INFO] [1782503359.288105418] [self_driving]: [1;33m193[0m[0m
[self_driving-10] [0m[INFO] [1782503359.294420159] [self_driving]: DEBUG_DRIVE lane_x=139.0, linear=0.15, linear_y=0.00, angular=-0.10, stop=False, crosswalk_distance=193, start_slow_down=True[0m
[self_driving-10] [0m[INFO] [1782503359.346064399] [self_driving]: [1;33m193[0m[0m
[self_driving-10] [0m[INFO] [1782503359.349756677] [self_driving]: DEBUG_DRIVE lane_x=134.5, linear=0.15, linear_y=0.00, angular=0.10, stop=False, crosswalk_distance=193, start_slow_down=True[0m
[self_driving-10] [0m[INFO] [1782503359.406091177] [self_driving]: [1;33m193[0m[0m
[self_driving-10] [0m[INFO] [1782503359.407196381] [self_driving]: DEBUG_DRIVE lane_x=124.5, linear=0.15, linear_y=0.00, angular=0.10, stop=False, crosswalk_distance=193, start_slow_down=True[0m
[self_driving-10] [0m[INFO] [1782503359.459049029] [self_driving]: [1;33m193[0m[0m
[self_driving-10] [0m[INFO] [1782503359.460548992] [self_driving]: DEBUG_DRIVE lane_x=124.0, linear=0.15, linear_y=0.00, angular=0.10, stop=False, crosswalk_distance=193, start_slow_down=True[0m
[self_driving-10] [0m[INFO] [1782503359.520857658] [self_driving]: [1;33m193[0m[0m
[self_driving-10] [0m[INFO] [1782503359.522976825] [self_driving]: DEBUG_DRIVE lane_x=122.0, linear=0.15, linear_y=0.00, angular=0.10, stop=False, crosswalk_distance=193, start_slow_down=True[0m
[self_driving-10] [0m[INFO] [1782503359.605253770] [self_driving]: [1;33m193[0m[0m
[self_driving-10] [0m[INFO] [1782503359.607617899] [self_driving]: DEBUG_DRIVE lane_x=121.5, linear=0.15, linear_y=0.00, angular=0.10, stop=False, crosswalk_distance=193, start_slow_down=True[0m
[self_driving-10] [0m[INFO] [1782503359.655142232] [self_driving]: [1;33m193[0m[0m
[self_driving-10] [0m[INFO] [1782503359.656550362] [self_driving]: DEBUG_DRIVE lane_x=120.0, linear=0.15, linear_y=0.00, angular=0.10, stop=False, crosswalk_distance=193, start_slow_down=True[0m
[self_driving-10] [0m[INFO] [1782503359.728998992] [self_driving]: objects=1[0m
[self_driving-10] [0m[INFO] [1782503359.736532214] [self_driving]: [1;33m193[0m[0m
[self_driving-10] [0m[INFO] [1782503359.738797195] [self_driving]: [DET] crosswalk: cx=371, cy=196, box=array('i', [268, 191, 475, 202]), score=0.82[0m
[self_driving-10] [0m[INFO] [1782503359.744780844] [self_driving]: DEBUG_DRIVE lane_x=124.0, linear=0.15, linear_y=0.00, angular=0.10, stop=False, crosswalk_distance=196, start_slow_down=True[0m
[self_driving-10] [0m[INFO] [1782503359.800836029] [self_driving]: [1;33m196[0m[0m
[self_driving-10] [0m[INFO] [1782503359.807768455] [self_driving]: DEBUG_DRIVE lane_x=127.0, linear=0.15, linear_y=0.00, angular=-0.10, stop=False, crosswalk_distance=196, start_slow_down=True[0m
[self_driving-10] [0m[INFO] [1782503359.871476047] [self_driving]: [1;33m196[0m[0m
[self_driving-10] [0m[INFO] [1782503359.873481881] [self_driving]: DEBUG_DRIVE lane_x=130.0, linear=0.15, linear_y=0.00, angular=-0.10, stop=False, crosswalk_distance=196, start_slow_down=True[0m
[self_driving-10] [0m[INFO] [1782503359.937343492] [self_driving]: [1;33m196[0m[0m
[self_driving-10] [0m[INFO] [1782503359.939921843] [self_driving]: DEBUG_DRIVE lane_x=132.0, linear=0.15, linear_y=0.00, angular=-0.10, stop=False, crosswalk_distance=196, start_slow_down=True[0m
[self_driving-10] [0m[INFO] [1782503360.006939751] [self_driving]: [1;33m196[0m[0m
[self_driving-10] [0m[INFO] [1782503360.009356288] [self_driving]: DEBUG_DRIVE lane_x=132.0, linear=0.15, linear_y=0.00, angular=-0.10, stop=False, crosswalk_distance=196, start_slow_down=True[0m
[self_driving-10] [0m[INFO] [1782503360.075215695] [self_driving]: [1;33m196[0m[0m
[self_driving-10] [0m[INFO] [1782503360.076808529] [self_driving]: DEBUG_DRIVE lane_x=132.0, linear=0.15, linear_y=0.00, angular=-0.10, stop=False, crosswalk_distance=196, start_slow_down=True[0m
[self_driving-10] [0m[INFO] [1782503360.124106491] [self_driving]: [1;33m196[0m[0m
[self_driving-10] [0m[INFO] [1782503360.128809195] [self_driving]: DEBUG_DRIVE lane_x=130.0, linear=0.15, linear_y=0.00, angular=0.10, stop=False, crosswalk_distance=196, start_slow_down=True[0m
[self_driving-10] [0m[INFO] [1782503360.131090936] [self_driving]: objects=1[0m
[self_driving-10] [0m[INFO] [1782503360.131726677] [self_driving]: [DET] crosswalk: cx=410, cy=306, box=array('i', [181, 281, 640, 332]), score=0.90[0m
[self_driving-10] [0m[INFO] [1782503360.147570788] [self_driving]: objects=1[0m
[self_driving-10] [0m[INFO] [1782503360.151534269] [self_driving]: [DET] crosswalk: cx=399, cy=201, box=array('i', [285, 195, 514, 207]), score=0.85[0m
[self_driving-10] [0m[INFO] [1782503360.221866047] [self_driving]: [1;33m201[0m[0m
[self_driving-10] [0m[INFO] [1782503360.224986325] [self_driving]: DEBUG_DRIVE lane_x=128.0, linear=0.15, linear_y=0.00, angular=0.10, stop=False, crosswalk_distance=201, start_slow_down=True[0m
[self_driving-10] [0m[INFO] [1782503360.282159973] [self_driving]: [1;33m201[0m[0m
[self_driving-10] [0m[INFO] [1782503360.284945288] [self_driving]: DEBUG_DRIVE lane_x=124.0, linear=0.15, linear_y=0.00, angular=0.10, stop=False, crosswalk_distance=201, start_slow_down=True[0m
[self_driving-10] [0m[INFO] [1782503360.343581695] [self_driving]: [1;33m201[0m[0m
[self_driving-10] [0m[INFO] [1782503360.345496214] [self_driving]: DEBUG_DRIVE lane_x=126.5, linear=0.15, linear_y=0.00, angular=0.06, stop=False, crosswalk_distance=201, start_slow_down=True[0m
[self_driving-10] [0m[INFO] [1782503360.399330880] [self_driving]: [1;33m201[0m[0m
[self_driving-10] [0m[INFO] [1782503360.400366084] [self_driving]: DEBUG_DRIVE lane_x=131.0, linear=0.15, linear_y=0.00, angular=-0.10, stop=False, crosswalk_distance=201, start_slow_down=True[0m
[self_driving-10] [0m[INFO] [1782503360.471811751] [self_driving]: [1;33m201[0m[0m
[self_driving-10] [0m[INFO] [1782503360.473387899] [self_driving]: DEBUG_DRIVE lane_x=134.0, linear=0.15, linear_y=0.00, angular=-0.10, stop=False, crosswalk_distance=201, start_slow_down=True[0m
[self_driving-10] [0m[INFO] [1782503360.546487936] [self_driving]: [1;33m201[0m[0m
[self_driving-10] [0m[INFO] [1782503360.547942547] [self_driving]: DEBUG_DRIVE lane_x=137.0, linear=0.15, linear_y=0.00, angular=-0.10, stop=False, crosswalk_distance=201, start_slow_down=True[0m
[self_driving-10] [0m[INFO] [1782503360.561821158] [self_driving]: objects=1[0m
[self_driving-10] [0m[INFO] [1782503360.562512528] [self_driving]: [DET] crosswalk: cx=374, cy=368, box=array('i', [109, 324, 639, 412]), score=0.90[0m
[self_driving-10] [0m[INFO] [1782503360.596917917] [self_driving]: objects=1[0m
[self_driving-10] [0m[INFO] [1782503360.599627936] [self_driving]: [DET] crosswalk: cx=395, cy=205, box=array('i', [269, 198, 521, 212]), score=0.84[0m
[self_driving-10] [0m[INFO] [1782503360.628538639] [self_driving]: [1;33m205[0m[0m
[self_driving-10] [0m[INFO] [1782503360.631178250] [self_driving]: DEBUG_DRIVE lane_x=136.5, linear=0.15, linear_y=0.00, angular=-0.10, stop=False, crosswalk_distance=205, start_slow_down=True[0m
[self_driving-10] [0m[INFO] [1782503360.685003028] [self_driving]: [1;33m205[0m[0m
[self_driving-10] [0m[INFO] [1782503360.687393806] [self_driving]: DEBUG_DRIVE lane_x=135.5, linear=0.15, linear_y=0.00, angular=-0.10, stop=False, crosswalk_distance=205, start_slow_down=True[0m
[self_driving-10] [0m[INFO] [1782503360.750591584] [self_driving]: [1;33m205[0m[0m
[self_driving-10] [0m[INFO] [1782503360.752630102] [self_driving]: DEBUG_DRIVE lane_x=134.0, linear=0.15, linear_y=0.00, angular=-0.10, stop=False, crosswalk_distance=205, start_slow_down=True[0m
[self_driving-10] [0m[INFO] [1782503360.801313102] [self_driving]: [1;33m205[0m[0m
[self_driving-10] [0m[INFO] [1782503360.802449861] [self_driving]: DEBUG_DRIVE lane_x=130.5, linear=0.15, linear_y=0.00, angular=0.10, stop=False, crosswalk_distance=205, start_slow_down=True[0m
[self_driving-10] [0m[INFO] [1782503360.881287213] [self_driving]: [1;33m205[0m[0m
[self_driving-10] [0m[INFO] [1782503360.884905769] [self_driving]: DEBUG_DRIVE lane_x=125.5, linear=0.15, linear_y=0.00, angular=0.10, stop=False, crosswalk_distance=205, start_slow_down=True[0m
[self_driving-10] [0m[INFO] [1782503360.938069232] [self_driving]: [1;33m205[0m[0m
[self_driving-10] [0m[INFO] [1782503360.941631509] [self_driving]: DEBUG_DRIVE lane_x=119.5, linear=0.15, linear_y=0.00, angular=0.10, stop=False, crosswalk_distance=205, start_slow_down=True[0m
[self_driving-10] [0m[INFO] [1782503360.973514361] [self_driving]: objects=1[0m
[self_driving-10] [0m[INFO] [1782503360.974549491] [self_driving]: [DET] crosswalk: cx=412, cy=209, box=array('i', [278, 201, 546, 218]), score=0.87[0m
[self_driving-10] [0m[INFO] [1782503360.987731639] [self_driving]: objects=1[0m
[self_driving-10] [0m[INFO] [1782503360.988880547] [self_driving]: [DET] crosswalk: cx=355, cy=413, box=array('i', [71, 347, 640, 480]), score=0.76[0m
[self_driving-10] [0m[INFO] [1782503361.047299658] [self_driving]: [1;33m413[0m[0m
[self_driving-10] [0m[INFO] [1782503361.050270435] [self_driving]: DEBUG_DRIVE lane_x=118.0, linear=0.15, linear_y=0.00, angular=0.10, stop=False, crosswalk_distance=413, start_slow_down=True[0m
[self_driving-10] [0m[INFO] [1782503361.096818380] [self_driving]: [1;33m413[0m[0m
[self_driving-10] [0m[INFO] [1782503361.101411528] [self_driving]: DEBUG_DRIVE lane_x=118.0, linear=0.15, linear_y=0.00, angular=0.10, stop=False, crosswalk_distance=413, start_slow_down=True[0m
[self_driving-10] [0m[INFO] [1782503361.145313028] [self_driving]: [1;33m413[0m[0m
[self_driving-10] [0m[INFO] [1782503361.146480232] [self_driving]: DEBUG_DRIVE lane_x=121.5, linear=0.15, linear_y=0.00, angular=0.10, stop=False, crosswalk_distance=413, start_slow_down=True[0m
[self_driving-10] [0m[INFO] [1782503361.208756935] [self_driving]: [1;33m413[0m[0m
[self_driving-10] [0m[INFO] [1782503361.211297657] [self_driving]: DEBUG_DRIVE lane_x=122.0, linear=0.15, linear_y=0.00, angular=0.10, stop=False, crosswalk_distance=413, start_slow_down=True[0m
[self_driving-10] [0m[INFO] [1782503361.273989417] [self_driving]: [1;33m413[0m[0m
[self_driving-10] [0m[INFO] [1782503361.275777324] [self_driving]: DEBUG_DRIVE lane_x=125.5, linear=0.15, linear_y=0.00, angular=-0.00, stop=False, crosswalk_distance=413, start_slow_down=True[0m
[self_driving-10] [0m[INFO] [1782503361.346914398] [self_driving]: [1;33m413[0m[0m
[self_driving-10] [0m[INFO] [1782503361.348429620] [self_driving]: DEBUG_DRIVE lane_x=128.5, linear=0.15, linear_y=0.00, angular=-0.10, stop=False, crosswalk_distance=413, start_slow_down=True[0m
[self_driving-10] [0m[INFO] [1782503361.395905324] [self_driving]: objects=1[0m
[self_driving-10] [0m[INFO] [1782503361.396626454] [self_driving]: [DET] crosswalk: cx=419, cy=211, box=array('i', [273, 202, 566, 221]), score=0.88[0m
[self_driving-10] [0m[INFO] [1782503361.401941639] [self_driving]: objects=1[0m
[self_driving-10] [0m[INFO] [1782503361.403838046] [self_driving]: [1;33m211[0m[0m
[self_driving-10] [0m[INFO] [1782503361.405992880] [self_driving]: DEBUG_DRIVE lane_x=135.5, linear=0.15, linear_y=0.00, angular=-0.10, stop=False, crosswalk_distance=211, start_slow_down=True[0m
[self_driving-10] [0m[INFO] [1782503361.407201843] [self_driving]: [DET] crosswalk: cx=337, cy=428, box=array('i', [34, 384, 640, 473]), score=0.81[0m
[self_driving-10] [0m[INFO] [1782503361.484803046] [self_driving]: [1;33m428[0m[0m
[self_driving-10] [0m[INFO] [1782503361.488547028] [self_driving]: DEBUG_DRIVE lane_x=145.5, linear=0.15, linear_y=0.00, angular=-0.10, stop=False, crosswalk_distance=428, start_slow_down=True[0m
[self_driving-10] [0m[INFO] [1782503361.552706935] [self_driving]: [1;33m428[0m[0m
[self_driving-10] [0m[INFO] [1782503361.555105028] [self_driving]: DEBUG_DRIVE lane_x=143.0, linear=0.15, linear_y=0.00, angular=-0.10, stop=False, crosswalk_distance=428, start_slow_down=True[0m
[self_driving-10] [0m[INFO] [1782503361.616043379] [self_driving]: [1;33m428[0m[0m
[self_driving-10] [0m[INFO] [1782503361.617146824] [self_driving]: DEBUG_DRIVE lane_x=141.0, linear=0.15, linear_y=0.00, angular=-0.10, stop=False, crosswalk_distance=428, start_slow_down=True[0m
[self_driving-10] [0m[INFO] [1782503361.685008991] [self_driving]: [1;33m428[0m[0m
[self_driving-10] [0m[INFO] [1782503361.686275065] [self_driving]: DEBUG_DRIVE lane_x=136.0, linear=0.15, linear_y=0.00, angular=0.02, stop=False, crosswalk_distance=428, start_slow_down=True[0m
[self_driving-10] [0m[INFO] [1782503361.747373435] [self_driving]: [1;33m428[0m[0m
[self_driving-10] [0m[INFO] [1782503361.749178898] [self_driving]: DEBUG_DRIVE lane_x=134.5, linear=0.15, linear_y=0.00, angular=-0.10, stop=False, crosswalk_distance=428, start_slow_down=True[0m
[self_driving-10] [0m[INFO] [1782503361.796295731] [self_driving]: objects=1[0m
[self_driving-10] [0m[INFO] [1782503361.804330028] [self_driving]: [DET] crosswalk: cx=424, cy=223, box=array('i', [263, 212, 586, 234]), score=0.88[0m
[self_driving-10] [0m[INFO] [1782503361.836467583] [self_driving]: [1;33m223[0m[0m
[self_driving-10] [0m[INFO] [1782503361.846988472] [self_driving]: DEBUG_DRIVE lane_x=130.0, linear=0.15, linear_y=0.00, angular=0.10, stop=False, crosswalk_distance=223, start_slow_down=True[0m
[self_driving-10] [0m[INFO] [1782503361.880086379] [self_driving]: [1;33m223[0m[0m
[self_driving-10] [0m[INFO] [1782503361.883652120] [self_driving]: DEBUG_DRIVE lane_x=126.0, linear=0.15, linear_y=0.00, angular=0.10, stop=False, crosswalk_distance=223, start_slow_down=False[0m
[self_driving-10] [0m[INFO] [1782503361.959733583] [self_driving]: [1;33m223[0m[0m
[self_driving-10] [0m[INFO] [1782503361.963749694] [self_driving]: DEBUG_DRIVE lane_x=120.5, linear=0.30, linear_y=0.00, angular=0.10, stop=False, crosswalk_distance=223, start_slow_down=False[0m
[self_driving-10] [0m[INFO] [1782503362.008585676] [self_driving]: [1;33m223[0m[0m
[self_driving-10] [0m[INFO] [1782503362.012148731] [self_driving]: DEBUG_DRIVE lane_x=122.5, linear=0.30, linear_y=0.00, angular=0.10, stop=False, crosswalk_distance=223, start_slow_down=False[0m
[self_driving-10] [0m[INFO] [1782503362.075845472] [self_driving]: [1;33m223[0m[0m
[self_driving-10] [0m[INFO] [1782503362.078028194] [self_driving]: DEBUG_DRIVE lane_x=133.0, linear=0.15, linear_y=0.00, angular=-0.10, stop=False, crosswalk_distance=223, start_slow_down=True[0m
[self_driving-10] [0m[INFO] [1782503362.141942972] [self_driving]: [1;33m223[0m[0m
[self_driving-10] [0m[INFO] [1782503362.144336287] [self_driving]: DEBUG_DRIVE lane_x=148.0, linear=0.15, linear_y=0.00, angular=-0.10, stop=False, crosswalk_distance=223, start_slow_down=True[0m
[self_driving-10] [0m[INFO] [1782503362.172975935] [self_driving]: objects=1[0m
[self_driving-10] [0m[INFO] [1782503362.174019009] [self_driving]: [DET] crosswalk: cx=425, cy=230, box=array('i', [251, 218, 599, 242]), score=0.90[0m
[self_driving-10] [0m[INFO] [1782503362.235902324] [self_driving]: [1;33m230[0m[0m
[self_driving-10] [0m[INFO] [1782503362.240870657] [self_driving]: DEBUG_DRIVE lane_x=154.5, linear=0.15, linear_y=0.00, angular=-0.10, stop=False, crosswalk_distance=230, start_slow_down=True[0m
[self_driving-10] [0m[INFO] [1782503362.295782749] [self_driving]: [1;33m230[0m[0m
[self_driving-10] [0m[INFO] [1782503362.297750786] [self_driving]: DEBUG_DRIVE lane_x=156.0, linear=0.15, linear_y=0.00, angular=-0.10, stop=False, crosswalk_distance=230, start_slow_down=True[0m
[self_driving-10] [0m[INFO] [1782503362.353136286] [self_driving]: [1;33m230[0m[0m
[self_driving-10] [0m[INFO] [1782503362.355254398] [self_driving]: DEBUG_DRIVE lane_x=160.0, linear=0.15, linear_y=0.00, angular=-0.10, stop=False, crosswalk_distance=230, start_slow_down=True[0m
[self_driving-10] [0m[INFO] [1782503362.432821194] [self_driving]: [1;33m230[0m[0m
[self_driving-10] [0m[INFO] [1782503362.433907897] [self_driving]: DEBUG_DRIVE lane_x=158.0, linear=0.15, linear_y=0.00, angular=-0.10, stop=False, crosswalk_distance=230, start_slow_down=True[0m
[self_driving-10] [0m[INFO] [1782503362.478935620] [self_driving]: [1;33m230[0m[0m
[self_driving-10] [0m[INFO] [1782503362.481086768] [self_driving]: DEBUG_DRIVE lane_x=161.5, linear=0.15, linear_y=0.00, angular=-0.10, stop=False, crosswalk_distance=230, start_slow_down=True[0m
[self_driving-10] [0m[INFO] [1782503362.556345953] [self_driving]: [1;33m230[0m[0m
[self_driving-10] [0m[INFO] [1782503362.559245657] [self_driving]: DEBUG_DRIVE lane_x=161.5, linear=0.15, linear_y=0.00, angular=-0.10, stop=False, crosswalk_distance=230, start_slow_down=True[0m
[self_driving-10] [0m[INFO] [1782503362.602207009] [self_driving]: objects=1[0m
[self_driving-10] [0m[INFO] [1782503362.607256749] [self_driving]: [DET] crosswalk: cx=450, cy=238, box=array('i', [262, 225, 638, 252]), score=0.90[0m
[self_driving-10] [0m[INFO] [1782503362.639162286] [self_driving]: [1;33m238[0m[0m
[self_driving-10] [0m[INFO] [1782503362.642002397] [self_driving]: DEBUG_DRIVE lane_x=160.5, linear=0.15, linear_y=0.00, angular=-0.10, stop=False, crosswalk_distance=238, start_slow_down=True[0m
[self_driving-10] [0m[INFO] [1782503362.691593434] [self_driving]: [1;33m238[0m[0m
[self_driving-10] [0m[INFO] [1782503362.693840934] [self_driving]: DEBUG_DRIVE lane_x=152.0, linear=0.15, linear_y=0.00, angular=-0.10, stop=False, crosswalk_distance=238, start_slow_down=True[0m
[self_driving-10] [0m[INFO] [1782503362.771350564] [self_driving]: [1;33m238[0m[0m
[self_driving-10] [0m[INFO] [1782503362.772857712] [self_driving]: DEBUG_DRIVE lane_x=155.5, linear=0.15, linear_y=0.00, angular=-0.10, stop=False, crosswalk_distance=238, start_slow_down=True[0m
[self_driving-10] [0m[INFO] [1782503362.832174045] [self_driving]: [1;33m238[0m[0m
[self_driving-10] [0m[INFO] [1782503362.834823860] [self_driving]: DEBUG_DRIVE lane_x=145.5, linear=0.15, linear_y=0.00, angular=-0.10, stop=False, crosswalk_distance=238, start_slow_down=True[0m
[self_driving-10] [0m[INFO] [1782503362.895216934] [self_driving]: [1;33m238[0m[0m
[self_driving-10] [0m[INFO] [1782503362.896921249] [self_driving]: DEBUG_DRIVE lane_x=146.0, linear=0.15, linear_y=0.00, angular=-0.10, stop=False, crosswalk_distance=238, start_slow_down=True[0m
[self_driving-10] [0m[INFO] [1782503362.957400805] [self_driving]: [1;33m238[0m[0m
[self_driving-10] [0m[INFO] [1782503362.958461138] [self_driving]: DEBUG_DRIVE lane_x=138.5, linear=0.15, linear_y=0.00, angular=0.10, stop=False, crosswalk_distance=238, start_slow_down=True[0m
[self_driving-10] [0m[INFO] [1782503363.027513805] [self_driving]: [1;33m238[0m[0m
[self_driving-10] [0m[INFO] [1782503363.028872805] [self_driving]: DEBUG_DRIVE lane_x=142.0, linear=0.15, linear_y=0.00, angular=-0.10, stop=False, crosswalk_distance=238, start_slow_down=True[0m
[self_driving-10] [0m[INFO] [1782503363.041240916] [self_driving]: objects=1[0m
[self_driving-10] [0m[INFO] [1782503363.042516453] [self_driving]: [DET] crosswalk: cx=441, cy=250, box=array('i', [242, 233, 640, 267]), score=0.91[0m
[self_driving-10] [0m[INFO] [1782503363.111847897] [self_driving]: [1;33m250[0m[0m
[self_driving-10] [0m[INFO] [1782503363.114110082] [self_driving]: DEBUG_DRIVE lane_x=141.5, linear=0.15, linear_y=0.00, angular=-0.10, stop=False, crosswalk_distance=250, start_slow_down=True[0m
[self_driving-10] [0m[INFO] [1782503363.162474934] [self_driving]: [1;33m250[0m[0m
[self_driving-10] [0m[INFO] [1782503363.164346508] [self_driving]: DEBUG_DRIVE lane_x=146.0, linear=0.15, linear_y=0.00, angular=-0.10, stop=False, crosswalk_distance=250, start_slow_down=True[0m
[self_driving-10] [0m[INFO] [1782503363.239257064] [self_driving]: [1;33m250[0m[0m
[self_driving-10] [0m[INFO] [1782503363.240590082] [self_driving]: DEBUG_DRIVE lane_x=144.5, linear=0.15, linear_y=0.00, angular=-0.10, stop=False, crosswalk_distance=250, start_slow_down=True[0m
[self_driving-10] [0m[INFO] [1782503363.294462378] [self_driving]: [1;33m250[0m[0m
[self_driving-10] [0m[INFO] [1782503363.296201453] [self_driving]: DEBUG_DRIVE lane_x=148.0, linear=0.15, linear_y=0.00, angular=-0.10, stop=False, crosswalk_distance=250, start_slow_down=True[0m
[self_driving-10] [0m[INFO] [1782503363.352577286] [self_driving]: [1;33m250[0m[0m
[self_driving-10] [0m[INFO] [1782503363.353988119] [self_driving]: DEBUG_DRIVE lane_x=151.0, linear=0.15, linear_y=0.00, angular=-0.10, stop=False, crosswalk_distance=250, start_slow_down=True[0m
[self_driving-10] [0m[INFO] [1782503363.415440082] [self_driving]: [1;33m250[0m[0m
[self_driving-10] [0m[INFO] [1782503363.418045749] [self_driving]: DEBUG_DRIVE lane_x=152.0, linear=0.15, linear_y=0.00, angular=-0.10, stop=False, crosswalk_distance=250, start_slow_down=True[0m
[self_driving-10] [0m[INFO] [1782503363.432606527] [self_driving]: objects=1[0m
[self_driving-10] [0m[INFO] [1782503363.434429101] [self_driving]: [DET] crosswalk: cx=433, cy=278, box=array('i', [226, 256, 640, 301]), score=0.92[0m
[self_driving-10] [0m[INFO] [1782503363.515911749] [self_driving]: [1;33m278[0m[0m
[self_driving-10] [0m[INFO] [1782503363.517736582] [self_driving]: DEBUG_DRIVE lane_x=157.0, linear=0.15, linear_y=0.00, angular=-0.10, stop=False, crosswalk_distance=278, start_slow_down=True[0m
[self_driving-10] [0m[INFO] [1782503363.556134638] [self_driving]: [1;33m278[0m[0m
[self_driving-10] [0m[INFO] [1782503363.557565138] [self_driving]: DEBUG_DRIVE lane_x=152.0, linear=0.15, linear_y=0.00, angular=-0.10, stop=False, crosswalk_distance=278, start_slow_down=True[0m
[self_driving-10] [0m[INFO] [1782503363.633935267] [self_driving]: [1;33m278[0m[0m
[self_driving-10] [0m[INFO] [1782503363.637779045] [self_driving]: DEBUG_DRIVE lane_x=151.5, linear=0.15, linear_y=0.00, angular=-0.10, stop=False, crosswalk_distance=278, start_slow_down=True[0m
[self_driving-10] [0m[INFO] [1782503363.689944563] [self_driving]: [1;33m278[0m[0m
[self_driving-10] [0m[INFO] [1782503363.692914045] [self_driving]: DEBUG_DRIVE lane_x=143.5, linear=0.15, linear_y=0.00, angular=-0.10, stop=False, crosswalk_distance=278, start_slow_down=True[0m
[self_driving-10] [0m[INFO] [1782503363.759332137] [self_driving]: [1;33m278[0m[0m
[self_driving-10] [0m[INFO] [1782503363.760505193] [self_driving]: DEBUG_DRIVE lane_x=142.5, linear=0.15, linear_y=0.00, angular=-0.10, stop=False, crosswalk_distance=278, start_slow_down=True[0m
[self_driving-10] [0m[INFO] [1782503363.824123323] [self_driving]: [1;33m278[0m[0m
[self_driving-10] [0m[INFO] [1782503363.825947193] [self_driving]: DEBUG_DRIVE lane_x=132.5, linear=0.15, linear_y=0.00, angular=0.10, stop=False, crosswalk_distance=278, start_slow_down=True[0m
[self_driving-10] [0m[INFO] [1782503363.868516952] [self_driving]: objects=1[0m
[self_driving-10] [0m[INFO] [1782503363.869038637] [self_driving]: [DET] crosswalk: cx=411, cy=301, box=array('i', [182, 273, 640, 329]), score=0.93[0m
[self_driving-10] [0m[INFO] [1782503363.907992637] [self_driving]: [1;33m301[0m[0m
[self_driving-10] [0m[INFO] [1782503363.917815526] [self_driving]: DEBUG_DRIVE lane_x=120.0, linear=0.15, linear_y=0.00, angular=0.10, stop=False, crosswalk_distance=301, start_slow_down=True[0m
[self_driving-10] [0m[INFO] [1782503363.962050823] [self_driving]: [1;33m301[0m[0m
[self_driving-10] [0m[INFO] [1782503363.965159397] [self_driving]: DEBUG_DRIVE lane_x=108.0, linear=0.15, linear_y=0.00, angular=0.10, stop=False, crosswalk_distance=301, start_slow_down=True[0m
[self_driving-10] [0m[INFO] [1782503364.037368322] [self_driving]: [1;33m301[0m[0m
[self_driving-10] [0m[INFO] [1782503364.040676600] [self_driving]: DEBUG_DRIVE lane_x=104.5, linear=0.15, linear_y=0.00, angular=0.10, stop=False, crosswalk_distance=301, start_slow_down=True[0m
[self_driving-10] [0m[INFO] [1782503364.100597637] [self_driving]: [1;33m301[0m[0m
[self_driving-10] [0m[INFO] [1782503364.102689471] [self_driving]: DEBUG_DRIVE lane_x=100.0, linear=0.15, linear_y=0.00, angular=0.10, stop=False, crosswalk_distance=301, start_slow_down=True[0m
[self_driving-10] [0m[INFO] [1782503364.172468100] [self_driving]: [1;33m301[0m[0m
[self_driving-10] [0m[INFO] [1782503364.176714600] [self_driving]: DEBUG_DRIVE lane_x=100.5, linear=0.15, linear_y=0.00, angular=0.10, stop=False, crosswalk_distance=301, start_slow_down=True[0m
[self_driving-10] [0m[INFO] [1782503364.234241359] [self_driving]: [1;33m301[0m[0m
[self_driving-10] [0m[INFO] [1782503364.236328785] [self_driving]: DEBUG_DRIVE lane_x=99.5, linear=0.15, linear_y=0.00, angular=0.10, stop=False, crosswalk_distance=301, start_slow_down=True[0m
[self_driving-10] [0m[INFO] [1782503364.255585378] [self_driving]: objects=1[0m
[self_driving-10] [0m[INFO] [1782503364.256225970] [self_driving]: [DET] crosswalk: cx=380, cy=345, box=array('i', [120, 307, 640, 383]), score=0.93[0m
[self_driving-10] [0m[INFO] [1782503364.316494378] [self_driving]: [1;33m345[0m[0m
[self_driving-10] [0m[INFO] [1782503364.318083748] [self_driving]: DEBUG_DRIVE lane_x=109.0, linear=0.15, linear_y=0.00, angular=0.10, stop=False, crosswalk_distance=345, start_slow_down=True[0m
[self_driving-10] [0m[INFO] [1782503364.385148063] [self_driving]: [1;33m345[0m[0m
[self_driving-10] [0m[INFO] [1782503364.387950563] [self_driving]: DEBUG_DRIVE lane_x=112.5, linear=0.15, linear_y=0.00, angular=0.10, stop=False, crosswalk_distance=345, start_slow_down=True[0m
[self_driving-10] [0m[INFO] [1782503364.430224581] [self_driving]: [1;33m345[0m[0m
[self_driving-10] [0m[INFO] [1782503364.431861248] [self_driving]: DEBUG_DRIVE lane_x=113.0, linear=0.15, linear_y=0.00, angular=0.10, stop=False, crosswalk_distance=345, start_slow_down=True[0m
[self_driving-10] [0m[INFO] [1782503364.512544415] [self_driving]: [1;33m345[0m[0m
[self_driving-10] [0m[INFO] [1782503364.514231915] [self_driving]: DEBUG_DRIVE lane_x=110.0, linear=0.15, linear_y=0.00, angular=0.10, stop=False, crosswalk_distance=345, start_slow_down=True[0m
[self_driving-10] [0m[INFO] [1782503364.572480489] [self_driving]: [1;33m345[0m[0m
[self_driving-10] [0m[INFO] [1782503364.573707248] [self_driving]: DEBUG_DRIVE lane_x=104.5, linear=0.15, linear_y=0.00, angular=0.10, stop=False, crosswalk_distance=345, start_slow_down=True[0m
[self_driving-10] [0m[INFO] [1782503364.635108341] [self_driving]: [1;33m345[0m[0m
[self_driving-10] [0m[INFO] [1782503364.636401915] [self_driving]: DEBUG_DRIVE lane_x=107.0, linear=0.15, linear_y=0.00, angular=0.10, stop=False, crosswalk_distance=345, start_slow_down=True[0m
[self_driving-10] [0m[INFO] [1782503364.677546415] [self_driving]: objects=1[0m
[self_driving-10] [0m[INFO] [1782503364.680506748] [self_driving]: [DET] crosswalk: cx=336, cy=410, box=array('i', [33, 348, 640, 473]), score=0.91[0m
[self_driving-10] [0m[INFO] [1782503364.718700655] [self_driving]: [1;33m410[0m[0m
[self_driving-10] [0m[INFO] [1782503364.720685378] [self_driving]: DEBUG_DRIVE lane_x=112.5, linear=0.15, linear_y=0.00, angular=0.10, stop=False, crosswalk_distance=410, start_slow_down=True[0m
[self_driving-10] [0m[INFO] [1782503364.782160118] [self_driving]: [1;33m410[0m[0m
[self_driving-10] [0m[INFO] [1782503364.788584211] [self_driving]: DEBUG_DRIVE lane_x=121.5, linear=0.15, linear_y=0.00, angular=-0.10, stop=False, crosswalk_distance=410, start_slow_down=False[0m
[self_driving-10] [0m[INFO] [1782503364.840537155] [self_driving]: [1;33m410[0m[0m
[self_driving-10] [0m[INFO] [1782503364.841794063] [self_driving]: DEBUG_DRIVE lane_x=124.0, linear=0.30, linear_y=0.00, angular=0.10, stop=False, crosswalk_distance=410, start_slow_down=False[0m
[self_driving-10] [0m[INFO] [1782503364.905359507] [self_driving]: [1;33m410[0m[0m
[self_driving-10] [0m[INFO] [1782503364.906463174] [self_driving]: DEBUG_DRIVE lane_x=132.0, linear=0.30, linear_y=0.00, angular=-0.10, stop=False, crosswalk_distance=410, start_slow_down=False[0m
[self_driving-10] [0m[INFO] [1782503364.973413359] [self_driving]: [1;33m410[0m[0m
[self_driving-10] [0m[INFO] [1782503364.976944840] [self_driving]: DEBUG_DRIVE lane_x=126.0, linear=0.15, linear_y=0.00, angular=0.10, stop=False, crosswalk_distance=410, start_slow_down=True[0m
[self_driving-10] [0m[INFO] [1782503365.048343100] [self_driving]: [1;33m410[0m[0m
[self_driving-10] [0m[INFO] [1782503365.049625266] [self_driving]: DEBUG_DRIVE lane_x=145.0, linear=0.15, linear_y=0.00, angular=-0.10, stop=False, crosswalk_distance=410, start_slow_down=True[0m
[self_driving-10] [0m[INFO] [1782503365.103871137] [self_driving]: [1;33m410[0m[0m
[self_driving-10] [0m[INFO] [1782503365.107947563] [self_driving]: DEBUG_DRIVE lane_x=145.0, linear=0.15, linear_y=0.00, angular=-0.10, stop=False, crosswalk_distance=410, start_slow_down=True[0m
[self_driving-10] [0m[INFO] [1782503365.160652451] [self_driving]: objects=1[0m
[self_driving-10] [0m[INFO] [1782503365.163283377] [self_driving]: [DET] crosswalk: cx=320, cy=427, box=array('i', [0, 375, 640, 480]), score=0.91[0m
[self_driving-10] [0m[INFO] [1782503365.197707877] [self_driving]: [1;33m427[0m[0m
[self_driving-10] [0m[INFO] [1782503365.200155581] [self_driving]: DEBUG_DRIVE lane_x=142.5, linear=0.15, linear_y=0.00, angular=-0.10, stop=False, crosswalk_distance=427, start_slow_down=True[0m
[self_driving-10] [0m[INFO] [1782503365.255753951] [self_driving]: [1;33m427[0m[0m
[self_driving-10] [0m[INFO] [1782503365.261790062] [self_driving]: DEBUG_DRIVE lane_x=142.5, linear=0.15, linear_y=0.00, angular=-0.10, stop=False, crosswalk_distance=427, start_slow_down=True[0m
[self_driving-10] [0m[INFO] [1782503365.300090359] [self_driving]: [1;33m427[0m[0m
[self_driving-10] [0m[INFO] [1782503365.301706322] [self_driving]: DEBUG_DRIVE lane_x=142.0, linear=0.15, linear_y=0.00, angular=-0.10, stop=False, crosswalk_distance=427, start_slow_down=True[0m
[self_driving-10] [0m[INFO] [1782503365.366362599] [self_driving]: [1;33m427[0m[0m
[self_driving-10] [0m[INFO] [1782503365.367754285] [self_driving]: DEBUG_DRIVE lane_x=143.5, linear=0.15, linear_y=0.00, angular=-0.10, stop=False, crosswalk_distance=427, start_slow_down=True[0m
[self_driving-10] [0m[INFO] [1782503365.449944877] [self_driving]: [1;33m427[0m[0m
[self_driving-10] [0m[INFO] [1782503365.451633173] [self_driving]: DEBUG_DRIVE lane_x=145.0, linear=0.15, linear_y=0.00, angular=-0.10, stop=False, crosswalk_distance=427, start_slow_down=True[0m
[self_driving-10] [0m[INFO] [1782503365.517892248] [self_driving]: [1;33m427[0m[0m
[self_driving-10] [0m[INFO] [1782503365.519094396] [self_driving]: DEBUG_DRIVE lane_x=138.0, linear=0.15, linear_y=0.00, angular=0.10, stop=False, crosswalk_distance=427, start_slow_down=True[0m
[self_driving-10] [0m[INFO] [1782503365.581398247] [self_driving]: [1;33m427[0m[0m
[self_driving-10] [0m[INFO] [1782503365.583097859] [self_driving]: DEBUG_DRIVE lane_x=135.0, linear=0.15, linear_y=0.00, angular=-0.10, stop=False, crosswalk_distance=427, start_slow_down=True[0m
[self_driving-10] [0m[INFO] [1782503365.603418062] [self_driving]: objects=1[0m
[self_driving-10] [0m[INFO] [1782503365.604602710] [self_driving]: [DET] crosswalk: cx=326, cy=466, box=array('i', [12, 454, 640, 479]), score=0.75[0m
[self_driving-10] [0m[INFO] [1782503365.662383025] [self_driving]: [1;33m466[0m[0m
[self_driving-10] [0m[INFO] [1782503365.664330414] [self_driving]: DEBUG_DRIVE lane_x=132.0, linear=0.15, linear_y=0.00, angular=0.10, stop=False, crosswalk_distance=466, start_slow_down=True[0m
[self_driving-10] [0m[INFO] [1782503365.716058581] [self_driving]: [1;33m466[0m[0m
[self_driving-10] [0m[INFO] [1782503365.718018766] [self_driving]: DEBUG_DRIVE lane_x=135.0, linear=0.15, linear_y=0.00, angular=-0.10, stop=False, crosswalk_distance=466, start_slow_down=True[0m
[self_driving-10] [0m[INFO] [1782503365.787756377] [self_driving]: [1;33m466[0m[0m
[self_driving-10] [0m[INFO] [1782503365.793965062] [self_driving]: DEBUG_DRIVE lane_x=131.0, linear=0.15, linear_y=0.00, angular=0.10, stop=False, crosswalk_distance=466, start_slow_down=True[0m
[self_driving-10] [0m[INFO] [1782503365.837085229] [self_driving]: [1;33m466[0m[0m
[self_driving-10] [0m[INFO] [1782503365.841160673] [self_driving]: DEBUG_DRIVE lane_x=129.5, linear=0.15, linear_y=0.00, angular=0.10, stop=False, crosswalk_distance=466, start_slow_down=True[0m
[self_driving-10] [0m[INFO] [1782503365.907918414] [self_driving]: [1;33m466[0m[0m
[self_driving-10] [0m[INFO] [1782503365.911428488] [self_driving]: DEBUG_DRIVE lane_x=127.5, linear=0.15, linear_y=0.00, angular=0.10, stop=False, crosswalk_distance=466, start_slow_down=True[0m
[self_driving-10] [0m[INFO] [1782503365.975440321] [self_driving]: [1;33m466[0m[0m
[self_driving-10] [0m[INFO] [1782503365.977220062] [self_driving]: DEBUG_DRIVE lane_x=127.5, linear=0.15, linear_y=0.00, angular=0.10, stop=False, crosswalk_distance=466, start_slow_down=True[0m
[self_driving-10] [0m[INFO] [1782503366.064453414] [self_driving]: [1;33m466[0m[0m
[self_driving-10] [0m[INFO] [1782503366.073341692] [self_driving]: DEBUG_DRIVE lane_x=129.0, linear=0.15, linear_y=0.00, angular=-0.10, stop=False, crosswalk_distance=466, start_slow_down=True[0m
[self_driving-10] [0m[INFO] [1782503366.146053895] [self_driving]: [1;33m466[0m[0m
[self_driving-10] [0m[INFO] [1782503366.150745932] [self_driving]: DEBUG_DRIVE lane_x=131.5, linear=0.15, linear_y=0.00, angular=-0.10, stop=False, crosswalk_distance=466, start_slow_down=True[0m
[self_driving-10] [0m[INFO] [1782503366.195578488] [self_driving]: [1;33m466[0m[0m
[self_driving-10] [0m[INFO] [1782503366.196728617] [self_driving]: DEBUG_DRIVE lane_x=133.0, linear=0.15, linear_y=0.00, angular=-0.10, stop=False, crosswalk_distance=466, start_slow_down=True[0m
[self_driving-10] [0m[INFO] [1782503366.251857673] [self_driving]: [1;33m466[0m[0m
[self_driving-10] [0m[INFO] [1782503366.253571099] [self_driving]: DEBUG_DRIVE lane_x=136.0, linear=0.15, linear_y=0.00, angular=-0.10, stop=False, crosswalk_distance=466, start_slow_down=True[0m
[self_driving-10] [0m[INFO] [1782503366.313009543] [self_driving]: [1;33m466[0m[0m
[self_driving-10] [0m[INFO] [1782503366.314739599] [self_driving]: DEBUG_DRIVE lane_x=132.5, linear=0.15, linear_y=0.00, angular=0.10, stop=False, crosswalk_distance=466, start_slow_down=True[0m
[self_driving-10] [0m[INFO] [1782503366.373214562] [self_driving]: [1;33m466[0m[0m
[self_driving-10] [0m[INFO] [1782503366.374389358] [self_driving]: DEBUG_DRIVE lane_x=128.5, linear=0.15, linear_y=0.00, angular=0.10, stop=False, crosswalk_distance=466, start_slow_down=True[0m
[self_driving-10] [0m[INFO] [1782503366.452850784] [self_driving]: [1;33m466[0m[0m
[self_driving-10] [0m[INFO] [1782503366.455847321] [self_driving]: DEBUG_DRIVE lane_x=125.5, linear=0.15, linear_y=0.00, angular=0.10, stop=False, crosswalk_distance=466, start_slow_down=True[0m
[self_driving-10] [0m[INFO] [1782503366.536855228] [self_driving]: [1;33m466[0m[0m
[self_driving-10] [0m[INFO] [1782503366.552892191] [self_driving]: DEBUG_DRIVE lane_x=125.5, linear=0.15, linear_y=0.00, angular=0.10, stop=False, crosswalk_distance=466, start_slow_down=True[0m
[self_driving-10] [0m[INFO] [1782503366.613139617] [self_driving]: [1;33m466[0m[0m
[self_driving-10] [0m[INFO] [1782503366.616063284] [self_driving]: DEBUG_DRIVE lane_x=125.5, linear=0.15, linear_y=0.00, angular=0.10, stop=False, crosswalk_distance=466, start_slow_down=True[0m
[self_driving-10] [0m[INFO] [1782503366.667478265] [self_driving]: [1;33m466[0m[0m
[self_driving-10] [0m[INFO] [1782503366.670980691] [self_driving]: DEBUG_DRIVE lane_x=127.5, linear=0.15, linear_y=0.00, angular=-0.10, stop=False, crosswalk_distance=466, start_slow_down=True[0m
[self_driving-10] [0m[INFO] [1782503366.726923969] [self_driving]: [1;33m466[0m[0m
[self_driving-10] [0m[INFO] [1782503366.733366839] [self_driving]: DEBUG_DRIVE lane_x=130.0, linear=0.15, linear_y=0.00, angular=-0.10, stop=False, crosswalk_distance=466, start_slow_down=True[0m
[self_driving-10] [0m[INFO] [1782503366.789002154] [self_driving]: [1;33m466[0m[0m
[self_driving-10] [0m[INFO] [1782503366.790285247] [self_driving]: DEBUG_DRIVE lane_x=135.5, linear=0.15, linear_y=0.00, angular=-0.10, stop=False, crosswalk_distance=466, start_slow_down=True[0m
[self_driving-10] [0m[INFO] [1782503366.859709284] [self_driving]: [1;33m466[0m[0m
[self_driving-10] [0m[INFO] [1782503366.863583080] [self_driving]: DEBUG_DRIVE lane_x=140.0, linear=0.15, linear_y=0.00, angular=-0.10, stop=False, crosswalk_distance=466, start_slow_down=True[0m
[self_driving-10] [0m[INFO] [1782503366.928177024] [self_driving]: [1;33m466[0m[0m
[self_driving-10] [0m[INFO] [1782503366.929626673] [self_driving]: DEBUG_DRIVE lane_x=143.0, linear=0.15, linear_y=0.00, angular=-0.10, stop=False, crosswalk_distance=466, start_slow_down=True[0m
[self_driving-10] [0m[INFO] [1782503366.984455524] [self_driving]: [1;33m466[0m[0m
[self_driving-10] [0m[INFO] [1782503366.987819284] [self_driving]: DEBUG_DRIVE lane_x=140.5, linear=0.15, linear_y=0.00, angular=-0.10, stop=False, crosswalk_distance=466, start_slow_down=True[0m
[self_driving-10] [0m[INFO] [1782503367.122288876] [self_driving]: [1;33m466[0m[0m
[self_driving-10] [0m[INFO] [1782503367.125112950] [self_driving]: DEBUG_DRIVE lane_x=137.0, linear=0.15, linear_y=0.00, angular=-0.10, stop=False, crosswalk_distance=466, start_slow_down=True[0m
[self_driving-10] [0m[INFO] [1782503367.155579543] [self_driving]: [1;33m466[0m[0m
[self_driving-10] [0m[INFO] [1782503367.158339376] [self_driving]: DEBUG_DRIVE lane_x=133.0, linear=0.15, linear_y=0.00, angular=0.10, stop=False, crosswalk_distance=466, start_slow_down=True[0m
[self_driving-10] [0m[INFO] [1782503367.204571784] [self_driving]: [1;33m466[0m[0m
[self_driving-10] [0m[INFO] [1782503367.206947987] [self_driving]: DEBUG_DRIVE lane_x=130.5, linear=0.15, linear_y=0.00, angular=0.10, stop=False, crosswalk_distance=466, start_slow_down=True[0m
[self_driving-10] [0m[INFO] [1782503367.255169821] [self_driving]: [1;33m466[0m[0m
[self_driving-10] [0m[INFO] [1782503367.257951358] [self_driving]: DEBUG_DRIVE lane_x=123.5, linear=0.15, linear_y=0.00, angular=0.10, stop=False, crosswalk_distance=466, start_slow_down=True[0m
[self_driving-10] [0m[INFO] [1782503367.324561783] [self_driving]: [1;33m466[0m[0m
[self_driving-10] [0m[INFO] [1782503367.325959821] [self_driving]: DEBUG_DRIVE lane_x=122.5, linear=0.15, linear_y=0.00, angular=0.10, stop=False, crosswalk_distance=466, start_slow_down=True[0m
[self_driving-10] [0m[INFO] [1782503367.397343061] [self_driving]: [1;33m466[0m[0m
[self_driving-10] [0m[INFO] [1782503367.399762839] [self_driving]: DEBUG_DRIVE lane_x=123.0, linear=0.15, linear_y=0.00, angular=0.10, stop=False, crosswalk_distance=466, start_slow_down=True[0m
[self_driving-10] [0m[INFO] [1782503367.451085135] [self_driving]: [1;33m466[0m[0m
[self_driving-10] [0m[INFO] [1782503367.452414506] [self_driving]: DEBUG_DRIVE lane_x=128.0, linear=0.15, linear_y=0.00, angular=-0.10, stop=False, crosswalk_distance=466, start_slow_down=True[0m
[self_driving-10] [0m[INFO] [1782503367.468377469] [self_driving]: objects=1[0m
[self_driving-10] [0m[INFO] [1782503367.473041024] [self_driving]: [DET] crosswalk: cx=519, cy=344, box=array('i', [436, 283, 602, 405]), score=0.35[0m
[self_driving-10] [0m[INFO] [1782503367.566981376] [self_driving]: [1;33m344[0m[0m
[self_driving-10] [0m[INFO] [1782503367.568336080] [self_driving]: DEBUG_DRIVE lane_x=132.0, linear=0.15, linear_y=0.00, angular=-0.10, stop=False, crosswalk_distance=344, start_slow_down=True[0m
[self_driving-10] [0m[INFO] [1782503367.611790857] [self_driving]: [1;33m344[0m[0m
[self_driving-10] [0m[INFO] [1782503367.614343117] [self_driving]: DEBUG_DRIVE lane_x=139.0, linear=0.15, linear_y=0.00, angular=-0.10, stop=False, crosswalk_distance=344, start_slow_down=True[0m
[self_driving-10] [0m[INFO] [1782503367.663741339] [self_driving]: [1;33m344[0m[0m
[self_driving-10] [0m[INFO] [1782503367.665243376] [self_driving]: DEBUG_DRIVE lane_x=137.5, linear=0.15, linear_y=0.00, angular=-0.10, stop=False, crosswalk_distance=344, start_slow_down=False[0m
[self_driving-10] [0m[INFO] [1782503367.731551191] [self_driving]: [1;33m344[0m[0m
[self_driving-10] [0m[INFO] [1782503367.733887265] [self_driving]: DEBUG_DRIVE lane_x=138.5, linear=0.30, linear_y=0.00, angular=-0.10, stop=False, crosswalk_distance=344, start_slow_down=False[0m
[self_driving-10] [0m[INFO] [1782503367.794167561] [self_driving]: [1;33m344[0m[0m
[self_driving-10] [0m[INFO] [1782503367.798284005] [self_driving]: DEBUG_DRIVE lane_x=138.0, linear=0.30, linear_y=0.00, angular=-0.10, stop=False, crosswalk_distance=344, start_slow_down=False[0m
[self_driving-10] [0m[INFO] [1782503367.873285357] [self_driving]: [1;33m344[0m[0m
[self_driving-10] [0m[INFO] [1782503367.874451098] [self_driving]: DEBUG_DRIVE lane_x=136.0, linear=0.15, linear_y=0.00, angular=-0.10, stop=False, crosswalk_distance=344, start_slow_down=True[0m
[self_driving-10] [0m[INFO] [1782503367.952316228] [self_driving]: [1;33m344[0m[0m
[self_driving-10] [0m[INFO] [1782503367.955168913] [self_driving]: DEBUG_DRIVE lane_x=141.0, linear=0.15, linear_y=0.00, angular=-0.10, stop=False, crosswalk_distance=344, start_slow_down=True[0m
[self_driving-10] [0m[INFO] [1782503368.006656802] [self_driving]: [1;33m344[0m[0m
[self_driving-10] [0m[INFO] [1782503368.008412672] [self_driving]: DEBUG_DRIVE lane_x=142.0, linear=0.15, linear_y=0.00, angular=-0.10, stop=False, crosswalk_distance=344, start_slow_down=True[0m
[self_driving-10] [0m[INFO] [1782503368.072563376] [self_driving]: [1;33m344[0m[0m
[self_driving-10] [0m[INFO] [1782503368.074204246] [self_driving]: DEBUG_DRIVE lane_x=143.5, linear=0.15, linear_y=0.00, angular=-0.10, stop=False, crosswalk_distance=344, start_slow_down=True[0m
[self_driving-10] [0m[INFO] [1782503368.133726987] [self_driving]: [1;33m344[0m[0m
[self_driving-10] [0m[INFO] [1782503368.137434987] [self_driving]: DEBUG_DRIVE lane_x=146.5, linear=0.15, linear_y=0.00, angular=-0.10, stop=False, crosswalk_distance=344, start_slow_down=True[0m
[self_driving-10] [0m[INFO] [1782503368.208062301] [self_driving]: [1;33m344[0m[0m
[self_driving-10] [0m[INFO] [1782503368.209124246] [self_driving]: DEBUG_DRIVE lane_x=150.0, linear=0.15, linear_y=0.00, angular=-0.10, stop=False, crosswalk_distance=344, start_slow_down=True[0m
[self_driving-10] [0m[INFO] [1782503368.261589209] [self_driving]: [1;33m344[0m[0m
[self_driving-10] [0m[INFO] [1782503368.263056153] [self_driving]: DEBUG_DRIVE lane_x=182.5, linear=0.15, linear_y=0.00, angular=-0.10, stop=False, crosswalk_distance=344, start_slow_down=True[0m
[self_driving-10] [0m[INFO] [1782503368.350377894] [self_driving]: [1;33m344[0m[0m
[self_driving-10] [0m[INFO] [1782503368.352901172] [self_driving]: DEBUG_DRIVE lane_x=190.0, linear=0.15, linear_y=0.00, angular=-0.10, stop=False, crosswalk_distance=344, start_slow_down=True[0m
[self_driving-10] [0m[INFO] [1782503368.399705635] [self_driving]: [1;33m344[0m[0m
[self_driving-10] [0m[INFO] [1782503368.400939079] [self_driving]: DEBUG_DRIVE lane_x=192.0, linear=0.15, linear_y=0.00, angular=-0.10, stop=False, crosswalk_distance=344, start_slow_down=True[0m
[self_driving-10] [0m[INFO] [1782503368.474302357] [self_driving]: [1;33m344[0m[0m
[self_driving-10] [0m[INFO] [1782503368.478756357] [self_driving]: DEBUG_DRIVE lane_x=184.0, linear=0.15, linear_y=0.00, angular=-0.10, stop=False, crosswalk_distance=344, start_slow_down=True[0m
[self_driving-10] [0m[INFO] [1782503368.538401172] [self_driving]: [1;33m344[0m[0m
[self_driving-10] [0m[INFO] [1782503368.541466894] [self_driving]: DEBUG_DRIVE lane_x=206.0, linear=0.15, linear_y=0.00, angular=-0.45, stop=False, crosswalk_distance=344, start_slow_down=True[0m
[self_driving-10] [0m[INFO] [1782503368.597837486] [self_driving]: [1;33m344[0m[0m
[self_driving-10] [0m[INFO] [1782503368.599663357] [self_driving]: DEBUG_DRIVE lane_x=183.0, linear=0.15, linear_y=0.00, angular=-0.10, stop=False, crosswalk_distance=344, start_slow_down=True[0m
[self_driving-10] [0m[INFO] [1782503368.677106616] [self_driving]: [1;33m344[0m[0m
[self_driving-10] [0m[INFO] [1782503368.679601968] [self_driving]: DEBUG_DRIVE lane_x=209.0, linear=0.15, linear_y=0.00, angular=-0.45, stop=False, crosswalk_distance=344, start_slow_down=True[0m
[self_driving-10] [0m[INFO] [1782503368.752954246] [self_driving]: [1;33m344[0m[0m
[self_driving-10] [0m[INFO] [1782503368.754413690] [self_driving]: DEBUG_DRIVE lane_x=204.5, linear=0.15, linear_y=0.00, angular=-0.45, stop=False, crosswalk_distance=344, start_slow_down=True[0m
[self_driving-10] [0m[INFO] [1782503368.837805246] [self_driving]: [1;33m344[0m[0m
[self_driving-10] [0m[INFO] [1782503368.847040894] [self_driving]: DEBUG_DRIVE lane_x=212.0, linear=0.15, linear_y=0.00, angular=-0.45, stop=False, crosswalk_distance=344, start_slow_down=True[0m
[self_driving-10] [0m[INFO] [1782503368.890232171] [self_driving]: [1;33m344[0m[0m
[self_driving-10] [0m[INFO] [1782503368.891911468] [self_driving]: DEBUG_DRIVE lane_x=214.0, linear=0.15, linear_y=0.00, angular=-0.45, stop=False, crosswalk_distance=344, start_slow_down=True[0m
[self_driving-10] [0m[INFO] [1782503368.942087116] [self_driving]: [1;33m344[0m[0m
[self_driving-10] [0m[INFO] [1782503368.946007986] [self_driving]: DEBUG_DRIVE lane_x=249.0, linear=0.15, linear_y=0.00, angular=-0.45, stop=False, crosswalk_distance=344, start_slow_down=True[0m
[self_driving-10] [0m[INFO] [1782503369.004692634] [self_driving]: [1;33m344[0m[0m
[self_driving-10] [0m[INFO] [1782503369.008371523] [self_driving]: DEBUG_DRIVE lane_x=245.5, linear=0.15, linear_y=0.00, angular=-0.45, stop=False, crosswalk_distance=344, start_slow_down=True[0m
[self_driving-10] [0m[INFO] [1782503369.065574801] [self_driving]: [1;33m344[0m[0m
[self_driving-10] [0m[INFO] [1782503369.067513005] [self_driving]: DEBUG_DRIVE lane_x=242.5, linear=0.15, linear_y=0.00, angular=-0.45, stop=False, crosswalk_distance=344, start_slow_down=True[0m
[self_driving-10] [0m[INFO] [1782503369.144276634] [self_driving]: [1;33m344[0m[0m
[self_driving-10] [0m[INFO] [1782503369.145774893] [self_driving]: DEBUG_DRIVE lane_x=243.5, linear=0.15, linear_y=0.00, angular=-0.45, stop=False, crosswalk_distance=344, start_slow_down=True[0m
[self_driving-10] [0m[INFO] [1782503369.237269486] [self_driving]: [1;33m344[0m[0m
[self_driving-10] [0m[INFO] [1782503369.240617190] [self_driving]: DEBUG_DRIVE lane_x=246.0, linear=0.15, linear_y=0.00, angular=-0.45, stop=False, crosswalk_distance=344, start_slow_down=True[0m
[self_driving-10] [0m[INFO] [1782503369.299875264] [self_driving]: [1;33m344[0m[0m
[self_driving-10] [0m[INFO] [1782503369.304339467] [self_driving]: DEBUG_DRIVE lane_x=242.0, linear=0.15, linear_y=0.00, angular=-0.45, stop=False, crosswalk_distance=344, start_slow_down=True[0m
[self_driving-10] [0m[INFO] [1782503369.348515412] [self_driving]: [1;33m344[0m[0m
[self_driving-10] [0m[INFO] [1782503369.352474579] [self_driving]: DEBUG_DRIVE lane_x=231.5, linear=0.15, linear_y=0.00, angular=-0.45, stop=False, crosswalk_distance=344, start_slow_down=True[0m
[self_driving-10] [0m[INFO] [1782503369.410710467] [self_driving]: [1;33m344[0m[0m
[self_driving-10] [0m[INFO] [1782503369.413732560] [self_driving]: DEBUG_DRIVE lane_x=225.5, linear=0.15, linear_y=0.00, angular=-0.45, stop=False, crosswalk_distance=344, start_slow_down=True[0m
[self_driving-10] [0m[INFO] [1782503369.470327301] [self_driving]: [1;33m344[0m[0m
[self_driving-10] [0m[INFO] [1782503369.472451634] [self_driving]: DEBUG_DRIVE lane_x=223.0, linear=0.15, linear_y=0.00, angular=-0.45, stop=False, crosswalk_distance=344, start_slow_down=True[0m
[self_driving-10] [0m[INFO] [1782503369.549609912] [self_driving]: [1;33m344[0m[0m
[self_driving-10] [0m[INFO] [1782503369.552032504] [self_driving]: DEBUG_DRIVE lane_x=218.0, linear=0.15, linear_y=0.00, angular=-0.45, stop=False, crosswalk_distance=344, start_slow_down=True[0m
[self_driving-10] [0m[INFO] [1782503369.600793597] [self_driving]: [1;33m344[0m[0m
[self_driving-10] [0m[INFO] [1782503369.602228282] [self_driving]: DEBUG_DRIVE lane_x=214.0, linear=0.15, linear_y=0.00, angular=-0.45, stop=False, crosswalk_distance=344, start_slow_down=True[0m
[ekf_node-8] Failed to meet update rate! Took 0.011322389000000000411seconds. Try decreasing the rate, limiting sensor output frequency, or limiting the number of sensors.
[self_driving-10] [0m[INFO] [1782503369.713517615] [self_driving]: [1;33m344[0m[0m
[self_driving-10] [0m[INFO] [1782503369.714525986] [self_driving]: DEBUG_DRIVE lane_x=207.5, linear=0.15, linear_y=0.00, angular=-0.45, stop=False, crosswalk_distance=344, start_slow_down=True[0m
[self_driving-10] [0m[INFO] [1782503369.757357097] [self_driving]: [1;33m344[0m[0m
[self_driving-10] [0m[INFO] [1782503369.760086226] [self_driving]: DEBUG_DRIVE lane_x=201.0, linear=0.15, linear_y=0.00, angular=-0.45, stop=False, crosswalk_distance=344, start_slow_down=True[0m
[self_driving-10] [0m[INFO] [1782503369.821252115] [self_driving]: [1;33m344[0m[0m
[self_driving-10] [0m[INFO] [1782503369.822697319] [self_driving]: DEBUG_DRIVE lane_x=190.0, linear=0.15, linear_y=0.00, angular=0.00, stop=False, crosswalk_distance=344, start_slow_down=True[0m
[self_driving-10] [0m[INFO] [1782503369.878803671] [self_driving]: [1;33m344[0m[0m
[self_driving-10] [0m[INFO] [1782503369.880121152] [self_driving]: DEBUG_DRIVE lane_x=301.0, linear=0.15, linear_y=0.00, angular=-0.45, stop=False, crosswalk_distance=344, start_slow_down=True[0m
[self_driving-10] [0m[INFO] [1782503369.936901041] [self_driving]: [1;33m344[0m[0m
[self_driving-10] [0m[INFO] [1782503369.939563541] [self_driving]: DEBUG_DRIVE lane_x=133.5, linear=0.15, linear_y=0.00, angular=0.00, stop=False, crosswalk_distance=344, start_slow_down=True[0m
[self_driving-10] [0m[INFO] [1782503370.004892078] [self_driving]: [1;33m344[0m[0m
[self_driving-10] [0m[INFO] [1782503370.008091856] [self_driving]: DEBUG_DRIVE lane_x=144.5, linear=0.15, linear_y=0.00, angular=0.00, stop=False, crosswalk_distance=344, start_slow_down=True[0m
[self_driving-10] [0m[INFO] [1782503370.107807300] [self_driving]: [1;33m344[0m[0m
[self_driving-10] [0m[INFO] [1782503370.116894337] [self_driving]: DEBUG_DRIVE lane_x=151.0, linear=0.15, linear_y=0.00, angular=0.00, stop=False, crosswalk_distance=344, start_slow_down=True[0m
[self_driving-10] [0m[INFO] [1782503370.155963411] [self_driving]: [1;33m344[0m[0m
[self_driving-10] [0m[INFO] [1782503370.163043800] [self_driving]: DEBUG_DRIVE lane_x=159.5, linear=0.15, linear_y=0.00, angular=0.00, stop=False, crosswalk_distance=344, start_slow_down=True[0m
[self_driving-10] [0m[INFO] [1782503370.219238745] [self_driving]: [1;33m344[0m[0m
[self_driving-10] [0m[INFO] [1782503370.220840097] [self_driving]: DEBUG_DRIVE lane_x=159.0, linear=0.15, linear_y=0.00, angular=0.00, stop=False, crosswalk_distance=344, start_slow_down=True[0m
[self_driving-10] [0m[INFO] [1782503370.270948504] [self_driving]: [1;33m344[0m[0m
[self_driving-10] [0m[INFO] [1782503370.273109226] [self_driving]: DEBUG_DRIVE lane_x=159.5, linear=0.15, linear_y=0.00, angular=0.00, stop=False, crosswalk_distance=344, start_slow_down=True[0m
[self_driving-10] [0m[INFO] [1782503370.343235411] [self_driving]: [1;33m344[0m[0m
[self_driving-10] [0m[INFO] [1782503370.344719985] [self_driving]: DEBUG_DRIVE lane_x=159.5, linear=0.15, linear_y=0.00, angular=0.00, stop=False, crosswalk_distance=344, start_slow_down=True[0m
[self_driving-10] [0m[INFO] [1782503370.418731096] [self_driving]: [1;33m344[0m[0m
[self_driving-10] [0m[INFO] [1782503370.420091967] [self_driving]: DEBUG_DRIVE lane_x=194.5, linear=0.15, linear_y=0.00, angular=0.00, stop=False, crosswalk_distance=344, start_slow_down=True[0m
[self_driving-10] [0m[INFO] [1782503370.491819967] [self_driving]: [1;33m344[0m[0m
[self_driving-10] [0m[INFO] [1782503370.495621504] [self_driving]: DEBUG_DRIVE lane_x=217.5, linear=0.15, linear_y=0.00, angular=-0.45, stop=False, crosswalk_distance=344, start_slow_down=True[0m
[self_driving-10] [0m[INFO] [1782503370.565207782] [self_driving]: [1;33m344[0m[0m
[self_driving-10] [0m[INFO] [1782503370.578545578] [self_driving]: DEBUG_DRIVE lane_x=245.0, linear=0.15, linear_y=0.00, angular=-0.45, stop=False, crosswalk_distance=344, start_slow_down=False[0m
[self_driving-10] [0m[INFO] [1782503370.614318856] [self_driving]: [1;33m344[0m[0m
[self_driving-10] [0m[INFO] [1782503370.619660207] [self_driving]: DEBUG_DRIVE lane_x=270.5, linear=0.30, linear_y=0.00, angular=-0.45, stop=False, crosswalk_distance=344, start_slow_down=False[0m
[self_driving-10] [0m[INFO] [1782503370.677180596] [self_driving]: [1;33m344[0m[0m
[self_driving-10] [0m[INFO] [1782503370.678228707] [self_driving]: DEBUG_DRIVE lane_x=282.5, linear=0.30, linear_y=0.00, angular=-0.45, stop=False, crosswalk_distance=344, start_slow_down=False[0m
[self_driving-10] [0m[INFO] [1782503370.751942337] [self_driving]: [1;33m344[0m[0m
[self_driving-10] [0m[INFO] [1782503370.759967170] [self_driving]: DEBUG_DRIVE lane_x=288.0, linear=0.15, linear_y=0.00, angular=-0.45, stop=False, crosswalk_distance=344, start_slow_down=True[0m
[self_driving-10] [0m[INFO] [1782503370.820457448] [self_driving]: [1;33m344[0m[0m
[self_driving-10] [0m[INFO] [1782503370.821941448] [self_driving]: DEBUG_DRIVE lane_x=300.0, linear=0.15, linear_y=0.00, angular=-0.45, stop=False, crosswalk_distance=344, start_slow_down=True[0m
[self_driving-10] [0m[INFO] [1782503370.896804615] [self_driving]: [1;33m344[0m[0m
[self_driving-10] [0m[INFO] [1782503370.898487837] [self_driving]: DEBUG_DRIVE lane_x=219.0, linear=0.15, linear_y=0.00, angular=-0.45, stop=False, crosswalk_distance=344, start_slow_down=True[0m
[self_driving-10] [0m[INFO] [1782503370.973512948] [self_driving]: [1;33m344[0m[0m
[self_driving-10] [0m[INFO] [1782503370.977569374] [self_driving]: DEBUG_DRIVE lane_x=239.5, linear=0.15, linear_y=0.00, angular=-0.45, stop=False, crosswalk_distance=344, start_slow_down=True[0m
[self_driving-10] [0m[INFO] [1782503371.033069263] [self_driving]: [1;33m344[0m[0m
[self_driving-10] [0m[INFO] [1782503371.035734355] [self_driving]: DEBUG_DRIVE lane_x=255.0, linear=0.15, linear_y=0.00, angular=-0.45, stop=False, crosswalk_distance=344, start_slow_down=True[0m
[self_driving-10] [0m[INFO] [1782503371.089157911] [self_driving]: [1;33m344[0m[0m
[self_driving-10] [0m[INFO] [1782503371.090145133] [self_driving]: DEBUG_DRIVE lane_x=263.0, linear=0.15, linear_y=0.00, angular=-0.45, stop=False, crosswalk_distance=344, start_slow_down=True[0m
[self_driving-10] [0m[INFO] [1782503371.160218948] [self_driving]: [1;33m344[0m[0m
[self_driving-10] [0m[INFO] [1782503371.164565244] [self_driving]: DEBUG_DRIVE lane_x=268.5, linear=0.15, linear_y=0.00, angular=-0.45, stop=False, crosswalk_distance=344, start_slow_down=True[0m
[self_driving-10] [0m[INFO] [1782503371.223618281] [self_driving]: [1;33m344[0m[0m
[self_driving-10] [0m[INFO] [1782503371.226429744] [self_driving]: DEBUG_DRIVE lane_x=268.5, linear=0.15, linear_y=0.00, angular=-0.45, stop=False, crosswalk_distance=344, start_slow_down=True[0m
[self_driving-10] [0m[INFO] [1782503371.294959337] [self_driving]: [1;33m344[0m[0m
[self_driving-10] [0m[INFO] [1782503371.296060559] [self_driving]: DEBUG_DRIVE lane_x=259.5, linear=0.15, linear_y=0.00, angular=-0.45, stop=False, crosswalk_distance=344, start_slow_down=True[0m
[self_driving-10] [0m[INFO] [1782503371.381422077] [self_driving]: [1;33m344[0m[0m
[self_driving-10] [0m[INFO] [1782503371.386598022] [self_driving]: DEBUG_DRIVE lane_x=311.5, linear=0.15, linear_y=0.00, angular=-0.45, stop=False, crosswalk_distance=344, start_slow_down=True[0m
[self_driving-10] [0m[INFO] [1782503371.436510170] [self_driving]: [1;33m344[0m[0m
[self_driving-10] [0m[INFO] [1782503371.438792651] [self_driving]: DEBUG_DRIVE lane_x=300.5, linear=0.15, linear_y=0.00, angular=-0.45, stop=False, crosswalk_distance=344, start_slow_down=True[0m
[self_driving-10] [0m[INFO] [1782503371.479551596] [self_driving]: [1;33m344[0m[0m
[self_driving-10] [0m[INFO] [1782503371.480974725] [self_driving]: DEBUG_DRIVE lane_x=297.0, linear=0.15, linear_y=0.00, angular=-0.45, stop=False, crosswalk_distance=344, start_slow_down=True[0m
[self_driving-10] [0m[INFO] [1782503371.559856485] [self_driving]: [1;33m344[0m[0m
[self_driving-10] [0m[INFO] [1782503371.561255855] [self_driving]: DEBUG_DRIVE lane_x=296.0, linear=0.15, linear_y=0.00, angular=-0.45, stop=False, crosswalk_distance=344, start_slow_down=True[0m
[self_driving-10] [0m[INFO] [1782503371.626529151] [self_driving]: [1;33m344[0m[0m
[self_driving-10] [0m[INFO] [1782503371.627920207] [self_driving]: DEBUG_DRIVE lane_x=290.0, linear=0.15, linear_y=0.00, angular=-0.45, stop=False, crosswalk_distance=344, start_slow_down=True[0m
[self_driving-10] [0m[INFO] [1782503371.687221985] [self_driving]: [1;33m344[0m[0m
[self_driving-10] [0m[INFO] [1782503371.688920281] [self_driving]: DEBUG_DRIVE lane_x=281.5, linear=0.15, linear_y=0.00, angular=-0.45, stop=False, crosswalk_distance=344, start_slow_down=True[0m
[self_driving-10] [0m[INFO] [1782503371.792914077] [self_driving]: [1;33m344[0m[0m
[self_driving-10] [0m[INFO] [1782503371.796248873] [self_driving]: DEBUG_DRIVE lane_x=277.5, linear=0.15, linear_y=0.00, angular=-0.45, stop=False, crosswalk_distance=344, start_slow_down=True[0m
[self_driving-10] [0m[INFO] [1782503371.839766633] [self_driving]: [1;33m344[0m[0m
[self_driving-10] [0m[INFO] [1782503371.841463484] [self_driving]: DEBUG_DRIVE lane_x=272.0, linear=0.15, linear_y=0.00, angular=-0.45, stop=False, crosswalk_distance=344, start_slow_down=True[0m
[self_driving-10] [0m[INFO] [1782503371.891571855] [self_driving]: [1;33m344[0m[0m
[self_driving-10] [0m[INFO] [1782503371.892688096] [self_driving]: DEBUG_DRIVE lane_x=266.5, linear=0.15, linear_y=0.00, angular=-0.45, stop=False, crosswalk_distance=344, start_slow_down=True[0m
[self_driving-10] [0m[INFO] [1782503371.964163262] [self_driving]: [1;33m344[0m[0m
[self_driving-10] [0m[INFO] [1782503371.966289521] [self_driving]: DEBUG_DRIVE lane_x=305.0, linear=0.15, linear_y=0.00, angular=-0.45, stop=False, crosswalk_distance=344, start_slow_down=True[0m
[self_driving-10] [0m[INFO] [1782503372.020340281] [self_driving]: [1;33m344[0m[0m
[self_driving-10] [0m[INFO] [1782503372.021587558] [self_driving]: DEBUG_DRIVE lane_x=298.0, linear=0.15, linear_y=0.00, angular=-0.45, stop=False, crosswalk_distance=344, start_slow_down=True[0m
[self_driving-10] [0m[INFO] [1782503372.109524595] [self_driving]: [1;33m344[0m[0m
[self_driving-10] [0m[INFO] [1782503372.112782244] [self_driving]: DEBUG_DRIVE lane_x=292.5, linear=0.15, linear_y=0.00, angular=-0.45, stop=False, crosswalk_distance=344, start_slow_down=True[0m
[self_driving-10] [0m[INFO] [1782503372.163222540] [self_driving]: [1;33m344[0m[0m
[self_driving-10] [0m[INFO] [1782503372.170714447] [self_driving]: DEBUG_DRIVE lane_x=283.5, linear=0.15, linear_y=0.00, angular=-0.45, stop=False, crosswalk_distance=344, start_slow_down=True[0m
[self_driving-10] [0m[INFO] [1782503372.242466781] [self_driving]: [1;33m344[0m[0m
[self_driving-10] [0m[INFO] [1782503372.244568614] [self_driving]: DEBUG_DRIVE lane_x=266.5, linear=0.15, linear_y=0.00, angular=-0.45, stop=False, crosswalk_distance=344, start_slow_down=True[0m
[self_driving-10] [0m[INFO] [1782503372.304840892] [self_driving]: [1;33m344[0m[0m
[self_driving-10] [0m[INFO] [1782503372.306661336] [self_driving]: DEBUG_DRIVE lane_x=252.5, linear=0.15, linear_y=0.00, angular=-0.45, stop=False, crosswalk_distance=344, start_slow_down=True[0m
[self_driving-10] [0m[INFO] [1782503372.380954780] [self_driving]: [1;33m344[0m[0m
[self_driving-10] [0m[INFO] [1782503372.382961984] [self_driving]: DEBUG_DRIVE lane_x=241.5, linear=0.15, linear_y=0.00, angular=-0.45, stop=False, crosswalk_distance=344, start_slow_down=True[0m
[self_driving-10] [0m[INFO] [1782503372.433056003] [self_driving]: [1;33m344[0m[0m
[self_driving-10] [0m[INFO] [1782503372.435156947] [self_driving]: DEBUG_DRIVE lane_x=221.0, linear=0.15, linear_y=0.00, angular=-0.45, stop=False, crosswalk_distance=344, start_slow_down=True[0m
[self_driving-10] [0m[INFO] [1782503372.508107577] [self_driving]: [1;33m344[0m[0m
[self_driving-10] [0m[INFO] [1782503372.509997151] [self_driving]: DEBUG_DRIVE lane_x=198.5, linear=0.15, linear_y=0.00, angular=-0.10, stop=False, crosswalk_distance=344, start_slow_down=True[0m
[self_driving-10] [0m[INFO] [1782503372.544936910] [self_driving]: objects=1[0m
[self_driving-10] [0m[INFO] [1782503372.546803317] [self_driving]: [DET] crosswalk: cx=599, cy=256, box=array('i', [560, 235, 639, 278]), score=0.66[0m
[self_driving-10] [0m[INFO] [1782503372.561226021] [self_driving]: [1;33m256[0m[0m
[self_driving-10] [0m[INFO] [1782503372.566445928] [self_driving]: DEBUG_DRIVE lane_x=171.0, linear=0.15, linear_y=0.00, angular=0.10, stop=False, crosswalk_distance=256, start_slow_down=True[0m
[self_driving-10] [0m[INFO] [1782503372.649501243] [self_driving]: [1;33m256[0m[0m
[self_driving-10] [0m[INFO] [1782503372.650789280] [self_driving]: DEBUG_DRIVE lane_x=160.0, linear=0.15, linear_y=0.00, angular=-0.10, stop=False, crosswalk_distance=256, start_slow_down=True[0m
[self_driving-10] [0m[INFO] [1782503372.707066577] [self_driving]: [1;33m256[0m[0m
[self_driving-10] [0m[INFO] [1782503372.708459262] [self_driving]: DEBUG_DRIVE lane_x=157.5, linear=0.15, linear_y=0.00, angular=-0.10, stop=False, crosswalk_distance=256, start_slow_down=True[0m
[self_driving-10] [0m[INFO] [1782503372.761899984] [self_driving]: [1;33m256[0m[0m
[self_driving-10] [0m[INFO] [1782503372.763811002] [self_driving]: DEBUG_DRIVE lane_x=164.0, linear=0.15, linear_y=0.00, angular=-0.10, stop=False, crosswalk_distance=256, start_slow_down=True[0m
[self_driving-10] [0m[INFO] [1782503372.839994317] [self_driving]: [1;33m256[0m[0m
[self_driving-10] [0m[INFO] [1782503372.841675632] [self_driving]: DEBUG_DRIVE lane_x=164.5, linear=0.15, linear_y=0.00, angular=-0.10, stop=False, crosswalk_distance=256, start_slow_down=True[0m
[self_driving-10] [0m[INFO] [1782503372.896986447] [self_driving]: [1;33m256[0m[0m
[self_driving-10] [0m[INFO] [1782503372.899602410] [self_driving]: DEBUG_DRIVE lane_x=162.5, linear=0.15, linear_y=0.00, angular=-0.10, stop=False, crosswalk_distance=256, start_slow_down=True[0m
[self_driving-10] [0m[INFO] [1782503372.943695132] [self_driving]: objects=1[0m
[self_driving-10] [0m[INFO] [1782503372.944512521] [self_driving]: [DET] crosswalk: cx=538, cy=264, box=array('i', [436, 245, 640, 284]), score=0.85[0m
[self_driving-10] [0m[INFO] [1782503372.949477873] [self_driving]: objects=1[0m
[self_driving-10] [0m[INFO] [1782503372.950539132] [self_driving]: [DET] go: cx=403, cy=123, box=array('i', [388, 102, 418, 145]), score=0.81[0m
[self_driving-10] [0m[INFO] [1782503372.964293354] [self_driving]: objects=1[0m
[self_driving-10] [0m[INFO] [1782503372.966710262] [self_driving]: [DET] crosswalk: cx=567, cy=199, box=array('i', [495, 194, 639, 204]), score=0.80[0m
[self_driving-10] [0m[INFO] [1782503373.012085762] [self_driving]: [1;33m199[0m[0m
[self_driving-10] [0m[INFO] [1782503373.014352002] [self_driving]: DEBUG_DRIVE lane_x=155.0, linear=0.15, linear_y=0.00, angular=-0.10, stop=False, crosswalk_distance=199, start_slow_down=True[0m
[self_driving-10] [0m[INFO] [1782503373.056116780] [self_driving]: [1;33m199[0m[0m
[self_driving-10] [0m[INFO] [1782503373.057521928] [self_driving]: DEBUG_DRIVE lane_x=154.5, linear=0.15, linear_y=0.00, angular=-0.10, stop=False, crosswalk_distance=199, start_slow_down=True[0m
[self_driving-10] [0m[INFO] [1782503373.103776410] [self_driving]: [1;33m199[0m[0m
[self_driving-10] [0m[INFO] [1782503373.104971447] [self_driving]: DEBUG_DRIVE lane_x=150.0, linear=0.15, linear_y=0.00, angular=-0.10, stop=False, crosswalk_distance=199, start_slow_down=True[0m
[self_driving-10] [0m[INFO] [1782503373.180346502] [self_driving]: [1;33m199[0m[0m
[self_driving-10] [0m[INFO] [1782503373.181856521] [self_driving]: DEBUG_DRIVE lane_x=147.0, linear=0.15, linear_y=0.00, angular=-0.10, stop=False, crosswalk_distance=199, start_slow_down=True[0m
[self_driving-10] [0m[INFO] [1782503373.236415206] [self_driving]: [1;33m199[0m[0m
[self_driving-10] [0m[INFO] [1782503373.242355687] [self_driving]: DEBUG_DRIVE lane_x=144.0, linear=0.15, linear_y=0.00, angular=-0.10, stop=False, crosswalk_distance=199, start_slow_down=True[0m
[self_driving-10] [0m[INFO] [1782503373.308746835] [self_driving]: [1;33m199[0m[0m
[self_driving-10] [0m[INFO] [1782503373.311109539] [self_driving]: DEBUG_DRIVE lane_x=139.0, linear=0.15, linear_y=0.00, angular=-0.10, stop=False, crosswalk_distance=199, start_slow_down=True[0m
[self_driving-10] [0m[INFO] [1782503373.375197169] [self_driving]: [1;33m199[0m[0m
[self_driving-10] [0m[INFO] [1782503373.376654687] [self_driving]: DEBUG_DRIVE lane_x=134.5, linear=0.15, linear_y=0.00, angular=0.10, stop=False, crosswalk_distance=199, start_slow_down=True[0m
[self_driving-10] [0m[INFO] [1782503373.433506928] [self_driving]: objects=1[0m
[self_driving-10] [0m[INFO] [1782503373.435105446] [self_driving]: [DET] crosswalk: cx=479, cy=275, box=array('i', [322, 253, 637, 297]), score=0.88[0m
[self_driving-10] [0m[INFO] [1782503373.452415687] [self_driving]: objects=1[0m
[self_driving-10] [0m[INFO] [1782503373.459483687] [self_driving]: [DET] crosswalk: cx=564, cy=11, box=array('i', [489, 0, 639, 23]), score=0.28[0m
[self_driving-10] [0m[INFO] [1782503373.464753224] [self_driving]: [1;33m11[0m[0m
[self_driving-10] [0m[INFO] [1782503373.468712409] [self_driving]: DEBUG_DRIVE lane_x=128.0, linear=0.15, linear_y=0.00, angular=0.10, stop=False, crosswalk_distance=11, start_slow_down=False[0m
[self_driving-10] [0m[INFO] [1782503373.524450946] [self_driving]: [1;33m11[0m[0m
[self_driving-10] [0m[INFO] [1782503373.525875558] [self_driving]: DEBUG_DRIVE lane_x=124.0, linear=0.30, linear_y=0.00, angular=0.10, stop=False, crosswalk_distance=11, start_slow_down=False[0m
[self_driving-10] [0m[INFO] [1782503373.579463058] [self_driving]: [1;33m11[0m[0m
[self_driving-10] [0m[INFO] [1782503373.581388039] [self_driving]: DEBUG_DRIVE lane_x=127.0, linear=0.30, linear_y=0.00, angular=-0.10, stop=False, crosswalk_distance=11, start_slow_down=False[0m
[self_driving-10] [0m[INFO] [1782503373.637899706] [self_driving]: [1;33m11[0m[0m
[self_driving-10] [0m[INFO] [1782503373.641939557] [self_driving]: DEBUG_DRIVE lane_x=127.5, linear=0.30, linear_y=0.00, angular=0.10, stop=False, crosswalk_distance=11, start_slow_down=False[0m
[self_driving-10] [0m[INFO] [1782503373.710937743] [self_driving]: [1;33m11[0m[0m
[self_driving-10] [0m[INFO] [1782503373.713669724] [self_driving]: DEBUG_DRIVE lane_x=144.5, linear=0.30, linear_y=0.00, angular=-0.10, stop=False, crosswalk_distance=11, start_slow_down=False[0m
[self_driving-10] [0m[INFO] [1782503373.775336798] [self_driving]: [1;33m11[0m[0m
[self_driving-10] [0m[INFO] [1782503373.776679354] [self_driving]: DEBUG_DRIVE lane_x=150.0, linear=0.30, linear_y=0.00, angular=-0.10, stop=False, crosswalk_distance=11, start_slow_down=False[0m
[self_driving-10] [0m[INFO] [1782503373.850392743] [self_driving]: [1;33m11[0m[0m
[self_driving-10] [0m[INFO] [1782503373.852220965] [self_driving]: DEBUG_DRIVE lane_x=155.0, linear=0.30, linear_y=0.00, angular=-0.10, stop=False, crosswalk_distance=11, start_slow_down=False[0m
[self_driving-10] [0m[INFO] [1782503373.869113854] [self_driving]: objects=1[0m
[self_driving-10] [0m[INFO] [1782503373.869654502] [self_driving]: [DET] crosswalk: cx=427, cy=296, box=array('i', [215, 271, 639, 321]), score=0.91[0m
[self_driving-10] [0m[INFO] [1782503373.871950872] [self_driving]: objects=1[0m
[self_driving-10] [0m[INFO] [1782503373.872644076] [self_driving]: [DET] go: cx=196, cy=120, box=array('i', [184, 98, 209, 142]), score=0.88[0m
[self_driving-10] [0m[INFO] [1782503373.880919317] [self_driving]: objects=1[0m
[self_driving-10] [0m[INFO] [1782503373.887504687] [self_driving]: [DET] crosswalk: cx=524, cy=11, box=array('i', [408, 0, 640, 23]), score=0.37[0m
[self_driving-10] [0m[INFO] [1782503373.948010909] [self_driving]: [1;33m11[0m[0m
[self_driving-10] [0m[INFO] [1782503373.949911854] [self_driving]: DEBUG_DRIVE lane_x=150.0, linear=0.30, linear_y=0.00, angular=-0.10, stop=False, crosswalk_distance=11, start_slow_down=False[0m
[self_driving-10] [0m[INFO] [1782503373.987605335] [self_driving]: [1;33m11[0m[0m
[self_driving-10] [0m[INFO] [1782503373.991592946] [self_driving]: DEBUG_DRIVE lane_x=162.5, linear=0.30, linear_y=0.00, angular=-0.10, stop=False, crosswalk_distance=11, start_slow_down=False[0m
[self_driving-10] [0m[INFO] [1782503374.054175242] [self_driving]: [1;33m11[0m[0m
[self_driving-10] [0m[INFO] [1782503374.056564391] [self_driving]: DEBUG_DRIVE lane_x=154.0, linear=0.30, linear_y=0.00, angular=-0.10, stop=False, crosswalk_distance=11, start_slow_down=False[0m
[self_driving-10] [0m[INFO] [1782503374.104165483] [self_driving]: [1;33m11[0m[0m
[self_driving-10] [0m[INFO] [1782503374.105274891] [self_driving]: DEBUG_DRIVE lane_x=146.5, linear=0.30, linear_y=0.00, angular=-0.10, stop=False, crosswalk_distance=11, start_slow_down=False[0m
[self_driving-10] [0m[INFO] [1782503374.181833539] [self_driving]: [1;33m11[0m[0m
[self_driving-10] [0m[INFO] [1782503374.184834242] [self_driving]: DEBUG_DRIVE lane_x=138.5, linear=0.30, linear_y=0.00, angular=0.04, stop=False, crosswalk_distance=11, start_slow_down=False[0m
[self_driving-10] [0m[INFO] [1782503374.258350724] [self_driving]: [1;33m11[0m[0m
[self_driving-10] [0m[INFO] [1782503374.260815187] [self_driving]: DEBUG_DRIVE lane_x=133.0, linear=0.30, linear_y=0.00, angular=0.10, stop=False, crosswalk_distance=11, start_slow_down=False[0m
[self_driving-10] [0m[INFO] [1782503374.284732150] [self_driving]: objects=1[0m
[self_driving-10] [0m[INFO] [1782503374.285322002] [self_driving]: [DET] crosswalk: cx=399, cy=325, box=array('i', [158, 292, 640, 359]), score=0.92[0m
[self_driving-10] [0m[INFO] [1782503374.289765483] [self_driving]: objects=1[0m
[self_driving-10] [0m[INFO] [1782503374.292708113] [self_driving]: [DET] go: cx=154, cy=119, box=array('i', [141, 96, 168, 142]), score=0.88[0m
[self_driving-10] [0m[INFO] [1782503374.297847427] [self_driving]: objects=1[0m
[self_driving-10] [0m[INFO] [1782503374.298362150] [self_driving]: [DET] crosswalk: cx=399, cy=207, box=array('i', [283, 201, 515, 214]), score=0.85[0m
[self_driving-10] [0m[INFO] [1782503374.330531631] [self_driving]: [1;33m207[0m[0m
[self_driving-10] [0m[INFO] [1782503374.338282909] [self_driving]: DEBUG_DRIVE lane_x=124.5, linear=0.30, linear_y=0.00, angular=0.10, stop=False, crosswalk_distance=207, start_slow_down=False[0m
[self_driving-10] [0m[INFO] [1782503374.402507890] [self_driving]: [1;33m207[0m[0m
[self_driving-10] [0m[INFO] [1782503374.406775946] [self_driving]: DEBUG_DRIVE lane_x=124.0, linear=0.30, linear_y=0.00, angular=0.10, stop=False, crosswalk_distance=207, start_slow_down=False[0m
[self_driving-10] [0m[INFO] [1782503374.454329501] [self_driving]: [1;33m207[0m[0m
[self_driving-10] [0m[INFO] [1782503374.455404835] [self_driving]: DEBUG_DRIVE lane_x=127.0, linear=0.15, linear_y=0.00, angular=-0.10, stop=False, crosswalk_distance=207, start_slow_down=True[0m
[self_driving-10] [0m[INFO] [1782503374.511101205] [self_driving]: [1;33m207[0m[0m
[self_driving-10] [0m[INFO] [1782503374.512821650] [self_driving]: DEBUG_DRIVE lane_x=131.5, linear=0.15, linear_y=0.00, angular=-0.10, stop=False, crosswalk_distance=207, start_slow_down=True[0m
[self_driving-10] [0m[INFO] [1782503374.582734835] [self_driving]: [1;33m207[0m[0m
[self_driving-10] [0m[INFO] [1782503374.583962761] [self_driving]: DEBUG_DRIVE lane_x=135.5, linear=0.15, linear_y=0.00, angular=-0.10, stop=False, crosswalk_distance=207, start_slow_down=True[0m
[self_driving-10] [0m[INFO] [1782503374.645880964] [self_driving]: [1;33m207[0m[0m
[self_driving-10] [0m[INFO] [1782503374.647739742] [self_driving]: DEBUG_DRIVE lane_x=135.5, linear=0.15, linear_y=0.00, angular=-0.10, stop=False, crosswalk_distance=207, start_slow_down=True[0m
[self_driving-10] [0m[INFO] [1782503374.688849464] [self_driving]: objects=1[0m
[self_driving-10] [0m[INFO] [1782503374.689487149] [self_driving]: [DET] crosswalk: cx=367, cy=363, box=array('i', [95, 318, 640, 409]), score=0.93[0m
[self_driving-10] [0m[INFO] [1782503374.691973538] [self_driving]: objects=1[0m
[self_driving-10] [0m[INFO] [1782503374.692573131] [self_driving]: [DET] crosswalk: cx=391, cy=208, box=array('i', [264, 201, 519, 215]), score=0.85[0m
[self_driving-10] [0m[INFO] [1782503374.705302575] [self_driving]: objects=1[0m
[self_driving-10] [0m[INFO] [1782503374.714772538] [self_driving]: [DET] crosswalk: cx=503, cy=9, box=array('i', [372, 0, 634, 18]), score=0.67[0m
[self_driving-10] [0m[INFO] [1782503374.751097890] [self_driving]: [1;33m9[0m[0m
[self_driving-10] [0m[INFO] [1782503374.752573075] [self_driving]: DEBUG_DRIVE lane_x=137.0, linear=0.15, linear_y=0.00, angular=-0.10, stop=False, crosswalk_distance=9, start_slow_down=True[0m
[self_driving-10] [0m[INFO] [1782503374.811472149] [self_driving]: [1;33m9[0m[0m
[self_driving-10] [0m[INFO] [1782503374.815577094] [self_driving]: DEBUG_DRIVE lane_x=138.0, linear=0.15, linear_y=0.00, angular=-0.10, stop=False, crosswalk_distance=9, start_slow_down=True[0m
[self_driving-10] [0m[INFO] [1782503374.858393464] [self_driving]: [1;33m9[0m[0m
[self_driving-10] [0m[INFO] [1782503374.862093075] [self_driving]: DEBUG_DRIVE lane_x=139.5, linear=0.15, linear_y=0.00, angular=-0.10, stop=False, crosswalk_distance=9, start_slow_down=True[0m
[self_driving-10] [0m[INFO] [1782503374.913802372] [self_driving]: [1;33m9[0m[0m
[self_driving-10] [0m[INFO] [1782503374.915160983] [self_driving]: DEBUG_DRIVE lane_x=135.5, linear=0.15, linear_y=0.00, angular=0.10, stop=False, crosswalk_distance=9, start_slow_down=True[0m
[self_driving-10] [0m[INFO] [1782503374.993784242] [self_driving]: [1;33m9[0m[0m
[self_driving-10] [0m[INFO] [1782503374.995109131] [self_driving]: DEBUG_DRIVE lane_x=122.0, linear=0.15, linear_y=0.00, angular=0.10, stop=False, crosswalk_distance=9, start_slow_down=True[0m
[self_driving-10] [0m[INFO] [1782503375.057132223] [self_driving]: [1;33m9[0m[0m
[self_driving-10] [0m[INFO] [1782503375.059050353] [self_driving]: DEBUG_DRIVE lane_x=118.0, linear=0.15, linear_y=0.00, angular=0.10, stop=False, crosswalk_distance=9, start_slow_down=True[0m
[self_driving-10] [0m[INFO] [1782503375.111475279] [self_driving]: [1;33m9[0m[0m
[self_driving-10] [0m[INFO] [1782503375.112908594] [self_driving]: DEBUG_DRIVE lane_x=117.5, linear=0.15, linear_y=0.00, angular=0.10, stop=False, crosswalk_distance=9, start_slow_down=True[0m
[self_driving-10] [0m[INFO] [1782503375.144470020] [self_driving]: objects=1[0m
[self_driving-10] [0m[INFO] [1782503375.145303075] [self_driving]: [DET] crosswalk: cx=330, cy=459, box=array('i', [21, 440, 640, 479]), score=0.90[0m
[self_driving-10] [0m[INFO] [1782503375.147085649] [self_driving]: objects=1[0m
[self_driving-10] [0m[INFO] [1782503375.147566520] [self_driving]: [DET] go: cx=67, cy=105, box=array('i', [46, 69, 88, 141]), score=0.87[0m
[self_driving-10] [0m[INFO] [1782503375.153009908] [self_driving]: objects=1[0m
[self_driving-10] [0m[INFO] [1782503375.154183927] [self_driving]: [DET] crosswalk: cx=500, cy=7, box=array('i', [367, 0, 634, 14]), score=0.70[0m
[self_driving-10] [0m[INFO] [1782503375.204190408] [self_driving]: [1;33m7[0m[0m
[self_driving-10] [0m[INFO] [1782503375.208243408] [self_driving]: DEBUG_DRIVE lane_x=121.0, linear=0.15, linear_y=0.00, angular=0.10, stop=False, crosswalk_distance=7, start_slow_down=True[0m
[self_driving-10] [0m[INFO] [1782503375.257029408] [self_driving]: [1;33m7[0m[0m
[self_driving-10] [0m[INFO] [1782503375.259807871] [self_driving]: DEBUG_DRIVE lane_x=123.5, linear=0.15, linear_y=0.00, angular=0.10, stop=False, crosswalk_distance=7, start_slow_down=True[0m
[self_driving-10] [0m[INFO] [1782503375.331465964] [self_driving]: [1;33m7[0m[0m
[self_driving-10] [0m[INFO] [1782503375.337077242] [self_driving]: DEBUG_DRIVE lane_x=128.0, linear=0.15, linear_y=0.00, angular=-0.10, stop=False, crosswalk_distance=7, start_slow_down=True[0m
[self_driving-10] [0m[INFO] [1782503375.395664408] [self_driving]: [1;33m7[0m[0m
[self_driving-10] [0m[INFO] [1782503375.397996464] [self_driving]: DEBUG_DRIVE lane_x=131.5, linear=0.15, linear_y=0.00, angular=-0.10, stop=False, crosswalk_distance=7, start_slow_down=True[0m
[self_driving-10] [0m[INFO] [1782503375.466284519] [self_driving]: [1;33m7[0m[0m
[self_driving-10] [0m[INFO] [1782503375.470950038] [self_driving]: DEBUG_DRIVE lane_x=134.0, linear=0.15, linear_y=0.00, angular=-0.10, stop=False, crosswalk_distance=7, start_slow_down=True[0m
[self_driving-10] [0m[INFO] [1782503375.528138093] [self_driving]: [1;33m7[0m[0m
[self_driving-10] [0m[INFO] [1782503375.529478408] [self_driving]: DEBUG_DRIVE lane_x=137.5, linear=0.15, linear_y=0.00, angular=-0.10, stop=False, crosswalk_distance=7, start_slow_down=True[0m
[self_driving-10] [0m[INFO] [1782503375.580588038] [self_driving]: objects=1[0m
[self_driving-10] [0m[INFO] [1782503375.581582890] [self_driving]: [DET] crosswalk: cx=417, cy=241, box=array('i', [237, 228, 598, 255]), score=0.89[0m
[self_driving-10] [0m[INFO] [1782503375.589042686] [self_driving]: [1;33m241[0m[0m
[self_driving-10] [0m[INFO] [1782503375.589860742] [self_driving]: objects=1[0m
[self_driving-10] [0m[INFO] [1782503375.590917464] [self_driving]: [DET] crosswalk: cx=509, cy=4, box=array('i', [378, 0, 640, 9]), score=0.51[0m
[self_driving-10] [0m[INFO] [1782503375.602995316] [self_driving]: DEBUG_DRIVE lane_x=132.0, linear=0.15, linear_y=0.00, angular=0.10, stop=False, crosswalk_distance=4, start_slow_down=True[0m
[self_driving-10] [0m[INFO] [1782503375.672637223] [self_driving]: [1;33m4[0m[0m
[self_driving-10] [0m[INFO] [1782503375.674685427] [self_driving]: DEBUG_DRIVE lane_x=130.0, linear=0.15, linear_y=0.00, angular=0.10, stop=False, crosswalk_distance=4, start_slow_down=True[0m
[self_driving-10] [0m[INFO] [1782503375.736906001] [self_driving]: [1;33m4[0m[0m
[self_driving-10] [0m[INFO] [1782503375.738473056] [self_driving]: DEBUG_DRIVE lane_x=125.5, linear=0.15, linear_y=0.00, angular=0.10, stop=False, crosswalk_distance=4, start_slow_down=True[0m
[self_driving-10] [0m[INFO] [1782503375.789574334] [self_driving]: [1;33m4[0m[0m
[self_driving-10] [0m[INFO] [1782503375.791767556] [self_driving]: DEBUG_DRIVE lane_x=125.5, linear=0.15, linear_y=0.00, angular=0.10, stop=False, crosswalk_distance=4, start_slow_down=True[0m
[self_driving-10] [0m[INFO] [1782503375.861306464] [self_driving]: [1;33m4[0m[0m
[self_driving-10] [0m[INFO] [1782503375.863521556] [self_driving]: DEBUG_DRIVE lane_x=127.5, linear=0.15, linear_y=0.00, angular=0.10, stop=False, crosswalk_distance=4, start_slow_down=True[0m
[self_driving-10] [0m[INFO] [1782503375.935387149] [self_driving]: [1;33m4[0m[0m
[self_driving-10] [0m[INFO] [1782503375.936637538] [self_driving]: DEBUG_DRIVE lane_x=129.0, linear=0.15, linear_y=0.00, angular=-0.10, stop=False, crosswalk_distance=4, start_slow_down=True[0m
[self_driving-10] [0m[INFO] [1782503375.969596649] [self_driving]: objects=1[0m
[self_driving-10] [0m[INFO] [1782503375.971308445] [self_driving]: [DET] crosswalk: cx=417, cy=256, box=array('i', [210, 241, 624, 272]), score=0.85[0m
[self_driving-10] [0m[INFO] [1782503375.979245852] [self_driving]: objects=1[0m
[self_driving-10] [0m[INFO] [1782503375.982049426] [self_driving]: [DET] crosswalk: cx=504, cy=4, box=array('i', [369, 0, 640, 8]), score=0.58[0m
[self_driving-10] [0m[INFO] [1782503376.010295797] [self_driving]: [1;33m4[0m[0m
[self_driving-10] [0m[INFO] [1782503376.013650352] [self_driving]: DEBUG_DRIVE lane_x=134.5, linear=0.15, linear_y=0.00, angular=-0.10, stop=False, crosswalk_distance=4, start_slow_down=True[0m
[self_driving-10] [0m[INFO] [1782503376.076750741] [self_driving]: [1;33m4[0m[0m
[self_driving-10] [0m[INFO] [1782503376.077905297] [self_driving]: DEBUG_DRIVE lane_x=136.5, linear=0.15, linear_y=0.00, angular=-0.10, stop=False, crosswalk_distance=4, start_slow_down=True[0m
[self_driving-10] [0m[INFO] [1782503376.124384075] [self_driving]: [1;33m4[0m[0m
[self_driving-10] [0m[INFO] [1782503376.127196112] [self_driving]: DEBUG_DRIVE lane_x=134.0, linear=0.15, linear_y=0.00, angular=0.10, stop=False, crosswalk_distance=4, start_slow_down=True[0m
[self_driving-10] [0m[INFO] [1782503376.209370889] [self_driving]: [1;33m4[0m[0m
[self_driving-10] [0m[INFO] [1782503376.214174797] [self_driving]: DEBUG_DRIVE lane_x=131.0, linear=0.15, linear_y=0.00, angular=0.10, stop=False, crosswalk_distance=4, start_slow_down=True[0m
[self_driving-10] [0m[INFO] [1782503376.264258834] [self_driving]: [1;33m4[0m[0m
[self_driving-10] [0m[INFO] [1782503376.267211982] [self_driving]: DEBUG_DRIVE lane_x=129.0, linear=0.15, linear_y=0.00, angular=0.10, stop=False, crosswalk_distance=4, start_slow_down=True[0m
[self_driving-10] [0m[INFO] [1782503376.331304815] [self_driving]: [1;33m4[0m[0m
[self_driving-10] [0m[INFO] [1782503376.332492963] [self_driving]: DEBUG_DRIVE lane_x=132.5, linear=0.15, linear_y=0.00, angular=-0.10, stop=False, crosswalk_distance=4, start_slow_down=True[0m
[self_driving-10] [0m[INFO] [1782503376.357386963] [self_driving]: objects=1[0m
[self_driving-10] [0m[INFO] [1782503376.359940556] [self_driving]: [DET] crosswalk: cx=423, cy=270, box=array('i', [210, 251, 636, 289]), score=0.90[0m
[self_driving-10] [0m[INFO] [1782503376.371814519] [self_driving]: objects=1[0m
[self_driving-10] [0m[INFO] [1782503376.372535074] [self_driving]: [DET] crosswalk: cx=513, cy=3, box=array('i', [386, 0, 640, 6]), score=0.26[0m
[self_driving-10] [0m[INFO] [1782503376.404297037] [self_driving]: [1;33m3[0m[0m
[self_driving-10] [0m[INFO] [1782503376.405372593] [self_driving]: DEBUG_DRIVE lane_x=136.0, linear=0.15, linear_y=0.00, angular=-0.10, stop=False, crosswalk_distance=3, start_slow_down=True[0m
[self_driving-10] [0m[INFO] [1782503376.477548148] [self_driving]: [1;33m3[0m[0m
[self_driving-10] [0m[INFO] [1782503376.480725408] [self_driving]: DEBUG_DRIVE lane_x=139.0, linear=0.15, linear_y=0.00, angular=-0.10, stop=False, crosswalk_distance=3, start_slow_down=True[0m
[self_driving-10] [0m[INFO] [1782503376.533705704] [self_driving]: [1;33m3[0m[0m
[self_driving-10] [0m[INFO] [1782503376.535545000] [self_driving]: DEBUG_DRIVE lane_x=138.5, linear=0.15, linear_y=0.00, angular=-0.10, stop=False, crosswalk_distance=3, start_slow_down=True[0m
[self_driving-10] [0m[INFO] [1782503376.606515426] [self_driving]: [1;33m3[0m[0m
[self_driving-10] [0m[INFO] [1782503376.608143593] [self_driving]: DEBUG_DRIVE lane_x=137.0, linear=0.15, linear_y=0.00, angular=-0.10, stop=False, crosswalk_distance=3, start_slow_down=True[0m
[self_driving-10] [0m[INFO] [1782503376.653647426] [self_driving]: [1;33m3[0m[0m
[self_driving-10] [0m[INFO] [1782503376.655206796] [self_driving]: DEBUG_DRIVE lane_x=134.0, linear=0.15, linear_y=0.00, angular=0.10, stop=False, crosswalk_distance=3, start_slow_down=True[0m
[self_driving-10] [0m[INFO] [1782503376.737526445] [self_driving]: [1;33m3[0m[0m
[self_driving-10] [0m[INFO] [1782503376.738836407] [self_driving]: DEBUG_DRIVE lane_x=126.5, linear=0.15, linear_y=0.00, angular=0.10, stop=False, crosswalk_distance=3, start_slow_down=True[0m
[self_driving-10] [0m[INFO] [1782503376.775232593] [self_driving]: objects=1[0m
[self_driving-10] [0m[INFO] [1782503376.777911907] [self_driving]: [DET] crosswalk: cx=409, cy=287, box=array('i', [184, 263, 634, 311]), score=0.90[0m
[self_driving-10] [0m[INFO] [1782503376.782718315] [self_driving]: objects=1[0m
[self_driving-10] [0m[INFO] [1782503376.787879019] [self_driving]: [DET] crosswalk: cx=306, cy=354, box=array('i', [266, 351, 346, 358]), score=0.25[0m
[self_driving-10] [0m[INFO] [1782503376.821077722] [self_driving]: [1;33m354[0m[0m
[self_driving-10] [0m[INFO] [1782503376.827363870] [self_driving]: DEBUG_DRIVE lane_x=122.5, linear=0.15, linear_y=0.00, angular=0.10, stop=False, crosswalk_distance=354, start_slow_down=True[0m
[self_driving-10] [0m[INFO] [1782503376.880036611] [self_driving]: [1;33m354[0m[0m
[self_driving-10] [0m[INFO] [1782503376.882697019] [self_driving]: DEBUG_DRIVE lane_x=124.0, linear=0.15, linear_y=0.00, angular=0.10, stop=False, crosswalk_distance=354, start_slow_down=True[0m
[self_driving-10] [0m[INFO] [1782503376.932578667] [self_driving]: [1;33m354[0m[0m
[self_driving-10] [0m[INFO] [1782503376.935562167] [self_driving]: DEBUG_DRIVE lane_x=129.0, linear=0.15, linear_y=0.00, angular=-0.10, stop=False, crosswalk_distance=354, start_slow_down=True[0m
[self_driving-10] [0m[INFO] [1782503376.996147963] [self_driving]: [1;33m354[0m[0m
[self_driving-10] [0m[INFO] [1782503376.997526296] [self_driving]: DEBUG_DRIVE lane_x=134.0, linear=0.15, linear_y=0.00, angular=-0.10, stop=False, crosswalk_distance=354, start_slow_down=True[0m
[self_driving-10] [0m[INFO] [1782503377.073175537] [self_driving]: [1;33m354[0m[0m
[self_driving-10] [0m[INFO] [1782503377.074493592] [self_driving]: DEBUG_DRIVE lane_x=137.5, linear=0.15, linear_y=0.00, angular=-0.10, stop=False, crosswalk_distance=354, start_slow_down=True[0m
[self_driving-10] [0m[INFO] [1782503377.126047241] [self_driving]: [1;33m354[0m[0m
[self_driving-10] [0m[INFO] [1782503377.127881555] [self_driving]: DEBUG_DRIVE lane_x=135.0, linear=0.15, linear_y=0.00, angular=-0.10, stop=False, crosswalk_distance=354, start_slow_down=False[0m
[self_driving-10] [0m[INFO] [1782503377.159708074] [self_driving]: objects=1[0m
[self_driving-10] [0m[INFO] [1782503377.162017629] [self_driving]: [DET] crosswalk: cx=400, cy=311, box=array('i', [167, 280, 633, 342]), score=0.92[0m
[self_driving-10] [0m[INFO] [1782503377.171199370] [self_driving]: objects=1[0m
[self_driving-10] [0m[INFO] [1782503377.172145278] [self_driving]: [DET] crosswalk: cx=311, cy=410, box=array('i', [261, 406, 361, 414]), score=0.59[0m
[self_driving-10] [0m[INFO] [1782503377.233002500] [self_driving]: [1;33m410[0m[0m
[self_driving-10] [0m[INFO] [1782503377.237101444] [self_driving]: DEBUG_DRIVE lane_x=133.0, linear=0.30, linear_y=0.00, angular=-0.10, stop=False, crosswalk_distance=410, start_slow_down=False[0m
[self_driving-10] [0m[INFO] [1782503377.276448500] [self_driving]: [1;33m410[0m[0m
[self_driving-10] [0m[INFO] [1782503377.277990185] [self_driving]: DEBUG_DRIVE lane_x=132.5, linear=0.30, linear_y=0.00, angular=-0.10, stop=False, crosswalk_distance=410, start_slow_down=False[0m
[self_driving-10] [0m[INFO] [1782503377.336449926] [self_driving]: [1;33m410[0m[0m
[self_driving-10] [0m[INFO] [1782503377.337682629] [self_driving]: DEBUG_DRIVE lane_x=128.5, linear=0.15, linear_y=0.00, angular=0.10, stop=False, crosswalk_distance=410, start_slow_down=True[0m
[self_driving-10] [0m[INFO] [1782503377.410304074] [self_driving]: [1;33m410[0m[0m
[self_driving-10] [0m[INFO] [1782503377.412272870] [self_driving]: DEBUG_DRIVE lane_x=132.5, linear=0.15, linear_y=0.00, angular=-0.10, stop=False, crosswalk_distance=410, start_slow_down=True[0m
[self_driving-10] [0m[INFO] [1782503377.491185703] [self_driving]: [1;33m410[0m[0m
[self_driving-10] [0m[INFO] [1782503377.496069111] [self_driving]: DEBUG_DRIVE lane_x=133.0, linear=0.15, linear_y=0.00, angular=-0.10, stop=False, crosswalk_distance=410, start_slow_down=True[0m
[self_driving-10] [0m[INFO] [1782503377.533491426] [self_driving]: [1;33m410[0m[0m
[self_driving-10] [0m[INFO] [1782503377.537318796] [self_driving]: DEBUG_DRIVE lane_x=128.5, linear=0.15, linear_y=0.00, angular=0.10, stop=False, crosswalk_distance=410, start_slow_down=True[0m
[self_driving-10] [0m[INFO] [1782503377.600817518] [self_driving]: [1;33m410[0m[0m
[self_driving-10] [0m[INFO] [1782503377.601949703] [self_driving]: DEBUG_DRIVE lane_x=128.5, linear=0.15, linear_y=0.00, angular=0.10, stop=False, crosswalk_distance=410, start_slow_down=True[0m
[self_driving-10] [0m[INFO] [1782503377.615901574] [self_driving]: objects=1[0m
[self_driving-10] [0m[INFO] [1782503377.618725407] [self_driving]: [DET] crosswalk: cx=386, cy=347, box=array('i', [136, 303, 637, 392]), score=0.90[0m
[self_driving-10] [0m[INFO] [1782503377.679719944] [self_driving]: [1;33m347[0m[0m
[self_driving-10] [0m[INFO] [1782503377.681891462] [self_driving]: DEBUG_DRIVE lane_x=131.5, linear=0.15, linear_y=0.00, angular=-0.10, stop=False, crosswalk_distance=347, start_slow_down=True[0m
[self_driving-10] [0m[INFO] [1782503377.752499388] [self_driving]: [1;33m347[0m[0m
[self_driving-10] [0m[INFO] [1782503377.756241851] [self_driving]: DEBUG_DRIVE lane_x=130.0, linear=0.15, linear_y=0.00, angular=0.10, stop=False, crosswalk_distance=347, start_slow_down=True[0m
[self_driving-10] [0m[INFO] [1782503377.810232444] [self_driving]: [1;33m347[0m[0m
[self_driving-10] [0m[INFO] [1782503377.812346833] [self_driving]: DEBUG_DRIVE lane_x=132.0, linear=0.15, linear_y=0.00, angular=-0.10, stop=False, crosswalk_distance=347, start_slow_down=True[0m
[self_driving-10] [0m[INFO] [1782503377.889618407] [self_driving]: [1;33m347[0m[0m
[self_driving-10] [0m[INFO] [1782503377.892134796] [self_driving]: DEBUG_DRIVE lane_x=136.0, linear=0.15, linear_y=0.00, angular=-0.10, stop=False, crosswalk_distance=347, start_slow_down=True[0m
[self_driving-10] [0m[INFO] [1782503377.947208592] [self_driving]: [1;33m347[0m[0m
[self_driving-10] [0m[INFO] [1782503377.948435314] [self_driving]: DEBUG_DRIVE lane_x=141.0, linear=0.15, linear_y=0.00, angular=-0.10, stop=False, crosswalk_distance=347, start_slow_down=True[0m
[self_driving-10] [0m[INFO] [1782503378.017697703] [self_driving]: [1;33m347[0m[0m
[self_driving-10] [0m[INFO] [1782503378.019383592] [self_driving]: DEBUG_DRIVE lane_x=134.0, linear=0.15, linear_y=0.00, angular=0.10, stop=False, crosswalk_distance=347, start_slow_down=True[0m
[self_driving-10] [0m[INFO] [1782503378.050528129] [self_driving]: objects=1[0m
[self_driving-10] [0m[INFO] [1782503378.051432981] [self_driving]: [DET] crosswalk: cx=332, cy=409, box=array('i', [25, 339, 640, 480]), score=0.89[0m
[self_driving-10] [0m[INFO] [1782503378.084787647] [self_driving]: [1;33m409[0m[0m
[self_driving-10] [0m[INFO] [1782503378.089106259] [self_driving]: DEBUG_DRIVE lane_x=131.5, linear=0.15, linear_y=0.00, angular=0.10, stop=False, crosswalk_distance=409, start_slow_down=True[0m
[self_driving-10] [0m[INFO] [1782503378.158051314] [self_driving]: [1;33m409[0m[0m
[self_driving-10] [0m[INFO] [1782503378.160232277] [self_driving]: DEBUG_DRIVE lane_x=126.0, linear=0.15, linear_y=0.00, angular=0.10, stop=False, crosswalk_distance=409, start_slow_down=True[0m
[self_driving-10] [0m[INFO] [1782503378.214331814] [self_driving]: [1;33m409[0m[0m
[self_driving-10] [0m[INFO] [1782503378.216068814] [self_driving]: DEBUG_DRIVE lane_x=126.5, linear=0.15, linear_y=0.00, angular=0.10, stop=False, crosswalk_distance=409, start_slow_down=True[0m
[self_driving-10] [0m[INFO] [1782503378.277805018] [self_driving]: [1;33m409[0m[0m
[self_driving-10] [0m[INFO] [1782503378.283114999] [self_driving]: DEBUG_DRIVE lane_x=130.0, linear=0.15, linear_y=0.00, angular=-0.10, stop=False, crosswalk_distance=409, start_slow_down=True[0m
[self_driving-10] [0m[INFO] [1782503378.346474851] [self_driving]: [1;33m409[0m[0m
[self_driving-10] [0m[INFO] [1782503378.349652999] [self_driving]: DEBUG_DRIVE lane_x=130.5, linear=0.15, linear_y=0.00, angular=-0.10, stop=False, crosswalk_distance=409, start_slow_down=True[0m
[self_driving-10] [0m[INFO] [1782503378.416203703] [self_driving]: [1;33m409[0m[0m
[self_driving-10] [0m[INFO] [1782503378.417874314] [self_driving]: DEBUG_DRIVE lane_x=135.0, linear=0.15, linear_y=0.00, angular=-0.10, stop=False, crosswalk_distance=409, start_slow_down=True[0m
[self_driving-10] [0m[INFO] [1782503378.454407147] [self_driving]: objects=1[0m
[self_driving-10] [0m[INFO] [1782503378.455517129] [self_driving]: [DET] crosswalk: cx=327, cy=440, box=array('i', [16, 400, 638, 480]), score=0.92[0m
[self_driving-10] [0m[INFO] [1782503378.469512277] [self_driving]: [1;33m440[0m[0m
[self_driving-10] [0m[INFO] [1782503378.472111277] [self_driving]: DEBUG_DRIVE lane_x=131.5, linear=0.15, linear_y=0.00, angular=0.10, stop=False, crosswalk_distance=440, start_slow_down=True[0m
[self_driving-10] [0m[INFO] [1782503378.562945629] [self_driving]: [1;33m440[0m[0m
[self_driving-10] [0m[INFO] [1782503378.564174610] [self_driving]: DEBUG_DRIVE lane_x=131.0, linear=0.15, linear_y=0.00, angular=-0.10, stop=False, crosswalk_distance=440, start_slow_down=True[0m
[self_driving-10] [0m[INFO] [1782503378.627165795] [self_driving]: [1;33m440[0m[0m
[self_driving-10] [0m[INFO] [1782503378.628287740] [self_driving]: DEBUG_DRIVE lane_x=128.5, linear=0.15, linear_y=0.00, angular=0.10, stop=False, crosswalk_distance=440, start_slow_down=True[0m
[self_driving-10] [0m[INFO] [1782503378.670809221] [self_driving]: [1;33m440[0m[0m
[self_driving-10] [0m[INFO] [1782503378.674280147] [self_driving]: DEBUG_DRIVE lane_x=130.5, linear=0.15, linear_y=0.00, angular=-0.10, stop=False, crosswalk_distance=440, start_slow_down=True[0m
[self_driving-10] [0m[INFO] [1782503378.751037406] [self_driving]: [1;33m440[0m[0m
[self_driving-10] [0m[INFO] [1782503378.755885221] [self_driving]: DEBUG_DRIVE lane_x=131.0, linear=0.15, linear_y=0.00, angular=-0.10, stop=False, crosswalk_distance=440, start_slow_down=True[0m
[self_driving-10] [0m[INFO] [1782503378.819752573] [self_driving]: [1;33m440[0m[0m
[self_driving-10] [0m[INFO] [1782503378.823739073] [self_driving]: DEBUG_DRIVE lane_x=131.0, linear=0.15, linear_y=0.00, angular=-0.10, stop=False, crosswalk_distance=440, start_slow_down=True[0m
[self_driving-10] [0m[INFO] [1782503378.905992406] [self_driving]: [1;33m440[0m[0m
[self_driving-10] [0m[INFO] [1782503378.908021202] [self_driving]: DEBUG_DRIVE lane_x=126.5, linear=0.15, linear_y=0.00, angular=0.10, stop=False, crosswalk_distance=440, start_slow_down=True[0m
[self_driving-10] [0m[INFO] [1782503378.955975017] [self_driving]: [1;33m440[0m[0m
[self_driving-10] [0m[INFO] [1782503378.957543073] [self_driving]: DEBUG_DRIVE lane_x=123.5, linear=0.15, linear_y=0.00, angular=0.10, stop=False, crosswalk_distance=440, start_slow_down=True[0m
[self_driving-10] [0m[INFO] [1782503379.020659351] [self_driving]: [1;33m440[0m[0m
[self_driving-10] [0m[INFO] [1782503379.022449517] [self_driving]: DEBUG_DRIVE lane_x=120.0, linear=0.15, linear_y=0.00, angular=0.10, stop=False, crosswalk_distance=440, start_slow_down=True[0m
[self_driving-10] [0m[INFO] [1782503379.086072054] [self_driving]: [1;33m440[0m[0m
[self_driving-10] [0m[INFO] [1782503379.090455776] [self_driving]: DEBUG_DRIVE lane_x=119.5, linear=0.15, linear_y=0.00, angular=0.10, stop=False, crosswalk_distance=440, start_slow_down=True[0m
[self_driving-10] [0m[INFO] [1782503379.148090962] [self_driving]: [1;33m440[0m[0m
[self_driving-10] [0m[INFO] [1782503379.150057999] [self_driving]: DEBUG_DRIVE lane_x=123.5, linear=0.15, linear_y=0.00, angular=0.10, stop=False, crosswalk_distance=440, start_slow_down=True[0m
[self_driving-10] [0m[INFO] [1782503379.224242647] [self_driving]: [1;33m440[0m[0m
[self_driving-10] [0m[INFO] [1782503379.228503332] [self_driving]: DEBUG_DRIVE lane_x=125.5, linear=0.15, linear_y=0.00, angular=0.10, stop=False, crosswalk_distance=440, start_slow_down=True[0m
[self_driving-10] [0m[INFO] [1782503379.304162739] [self_driving]: [1;33m440[0m[0m
[self_driving-10] [0m[INFO] [1782503379.308923239] [self_driving]: DEBUG_DRIVE lane_x=126.5, linear=0.15, linear_y=0.00, angular=0.10, stop=False, crosswalk_distance=440, start_slow_down=True[0m
[self_driving-10] [0m[INFO] [1782503379.360681480] [self_driving]: [1;33m440[0m[0m
[self_driving-10] [0m[INFO] [1782503379.362066573] [self_driving]: DEBUG_DRIVE lane_x=133.5, linear=0.15, linear_y=0.00, angular=-0.10, stop=False, crosswalk_distance=440, start_slow_down=True[0m
[self_driving-10] [0m[INFO] [1782503379.431574443] [self_driving]: [1;33m440[0m[0m
[self_driving-10] [0m[INFO] [1782503379.433481813] [self_driving]: DEBUG_DRIVE lane_x=135.5, linear=0.15, linear_y=0.00, angular=-0.10, stop=False, crosswalk_distance=440, start_slow_down=True[0m
[self_driving-10] [0m[INFO] [1782503379.490057610] [self_driving]: [1;33m440[0m[0m
[self_driving-10] [0m[INFO] [1782503379.493104073] [self_driving]: DEBUG_DRIVE lane_x=139.5, linear=0.15, linear_y=0.00, angular=-0.10, stop=False, crosswalk_distance=440, start_slow_down=True[0m
[self_driving-10] [0m[INFO] [1782503379.556734572] [self_driving]: [1;33m440[0m[0m
[self_driving-10] [0m[INFO] [1782503379.558008369] [self_driving]: DEBUG_DRIVE lane_x=137.0, linear=0.15, linear_y=0.00, angular=-0.10, stop=False, crosswalk_distance=440, start_slow_down=True[0m
[self_driving-10] [0m[INFO] [1782503379.624401869] [self_driving]: [1;33m440[0m[0m
[self_driving-10] [0m[INFO] [1782503379.627890850] [self_driving]: DEBUG_DRIVE lane_x=132.0, linear=0.15, linear_y=0.00, angular=0.10, stop=False, crosswalk_distance=440, start_slow_down=True[0m
[self_driving-10] [0m[INFO] [1782503379.711648480] [self_driving]: [1;33m440[0m[0m
[self_driving-10] [0m[INFO] [1782503379.716057850] [self_driving]: DEBUG_DRIVE lane_x=137.5, linear=0.15, linear_y=0.00, angular=-0.10, stop=False, crosswalk_distance=440, start_slow_down=True[0m
[self_driving-10] [0m[INFO] [1782503379.773348146] [self_driving]: [1;33m440[0m[0m
[self_driving-10] [0m[INFO] [1782503379.777040795] [self_driving]: DEBUG_DRIVE lane_x=136.0, linear=0.15, linear_y=0.00, angular=-0.10, stop=False, crosswalk_distance=440, start_slow_down=True[0m
[self_driving-10] [0m[INFO] [1782503379.823876683] [self_driving]: [1;33m440[0m[0m
[self_driving-10] [0m[INFO] [1782503379.826718128] [self_driving]: DEBUG_DRIVE lane_x=141.0, linear=0.15, linear_y=0.00, angular=-0.10, stop=False, crosswalk_distance=440, start_slow_down=True[0m
[self_driving-10] [0m[INFO] [1782503379.904410813] [self_driving]: [1;33m440[0m[0m
[self_driving-10] [0m[INFO] [1782503379.905523517] [self_driving]: DEBUG_DRIVE lane_x=138.0, linear=0.15, linear_y=0.00, angular=-0.10, stop=False, crosswalk_distance=440, start_slow_down=True[0m
[self_driving-10] [0m[INFO] [1782503379.962956294] [self_driving]: [1;33m440[0m[0m
[self_driving-10] [0m[INFO] [1782503379.964729609] [self_driving]: DEBUG_DRIVE lane_x=138.0, linear=0.15, linear_y=0.00, angular=-0.10, stop=False, crosswalk_distance=440, start_slow_down=True[0m
[self_driving-10] [0m[INFO] [1782503380.027853757] [self_driving]: [1;33m440[0m[0m
[self_driving-10] [0m[INFO] [1782503380.029438498] [self_driving]: DEBUG_DRIVE lane_x=135.5, linear=0.15, linear_y=0.00, angular=-0.10, stop=False, crosswalk_distance=440, start_slow_down=False[0m
[self_driving-10] [0m[INFO] [1782503380.087896980] [self_driving]: [1;33m440[0m[0m
[self_driving-10] [0m[INFO] [1782503380.089802813] [self_driving]: DEBUG_DRIVE lane_x=132.5, linear=0.30, linear_y=0.00, angular=0.10, stop=False, crosswalk_distance=440, start_slow_down=False[0m
[self_driving-10] [0m[INFO] [1782503380.169323702] [self_driving]: [1;33m440[0m[0m
[self_driving-10] [0m[INFO] [1782503380.177316109] [self_driving]: DEBUG_DRIVE lane_x=130.5, linear=0.30, linear_y=0.00, angular=0.10, stop=False, crosswalk_distance=440, start_slow_down=False[0m
[self_driving-10] [0m[INFO] [1782503380.235228350] [self_driving]: [1;33m440[0m[0m
[self_driving-10] [0m[INFO] [1782503380.237018202] [self_driving]: DEBUG_DRIVE lane_x=128.0, linear=0.15, linear_y=0.00, angular=0.10, stop=False, crosswalk_distance=440, start_slow_down=True[0m
[self_driving-10] [0m[INFO] [1782503380.292494276] [self_driving]: [1;33m440[0m[0m
[self_driving-10] [0m[INFO] [1782503380.296400239] [self_driving]: DEBUG_DRIVE lane_x=130.5, linear=0.15, linear_y=0.00, angular=-0.10, stop=False, crosswalk_distance=440, start_slow_down=True[0m
[self_driving-10] [0m[INFO] [1782503380.365059720] [self_driving]: [1;33m440[0m[0m
[self_driving-10] [0m[INFO] [1782503380.368039165] [self_driving]: DEBUG_DRIVE lane_x=132.5, linear=0.15, linear_y=0.00, angular=-0.10, stop=False, crosswalk_distance=440, start_slow_down=True[0m
[self_driving-10] [0m[INFO] [1782503380.435213016] [self_driving]: [1;33m440[0m[0m
[self_driving-10] [0m[INFO] [1782503380.438043313] [self_driving]: DEBUG_DRIVE lane_x=136.5, linear=0.15, linear_y=0.00, angular=-0.10, stop=False, crosswalk_distance=440, start_slow_down=True[0m
[self_driving-10] [0m[INFO] [1782503380.495693220] [self_driving]: [1;33m440[0m[0m
[self_driving-10] [0m[INFO] [1782503380.496818924] [self_driving]: DEBUG_DRIVE lane_x=139.5, linear=0.15, linear_y=0.00, angular=-0.10, stop=False, crosswalk_distance=440, start_slow_down=True[0m
[self_driving-10] [0m[INFO] [1782503380.569163535] [self_driving]: [1;33m440[0m[0m
[self_driving-10] [0m[INFO] [1782503380.572657942] [self_driving]: DEBUG_DRIVE lane_x=138.0, linear=0.15, linear_y=0.00, angular=-0.10, stop=False, crosswalk_distance=440, start_slow_down=True[0m
[self_driving-10] [0m[INFO] [1782503380.639713609] [self_driving]: [1;33m440[0m[0m
[self_driving-10] [0m[INFO] [1782503380.653295461] [self_driving]: DEBUG_DRIVE lane_x=139.0, linear=0.15, linear_y=0.00, angular=-0.10, stop=False, crosswalk_distance=440, start_slow_down=True[0m
[self_driving-10] [0m[INFO] [1782503380.714191238] [self_driving]: [1;33m440[0m[0m
[self_driving-10] [0m[INFO] [1782503380.715773387] [self_driving]: DEBUG_DRIVE lane_x=137.5, linear=0.15, linear_y=0.00, angular=-0.10, stop=False, crosswalk_distance=440, start_slow_down=True[0m
[self_driving-10] [0m[INFO] [1782503380.769732627] [self_driving]: [1;33m440[0m[0m
[self_driving-10] [0m[INFO] [1782503380.773107794] [self_driving]: DEBUG_DRIVE lane_x=136.5, linear=0.15, linear_y=0.00, angular=-0.10, stop=False, crosswalk_distance=440, start_slow_down=True[0m
[self_driving-10] [0m[INFO] [1782503380.829269831] [self_driving]: [1;33m440[0m[0m
[self_driving-10] [0m[INFO] [1782503380.830500849] [self_driving]: DEBUG_DRIVE lane_x=131.5, linear=0.15, linear_y=0.00, angular=0.10, stop=False, crosswalk_distance=440, start_slow_down=True[0m
[self_driving-10] [0m[INFO] [1782503380.894464942] [self_driving]: [1;33m440[0m[0m
[self_driving-10] [0m[INFO] [1782503380.895905220] [self_driving]: DEBUG_DRIVE lane_x=131.0, linear=0.15, linear_y=0.00, angular=-0.10, stop=False, crosswalk_distance=440, start_slow_down=True[0m
[self_driving-10] [0m[INFO] [1782503380.969074368] [self_driving]: [1;33m440[0m[0m
[self_driving-10] [0m[INFO] [1782503380.970534998] [self_driving]: DEBUG_DRIVE lane_x=130.5, linear=0.15, linear_y=0.00, angular=0.03, stop=False, crosswalk_distance=440, start_slow_down=True[0m
[self_driving-10] [0m[INFO] [1782503381.058660053] [self_driving]: [1;33m440[0m[0m
[self_driving-10] [0m[INFO] [1782503381.061219442] [self_driving]: DEBUG_DRIVE lane_x=129.0, linear=0.15, linear_y=0.00, angular=0.10, stop=False, crosswalk_distance=440, start_slow_down=True[0m
[self_driving-10] [0m[INFO] [1782503381.113432627] [self_driving]: [1;33m440[0m[0m
[self_driving-10] [0m[INFO] [1782503381.116063479] [self_driving]: DEBUG_DRIVE lane_x=115.0, linear=0.15, linear_y=0.00, angular=0.10, stop=False, crosswalk_distance=440, start_slow_down=True[0m
[self_driving-10] [0m[INFO] [1782503381.170027405] [self_driving]: [1;33m440[0m[0m
[self_driving-10] [0m[INFO] [1782503381.172772572] [self_driving]: DEBUG_DRIVE lane_x=112.0, linear=0.15, linear_y=0.00, angular=0.10, stop=False, crosswalk_distance=440, start_slow_down=True[0m
[self_driving-10] [0m[INFO] [1782503381.231927997] [self_driving]: [1;33m440[0m[0m
[self_driving-10] [0m[INFO] [1782503381.238731979] [self_driving]: DEBUG_DRIVE lane_x=113.0, linear=0.15, linear_y=0.00, angular=0.10, stop=False, crosswalk_distance=440, start_slow_down=True[0m
[self_driving-10] [0m[INFO] [1782503381.292321738] [self_driving]: [1;33m440[0m[0m
[self_driving-10] [0m[INFO] [1782503381.293689534] [self_driving]: DEBUG_DRIVE lane_x=115.5, linear=0.15, linear_y=0.00, angular=0.10, stop=False, crosswalk_distance=440, start_slow_down=True[0m
[self_driving-10] [0m[INFO] [1782503381.360876238] [self_driving]: [1;33m440[0m[0m
[self_driving-10] [0m[INFO] [1782503381.363352960] [self_driving]: DEBUG_DRIVE lane_x=119.0, linear=0.15, linear_y=0.00, angular=0.10, stop=False, crosswalk_distance=440, start_slow_down=True[0m
[self_driving-10] [0m[INFO] [1782503381.422944645] [self_driving]: [1;33m440[0m[0m
[self_driving-10] [0m[INFO] [1782503381.424298368] [self_driving]: DEBUG_DRIVE lane_x=123.5, linear=0.15, linear_y=0.00, angular=0.10, stop=False, crosswalk_distance=440, start_slow_down=True[0m
[self_driving-10] [0m[INFO] [1782503381.527198145] [self_driving]: [1;33m440[0m[0m
[self_driving-10] [0m[INFO] [1782503381.538388219] [self_driving]: DEBUG_DRIVE lane_x=124.5, linear=0.15, linear_y=0.00, angular=0.10, stop=False, crosswalk_distance=440, start_slow_down=True[0m
[self_driving-10] [0m[INFO] [1782503381.578625034] [self_driving]: [1;33m440[0m[0m
[self_driving-10] [0m[INFO] [1782503381.580711664] [self_driving]: DEBUG_DRIVE lane_x=125.0, linear=0.15, linear_y=0.00, angular=0.10, stop=False, crosswalk_distance=440, start_slow_down=True[0m
[self_driving-10] [0m[INFO] [1782503381.649140219] [self_driving]: [1;33m440[0m[0m
[self_driving-10] [0m[INFO] [1782503381.650455756] [self_driving]: DEBUG_DRIVE lane_x=129.5, linear=0.15, linear_y=0.00, angular=-0.10, stop=False, crosswalk_distance=440, start_slow_down=True[0m
[self_driving-10] [0m[INFO] [1782503381.718483090] [self_driving]: [1;33m440[0m[0m
[self_driving-10] [0m[INFO] [1782503381.720154127] [self_driving]: DEBUG_DRIVE lane_x=134.5, linear=0.15, linear_y=0.00, angular=-0.10, stop=False, crosswalk_distance=440, start_slow_down=True[0m
[self_driving-10] [0m[INFO] [1782503381.779167719] [self_driving]: [1;33m440[0m[0m
[self_driving-10] [0m[INFO] [1782503381.780471793] [self_driving]: DEBUG_DRIVE lane_x=136.0, linear=0.15, linear_y=0.00, angular=-0.10, stop=False, crosswalk_distance=440, start_slow_down=True[0m
[self_driving-10] [0m[INFO] [1782503381.840808127] [self_driving]: [1;33m440[0m[0m
[self_driving-10] [0m[INFO] [1782503381.842794108] [self_driving]: DEBUG_DRIVE lane_x=135.0, linear=0.15, linear_y=0.00, angular=-0.10, stop=False, crosswalk_distance=440, start_slow_down=True[0m
[self_driving-10] [0m[INFO] [1782503381.907001016] [self_driving]: [1;33m440[0m[0m
[self_driving-10] [0m[INFO] [1782503381.908048219] [self_driving]: DEBUG_DRIVE lane_x=131.0, linear=0.15, linear_y=0.00, angular=0.10, stop=False, crosswalk_distance=440, start_slow_down=True[0m
[self_driving-10] [0m[INFO] [1782503381.997572015] [self_driving]: [1;33m440[0m[0m
[self_driving-10] [0m[INFO] [1782503382.002444756] [self_driving]: DEBUG_DRIVE lane_x=124.0, linear=0.15, linear_y=0.00, angular=0.10, stop=False, crosswalk_distance=440, start_slow_down=True[0m
[self_driving-10] [0m[INFO] [1782503382.049509238] [self_driving]: [1;33m440[0m[0m
[self_driving-10] [0m[INFO] [1782503382.050701904] [self_driving]: DEBUG_DRIVE lane_x=117.5, linear=0.15, linear_y=0.00, angular=0.10, stop=False, crosswalk_distance=440, start_slow_down=True[0m
[self_driving-10] [0m[INFO] [1782503382.117060571] [self_driving]: [1;33m440[0m[0m
[self_driving-10] [0m[INFO] [1782503382.118110460] [self_driving]: DEBUG_DRIVE lane_x=116.0, linear=0.15, linear_y=0.00, angular=0.10, stop=False, crosswalk_distance=440, start_slow_down=True[0m
[self_driving-10] [0m[INFO] [1782503382.173854460] [self_driving]: [1;33m440[0m[0m
[self_driving-10] [0m[INFO] [1782503382.177020238] [self_driving]: DEBUG_DRIVE lane_x=117.5, linear=0.15, linear_y=0.00, angular=0.10, stop=False, crosswalk_distance=440, start_slow_down=True[0m
[self_driving-10] [0m[INFO] [1782503382.233589256] [self_driving]: [1;33m440[0m[0m
[self_driving-10] [0m[INFO] [1782503382.235096626] [self_driving]: DEBUG_DRIVE lane_x=117.0, linear=0.15, linear_y=0.00, angular=0.10, stop=False, crosswalk_distance=440, start_slow_down=True[0m
[self_driving-10] [0m[INFO] [1782503382.316668626] [self_driving]: [1;33m440[0m[0m
[self_driving-10] [0m[INFO] [1782503382.317904793] [self_driving]: DEBUG_DRIVE lane_x=128.5, linear=0.15, linear_y=0.00, angular=-0.10, stop=False, crosswalk_distance=440, start_slow_down=True[0m
[self_driving-10] [0m[INFO] [1782503382.371300015] [self_driving]: [1;33m440[0m[0m
[self_driving-10] [0m[INFO] [1782503382.374576163] [self_driving]: DEBUG_DRIVE lane_x=134.5, linear=0.15, linear_y=0.00, angular=-0.10, stop=False, crosswalk_distance=440, start_slow_down=True[0m
[self_driving-10] [0m[INFO] [1782503382.464827904] [self_driving]: [1;33m440[0m[0m
[self_driving-10] [0m[INFO] [1782503382.466594478] [self_driving]: DEBUG_DRIVE lane_x=134.5, linear=0.15, linear_y=0.00, angular=-0.10, stop=False, crosswalk_distance=440, start_slow_down=True[0m
[self_driving-10] [0m[INFO] [1782503382.520231071] [self_driving]: [1;33m440[0m[0m
[self_driving-10] [0m[INFO] [1782503382.523107756] [self_driving]: DEBUG_DRIVE lane_x=139.0, linear=0.15, linear_y=0.00, angular=-0.10, stop=False, crosswalk_distance=440, start_slow_down=True[0m
[self_driving-10] [0m[INFO] [1782503382.590685237] [self_driving]: [1;33m440[0m[0m
[self_driving-10] [0m[INFO] [1782503382.592127737] [self_driving]: DEBUG_DRIVE lane_x=137.0, linear=0.15, linear_y=0.00, angular=-0.10, stop=False, crosswalk_distance=440, start_slow_down=True[0m
[self_driving-10] [0m[INFO] [1782503382.635681219] [self_driving]: [1;33m440[0m[0m
[self_driving-10] [0m[INFO] [1782503382.638090478] [self_driving]: DEBUG_DRIVE lane_x=141.0, linear=0.15, linear_y=0.00, angular=-0.10, stop=False, crosswalk_distance=440, start_slow_down=True[0m
[self_driving-10] [0m[INFO] [1782503382.728215959] [self_driving]: [1;33m440[0m[0m
[self_driving-10] [0m[INFO] [1782503382.729465034] [self_driving]: DEBUG_DRIVE lane_x=137.0, linear=0.15, linear_y=0.00, angular=-0.10, stop=False, crosswalk_distance=440, start_slow_down=True[0m
[self_driving-10] [0m[INFO] [1782503382.769948256] [self_driving]: [1;33m440[0m[0m
[self_driving-10] [0m[INFO] [1782503382.774947626] [self_driving]: DEBUG_DRIVE lane_x=137.0, linear=0.15, linear_y=0.00, angular=-0.10, stop=False, crosswalk_distance=440, start_slow_down=True[0m
[self_driving-10] [0m[INFO] [1782503382.857545033] [self_driving]: [1;33m440[0m[0m
[self_driving-10] [0m[INFO] [1782503382.864841367] [self_driving]: DEBUG_DRIVE lane_x=134.0, linear=0.15, linear_y=0.00, angular=-0.10, stop=False, crosswalk_distance=440, start_slow_down=True[0m
[self_driving-10] [0m[INFO] [1782503382.917974793] [self_driving]: [1;33m440[0m[0m
[self_driving-10] [0m[INFO] [1782503382.923864163] [self_driving]: DEBUG_DRIVE lane_x=133.5, linear=0.15, linear_y=0.00, angular=-0.10, stop=False, crosswalk_distance=440, start_slow_down=False[0m
[self_driving-10] [0m[INFO] [1782503382.986116663] [self_driving]: [1;33m440[0m[0m
[self_driving-10] [0m[INFO] [1782503382.989567922] [self_driving]: DEBUG_DRIVE lane_x=132.0, linear=0.30, linear_y=0.00, angular=-0.09, stop=False, crosswalk_distance=440, start_slow_down=False[0m
[self_driving-10] [0m[INFO] [1782503383.049989089] [self_driving]: [1;33m440[0m[0m
[self_driving-10] [0m[INFO] [1782503383.053963682] [self_driving]: DEBUG_DRIVE lane_x=137.5, linear=0.30, linear_y=0.00, angular=-0.10, stop=False, crosswalk_distance=440, start_slow_down=False[0m
[self_driving-10] [0m[INFO] [1782503383.107372478] [self_driving]: [1;33m440[0m[0m
[self_driving-10] [0m[INFO] [1782503383.109257274] [self_driving]: DEBUG_DRIVE lane_x=152.5, linear=0.15, linear_y=0.00, angular=-0.10, stop=False, crosswalk_distance=440, start_slow_down=True[0m
[self_driving-10] [0m[INFO] [1782503383.187562681] [self_driving]: [1;33m440[0m[0m
[self_driving-10] [0m[INFO] [1782503383.189705496] [self_driving]: DEBUG_DRIVE lane_x=176.5, linear=0.15, linear_y=0.00, angular=-0.10, stop=False, crosswalk_distance=440, start_slow_down=True[0m
[self_driving-10] [0m[INFO] [1782503383.275700367] [self_driving]: [1;33m440[0m[0m
[self_driving-10] [0m[INFO] [1782503383.278870885] [self_driving]: DEBUG_DRIVE lane_x=181.5, linear=0.15, linear_y=0.00, angular=-0.10, stop=False, crosswalk_distance=440, start_slow_down=True[0m
[self_driving-10] [0m[INFO] [1782503383.308640441] [self_driving]: [1;33m440[0m[0m
[self_driving-10] [0m[INFO] [1782503383.309925533] [self_driving]: DEBUG_DRIVE lane_x=204.5, linear=0.15, linear_y=0.00, angular=-0.45, stop=False, crosswalk_distance=440, start_slow_down=True[0m
[self_driving-10] [0m[INFO] [1782503383.391081866] [self_driving]: [1;33m440[0m[0m
[self_driving-10] [0m[INFO] [1782503383.396655163] [self_driving]: DEBUG_DRIVE lane_x=208.0, linear=0.15, linear_y=0.00, angular=-0.45, stop=False, crosswalk_distance=440, start_slow_down=True[0m
[self_driving-10] [0m[INFO] [1782503383.446215237] [self_driving]: [1;33m440[0m[0m
[self_driving-10] [0m[INFO] [1782503383.448623589] [self_driving]: DEBUG_DRIVE lane_x=205.0, linear=0.15, linear_y=0.00, angular=-0.45, stop=False, crosswalk_distance=440, start_slow_down=True[0m
[self_driving-10] [0m[INFO] [1782503383.523991570] [self_driving]: [1;33m440[0m[0m
[self_driving-10] [0m[INFO] [1782503383.528477515] [self_driving]: DEBUG_DRIVE lane_x=206.5, linear=0.15, linear_y=0.00, angular=-0.45, stop=False, crosswalk_distance=440, start_slow_down=True[0m
[self_driving-10] [0m[INFO] [1782503383.586365292] [self_driving]: [1;33m440[0m[0m
[self_driving-10] [0m[INFO] [1782503383.587450385] [self_driving]: DEBUG_DRIVE lane_x=207.0, linear=0.15, linear_y=0.00, angular=-0.45, stop=False, crosswalk_distance=440, start_slow_down=True[0m
[self_driving-10] [0m[INFO] [1782503383.671352681] [self_driving]: [1;33m440[0m[0m
[self_driving-10] [0m[INFO] [1782503383.672425107] [self_driving]: DEBUG_DRIVE lane_x=199.5, linear=0.15, linear_y=0.00, angular=-0.10, stop=False, crosswalk_distance=440, start_slow_down=True[0m
[self_driving-10] [0m[INFO] [1782503383.723708070] [self_driving]: [1;33m440[0m[0m
[self_driving-10] [0m[INFO] [1782503383.727213663] [self_driving]: DEBUG_DRIVE lane_x=197.0, linear=0.15, linear_y=0.00, angular=-0.10, stop=False, crosswalk_distance=440, start_slow_down=True[0m
[self_driving-10] [0m[INFO] [1782503383.800245292] [self_driving]: [1;33m440[0m[0m
[self_driving-10] [0m[INFO] [1782503383.804036440] [self_driving]: DEBUG_DRIVE lane_x=189.5, linear=0.15, linear_y=0.00, angular=-0.10, stop=False, crosswalk_distance=440, start_slow_down=True[0m
[self_driving-10] [0m[INFO] [1782503383.844714977] [self_driving]: [1;33m440[0m[0m
[self_driving-10] [0m[INFO] [1782503383.847522459] [self_driving]: DEBUG_DRIVE lane_x=205.0, linear=0.15, linear_y=0.00, angular=-0.45, stop=False, crosswalk_distance=440, start_slow_down=True[0m
[self_driving-10] [0m[INFO] [1782503383.936761885] [self_driving]: [1;33m440[0m[0m
[self_driving-10] [0m[INFO] [1782503383.938803237] [self_driving]: DEBUG_DRIVE lane_x=209.5, linear=0.15, linear_y=0.00, angular=-0.45, stop=False, crosswalk_distance=440, start_slow_down=True[0m
[self_driving-10] [0m[INFO] [1782503383.978001292] [self_driving]: [1;33m440[0m[0m
[self_driving-10] [0m[INFO] [1782503383.978998588] [self_driving]: DEBUG_DRIVE lane_x=258.5, linear=0.15, linear_y=0.00, angular=-0.45, stop=False, crosswalk_distance=440, start_slow_down=True[0m
[self_driving-10] [0m[INFO] [1782503384.061880273] [self_driving]: [1;33m440[0m[0m
[self_driving-10] [0m[INFO] [1782503384.063253551] [self_driving]: DEBUG_DRIVE lane_x=266.0, linear=0.15, linear_y=0.00, angular=-0.45, stop=False, crosswalk_distance=440, start_slow_down=True[0m
[self_driving-10] [0m[INFO] [1782503384.116723829] [self_driving]: [1;33m440[0m[0m
[self_driving-10] [0m[INFO] [1782503384.118967792] [self_driving]: DEBUG_DRIVE lane_x=72.5, linear=0.15, linear_y=0.00, angular=0.10, stop=False, crosswalk_distance=440, start_slow_down=True[0m
[self_driving-10] [0m[INFO] [1782503384.198791496] [self_driving]: [1;33m440[0m[0m
[self_driving-10] [0m[INFO] [1782503384.200021181] [self_driving]: DEBUG_DRIVE lane_x=72.0, linear=0.15, linear_y=0.00, angular=0.10, stop=False, crosswalk_distance=440, start_slow_down=True[0m
[self_driving-10] [0m[INFO] [1782503384.269701681] [self_driving]: [1;33m440[0m[0m
[self_driving-10] [0m[INFO] [1782503384.272700347] [self_driving]: DEBUG_DRIVE lane_x=114.5, linear=0.15, linear_y=0.00, angular=-0.10, stop=False, crosswalk_distance=440, start_slow_down=True[0m
[self_driving-10] [0m[INFO] [1782503384.330688810] [self_driving]: [1;33m440[0m[0m
[self_driving-10] [0m[INFO] [1782503384.332837940] [self_driving]: DEBUG_DRIVE lane_x=140.0, linear=0.15, linear_y=0.00, angular=-0.10, stop=False, crosswalk_distance=440, start_slow_down=True[0m
[self_driving-10] [0m[INFO] [1782503384.389007014] [self_driving]: [1;33m440[0m[0m
[self_driving-10] [0m[INFO] [1782503384.391572681] [self_driving]: DEBUG_DRIVE lane_x=153.0, linear=0.15, linear_y=0.00, angular=-0.10, stop=False, crosswalk_distance=440, start_slow_down=True[0m
[self_driving-10] [0m[INFO] [1782503384.462953310] [self_driving]: [1;33m440[0m[0m
[self_driving-10] [0m[INFO] [1782503384.465627792] [self_driving]: DEBUG_DRIVE lane_x=159.5, linear=0.15, linear_y=0.00, angular=-0.10, stop=False, crosswalk_distance=440, start_slow_down=True[0m
[self_driving-10] [0m[INFO] [1782503384.517407607] [self_driving]: [1;33m440[0m[0m
[self_driving-10] [0m[INFO] [1782503384.519973421] [self_driving]: DEBUG_DRIVE lane_x=159.5, linear=0.15, linear_y=0.00, angular=-0.10, stop=False, crosswalk_distance=440, start_slow_down=True[0m
[self_driving-10] [0m[INFO] [1782503384.590532773] [self_driving]: [1;33m440[0m[0m
[self_driving-10] [0m[INFO] [1782503384.591951903] [self_driving]: DEBUG_DRIVE lane_x=172.0, linear=0.15, linear_y=0.00, angular=-0.10, stop=False, crosswalk_distance=440, start_slow_down=True[0m
[self_driving-10] [0m[INFO] [1782503384.670009051] [self_driving]: [1;33m440[0m[0m
[self_driving-10] [0m[INFO] [1782503384.673357644] [self_driving]: DEBUG_DRIVE lane_x=175.0, linear=0.15, linear_y=0.00, angular=-0.10, stop=False, crosswalk_distance=440, start_slow_down=True[0m
[self_driving-10] [0m[INFO] [1782503384.740655199] [self_driving]: [1;33m440[0m[0m
[self_driving-10] [0m[INFO] [1782503384.743072458] [self_driving]: DEBUG_DRIVE lane_x=191.5, linear=0.15, linear_y=0.00, angular=-0.10, stop=False, crosswalk_distance=440, start_slow_down=True[0m
[self_driving-10] [0m[INFO] [1782503384.798032718] [self_driving]: [1;33m440[0m[0m
[self_driving-10] [0m[INFO] [1782503384.799558051] [self_driving]: DEBUG_DRIVE lane_x=231.0, linear=0.15, linear_y=0.00, angular=-0.45, stop=False, crosswalk_distance=440, start_slow_down=True[0m
[self_driving-10] [0m[INFO] [1782503384.869445532] [self_driving]: [1;33m440[0m[0m
[self_driving-10] [0m[INFO] [1782503384.873472180] [self_driving]: DEBUG_DRIVE lane_x=248.0, linear=0.15, linear_y=0.00, angular=-0.45, stop=False, crosswalk_distance=440, start_slow_down=True[0m
[self_driving-10] [0m[INFO] [1782503384.920789310] [self_driving]: [1;33m440[0m[0m
[self_driving-10] [0m[INFO] [1782503384.922250440] [self_driving]: DEBUG_DRIVE lane_x=271.0, linear=0.15, linear_y=0.00, angular=-0.45, stop=False, crosswalk_distance=440, start_slow_down=True[0m
[self_driving-10] [0m[INFO] [1782503385.006921143] [self_driving]: [1;33m440[0m[0m
[self_driving-10] [0m[INFO] [1782503385.015962088] [self_driving]: DEBUG_DRIVE lane_x=276.5, linear=0.15, linear_y=0.00, angular=-0.45, stop=False, crosswalk_distance=440, start_slow_down=True[0m
[self_driving-10] [0m[INFO] [1782503385.064256921] [self_driving]: [1;33m440[0m[0m
[self_driving-10] [0m[INFO] [1782503385.066062032] [self_driving]: DEBUG_DRIVE lane_x=300.5, linear=0.15, linear_y=0.00, angular=-0.45, stop=False, crosswalk_distance=440, start_slow_down=True[0m
[self_driving-10] [0m[INFO] [1782503385.146039773] [self_driving]: [1;33m440[0m[0m
[self_driving-10] [0m[INFO] [1782503385.147611032] [self_driving]: DEBUG_DRIVE lane_x=159.5, linear=0.15, linear_y=0.00, angular=-0.10, stop=False, crosswalk_distance=440, start_slow_down=True[0m
[self_driving-10] [0m[INFO] [1782503385.203261495] [self_driving]: [1;33m440[0m[0m
[self_driving-10] [0m[INFO] [1782503385.204386254] [self_driving]: DEBUG_DRIVE lane_x=171.5, linear=0.15, linear_y=0.00, angular=-0.10, stop=False, crosswalk_distance=440, start_slow_down=True[0m
[self_driving-10] [0m[INFO] [1782503385.256598106] [self_driving]: [1;33m440[0m[0m
[self_driving-10] [0m[INFO] [1782503385.258883347] [self_driving]: DEBUG_DRIVE lane_x=187.5, linear=0.15, linear_y=0.00, angular=-0.10, stop=False, crosswalk_distance=440, start_slow_down=True[0m
[self_driving-10] [0m[INFO] [1782503385.330395625] [self_driving]: [1;33m440[0m[0m
[self_driving-10] [0m[INFO] [1782503385.331725662] [self_driving]: DEBUG_DRIVE lane_x=197.0, linear=0.15, linear_y=0.00, angular=-0.10, stop=False, crosswalk_distance=440, start_slow_down=True[0m
[self_driving-10] [0m[INFO] [1782503385.420673143] [self_driving]: [1;33m440[0m[0m
[self_driving-10] [0m[INFO] [1782503385.429378773] [self_driving]: DEBUG_DRIVE lane_x=223.5, linear=0.15, linear_y=0.00, angular=-0.45, stop=False, crosswalk_distance=440, start_slow_down=True[0m
[self_driving-10] [0m[INFO] [1782503385.464790662] [self_driving]: [1;33m440[0m[0m
[self_driving-10] [0m[INFO] [1782503385.466277513] [self_driving]: DEBUG_DRIVE lane_x=247.0, linear=0.15, linear_y=0.00, angular=-0.45, stop=False, crosswalk_distance=440, start_slow_down=True[0m
[self_driving-10] [0m[INFO] [1782503385.529097828] [self_driving]: [1;33m440[0m[0m
[self_driving-10] [0m[INFO] [1782503385.530542587] [self_driving]: DEBUG_DRIVE lane_x=263.0, linear=0.15, linear_y=0.00, angular=-0.45, stop=False, crosswalk_distance=440, start_slow_down=True[0m
[self_driving-10] [0m[INFO] [1782503385.593204124] [self_driving]: [1;33m440[0m[0m
[self_driving-10] [0m[INFO] [1782503385.594548421] [self_driving]: DEBUG_DRIVE lane_x=275.5, linear=0.15, linear_y=0.00, angular=-0.45, stop=False, crosswalk_distance=440, start_slow_down=True[0m
[self_driving-10] [0m[INFO] [1782503385.664459569] [self_driving]: [1;33m440[0m[0m
[self_driving-10] [0m[INFO] [1782503385.666095291] [self_driving]: DEBUG_DRIVE lane_x=282.0, linear=0.15, linear_y=0.00, angular=-0.45, stop=False, crosswalk_distance=440, start_slow_down=True[0m
[self_driving-10] [0m[INFO] [1782503385.727682347] [self_driving]: [1;33m440[0m[0m
[self_driving-10] [0m[INFO] [1782503385.729600013] [self_driving]: DEBUG_DRIVE lane_x=287.5, linear=0.15, linear_y=0.00, angular=-0.45, stop=False, crosswalk_distance=440, start_slow_down=True[0m
[self_driving-10] [0m[INFO] [1782503385.820385847] [self_driving]: [1;33m440[0m[0m
[self_driving-10] [0m[INFO] [1782503385.821914402] [self_driving]: DEBUG_DRIVE lane_x=288.0, linear=0.15, linear_y=0.00, angular=-0.45, stop=False, crosswalk_distance=440, start_slow_down=False[0m
[self_driving-10] [0m[INFO] [1782503385.872399402] [self_driving]: [1;33m440[0m[0m
[self_driving-10] [0m[INFO] [1782503385.874737254] [self_driving]: DEBUG_DRIVE lane_x=294.5, linear=0.30, linear_y=0.00, angular=-0.45, stop=False, crosswalk_distance=440, start_slow_down=False[0m
[self_driving-10] [0m[INFO] [1782503385.945075772] [self_driving]: [1;33m440[0m[0m
[self_driving-10] [0m[INFO] [1782503385.946382772] [self_driving]: DEBUG_DRIVE lane_x=300.5, linear=0.30, linear_y=0.00, angular=-0.45, stop=False, crosswalk_distance=440, start_slow_down=False[0m
[self_driving-10] [0m[INFO] [1782503385.993289069] [self_driving]: [1;33m440[0m[0m
[self_driving-10] [0m[INFO] [1782503385.996543235] [self_driving]: DEBUG_DRIVE lane_x=308.5, linear=0.15, linear_y=0.00, angular=-0.45, stop=False, crosswalk_distance=440, start_slow_down=True[0m
[self_driving-10] [0m[INFO] [1782503386.074239865] [self_driving]: [1;33m440[0m[0m
[self_driving-10] [0m[INFO] [1782503386.154811494] [self_driving]: [1;33m440[0m[0m
[self_driving-10] [0m[INFO] [1782503386.213415698] [self_driving]: [1;33m440[0m[0m
[self_driving-10] [0m[INFO] [1782503386.281494550] [self_driving]: [1;33m440[0m[0m
[self_driving-10] [0m[INFO] [1782503386.342750365] [self_driving]: [1;33m440[0m[0m
[self_driving-10] [0m[INFO] [1782503386.407495124] [self_driving]: [1;33m440[0m[0m
[self_driving-10] [0m[INFO] [1782503386.478084642] [self_driving]: [1;33m440[0m[0m
[self_driving-10] [0m[INFO] [1782503386.563152809] [self_driving]: [1;33m440[0m[0m
[self_driving-10] [0m[INFO] [1782503386.623909142] [self_driving]: [1;33m440[0m[0m
[self_driving-10] [0m[INFO] [1782503386.680634809] [self_driving]: [1;33m440[0m[0m
[self_driving-10] [0m[INFO] [1782503386.738018198] [self_driving]: [1;33m440[0m[0m
[self_driving-10] [0m[INFO] [1782503386.809964327] [self_driving]: [1;33m440[0m[0m
[self_driving-10] [0m[INFO] [1782503386.811088976] [self_driving]: DEBUG_DRIVE lane_x=313.0, linear=0.15, linear_y=0.00, angular=-0.45, stop=False, crosswalk_distance=440, start_slow_down=True[0m
[self_driving-10] [0m[INFO] [1782503386.868621976] [self_driving]: [1;33m440[0m[0m
[self_driving-10] [0m[INFO] [1782503386.871064438] [self_driving]: DEBUG_DRIVE lane_x=304.5, linear=0.15, linear_y=0.00, angular=-0.45, stop=False, crosswalk_distance=440, start_slow_down=True[0m
[self_driving-10] [0m[INFO] [1782503386.979345161] [self_driving]: [1;33m440[0m[0m
[self_driving-10] [0m[INFO] [1782503386.980404290] [self_driving]: DEBUG_DRIVE lane_x=298.0, linear=0.15, linear_y=0.00, angular=-0.45, stop=False, crosswalk_distance=440, start_slow_down=True[0m
[self_driving-10] [0m[INFO] [1782503387.023283827] [self_driving]: [1;33m440[0m[0m
[self_driving-10] [0m[INFO] [1782503387.024241531] [self_driving]: DEBUG_DRIVE lane_x=289.0, linear=0.15, linear_y=0.00, angular=-0.45, stop=False, crosswalk_distance=440, start_slow_down=True[0m
[self_driving-10] [0m[INFO] [1782503387.081163309] [self_driving]: [1;33m440[0m[0m
[self_driving-10] [0m[INFO] [1782503387.083088105] [self_driving]: DEBUG_DRIVE lane_x=281.0, linear=0.15, linear_y=0.00, angular=-0.45, stop=False, crosswalk_distance=440, start_slow_down=True[0m
[self_driving-10] [0m[INFO] [1782503387.149776142] [self_driving]: [1;33m440[0m[0m
[self_driving-10] [0m[INFO] [1782503387.151057179] [self_driving]: DEBUG_DRIVE lane_x=277.0, linear=0.15, linear_y=0.00, angular=-0.45, stop=False, crosswalk_distance=440, start_slow_down=True[0m
[self_driving-10] [0m[INFO] [1782503387.213091031] [self_driving]: [1;33m440[0m[0m
[self_driving-10] [0m[INFO] [1782503387.214403401] [self_driving]: DEBUG_DRIVE lane_x=309.5, linear=0.15, linear_y=0.00, angular=-0.45, stop=False, crosswalk_distance=440, start_slow_down=True[0m
[self_driving-10] [0m[INFO] [1782503387.275599679] [self_driving]: [1;33m440[0m[0m
[self_driving-10] [0m[INFO] [1782503387.276851475] [self_driving]: DEBUG_DRIVE lane_x=297.5, linear=0.15, linear_y=0.00, angular=-0.45, stop=False, crosswalk_distance=440, start_slow_down=True[0m
[self_driving-10] [0m[INFO] [1782503387.365322346] [self_driving]: [1;33m440[0m[0m
[self_driving-10] [0m[INFO] [1782503387.367180901] [self_driving]: DEBUG_DRIVE lane_x=293.5, linear=0.15, linear_y=0.00, angular=-0.45, stop=False, crosswalk_distance=440, start_slow_down=True[0m
[self_driving-10] [0m[INFO] [1782503387.412209234] [self_driving]: [1;33m440[0m[0m
[self_driving-10] [0m[INFO] [1782503387.415158253] [self_driving]: DEBUG_DRIVE lane_x=314.0, linear=0.15, linear_y=0.00, angular=-0.45, stop=False, crosswalk_distance=440, start_slow_down=True[0m
[self_driving-10] [0m[INFO] [1782503387.489658142] [self_driving]: [1;33m440[0m[0m
[self_driving-10] [0m[INFO] [1782503387.492290271] [self_driving]: DEBUG_DRIVE lane_x=305.0, linear=0.15, linear_y=0.00, angular=-0.45, stop=False, crosswalk_distance=440, start_slow_down=True[0m
[self_driving-10] [0m[INFO] [1782503387.545590290] [self_driving]: [1;33m440[0m[0m
[self_driving-10] [0m[INFO] [1782503387.551707401] [self_driving]: DEBUG_DRIVE lane_x=293.0, linear=0.15, linear_y=0.00, angular=-0.45, stop=False, crosswalk_distance=440, start_slow_down=True[0m
[self_driving-10] [0m[INFO] [1782503387.625178605] [self_driving]: [1;33m440[0m[0m
[self_driving-10] [0m[INFO] [1782503387.626873105] [self_driving]: DEBUG_DRIVE lane_x=284.5, linear=0.15, linear_y=0.00, angular=-0.45, stop=False, crosswalk_distance=440, start_slow_down=True[0m
[self_driving-10] [0m[INFO] [1782503387.772597605] [self_driving]: [1;33m440[0m[0m
[self_driving-10] [0m[INFO] [1782503387.774535253] [self_driving]: DEBUG_DRIVE lane_x=261.0, linear=0.15, linear_y=0.00, angular=-0.45, stop=False, crosswalk_distance=440, start_slow_down=True[0m
[self_driving-10] [0m[INFO] [1782503387.827549234] [self_driving]: [1;33m440[0m[0m
[self_driving-10] [0m[INFO] [1782503387.829294790] [self_driving]: DEBUG_DRIVE lane_x=236.5, linear=0.15, linear_y=0.00, angular=-0.45, stop=False, crosswalk_distance=440, start_slow_down=True[0m
[self_driving-10] [0m[INFO] [1782503387.884423827] [self_driving]: [1;33m440[0m[0m
[self_driving-10] [0m[INFO] [1782503387.885782549] [self_driving]: DEBUG_DRIVE lane_x=206.5, linear=0.15, linear_y=0.00, angular=-0.45, stop=False, crosswalk_distance=440, start_slow_down=True[0m
[self_driving-10] [0m[INFO] [1782503387.962215438] [self_driving]: [1;33m440[0m[0m
[self_driving-10] [0m[INFO] [1782503387.963409271] [self_driving]: DEBUG_DRIVE lane_x=192.0, linear=0.15, linear_y=0.00, angular=-0.10, stop=False, crosswalk_distance=440, start_slow_down=True[0m
[self_driving-10] [0m[INFO] [1782503388.030309586] [self_driving]: [1;33m440[0m[0m
[self_driving-10] [0m[INFO] [1782503388.031877271] [self_driving]: DEBUG_DRIVE lane_x=177.5, linear=0.15, linear_y=0.00, angular=-0.10, stop=False, crosswalk_distance=440, start_slow_down=True[0m
[self_driving-10] [0m[INFO] [1782503388.079151290] [self_driving]: [1;33m440[0m[0m
[self_driving-10] [0m[INFO] [1782503388.080387975] [self_driving]: DEBUG_DRIVE lane_x=154.0, linear=0.15, linear_y=0.00, angular=0.10, stop=False, crosswalk_distance=440, start_slow_down=True[0m
[self_driving-10] [0m[INFO] [1782503388.088717271] [self_driving]: objects=1[0m
[self_driving-10] [0m[INFO] [1782503388.089839179] [self_driving]: [DET] crosswalk: cx=595, cy=202, box=array('i', [551, 196, 640, 208]), score=0.75[0m
[self_driving-10] [0m[INFO] [1782503388.168358104] [self_driving]: [1;33m202[0m[0m
[self_driving-10] [0m[INFO] [1782503388.170554567] [self_driving]: DEBUG_DRIVE lane_x=142.5, linear=0.15, linear_y=0.00, angular=-0.10, stop=False, crosswalk_distance=202, start_slow_down=True[0m
[self_driving-10] [0m[INFO] [1782503388.233596567] [self_driving]: [1;33m202[0m[0m
[self_driving-10] [0m[INFO] [1782503388.236317067] [self_driving]: DEBUG_DRIVE lane_x=137.5, linear=0.15, linear_y=0.00, angular=-0.10, stop=False, crosswalk_distance=202, start_slow_down=True[0m
[self_driving-10] [0m[INFO] [1782503388.292691364] [self_driving]: [1;33m202[0m[0m
[self_driving-10] [0m[INFO] [1782503388.294476197] [self_driving]: DEBUG_DRIVE lane_x=141.5, linear=0.15, linear_y=0.00, angular=-0.10, stop=False, crosswalk_distance=202, start_slow_down=True[0m
[self_driving-10] [0m[INFO] [1782503388.356356975] [self_driving]: [1;33m202[0m[0m
[self_driving-10] [0m[INFO] [1782503388.357821123] [self_driving]: DEBUG_DRIVE lane_x=139.5, linear=0.15, linear_y=0.00, angular=-0.10, stop=False, crosswalk_distance=202, start_slow_down=True[0m
[self_driving-10] [0m[INFO] [1782503388.419367604] [self_driving]: [1;33m202[0m[0m
[self_driving-10] [0m[INFO] [1782503388.420980363] [self_driving]: DEBUG_DRIVE lane_x=137.0, linear=0.15, linear_y=0.00, angular=-0.10, stop=False, crosswalk_distance=202, start_slow_down=True[0m
[self_driving-10] [0m[INFO] [1782503388.490001789] [self_driving]: [1;33m202[0m[0m
[self_driving-10] [0m[INFO] [1782503388.495481308] [self_driving]: objects=1[0m
[self_driving-10] [0m[INFO] [1782503388.496444604] [self_driving]: [DET] crosswalk: cx=529, cy=203, box=array('i', [426, 198, 633, 208]), score=0.81[0m
[self_driving-10] [0m[INFO] [1782503388.496751326] [self_driving]: DEBUG_DRIVE lane_x=132.0, linear=0.15, linear_y=0.00, angular=0.10, stop=False, crosswalk_distance=202, start_slow_down=True[0m
[self_driving-10] [0m[INFO] [1782503388.511330252] [self_driving]: objects=1[0m
[self_driving-10] [0m[INFO] [1782503388.527629030] [self_driving]: [DET] crosswalk: cx=518, cy=183, box=array('i', [453, 180, 583, 187]), score=0.39[0m
[self_driving-10] [0m[INFO] [1782503388.557354697] [self_driving]: [1;33m183[0m[0m
[self_driving-10] [0m[INFO] [1782503388.559648530] [self_driving]: DEBUG_DRIVE lane_x=125.5, linear=0.15, linear_y=0.00, angular=0.10, stop=False, crosswalk_distance=183, start_slow_down=True[0m
[self_driving-10] [0m[INFO] [1782503388.624648993] [self_driving]: [1;33m183[0m[0m
[self_driving-10] [0m[INFO] [1782503388.627344326] [self_driving]: DEBUG_DRIVE lane_x=118.5, linear=0.15, linear_y=0.00, angular=0.10, stop=False, crosswalk_distance=183, start_slow_down=True[0m
[self_driving-10] [0m[INFO] [1782503388.694755400] [self_driving]: [1;33m183[0m[0m
[self_driving-10] [0m[INFO] [1782503388.696468789] [self_driving]: DEBUG_DRIVE lane_x=116.5, linear=0.15, linear_y=0.00, angular=0.10, stop=False, crosswalk_distance=183, start_slow_down=False[0m
[self_driving-10] [0m[INFO] [1782503388.764288437] [self_driving]: [1;33m183[0m[0m
[self_driving-10] [0m[INFO] [1782503388.767811437] [self_driving]: DEBUG_DRIVE lane_x=121.0, linear=0.30, linear_y=0.00, angular=0.10, stop=False, crosswalk_distance=183, start_slow_down=False[0m
[self_driving-10] [0m[INFO] [1782503388.841208197] [self_driving]: [1;33m183[0m[0m
[self_driving-10] [0m[INFO] [1782503388.842255456] [self_driving]: DEBUG_DRIVE lane_x=122.0, linear=0.30, linear_y=0.00, angular=0.10, stop=False, crosswalk_distance=183, start_slow_down=False[0m
[self_driving-10] [0m[INFO] [1782503388.883203419] [self_driving]: objects=1[0m
[self_driving-10] [0m[INFO] [1782503388.884505530] [self_driving]: [DET] crosswalk: cx=422, cy=203, box=array('i', [315, 197, 530, 209]), score=0.80[0m
[self_driving-10] [0m[INFO] [1782503388.888817956] [self_driving]: objects=1[0m
[self_driving-10] [0m[INFO] [1782503388.889519234] [self_driving]: [DET] go: cx=293, cy=136, box=array('i', [284, 126, 302, 147]), score=0.26[0m
[self_driving-10] [0m[INFO] [1782503388.899343956] [self_driving]: objects=1[0m
[self_driving-10] [0m[INFO] [1782503388.900257734] [self_driving]: [DET] park: cx=293, cy=136, box=array('i', [283, 126, 303, 146]), score=0.25[0m
[self_driving-10] [0m[INFO] [1782503388.905643974] [self_driving]: [1;33m0[0m[0m
[self_driving-10] [0m[INFO] [1782503388.914444437] [self_driving]: DEBUG_DRIVE lane_x=123.0, linear=0.30, linear_y=0.00, angular=0.10, stop=False, crosswalk_distance=0, start_slow_down=False[0m
[self_driving-10] [0m[INFO] [1782503388.976065400] [self_driving]: [1;33m0[0m[0m
[self_driving-10] [0m[INFO] [1782503388.979797234] [self_driving]: DEBUG_DRIVE lane_x=134.0, linear=0.30, linear_y=0.00, angular=-0.10, stop=False, crosswalk_distance=0, start_slow_down=False[0m
[self_driving-10] [0m[INFO] [1782503389.025430530] [self_driving]: [1;33m0[0m[0m
[self_driving-10] [0m[INFO] [1782503389.027526808] [self_driving]: DEBUG_DRIVE lane_x=138.5, linear=0.30, linear_y=0.00, angular=-0.10, stop=False, crosswalk_distance=0, start_slow_down=False[0m
[self_driving-10] [0m[INFO] [1782503389.101128326] [self_driving]: [1;33m0[0m[0m
[self_driving-10] [0m[INFO] [1782503389.102360993] [self_driving]: DEBUG_DRIVE lane_x=142.0, linear=0.30, linear_y=0.00, angular=-0.10, stop=False, crosswalk_distance=0, start_slow_down=False[0m
[self_driving-10] [0m[INFO] [1782503389.170884937] [self_driving]: [1;33m0[0m[0m
[self_driving-10] [0m[INFO] [1782503389.173758122] [self_driving]: DEBUG_DRIVE lane_x=142.0, linear=0.30, linear_y=0.00, angular=-0.10, stop=False, crosswalk_distance=0, start_slow_down=False[0m
[self_driving-10] [0m[INFO] [1782503389.238145900] [self_driving]: [1;33m0[0m[0m
[self_driving-10] [0m[INFO] [1782503389.241932622] [self_driving]: DEBUG_DRIVE lane_x=138.0, linear=0.30, linear_y=0.00, angular=-0.10, stop=False, crosswalk_distance=0, start_slow_down=False[0m
[self_driving-10] [0m[INFO] [1782503389.287963511] [self_driving]: objects=1[0m
[self_driving-10] [0m[INFO] [1782503389.288718974] [self_driving]: [DET] crosswalk: cx=367, cy=206, box=array('i', [254, 200, 481, 213]), score=0.82[0m
[self_driving-10] [0m[INFO] [1782503389.293849493] [self_driving]: objects=1[0m
[self_driving-10] [0m[INFO] [1782503389.295007381] [self_driving]: [DET] crosswalk: cx=344, cy=183, box=array('i', [280, 180, 408, 187]), score=0.42[0m
[self_driving-10] [0m[INFO] [1782503389.313573622] [self_driving]: [1;33m183[0m[0m
[self_driving-10] [0m[INFO] [1782503389.326171456] [self_driving]: DEBUG_DRIVE lane_x=135.5, linear=0.15, linear_y=0.00, angular=-0.10, stop=False, crosswalk_distance=183, start_slow_down=False[0m
[self_driving-10] [0m[INFO] [1782503389.382294381] [self_driving]: [1;33m183[0m[0m
[self_driving-10] [0m[INFO] [1782503389.383840548] [self_driving]: DEBUG_DRIVE lane_x=132.0, linear=0.15, linear_y=0.00, angular=0.10, stop=False, crosswalk_distance=183, start_slow_down=False[0m
[self_driving-10] [0m[INFO] [1782503389.441356326] [self_driving]: [1;33m183[0m[0m
[self_driving-10] [0m[INFO] [1782503389.444623678] [self_driving]: DEBUG_DRIVE lane_x=125.5, linear=0.15, linear_y=0.00, angular=0.10, stop=False, crosswalk_distance=183, start_slow_down=True[0m
[self_driving-10] [0m[INFO] [1782503389.490782511] [self_driving]: [1;33m183[0m[0m
[self_driving-10] [0m[INFO] [1782503389.492135548] [self_driving]: DEBUG_DRIVE lane_x=121.0, linear=0.15, linear_y=0.00, angular=0.10, stop=False, crosswalk_distance=183, start_slow_down=True[0m
[self_driving-10] [0m[INFO] [1782503389.575321789] [self_driving]: [1;33m183[0m[0m
[self_driving-10] [0m[INFO] [1782503389.576449344] [self_driving]: DEBUG_DRIVE lane_x=119.5, linear=0.15, linear_y=0.00, angular=0.10, stop=False, crosswalk_distance=183, start_slow_down=True[0m
[self_driving-10] [0m[INFO] [1782503389.640807085] [self_driving]: [1;33m183[0m[0m
[self_driving-10] [0m[INFO] [1782503389.642941881] [self_driving]: DEBUG_DRIVE lane_x=118.0, linear=0.15, linear_y=0.00, angular=0.10, stop=False, crosswalk_distance=183, start_slow_down=True[0m
[self_driving-10] [0m[INFO] [1782503389.677733937] [self_driving]: objects=1[0m
[self_driving-10] [0m[INFO] [1782503389.678426215] [self_driving]: [DET] go: cx=214, cy=134, box=array('i', [206, 123, 223, 146]), score=0.85[0m
[self_driving-10] [0m[INFO] [1782503389.684095029] [self_driving]: objects=1[0m
[self_driving-10] [0m[INFO] [1782503389.688276215] [self_driving]: [DET] crosswalk: cx=325, cy=185, box=array('i', [255, 182, 395, 189]), score=0.56[0m
[self_driving-10] [0m[INFO] [1782503389.725723770] [self_driving]: [1;33m185[0m[0m
[self_driving-10] [0m[INFO] [1782503389.727386826] [self_driving]: DEBUG_DRIVE lane_x=117.5, linear=0.15, linear_y=0.00, angular=0.10, stop=False, crosswalk_distance=185, start_slow_down=True[0m
[self_driving-10] [0m[INFO] [1782503389.776481807] [self_driving]: [1;33m185[0m[0m
[self_driving-10] [0m[INFO] [1782503389.778627122] [self_driving]: DEBUG_DRIVE lane_x=123.5, linear=0.15, linear_y=0.00, angular=-0.10, stop=False, crosswalk_distance=185, start_slow_down=True[0m
[self_driving-10] [0m[INFO] [1782503389.836022789] [self_driving]: [1;33m185[0m[0m
[self_driving-10] [0m[INFO] [1782503389.840148918] [self_driving]: DEBUG_DRIVE lane_x=125.5, linear=0.15, linear_y=0.00, angular=0.10, stop=False, crosswalk_distance=185, start_slow_down=True[0m
[self_driving-10] [0m[INFO] [1782503389.905194344] [self_driving]: [1;33m185[0m[0m
[self_driving-10] [0m[INFO] [1782503389.907746289] [self_driving]: DEBUG_DRIVE lane_x=132.5, linear=0.15, linear_y=0.00, angular=-0.10, stop=False, crosswalk_distance=185, start_slow_down=True[0m
[self_driving-10] [0m[INFO] [1782503389.980924363] [self_driving]: [1;33m185[0m[0m
[self_driving-10] [0m[INFO] [1782503389.981936603] [self_driving]: DEBUG_DRIVE lane_x=132.5, linear=0.15, linear_y=0.00, angular=-0.10, stop=False, crosswalk_distance=185, start_slow_down=True[0m
[self_driving-10] [0m[INFO] [1782503390.039612918] [self_driving]: [1;33m185[0m[0m
[self_driving-10] [0m[INFO] [1782503390.042945140] [self_driving]: DEBUG_DRIVE lane_x=135.5, linear=0.15, linear_y=0.00, angular=-0.10, stop=False, crosswalk_distance=185, start_slow_down=True[0m
[self_driving-10] [0m[INFO] [1782503390.064704881] [self_driving]: objects=1[0m
[self_driving-10] [0m[INFO] [1782503390.065200825] [self_driving]: [DET] go: cx=235, cy=134, box=array('i', [227, 122, 244, 146]), score=0.87[0m
[self_driving-10] [0m[INFO] [1782503390.072231270] [self_driving]: objects=1[0m
[self_driving-10] [0m[INFO] [1782503390.073932011] [self_driving]: [DET] crosswalk: cx=349, cy=187, box=array('i', [272, 183, 426, 191]), score=0.56[0m
[self_driving-10] [0m[INFO] [1782503390.130690974] [self_driving]: [1;33m187[0m[0m
[self_driving-10] [0m[INFO] [1782503390.132664714] [self_driving]: DEBUG_DRIVE lane_x=135.5, linear=0.15, linear_y=0.00, angular=-0.10, stop=False, crosswalk_distance=187, start_slow_down=True[0m
[self_driving-10] [0m[INFO] [1782503390.189483622] [self_driving]: [1;33m187[0m[0m
[self_driving-10] [0m[INFO] [1782503390.191753196] [self_driving]: DEBUG_DRIVE lane_x=131.0, linear=0.15, linear_y=0.00, angular=0.10, stop=False, crosswalk_distance=187, start_slow_down=True[0m
[self_driving-10] [0m[INFO] [1782503390.238159825] [self_driving]: [1;33m187[0m[0m
[self_driving-10] [0m[INFO] [1782503390.308446992] [self_driving]: [1;33m187[0m[0m
[self_driving-10] [0m[INFO] [1782503390.309925936] [self_driving]: DEBUG_DRIVE lane_x=123.5, linear=0.15, linear_y=0.00, angular=0.10, stop=False, crosswalk_distance=187, start_slow_down=True[0m
[self_driving-10] [0m[INFO] [1782503390.366025825] [self_driving]: [1;33m187[0m[0m
[self_driving-10] [0m[INFO] [1782503390.369055825] [self_driving]: DEBUG_DRIVE lane_x=122.5, linear=0.15, linear_y=0.00, angular=0.10, stop=False, crosswalk_distance=187, start_slow_down=True[0m
[self_driving-10] [0m[INFO] [1782503390.429567529] [self_driving]: [1;33m187[0m[0m
[self_driving-10] [0m[INFO] [1782503390.432613714] [self_driving]: DEBUG_DRIVE lane_x=120.0, linear=0.15, linear_y=0.00, angular=0.10, stop=False, crosswalk_distance=187, start_slow_down=True[0m
[self_driving-10] [0m[INFO] [1782503390.494739103] [self_driving]: objects=1[0m
[self_driving-10] [0m[INFO] [1782503390.495247418] [self_driving]: [DET] crosswalk: cx=388, cy=230, box=array('i', [235, 219, 542, 241]), score=0.88[0m
[self_driving-10] [0m[INFO] [1782503390.500167677] [self_driving]: objects=1[0m
[self_driving-10] [0m[INFO] [1782503390.501003955] [self_driving]: [DET] crosswalk: cx=341, cy=192, box=array('i', [256, 187, 426, 197]), score=0.67[0m
[self_driving-10] [0m[INFO] [1782503390.523706992] [self_driving]: [1;33m192[0m[0m
[self_driving-10] [0m[INFO] [1782503390.530836103] [self_driving]: DEBUG_DRIVE lane_x=121.0, linear=0.15, linear_y=0.00, angular=0.10, stop=False, crosswalk_distance=192, start_slow_down=True[0m
[self_driving-10] [0m[INFO] [1782503390.597689455] [self_driving]: [1;33m192[0m[0m
[self_driving-10] [0m[INFO] [1782503390.599372473] [self_driving]: DEBUG_DRIVE lane_x=128.0, linear=0.15, linear_y=0.00, angular=-0.10, stop=False, crosswalk_distance=192, start_slow_down=True[0m
[self_driving-10] [0m[INFO] [1782503390.651770807] [self_driving]: [1;33m192[0m[0m
[self_driving-10] [0m[INFO] [1782503390.655586047] [self_driving]: DEBUG_DRIVE lane_x=127.5, linear=0.15, linear_y=0.00, angular=0.10, stop=False, crosswalk_distance=192, start_slow_down=True[0m
[self_driving-10] [0m[INFO] [1782503390.703898695] [self_driving]: [1;33m192[0m[0m
[self_driving-10] [0m[INFO] [1782503390.704997640] [self_driving]: DEBUG_DRIVE lane_x=128.5, linear=0.15, linear_y=0.00, angular=-0.10, stop=False, crosswalk_distance=192, start_slow_down=True[0m
[self_driving-10] [0m[INFO] [1782503390.773878418] [self_driving]: [1;33m192[0m[0m
[self_driving-10] [0m[INFO] [1782503390.777771066] [self_driving]: DEBUG_DRIVE lane_x=124.5, linear=0.15, linear_y=0.00, angular=0.10, stop=False, crosswalk_distance=192, start_slow_down=True[0m
[self_driving-10] [0m[INFO] [1782503390.846403584] [self_driving]: [1;33m192[0m[0m
[self_driving-10] [0m[INFO] [1782503390.847847214] [self_driving]: DEBUG_DRIVE lane_x=124.5, linear=0.15, linear_y=0.00, angular=0.10, stop=False, crosswalk_distance=192, start_slow_down=True[0m
[self_driving-10] [0m[INFO] [1782503390.903543566] [self_driving]: [1;33m192[0m[0m
[self_driving-10] [0m[INFO] [1782503390.906024251] [self_driving]: DEBUG_DRIVE lane_x=123.5, linear=0.15, linear_y=0.00, angular=0.10, stop=False, crosswalk_distance=192, start_slow_down=True[0m
[self_driving-10] [0m[INFO] [1782503390.936146121] [self_driving]: objects=1[0m
[self_driving-10] [0m[INFO] [1782503390.937727510] [self_driving]: [DET] crosswalk: cx=406, cy=241, box=array('i', [232, 228, 581, 254]), score=0.89[0m
[self_driving-10] [0m[INFO] [1782503390.941484492] [self_driving]: objects=1[0m
[self_driving-10] [0m[INFO] [1782503390.942650677] [self_driving]: [DET] crosswalk: cx=347, cy=196, box=array('i', [258, 191, 437, 201]), score=0.79[0m
[self_driving-10] [0m[INFO] [1782503390.991040658] [self_driving]: [1;33m196[0m[0m
[self_driving-10] [0m[INFO] [1782503390.995390343] [self_driving]: DEBUG_DRIVE lane_x=125.5, linear=0.15, linear_y=0.00, angular=0.10, stop=False, crosswalk_distance=196, start_slow_down=True[0m
[self_driving-10] [0m[INFO] [1782503391.063756788] [self_driving]: [1;33m196[0m[0m
[self_driving-10] [0m[INFO] [1782503391.067153880] [self_driving]: DEBUG_DRIVE lane_x=130.5, linear=0.15, linear_y=0.00, angular=-0.10, stop=False, crosswalk_distance=196, start_slow_down=True[0m
[self_driving-10] [0m[INFO] [1782503391.113764677] [self_driving]: [1;33m196[0m[0m
[self_driving-10] [0m[INFO] [1782503391.115296158] [self_driving]: DEBUG_DRIVE lane_x=134.5, linear=0.15, linear_y=0.00, angular=-0.10, stop=False, crosswalk_distance=196, start_slow_down=True[0m
[self_driving-10] [0m[INFO] [1782503391.191499806] [self_driving]: [1;33m196[0m[0m
[self_driving-10] [0m[INFO] [1782503391.194115158] [self_driving]: DEBUG_DRIVE lane_x=137.0, linear=0.15, linear_y=0.00, angular=-0.10, stop=False, crosswalk_distance=196, start_slow_down=True[0m
[self_driving-10] [0m[INFO] [1782503391.251000140] [self_driving]: [1;33m196[0m[0m
[self_driving-10] [0m[INFO] [1782503391.252332751] [self_driving]: DEBUG_DRIVE lane_x=138.5, linear=0.15, linear_y=0.00, angular=-0.10, stop=False, crosswalk_distance=196, start_slow_down=True[0m
[self_driving-10] [0m[INFO] [1782503391.306235640] [self_driving]: [1;33m196[0m[0m
[self_driving-10] [0m[INFO] [1782503391.309468325] [self_driving]: DEBUG_DRIVE lane_x=134.5, linear=0.15, linear_y=0.00, angular=0.10, stop=False, crosswalk_distance=196, start_slow_down=True[0m
[self_driving-10] [0m[INFO] [1782503391.339599991] [self_driving]: objects=1[0m
[self_driving-10] [0m[INFO] [1782503391.340951510] [self_driving]: [DET] crosswalk: cx=409, cy=248, box=array('i', [218, 233, 601, 263]), score=0.89[0m
[self_driving-10] [0m[INFO] [1782503391.342436306] [self_driving]: objects=1[0m
[self_driving-10] [0m[INFO] [1782503391.344465528] [self_driving]: [DET] go: cx=212, cy=132, box=array('i', [203, 118, 221, 146]), score=0.84[0m
[self_driving-10] [0m[INFO] [1782503391.354021732] [self_driving]: objects=1[0m
[self_driving-10] [0m[INFO] [1782503391.354888954] [self_driving]: [DET] crosswalk: cx=346, cy=196, box=array('i', [249, 191, 444, 202]), score=0.75[0m
[self_driving-10] [0m[INFO] [1782503391.419815362] [self_driving]: [1;33m196[0m[0m
[self_driving-10] [0m[INFO] [1782503391.422622028] [self_driving]: DEBUG_DRIVE lane_x=135.5, linear=0.15, linear_y=0.00, angular=-0.10, stop=False, crosswalk_distance=196, start_slow_down=True[0m
[self_driving-10] [0m[INFO] [1782503391.464538343] [self_driving]: [1;33m196[0m[0m
[self_driving-10] [0m[INFO] [1782503391.465946454] [self_driving]: DEBUG_DRIVE lane_x=130.5, linear=0.15, linear_y=0.00, angular=0.10, stop=False, crosswalk_distance=196, start_slow_down=True[0m
[self_driving-10] [0m[INFO] [1782503391.518903806] [self_driving]: [1;33m196[0m[0m
[self_driving-10] [0m[INFO] [1782503391.520228417] [self_driving]: DEBUG_DRIVE lane_x=132.5, linear=0.15, linear_y=0.00, angular=-0.10, stop=False, crosswalk_distance=196, start_slow_down=True[0m
[self_driving-10] [0m[INFO] [1782503391.592716917] [self_driving]: [1;33m196[0m[0m
[self_driving-10] [0m[INFO] [1782503391.596802750] [self_driving]: DEBUG_DRIVE lane_x=129.5, linear=0.15, linear_y=0.00, angular=0.10, stop=False, crosswalk_distance=196, start_slow_down=True[0m
[self_driving-10] [0m[INFO] [1782503391.644360010] [self_driving]: [1;33m196[0m[0m
[self_driving-10] [0m[INFO] [1782503391.645699065] [self_driving]: DEBUG_DRIVE lane_x=130.0, linear=0.15, linear_y=0.00, angular=-0.10, stop=False, crosswalk_distance=196, start_slow_down=True[0m
[self_driving-10] [0m[INFO] [1782503391.729812713] [self_driving]: [1;33m196[0m[0m
[self_driving-10] [0m[INFO] [1782503391.732762047] [self_driving]: DEBUG_DRIVE lane_x=128.5, linear=0.15, linear_y=0.00, angular=0.10, stop=False, crosswalk_distance=196, start_slow_down=True[0m
[self_driving-10] [0m[INFO] [1782503391.785036658] [self_driving]: [1;33m196[0m[0m
[self_driving-10] [0m[INFO] [1782503391.787591195] [self_driving]: DEBUG_DRIVE lane_x=131.5, linear=0.15, linear_y=0.00, angular=-0.10, stop=False, crosswalk_distance=196, start_slow_down=True[0m
[self_driving-10] [0m[INFO] [1782503391.800887306] [self_driving]: objects=1[0m
[self_driving-10] [0m[INFO] [1782503391.802514417] [self_driving]: [DET] crosswalk: cx=427, cy=259, box=array('i', [216, 244, 638, 275]), score=0.89[0m
[self_driving-10] [0m[INFO] [1782503391.806373139] [self_driving]: objects=1[0m
[self_driving-10] [0m[INFO] [1782503391.807234158] [self_driving]: [DET] crosswalk: cx=356, cy=198, box=array('i', [262, 194, 451, 203]), score=0.79[0m
[self_driving-10] [0m[INFO] [1782503391.872967861] [self_driving]: [1;33m198[0m[0m
[self_driving-10] [0m[INFO] [1782503391.877038028] [self_driving]: DEBUG_DRIVE lane_x=130.5, linear=0.15, linear_y=0.00, angular=0.10, stop=False, crosswalk_distance=198, start_slow_down=True[0m
[self_driving-10] [0m[INFO] [1782503391.931491713] [self_driving]: [1;33m198[0m[0m
[self_driving-10] [0m[INFO] [1782503391.935059861] [self_driving]: DEBUG_DRIVE lane_x=129.5, linear=0.15, linear_y=0.00, angular=0.10, stop=False, crosswalk_distance=198, start_slow_down=True[0m
[self_driving-10] [0m[INFO] [1782503391.987490843] [self_driving]: [1;33m198[0m[0m
[self_driving-10] [0m[INFO] [1782503391.991141417] [self_driving]: DEBUG_DRIVE lane_x=131.0, linear=0.15, linear_y=0.00, angular=-0.10, stop=False, crosswalk_distance=198, start_slow_down=True[0m
[self_driving-10] [0m[INFO] [1782503392.047048195] [self_driving]: [1;33m198[0m[0m
[self_driving-10] [0m[INFO] [1782503392.048919269] [self_driving]: DEBUG_DRIVE lane_x=130.0, linear=0.15, linear_y=0.00, angular=0.10, stop=False, crosswalk_distance=198, start_slow_down=True[0m
[self_driving-10] [0m[INFO] [1782503392.133540861] [self_driving]: [1;33m198[0m[0m
[self_driving-10] [0m[INFO] [1782503392.134651658] [self_driving]: DEBUG_DRIVE lane_x=134.0, linear=0.15, linear_y=0.00, angular=-0.10, stop=False, crosswalk_distance=198, start_slow_down=False[0m
[self_driving-10] [0m[INFO] [1782503392.196222824] [self_driving]: [1;33m198[0m[0m
[self_driving-10] [0m[INFO] [1782503392.198094935] [self_driving]: DEBUG_DRIVE lane_x=131.5, linear=0.15, linear_y=0.00, angular=0.10, stop=False, crosswalk_distance=198, start_slow_down=False[0m
[self_driving-10] [0m[INFO] [1782503392.245862435] [self_driving]: objects=1[0m
[self_driving-10] [0m[INFO] [1782503392.247283435] [self_driving]: [DET] crosswalk: cx=426, cy=278, box=array('i', [213, 260, 640, 297]), score=0.90[0m
[self_driving-10] [0m[INFO] [1782503392.291923657] [self_driving]: objects=1[0m
[self_driving-10] [0m[INFO] [1782503392.292537843] [self_driving]: [DET] crosswalk: cx=371, cy=202, box=array('i', [270, 198, 473, 207]), score=0.83[0m
[self_driving-10] [0m[INFO] [1782503392.297288806] [self_driving]: [1;33m202[0m[0m
[self_driving-10] [0m[INFO] [1782503392.299539824] [self_driving]: DEBUG_DRIVE lane_x=136.0, linear=0.15, linear_y=0.00, angular=-0.10, stop=False, crosswalk_distance=202, start_slow_down=False[0m
[self_driving-10] [0m[INFO] [1782503392.337091417] [self_driving]: [1;33m202[0m[0m
[self_driving-10] [0m[INFO] [1782503392.339452009] [self_driving]: DEBUG_DRIVE lane_x=139.0, linear=0.15, linear_y=0.00, angular=-0.10, stop=False, crosswalk_distance=202, start_slow_down=True[0m
[self_driving-10] [0m[INFO] [1782503392.407935769] [self_driving]: [1;33m202[0m[0m
[self_driving-10] [0m[INFO] [1782503392.409910935] [self_driving]: DEBUG_DRIVE lane_x=145.0, linear=0.15, linear_y=0.00, angular=-0.10, stop=False, crosswalk_distance=202, start_slow_down=True[0m
[self_driving-10] [0m[INFO] [1782503392.464271843] [self_driving]: [1;33m202[0m[0m
[self_driving-10] [0m[INFO] [1782503392.465835435] [self_driving]: DEBUG_DRIVE lane_x=149.0, linear=0.15, linear_y=0.00, angular=-0.10, stop=False, crosswalk_distance=202, start_slow_down=True[0m
[self_driving-10] [0m[INFO] [1782503392.539165528] [self_driving]: [1;33m202[0m[0m
[self_driving-10] [0m[INFO] [1782503392.540346435] [self_driving]: DEBUG_DRIVE lane_x=146.0, linear=0.15, linear_y=0.00, angular=-0.10, stop=False, crosswalk_distance=202, start_slow_down=True[0m
[self_driving-10] [0m[INFO] [1782503392.594053380] [self_driving]: [1;33m202[0m[0m
[self_driving-10] [0m[INFO] [1782503392.595772046] [self_driving]: DEBUG_DRIVE lane_x=138.5, linear=0.15, linear_y=0.00, angular=0.10, stop=False, crosswalk_distance=202, start_slow_down=True[0m
[self_driving-10] [0m[INFO] [1782503392.652232102] [self_driving]: [1;33m202[0m[0m
[self_driving-10] [0m[INFO] [1782503392.655364361] [self_driving]: DEBUG_DRIVE lane_x=139.5, linear=0.15, linear_y=0.00, angular=-0.10, stop=False, crosswalk_distance=202, start_slow_down=True[0m
[self_driving-10] [0m[INFO] [1782503392.694834546] [self_driving]: objects=1[0m
[self_driving-10] [0m[INFO] [1782503392.695488379] [self_driving]: [DET] go: cx=213, cy=130, box=array('i', [203, 115, 223, 146]), score=0.87[0m
[self_driving-10] [0m[INFO] [1782503392.704018028] [self_driving]: objects=1[0m
[self_driving-10] [0m[INFO] [1782503392.704967620] [self_driving]: [DET] crosswalk: cx=368, cy=206, box=array('i', [259, 201, 478, 212]), score=0.86[0m
[self_driving-10] [0m[INFO] [1782503392.745027139] [self_driving]: [1;33m206[0m[0m
[self_driving-10] [0m[INFO] [1782503392.747916583] [self_driving]: DEBUG_DRIVE lane_x=135.5, linear=0.15, linear_y=0.00, angular=-0.10, stop=False, crosswalk_distance=206, start_slow_down=True[0m
[self_driving-10] [0m[INFO] [1782503392.802548472] [self_driving]: [1;33m206[0m[0m
[self_driving-10] [0m[INFO] [1782503392.803813472] [self_driving]: DEBUG_DRIVE lane_x=138.5, linear=0.15, linear_y=0.00, angular=-0.10, stop=False, crosswalk_distance=206, start_slow_down=True[0m
[self_driving-10] [0m[INFO] [1782503392.860065398] [self_driving]: [1;33m206[0m[0m
[self_driving-10] [0m[INFO] [1782503392.861315250] [self_driving]: DEBUG_DRIVE lane_x=129.5, linear=0.15, linear_y=0.00, angular=0.10, stop=False, crosswalk_distance=206, start_slow_down=True[0m
[self_driving-10] [0m[INFO] [1782503392.921848879] [self_driving]: [1;33m206[0m[0m
[self_driving-10] [0m[INFO] [1782503392.923957490] [self_driving]: DEBUG_DRIVE lane_x=123.5, linear=0.15, linear_y=0.00, angular=0.10, stop=False, crosswalk_distance=206, start_slow_down=True[0m
[self_driving-10] [0m[INFO] [1782503392.992517527] [self_driving]: [1;33m206[0m[0m
[self_driving-10] [0m[INFO] [1782503392.994869676] [self_driving]: DEBUG_DRIVE lane_x=133.0, linear=0.15, linear_y=0.00, angular=-0.10, stop=False, crosswalk_distance=206, start_slow_down=True[0m
[self_driving-10] [0m[INFO] [1782503393.065025361] [self_driving]: [1;33m206[0m[0m
[self_driving-10] [0m[INFO] [1782503393.070489157] [self_driving]: DEBUG_DRIVE lane_x=117.0, linear=0.15, linear_y=0.00, angular=0.10, stop=False, crosswalk_distance=206, start_slow_down=True[0m
[self_driving-10] [0m[INFO] [1782503393.132235435] [self_driving]: objects=1[0m
[self_driving-10] [0m[INFO] [1782503393.142228638] [self_driving]: [DET] crosswalk: cx=372, cy=210, box=array('i', [253, 205, 491, 216]), score=0.85[0m
[self_driving-10] [0m[INFO] [1782503393.152892194] [self_driving]: objects=1[0m
[self_driving-10] [0m[INFO] [1782503393.153923713] [self_driving]: [DET] crosswalk: cx=399, cy=333, box=array('i', [158, 300, 640, 366]), score=0.84[0m
[self_driving-10] [0m[INFO] [1782503393.158639638] [self_driving]: [1;33m210[0m[0m
[self_driving-10] [0m[INFO] [1782503393.162031953] [self_driving]: DEBUG_DRIVE lane_x=121.0, linear=0.15, linear_y=0.00, angular=0.10, stop=False, crosswalk_distance=333, start_slow_down=True[0m
[self_driving-10] [0m[INFO] [1782503393.208747250] [self_driving]: [1;33m333[0m[0m
[self_driving-10] [0m[INFO] [1782503393.209934305] [self_driving]: DEBUG_DRIVE lane_x=114.0, linear=0.15, linear_y=0.00, angular=0.10, stop=False, crosswalk_distance=333, start_slow_down=True[0m
[self_driving-10] [0m[INFO] [1782503393.269557787] [self_driving]: [1;33m333[0m[0m
[self_driving-10] [0m[INFO] [1782503393.270784879] [self_driving]: DEBUG_DRIVE lane_x=113.5, linear=0.15, linear_y=0.00, angular=0.10, stop=False, crosswalk_distance=333, start_slow_down=True[0m
[self_driving-10] [0m[INFO] [1782503393.335468083] [self_driving]: [1;33m333[0m[0m
[self_driving-10] [0m[INFO] [1782503393.337301953] [self_driving]: DEBUG_DRIVE lane_x=105.5, linear=0.15, linear_y=0.00, angular=0.10, stop=False, crosswalk_distance=333, start_slow_down=True[0m
[self_driving-10] [0m[INFO] [1782503393.383858546] [self_driving]: [1;33m333[0m[0m
[self_driving-10] [0m[INFO] [1782503393.388028249] [self_driving]: DEBUG_DRIVE lane_x=106.0, linear=0.15, linear_y=0.00, angular=0.10, stop=False, crosswalk_distance=333, start_slow_down=True[0m
[self_driving-10] [0m[INFO] [1782503393.460404027] [self_driving]: [1;33m333[0m[0m
[self_driving-10] [0m[INFO] [1782503393.463570675] [self_driving]: DEBUG_DRIVE lane_x=109.0, linear=0.15, linear_y=0.00, angular=0.10, stop=False, crosswalk_distance=333, start_slow_down=True[0m
[self_driving-10] [0m[INFO] [1782503393.523546342] [self_driving]: [1;33m333[0m[0m
[self_driving-10] [0m[INFO] [1782503393.525447842] [self_driving]: DEBUG_DRIVE lane_x=111.5, linear=0.15, linear_y=0.00, angular=0.10, stop=False, crosswalk_distance=333, start_slow_down=True[0m
[self_driving-10] [0m[INFO] [1782503393.563226009] [self_driving]: objects=1[0m
[self_driving-10] [0m[INFO] [1782503393.563714434] [self_driving]: [DET] crosswalk: cx=385, cy=222, box=array('i', [257, 214, 514, 230]), score=0.86[0m
[self_driving-10] [0m[INFO] [1782503393.565919138] [self_driving]: objects=1[0m
[self_driving-10] [0m[INFO] [1782503393.566675823] [self_driving]: [DET] go: cx=210, cy=136, box=array('i', [200, 119, 220, 153]), score=0.86[0m
[self_driving-10] [0m[INFO] [1782503393.569996305] [self_driving]: objects=1[0m
[self_driving-10] [0m[INFO] [1782503393.572516268] [self_driving]: [DET] green: cx=633, cy=141, box=array('i', [628, 131, 639, 152]), score=0.39[0m
[self_driving-10] [0m[INFO] [1782503393.636801212] [self_driving]: [1;33m0[0m[0m
[self_driving-10] [0m[INFO] [1782503393.640005509] [self_driving]: DEBUG_DRIVE lane_x=118.0, linear=0.15, linear_y=0.00, angular=0.10, stop=False, crosswalk_distance=0, start_slow_down=True[0m
[self_driving-10] [0m[INFO] [1782503393.683130731] [self_driving]: [1;33m0[0m[0m
[self_driving-10] [0m[INFO] [1782503393.686710323] [self_driving]: DEBUG_DRIVE lane_x=121.5, linear=0.15, linear_y=0.00, angular=0.10, stop=False, crosswalk_distance=0, start_slow_down=True[0m
[self_driving-10] [0m[INFO] [1782503393.740651657] [self_driving]: [1;33m0[0m[0m
[self_driving-10] [0m[INFO] [1782503393.743202768] [self_driving]: DEBUG_DRIVE lane_x=124.0, linear=0.15, linear_y=0.00, angular=0.10, stop=False, crosswalk_distance=0, start_slow_down=True[0m
[self_driving-10] [0m[INFO] [1782503393.800362175] [self_driving]: [1;33m0[0m[0m
[self_driving-10] [0m[INFO] [1782503393.802167897] [self_driving]: DEBUG_DRIVE lane_x=131.5, linear=0.15, linear_y=0.00, angular=-0.10, stop=False, crosswalk_distance=0, start_slow_down=True[0m
[self_driving-10] [0m[INFO] [1782503393.873646657] [self_driving]: [1;33m0[0m[0m
[self_driving-10] [0m[INFO] [1782503393.876231694] [self_driving]: DEBUG_DRIVE lane_x=136.0, linear=0.15, linear_y=0.00, angular=-0.10, stop=False, crosswalk_distance=0, start_slow_down=True[0m
[self_driving-10] [0m[INFO] [1782503393.946232842] [self_driving]: [1;33m0[0m[0m
[self_driving-10] [0m[INFO] [1782503393.949595694] [self_driving]: DEBUG_DRIVE lane_x=150.5, linear=0.15, linear_y=0.00, angular=-0.10, stop=False, crosswalk_distance=0, start_slow_down=True[0m
[self_driving-10] [0m[INFO] [1782503393.993159842] [self_driving]: [1;33m0[0m[0m
[self_driving-10] [0m[INFO] [1782503393.995081527] [self_driving]: DEBUG_DRIVE lane_x=152.0, linear=0.15, linear_y=0.00, angular=-0.10, stop=False, crosswalk_distance=0, start_slow_down=True[0m
[self_driving-10] [0m[INFO] [1782503394.024834564] [self_driving]: objects=1[0m
[self_driving-10] [0m[INFO] [1782503394.025310101] [self_driving]: [DET] crosswalk: cx=342, cy=422, box=array('i', [48, 365, 637, 479]), score=0.93[0m
[self_driving-10] [0m[INFO] [1782503394.027876249] [self_driving]: objects=1[0m
[self_driving-10] [0m[INFO] [1782503394.029422471] [self_driving]: [DET] crosswalk: cx=391, cy=214, box=array('i', [255, 206, 528, 223]), score=0.87[0m
[self_driving-10] [0m[INFO] [1782503394.033984156] [self_driving]: objects=1[0m
[self_driving-10] [0m[INFO] [1782503394.036507175] [self_driving]: [DET] go: cx=202, cy=120, box=array('i', [190, 102, 214, 139]), score=0.86[0m
[self_driving-10] [0m[INFO] [1782503394.100162805] [self_driving]: [1;33m0[0m[0m
[self_driving-10] [0m[INFO] [1782503394.102891545] [self_driving]: DEBUG_DRIVE lane_x=150.5, linear=0.15, linear_y=0.00, angular=-0.10, stop=False, crosswalk_distance=0, start_slow_down=True[0m
[self_driving-10] [0m[INFO] [1782503394.152145767] [self_driving]: [1;33m0[0m[0m
[self_driving-10] [0m[INFO] [1782503394.154855916] [self_driving]: DEBUG_DRIVE lane_x=149.0, linear=0.15, linear_y=0.00, angular=-0.10, stop=False, crosswalk_distance=0, start_slow_down=True[0m
[self_driving-10] [0m[INFO] [1782503394.216090471] [self_driving]: [1;33m0[0m[0m
[self_driving-10] [0m[INFO] [1782503394.218201193] [self_driving]: DEBUG_DRIVE lane_x=147.0, linear=0.15, linear_y=0.00, angular=-0.10, stop=False, crosswalk_distance=0, start_slow_down=True[0m
[self_driving-10] [0m[INFO] [1782503394.275242527] [self_driving]: [1;33m0[0m[0m
[self_driving-10] [0m[INFO] [1782503394.276842730] [self_driving]: DEBUG_DRIVE lane_x=140.0, linear=0.15, linear_y=0.00, angular=-0.09, stop=False, crosswalk_distance=0, start_slow_down=True[0m
[self_driving-10] [0m[INFO] [1782503394.338506508] [self_driving]: [1;33m0[0m[0m
[self_driving-10] [0m[INFO] [1782503394.340626138] [self_driving]: DEBUG_DRIVE lane_x=142.5, linear=0.15, linear_y=0.00, angular=-0.10, stop=False, crosswalk_distance=0, start_slow_down=True[0m
[self_driving-10] [0m[INFO] [1782503394.411444267] [self_driving]: [1;33m0[0m[0m
[self_driving-10] [0m[INFO] [1782503394.412889786] [self_driving]: DEBUG_DRIVE lane_x=145.0, linear=0.15, linear_y=0.00, angular=-0.10, stop=False, crosswalk_distance=0, start_slow_down=True[0m
[self_driving-10] [0m[INFO] [1782503394.459737545] [self_driving]: objects=1[0m
[self_driving-10] [0m[INFO] [1782503394.460340619] [self_driving]: [DET] go: cx=189, cy=110, box=array('i', [177, 90, 202, 131]), score=0.86[0m
[self_driving-10] [0m[INFO] [1782503394.491845675] [self_driving]: [1;33m0[0m[0m
[self_driving-10] [0m[INFO] [1782503394.493305823] [self_driving]: DEBUG_DRIVE lane_x=138.0, linear=0.15, linear_y=0.00, angular=-0.10, stop=False, crosswalk_distance=0, start_slow_down=True[0m
[self_driving-10] [0m[INFO] [1782503394.552993267] [self_driving]: [1;33m0[0m[0m
[self_driving-10] [0m[INFO] [1782503394.555089934] [self_driving]: DEBUG_DRIVE lane_x=136.0, linear=0.15, linear_y=0.00, angular=-0.10, stop=False, crosswalk_distance=0, start_slow_down=True[0m
[self_driving-10] [0m[INFO] [1782503394.600998841] [self_driving]: [1;33m0[0m[0m
[self_driving-10] [0m[INFO] [1782503394.604122823] [self_driving]: DEBUG_DRIVE lane_x=129.0, linear=0.15, linear_y=0.00, angular=0.10, stop=False, crosswalk_distance=0, start_slow_down=True[0m
[self_driving-10] [0m[INFO] [1782503394.681288860] [self_driving]: [1;33m0[0m[0m
[self_driving-10] [0m[INFO] [1782503394.684060267] [self_driving]: DEBUG_DRIVE lane_x=126.0, linear=0.15, linear_y=0.00, angular=0.10, stop=False, crosswalk_distance=0, start_slow_down=True[0m
[self_driving-10] [0m[INFO] [1782503394.743953156] [self_driving]: [1;33m0[0m[0m
[self_driving-10] [0m[INFO] [1782503394.744947249] [self_driving]: DEBUG_DRIVE lane_x=119.0, linear=0.15, linear_y=0.00, angular=0.10, stop=False, crosswalk_distance=0, start_slow_down=True[0m
[self_driving-10] [0m[INFO] [1782503394.804149841] [self_driving]: [1;33m0[0m[0m
[self_driving-10] [0m[INFO] [1782503394.805708841] [self_driving]: DEBUG_DRIVE lane_x=122.5, linear=0.15, linear_y=0.00, angular=0.10, stop=False, crosswalk_distance=0, start_slow_down=True[0m
[self_driving-10] [0m[INFO] [1782503394.838847897] [self_driving]: objects=1[0m
[self_driving-10] [0m[INFO] [1782503394.840800841] [self_driving]: [DET] crosswalk: cx=437, cy=227, box=array('i', [267, 215, 608, 239]), score=0.89[0m
[self_driving-10] [0m[INFO] [1782503394.844510693] [self_driving]: objects=1[0m
[self_driving-10] [0m[INFO] [1782503394.845918934] [self_driving]: [DET] go: cx=207, cy=111, box=array('i', [195, 90, 219, 133]), score=0.81[0m
[self_driving-10] [0m[INFO] [1782503394.897942008] [self_driving]: [1;33m0[0m[0m
[self_driving-10] [0m[INFO] [1782503394.901565674] [self_driving]: DEBUG_DRIVE lane_x=126.5, linear=0.15, linear_y=0.00, angular=0.02, stop=False, crosswalk_distance=0, start_slow_down=True[0m
[self_driving-10] [0m[INFO] [1782503394.943945786] [self_driving]: [1;33m0[0m[0m
[self_driving-10] [0m[INFO] [1782503394.947376637] [self_driving]: DEBUG_DRIVE lane_x=128.0, linear=0.15, linear_y=0.00, angular=-0.10, stop=False, crosswalk_distance=0, start_slow_down=True[0m
[self_driving-10] [0m[INFO] [1782503395.010240174] [self_driving]: [1;33m0[0m[0m
[self_driving-10] [0m[INFO] [1782503395.015840452] [self_driving]: DEBUG_DRIVE lane_x=130.0, linear=0.15, linear_y=0.00, angular=-0.10, stop=False, crosswalk_distance=0, start_slow_down=False[0m
[self_driving-10] [0m[INFO] [1782503395.069522637] [self_driving]: [1;33m0[0m[0m
[self_driving-10] [0m[INFO] [1782503395.072238804] [self_driving]: DEBUG_DRIVE lane_x=131.0, linear=0.30, linear_y=0.00, angular=-0.10, stop=False, crosswalk_distance=0, start_slow_down=False[0m
[self_driving-10] [0m[INFO] [1782503395.143896322] [self_driving]: [1;33m0[0m[0m
[self_driving-10] [0m[INFO] [1782503395.145964822] [self_driving]: DEBUG_DRIVE lane_x=128.5, linear=0.30, linear_y=0.00, angular=0.10, stop=False, crosswalk_distance=0, start_slow_down=False[0m
[self_driving-10] [0m[INFO] [1782503395.213534730] [self_driving]: [1;33m0[0m[0m
[self_driving-10] [0m[INFO] [1782503395.215712563] [self_driving]: DEBUG_DRIVE lane_x=124.5, linear=0.30, linear_y=0.00, angular=0.10, stop=False, crosswalk_distance=0, start_slow_down=False[0m
[self_driving-10] [0m[INFO] [1782503395.251318822] [self_driving]: objects=1[0m
[self_driving-10] [0m[INFO] [1782503395.252224415] [self_driving]: [DET] crosswalk: cx=445, cy=240, box=array('i', [258, 227, 633, 254]), score=0.89[0m
[self_driving-10] [0m[INFO] [1782503395.256507508] [self_driving]: objects=1[0m
[self_driving-10] [0m[INFO] [1782503395.261110193] [self_driving]: [DET] go: cx=198, cy=117, box=array('i', [184, 94, 212, 141]), score=0.87[0m
[self_driving-10] [0m[INFO] [1782503395.304570267] [self_driving]: [1;33m0[0m[0m
[self_driving-10] [0m[INFO] [1782503395.306206508] [self_driving]: DEBUG_DRIVE lane_x=115.5, linear=0.30, linear_y=0.00, angular=0.10, stop=False, crosswalk_distance=0, start_slow_down=False[0m
[self_driving-10] [0m[INFO] [1782503395.347829619] [self_driving]: [1;33m0[0m[0m
[self_driving-10] [0m[INFO] [1782503395.350816748] [self_driving]: DEBUG_DRIVE lane_x=152.5, linear=0.30, linear_y=0.00, angular=-0.10, stop=False, crosswalk_distance=0, start_slow_down=False[0m
[self_driving-10] [0m[INFO] [1782503395.423055822] [self_driving]: [1;33m0[0m[0m
[self_driving-10] [0m[INFO] [1782503395.424407285] [self_driving]: DEBUG_DRIVE lane_x=150.0, linear=0.30, linear_y=0.00, angular=-0.10, stop=False, crosswalk_distance=0, start_slow_down=False[0m
[self_driving-10] [0m[INFO] [1782503395.487149637] [self_driving]: [1;33m0[0m[0m
[self_driving-10] [0m[INFO] [1782503395.488345915] [self_driving]: DEBUG_DRIVE lane_x=150.5, linear=0.30, linear_y=0.00, angular=-0.10, stop=False, crosswalk_distance=0, start_slow_down=False[0m
[self_driving-10] [0m[INFO] [1782503395.543716507] [self_driving]: [1;33m0[0m[0m
[self_driving-10] [0m[INFO] [1782503395.545323230] [self_driving]: DEBUG_DRIVE lane_x=140.5, linear=0.30, linear_y=0.00, angular=0.10, stop=False, crosswalk_distance=0, start_slow_down=False[0m
[self_driving-10] [0m[INFO] [1782503395.621537193] [self_driving]: [1;33m0[0m[0m
[self_driving-10] [0m[INFO] [1782503395.622880748] [self_driving]: DEBUG_DRIVE lane_x=132.5, linear=0.30, linear_y=0.00, angular=0.10, stop=False, crosswalk_distance=0, start_slow_down=False[0m
[self_driving-10] [0m[INFO] [1782503395.641593859] [self_driving]: objects=1[0m
[self_driving-10] [0m[INFO] [1782503395.642701193] [self_driving]: [DET] crosswalk: cx=429, cy=252, box=array('i', [221, 236, 638, 268]), score=0.92[0m
[self_driving-10] [0m[INFO] [1782503395.657632230] [self_driving]: objects=1[0m
[self_driving-10] [0m[INFO] [1782503395.675738692] [self_driving]: [DET] go: cx=159, cy=114, box=array('i', [146, 90, 172, 139]), score=0.88[0m
[self_driving-10] [0m[INFO] [1782503395.715778174] [self_driving]: [1;33m0[0m[0m
[self_driving-10] [0m[INFO] [1782503395.721567026] [self_driving]: DEBUG_DRIVE lane_x=125.5, linear=0.30, linear_y=0.00, angular=0.10, stop=False, crosswalk_distance=0, start_slow_down=False[0m
[self_driving-10] [0m[INFO] [1782503395.750020248] [self_driving]: [1;33m0[0m[0m
[self_driving-10] [0m[INFO] [1782503395.752892581] [self_driving]: DEBUG_DRIVE lane_x=126.0, linear=0.30, linear_y=0.00, angular=0.10, stop=False, crosswalk_distance=0, start_slow_down=False[0m
[self_driving-10] [0m[INFO] [1782503395.823852970] [self_driving]: [1;33m0[0m[0m
[self_driving-10] [0m[INFO] [1782503395.825312026] [self_driving]: DEBUG_DRIVE lane_x=128.5, linear=0.30, linear_y=0.00, angular=-0.10, stop=False, crosswalk_distance=0, start_slow_down=False[0m
[self_driving-10] [0m[INFO] [1782503395.887202859] [self_driving]: [1;33m0[0m[0m
[self_driving-10] [0m[INFO] [1782503395.892384544] [self_driving]: DEBUG_DRIVE lane_x=132.0, linear=0.30, linear_y=0.00, angular=-0.10, stop=False, crosswalk_distance=0, start_slow_down=False[0m
[self_driving-10] [0m[INFO] [1782503395.939834785] [self_driving]: [1;33m0[0m[0m
[self_driving-10] [0m[INFO] [1782503395.941312452] [self_driving]: DEBUG_DRIVE lane_x=136.5, linear=0.30, linear_y=0.00, angular=-0.10, stop=False, crosswalk_distance=0, start_slow_down=False[0m
[self_driving-10] [0m[INFO] [1782503396.026439155] [self_driving]: [1;33m0[0m[0m
[self_driving-10] [0m[INFO] [1782503396.029489007] [self_driving]: DEBUG_DRIVE lane_x=139.5, linear=0.30, linear_y=0.00, angular=-0.10, stop=False, crosswalk_distance=0, start_slow_down=False[0m
[self_driving-10] [0m[INFO] [1782503396.077044285] [self_driving]: [1;33m0[0m[0m
[self_driving-10] [0m[INFO] [1782503396.079308803] [self_driving]: DEBUG_DRIVE lane_x=137.5, linear=0.30, linear_y=0.00, angular=-0.10, stop=False, crosswalk_distance=0, start_slow_down=False[0m
[self_driving-10] [0m[INFO] [1782503396.083746452] [self_driving]: objects=1[0m
[self_driving-10] [0m[INFO] [1782503396.084384637] [self_driving]: [DET] crosswalk: cx=425, cy=268, box=array('i', [211, 249, 639, 287]), score=0.92[0m
[self_driving-10] [0m[INFO] [1782503396.092330692] [self_driving]: objects=1[0m
[self_driving-10] [0m[INFO] [1782503396.097689914] [self_driving]: [DET] go: cx=143, cy=114, box=array('i', [129, 88, 157, 140]), score=0.90[0m
[self_driving-10] [0m[INFO] [1782503396.170539007] [self_driving]: [1;33m0[0m[0m
[self_driving-10] [0m[INFO] [1782503396.171876340] [self_driving]: DEBUG_DRIVE lane_x=138.5, linear=0.30, linear_y=0.00, angular=-0.10, stop=False, crosswalk_distance=0, start_slow_down=False[0m
[self_driving-10] [0m[INFO] [1782503396.222173988] [self_driving]: [1;33m0[0m[0m
[self_driving-10] [0m[INFO] [1782503396.224553285] [self_driving]: DEBUG_DRIVE lane_x=130.5, linear=0.30, linear_y=0.00, angular=0.10, stop=False, crosswalk_distance=0, start_slow_down=False[0m
[self_driving-10] [0m[INFO] [1782503396.295847896] [self_driving]: [1;33m0[0m[0m
[self_driving-10] [0m[INFO] [1782503396.298232359] [self_driving]: DEBUG_DRIVE lane_x=125.5, linear=0.30, linear_y=0.00, angular=0.10, stop=False, crosswalk_distance=0, start_slow_down=False[0m
[self_driving-10] [0m[INFO] [1782503396.351397266] [self_driving]: [1;33m0[0m[0m
[self_driving-10] [0m[INFO] [1782503396.353686933] [self_driving]: DEBUG_DRIVE lane_x=123.0, linear=0.30, linear_y=0.00, angular=0.10, stop=False, crosswalk_distance=0, start_slow_down=False[0m
[self_driving-10] [0m[INFO] [1782503396.423902007] [self_driving]: [1;33m0[0m[0m
[self_driving-10] [0m[INFO] [1782503396.429014377] [self_driving]: DEBUG_DRIVE lane_x=124.5, linear=0.30, linear_y=0.00, angular=0.10, stop=False, crosswalk_distance=0, start_slow_down=False[0m
[self_driving-10] [0m[INFO] [1782503396.472793748] [self_driving]: objects=1[0m
[self_driving-10] [0m[INFO] [1782503396.479210211] [self_driving]: [DET] crosswalk: cx=405, cy=307, box=array('i', [171, 276, 639, 339]), score=0.92[0m
[self_driving-10] [0m[INFO] [1782503396.493942118] [self_driving]: objects=1[0m
[self_driving-10] [0m[INFO] [1782503396.497100692] [self_driving]: [DET] go: cx=100, cy=105, box=array('i', [82, 73, 119, 138]), score=0.89[0m
[self_driving-10] [0m[INFO] [1782503396.520943933] [self_driving]: [1;33m0[0m[0m
[self_driving-10] [0m[INFO] [1782503396.523181692] [self_driving]: DEBUG_DRIVE lane_x=127.0, linear=0.30, linear_y=0.00, angular=0.10, stop=False, crosswalk_distance=0, start_slow_down=False[0m
[self_driving-10] [0m[INFO] [1782503396.575192562] [self_driving]: [1;33m0[0m[0m
[self_driving-10] [0m[INFO] [1782503396.577856599] [self_driving]: DEBUG_DRIVE lane_x=129.5, linear=0.30, linear_y=0.00, angular=-0.10, stop=False, crosswalk_distance=0, start_slow_down=False[0m
[self_driving-10] [0m[INFO] [1782503396.653705933] [self_driving]: [1;33m0[0m[0m
[self_driving-10] [0m[INFO] [1782503396.654936488] [self_driving]: DEBUG_DRIVE lane_x=133.0, linear=0.30, linear_y=0.00, angular=-0.10, stop=False, crosswalk_distance=0, start_slow_down=False[0m
[self_driving-10] [0m[INFO] [1782503396.752461321] [self_driving]: [1;33m0[0m[0m
[self_driving-10] [0m[INFO] [1782503396.753717377] [self_driving]: DEBUG_DRIVE lane_x=133.5, linear=0.30, linear_y=0.00, angular=-0.10, stop=False, crosswalk_distance=0, start_slow_down=False[0m
[self_driving-10] [0m[INFO] [1782503396.832573858] [self_driving]: [1;33m0[0m[0m
[self_driving-10] [0m[INFO] [1782503396.835362266] [self_driving]: DEBUG_DRIVE lane_x=131.5, linear=0.30, linear_y=0.00, angular=0.10, stop=False, crosswalk_distance=0, start_slow_down=False[0m
[self_driving-10] [0m[INFO] [1782503396.896823710] [self_driving]: [1;33m0[0m[0m
[self_driving-10] [0m[INFO] [1782503396.897906618] [self_driving]: DEBUG_DRIVE lane_x=133.5, linear=0.30, linear_y=0.00, angular=-0.10, stop=False, crosswalk_distance=0, start_slow_down=False[0m
[self_driving-10] [0m[INFO] [1782503396.903093025] [self_driving]: objects=1[0m
[self_driving-10] [0m[INFO] [1782503396.905931433] [self_driving]: [DET] crosswalk: cx=361, cy=377, box=array('i', [87, 319, 636, 436]), score=0.92[0m
[self_driving-10] [0m[INFO] [1782503396.923235247] [self_driving]: objects=1[0m
[self_driving-10] [0m[INFO] [1782503396.926454470] [self_driving]: [DET] go: cx=32, cy=93, box=array('i', [10, 52, 55, 135]), score=0.85[0m
[self_driving-10] [0m[INFO] [1782503396.984595136] [self_driving]: [1;33m0[0m[0m
[self_driving-10] [0m[INFO] [1782503396.986219877] [self_driving]: DEBUG_DRIVE lane_x=129.0, linear=0.30, linear_y=0.00, angular=0.10, stop=False, crosswalk_distance=0, start_slow_down=False[0m
[self_driving-10] [0m[INFO] [1782503397.084629562] [self_driving]: [1;33m0[0m[0m
[self_driving-10] [0m[INFO] [1782503397.085919636] [self_driving]: DEBUG_DRIVE lane_x=127.0, linear=0.30, linear_y=0.00, angular=0.10, stop=False, crosswalk_distance=0, start_slow_down=False[0m
[self_driving-10] [0m[INFO] [1782503397.151638173] [self_driving]: [1;33m0[0m[0m
[self_driving-10] [0m[INFO] [1782503397.155455414] [self_driving]: DEBUG_DRIVE lane_x=128.0, linear=0.30, linear_y=0.00, angular=0.10, stop=False, crosswalk_distance=0, start_slow_down=False[0m
[self_driving-10] [0m[INFO] [1782503397.229132006] [self_driving]: [1;33m0[0m[0m
[self_driving-10] [0m[INFO] [1782503397.231499877] [self_driving]: DEBUG_DRIVE lane_x=134.0, linear=0.30, linear_y=0.00, angular=-0.10, stop=False, crosswalk_distance=0, start_slow_down=False[0m
[self_driving-10] [0m[INFO] [1782503397.307293395] [self_driving]: [1;33m0[0m[0m
[self_driving-10] [0m[INFO] [1782503397.308580210] [self_driving]: DEBUG_DRIVE lane_x=135.5, linear=0.30, linear_y=0.00, angular=-0.10, stop=False, crosswalk_distance=0, start_slow_down=False[0m
[self_driving-10] [0m[INFO] [1782503397.372416617] [self_driving]: objects=1[0m
[self_driving-10] [0m[INFO] [1782503397.374910099] [self_driving]: [DET] crosswalk: cx=329, cy=451, box=array('i', [18, 422, 640, 480]), score=0.88[0m
[self_driving-10] [0m[INFO] [1782503397.408627117] [self_driving]: [1;33m451[0m[0m
[self_driving-10] [0m[INFO] [1782503397.410041043] [self_driving]: DEBUG_DRIVE lane_x=139.5, linear=0.15, linear_y=0.00, angular=-0.10, stop=False, crosswalk_distance=451, start_slow_down=False[0m
[self_driving-10] [0m[INFO] [1782503397.467964728] [self_driving]: [1;33m451[0m[0m
[self_driving-10] [0m[INFO] [1782503397.469276877] [self_driving]: DEBUG_DRIVE lane_x=138.0, linear=0.15, linear_y=0.00, angular=-0.10, stop=False, crosswalk_distance=451, start_slow_down=False[0m
[self_driving-10] [0m[INFO] [1782503397.544449099] [self_driving]: [1;33m451[0m[0m
[self_driving-10] [0m[INFO] [1782503397.548562043] [self_driving]: DEBUG_DRIVE lane_x=141.0, linear=0.15, linear_y=0.00, angular=-0.10, stop=False, crosswalk_distance=451, start_slow_down=True[0m
[self_driving-10] [0m[INFO] [1782503397.635519562] [self_driving]: [1;33m451[0m[0m
[self_driving-10] [0m[INFO] [1782503397.636547802] [self_driving]: DEBUG_DRIVE lane_x=135.5, linear=0.15, linear_y=0.00, angular=-0.10, stop=False, crosswalk_distance=451, start_slow_down=True[0m
[self_driving-10] [0m[INFO] [1782503397.704592691] [self_driving]: [1;33m451[0m[0m
[self_driving-10] [0m[INFO] [1782503397.706921228] [self_driving]: DEBUG_DRIVE lane_x=137.5, linear=0.15, linear_y=0.00, angular=-0.10, stop=False, crosswalk_distance=451, start_slow_down=True[0m
[self_driving-10] [0m[INFO] [1782503397.809372580] [self_driving]: [1;33m451[0m[0m
[self_driving-10] [0m[INFO] [1782503397.812954673] [self_driving]: DEBUG_DRIVE lane_x=140.5, linear=0.15, linear_y=0.00, angular=-0.10, stop=False, crosswalk_distance=451, start_slow_down=True[0m
[self_driving-10] [0m[INFO] [1782503397.876331987] [self_driving]: [1;33m451[0m[0m
[self_driving-10] [0m[INFO] [1782503397.878344376] [self_driving]: DEBUG_DRIVE lane_x=133.0, linear=0.15, linear_y=0.00, angular=0.10, stop=False, crosswalk_distance=451, start_slow_down=True[0m
[self_driving-10] [0m[INFO] [1782503397.940651932] [self_driving]: [1;33m451[0m[0m
[self_driving-10] [0m[INFO] [1782503397.942499173] [self_driving]: DEBUG_DRIVE lane_x=128.0, linear=0.15, linear_y=0.00, angular=0.10, stop=False, crosswalk_distance=451, start_slow_down=True[0m
[self_driving-10] [0m[INFO] [1782503398.034639413] [self_driving]: [1;33m451[0m[0m
[self_driving-10] [0m[INFO] [1782503398.036191802] [self_driving]: DEBUG_DRIVE lane_x=124.0, linear=0.15, linear_y=0.00, angular=0.10, stop=False, crosswalk_distance=451, start_slow_down=True[0m
[self_driving-10] [0m[INFO] [1782503398.108482654] [self_driving]: objects=1[0m
[self_driving-10] [0m[INFO] [1782503398.109501413] [self_driving]: [DET] crosswalk: cx=510, cy=327, box=array('i', [434, 274, 587, 380]), score=0.30[0m
[self_driving-10] [0m[INFO] [1782503398.115524284] [self_driving]: [1;33m327[0m[0m
[self_driving-10] [0m[INFO] [1782503398.118165561] [self_driving]: DEBUG_DRIVE lane_x=132.0, linear=0.15, linear_y=0.00, angular=-0.10, stop=False, crosswalk_distance=327, start_slow_down=True[0m
[self_driving-10] [0m[INFO] [1782503398.211715302] [self_driving]: [1;33m327[0m[0m
[self_driving-10] [0m[INFO] [1782503398.213254024] [self_driving]: DEBUG_DRIVE lane_x=137.0, linear=0.15, linear_y=0.00, angular=-0.10, stop=False, crosswalk_distance=327, start_slow_down=True[0m
[self_driving-10] [0m[INFO] [1782503398.275258709] [self_driving]: [1;33m327[0m[0m
[self_driving-10] [0m[INFO] [1782503398.277626061] [self_driving]: DEBUG_DRIVE lane_x=149.5, linear=0.15, linear_y=0.00, angular=-0.10, stop=False, crosswalk_distance=327, start_slow_down=True[0m
[self_driving-10] [0m[INFO] [1782503398.353435506] [self_driving]: [1;33m327[0m[0m
[self_driving-10] [0m[INFO] [1782503398.355095098] [self_driving]: DEBUG_DRIVE lane_x=154.5, linear=0.15, linear_y=0.00, angular=-0.10, stop=False, crosswalk_distance=327, start_slow_down=True[0m
[self_driving-10] [0m[INFO] [1782503398.427102524] [self_driving]: [1;33m327[0m[0m
[self_driving-10] [0m[INFO] [1782503398.430198580] [self_driving]: DEBUG_DRIVE lane_x=159.0, linear=0.15, linear_y=0.00, angular=-0.10, stop=False, crosswalk_distance=327, start_slow_down=True[0m
[self_driving-10] [0m[INFO] [1782503398.531912709] [self_driving]: [1;33m327[0m[0m
[self_driving-10] [0m[INFO] [1782503398.534250950] [self_driving]: DEBUG_DRIVE lane_x=164.5, linear=0.15, linear_y=0.00, angular=-0.10, stop=False, crosswalk_distance=327, start_slow_down=True[0m
[self_driving-10] [0m[INFO] [1782503398.599495617] [self_driving]: [1;33m327[0m[0m
[self_driving-10] [0m[INFO] [1782503398.600583672] [self_driving]: DEBUG_DRIVE lane_x=186.0, linear=0.15, linear_y=0.00, angular=-0.10, stop=False, crosswalk_distance=327, start_slow_down=True[0m
[self_driving-10] [0m[INFO] [1782503398.683640820] [self_driving]: [1;33m327[0m[0m
[self_driving-10] [0m[INFO] [1782503398.686478413] [self_driving]: DEBUG_DRIVE lane_x=195.5, linear=0.15, linear_y=0.00, angular=-0.10, stop=False, crosswalk_distance=327, start_slow_down=True[0m
[self_driving-10] [0m[INFO] [1782503398.755387154] [self_driving]: [1;33m327[0m[0m
[self_driving-10] [0m[INFO] [1782503398.759965746] [self_driving]: DEBUG_DRIVE lane_x=194.5, linear=0.15, linear_y=0.00, angular=-0.10, stop=False, crosswalk_distance=327, start_slow_down=True[0m
[self_driving-10] [0m[INFO] [1782503398.842294413] [self_driving]: [1;33m327[0m[0m
[self_driving-10] [0m[INFO] [1782503398.844176746] [self_driving]: DEBUG_DRIVE lane_x=193.5, linear=0.15, linear_y=0.00, angular=-0.10, stop=False, crosswalk_distance=327, start_slow_down=True[0m
[self_driving-10] [0m[INFO] [1782503398.942465468] [self_driving]: [1;33m327[0m[0m
[self_driving-10] [0m[INFO] [1782503398.944575246] [self_driving]: DEBUG_DRIVE lane_x=193.5, linear=0.15, linear_y=0.00, angular=-0.10, stop=False, crosswalk_distance=327, start_slow_down=True[0m
[self_driving-10] [0m[INFO] [1782503399.011830042] [self_driving]: [1;33m327[0m[0m
[self_driving-10] [0m[INFO] [1782503399.013447116] [self_driving]: DEBUG_DRIVE lane_x=200.5, linear=0.15, linear_y=0.00, angular=-0.45, stop=False, crosswalk_distance=327, start_slow_down=True[0m
[self_driving-10] [0m[INFO] [1782503399.082979950] [self_driving]: [1;33m327[0m[0m
[self_driving-10] [0m[INFO] [1782503399.087139302] [self_driving]: DEBUG_DRIVE lane_x=201.5, linear=0.15, linear_y=0.00, angular=-0.45, stop=False, crosswalk_distance=327, start_slow_down=True[0m
[self_driving-10] [0m[INFO] [1782503399.168560394] [self_driving]: [1;33m327[0m[0m
[self_driving-10] [0m[INFO] [1782503399.169987931] [self_driving]: DEBUG_DRIVE lane_x=203.5, linear=0.15, linear_y=0.00, angular=-0.45, stop=False, crosswalk_distance=327, start_slow_down=True[0m
[self_driving-10] [0m[INFO] [1782503399.237477172] [self_driving]: [1;33m327[0m[0m
[self_driving-10] [0m[INFO] [1782503399.238653413] [self_driving]: DEBUG_DRIVE lane_x=201.0, linear=0.15, linear_y=0.00, angular=-0.45, stop=False, crosswalk_distance=327, start_slow_down=True[0m
[self_driving-10] [0m[INFO] [1782503399.331812727] [self_driving]: [1;33m327[0m[0m
[self_driving-10] [0m[INFO] [1782503399.339686283] [self_driving]: DEBUG_DRIVE lane_x=197.5, linear=0.15, linear_y=0.00, angular=-0.10, stop=False, crosswalk_distance=327, start_slow_down=True[0m
[self_driving-10] [0m[INFO] [1782503399.425790209] [self_driving]: [1;33m327[0m[0m
[self_driving-10] [0m[INFO] [1782503399.431160450] [self_driving]: DEBUG_DRIVE lane_x=194.5, linear=0.15, linear_y=0.00, angular=-0.10, stop=False, crosswalk_distance=327, start_slow_down=True[0m
[self_driving-10] [0m[INFO] [1782503399.480006375] [self_driving]: [1;33m327[0m[0m
[self_driving-10] [0m[INFO] [1782503399.486523838] [self_driving]: DEBUG_DRIVE lane_x=204.0, linear=0.15, linear_y=0.00, angular=-0.45, stop=False, crosswalk_distance=327, start_slow_down=True[0m
[self_driving-10] [0m[INFO] [1782503399.572523542] [self_driving]: [1;33m327[0m[0m
[self_driving-10] [0m[INFO] [1782503399.575889246] [self_driving]: DEBUG_DRIVE lane_x=221.0, linear=0.15, linear_y=0.00, angular=-0.45, stop=False, crosswalk_distance=327, start_slow_down=True[0m
[self_driving-10] [0m[INFO] [1782503399.644577079] [self_driving]: [1;33m327[0m[0m
[self_driving-10] [0m[INFO] [1782503399.645621635] [self_driving]: DEBUG_DRIVE lane_x=296.5, linear=0.15, linear_y=0.00, angular=-0.45, stop=False, crosswalk_distance=327, start_slow_down=True[0m
[self_driving-10] [0m[INFO] [1782503399.731408394] [self_driving]: [1;33m327[0m[0m
[self_driving-10] [0m[INFO] [1782503399.733241931] [self_driving]: DEBUG_DRIVE lane_x=107.5, linear=0.15, linear_y=0.00, angular=0.10, stop=False, crosswalk_distance=327, start_slow_down=True[0m
[self_driving-10] [0m[INFO] [1782503399.817011153] [self_driving]: [1;33m327[0m[0m
[self_driving-10] [0m[INFO] [1782503399.818140597] [self_driving]: DEBUG_DRIVE lane_x=110.0, linear=0.15, linear_y=0.00, angular=0.10, stop=False, crosswalk_distance=327, start_slow_down=True[0m
[self_driving-10] [0m[INFO] [1782503399.900889486] [self_driving]: [1;33m327[0m[0m
[self_driving-10] [0m[INFO] [1782503399.903811912] [self_driving]: DEBUG_DRIVE lane_x=105.0, linear=0.15, linear_y=0.00, angular=0.10, stop=False, crosswalk_distance=327, start_slow_down=True[0m
[self_driving-10] [0m[INFO] [1782503399.981179708] [self_driving]: [1;33m327[0m[0m
[self_driving-10] [0m[INFO] [1782503399.983841690] [self_driving]: DEBUG_DRIVE lane_x=111.5, linear=0.15, linear_y=0.00, angular=0.10, stop=False, crosswalk_distance=327, start_slow_down=True[0m
[self_driving-10] [0m[INFO] [1782503400.037661949] [self_driving]: [1;33m327[0m[0m
[self_driving-10] [0m[INFO] [1782503400.039628486] [self_driving]: DEBUG_DRIVE lane_x=159.0, linear=0.15, linear_y=0.00, angular=-0.10, stop=False, crosswalk_distance=327, start_slow_down=True[0m
[self_driving-10] [0m[INFO] [1782503400.120425616] [self_driving]: [1;33m327[0m[0m
[self_driving-10] [0m[INFO] [1782503400.124646097] [self_driving]: DEBUG_DRIVE lane_x=159.5, linear=0.15, linear_y=0.00, angular=-0.10, stop=False, crosswalk_distance=327, start_slow_down=True[0m
[self_driving-10] [0m[INFO] [1782503400.212447616] [self_driving]: [1;33m327[0m[0m
[self_driving-10] [0m[INFO] [1782503400.215544764] [self_driving]: DEBUG_DRIVE lane_x=159.5, linear=0.15, linear_y=0.00, angular=-0.10, stop=False, crosswalk_distance=327, start_slow_down=False[0m
[self_driving-10] [0m[INFO] [1782503400.294127764] [self_driving]: [1;33m327[0m[0m
[self_driving-10] [0m[INFO] [1782503400.296389042] [self_driving]: DEBUG_DRIVE lane_x=165.0, linear=0.15, linear_y=0.00, angular=-0.10, stop=False, crosswalk_distance=327, start_slow_down=False[0m
[self_driving-10] [0m[INFO] [1782503400.372227208] [self_driving]: [1;33m327[0m[0m
[self_driving-10] [0m[INFO] [1782503400.373696653] [self_driving]: DEBUG_DRIVE lane_x=202.5, linear=0.15, linear_y=0.00, angular=-0.45, stop=False, crosswalk_distance=327, start_slow_down=False[0m
[self_driving-10] [0m[INFO] [1782503400.449080486] [self_driving]: [1;33m327[0m[0m
[self_driving-10] [0m[INFO] [1782503400.451030967] [self_driving]: DEBUG_DRIVE lane_x=249.5, linear=0.15, linear_y=0.00, angular=-0.45, stop=False, crosswalk_distance=327, start_slow_down=True[0m
[self_driving-10] [0m[INFO] [1782503400.540463338] [self_driving]: [1;33m327[0m[0m
[self_driving-10] [0m[INFO] [1782503400.544553097] [self_driving]: DEBUG_DRIVE lane_x=295.0, linear=0.15, linear_y=0.00, angular=-0.45, stop=False, crosswalk_distance=327, start_slow_down=True[0m
[self_driving-10] [0m[INFO] [1782503400.613274819] [self_driving]: [1;33m327[0m[0m
[self_driving-10] [0m[INFO] [1782503400.615276578] [self_driving]: DEBUG_DRIVE lane_x=151.0, linear=0.15, linear_y=0.00, angular=-0.10, stop=False, crosswalk_distance=327, start_slow_down=True[0m
[self_driving-10] [0m[INFO] [1782503400.690070912] [self_driving]: [1;33m327[0m[0m
[self_driving-10] [0m[INFO] [1782503400.692000560] [self_driving]: DEBUG_DRIVE lane_x=159.5, linear=0.15, linear_y=0.00, angular=-0.10, stop=False, crosswalk_distance=327, start_slow_down=True[0m
[self_driving-10] [0m[INFO] [1782503400.771860226] [self_driving]: [1;33m327[0m[0m
[self_driving-10] [0m[INFO] [1782503400.775392745] [self_driving]: DEBUG_DRIVE lane_x=180.0, linear=0.15, linear_y=0.00, angular=-0.10, stop=False, crosswalk_distance=327, start_slow_down=True[0m
[self_driving-10] [0m[INFO] [1782503400.863709226] [self_driving]: [1;33m327[0m[0m
[self_driving-10] [0m[INFO] [1782503400.864775726] [self_driving]: DEBUG_DRIVE lane_x=181.5, linear=0.15, linear_y=0.00, angular=-0.10, stop=False, crosswalk_distance=327, start_slow_down=True[0m
[self_driving-10] [0m[INFO] [1782503400.930112800] [self_driving]: [1;33m327[0m[0m
[self_driving-10] [0m[INFO] [1782503400.932752226] [self_driving]: DEBUG_DRIVE lane_x=236.0, linear=0.15, linear_y=0.00, angular=-0.45, stop=False, crosswalk_distance=327, start_slow_down=True[0m
[self_driving-10] [0m[INFO] [1782503401.025974412] [self_driving]: [1;33m327[0m[0m
[self_driving-10] [0m[INFO] [1782503401.031056300] [self_driving]: DEBUG_DRIVE lane_x=256.5, linear=0.15, linear_y=0.00, angular=-0.45, stop=False, crosswalk_distance=327, start_slow_down=True[0m
[self_driving-10] [0m[INFO] [1782503401.096813560] [self_driving]: [1;33m327[0m[0m
[self_driving-10] [0m[INFO] [1782503401.098255541] [self_driving]: DEBUG_DRIVE lane_x=277.5, linear=0.15, linear_y=0.00, angular=-0.45, stop=False, crosswalk_distance=327, start_slow_down=True[0m
[self_driving-10] [0m[INFO] [1782503401.177068819] [self_driving]: [1;33m327[0m[0m
[self_driving-10] [0m[INFO] [1782503401.178200300] [self_driving]: DEBUG_DRIVE lane_x=283.5, linear=0.15, linear_y=0.00, angular=-0.45, stop=False, crosswalk_distance=327, start_slow_down=True[0m
[self_driving-10] [0m[INFO] [1782503401.254254911] [self_driving]: [1;33m327[0m[0m
[self_driving-10] [0m[INFO] [1782503401.257609615] [self_driving]: DEBUG_DRIVE lane_x=295.0, linear=0.15, linear_y=0.00, angular=-0.45, stop=False, crosswalk_distance=327, start_slow_down=True[0m
[self_driving-10] [0m[INFO] [1782503401.358272597] [self_driving]: [1;33m327[0m[0m
[self_driving-10] [0m[INFO] [1782503401.363117819] [self_driving]: DEBUG_DRIVE lane_x=305.5, linear=0.15, linear_y=0.00, angular=-0.45, stop=False, crosswalk_distance=327, start_slow_down=True[0m
[self_driving-10] [0m[INFO] [1782503401.429269893] [self_driving]: [1;33m327[0m[0m
[self_driving-10] [0m[INFO] [1782503401.504491319] [self_driving]: [1;33m327[0m[0m
[self_driving-10] [0m[INFO] [1782503401.581083356] [self_driving]: [1;33m327[0m[0m
[self_driving-10] [0m[INFO] [1782503401.664946948] [self_driving]: [1;33m327[0m[0m
[self_driving-10] [0m[INFO] [1782503401.731508189] [self_driving]: [1;33m327[0m[0m
[self_driving-10] [0m[INFO] [1782503401.840168226] [self_driving]: [1;33m327[0m[0m
[self_driving-10] [0m[INFO] [1782503401.908320707] [self_driving]: [1;33m327[0m[0m
[self_driving-10] [0m[INFO] [1782503401.979499485] [self_driving]: [1;33m327[0m[0m
[self_driving-10] [0m[INFO] [1782503402.055687633] [self_driving]: [1;33m327[0m[0m
[self_driving-10] [0m[INFO] [1782503402.137648929] [self_driving]: [1;33m327[0m[0m
[self_driving-10] [0m[INFO] [1782503402.228019281] [self_driving]: [1;33m327[0m[0m
[self_driving-10] [0m[INFO] [1782503402.229415115] [self_driving]: DEBUG_DRIVE lane_x=308.5, linear=0.15, linear_y=0.00, angular=-0.45, stop=False, crosswalk_distance=327, start_slow_down=True[0m
[self_driving-10] [0m[INFO] [1782503402.301265411] [self_driving]: [1;33m327[0m[0m
[self_driving-10] [0m[INFO] [1782503402.302977781] [self_driving]: DEBUG_DRIVE lane_x=303.5, linear=0.15, linear_y=0.00, angular=-0.45, stop=False, crosswalk_distance=327, start_slow_down=True[0m
[self_driving-10] [0m[INFO] [1782503402.386536614] [self_driving]: [1;33m327[0m[0m
[self_driving-10] [0m[INFO] [1782503402.388031522] [self_driving]: DEBUG_DRIVE lane_x=299.0, linear=0.15, linear_y=0.00, angular=-0.45, stop=False, crosswalk_distance=327, start_slow_down=True[0m
[self_driving-10] [0m[INFO] [1782503402.466979559] [self_driving]: [1;33m327[0m[0m
[self_driving-10] [0m[INFO] [1782503402.468202966] [self_driving]: DEBUG_DRIVE lane_x=295.0, linear=0.15, linear_y=0.00, angular=-0.45, stop=False, crosswalk_distance=327, start_slow_down=True[0m
[self_driving-10] [0m[INFO] [1782503402.544137800] [self_driving]: [1;33m327[0m[0m
[self_driving-10] [0m[INFO] [1782503402.546382614] [self_driving]: DEBUG_DRIVE lane_x=285.0, linear=0.15, linear_y=0.00, angular=-0.45, stop=False, crosswalk_distance=327, start_slow_down=True[0m
[self_driving-10] [0m[INFO] [1782503402.636232374] [self_driving]: [1;33m327[0m[0m
[self_driving-10] [0m[INFO] [1782503402.637812559] [self_driving]: DEBUG_DRIVE lane_x=277.0, linear=0.15, linear_y=0.00, angular=-0.45, stop=False, crosswalk_distance=327, start_slow_down=True[0m
[self_driving-10] [0m[INFO] [1782503402.711754948] [self_driving]: [1;33m327[0m[0m
[self_driving-10] [0m[INFO] [1782503402.713213966] [self_driving]: DEBUG_DRIVE lane_x=311.5, linear=0.15, linear_y=0.00, angular=-0.45, stop=False, crosswalk_distance=327, start_slow_down=True[0m
[self_driving-10] [0m[INFO] [1782503402.794506207] [self_driving]: [1;33m327[0m[0m
[self_driving-10] [0m[INFO] [1782503402.796131151] [self_driving]: DEBUG_DRIVE lane_x=302.0, linear=0.15, linear_y=0.00, angular=-0.45, stop=False, crosswalk_distance=327, start_slow_down=True[0m
[self_driving-10] [0m[INFO] [1782503402.869537873] [self_driving]: [1;33m327[0m[0m
[self_driving-10] [0m[INFO] [1782503402.871085114] [self_driving]: DEBUG_DRIVE lane_x=293.5, linear=0.15, linear_y=0.00, angular=-0.45, stop=False, crosswalk_distance=327, start_slow_down=True[0m
[self_driving-10] [0m[INFO] [1782503402.942651762] [self_driving]: [1;33m327[0m[0m
[self_driving-10] [0m[INFO] [1782503402.944695707] [self_driving]: DEBUG_DRIVE lane_x=285.0, linear=0.15, linear_y=0.00, angular=-0.45, stop=False, crosswalk_distance=327, start_slow_down=True[0m
[self_driving-10] [0m[INFO] [1782503403.034009466] [self_driving]: [1;33m327[0m[0m
[self_driving-10] [0m[INFO] [1782503403.039525540] [self_driving]: DEBUG_DRIVE lane_x=303.0, linear=0.15, linear_y=0.00, angular=-0.45, stop=False, crosswalk_distance=327, start_slow_down=True[0m
[self_driving-10] [0m[INFO] [1782503403.123277262] [self_driving]: [1;33m327[0m[0m
[self_driving-10] [0m[INFO] [1782503403.124766651] [self_driving]: DEBUG_DRIVE lane_x=290.5, linear=0.15, linear_y=0.00, angular=-0.45, stop=False, crosswalk_distance=327, start_slow_down=False[0m
[self_driving-10] [0m[INFO] [1782503403.193958781] [self_driving]: [1;33m327[0m[0m
[self_driving-10] [0m[INFO] [1782503403.196634058] [self_driving]: DEBUG_DRIVE lane_x=281.5, linear=0.15, linear_y=0.00, angular=-0.45, stop=False, crosswalk_distance=327, start_slow_down=False[0m
[self_driving-10] [0m[INFO] [1782503403.271334299] [self_driving]: [1;33m327[0m[0m
[self_driving-10] [0m[INFO] [1782503403.272604540] [self_driving]: DEBUG_DRIVE lane_x=268.5, linear=0.15, linear_y=0.00, angular=-0.45, stop=False, crosswalk_distance=327, start_slow_down=False[0m
[self_driving-10] [0m[INFO] [1782503403.353460095] [self_driving]: [1;33m327[0m[0m
[self_driving-10] [0m[INFO] [1782503403.355207299] [self_driving]: DEBUG_DRIVE lane_x=247.5, linear=0.15, linear_y=0.00, angular=-0.45, stop=False, crosswalk_distance=327, start_slow_down=True[0m
[self_driving-10] [0m[INFO] [1782503403.376875540] [self_driving]: objects=1[0m
[self_driving-10] [0m[INFO] [1782503403.382915799] [self_driving]: [DET] right: cx=613, cy=124, box=array('i', [599, 110, 627, 139]), score=0.70[0m
[self_driving-10] [0m[INFO] [1782503403.454455577] [self_driving]: [1;33m0[0m[0m
[self_driving-10] [0m[INFO] [1782503403.462287725] [self_driving]: DEBUG_DRIVE lane_x=221.5, linear=0.15, linear_y=0.00, angular=-0.45, stop=False, crosswalk_distance=0, start_slow_down=True[0m
[self_driving-10] [0m[INFO] [1782503403.529102095] [self_driving]: [1;33m0[0m[0m
[self_driving-10] [0m[INFO] [1782503403.530358373] [self_driving]: DEBUG_DRIVE lane_x=205.0, linear=0.15, linear_y=0.00, angular=-0.45, stop=False, crosswalk_distance=0, start_slow_down=True[0m
[self_driving-10] [0m[INFO] [1782503403.605396577] [self_driving]: [1;33m0[0m[0m
[self_driving-10] [0m[INFO] [1782503403.609574447] [self_driving]: DEBUG_DRIVE lane_x=177.0, linear=0.15, linear_y=0.00, angular=-0.10, stop=False, crosswalk_distance=0, start_slow_down=True[0m
[self_driving-10] [0m[INFO] [1782503403.669080928] [self_driving]: [1;33m0[0m[0m
[self_driving-10] [0m[INFO] [1782503403.672166206] [self_driving]: DEBUG_DRIVE lane_x=142.5, linear=0.15, linear_y=0.00, angular=0.10, stop=False, crosswalk_distance=0, start_slow_down=True[0m
[self_driving-10] [0m[INFO] [1782503403.758014521] [self_driving]: [1;33m0[0m[0m
[self_driving-10] [0m[INFO] [1782503403.760964521] [self_driving]: DEBUG_DRIVE lane_x=120.0, linear=0.15, linear_y=0.00, angular=0.10, stop=False, crosswalk_distance=0, start_slow_down=True[0m
[self_driving-10] [0m[INFO] [1782503403.805027910] [self_driving]: objects=1[0m
[self_driving-10] [0m[INFO] [1782503403.812691040] [self_driving]: [DET] crosswalk: cx=593, cy=227, box=array('i', [547, 217, 640, 238]), score=0.82[0m
[self_driving-10] [0m[INFO] [1782503403.841181928] [self_driving]: [1;33m227[0m[0m
[self_driving-10] [0m[INFO] [1782503403.845630854] [self_driving]: DEBUG_DRIVE lane_x=117.5, linear=0.15, linear_y=0.00, angular=0.10, stop=False, crosswalk_distance=227, start_slow_down=True[0m
[self_driving-10] [0m[INFO] [1782503403.912224262] [self_driving]: [1;33m227[0m[0m
[self_driving-10] [0m[INFO] [1782503403.914384021] [self_driving]: DEBUG_DRIVE lane_x=113.5, linear=0.15, linear_y=0.00, angular=0.10, stop=False, crosswalk_distance=227, start_slow_down=True[0m
[self_driving-10] [0m[INFO] [1782503404.012333947] [self_driving]: [1;33m227[0m[0m
[self_driving-10] [0m[INFO] [1782503404.014922725] [self_driving]: DEBUG_DRIVE lane_x=116.0, linear=0.15, linear_y=0.00, angular=0.10, stop=False, crosswalk_distance=227, start_slow_down=True[0m
[self_driving-10] [0m[INFO] [1782503404.079139317] [self_driving]: [1;33m227[0m[0m
[self_driving-10] [0m[INFO] [1782503404.082612817] [self_driving]: DEBUG_DRIVE lane_x=122.0, linear=0.15, linear_y=0.00, angular=0.10, stop=False, crosswalk_distance=227, start_slow_down=True[0m
[self_driving-10] [0m[INFO] [1782503404.170232891] [self_driving]: [1;33m227[0m[0m
[self_driving-10] [0m[INFO] [1782503404.172121817] [self_driving]: DEBUG_DRIVE lane_x=125.0, linear=0.15, linear_y=0.00, angular=0.10, stop=False, crosswalk_distance=227, start_slow_down=True[0m
[self_driving-10] [0m[INFO] [1782503404.223640724] [self_driving]: objects=1[0m
[self_driving-10] [0m[INFO] [1782503404.226085021] [self_driving]: [DET] crosswalk: cx=531, cy=230, box=array('i', [424, 220, 639, 240]), score=0.87[0m
[self_driving-10] [0m[INFO] [1782503404.257145187] [self_driving]: [1;33m230[0m[0m
[self_driving-10] [0m[INFO] [1782503404.259647373] [self_driving]: objects=1[0m
[self_driving-10] [0m[INFO] [1782503404.260887761] [self_driving]: [DET] right: cx=369, cy=131, box=array('i', [356, 117, 383, 146]), score=0.38[0m
[self_driving-10] [0m[INFO] [1782503404.264344076] [self_driving]: DEBUG_DRIVE lane_x=128.5, linear=0.15, linear_y=0.00, angular=-0.10, stop=False, crosswalk_distance=230, start_slow_down=True[0m
[self_driving-10] [0m[INFO] [1782503404.332734947] [self_driving]: [1;33m0[0m[0m
[self_driving-10] [0m[INFO] [1782503404.336829039] [self_driving]: DEBUG_DRIVE lane_x=130.5, linear=0.15, linear_y=0.00, angular=-0.10, stop=False, crosswalk_distance=0, start_slow_down=True[0m
[self_driving-10] [0m[INFO] [1782503404.410054243] [self_driving]: [1;33m0[0m[0m
[self_driving-10] [0m[INFO] [1782503404.411511817] [self_driving]: DEBUG_DRIVE lane_x=135.0, linear=0.15, linear_y=0.00, angular=-0.10, stop=False, crosswalk_distance=0, start_slow_down=True[0m
[self_driving-10] [0m[INFO] [1782503404.493516391] [self_driving]: [1;33m0[0m[0m
[self_driving-10] [0m[INFO] [1782503404.497131169] [self_driving]: DEBUG_DRIVE lane_x=135.0, linear=0.15, linear_y=0.00, angular=-0.10, stop=False, crosswalk_distance=0, start_slow_down=True[0m
[self_driving-10] [0m[INFO] [1782503404.556918113] [self_driving]: [1;33m0[0m[0m
[self_driving-10] [0m[INFO] [1782503404.559737780] [self_driving]: DEBUG_DRIVE lane_x=131.0, linear=0.15, linear_y=0.00, angular=0.10, stop=False, crosswalk_distance=0, start_slow_down=True[0m
[self_driving-10] [0m[INFO] [1782503404.629997780] [self_driving]: objects=1[0m
[self_driving-10] [0m[INFO] [1782503404.632380558] [self_driving]: [DET] right: cx=249, cy=126, box=array('i', [233, 109, 265, 144]), score=0.32[0m
[self_driving-10] [0m[INFO] [1782503404.640165446] [self_driving]: [1;33m0[0m[0m
[self_driving-10] [0m[INFO] [1782503404.641951317] [self_driving]: DEBUG_DRIVE lane_x=126.0, linear=0.15, linear_y=0.00, angular=0.10, stop=False, crosswalk_distance=0, start_slow_down=True[0m
[self_driving-10] [0m[INFO] [1782503404.742259280] [self_driving]: [1;33m0[0m[0m
[self_driving-10] [0m[INFO] [1782503404.743895798] [self_driving]: DEBUG_DRIVE lane_x=126.0, linear=0.15, linear_y=0.00, angular=0.10, stop=False, crosswalk_distance=0, start_slow_down=True[0m
[self_driving-10] [0m[INFO] [1782503404.803201780] [self_driving]: [1;33m0[0m[0m
[self_driving-10] [0m[INFO] [1782503404.805043835] [self_driving]: DEBUG_DRIVE lane_x=127.5, linear=0.15, linear_y=0.00, angular=0.10, stop=False, crosswalk_distance=0, start_slow_down=True[0m
[self_driving-10] [0m[INFO] [1782503404.891809002] [self_driving]: [1;33m0[0m[0m
[self_driving-10] [0m[INFO] [1782503404.893284187] [self_driving]: DEBUG_DRIVE lane_x=131.0, linear=0.15, linear_y=0.00, angular=-0.10, stop=False, crosswalk_distance=0, start_slow_down=True[0m
[self_driving-10] [0m[INFO] [1782503404.963067150] [self_driving]: [1;33m0[0m[0m
[self_driving-10] [0m[INFO] [1782503404.964571817] [self_driving]: DEBUG_DRIVE lane_x=135.0, linear=0.15, linear_y=0.00, angular=-0.10, stop=False, crosswalk_distance=0, start_slow_down=True[0m
[self_driving-10] [0m[INFO] [1782503405.054023594] [self_driving]: [1;33m0[0m[0m
[self_driving-10] [0m[INFO] [1782503405.055373113] [self_driving]: objects=1[0m
[self_driving-10] [0m[INFO] [1782503405.056989817] [self_driving]: [DET] crosswalk: cx=392, cy=238, box=array('i', [219, 226, 565, 251]), score=0.87[0m
[self_driving-10] [0m[INFO] [1782503405.076649502] [self_driving]: objects=1[0m
[self_driving-10] [0m[INFO] [1782503405.080746576] [self_driving]: DEBUG_DRIVE lane_x=137.0, linear=0.15, linear_y=0.00, angular=-0.10, stop=False, crosswalk_distance=238, start_slow_down=True[0m
[self_driving-10] [0m[INFO] [1782503405.093348279] [self_driving]: [DET] crosswalk: cx=338, cy=190, box=array('i', [254, 186, 423, 195]), score=0.66[0m
[self_driving-10] [0m[INFO] [1782503405.148478965] [self_driving]: [1;33m190[0m[0m
[self_driving-10] [0m[INFO] [1782503405.149575261] [self_driving]: DEBUG_DRIVE lane_x=135.0, linear=0.15, linear_y=0.00, angular=-0.10, stop=False, crosswalk_distance=190, start_slow_down=True[0m
[self_driving-10] [0m[INFO] [1782503405.215047316] [self_driving]: [1;33m190[0m[0m
[self_driving-10] [0m[INFO] [1782503405.216719279] [self_driving]: DEBUG_DRIVE lane_x=130.5, linear=0.15, linear_y=0.00, angular=0.10, stop=False, crosswalk_distance=190, start_slow_down=True[0m
[self_driving-10] [0m[INFO] [1782503405.290843483] [self_driving]: [1;33m190[0m[0m
[self_driving-10] [0m[INFO] [1782503405.295596520] [self_driving]: DEBUG_DRIVE lane_x=124.0, linear=0.15, linear_y=0.00, angular=0.10, stop=False, crosswalk_distance=190, start_slow_down=True[0m
[self_driving-10] [0m[INFO] [1782503405.380832113] [self_driving]: [1;33m190[0m[0m
[self_driving-10] [0m[INFO] [1782503405.384100594] [self_driving]: DEBUG_DRIVE lane_x=120.0, linear=0.15, linear_y=0.00, angular=0.10, stop=False, crosswalk_distance=190, start_slow_down=True[0m
[self_driving-10] [0m[INFO] [1782503405.440463057] [self_driving]: [1;33m190[0m[0m
[self_driving-10] [0m[INFO] [1782503405.443401335] [self_driving]: DEBUG_DRIVE lane_x=122.5, linear=0.15, linear_y=0.00, angular=0.10, stop=False, crosswalk_distance=190, start_slow_down=True[0m
[self_driving-10] [0m[INFO] [1782503405.451920409] [self_driving]: objects=1[0m
[self_driving-10] [0m[INFO] [1782503405.453005779] [self_driving]: [DET] crosswalk: cx=426, cy=247, box=array('i', [234, 236, 618, 259]), score=0.87[0m
[self_driving-10] [0m[INFO] [1782503405.456493372] [self_driving]: objects=1[0m
[self_driving-10] [0m[INFO] [1782503405.458064816] [self_driving]: [DET] crosswalk: cx=356, cy=192, box=array('i', [265, 188, 448, 196]), score=0.65[0m
[self_driving-10] [0m[INFO] [1782503405.539209390] [self_driving]: [1;33m192[0m[0m
[self_driving-10] [0m[INFO] [1782503405.540278038] [self_driving]: DEBUG_DRIVE lane_x=126.0, linear=0.15, linear_y=0.00, angular=0.10, stop=False, crosswalk_distance=192, start_slow_down=True[0m
[self_driving-10] [0m[INFO] [1782503405.607248650] [self_driving]: [1;33m192[0m[0m
[self_driving-10] [0m[INFO] [1782503405.610060557] [self_driving]: DEBUG_DRIVE lane_x=127.5, linear=0.15, linear_y=0.00, angular=0.10, stop=False, crosswalk_distance=192, start_slow_down=True[0m
[self_driving-10] [0m[INFO] [1782503405.687565816] [self_driving]: [1;33m192[0m[0m
[self_driving-10] [0m[INFO] [1782503405.688695668] [self_driving]: DEBUG_DRIVE lane_x=134.0, linear=0.15, linear_y=0.00, angular=-0.10, stop=False, crosswalk_distance=192, start_slow_down=True[0m
[self_driving-10] [0m[INFO] [1782503405.774195094] [self_driving]: [1;33m192[0m[0m
[self_driving-10] [0m[INFO] [1782503405.778477149] [self_driving]: DEBUG_DRIVE lane_x=139.5, linear=0.15, linear_y=0.00, angular=-0.10, stop=False, crosswalk_distance=192, start_slow_down=True[0m
[self_driving-10] [0m[INFO] [1782503405.830640668] [self_driving]: objects=1[0m
[self_driving-10] [0m[INFO] [1782503405.831176298] [self_driving]: [DET] crosswalk: cx=424, cy=261, box=array('i', [215, 243, 634, 280]), score=0.88[0m
[self_driving-10] [0m[INFO] [1782503405.833314594] [self_driving]: objects=1[0m
[self_driving-10] [0m[INFO] [1782503405.841355279] [self_driving]: [DET] right: cx=157, cy=117, box=array('i', [140, 94, 174, 141]), score=0.85[0m
[self_driving-10] [0m[INFO] [1782503405.855140149] [self_driving]: objects=1[0m
[self_driving-10] [0m[INFO] [1782503405.856040038] [self_driving]: [DET] crosswalk: cx=355, cy=195, box=array('i', [257, 190, 453, 200]), score=0.78[0m
[self_driving-10] [0m[INFO] [1782503405.884469298] [self_driving]: [1;33m195[0m[0m
[self_driving-10] [0m[INFO] [1782503405.887226853] [self_driving]: DEBUG_DRIVE lane_x=142.5, linear=0.15, linear_y=0.00, angular=-0.10, stop=False, crosswalk_distance=195, start_slow_down=True[0m
[self_driving-10] [0m[INFO] [1782503405.933359279] [self_driving]: [1;33m195[0m[0m
[self_driving-10] [0m[INFO] [1782503405.935061501] [self_driving]: DEBUG_DRIVE lane_x=139.5, linear=0.15, linear_y=0.00, angular=-0.10, stop=False, crosswalk_distance=195, start_slow_down=True[0m
[self_driving-10] [0m[INFO] [1782503406.019341760] [self_driving]: [1;33m195[0m[0m
[self_driving-10] [0m[INFO] [1782503406.021061001] [self_driving]: DEBUG_DRIVE lane_x=132.5, linear=0.15, linear_y=0.00, angular=0.10, stop=False, crosswalk_distance=195, start_slow_down=True[0m
[self_driving-10] [0m[INFO] [1782503406.086920223] [self_driving]: [1;33m195[0m[0m
[self_driving-10] [0m[INFO] [1782503406.090252538] [self_driving]: DEBUG_DRIVE lane_x=128.5, linear=0.15, linear_y=0.00, angular=0.10, stop=False, crosswalk_distance=195, start_slow_down=False[0m
[self_driving-10] [0m[INFO] [1782503406.185108186] [self_driving]: [1;33m195[0m[0m
[self_driving-10] [0m[INFO] [1782503406.188603242] [self_driving]: DEBUG_DRIVE lane_x=128.5, linear=0.15, linear_y=0.00, angular=0.10, stop=False, crosswalk_distance=195, start_slow_down=False[0m
[self_driving-10] [0m[INFO] [1782503406.235011075] [self_driving]: objects=1[0m
[self_driving-10] [0m[INFO] [1782503406.237194038] [self_driving]: [DET] right: cx=158, cy=117, box=array('i', [141, 92, 176, 142]), score=0.87[0m
[self_driving-10] [0m[INFO] [1782503406.241049927] [self_driving]: objects=1[0m
[self_driving-10] [0m[INFO] [1782503406.241570075] [self_driving]: [DET] crosswalk: cx=370, cy=198, box=array('i', [268, 193, 472, 204]), score=0.84[0m
[self_driving-10] [0m[INFO] [1782503406.263621223] [self_driving]: [1;33m198[0m[0m
[self_driving-10] [0m[INFO] [1782503406.266478501] [self_driving]: DEBUG_DRIVE lane_x=134.5, linear=0.15, linear_y=0.00, angular=-0.10, stop=False, crosswalk_distance=198, start_slow_down=False[0m
[self_driving-10] [0m[INFO] [1782503406.358083982] [self_driving]: [1;33m198[0m[0m
[self_driving-10] [0m[INFO] [1782503406.359813945] [self_driving]: DEBUG_DRIVE lane_x=137.5, linear=0.15, linear_y=0.00, angular=-0.10, stop=False, crosswalk_distance=198, start_slow_down=True[0m
[self_driving-10] [0m[INFO] [1782503406.422644038] [self_driving]: [1;33m198[0m[0m
[self_driving-10] [0m[INFO] [1782503406.424570482] [self_driving]: DEBUG_DRIVE lane_x=142.0, linear=0.15, linear_y=0.00, angular=-0.10, stop=False, crosswalk_distance=198, start_slow_down=True[0m
[self_driving-10] [0m[INFO] [1782503406.487643834] [self_driving]: [1;33m198[0m[0m
[self_driving-10] [0m[INFO] [1782503406.489832075] [self_driving]: DEBUG_DRIVE lane_x=134.5, linear=0.15, linear_y=0.00, angular=0.10, stop=False, crosswalk_distance=198, start_slow_down=True[0m
[self_driving-10] [0m[INFO] [1782503406.590598056] [self_driving]: [1;33m198[0m[0m
[self_driving-10] [0m[INFO] [1782503406.593467297] [self_driving]: DEBUG_DRIVE lane_x=139.0, linear=0.15, linear_y=0.00, angular=-0.10, stop=False, crosswalk_distance=198, start_slow_down=True[0m
[self_driving-10] [0m[INFO] [1782503406.647974445] [self_driving]: objects=1[0m
[self_driving-10] [0m[INFO] [1782503406.651828223] [self_driving]: [1;33m198[0m[0m
[self_driving-10] [0m[INFO] [1782503406.655542723] [self_driving]: DEBUG_DRIVE lane_x=142.0, linear=0.15, linear_y=0.00, angular=-0.10, stop=False, crosswalk_distance=198, start_slow_down=True[0m
[self_driving-10] [0m[INFO] [1782503406.662752667] [self_driving]: [DET] right: cx=131, cy=115, box=array('i', [111, 88, 151, 143]), score=0.87[0m
[self_driving-10] [0m[INFO] [1782503406.669156001] [self_driving]: objects=1[0m
[self_driving-10] [0m[INFO] [1782503406.672588204] [self_driving]: [DET] crosswalk: cx=367, cy=203, box=array('i', [256, 197, 479, 209]), score=0.82[0m
[self_driving-10] [0m[INFO] [1782503406.752476371] [self_driving]: [1;33m203[0m[0m
[self_driving-10] [0m[INFO] [1782503406.758519760] [self_driving]: DEBUG_DRIVE lane_x=144.5, linear=0.15, linear_y=0.00, angular=-0.10, stop=False, crosswalk_distance=203, start_slow_down=True[0m
[self_driving-10] [0m[INFO] [1782503406.827896408] [self_driving]: [1;33m203[0m[0m
[self_driving-10] [0m[INFO] [1782503406.829020464] [self_driving]: DEBUG_DRIVE lane_x=141.0, linear=0.15, linear_y=0.00, angular=-0.10, stop=False, crosswalk_distance=203, start_slow_down=True[0m
[self_driving-10] [0m[INFO] [1782503406.904976519] [self_driving]: [1;33m203[0m[0m
[self_driving-10] [0m[INFO] [1782503406.906704278] [self_driving]: DEBUG_DRIVE lane_x=132.0, linear=0.15, linear_y=0.00, angular=0.10, stop=False, crosswalk_distance=203, start_slow_down=True[0m
[self_driving-10] [0m[INFO] [1782503406.970883149] [self_driving]: [1;33m203[0m[0m
[self_driving-10] [0m[INFO] [1782503406.975611167] [self_driving]: DEBUG_DRIVE lane_x=123.0, linear=0.15, linear_y=0.00, angular=0.10, stop=False, crosswalk_distance=203, start_slow_down=True[0m
[self_driving-10] [0m[INFO] [1782503407.056218649] [self_driving]: [1;33m203[0m[0m
[self_driving-10] [0m[INFO] [1782503407.058375852] [self_driving]: DEBUG_DRIVE lane_x=116.0, linear=0.15, linear_y=0.00, angular=0.10, stop=False, crosswalk_distance=203, start_slow_down=True[0m
[self_driving-10] [0m[INFO] [1782503407.086774186] [self_driving]: objects=1[0m
[self_driving-10] [0m[INFO] [1782503407.087295982] [self_driving]: [DET] crosswalk: cx=412, cy=337, box=array('i', [185, 299, 639, 376]), score=0.92[0m
[self_driving-10] [0m[INFO] [1782503407.089765297] [self_driving]: objects=1[0m
[self_driving-10] [0m[INFO] [1782503407.091688389] [self_driving]: [DET] right: cx=135, cy=110, box=array('i', [113, 81, 158, 139]), score=0.86[0m
[self_driving-10] [0m[INFO] [1782503407.096781482] [self_driving]: objects=1[0m
[self_driving-10] [0m[INFO] [1782503407.098148112] [self_driving]: [DET] crosswalk: cx=392, cy=204, box=array('i', [272, 198, 512, 211]), score=0.82[0m
[self_driving-10] [0m[INFO] [1782503407.145846723] [self_driving]: [1;33m204[0m[0m
[self_driving-10] [0m[INFO] [1782503407.148614945] [self_driving]: DEBUG_DRIVE lane_x=114.5, linear=0.15, linear_y=0.00, angular=0.10, stop=False, crosswalk_distance=204, start_slow_down=True[0m
[self_driving-10] [0m[INFO] [1782503407.234402612] [self_driving]: [1;33m204[0m[0m
[self_driving-10] [0m[INFO] [1782503407.236287945] [self_driving]: DEBUG_DRIVE lane_x=118.0, linear=0.15, linear_y=0.00, angular=0.10, stop=False, crosswalk_distance=204, start_slow_down=True[0m
[self_driving-10] [0m[INFO] [1782503407.309311167] [self_driving]: [1;33m204[0m[0m
[self_driving-10] [0m[INFO] [1782503407.310952908] [self_driving]: DEBUG_DRIVE lane_x=122.5, linear=0.15, linear_y=0.00, angular=0.10, stop=False, crosswalk_distance=204, start_slow_down=True[0m
[self_driving-10] [0m[INFO] [1782503407.390316093] [self_driving]: [1;33m204[0m[0m
[self_driving-10] [0m[INFO] [1782503407.391784056] [self_driving]: DEBUG_DRIVE lane_x=127.0, linear=0.15, linear_y=0.00, angular=-0.10, stop=False, crosswalk_distance=204, start_slow_down=True[0m
[self_driving-10] [0m[INFO] [1782503407.442850408] [self_driving]: objects=1[0m
[self_driving-10] [0m[INFO] [1782503407.446504667] [self_driving]: [DET] crosswalk: cx=381, cy=393, box=array('i', [123, 334, 640, 453]), score=0.91[0m
[self_driving-10] [0m[INFO] [1782503407.450685667] [self_driving]: objects=1[0m
[self_driving-10] [0m[INFO] [1782503407.453220797] [self_driving]: [DET] crosswalk: cx=392, cy=211, box=array('i', [263, 204, 522, 219]), score=0.83[0m
[self_driving-10] [0m[INFO] [1782503407.481559760] [self_driving]: [1;33m211[0m[0m
[self_driving-10] [0m[INFO] [1782503407.488832111] [self_driving]: DEBUG_DRIVE lane_x=128.5, linear=0.15, linear_y=0.00, angular=0.10, stop=False, crosswalk_distance=211, start_slow_down=True[0m
[self_driving-10] [0m[INFO] [1782503407.545119815] [self_driving]: [1;33m211[0m[0m
[self_driving-10] [0m[INFO] [1782503407.548586834] [self_driving]: DEBUG_DRIVE lane_x=134.5, linear=0.15, linear_y=0.00, angular=-0.10, stop=False, crosswalk_distance=211, start_slow_down=True[0m
[self_driving-10] [0m[INFO] [1782503407.623429371] [self_driving]: [1;33m211[0m[0m
[self_driving-10] [0m[INFO] [1782503407.624956852] [self_driving]: DEBUG_DRIVE lane_x=132.5, linear=0.15, linear_y=0.00, angular=-0.10, stop=False, crosswalk_distance=211, start_slow_down=True[0m
[self_driving-10] [0m[INFO] [1782503407.701900463] [self_driving]: [1;33m211[0m[0m
[self_driving-10] [0m[INFO] [1782503407.703719204] [self_driving]: DEBUG_DRIVE lane_x=138.0, linear=0.15, linear_y=0.00, angular=-0.10, stop=False, crosswalk_distance=211, start_slow_down=True[0m
[self_driving-10] [0m[INFO] [1782503407.786392704] [self_driving]: [1;33m211[0m[0m
[self_driving-10] [0m[INFO] [1782503407.788687556] [self_driving]: DEBUG_DRIVE lane_x=133.5, linear=0.15, linear_y=0.00, angular=0.10, stop=False, crosswalk_distance=211, start_slow_down=True[0m
[self_driving-10] [0m[INFO] [1782503407.833843796] [self_driving]: objects=1[0m
[self_driving-10] [0m[INFO] [1782503407.837541815] [self_driving]: [DET] crosswalk: cx=362, cy=430, box=array('i', [85, 381, 640, 480]), score=0.94[0m
[self_driving-10] [0m[INFO] [1782503407.841610222] [self_driving]: objects=1[0m
[self_driving-10] [0m[INFO] [1782503407.843444611] [self_driving]: [DET] crosswalk: cx=389, cy=217, box=array('i', [251, 209, 528, 226]), score=0.83[0m
[self_driving-10] [0m[INFO] [1782503407.887554389] [self_driving]: [1;33m217[0m[0m
[self_driving-10] [0m[INFO] [1782503407.892646111] [self_driving]: DEBUG_DRIVE lane_x=128.0, linear=0.15, linear_y=0.00, angular=0.10, stop=False, crosswalk_distance=217, start_slow_down=True[0m
[self_driving-10] [0m[INFO] [1782503407.944796963] [self_driving]: [1;33m217[0m[0m
[self_driving-10] [0m[INFO] [1782503407.945960278] [self_driving]: DEBUG_DRIVE lane_x=122.0, linear=0.15, linear_y=0.00, angular=0.10, stop=False, crosswalk_distance=217, start_slow_down=True[0m
[self_driving-10] [0m[INFO] [1782503408.045517574] [self_driving]: [1;33m217[0m[0m
[self_driving-10] [0m[INFO] [1782503408.048326981] [self_driving]: DEBUG_DRIVE lane_x=125.5, linear=0.15, linear_y=0.00, angular=0.10, stop=False, crosswalk_distance=217, start_slow_down=True[0m
[self_driving-10] [0m[INFO] [1782503408.118962092] [self_driving]: [1;33m217[0m[0m
[self_driving-10] [0m[INFO] [1782503408.121210759] [self_driving]: DEBUG_DRIVE lane_x=129.0, linear=0.15, linear_y=0.00, angular=-0.10, stop=False, crosswalk_distance=217, start_slow_down=True[0m
[self_driving-10] [0m[INFO] [1782503408.192227000] [self_driving]: [1;33m217[0m[0m
[self_driving-10] [0m[INFO] [1782503408.194197333] [self_driving]: DEBUG_DRIVE lane_x=137.0, linear=0.15, linear_y=0.00, angular=-0.10, stop=False, crosswalk_distance=217, start_slow_down=True[0m
[self_driving-10] [0m[INFO] [1782503408.215272074] [self_driving]: objects=1[0m
[self_driving-10] [0m[INFO] [1782503408.215755018] [self_driving]: [DET] crosswalk: cx=330, cy=456, box=array('i', [21, 432, 640, 480]), score=0.89[0m
[self_driving-10] [0m[INFO] [1782503408.218252222] [self_driving]: objects=1[0m
[self_driving-10] [0m[INFO] [1782503408.220706389] [self_driving]: [DET] right: cx=32, cy=100, box=array('i', [2, 61, 62, 139]), score=0.81[0m
[self_driving-10] [0m[INFO] [1782503408.287030407] [self_driving]: [1;33m0[0m[0m
[self_driving-10] [0m[INFO] [1782503408.290479166] [self_driving]: DEBUG_DRIVE lane_x=141.0, linear=0.15, linear_y=0.00, angular=-0.10, stop=False, crosswalk_distance=0, start_slow_down=True[0m
[self_driving-10] [0m[INFO] [1782503408.366411074] [self_driving]: [1;33m0[0m[0m
[self_driving-10] [0m[INFO] [1782503408.369216037] [self_driving]: DEBUG_DRIVE lane_x=138.5, linear=0.15, linear_y=0.00, angular=-0.10, stop=False, crosswalk_distance=0, start_slow_down=True[0m
[self_driving-10] [0m[INFO] [1782503408.432402870] [self_driving]: [1;33m0[0m[0m
[self_driving-10] [0m[INFO] [1782503408.436428796] [self_driving]: DEBUG_DRIVE lane_x=132.0, linear=0.15, linear_y=0.00, angular=0.10, stop=False, crosswalk_distance=0, start_slow_down=True[0m
[self_driving-10] [0m[INFO] [1782503408.517458037] [self_driving]: [1;33m0[0m[0m
[self_driving-10] [0m[INFO] [1782503408.523276981] [self_driving]: DEBUG_DRIVE lane_x=125.0, linear=0.15, linear_y=0.00, angular=0.10, stop=False, crosswalk_distance=0, start_slow_down=True[0m
[self_driving-10] [0m[INFO] [1782503408.586232240] [self_driving]: [1;33m0[0m[0m
[self_driving-10] [0m[INFO] [1782503408.589745555] [self_driving]: DEBUG_DRIVE lane_x=121.0, linear=0.15, linear_y=0.00, angular=0.10, stop=False, crosswalk_distance=0, start_slow_down=True[0m
[self_driving-10] [0m[INFO] [1782503408.597499926] [self_driving]: objects=1[0m
[self_driving-10] [0m[INFO] [1782503408.599263555] [self_driving]: [DET] crosswalk: cx=402, cy=229, box=array('i', [242, 219, 563, 240]), score=0.87[0m
[self_driving-10] [0m[INFO] [1782503408.613872092] [self_driving]: objects=1[0m
[self_driving-10] [0m[INFO] [1782503408.614422203] [self_driving]: [DET] right: cx=21, cy=89, box=array('i', [0, 44, 43, 135]), score=0.82[0m
[self_driving-10] [0m[INFO] [1782503408.697803537] [self_driving]: [1;33m0[0m[0m
[self_driving-10] [0m[INFO] [1782503408.700414703] [self_driving]: DEBUG_DRIVE lane_x=125.0, linear=0.15, linear_y=0.00, angular=0.10, stop=False, crosswalk_distance=0, start_slow_down=True[0m
[self_driving-10] [0m[INFO] [1782503408.754252055] [self_driving]: [1;33m0[0m[0m
[self_driving-10] [0m[INFO] [1782503408.756056648] [self_driving]: DEBUG_DRIVE lane_x=126.0, linear=0.15, linear_y=0.00, angular=0.10, stop=False, crosswalk_distance=0, start_slow_down=True[0m
[self_driving-10] [0m[INFO] [1782503408.840122518] [self_driving]: [1;33m0[0m[0m
[self_driving-10] [0m[INFO] [1782503408.841589222] [self_driving]: DEBUG_DRIVE lane_x=133.5, linear=0.15, linear_y=0.00, angular=-0.10, stop=False, crosswalk_distance=0, start_slow_down=True[0m
[self_driving-10] [0m[INFO] [1782503408.926711259] [self_driving]: [1;33m0[0m[0m
[self_driving-10] [0m[INFO] [1782503408.927958444] [self_driving]: DEBUG_DRIVE lane_x=143.5, linear=0.15, linear_y=0.00, angular=-0.10, stop=False, crosswalk_distance=0, start_slow_down=True[0m
[self_driving-10] [0m[INFO] [1782503408.966870611] [self_driving]: objects=1[0m
[self_driving-10] [0m[INFO] [1782503408.972304518] [self_driving]: [DET] crosswalk: cx=411, cy=238, box=array('i', [234, 227, 588, 250]), score=0.88[0m
[self_driving-10] [0m[INFO] [1782503409.025878981] [self_driving]: [1;33m238[0m[0m
[self_driving-10] [0m[INFO] [1782503409.030981851] [self_driving]: DEBUG_DRIVE lane_x=148.5, linear=0.15, linear_y=0.00, angular=-0.10, stop=False, crosswalk_distance=238, start_slow_down=False[0m
[self_driving-10] [0m[INFO] [1782503409.085430129] [self_driving]: [1;33m238[0m[0m
[self_driving-10] [0m[INFO] [1782503409.090587629] [self_driving]: DEBUG_DRIVE lane_x=147.0, linear=0.15, linear_y=0.00, angular=-0.10, stop=False, crosswalk_distance=238, start_slow_down=False[0m
[self_driving-10] [0m[INFO] [1782503409.172465129] [self_driving]: [1;33m238[0m[0m
[self_driving-10] [0m[INFO] [1782503409.175138259] [self_driving]: DEBUG_DRIVE lane_x=143.0, linear=0.15, linear_y=0.00, angular=-0.10, stop=False, crosswalk_distance=238, start_slow_down=False[0m
[self_driving-10] [0m[INFO] [1782503409.247626925] [self_driving]: [1;33m238[0m[0m
[self_driving-10] [0m[INFO] [1782503409.248926444] [self_driving]: DEBUG_DRIVE lane_x=139.0, linear=0.15, linear_y=0.00, angular=-0.10, stop=False, crosswalk_distance=238, start_slow_down=True[0m
[self_driving-10] [0m[INFO] [1782503409.334700407] [self_driving]: [1;33m238[0m[0m
[self_driving-10] [0m[INFO] [1782503409.335887407] [self_driving]: DEBUG_DRIVE lane_x=134.0, linear=0.15, linear_y=0.00, angular=0.10, stop=False, crosswalk_distance=238, start_slow_down=True[0m
[self_driving-10] [0m[INFO] [1782503409.386715388] [self_driving]: objects=1[0m
[self_driving-10] [0m[INFO] [1782503409.391846129] [self_driving]: [DET] crosswalk: cx=429, cy=248, box=array('i', [237, 234, 621, 262]), score=0.89[0m
[self_driving-10] [0m[INFO] [1782503409.416760444] [self_driving]: [1;33m248[0m[0m
[self_driving-10] [0m[INFO] [1782503409.421152573] [self_driving]: DEBUG_DRIVE lane_x=130.0, linear=0.15, linear_y=0.00, angular=0.10, stop=False, crosswalk_distance=248, start_slow_down=True[0m
[self_driving-10] [0m[INFO] [1782503409.481241018] [self_driving]: [1;33m248[0m[0m
[self_driving-10] [0m[INFO] [1782503409.485110388] [self_driving]: DEBUG_DRIVE lane_x=126.0, linear=0.15, linear_y=0.00, angular=0.10, stop=False, crosswalk_distance=248, start_slow_down=True[0m
[self_driving-10] [0m[INFO] [1782503409.556414425] [self_driving]: [1;33m248[0m[0m
[self_driving-10] [0m[INFO] [1782503409.558320203] [self_driving]: DEBUG_DRIVE lane_x=127.0, linear=0.15, linear_y=0.00, angular=0.10, stop=False, crosswalk_distance=248, start_slow_down=True[0m
[self_driving-10] [0m[INFO] [1782503409.645071499] [self_driving]: [1;33m248[0m[0m
[self_driving-10] [0m[INFO] [1782503409.646269851] [self_driving]: DEBUG_DRIVE lane_x=131.0, linear=0.15, linear_y=0.00, angular=-0.10, stop=False, crosswalk_distance=248, start_slow_down=True[0m
[self_driving-10] [0m[INFO] [1782503409.733044554] [self_driving]: [1;33m248[0m[0m
[self_driving-10] [0m[INFO] [1782503409.736547777] [self_driving]: DEBUG_DRIVE lane_x=134.0, linear=0.15, linear_y=0.00, angular=-0.10, stop=False, crosswalk_distance=248, start_slow_down=True[0m
[self_driving-10] [0m[INFO] [1782503409.780678332] [self_driving]: objects=1[0m
[self_driving-10] [0m[INFO] [1782503409.794159888] [self_driving]: [DET] crosswalk: cx=426, cy=258, box=array('i', [214, 241, 638, 275]), score=0.91[0m
[self_driving-10] [0m[INFO] [1782503409.829058499] [self_driving]: [1;33m258[0m[0m
[self_driving-10] [0m[INFO] [1782503409.830437184] [self_driving]: DEBUG_DRIVE lane_x=134.5, linear=0.15, linear_y=0.00, angular=-0.10, stop=False, crosswalk_distance=258, start_slow_down=True[0m
[self_driving-10] [0m[INFO] [1782503409.884921369] [self_driving]: [1;33m258[0m[0m
[self_driving-10] [0m[INFO] [1782503409.888347017] [self_driving]: DEBUG_DRIVE lane_x=132.0, linear=0.15, linear_y=0.00, angular=0.10, stop=False, crosswalk_distance=258, start_slow_down=True[0m
[self_driving-10] [0m[INFO] [1782503409.965883203] [self_driving]: [1;33m258[0m[0m
[self_driving-10] [0m[INFO] [1782503409.968334906] [self_driving]: DEBUG_DRIVE lane_x=130.0, linear=0.15, linear_y=0.00, angular=0.10, stop=False, crosswalk_distance=258, start_slow_down=True[0m
[self_driving-10] [0m[INFO] [1782503410.041502962] [self_driving]: [1;33m258[0m[0m
[self_driving-10] [0m[INFO] [1782503410.044426906] [self_driving]: DEBUG_DRIVE lane_x=129.5, linear=0.15, linear_y=0.00, angular=0.10, stop=False, crosswalk_distance=258, start_slow_down=True[0m
[self_driving-10] [0m[INFO] [1782503410.136619665] [self_driving]: [1;33m258[0m[0m
[self_driving-10] [0m[INFO] [1782503410.138037610] [self_driving]: DEBUG_DRIVE lane_x=131.5, linear=0.15, linear_y=0.00, angular=-0.10, stop=False, crosswalk_distance=258, start_slow_down=True[0m
[self_driving-10] [0m[INFO] [1782503410.207766906] [self_driving]: [1;33m258[0m[0m
[self_driving-10] [0m[INFO] [1782503410.210005332] [self_driving]: DEBUG_DRIVE lane_x=136.5, linear=0.15, linear_y=0.00, angular=-0.10, stop=False, crosswalk_distance=258, start_slow_down=True[0m
[self_driving-10] [0m[INFO] [1782503410.239874721] [self_driving]: objects=1[0m
[self_driving-10] [0m[INFO] [1782503410.244897202] [self_driving]: [DET] crosswalk: cx=429, cy=279, box=array('i', [219, 257, 640, 301]), score=0.92[0m
[self_driving-10] [0m[INFO] [1782503410.299939554] [self_driving]: [1;33m279[0m[0m
[self_driving-10] [0m[INFO] [1782503410.303504628] [self_driving]: DEBUG_DRIVE lane_x=137.0, linear=0.15, linear_y=0.00, angular=-0.10, stop=False, crosswalk_distance=279, start_slow_down=True[0m
[self_driving-10] [0m[INFO] [1782503410.385560424] [self_driving]: [1;33m279[0m[0m
[self_driving-10] [0m[INFO] [1782503410.388891832] [self_driving]: DEBUG_DRIVE lane_x=137.5, linear=0.15, linear_y=0.00, angular=-0.10, stop=False, crosswalk_distance=279, start_slow_down=True[0m
[self_driving-10] [0m[INFO] [1782503410.452879295] [self_driving]: [1;33m279[0m[0m
[self_driving-10] [0m[INFO] [1782503410.454816461] [self_driving]: DEBUG_DRIVE lane_x=133.0, linear=0.15, linear_y=0.00, angular=0.10, stop=False, crosswalk_distance=279, start_slow_down=True[0m
[self_driving-10] [0m[INFO] [1782503410.525229610] [self_driving]: [1;33m279[0m[0m
[self_driving-10] [0m[INFO] [1782503410.528014110] [self_driving]: DEBUG_DRIVE lane_x=130.5, linear=0.15, linear_y=0.00, angular=0.10, stop=False, crosswalk_distance=279, start_slow_down=True[0m
[self_driving-10] [0m[INFO] [1782503410.605966424] [self_driving]: [1;33m279[0m[0m
[self_driving-10] [0m[INFO] [1782503410.608385498] [self_driving]: DEBUG_DRIVE lane_x=126.5, linear=0.15, linear_y=0.00, angular=0.10, stop=False, crosswalk_distance=279, start_slow_down=True[0m
[self_driving-10] [0m[INFO] [1782503410.710782498] [self_driving]: objects=1[0m
[self_driving-10] [0m[INFO] [1782503410.712235721] [self_driving]: [DET] crosswalk: cx=406, cy=302, box=array('i', [172, 273, 640, 332]), score=0.91[0m
[self_driving-10] [0m[INFO] [1782503410.729156276] [self_driving]: [1;33m302[0m[0m
[self_driving-10] [0m[INFO] [1782503410.730896795] [self_driving]: DEBUG_DRIVE lane_x=130.5, linear=0.15, linear_y=0.00, angular=-0.10, stop=False, crosswalk_distance=302, start_slow_down=True[0m
[self_driving-10] [0m[INFO] [1782503410.765639684] [self_driving]: [1;33m302[0m[0m
[self_driving-10] [0m[INFO] [1782503410.767876109] [self_driving]: DEBUG_DRIVE lane_x=131.5, linear=0.15, linear_y=0.00, angular=-0.10, stop=False, crosswalk_distance=302, start_slow_down=True[0m
[self_driving-10] [0m[INFO] [1782503410.856308035] [self_driving]: [1;33m302[0m[0m
[self_driving-10] [0m[INFO] [1782503410.859301924] [self_driving]: DEBUG_DRIVE lane_x=134.5, linear=0.15, linear_y=0.00, angular=-0.10, stop=False, crosswalk_distance=302, start_slow_down=True[0m
[self_driving-10] [0m[INFO] [1782503410.934079202] [self_driving]: [1;33m302[0m[0m
[self_driving-10] [0m[INFO] [1782503410.935900813] [self_driving]: DEBUG_DRIVE lane_x=132.5, linear=0.15, linear_y=0.00, angular=-0.10, stop=False, crosswalk_distance=302, start_slow_down=True[0m
[self_driving-10] [0m[INFO] [1782503411.015866313] [self_driving]: [1;33m302[0m[0m
[self_driving-10] [0m[INFO] [1782503411.017275813] [self_driving]: DEBUG_DRIVE lane_x=130.5, linear=0.15, linear_y=0.00, angular=0.10, stop=False, crosswalk_distance=302, start_slow_down=True[0m
[self_driving-10] [0m[INFO] [1782503411.096135591] [self_driving]: [1;33m302[0m[0m
[self_driving-10] [0m[INFO] [1782503411.097435924] [self_driving]: DEBUG_DRIVE lane_x=127.0, linear=0.15, linear_y=0.00, angular=0.10, stop=False, crosswalk_distance=302, start_slow_down=True[0m
[self_driving-10] [0m[INFO] [1782503411.133308220] [self_driving]: objects=1[0m
[self_driving-10] [0m[INFO] [1782503411.141257924] [self_driving]: [DET] crosswalk: cx=384, cy=342, box=array('i', [129, 301, 639, 384]), score=0.91[0m
[self_driving-10] [0m[INFO] [1782503411.205937276] [self_driving]: [1;33m342[0m[0m
[self_driving-10] [0m[INFO] [1782503411.207625887] [self_driving]: DEBUG_DRIVE lane_x=122.0, linear=0.15, linear_y=0.00, angular=0.10, stop=False, crosswalk_distance=342, start_slow_down=True[0m
[self_driving-10] [0m[INFO] [1782503411.262391072] [self_driving]: [1;33m342[0m[0m
[self_driving-10] [0m[INFO] [1782503411.264287776] [self_driving]: DEBUG_DRIVE lane_x=120.0, linear=0.15, linear_y=0.00, angular=0.10, stop=False, crosswalk_distance=342, start_slow_down=True[0m
[self_driving-10] [0m[INFO] [1782503411.344527276] [self_driving]: [1;33m342[0m[0m
[self_driving-10] [0m[INFO] [1782503411.346373554] [self_driving]: DEBUG_DRIVE lane_x=124.5, linear=0.15, linear_y=0.00, angular=0.10, stop=False, crosswalk_distance=342, start_slow_down=True[0m
[self_driving-10] [0m[INFO] [1782503411.424099609] [self_driving]: [1;33m342[0m[0m
[self_driving-10] [0m[INFO] [1782503411.428819868] [self_driving]: DEBUG_DRIVE lane_x=127.5, linear=0.15, linear_y=0.00, angular=-0.10, stop=False, crosswalk_distance=342, start_slow_down=True[0m
[self_driving-10] [0m[INFO] [1782503411.497486016] [self_driving]: [1;33m342[0m[0m
[self_driving-10] [0m[INFO] [1782503411.498457813] [self_driving]: DEBUG_DRIVE lane_x=134.0, linear=0.15, linear_y=0.00, angular=-0.10, stop=False, crosswalk_distance=342, start_slow_down=True[0m
[self_driving-10] [0m[INFO] [1782503411.540082276] [self_driving]: objects=1[0m
[self_driving-10] [0m[INFO] [1782503411.541713498] [self_driving]: [DET] crosswalk: cx=359, cy=403, box=array('i', [79, 334, 640, 473]), score=0.90[0m
[self_driving-10] [0m[INFO] [1782503411.614948998] [self_driving]: [1;33m403[0m[0m
[self_driving-10] [0m[INFO] [1782503411.617097164] [self_driving]: DEBUG_DRIVE lane_x=136.5, linear=0.15, linear_y=0.00, angular=-0.10, stop=False, crosswalk_distance=403, start_slow_down=True[0m
[self_driving-10] [0m[INFO] [1782503411.657859016] [self_driving]: [1;33m403[0m[0m
[self_driving-10] [0m[INFO] [1782503411.659105609] [self_driving]: DEBUG_DRIVE lane_x=137.5, linear=0.15, linear_y=0.00, angular=-0.10, stop=False, crosswalk_distance=403, start_slow_down=True[0m
[self_driving-10] [0m[INFO] [1782503411.739431776] [self_driving]: [1;33m403[0m[0m
[self_driving-10] [0m[INFO] [1782503411.740554535] [self_driving]: DEBUG_DRIVE lane_x=134.0, linear=0.15, linear_y=0.00, angular=-0.10, stop=False, crosswalk_distance=403, start_slow_down=True[0m
[self_driving-10] [0m[INFO] [1782503411.809951183] [self_driving]: [1;33m403[0m[0m
[self_driving-10] [0m[INFO] [1782503411.811583201] [self_driving]: DEBUG_DRIVE lane_x=133.0, linear=0.15, linear_y=0.00, angular=-0.10, stop=False, crosswalk_distance=403, start_slow_down=True[0m
[self_driving-10] [0m[INFO] [1782503411.892423350] [self_driving]: [1;33m403[0m[0m
[self_driving-10] [0m[INFO] [1782503411.895290590] [self_driving]: DEBUG_DRIVE lane_x=129.0, linear=0.15, linear_y=0.00, angular=0.10, stop=False, crosswalk_distance=403, start_slow_down=True[0m
[self_driving-10] [0m[INFO] [1782503411.924514664] [self_driving]: objects=1[0m
[self_driving-10] [0m[INFO] [1782503411.925616183] [self_driving]: [DET] crosswalk: cx=334, cy=432, box=array('i', [29, 384, 639, 480]), score=0.93[0m
[self_driving-10] [0m[INFO] [1782503411.998070461] [self_driving]: [1;33m432[0m[0m
[self_driving-10] [0m[INFO] [1782503411.999792535] [self_driving]: DEBUG_DRIVE lane_x=124.5, linear=0.15, linear_y=0.00, angular=0.10, stop=False, crosswalk_distance=432, start_slow_down=False[0m
[self_driving-10] [0m[INFO] [1782503412.065746646] [self_driving]: [1;33m432[0m[0m
[self_driving-10] [0m[INFO] [1782503412.068061312] [self_driving]: DEBUG_DRIVE lane_x=120.5, linear=0.15, linear_y=0.00, angular=0.10, stop=False, crosswalk_distance=432, start_slow_down=False[0m
[self_driving-10] [0m[INFO] [1782503412.148175757] [self_driving]: [1;33m432[0m[0m
[self_driving-10] [0m[INFO] [1782503412.150783516] [self_driving]: DEBUG_DRIVE lane_x=121.5, linear=0.15, linear_y=0.00, angular=0.10, stop=False, crosswalk_distance=432, start_slow_down=False[0m
[self_driving-10] [0m[INFO] [1782503412.225779812] [self_driving]: [1;33m432[0m[0m
[self_driving-10] [0m[INFO] [1782503412.227875275] [self_driving]: DEBUG_DRIVE lane_x=125.0, linear=0.15, linear_y=0.00, angular=0.10, stop=False, crosswalk_distance=432, start_slow_down=True[0m
[self_driving-10] [0m[INFO] [1782503412.302356775] [self_driving]: [1;33m432[0m[0m
[self_driving-10] [0m[INFO] [1782503412.306143997] [self_driving]: DEBUG_DRIVE lane_x=126.0, linear=0.15, linear_y=0.00, angular=0.10, stop=False, crosswalk_distance=432, start_slow_down=True[0m
[self_driving-10] [0m[INFO] [1782503412.328076923] [self_driving]: objects=1[0m
[self_driving-10] [0m[INFO] [1782503412.330018849] [self_driving]: [DET] crosswalk: cx=322, cy=465, box=array('i', [5, 453, 640, 478]), score=0.47[0m
[self_driving-10] [0m[INFO] [1782503412.389381553] [self_driving]: [1;33m465[0m[0m
[self_driving-10] [0m[INFO] [1782503412.397804145] [self_driving]: DEBUG_DRIVE lane_x=132.5, linear=0.15, linear_y=0.00, angular=-0.10, stop=False, crosswalk_distance=465, start_slow_down=True[0m
[self_driving-10] [0m[INFO] [1782503412.464735923] [self_driving]: [1;33m465[0m[0m
[self_driving-10] [0m[INFO] [1782503412.467825701] [self_driving]: DEBUG_DRIVE lane_x=141.0, linear=0.15, linear_y=0.00, angular=-0.10, stop=False, crosswalk_distance=465, start_slow_down=True[0m
[self_driving-10] [0m[INFO] [1782503412.548327738] [self_driving]: [1;33m465[0m[0m
[self_driving-10] [0m[INFO] [1782503412.549576349] [self_driving]: DEBUG_DRIVE lane_x=145.0, linear=0.15, linear_y=0.00, angular=-0.10, stop=False, crosswalk_distance=465, start_slow_down=True[0m
[self_driving-10] [0m[INFO] [1782503412.634056571] [self_driving]: [1;33m465[0m[0m
[self_driving-10] [0m[INFO] [1782503412.636922812] [self_driving]: DEBUG_DRIVE lane_x=144.5, linear=0.15, linear_y=0.00, angular=-0.10, stop=False, crosswalk_distance=465, start_slow_down=True[0m
[self_driving-10] [0m[INFO] [1782503412.719232738] [self_driving]: [1;33m465[0m[0m
[self_driving-10] [0m[INFO] [1782503412.733914053] [self_driving]: DEBUG_DRIVE lane_x=138.5, linear=0.15, linear_y=0.00, angular=-0.10, stop=False, crosswalk_distance=465, start_slow_down=True[0m
[self_driving-10] [0m[INFO] [1782503412.801992645] [self_driving]: [1;33m465[0m[0m
[self_driving-10] [0m[INFO] [1782503412.805353830] [self_driving]: DEBUG_DRIVE lane_x=134.0, linear=0.15, linear_y=0.00, angular=0.10, stop=False, crosswalk_distance=465, start_slow_down=True[0m
[self_driving-10] [0m[INFO] [1782503412.863723404] [self_driving]: [1;33m465[0m[0m
[self_driving-10] [0m[INFO] [1782503412.865391108] [self_driving]: DEBUG_DRIVE lane_x=131.0, linear=0.15, linear_y=0.00, angular=0.10, stop=False, crosswalk_distance=465, start_slow_down=True[0m
[self_driving-10] [0m[INFO] [1782503412.952008330] [self_driving]: [1;33m465[0m[0m
[self_driving-10] [0m[INFO] [1782503412.953775053] [self_driving]: DEBUG_DRIVE lane_x=127.0, linear=0.15, linear_y=0.00, angular=0.10, stop=False, crosswalk_distance=465, start_slow_down=True[0m
[self_driving-10] [0m[INFO] [1782503413.042356775] [self_driving]: [1;33m465[0m[0m
[self_driving-10] [0m[INFO] [1782503413.043943701] [self_driving]: DEBUG_DRIVE lane_x=128.0, linear=0.15, linear_y=0.00, angular=0.10, stop=False, crosswalk_distance=465, start_slow_down=True[0m
[self_driving-10] [0m[INFO] [1782503413.123414330] [self_driving]: [1;33m465[0m[0m
[self_driving-10] [0m[INFO] [1782503413.126536793] [self_driving]: DEBUG_DRIVE lane_x=128.0, linear=0.15, linear_y=0.00, angular=0.10, stop=False, crosswalk_distance=465, start_slow_down=True[0m
[self_driving-10] [0m[INFO] [1782503413.188782423] [self_driving]: [1;33m465[0m[0m
[self_driving-10] [0m[INFO] [1782503413.191588478] [self_driving]: DEBUG_DRIVE lane_x=134.0, linear=0.15, linear_y=0.00, angular=-0.10, stop=False, crosswalk_distance=465, start_slow_down=True[0m
[self_driving-10] [0m[INFO] [1782503413.264519682] [self_driving]: [1;33m465[0m[0m
[self_driving-10] [0m[INFO] [1782503413.266433034] [self_driving]: DEBUG_DRIVE lane_x=138.5, linear=0.15, linear_y=0.00, angular=-0.10, stop=False, crosswalk_distance=465, start_slow_down=True[0m
[self_driving-10] [0m[INFO] [1782503413.346482571] [self_driving]: [1;33m465[0m[0m
[self_driving-10] [0m[INFO] [1782503413.349205293] [self_driving]: DEBUG_DRIVE lane_x=140.0, linear=0.15, linear_y=0.00, angular=-0.10, stop=False, crosswalk_distance=465, start_slow_down=True[0m
[self_driving-10] [0m[INFO] [1782503413.440351867] [self_driving]: [1;33m465[0m[0m
[self_driving-10] [0m[INFO] [1782503413.441685960] [self_driving]: DEBUG_DRIVE lane_x=134.5, linear=0.15, linear_y=0.00, angular=0.10, stop=False, crosswalk_distance=465, start_slow_down=True[0m
[self_driving-10] [0m[INFO] [1782503413.522963311] [self_driving]: [1;33m465[0m[0m
[self_driving-10] [0m[INFO] [1782503413.525425237] [self_driving]: DEBUG_DRIVE lane_x=130.5, linear=0.15, linear_y=0.00, angular=0.10, stop=False, crosswalk_distance=465, start_slow_down=True[0m
[self_driving-10] [0m[INFO] [1782503413.606247404] [self_driving]: [1;33m465[0m[0m
[self_driving-10] [0m[INFO] [1782503413.608240886] [self_driving]: DEBUG_DRIVE lane_x=124.0, linear=0.15, linear_y=0.00, angular=0.10, stop=False, crosswalk_distance=465, start_slow_down=True[0m
[self_driving-10] [0m[INFO] [1782503413.679917682] [self_driving]: [1;33m465[0m[0m
[self_driving-10] [0m[INFO] [1782503413.683045441] [self_driving]: DEBUG_DRIVE lane_x=127.0, linear=0.15, linear_y=0.00, angular=-0.10, stop=False, crosswalk_distance=465, start_slow_down=True[0m
[self_driving-10] [0m[INFO] [1782503413.754540515] [self_driving]: [1;33m465[0m[0m
[self_driving-10] [0m[INFO] [1782503413.755753589] [self_driving]: DEBUG_DRIVE lane_x=125.5, linear=0.15, linear_y=0.00, angular=0.10, stop=False, crosswalk_distance=465, start_slow_down=True[0m
[self_driving-10] [0m[INFO] [1782503413.847250311] [self_driving]: [1;33m465[0m[0m
[self_driving-10] [0m[INFO] [1782503413.848413589] [self_driving]: DEBUG_DRIVE lane_x=132.0, linear=0.15, linear_y=0.00, angular=-0.10, stop=False, crosswalk_distance=465, start_slow_down=True[0m
[self_driving-10] [0m[INFO] [1782503413.944879793] [self_driving]: [1;33m465[0m[0m
[self_driving-10] [0m[INFO] [1782503413.947670848] [self_driving]: DEBUG_DRIVE lane_x=135.5, linear=0.15, linear_y=0.00, angular=-0.10, stop=False, crosswalk_distance=465, start_slow_down=True[0m
[self_driving-10] [0m[INFO] [1782503414.000804237] [self_driving]: [1;33m465[0m[0m
[self_driving-10] [0m[INFO] [1782503414.002228367] [self_driving]: DEBUG_DRIVE lane_x=140.0, linear=0.15, linear_y=0.00, angular=-0.10, stop=False, crosswalk_distance=465, start_slow_down=True[0m
[self_driving-10] [0m[INFO] [1782503414.072832348] [self_driving]: [1;33m465[0m[0m
[self_driving-10] [0m[INFO] [1782503414.075770237] [self_driving]: DEBUG_DRIVE lane_x=131.5, linear=0.15, linear_y=0.00, angular=0.10, stop=False, crosswalk_distance=465, start_slow_down=True[0m
[self_driving-10] [0m[INFO] [1782503414.149715107] [self_driving]: [1;33m465[0m[0m
[self_driving-10] [0m[INFO] [1782503414.152677089] [self_driving]: DEBUG_DRIVE lane_x=128.0, linear=0.15, linear_y=0.00, angular=0.10, stop=False, crosswalk_distance=465, start_slow_down=True[0m
[self_driving-10] [0m[INFO] [1782503414.240959441] [self_driving]: [1;33m465[0m[0m
[self_driving-10] [0m[INFO] [1782503414.247435070] [self_driving]: DEBUG_DRIVE lane_x=126.5, linear=0.15, linear_y=0.00, angular=0.10, stop=False, crosswalk_distance=465, start_slow_down=True[0m
[self_driving-10] [0m[INFO] [1782503414.323170181] [self_driving]: [1;33m465[0m[0m
[self_driving-10] [0m[INFO] [1782503414.325493496] [self_driving]: DEBUG_DRIVE lane_x=130.5, linear=0.15, linear_y=0.00, angular=-0.10, stop=False, crosswalk_distance=465, start_slow_down=True[0m
[self_driving-10] [0m[INFO] [1782503414.396165941] [self_driving]: [1;33m465[0m[0m
[self_driving-10] [0m[INFO] [1782503414.398541107] [self_driving]: DEBUG_DRIVE lane_x=133.0, linear=0.15, linear_y=0.00, angular=-0.10, stop=False, crosswalk_distance=465, start_slow_down=True[0m
[self_driving-10] [0m[INFO] [1782503414.474424348] [self_driving]: [1;33m465[0m[0m
[self_driving-10] [0m[INFO] [1782503414.477948848] [self_driving]: DEBUG_DRIVE lane_x=137.5, linear=0.15, linear_y=0.00, angular=-0.10, stop=False, crosswalk_distance=465, start_slow_down=True[0m
[self_driving-10] [0m[INFO] [1782503414.556779552] [self_driving]: [1;33m465[0m[0m
[self_driving-10] [0m[INFO] [1782503414.558162866] [self_driving]: DEBUG_DRIVE lane_x=133.5, linear=0.15, linear_y=0.00, angular=0.10, stop=False, crosswalk_distance=465, start_slow_down=True[0m
[self_driving-10] [0m[INFO] [1782503414.633916218] [self_driving]: [1;33m465[0m[0m
[self_driving-10] [0m[INFO] [1782503414.635331033] [self_driving]: DEBUG_DRIVE lane_x=134.0, linear=0.15, linear_y=0.00, angular=-0.10, stop=False, crosswalk_distance=465, start_slow_down=True[0m
[self_driving-10] [0m[INFO] [1782503414.735186477] [self_driving]: [1;33m465[0m[0m
[self_driving-10] [0m[INFO] [1782503414.742989848] [self_driving]: DEBUG_DRIVE lane_x=139.0, linear=0.15, linear_y=0.00, angular=-0.10, stop=False, crosswalk_distance=465, start_slow_down=True[0m
[self_driving-10] [0m[INFO] [1782503414.814728774] [self_driving]: [1;33m465[0m[0m
[self_driving-10] [0m[INFO] [1782503414.816780274] [self_driving]: DEBUG_DRIVE lane_x=149.5, linear=0.15, linear_y=0.00, angular=-0.10, stop=False, crosswalk_distance=465, start_slow_down=True[0m
[self_driving-10] [0m[INFO] [1782503414.883416144] [self_driving]: [1;33m465[0m[0m
[self_driving-10] [0m[INFO] [1782503414.885969088] [self_driving]: DEBUG_DRIVE lane_x=149.0, linear=0.15, linear_y=0.00, angular=-0.10, stop=False, crosswalk_distance=465, start_slow_down=True[0m
[self_driving-10] [0m[INFO] [1782503414.968234422] [self_driving]: [1;33m465[0m[0m
[self_driving-10] [0m[INFO] [1782503414.970597644] [self_driving]: DEBUG_DRIVE lane_x=150.0, linear=0.15, linear_y=0.00, angular=-0.10, stop=False, crosswalk_distance=465, start_slow_down=False[0m
[self_driving-10] [0m[INFO] [1782503415.060681644] [self_driving]: [1;33m465[0m[0m
[self_driving-10] [0m[INFO] [1782503415.063987107] [self_driving]: DEBUG_DRIVE lane_x=155.5, linear=0.15, linear_y=0.00, angular=-0.10, stop=False, crosswalk_distance=465, start_slow_down=False[0m
[self_driving-10] [0m[INFO] [1782503415.138328107] [self_driving]: [1;33m465[0m[0m
[self_driving-10] [0m[INFO] [1782503415.140392422] [self_driving]: DEBUG_DRIVE lane_x=162.5, linear=0.15, linear_y=0.00, angular=-0.10, stop=False, crosswalk_distance=465, start_slow_down=False[0m
[self_driving-10] [0m[INFO] [1782503415.201440218] [self_driving]: [1;33m465[0m[0m
[self_driving-10] [0m[INFO] [1782503415.203347681] [self_driving]: DEBUG_DRIVE lane_x=165.5, linear=0.15, linear_y=0.00, angular=-0.10, stop=False, crosswalk_distance=465, start_slow_down=True[0m
[self_driving-10] [0m[INFO] [1782503415.289265996] [self_driving]: [1;33m465[0m[0m
[self_driving-10] [0m[INFO] [1782503415.290844422] [self_driving]: DEBUG_DRIVE lane_x=164.5, linear=0.15, linear_y=0.00, angular=-0.10, stop=False, crosswalk_distance=465, start_slow_down=True[0m
[self_driving-10] [0m[INFO] [1782503415.379153347] [self_driving]: [1;33m465[0m[0m
[self_driving-10] [0m[INFO] [1782503415.380548384] [self_driving]: DEBUG_DRIVE lane_x=180.5, linear=0.15, linear_y=0.00, angular=-0.10, stop=False, crosswalk_distance=465, start_slow_down=True[0m
[self_driving-10] [0m[INFO] [1782503415.472191551] [self_driving]: [1;33m465[0m[0m
[self_driving-10] [0m[INFO] [1782503415.474054310] [self_driving]: DEBUG_DRIVE lane_x=201.5, linear=0.15, linear_y=0.00, angular=-0.45, stop=False, crosswalk_distance=465, start_slow_down=True[0m
[self_driving-10] [0m[INFO] [1782503415.519610329] [self_driving]: [1;33m465[0m[0m
[self_driving-10] [0m[INFO] [1782503415.520807236] [self_driving]: DEBUG_DRIVE lane_x=204.0, linear=0.15, linear_y=0.00, angular=-0.45, stop=False, crosswalk_distance=465, start_slow_down=True[0m
[self_driving-10] [0m[INFO] [1782503415.615126255] [self_driving]: [1;33m465[0m[0m
[self_driving-10] [0m[INFO] [1782503415.617017162] [self_driving]: DEBUG_DRIVE lane_x=204.0, linear=0.15, linear_y=0.00, angular=-0.45, stop=False, crosswalk_distance=465, start_slow_down=True[0m
[self_driving-10] [0m[INFO] [1782503415.691090477] [self_driving]: [1;33m465[0m[0m
[self_driving-10] [0m[INFO] [1782503415.693955773] [self_driving]: DEBUG_DRIVE lane_x=201.5, linear=0.15, linear_y=0.00, angular=-0.45, stop=False, crosswalk_distance=465, start_slow_down=True[0m
[self_driving-10] [0m[INFO] [1782503415.773671310] [self_driving]: [1;33m465[0m[0m
[self_driving-10] [0m[INFO] [1782503415.776387106] [self_driving]: DEBUG_DRIVE lane_x=200.5, linear=0.15, linear_y=0.00, angular=-0.45, stop=False, crosswalk_distance=465, start_slow_down=True[0m
[self_driving-10] [0m[INFO] [1782503415.848678199] [self_driving]: [1;33m465[0m[0m
[self_driving-10] [0m[INFO] [1782503415.858136236] [self_driving]: DEBUG_DRIVE lane_x=203.5, linear=0.15, linear_y=0.00, angular=-0.45, stop=False, crosswalk_distance=465, start_slow_down=True[0m
[self_driving-10] [0m[INFO] [1782503415.937880403] [self_driving]: [1;33m465[0m[0m
[self_driving-10] [0m[INFO] [1782503415.941765643] [self_driving]: DEBUG_DRIVE lane_x=205.0, linear=0.15, linear_y=0.00, angular=-0.45, stop=False, crosswalk_distance=465, start_slow_down=True[0m
[self_driving-10] [0m[INFO] [1782503416.022362903] [self_driving]: [1;33m465[0m[0m
[self_driving-10] [0m[INFO] [1782503416.023945458] [self_driving]: DEBUG_DRIVE lane_x=202.0, linear=0.15, linear_y=0.00, angular=-0.45, stop=False, crosswalk_distance=465, start_slow_down=True[0m
[self_driving-10] [0m[INFO] [1782503416.100571977] [self_driving]: [1;33m465[0m[0m
[self_driving-10] [0m[INFO] [1782503416.101745125] [self_driving]: DEBUG_DRIVE lane_x=204.5, linear=0.15, linear_y=0.00, angular=-0.45, stop=False, crosswalk_distance=465, start_slow_down=True[0m
[self_driving-10] [0m[INFO] [1782503416.209673180] [self_driving]: [1;33m465[0m[0m
[self_driving-10] [0m[INFO] [1782503416.212010847] [self_driving]: DEBUG_DRIVE lane_x=255.0, linear=0.15, linear_y=0.00, angular=-0.45, stop=False, crosswalk_distance=465, start_slow_down=True[0m
[self_driving-10] [0m[INFO] [1782503416.268200625] [self_driving]: [1;33m465[0m[0m
[self_driving-10] [0m[INFO] [1782503416.269651977] [self_driving]: DEBUG_DRIVE lane_x=264.0, linear=0.15, linear_y=0.00, angular=-0.45, stop=False, crosswalk_distance=465, start_slow_down=True[0m
[self_driving-10] [0m[INFO] [1782503416.341151310] [self_driving]: [1;33m465[0m[0m
[self_driving-10] [0m[INFO] [1782503416.344588810] [self_driving]: DEBUG_DRIVE lane_x=263.5, linear=0.15, linear_y=0.00, angular=-0.45, stop=False, crosswalk_distance=465, start_slow_down=True[0m
[self_driving-10] [0m[INFO] [1782503416.408255791] [self_driving]: [1;33m465[0m[0m
[self_driving-10] [0m[INFO] [1782503416.409296088] [self_driving]: DEBUG_DRIVE lane_x=271.5, linear=0.15, linear_y=0.00, angular=-0.45, stop=False, crosswalk_distance=465, start_slow_down=True[0m
[self_driving-10] [0m[INFO] [1782503416.497457995] [self_driving]: [1;33m465[0m[0m
[self_driving-10] [0m[INFO] [1782503416.500700773] [self_driving]: DEBUG_DRIVE lane_x=281.0, linear=0.15, linear_y=0.00, angular=-0.45, stop=False, crosswalk_distance=465, start_slow_down=True[0m
[self_driving-10] [0m[INFO] [1782503416.570349662] [self_driving]: [1;33m465[0m[0m
[self_driving-10] [0m[INFO] [1782503416.576756976] [self_driving]: DEBUG_DRIVE lane_x=282.0, linear=0.15, linear_y=0.00, angular=-0.45, stop=False, crosswalk_distance=465, start_slow_down=True[0m
[self_driving-10] [0m[INFO] [1782503416.686541106] [self_driving]: [1;33m465[0m[0m
[self_driving-10] [0m[INFO] [1782503416.687921736] [self_driving]: DEBUG_DRIVE lane_x=276.5, linear=0.15, linear_y=0.00, angular=-0.45, stop=False, crosswalk_distance=465, start_slow_down=True[0m
[self_driving-10] [0m[INFO] [1782503416.747556384] [self_driving]: [1;33m465[0m[0m
[self_driving-10] [0m[INFO] [1782503416.749648902] [self_driving]: DEBUG_DRIVE lane_x=277.5, linear=0.15, linear_y=0.00, angular=-0.45, stop=False, crosswalk_distance=465, start_slow_down=True[0m
[self_driving-10] [0m[INFO] [1782503416.820459198] [self_driving]: [1;33m465[0m[0m
[self_driving-10] [0m[INFO] [1782503416.821936310] [self_driving]: DEBUG_DRIVE lane_x=278.5, linear=0.15, linear_y=0.00, angular=-0.45, stop=False, crosswalk_distance=465, start_slow_down=True[0m
[self_driving-10] [0m[INFO] [1782503416.911996698] [self_driving]: [1;33m465[0m[0m
[self_driving-10] [0m[INFO] [1782503416.913806698] [self_driving]: DEBUG_DRIVE lane_x=278.0, linear=0.15, linear_y=0.00, angular=-0.45, stop=False, crosswalk_distance=465, start_slow_down=True[0m
[self_driving-10] [0m[INFO] [1782503416.987193698] [self_driving]: [1;33m465[0m[0m
[self_driving-10] [0m[INFO] [1782503416.993575550] [self_driving]: DEBUG_DRIVE lane_x=287.5, linear=0.15, linear_y=0.00, angular=-0.45, stop=False, crosswalk_distance=465, start_slow_down=True[0m
[self_driving-10] [0m[INFO] [1782503417.099810717] [self_driving]: [1;33m465[0m[0m
[self_driving-10] [0m[INFO] [1782503417.101929383] [self_driving]: DEBUG_DRIVE lane_x=296.0, linear=0.15, linear_y=0.00, angular=-0.45, stop=False, crosswalk_distance=465, start_slow_down=True[0m
[self_driving-10] [0m[INFO] [1782503417.131014976] [self_driving]: [1;33m465[0m[0m
[self_driving-10] [0m[INFO] [1782503417.132061198] [self_driving]: DEBUG_DRIVE lane_x=297.5, linear=0.15, linear_y=0.00, angular=-0.45, stop=False, crosswalk_distance=465, start_slow_down=True[0m
[self_driving-10] [0m[INFO] [1782503417.219655457] [self_driving]: [1;33m465[0m[0m
[self_driving-10] [0m[INFO] [1782503417.221701809] [self_driving]: DEBUG_DRIVE lane_x=296.0, linear=0.15, linear_y=0.00, angular=-0.45, stop=False, crosswalk_distance=465, start_slow_down=True[0m
[self_driving-10] [0m[INFO] [1782503417.312749865] [self_driving]: [1;33m465[0m[0m
[self_driving-10] [0m[INFO] [1782503417.314133494] [self_driving]: DEBUG_DRIVE lane_x=295.0, linear=0.15, linear_y=0.00, angular=-0.45, stop=False, crosswalk_distance=465, start_slow_down=True[0m
[self_driving-10] [0m[INFO] [1782503417.391716439] [self_driving]: [1;33m465[0m[0m
[self_driving-10] [0m[INFO] [1782503417.394405605] [self_driving]: DEBUG_DRIVE lane_x=293.0, linear=0.15, linear_y=0.00, angular=-0.45, stop=False, crosswalk_distance=465, start_slow_down=True[0m
[self_driving-10] [0m[INFO] [1782503417.492916605] [self_driving]: [1;33m465[0m[0m
[self_driving-10] [0m[INFO] [1782503417.495639365] [self_driving]: DEBUG_DRIVE lane_x=289.5, linear=0.15, linear_y=0.00, angular=-0.45, stop=False, crosswalk_distance=465, start_slow_down=True[0m
[self_driving-10] [0m[INFO] [1782503417.550658716] [self_driving]: [1;33m465[0m[0m
[self_driving-10] [0m[INFO] [1782503417.555306865] [self_driving]: DEBUG_DRIVE lane_x=287.5, linear=0.15, linear_y=0.00, angular=-0.45, stop=False, crosswalk_distance=465, start_slow_down=True[0m
[self_driving-10] [0m[INFO] [1782503417.616859476] [self_driving]: [1;33m465[0m[0m
[self_driving-10] [0m[INFO] [1782503417.618094179] [self_driving]: DEBUG_DRIVE lane_x=279.0, linear=0.15, linear_y=0.00, angular=-0.45, stop=False, crosswalk_distance=465, start_slow_down=True[0m
[self_driving-10] [0m[INFO] [1782503417.700738235] [self_driving]: [1;33m465[0m[0m
[self_driving-10] [0m[INFO] [1782503417.702445790] [self_driving]: DEBUG_DRIVE lane_x=278.5, linear=0.15, linear_y=0.00, angular=-0.45, stop=False, crosswalk_distance=465, start_slow_down=True[0m
[self_driving-10] [0m[INFO] [1782503417.800871235] [self_driving]: [1;33m465[0m[0m
[self_driving-10] [0m[INFO] [1782503417.806592735] [self_driving]: DEBUG_DRIVE lane_x=276.0, linear=0.15, linear_y=0.00, angular=-0.45, stop=False, crosswalk_distance=465, start_slow_down=True[0m
[self_driving-10] [0m[INFO] [1782503417.880398253] [self_driving]: [1;33m465[0m[0m
[self_driving-10] [0m[INFO] [1782503417.888234587] [self_driving]: DEBUG_DRIVE lane_x=264.0, linear=0.15, linear_y=0.00, angular=-0.45, stop=False, crosswalk_distance=465, start_slow_down=False[0m
[self_driving-10] [0m[INFO] [1782503417.959193272] [self_driving]: [1;33m465[0m[0m
[self_driving-10] [0m[INFO] [1782503417.960356698] [self_driving]: DEBUG_DRIVE lane_x=255.5, linear=0.15, linear_y=0.00, angular=-0.45, stop=False, crosswalk_distance=465, start_slow_down=False[0m
[self_driving-10] [0m[INFO] [1782503418.017960698] [self_driving]: [1;33m465[0m[0m
[self_driving-10] [0m[INFO] [1782503418.020879587] [self_driving]: DEBUG_DRIVE lane_x=247.5, linear=0.15, linear_y=0.00, angular=-0.45, stop=False, crosswalk_distance=465, start_slow_down=False[0m
[self_driving-10] [0m[INFO] [1782503418.111718698] [self_driving]: [1;33m465[0m[0m
[self_driving-10] [0m[INFO] [1782503418.113273475] [self_driving]: DEBUG_DRIVE lane_x=242.0, linear=0.15, linear_y=0.00, angular=-0.45, stop=False, crosswalk_distance=465, start_slow_down=True[0m
[self_driving-10] [0m[INFO] [1782503418.209201068] [self_driving]: [1;33m465[0m[0m
[self_driving-10] [0m[INFO] [1782503418.210420809] [self_driving]: DEBUG_DRIVE lane_x=227.5, linear=0.15, linear_y=0.00, angular=-0.45, stop=False, crosswalk_distance=465, start_slow_down=True[0m
[self_driving-10] [0m[INFO] [1782503418.279071790] [self_driving]: [1;33m465[0m[0m
[self_driving-10] [0m[INFO] [1782503418.282059457] [self_driving]: DEBUG_DRIVE lane_x=215.5, linear=0.15, linear_y=0.00, angular=-0.45, stop=False, crosswalk_distance=465, start_slow_down=True[0m
[self_driving-10] [0m[INFO] [1782503418.357934975] [self_driving]: [1;33m465[0m[0m
[self_driving-10] [0m[INFO] [1782503418.359519142] [self_driving]: DEBUG_DRIVE lane_x=196.0, linear=0.15, linear_y=0.00, angular=-0.10, stop=False, crosswalk_distance=465, start_slow_down=True[0m
[self_driving-10] [0m[INFO] [1782503418.429414809] [self_driving]: [1;33m465[0m[0m
[self_driving-10] [0m[INFO] [1782503418.432118975] [self_driving]: DEBUG_DRIVE lane_x=176.0, linear=0.15, linear_y=0.00, angular=-0.10, stop=False, crosswalk_distance=465, start_slow_down=True[0m
[self_driving-10] [0m[INFO] [1782503418.514187086] [self_driving]: [1;33m465[0m[0m
[self_driving-10] [0m[INFO] [1782503418.515804920] [self_driving]: DEBUG_DRIVE lane_x=162.0, linear=0.15, linear_y=0.00, angular=-0.10, stop=False, crosswalk_distance=465, start_slow_down=True[0m
[self_driving-10] [0m[INFO] [1782503418.615909660] [self_driving]: [1;33m465[0m[0m
[self_driving-10] [0m[INFO] [1782503418.617323179] [self_driving]: DEBUG_DRIVE lane_x=160.5, linear=0.15, linear_y=0.00, angular=-0.10, stop=False, crosswalk_distance=465, start_slow_down=True[0m
[self_driving-10] [0m[INFO] [1782503418.672712642] [self_driving]: [1;33m465[0m[0m
[self_driving-10] [0m[INFO] [1782503418.676085086] [self_driving]: DEBUG_DRIVE lane_x=158.5, linear=0.15, linear_y=0.00, angular=-0.10, stop=False, crosswalk_distance=465, start_slow_down=True[0m
[self_driving-10] [0m[INFO] [1782503418.760891568] [self_driving]: [1;33m465[0m[0m
[self_driving-10] [0m[INFO] [1782503418.763260919] [self_driving]: DEBUG_DRIVE lane_x=157.0, linear=0.15, linear_y=0.00, angular=-0.10, stop=False, crosswalk_distance=465, start_slow_down=True[0m
[self_driving-10] [0m[INFO] [1782503418.833750716] [self_driving]: [1;33m465[0m[0m
[self_driving-10] [0m[INFO] [1782503418.835757827] [self_driving]: DEBUG_DRIVE lane_x=158.0, linear=0.15, linear_y=0.00, angular=-0.10, stop=False, crosswalk_distance=465, start_slow_down=True[0m
[self_driving-10] [0m[INFO] [1782503418.917304790] [self_driving]: [1;33m465[0m[0m
[self_driving-10] [0m[INFO] [1782503418.919034160] [self_driving]: DEBUG_DRIVE lane_x=157.5, linear=0.15, linear_y=0.00, angular=-0.10, stop=False, crosswalk_distance=465, start_slow_down=True[0m
[self_driving-10] [0m[INFO] [1782503418.927641716] [self_driving]: objects=1[0m
[self_driving-10] [0m[INFO] [1782503418.928696142] [self_driving]: [DET] crosswalk: cx=606, cy=196, box=array('i', [575, 188, 638, 205]), score=0.62[0m
[self_driving-10] [0m[INFO] [1782503419.002693993] [self_driving]: [1;33m196[0m[0m
[self_driving-10] [0m[INFO] [1782503419.004126456] [self_driving]: DEBUG_DRIVE lane_x=152.5, linear=0.15, linear_y=0.00, angular=-0.10, stop=False, crosswalk_distance=196, start_slow_down=True[0m
[self_driving-10] [0m[INFO] [1782503419.084950364] [self_driving]: [1;33m196[0m[0m
[self_driving-10] [0m[INFO] [1782503419.087585771] [self_driving]: DEBUG_DRIVE lane_x=148.5, linear=0.15, linear_y=0.00, angular=-0.10, stop=False, crosswalk_distance=196, start_slow_down=True[0m
[self_driving-10] [0m[INFO] [1782503419.167135845] [self_driving]: [1;33m196[0m[0m
[self_driving-10] [0m[INFO] [1782503419.169151419] [self_driving]: DEBUG_DRIVE lane_x=146.5, linear=0.15, linear_y=0.00, angular=-0.10, stop=False, crosswalk_distance=196, start_slow_down=True[0m
[self_driving-10] [0m[INFO] [1782503419.239969938] [self_driving]: [1;33m196[0m[0m
[self_driving-10] [0m[INFO] [1782503419.241188549] [self_driving]: DEBUG_DRIVE lane_x=143.5, linear=0.15, linear_y=0.00, angular=-0.10, stop=False, crosswalk_distance=196, start_slow_down=True[0m
[self_driving-10] [0m[INFO] [1782503419.280924530] [self_driving]: objects=1[0m
[self_driving-10] [0m[INFO] [1782503419.281934734] [self_driving]: [DET] crosswalk: cx=545, cy=198, box=array('i', [451, 193, 640, 203]), score=0.82[0m
[self_driving-10] [0m[INFO] [1782503419.289152271] [self_driving]: objects=1[0m
[self_driving-10] [0m[INFO] [1782503419.291580419] [self_driving]: [DET] crosswalk: cx=533, cy=23, box=array('i', [427, 3, 640, 43]), score=0.34[0m
[self_driving-10] [0m[INFO] [1782503419.349961382] [self_driving]: [1;33m23[0m[0m
[self_driving-10] [0m[INFO] [1782503419.360709697] [self_driving]: DEBUG_DRIVE lane_x=142.0, linear=0.15, linear_y=0.00, angular=-0.10, stop=False, crosswalk_distance=23, start_slow_down=True[0m
[self_driving-10] [0m[INFO] [1782503419.395936697] [self_driving]: [1;33m23[0m[0m
[self_driving-10] [0m[INFO] [1782503419.401138771] [self_driving]: DEBUG_DRIVE lane_x=140.5, linear=0.15, linear_y=0.00, angular=-0.10, stop=False, crosswalk_distance=23, start_slow_down=True[0m
[self_driving-10] [0m[INFO] [1782503419.488471678] [self_driving]: [1;33m23[0m[0m
[self_driving-10] [0m[INFO] [1782503419.490106660] [self_driving]: DEBUG_DRIVE lane_x=137.5, linear=0.15, linear_y=0.00, angular=-0.10, stop=False, crosswalk_distance=23, start_slow_down=True[0m
[self_driving-10] [0m[INFO] [1782503419.556182049] [self_driving]: [1;33m23[0m[0m
[self_driving-10] [0m[INFO] [1782503419.559215382] [self_driving]: DEBUG_DRIVE lane_x=134.0, linear=0.15, linear_y=0.00, angular=0.10, stop=False, crosswalk_distance=23, start_slow_down=True[0m
[self_driving-10] [0m[INFO] [1782503419.645285160] [self_driving]: [1;33m23[0m[0m
[self_driving-10] [0m[INFO] [1782503419.647779678] [self_driving]: DEBUG_DRIVE lane_x=122.0, linear=0.15, linear_y=0.00, angular=0.10, stop=False, crosswalk_distance=23, start_slow_down=True[0m
[self_driving-10] [0m[INFO] [1782503419.665884863] [self_driving]: objects=1[0m
[self_driving-10] [0m[INFO] [1782503419.667260900] [self_driving]: [DET] crosswalk: cx=473, cy=199, box=array('i', [371, 193, 576, 205]), score=0.86[0m
[self_driving-10] [0m[INFO] [1782503419.753780956] [self_driving]: [1;33m199[0m[0m
[self_driving-10] [0m[INFO] [1782503419.755684067] [self_driving]: DEBUG_DRIVE lane_x=125.5, linear=0.15, linear_y=0.00, angular=0.10, stop=False, crosswalk_distance=199, start_slow_down=True[0m
[self_driving-10] [0m[INFO] [1782503419.811380734] [self_driving]: [1;33m199[0m[0m
[self_driving-10] [0m[INFO] [1782503419.813515252] [self_driving]: DEBUG_DRIVE lane_x=130.0, linear=0.15, linear_y=0.00, angular=-0.10, stop=False, crosswalk_distance=199, start_slow_down=True[0m
[self_driving-10] [0m[INFO] [1782503419.875916789] [self_driving]: [1;33m199[0m[0m
[self_driving-10] [0m[INFO] [1782503419.877749197] [self_driving]: DEBUG_DRIVE lane_x=136.0, linear=0.15, linear_y=0.00, angular=-0.10, stop=False, crosswalk_distance=199, start_slow_down=True[0m
[self_driving-10] [0m[INFO] [1782503419.971717771] [self_driving]: [1;33m199[0m[0m
[self_driving-10] [0m[INFO] [1782503419.974482178] [self_driving]: DEBUG_DRIVE lane_x=134.5, linear=0.15, linear_y=0.00, angular=-0.10, stop=False, crosswalk_distance=199, start_slow_down=True[0m
[self_driving-10] [0m[INFO] [1782503420.046622604] [self_driving]: [1;33m199[0m[0m
[self_driving-10] [0m[INFO] [1782503420.047868771] [self_driving]: DEBUG_DRIVE lane_x=132.0, linear=0.15, linear_y=0.00, angular=0.10, stop=False, crosswalk_distance=199, start_slow_down=True[0m
[self_driving-10] [0m[INFO] [1782503420.060322622] [self_driving]: objects=1[0m
[self_driving-10] [0m[INFO] [1782503420.061369993] [self_driving]: [DET] crosswalk: cx=464, cy=202, box=array('i', [356, 197, 572, 208]), score=0.86[0m
[self_driving-10] [0m[INFO] [1782503420.137392030] [self_driving]: [1;33m202[0m[0m
[self_driving-10] [0m[INFO] [1782503420.138607900] [self_driving]: DEBUG_DRIVE lane_x=137.5, linear=0.15, linear_y=0.00, angular=-0.10, stop=False, crosswalk_distance=202, start_slow_down=True[0m
[self_driving-10] [0m[INFO] [1782503420.216070530] [self_driving]: [1;33m202[0m[0m
[self_driving-10] [0m[INFO] [1782503420.218284956] [self_driving]: DEBUG_DRIVE lane_x=131.0, linear=0.15, linear_y=0.00, angular=0.10, stop=False, crosswalk_distance=202, start_slow_down=True[0m
[self_driving-10] [0m[INFO] [1782503420.298024344] [self_driving]: [1;33m202[0m[0m
[self_driving-10] [0m[INFO] [1782503420.299601307] [self_driving]: DEBUG_DRIVE lane_x=138.0, linear=0.15, linear_y=0.00, angular=-0.10, stop=False, crosswalk_distance=202, start_slow_down=True[0m
[self_driving-10] [0m[INFO] [1782503420.357787678] [self_driving]: [1;33m202[0m[0m
[self_driving-10] [0m[INFO] [1782503420.359444511] [self_driving]: DEBUG_DRIVE lane_x=139.5, linear=0.15, linear_y=0.00, angular=-0.10, stop=False, crosswalk_distance=202, start_slow_down=True[0m
[self_driving-10] [0m[INFO] [1782503420.437730733] [self_driving]: objects=1[0m
[self_driving-10] [0m[INFO] [1782503420.443271011] [self_driving]: [DET] crosswalk: cx=442, cy=203, box=array('i', [329, 197, 556, 210]), score=0.87[0m
[self_driving-10] [0m[INFO] [1782503420.460808641] [self_driving]: [1;33m203[0m[0m
[self_driving-10] [0m[INFO] [1782503420.463540918] [self_driving]: DEBUG_DRIVE lane_x=142.0, linear=0.15, linear_y=0.00, angular=-0.10, stop=False, crosswalk_distance=203, start_slow_down=True[0m
[self_driving-10] [0m[INFO] [1782503420.540620659] [self_driving]: [1;33m203[0m[0m
[self_driving-10] [0m[INFO] [1782503420.543729159] [self_driving]: DEBUG_DRIVE lane_x=135.0, linear=0.15, linear_y=0.00, angular=0.10, stop=False, crosswalk_distance=203, start_slow_down=True[0m
[self_driving-10] [0m[INFO] [1782503420.612599067] [self_driving]: [1;33m203[0m[0m
[self_driving-10] [0m[INFO] [1782503420.615416789] [self_driving]: DEBUG_DRIVE lane_x=123.5, linear=0.15, linear_y=0.00, angular=0.10, stop=False, crosswalk_distance=203, start_slow_down=True[0m
[self_driving-10] [0m[INFO] [1782503420.710140492] [self_driving]: [1;33m203[0m[0m
[self_driving-10] [0m[INFO] [1782503420.713956252] [self_driving]: DEBUG_DRIVE lane_x=123.5, linear=0.15, linear_y=0.00, angular=0.10, stop=False, crosswalk_distance=203, start_slow_down=True[0m
[self_driving-10] [0m[INFO] [1782503420.765987603] [self_driving]: [1;33m203[0m[0m
[self_driving-10] [0m[INFO] [1782503420.767092918] [self_driving]: DEBUG_DRIVE lane_x=130.5, linear=0.15, linear_y=0.00, angular=-0.10, stop=False, crosswalk_distance=203, start_slow_down=True[0m
[self_driving-10] [0m[INFO] [1782503420.849182437] [self_driving]: [1;33m203[0m[0m
[self_driving-10] [0m[INFO] [1782503420.852382029] [self_driving]: DEBUG_DRIVE lane_x=136.0, linear=0.15, linear_y=0.00, angular=-0.10, stop=False, crosswalk_distance=203, start_slow_down=False[0m
[self_driving-10] [0m[INFO] [1782503420.872219400] [self_driving]: objects=1[0m
[self_driving-10] [0m[INFO] [1782503420.879042603] [self_driving]: [DET] crosswalk: cx=426, cy=207, box=array('i', [306, 200, 546, 214]), score=0.88[0m
[self_driving-10] [0m[INFO] [1782503420.929111733] [self_driving]: [1;33m207[0m[0m
[self_driving-10] [0m[INFO] [1782503420.930710733] [self_driving]: DEBUG_DRIVE lane_x=146.0, linear=0.15, linear_y=0.00, angular=-0.10, stop=False, crosswalk_distance=207, start_slow_down=False[0m
[self_driving-10] [0m[INFO] [1782503421.030342659] [self_driving]: [1;33m207[0m[0m
[self_driving-10] [0m[INFO] [1782503421.031871826] [self_driving]: DEBUG_DRIVE lane_x=154.5, linear=0.15, linear_y=0.00, angular=-0.10, stop=False, crosswalk_distance=207, start_slow_down=False[0m
[self_driving-10] [0m[INFO] [1782503421.105789511] [self_driving]: [1;33m207[0m[0m
[self_driving-10] [0m[INFO] [1782503421.107937825] [self_driving]: DEBUG_DRIVE lane_x=149.0, linear=0.15, linear_y=0.00, angular=-0.10, stop=False, crosswalk_distance=207, start_slow_down=True[0m
[self_driving-10] [0m[INFO] [1782503421.174881437] [self_driving]: [1;33m207[0m[0m
[self_driving-10] [0m[INFO] [1782503421.176854640] [self_driving]: DEBUG_DRIVE lane_x=148.0, linear=0.15, linear_y=0.00, angular=-0.10, stop=False, crosswalk_distance=207, start_slow_down=True[0m
[self_driving-10] [0m[INFO] [1782503421.255774474] [self_driving]: [1;33m207[0m[0m
[self_driving-10] [0m[INFO] [1782503421.256974696] [self_driving]: DEBUG_DRIVE lane_x=145.5, linear=0.15, linear_y=0.00, angular=-0.10, stop=False, crosswalk_distance=207, start_slow_down=True[0m
[self_driving-10] [0m[INFO] [1782503421.276052418] [self_driving]: objects=1[0m
[self_driving-10] [0m[INFO] [1782503421.277072992] [self_driving]: [DET] crosswalk: cx=445, cy=206, box=array('i', [312, 199, 578, 214]), score=0.86[0m
[self_driving-10] [0m[INFO] [1782503421.355539381] [self_driving]: [1;33m206[0m[0m
[self_driving-10] [0m[INFO] [1782503421.359312566] [self_driving]: DEBUG_DRIVE lane_x=144.0, linear=0.15, linear_y=0.00, angular=-0.10, stop=False, crosswalk_distance=206, start_slow_down=True[0m
[self_driving-10] [0m[INFO] [1782503421.422992677] [self_driving]: [1;33m206[0m[0m
[self_driving-10] [0m[INFO] [1782503421.425484973] [self_driving]: DEBUG_DRIVE lane_x=139.0, linear=0.15, linear_y=0.00, angular=-0.10, stop=False, crosswalk_distance=206, start_slow_down=True[0m
[self_driving-10] [0m[INFO] [1782503421.501095547] [self_driving]: [1;33m206[0m[0m
[self_driving-10] [0m[INFO] [1782503421.502378196] [self_driving]: DEBUG_DRIVE lane_x=145.5, linear=0.15, linear_y=0.00, angular=-0.10, stop=False, crosswalk_distance=206, start_slow_down=True[0m
[self_driving-10] [0m[INFO] [1782503421.583226214] [self_driving]: [1;33m206[0m[0m
[self_driving-10] [0m[INFO] [1782503421.584727177] [self_driving]: DEBUG_DRIVE lane_x=141.0, linear=0.15, linear_y=0.00, angular=-0.10, stop=False, crosswalk_distance=206, start_slow_down=True[0m
[self_driving-10] [0m[INFO] [1782503421.643466325] [self_driving]: objects=1[0m
[self_driving-10] [0m[INFO] [1782503421.650204621] [self_driving]: [DET] crosswalk: cx=447, cy=214, box=array('i', [297, 205, 597, 223]), score=0.87[0m
[self_driving-10] [0m[INFO] [1782503421.676606510] [self_driving]: [1;33m214[0m[0m
[self_driving-10] [0m[INFO] [1782503421.679391158] [self_driving]: DEBUG_DRIVE lane_x=139.5, linear=0.15, linear_y=0.00, angular=-0.10, stop=False, crosswalk_distance=214, start_slow_down=True[0m
[self_driving-10] [0m[INFO] [1782503421.750341418] [self_driving]: [1;33m214[0m[0m
[self_driving-10] [0m[INFO] [1782503421.751651288] [self_driving]: DEBUG_DRIVE lane_x=141.5, linear=0.15, linear_y=0.00, angular=-0.10, stop=False, crosswalk_distance=214, start_slow_down=True[0m
[self_driving-10] [0m[INFO] [1782503421.815740881] [self_driving]: [1;33m214[0m[0m
[self_driving-10] [0m[INFO] [1782503421.817576714] [self_driving]: DEBUG_DRIVE lane_x=143.0, linear=0.15, linear_y=0.00, angular=-0.10, stop=False, crosswalk_distance=214, start_slow_down=True[0m
[self_driving-10] [0m[INFO] [1782503421.909359103] [self_driving]: [1;33m214[0m[0m
[self_driving-10] [0m[INFO] [1782503421.911851047] [self_driving]: DEBUG_DRIVE lane_x=143.0, linear=0.15, linear_y=0.00, angular=-0.10, stop=False, crosswalk_distance=214, start_slow_down=True[0m
[self_driving-10] [0m[INFO] [1782503421.987985788] [self_driving]: [1;33m214[0m[0m
[self_driving-10] [0m[INFO] [1782503421.991389362] [self_driving]: DEBUG_DRIVE lane_x=138.0, linear=0.15, linear_y=0.00, angular=-0.10, stop=False, crosswalk_distance=214, start_slow_down=True[0m
[self_driving-10] [0m[INFO] [1782503422.008187881] [self_driving]: objects=1[0m
[self_driving-10] [0m[INFO] [1782503422.009478955] [self_driving]: [DET] crosswalk: cx=457, cy=220, box=array('i', [301, 210, 614, 230]), score=0.90[0m
[self_driving-10] [0m[INFO] [1782503422.079791158] [self_driving]: [1;33m220[0m[0m
[self_driving-10] [0m[INFO] [1782503422.083267547] [self_driving]: DEBUG_DRIVE lane_x=132.5, linear=0.15, linear_y=0.00, angular=0.10, stop=False, crosswalk_distance=220, start_slow_down=True[0m
[self_driving-10] [0m[INFO] [1782503422.153853806] [self_driving]: [1;33m220[0m[0m
[self_driving-10] [0m[INFO] [1782503422.159023880] [self_driving]: DEBUG_DRIVE lane_x=125.0, linear=0.15, linear_y=0.00, angular=0.10, stop=False, crosswalk_distance=220, start_slow_down=True[0m
[self_driving-10] [0m[INFO] [1782503422.229303399] [self_driving]: [1;33m220[0m[0m
[self_driving-10] [0m[INFO] [1782503422.230745991] [self_driving]: DEBUG_DRIVE lane_x=121.0, linear=0.15, linear_y=0.00, angular=0.10, stop=False, crosswalk_distance=220, start_slow_down=True[0m
[self_driving-10] [0m[INFO] [1782503422.311773103] [self_driving]: [1;33m220[0m[0m
[self_driving-10] [0m[INFO] [1782503422.314079917] [self_driving]: DEBUG_DRIVE lane_x=123.5, linear=0.15, linear_y=0.00, angular=0.10, stop=False, crosswalk_distance=220, start_slow_down=True[0m
[self_driving-10] [0m[INFO] [1782503422.364157121] [self_driving]: objects=1[0m
[self_driving-10] [0m[INFO] [1782503422.368349603] [self_driving]: [DET] crosswalk: cx=457, cy=230, box=array('i', [287, 220, 627, 240]), score=0.88[0m
[self_driving-10] [0m[INFO] [1782503422.400146732] [self_driving]: [1;33m230[0m[0m
[self_driving-10] [0m[INFO] [1782503422.408658473] [self_driving]: DEBUG_DRIVE lane_x=127.0, linear=0.15, linear_y=0.00, angular=-0.10, stop=False, crosswalk_distance=230, start_slow_down=True[0m
[self_driving-10] [0m[INFO] [1782503422.476299177] [self_driving]: [1;33m230[0m[0m
[self_driving-10] [0m[INFO] [1782503422.477866843] [self_driving]: DEBUG_DRIVE lane_x=135.0, linear=0.15, linear_y=0.00, angular=-0.10, stop=False, crosswalk_distance=230, start_slow_down=True[0m
[self_driving-10] [0m[INFO] [1782503422.542450306] [self_driving]: [1;33m230[0m[0m
[self_driving-10] [0m[INFO] [1782503422.545881973] [self_driving]: DEBUG_DRIVE lane_x=139.0, linear=0.15, linear_y=0.00, angular=-0.10, stop=False, crosswalk_distance=230, start_slow_down=True[0m
[self_driving-10] [0m[INFO] [1782503422.617844806] [self_driving]: [1;33m230[0m[0m
[self_driving-10] [0m[INFO] [1782503422.619072399] [self_driving]: DEBUG_DRIVE lane_x=138.0, linear=0.15, linear_y=0.00, angular=-0.10, stop=False, crosswalk_distance=230, start_slow_down=True[0m
[self_driving-10] [0m[INFO] [1782503422.704498343] [self_driving]: [1;33m230[0m[0m
[self_driving-10] [0m[INFO] [1782503422.705628436] [self_driving]: DEBUG_DRIVE lane_x=137.5, linear=0.15, linear_y=0.00, angular=-0.10, stop=False, crosswalk_distance=230, start_slow_down=True[0m
[self_driving-10] [0m[INFO] [1782503422.725985343] [self_driving]: objects=1[0m
[self_driving-10] [0m[INFO] [1782503422.730001195] [self_driving]: [DET] crosswalk: cx=453, cy=238, box=array('i', [269, 226, 638, 250]), score=0.88[0m
[self_driving-10] [0m[INFO] [1782503422.800675769] [self_driving]: [1;33m238[0m[0m
[self_driving-10] [0m[INFO] [1782503422.804698528] [self_driving]: DEBUG_DRIVE lane_x=137.0, linear=0.15, linear_y=0.00, angular=-0.10, stop=False, crosswalk_distance=238, start_slow_down=True[0m
[self_driving-10] [0m[INFO] [1782503422.848009047] [self_driving]: [1;33m238[0m[0m
[self_driving-10] [0m[INFO] [1782503422.849311639] [self_driving]: DEBUG_DRIVE lane_x=136.0, linear=0.15, linear_y=0.00, angular=-0.10, stop=False, crosswalk_distance=238, start_slow_down=True[0m
[self_driving-10] [0m[INFO] [1782503422.904755473] [self_driving]: [1;33m238[0m[0m
[self_driving-10] [0m[INFO] [1782503422.907454547] [self_driving]: DEBUG_DRIVE lane_x=127.0, linear=0.15, linear_y=0.00, angular=0.10, stop=False, crosswalk_distance=238, start_slow_down=True[0m
[self_driving-10] [0m[INFO] [1782503422.978359454] [self_driving]: [1;33m238[0m[0m
[self_driving-10] [0m[INFO] [1782503422.980545713] [self_driving]: DEBUG_DRIVE lane_x=124.5, linear=0.15, linear_y=0.00, angular=0.10, stop=False, crosswalk_distance=238, start_slow_down=True[0m
[self_driving-10] [0m[INFO] [1782503423.032249195] [self_driving]: [1;33m238[0m[0m
[self_driving-10] [0m[INFO] [1782503423.034049732] [self_driving]: DEBUG_DRIVE lane_x=120.0, linear=0.15, linear_y=0.00, angular=0.10, stop=False, crosswalk_distance=238, start_slow_down=True[0m
[self_driving-10] [0m[INFO] [1782503423.107595454] [self_driving]: [1;33m238[0m[0m
[self_driving-10] [0m[INFO] [1782503423.109236602] [self_driving]: DEBUG_DRIVE lane_x=130.5, linear=0.15, linear_y=0.00, angular=-0.10, stop=False, crosswalk_distance=238, start_slow_down=True[0m
[self_driving-10] [0m[INFO] [1782503423.166151472] [self_driving]: objects=1[0m
[self_driving-10] [0m[INFO] [1782503423.169046269] [self_driving]: [DET] crosswalk: cx=436, cy=248, box=array('i', [237, 235, 636, 262]), score=0.91[0m
[self_driving-10] [0m[INFO] [1782503423.202734954] [self_driving]: [1;33m248[0m[0m
[self_driving-10] [0m[INFO] [1782503423.207768732] [self_driving]: DEBUG_DRIVE lane_x=131.0, linear=0.15, linear_y=0.00, angular=-0.10, stop=False, crosswalk_distance=248, start_slow_down=True[0m
[self_driving-10] [0m[INFO] [1782503423.245546639] [self_driving]: [1;33m248[0m[0m
[self_driving-10] [0m[INFO] [1782503423.247508972] [self_driving]: DEBUG_DRIVE lane_x=134.0, linear=0.15, linear_y=0.00, angular=-0.10, stop=False, crosswalk_distance=248, start_slow_down=True[0m
[self_driving-10] [0m[INFO] [1782503423.323810806] [self_driving]: [1;33m248[0m[0m
[self_driving-10] [0m[INFO] [1782503423.325369250] [self_driving]: DEBUG_DRIVE lane_x=134.0, linear=0.15, linear_y=0.00, angular=-0.10, stop=False, crosswalk_distance=248, start_slow_down=True[0m
[self_driving-10] [0m[INFO] [1782503423.367794250] [self_driving]: [1;33m248[0m[0m
[self_driving-10] [0m[INFO] [1782503423.369850232] [self_driving]: DEBUG_DRIVE lane_x=132.0, linear=0.15, linear_y=0.00, angular=0.10, stop=False, crosswalk_distance=248, start_slow_down=True[0m
[self_driving-10] [0m[INFO] [1782503423.448368565] [self_driving]: [1;33m248[0m[0m
[self_driving-10] [0m[INFO] [1782503423.451561972] [self_driving]: DEBUG_DRIVE lane_x=128.0, linear=0.15, linear_y=0.00, angular=0.10, stop=False, crosswalk_distance=248, start_slow_down=True[0m
[self_driving-10] [0m[INFO] [1782503423.505388343] [self_driving]: [1;33m248[0m[0m
[self_driving-10] [0m[INFO] [1782503423.507389083] [self_driving]: DEBUG_DRIVE lane_x=123.5, linear=0.15, linear_y=0.00, angular=0.10, stop=False, crosswalk_distance=248, start_slow_down=True[0m
[self_driving-10] [0m[INFO] [1782503423.566079157] [self_driving]: [1;33m248[0m[0m
[self_driving-10] [0m[INFO] [1782503423.567824231] [self_driving]: DEBUG_DRIVE lane_x=124.0, linear=0.15, linear_y=0.00, angular=0.10, stop=False, crosswalk_distance=248, start_slow_down=True[0m
[self_driving-10] [0m[INFO] [1782503423.576473194] [self_driving]: objects=1[0m
[self_driving-10] [0m[INFO] [1782503423.577213083] [self_driving]: [DET] crosswalk: cx=429, cy=269, box=array('i', [221, 252, 638, 286]), score=0.90[0m
[self_driving-10] [0m[INFO] [1782503423.584535491] [self_driving]: objects=1[0m
[self_driving-10] [0m[INFO] [1782503423.585480268] [self_driving]: [DET] crosswalk: cx=406, cy=196, box=array('i', [307, 192, 505, 200]), score=0.58[0m
[self_driving-10] [0m[INFO] [1782503423.655837917] [self_driving]: [1;33m196[0m[0m
[self_driving-10] [0m[INFO] [1782503423.657027750] [self_driving]: DEBUG_DRIVE lane_x=127.5, linear=0.15, linear_y=0.00, angular=-0.10, stop=False, crosswalk_distance=196, start_slow_down=True[0m
[self_driving-10] [0m[INFO] [1782503423.706847028] [self_driving]: [1;33m196[0m[0m
[self_driving-10] [0m[INFO] [1782503423.708160491] [self_driving]: DEBUG_DRIVE lane_x=130.5, linear=0.15, linear_y=0.00, angular=-0.10, stop=False, crosswalk_distance=196, start_slow_down=True[0m
[self_driving-10] [0m[INFO] [1782503423.788741028] [self_driving]: [1;33m196[0m[0m
[self_driving-10] [0m[INFO] [1782503423.791412935] [self_driving]: DEBUG_DRIVE lane_x=133.0, linear=0.15, linear_y=0.00, angular=-0.10, stop=False, crosswalk_distance=196, start_slow_down=False[0m
[self_driving-10] [0m[INFO] [1782503423.851839009] [self_driving]: [1;33m196[0m[0m
[self_driving-10] [0m[INFO] [1782503423.854774824] [self_driving]: DEBUG_DRIVE lane_x=132.0, linear=0.15, linear_y=0.00, angular=-0.10, stop=False, crosswalk_distance=196, start_slow_down=False[0m
[self_driving-10] [0m[INFO] [1782503423.910066416] [self_driving]: [1;33m196[0m[0m
[self_driving-10] [0m[INFO] [1782503423.912608916] [self_driving]: DEBUG_DRIVE lane_x=130.0, linear=0.15, linear_y=0.00, angular=0.10, stop=False, crosswalk_distance=196, start_slow_down=False[0m
[self_driving-10] [0m[INFO] [1782503423.955753861] [self_driving]: objects=1[0m
[self_driving-10] [0m[INFO] [1782503423.960965565] [self_driving]: [DET] crosswalk: cx=406, cy=289, box=array('i', [172, 270, 640, 309]), score=0.91[0m
[self_driving-10] [0m[INFO] [1782503423.966016750] [self_driving]: objects=1[0m
[self_driving-10] [0m[INFO] [1782503423.967071435] [self_driving]: [DET] crosswalk: cx=396, cy=200, box=array('i', [292, 195, 500, 205]), score=0.82[0m
[self_driving-10] [0m[INFO] [1782503423.992757083] [self_driving]: [1;33m200[0m[0m
[self_driving-10] [0m[INFO] [1782503423.996539657] [self_driving]: DEBUG_DRIVE lane_x=127.5, linear=0.15, linear_y=0.00, angular=0.10, stop=False, crosswalk_distance=200, start_slow_down=True[0m
[self_driving-10] [0m[INFO] [1782503424.059856490] [self_driving]: [1;33m200[0m[0m
[self_driving-10] [0m[INFO] [1782503424.060937750] [self_driving]: DEBUG_DRIVE lane_x=123.0, linear=0.15, linear_y=0.00, angular=0.10, stop=False, crosswalk_distance=200, start_slow_down=True[0m
[self_driving-10] [0m[INFO] [1782503424.115998935] [self_driving]: [1;33m200[0m[0m
[self_driving-10] [0m[INFO] [1782503424.117318213] [self_driving]: DEBUG_DRIVE lane_x=127.5, linear=0.15, linear_y=0.00, angular=-0.10, stop=False, crosswalk_distance=200, start_slow_down=True[0m
[self_driving-10] [0m[INFO] [1782503424.172639138] [self_driving]: [1;33m200[0m[0m
[self_driving-10] [0m[INFO] [1782503424.174226101] [self_driving]: DEBUG_DRIVE lane_x=127.5, linear=0.15, linear_y=0.00, angular=0.10, stop=False, crosswalk_distance=200, start_slow_down=True[0m
[self_driving-10] [0m[INFO] [1782503424.255397805] [self_driving]: [1;33m200[0m[0m
[self_driving-10] [0m[INFO] [1782503424.257321305] [self_driving]: DEBUG_DRIVE lane_x=129.5, linear=0.15, linear_y=0.00, angular=-0.10, stop=False, crosswalk_distance=200, start_slow_down=True[0m
[self_driving-10] [0m[INFO] [1782503424.325611268] [self_driving]: [1;33m200[0m[0m
[self_driving-10] [0m[INFO] [1782503424.326976546] [self_driving]: DEBUG_DRIVE lane_x=126.5, linear=0.15, linear_y=0.00, angular=0.10, stop=False, crosswalk_distance=200, start_slow_down=True[0m
[self_driving-10] [0m[INFO] [1782503424.330350416] [self_driving]: objects=1[0m
[self_driving-10] [0m[INFO] [1782503424.331724916] [self_driving]: [DET] crosswalk: cx=391, cy=314, box=array('i', [145, 287, 638, 341]), score=0.87[0m
[self_driving-10] [0m[INFO] [1782503424.335278157] [self_driving]: objects=1[0m
[self_driving-10] [0m[INFO] [1782503424.335763898] [self_driving]: [DET] crosswalk: cx=399, cy=204, box=array('i', [285, 198, 513, 210]), score=0.84[0m
[self_driving-10] [0m[INFO] [1782503424.384481972] [self_driving]: [1;33m204[0m[0m
[self_driving-10] [0m[INFO] [1782503424.385734194] [self_driving]: DEBUG_DRIVE lane_x=131.5, linear=0.15, linear_y=0.00, angular=-0.10, stop=False, crosswalk_distance=204, start_slow_down=True[0m
[self_driving-10] [0m[INFO] [1782503424.460623601] [self_driving]: [1;33m204[0m[0m
[self_driving-10] [0m[INFO] [1782503424.464242842] [self_driving]: DEBUG_DRIVE lane_x=129.0, linear=0.15, linear_y=0.00, angular=0.10, stop=False, crosswalk_distance=204, start_slow_down=True[0m
[self_driving-10] [0m[INFO] [1782503424.523469860] [self_driving]: [1;33m204[0m[0m
[self_driving-10] [0m[INFO] [1782503424.524828749] [self_driving]: DEBUG_DRIVE lane_x=135.0, linear=0.15, linear_y=0.00, angular=-0.10, stop=False, crosswalk_distance=204, start_slow_down=True[0m
[self_driving-10] [0m[INFO] [1782503424.594702675] [self_driving]: [1;33m204[0m[0m
[self_driving-10] [0m[INFO] [1782503424.600711935] [self_driving]: DEBUG_DRIVE lane_x=134.0, linear=0.15, linear_y=0.00, angular=-0.10, stop=False, crosswalk_distance=204, start_slow_down=True[0m
[self_driving-10] [0m[INFO] [1782503424.660754583] [self_driving]: [1;33m204[0m[0m
[self_driving-10] [0m[INFO] [1782503424.662251175] [self_driving]: DEBUG_DRIVE lane_x=135.5, linear=0.15, linear_y=0.00, angular=-0.10, stop=False, crosswalk_distance=204, start_slow_down=True[0m
[self_driving-10] [0m[INFO] [1782503424.711441305] [self_driving]: [1;33m204[0m[0m
[self_driving-10] [0m[INFO] [1782503424.714100934] [self_driving]: DEBUG_DRIVE lane_x=137.5, linear=0.15, linear_y=0.00, angular=-0.10, stop=False, crosswalk_distance=204, start_slow_down=True[0m
[self_driving-10] [0m[INFO] [1782503424.718204805] [self_driving]: objects=1[0m
[self_driving-10] [0m[INFO] [1782503424.723710323] [self_driving]: [DET] crosswalk: cx=376, cy=342, box=array('i', [114, 307, 638, 377]), score=0.90[0m
[self_driving-10] [0m[INFO] [1782503424.728227379] [self_driving]: objects=1[0m
[self_driving-10] [0m[INFO] [1782503424.736846157] [self_driving]: [DET] crosswalk: cx=402, cy=206, box=array('i', [280, 200, 525, 213]), score=0.86[0m
[self_driving-10] [0m[INFO] [1782503424.777784083] [self_driving]: [1;33m206[0m[0m
[self_driving-10] [0m[INFO] [1782503424.779977583] [self_driving]: DEBUG_DRIVE lane_x=133.0, linear=0.15, linear_y=0.00, angular=0.10, stop=False, crosswalk_distance=206, start_slow_down=True[0m
[self_driving-10] [0m[INFO] [1782503424.861871934] [self_driving]: [1;33m206[0m[0m
[self_driving-10] [0m[INFO] [1782503424.863792934] [self_driving]: DEBUG_DRIVE lane_x=133.0, linear=0.15, linear_y=0.00, angular=-0.10, stop=False, crosswalk_distance=206, start_slow_down=True[0m
[self_driving-10] [0m[INFO] [1782503424.927977601] [self_driving]: [1;33m206[0m[0m
[self_driving-10] [0m[INFO] [1782503424.930232305] [self_driving]: DEBUG_DRIVE lane_x=128.0, linear=0.15, linear_y=0.00, angular=0.10, stop=False, crosswalk_distance=206, start_slow_down=True[0m
[self_driving-10] [0m[INFO] [1782503424.998422545] [self_driving]: [1;33m206[0m[0m
[self_driving-10] [0m[INFO] [1782503425.000895231] [self_driving]: DEBUG_DRIVE lane_x=130.5, linear=0.15, linear_y=0.00, angular=-0.10, stop=False, crosswalk_distance=206, start_slow_down=True[0m
[self_driving-10] [0m[INFO] [1782503425.045501712] [self_driving]: [1;33m206[0m[0m
[self_driving-10] [0m[INFO] [1782503425.048453619] [self_driving]: DEBUG_DRIVE lane_x=128.5, linear=0.15, linear_y=0.00, angular=0.10, stop=False, crosswalk_distance=206, start_slow_down=True[0m
[self_driving-10] [0m[INFO] [1782503425.114083471] [self_driving]: [1;33m206[0m[0m
[self_driving-10] [0m[INFO] [1782503425.118707916] [self_driving]: DEBUG_DRIVE lane_x=129.5, linear=0.15, linear_y=0.00, angular=-0.10, stop=False, crosswalk_distance=206, start_slow_down=True[0m
[self_driving-10] [0m[INFO] [1782503425.136348582] [self_driving]: objects=1[0m
[self_driving-10] [0m[INFO] [1782503425.141015434] [self_driving]: [DET] crosswalk: cx=354, cy=390, box=array('i', [78, 338, 631, 443]), score=0.87[0m
[self_driving-10] [0m[INFO] [1782503425.162127156] [self_driving]: objects=1[0m
[self_driving-10] [0m[INFO] [1782503425.165572434] [self_driving]: [DET] crosswalk: cx=412, cy=205, box=array('i', [280, 198, 544, 212]), score=0.83[0m
[ekf_node-8] Failed to meet update rate! Took 0.011569776999999999839seconds. Try decreasing the rate, limiting sensor output frequency, or limiting the number of sensors.
[self_driving-10] [0m[INFO] [1782503425.220532786] [self_driving]: [1;33m205[0m[0m
[self_driving-10] [0m[INFO] [1782503425.223170712] [self_driving]: DEBUG_DRIVE lane_x=126.5, linear=0.15, linear_y=0.00, angular=0.10, stop=False, crosswalk_distance=205, start_slow_down=True[0m
[self_driving-10] [0m[INFO] [1782503425.268327693] [self_driving]: [1;33m205[0m[0m
[self_driving-10] [0m[INFO] [1782503425.269480267] [self_driving]: DEBUG_DRIVE lane_x=129.0, linear=0.15, linear_y=0.00, angular=-0.10, stop=False, crosswalk_distance=205, start_slow_down=True[0m
[self_driving-10] [0m[INFO] [1782503425.333776656] [self_driving]: [1;33m205[0m[0m
[self_driving-10] [0m[INFO] [1782503425.335675860] [self_driving]: DEBUG_DRIVE lane_x=127.0, linear=0.15, linear_y=0.00, angular=0.10, stop=False, crosswalk_distance=205, start_slow_down=True[0m
[self_driving-10] [0m[INFO] [1782503425.389006323] [self_driving]: [1;33m205[0m[0m
[self_driving-10] [0m[INFO] [1782503425.390688619] [self_driving]: DEBUG_DRIVE lane_x=126.5, linear=0.15, linear_y=0.00, angular=0.10, stop=False, crosswalk_distance=205, start_slow_down=True[0m
[self_driving-10] [0m[INFO] [1782503425.454875045] [self_driving]: [1;33m205[0m[0m
[self_driving-10] [0m[INFO] [1782503425.456385045] [self_driving]: DEBUG_DRIVE lane_x=123.5, linear=0.15, linear_y=0.00, angular=0.10, stop=False, crosswalk_distance=205, start_slow_down=True[0m
[self_driving-10] [0m[INFO] [1782503425.527081027] [self_driving]: [1;33m205[0m[0m
[self_driving-10] [0m[INFO] [1782503425.528663619] [self_driving]: DEBUG_DRIVE lane_x=130.0, linear=0.15, linear_y=0.00, angular=-0.10, stop=False, crosswalk_distance=205, start_slow_down=True[0m
[self_driving-10] [0m[INFO] [1782503425.555427249] [self_driving]: objects=1[0m
[self_driving-10] [0m[INFO] [1782503425.555974323] [self_driving]: [DET] crosswalk: cx=320, cy=426, box=array('i', [1, 373, 640, 480]), score=0.88[0m
[self_driving-10] [0m[INFO] [1782503425.558724804] [self_driving]: objects=1[0m
[self_driving-10] [0m[INFO] [1782503425.559607267] [self_driving]: [DET] crosswalk: cx=429, cy=213, box=array('i', [282, 204, 577, 222]), score=0.87[0m
[self_driving-10] [0m[INFO] [1782503425.607711045] [self_driving]: [1;33m213[0m[0m
[self_driving-10] [0m[INFO] [1782503425.608921304] [self_driving]: DEBUG_DRIVE lane_x=131.5, linear=0.15, linear_y=0.00, angular=-0.10, stop=False, crosswalk_distance=213, start_slow_down=True[0m
[self_driving-10] [0m[INFO] [1782503425.671008415] [self_driving]: [1;33m213[0m[0m
[self_driving-10] [0m[INFO] [1782503425.672487415] [self_driving]: DEBUG_DRIVE lane_x=134.0, linear=0.15, linear_y=0.00, angular=-0.10, stop=False, crosswalk_distance=213, start_slow_down=True[0m
[self_driving-10] [0m[INFO] [1782503425.727406989] [self_driving]: [1;33m213[0m[0m
[self_driving-10] [0m[INFO] [1782503425.728912656] [self_driving]: DEBUG_DRIVE lane_x=129.0, linear=0.15, linear_y=0.00, angular=0.10, stop=False, crosswalk_distance=213, start_slow_down=True[0m
[self_driving-10] [0m[INFO] [1782503425.795357563] [self_driving]: [1;33m213[0m[0m
[self_driving-10] [0m[INFO] [1782503425.797434397] [self_driving]: DEBUG_DRIVE lane_x=136.0, linear=0.15, linear_y=0.00, angular=-0.10, stop=False, crosswalk_distance=213, start_slow_down=True[0m
[self_driving-10] [0m[INFO] [1782503425.861639026] [self_driving]: [1;33m213[0m[0m
[self_driving-10] [0m[INFO] [1782503425.864281619] [self_driving]: DEBUG_DRIVE lane_x=133.0, linear=0.15, linear_y=0.00, angular=0.10, stop=False, crosswalk_distance=213, start_slow_down=True[0m
[self_driving-10] [0m[INFO] [1782503425.919738600] [self_driving]: objects=1[0m
[self_driving-10] [0m[INFO] [1782503425.921942230] [self_driving]: [DET] crosswalk: cx=427, cy=219, box=array('i', [272, 209, 582, 230]), score=0.88[0m
[self_driving-10] [0m[INFO] [1782503425.959665008] [self_driving]: objects=1[0m
[self_driving-10] [0m[INFO] [1782503425.961312786] [self_driving]: [DET] crosswalk: cx=321, cy=460, box=array('i', [7, 441, 635, 479]), score=0.80[0m
[self_driving-10] [0m[INFO] [1782503425.968135786] [self_driving]: [1;33m460[0m[0m
[self_driving-10] [0m[INFO] [1782503425.971530323] [self_driving]: DEBUG_DRIVE lane_x=136.5, linear=0.15, linear_y=0.00, angular=-0.10, stop=False, crosswalk_distance=460, start_slow_down=True[0m
[self_driving-10] [0m[INFO] [1782503426.036322119] [self_driving]: [1;33m460[0m[0m
[self_driving-10] [0m[INFO] [1782503426.038780174] [self_driving]: DEBUG_DRIVE lane_x=132.5, linear=0.15, linear_y=0.00, angular=0.10, stop=False, crosswalk_distance=460, start_slow_down=True[0m
[self_driving-10] [0m[INFO] [1782503426.063522045] [self_driving]: [1;33m460[0m[0m
[self_driving-10] [0m[INFO] [1782503426.065784563] [self_driving]: DEBUG_DRIVE lane_x=134.5, linear=0.15, linear_y=0.00, angular=-0.10, stop=False, crosswalk_distance=460, start_slow_down=True[0m
[self_driving-10] [0m[INFO] [1782503426.133821508] [self_driving]: [1;33m460[0m[0m
[self_driving-10] [0m[INFO] [1782503426.136267619] [self_driving]: DEBUG_DRIVE lane_x=134.5, linear=0.15, linear_y=0.00, angular=-0.10, stop=False, crosswalk_distance=460, start_slow_down=True[0m
[self_driving-10] [0m[INFO] [1782503426.209392322] [self_driving]: [1;33m460[0m[0m
[self_driving-10] [0m[INFO] [1782503426.211593434] [self_driving]: DEBUG_DRIVE lane_x=133.0, linear=0.15, linear_y=0.00, angular=-0.10, stop=False, crosswalk_distance=460, start_slow_down=True[0m
[self_driving-10] [0m[INFO] [1782503426.268110322] [self_driving]: [1;33m460[0m[0m
[self_driving-10] [0m[INFO] [1782503426.269737045] [self_driving]: DEBUG_DRIVE lane_x=131.5, linear=0.15, linear_y=0.00, angular=0.10, stop=False, crosswalk_distance=460, start_slow_down=True[0m
[self_driving-10] [0m[INFO] [1782503426.338059526] [self_driving]: [1;33m460[0m[0m
[self_driving-10] [0m[INFO] [1782503426.339764989] [self_driving]: DEBUG_DRIVE lane_x=128.0, linear=0.15, linear_y=0.00, angular=0.10, stop=False, crosswalk_distance=460, start_slow_down=True[0m
[self_driving-10] [0m[INFO] [1782503426.346801230] [self_driving]: objects=1[0m
[self_driving-10] [0m[INFO] [1782503426.348080582] [self_driving]: [DET] crosswalk: cx=433, cy=228, box=array('i', [259, 217, 607, 240]), score=0.89[0m
[self_driving-10] [0m[INFO] [1782503426.401326952] [self_driving]: [1;33m228[0m[0m
[self_driving-10] [0m[INFO] [1782503426.405622045] [self_driving]: DEBUG_DRIVE lane_x=134.0, linear=0.15, linear_y=0.00, angular=-0.10, stop=False, crosswalk_distance=228, start_slow_down=True[0m
[self_driving-10] [0m[INFO] [1782503426.474111396] [self_driving]: [1;33m228[0m[0m
[self_driving-10] [0m[INFO] [1782503426.479519526] [self_driving]: DEBUG_DRIVE lane_x=142.0, linear=0.15, linear_y=0.00, angular=-0.10, stop=False, crosswalk_distance=228, start_slow_down=True[0m
[self_driving-10] [0m[INFO] [1782503426.546520674] [self_driving]: [1;33m228[0m[0m
[self_driving-10] [0m[INFO] [1782503426.549363896] [self_driving]: DEBUG_DRIVE lane_x=149.0, linear=0.15, linear_y=0.00, angular=-0.10, stop=False, crosswalk_distance=228, start_slow_down=True[0m
[self_driving-10] [0m[INFO] [1782503426.600011878] [self_driving]: [1;33m228[0m[0m
[self_driving-10] [0m[INFO] [1782503426.601033285] [self_driving]: DEBUG_DRIVE lane_x=152.0, linear=0.15, linear_y=0.00, angular=-0.10, stop=False, crosswalk_distance=228, start_slow_down=True[0m
[self_driving-10] [0m[INFO] [1782503426.671572563] [self_driving]: [1;33m228[0m[0m
[self_driving-10] [0m[INFO] [1782503426.673151304] [self_driving]: DEBUG_DRIVE lane_x=150.0, linear=0.15, linear_y=0.00, angular=-0.10, stop=False, crosswalk_distance=228, start_slow_down=False[0m
[self_driving-10] [0m[INFO] [1782503426.728180896] [self_driving]: objects=1[0m
[self_driving-10] [0m[INFO] [1782503426.732108322] [self_driving]: [DET] crosswalk: cx=451, cy=235, box=array('i', [265, 223, 637, 248]), score=0.91[0m
[self_driving-10] [0m[INFO] [1782503426.755853433] [self_driving]: [1;33m235[0m[0m
[self_driving-10] [0m[INFO] [1782503426.757607970] [self_driving]: DEBUG_DRIVE lane_x=152.0, linear=0.15, linear_y=0.00, angular=-0.10, stop=False, crosswalk_distance=235, start_slow_down=False[0m
[self_driving-10] [0m[INFO] [1782503426.805017859] [self_driving]: [1;33m235[0m[0m
[self_driving-10] [0m[INFO] [1782503426.806514804] [self_driving]: DEBUG_DRIVE lane_x=146.5, linear=0.15, linear_y=0.00, angular=-0.10, stop=False, crosswalk_distance=235, start_slow_down=False[0m
[self_driving-10] [0m[INFO] [1782503426.861506655] [self_driving]: [1;33m235[0m[0m
[self_driving-10] [0m[INFO] [1782503426.864561859] [self_driving]: DEBUG_DRIVE lane_x=142.5, linear=0.15, linear_y=0.00, angular=-0.10, stop=False, crosswalk_distance=235, start_slow_down=True[0m
[self_driving-10] [0m[INFO] [1782503426.946206915] [self_driving]: [1;33m235[0m[0m
[self_driving-10] [0m[INFO] [1782503426.947618285] [self_driving]: DEBUG_DRIVE lane_x=134.5, linear=0.15, linear_y=0.00, angular=0.10, stop=False, crosswalk_distance=235, start_slow_down=True[0m
[self_driving-10] [0m[INFO] [1782503426.996025729] [self_driving]: [1;33m235[0m[0m
[self_driving-10] [0m[INFO] [1782503426.998013618] [self_driving]: DEBUG_DRIVE lane_x=137.5, linear=0.15, linear_y=0.00, angular=-0.10, stop=False, crosswalk_distance=235, start_slow_down=True[0m
[self_driving-10] [0m[INFO] [1782503427.077639692] [self_driving]: [1;33m235[0m[0m
[self_driving-10] [0m[INFO] [1782503427.079032970] [self_driving]: DEBUG_DRIVE lane_x=136.0, linear=0.15, linear_y=0.00, angular=-0.10, stop=False, crosswalk_distance=235, start_slow_down=True[0m
[self_driving-10] [0m[INFO] [1782503427.130721840] [self_driving]: [1;33m235[0m[0m
[self_driving-10] [0m[INFO] [1782503427.135522859] [self_driving]: DEBUG_DRIVE lane_x=135.5, linear=0.15, linear_y=0.00, angular=-0.10, stop=False, crosswalk_distance=235, start_slow_down=True[0m
[self_driving-10] [0m[INFO] [1782503427.162436303] [self_driving]: objects=1[0m
[self_driving-10] [0m[INFO] [1782503427.173778007] [self_driving]: [DET] crosswalk: cx=448, cy=245, box=array('i', [256, 230, 640, 261]), score=0.92[0m
[self_driving-10] [0m[INFO] [1782503427.230098266] [self_driving]: [1;33m245[0m[0m
[self_driving-10] [0m[INFO] [1782503427.233735229] [self_driving]: DEBUG_DRIVE lane_x=143.5, linear=0.15, linear_y=0.00, angular=-0.10, stop=False, crosswalk_distance=245, start_slow_down=True[0m
[self_driving-10] [0m[INFO] [1782503427.265933692] [self_driving]: [1;33m245[0m[0m
[self_driving-10] [0m[INFO] [1782503427.267348692] [self_driving]: DEBUG_DRIVE lane_x=137.5, linear=0.15, linear_y=0.00, angular=0.10, stop=False, crosswalk_distance=245, start_slow_down=True[0m
[self_driving-10] [0m[INFO] [1782503427.336239266] [self_driving]: [1;33m245[0m[0m
[self_driving-10] [0m[INFO] [1782503427.340120822] [self_driving]: DEBUG_DRIVE lane_x=136.0, linear=0.15, linear_y=0.00, angular=-0.10, stop=False, crosswalk_distance=245, start_slow_down=True[0m
[self_driving-10] [0m[INFO] [1782503427.418336692] [self_driving]: [1;33m245[0m[0m
[self_driving-10] [0m[INFO] [1782503427.419657507] [self_driving]: DEBUG_DRIVE lane_x=132.0, linear=0.15, linear_y=0.00, angular=0.10, stop=False, crosswalk_distance=245, start_slow_down=True[0m
[self_driving-10] [0m[INFO] [1782503427.478755581] [self_driving]: [1;33m245[0m[0m
[self_driving-10] [0m[INFO] [1782503427.480287451] [self_driving]: DEBUG_DRIVE lane_x=141.5, linear=0.15, linear_y=0.00, angular=-0.10, stop=False, crosswalk_distance=245, start_slow_down=True[0m
[self_driving-10] [0m[INFO] [1782503427.546864340] [self_driving]: [1;33m245[0m[0m
[self_driving-10] [0m[INFO] [1782503427.548898025] [self_driving]: DEBUG_DRIVE lane_x=138.0, linear=0.15, linear_y=0.00, angular=-0.10, stop=False, crosswalk_distance=245, start_slow_down=True[0m
[self_driving-10] [0m[INFO] [1782503427.613933544] [self_driving]: [1;33m245[0m[0m
[self_driving-10] [0m[INFO] [1782503427.615501785] [self_driving]: DEBUG_DRIVE lane_x=143.5, linear=0.15, linear_y=0.00, angular=-0.10, stop=False, crosswalk_distance=245, start_slow_down=True[0m
[self_driving-10] [0m[INFO] [1782503427.651995470] [self_driving]: objects=1[0m
[self_driving-10] [0m[INFO] [1782503427.660419322] [self_driving]: [DET] crosswalk: cx=441, cy=260, box=array('i', [243, 242, 640, 278]), score=0.93[0m
[self_driving-10] [0m[INFO] [1782503427.705962266] [self_driving]: [1;33m260[0m[0m
[self_driving-10] [0m[INFO] [1782503427.707721173] [self_driving]: DEBUG_DRIVE lane_x=145.5, linear=0.15, linear_y=0.00, angular=-0.10, stop=False, crosswalk_distance=260, start_slow_down=True[0m
[self_driving-10] [0m[INFO] [1782503427.754093896] [self_driving]: [1;33m260[0m[0m
[self_driving-10] [0m[INFO] [1782503427.760819210] [self_driving]: DEBUG_DRIVE lane_x=148.5, linear=0.15, linear_y=0.00, angular=-0.10, stop=False, crosswalk_distance=260, start_slow_down=True[0m
[self_driving-10] [0m[INFO] [1782503427.814117710] [self_driving]: [1;33m260[0m[0m
[self_driving-10] [0m[INFO] [1782503427.817009581] [self_driving]: DEBUG_DRIVE lane_x=149.0, linear=0.15, linear_y=0.00, angular=-0.10, stop=False, crosswalk_distance=260, start_slow_down=True[0m
[self_driving-10] [0m[INFO] [1782503427.876513433] [self_driving]: [1;33m260[0m[0m
[self_driving-10] [0m[INFO] [1782503427.879243673] [self_driving]: DEBUG_DRIVE lane_x=149.0, linear=0.15, linear_y=0.00, angular=-0.10, stop=False, crosswalk_distance=260, start_slow_down=True[0m
[self_driving-10] [0m[INFO] [1782503427.937590766] [self_driving]: [1;33m260[0m[0m
[self_driving-10] [0m[INFO] [1782503427.938965321] [self_driving]: DEBUG_DRIVE lane_x=149.0, linear=0.15, linear_y=0.00, angular=-0.10, stop=False, crosswalk_distance=260, start_slow_down=True[0m
[self_driving-10] [0m[INFO] [1782503428.018725673] [self_driving]: [1;33m260[0m[0m
[self_driving-10] [0m[INFO] [1782503428.020229488] [self_driving]: DEBUG_DRIVE lane_x=149.0, linear=0.15, linear_y=0.00, angular=-0.10, stop=False, crosswalk_distance=260, start_slow_down=True[0m
[self_driving-10] [0m[INFO] [1782503428.075774599] [self_driving]: [1;33m260[0m[0m
[self_driving-10] [0m[INFO] [1782503428.077214840] [self_driving]: DEBUG_DRIVE lane_x=145.0, linear=0.15, linear_y=0.00, angular=-0.10, stop=False, crosswalk_distance=260, start_slow_down=True[0m
[self_driving-10] [0m[INFO] [1782503428.091572988] [self_driving]: objects=1[0m
[self_driving-10] [0m[INFO] [1782503428.093523562] [self_driving]: [DET] crosswalk: cx=416, cy=283, box=array('i', [193, 259, 640, 308]), score=0.93[0m
[self_driving-10] [0m[INFO] [1782503428.164494377] [self_driving]: [1;33m283[0m[0m
[self_driving-10] [0m[INFO] [1782503428.172046377] [self_driving]: DEBUG_DRIVE lane_x=139.0, linear=0.15, linear_y=0.00, angular=-0.10, stop=False, crosswalk_distance=283, start_slow_down=True[0m
[self_driving-10] [0m[INFO] [1782503428.209648377] [self_driving]: [1;33m283[0m[0m
[self_driving-10] [0m[INFO] [1782503428.213682525] [self_driving]: DEBUG_DRIVE lane_x=134.5, linear=0.15, linear_y=0.00, angular=0.10, stop=False, crosswalk_distance=283, start_slow_down=True[0m
[self_driving-10] [0m[INFO] [1782503428.288765673] [self_driving]: [1;33m283[0m[0m
[self_driving-10] [0m[INFO] [1782503428.291159118] [self_driving]: DEBUG_DRIVE lane_x=119.5, linear=0.15, linear_y=0.00, angular=0.10, stop=False, crosswalk_distance=283, start_slow_down=True[0m
[self_driving-10] [0m[INFO] [1782503428.353489840] [self_driving]: [1;33m283[0m[0m
[self_driving-10] [0m[INFO] [1782503428.354552692] [self_driving]: DEBUG_DRIVE lane_x=127.5, linear=0.15, linear_y=0.00, angular=-0.10, stop=False, crosswalk_distance=283, start_slow_down=True[0m
[self_driving-10] [0m[INFO] [1782503428.418965451] [self_driving]: [1;33m283[0m[0m
[self_driving-10] [0m[INFO] [1782503428.425580469] [self_driving]: DEBUG_DRIVE lane_x=118.0, linear=0.15, linear_y=0.00, angular=0.10, stop=False, crosswalk_distance=283, start_slow_down=True[0m
[self_driving-10] [0m[INFO] [1782503428.485747617] [self_driving]: [1;33m283[0m[0m
[self_driving-10] [0m[INFO] [1782503428.489595488] [self_driving]: DEBUG_DRIVE lane_x=113.5, linear=0.15, linear_y=0.00, angular=0.10, stop=False, crosswalk_distance=283, start_slow_down=True[0m
[self_driving-10] [0m[INFO] [1782503428.496626821] [self_driving]: objects=1[0m
[self_driving-10] [0m[INFO] [1782503428.497542562] [self_driving]: [DET] crosswalk: cx=389, cy=328, box=array('i', [138, 294, 640, 362]), score=0.93[0m
[self_driving-10] [0m[INFO] [1782503428.564052951] [self_driving]: [1;33m328[0m[0m
[self_driving-10] [0m[INFO] [1782503428.565976562] [self_driving]: DEBUG_DRIVE lane_x=103.5, linear=0.15, linear_y=0.00, angular=0.10, stop=False, crosswalk_distance=328, start_slow_down=True[0m
[self_driving-10] [0m[INFO] [1782503428.629018062] [self_driving]: [1;33m328[0m[0m
[self_driving-10] [0m[INFO] [1782503428.631117265] [self_driving]: DEBUG_DRIVE lane_x=107.0, linear=0.15, linear_y=0.00, angular=0.10, stop=False, crosswalk_distance=328, start_slow_down=True[0m
[self_driving-10] [0m[INFO] [1782503428.680445858] [self_driving]: [1;33m328[0m[0m
[self_driving-10] [0m[INFO] [1782503428.681713673] [self_driving]: DEBUG_DRIVE lane_x=107.0, linear=0.15, linear_y=0.00, angular=0.10, stop=False, crosswalk_distance=328, start_slow_down=True[0m
[self_driving-10] [0m[INFO] [1782503428.744783673] [self_driving]: [1;33m328[0m[0m
[self_driving-10] [0m[INFO] [1782503428.746321969] [self_driving]: DEBUG_DRIVE lane_x=107.0, linear=0.15, linear_y=0.00, angular=0.10, stop=False, crosswalk_distance=328, start_slow_down=True[0m
[self_driving-10] [0m[INFO] [1782503428.817241858] [self_driving]: [1;33m328[0m[0m
[self_driving-10] [0m[INFO] [1782503428.818484876] [self_driving]: DEBUG_DRIVE lane_x=106.5, linear=0.15, linear_y=0.00, angular=0.10, stop=False, crosswalk_distance=328, start_slow_down=True[0m
[self_driving-10] [0m[INFO] [1782503428.857382025] [self_driving]: objects=1[0m
[self_driving-10] [0m[INFO] [1782503428.866044710] [self_driving]: [DET] crosswalk: cx=349, cy=382, box=array('i', [58, 334, 640, 431]), score=0.77[0m
[self_driving-10] [0m[INFO] [1782503428.932430265] [self_driving]: [1;33m382[0m[0m
[self_driving-10] [0m[INFO] [1782503428.941679580] [self_driving]: DEBUG_DRIVE lane_x=104.0, linear=0.15, linear_y=0.00, angular=0.10, stop=False, crosswalk_distance=382, start_slow_down=True[0m
[self_driving-10] [0m[INFO] [1782503428.976599802] [self_driving]: [1;33m382[0m[0m
[self_driving-10] [0m[INFO] [1782503428.978004247] [self_driving]: DEBUG_DRIVE lane_x=102.0, linear=0.15, linear_y=0.00, angular=0.10, stop=False, crosswalk_distance=382, start_slow_down=True[0m
[self_driving-10] [0m[INFO] [1782503429.017021728] [self_driving]: [1;33m382[0m[0m
[self_driving-10] [0m[INFO] [1782503429.020031728] [self_driving]: DEBUG_DRIVE lane_x=101.0, linear=0.15, linear_y=0.00, angular=0.10, stop=False, crosswalk_distance=382, start_slow_down=True[0m
[self_driving-10] [0m[INFO] [1782503429.076888839] [self_driving]: [1;33m382[0m[0m
[self_driving-10] [0m[INFO] [1782503429.077964784] [self_driving]: DEBUG_DRIVE lane_x=103.5, linear=0.15, linear_y=0.00, angular=0.10, stop=False, crosswalk_distance=382, start_slow_down=True[0m
[self_driving-10] [0m[INFO] [1782503429.161238395] [self_driving]: [1;33m382[0m[0m
[self_driving-10] [0m[INFO] [1782503429.162200858] [self_driving]: DEBUG_DRIVE lane_x=110.5, linear=0.15, linear_y=0.00, angular=0.10, stop=False, crosswalk_distance=382, start_slow_down=True[0m
[self_driving-10] [0m[INFO] [1782503429.226822617] [self_driving]: [1;33m382[0m[0m
[self_driving-10] [0m[INFO] [1782503429.230792821] [self_driving]: DEBUG_DRIVE lane_x=114.5, linear=0.15, linear_y=0.00, angular=0.10, stop=False, crosswalk_distance=382, start_slow_down=True[0m
[self_driving-10] [0m[INFO] [1782503429.260588728] [self_driving]: objects=1[0m
[self_driving-10] [0m[INFO] [1782503429.261963487] [self_driving]: [DET] crosswalk: cx=320, cy=418, box=array('i', [0, 357, 640, 480]), score=0.82[0m
[self_driving-10] [0m[INFO] [1782503429.313766487] [self_driving]: [1;33m418[0m[0m
[self_driving-10] [0m[INFO] [1782503429.324225802] [self_driving]: DEBUG_DRIVE lane_x=117.0, linear=0.15, linear_y=0.00, angular=0.10, stop=False, crosswalk_distance=418, start_slow_down=True[0m
[self_driving-10] [0m[INFO] [1782503429.370229802] [self_driving]: [1;33m418[0m[0m
[self_driving-10] [0m[INFO] [1782503429.376680635] [self_driving]: DEBUG_DRIVE lane_x=121.5, linear=0.15, linear_y=0.00, angular=0.10, stop=False, crosswalk_distance=418, start_slow_down=True[0m
[self_driving-10] [0m[INFO] [1782503429.443717487] [self_driving]: [1;33m418[0m[0m
[self_driving-10] [0m[INFO] [1782503429.445028783] [self_driving]: DEBUG_DRIVE lane_x=123.5, linear=0.15, linear_y=0.00, angular=0.10, stop=False, crosswalk_distance=418, start_slow_down=True[0m
[self_driving-10] [0m[INFO] [1782503429.493350432] [self_driving]: [1;33m418[0m[0m
[self_driving-10] [0m[INFO] [1782503429.494852839] [self_driving]: DEBUG_DRIVE lane_x=127.5, linear=0.15, linear_y=0.00, angular=-0.10, stop=False, crosswalk_distance=418, start_slow_down=True[0m
[self_driving-10] [0m[INFO] [1782503429.567840783] [self_driving]: [1;33m418[0m[0m
[self_driving-10] [0m[INFO] [1782503429.569189765] [self_driving]: DEBUG_DRIVE lane_x=132.0, linear=0.15, linear_y=0.00, angular=-0.10, stop=False, crosswalk_distance=418, start_slow_down=False[0m
[self_driving-10] [0m[INFO] [1782503429.612563394] [self_driving]: [1;33m418[0m[0m
[self_driving-10] [0m[INFO] [1782503429.614864376] [self_driving]: DEBUG_DRIVE lane_x=136.5, linear=0.15, linear_y=0.00, angular=-0.10, stop=False, crosswalk_distance=418, start_slow_down=False[0m
[self_driving-10] [0m[INFO] [1782503429.687473357] [self_driving]: [1;33m418[0m[0m
[self_driving-10] [0m[INFO] [1782503429.689858506] [self_driving]: DEBUG_DRIVE lane_x=138.5, linear=0.15, linear_y=0.00, angular=-0.10, stop=False, crosswalk_distance=418, start_slow_down=False[0m
[self_driving-10] [0m[INFO] [1782503429.763428320] [self_driving]: [1;33m418[0m[0m
[self_driving-10] [0m[INFO] [1782503429.765036098] [self_driving]: DEBUG_DRIVE lane_x=135.0, linear=0.15, linear_y=0.00, angular=-0.10, stop=False, crosswalk_distance=418, start_slow_down=True[0m
[self_driving-10] [0m[INFO] [1782503429.782328913] [self_driving]: objects=1[0m
[self_driving-10] [0m[INFO] [1782503429.783954617] [self_driving]: [DET] crosswalk: cx=320, cy=439, box=array('i', [0, 398, 640, 480]), score=0.89[0m
[self_driving-10] [0m[INFO] [1782503429.851148746] [self_driving]: [1;33m439[0m[0m
[self_driving-10] [0m[INFO] [1782503429.856398339] [self_driving]: DEBUG_DRIVE lane_x=137.0, linear=0.15, linear_y=0.00, angular=-0.10, stop=False, crosswalk_distance=439, start_slow_down=True[0m
[self_driving-10] [0m[INFO] [1782503429.889358246] [self_driving]: [1;33m439[0m[0m
[self_driving-10] [0m[INFO] [1782503429.891793117] [self_driving]: DEBUG_DRIVE lane_x=132.5, linear=0.15, linear_y=0.00, angular=0.10, stop=False, crosswalk_distance=439, start_slow_down=True[0m
[self_driving-10] [0m[INFO] [1782503429.966952857] [self_driving]: [1;33m439[0m[0m
[self_driving-10] [0m[INFO] [1782503429.969342024] [self_driving]: DEBUG_DRIVE lane_x=131.0, linear=0.15, linear_y=0.00, angular=0.10, stop=False, crosswalk_distance=439, start_slow_down=True[0m
[self_driving-10] [0m[INFO] [1782503430.034503079] [self_driving]: [1;33m439[0m[0m
[self_driving-10] [0m[INFO] [1782503430.039335024] [self_driving]: DEBUG_DRIVE lane_x=128.5, linear=0.15, linear_y=0.00, angular=0.10, stop=False, crosswalk_distance=439, start_slow_down=True[0m
[self_driving-10] [0m[INFO] [1782503430.107612135] [self_driving]: [1;33m439[0m[0m
[self_driving-10] [0m[INFO] [1782503430.108876487] [self_driving]: DEBUG_DRIVE lane_x=134.5, linear=0.15, linear_y=0.00, angular=-0.10, stop=False, crosswalk_distance=439, start_slow_down=True[0m
[self_driving-10] [0m[INFO] [1782503430.155097709] [self_driving]: [1;33m439[0m[0m
[self_driving-10] [0m[INFO] [1782503430.160133302] [self_driving]: DEBUG_DRIVE lane_x=139.5, linear=0.15, linear_y=0.00, angular=-0.10, stop=False, crosswalk_distance=439, start_slow_down=True[0m
[self_driving-10] [0m[INFO] [1782503430.223569376] [self_driving]: [1;33m439[0m[0m
[self_driving-10] [0m[INFO] [1782503430.225555820] [self_driving]: DEBUG_DRIVE lane_x=143.5, linear=0.15, linear_y=0.00, angular=-0.10, stop=False, crosswalk_distance=439, start_slow_down=True[0m
[self_driving-10] [0m[INFO] [1782503430.297228635] [self_driving]: [1;33m439[0m[0m
[self_driving-10] [0m[INFO] [1782503430.301472301] [self_driving]: DEBUG_DRIVE lane_x=143.0, linear=0.15, linear_y=0.00, angular=-0.10, stop=False, crosswalk_distance=439, start_slow_down=True[0m
[self_driving-10] [0m[INFO] [1782503430.356438542] [self_driving]: [1;33m439[0m[0m
[self_driving-10] [0m[INFO] [1782503430.358091764] [self_driving]: DEBUG_DRIVE lane_x=138.0, linear=0.15, linear_y=0.00, angular=-0.10, stop=False, crosswalk_distance=439, start_slow_down=True[0m
[self_driving-10] [0m[INFO] [1782503430.430061042] [self_driving]: [1;33m439[0m[0m
[self_driving-10] [0m[INFO] [1782503430.433488172] [self_driving]: DEBUG_DRIVE lane_x=138.5, linear=0.15, linear_y=0.00, angular=-0.10, stop=False, crosswalk_distance=439, start_slow_down=True[0m
[self_driving-10] [0m[INFO] [1782503430.492451209] [self_driving]: [1;33m439[0m[0m
[self_driving-10] [0m[INFO] [1782503430.494812153] [self_driving]: DEBUG_DRIVE lane_x=131.5, linear=0.15, linear_y=0.00, angular=0.10, stop=False, crosswalk_distance=439, start_slow_down=True[0m
[self_driving-10] [0m[INFO] [1782503430.567225005] [self_driving]: [1;33m439[0m[0m
[self_driving-10] [0m[INFO] [1782503430.568875524] [self_driving]: DEBUG_DRIVE lane_x=131.5, linear=0.15, linear_y=0.00, angular=-0.10, stop=False, crosswalk_distance=439, start_slow_down=True[0m
[self_driving-10] [0m[INFO] [1782503430.650360524] [self_driving]: [1;33m439[0m[0m
[self_driving-10] [0m[INFO] [1782503430.655065412] [self_driving]: DEBUG_DRIVE lane_x=124.5, linear=0.15, linear_y=0.00, angular=0.10, stop=False, crosswalk_distance=439, start_slow_down=True[0m
[self_driving-10] [0m[INFO] [1782503430.719993912] [self_driving]: [1;33m439[0m[0m
[self_driving-10] [0m[INFO] [1782503430.721946060] [self_driving]: DEBUG_DRIVE lane_x=128.0, linear=0.15, linear_y=0.00, angular=-0.10, stop=False, crosswalk_distance=439, start_slow_down=True[0m
[self_driving-10] [0m[INFO] [1782503430.784983394] [self_driving]: [1;33m439[0m[0m
[self_driving-10] [0m[INFO] [1782503430.788111357] [self_driving]: DEBUG_DRIVE lane_x=126.0, linear=0.15, linear_y=0.00, angular=0.10, stop=False, crosswalk_distance=439, start_slow_down=True[0m
[self_driving-10] [0m[INFO] [1782503430.831694412] [self_driving]: [1;33m439[0m[0m
[self_driving-10] [0m[INFO] [1782503430.833425542] [self_driving]: DEBUG_DRIVE lane_x=125.5, linear=0.15, linear_y=0.00, angular=0.10, stop=False, crosswalk_distance=439, start_slow_down=True[0m
[self_driving-10] [0m[INFO] [1782503430.907886357] [self_driving]: [1;33m439[0m[0m
[self_driving-10] [0m[INFO] [1782503430.909948486] [self_driving]: DEBUG_DRIVE lane_x=123.5, linear=0.15, linear_y=0.00, angular=0.10, stop=False, crosswalk_distance=439, start_slow_down=True[0m
[self_driving-10] [0m[INFO] [1782503430.987734783] [self_driving]: [1;33m439[0m[0m
[self_driving-10] [0m[INFO] [1782503430.989503579] [self_driving]: DEBUG_DRIVE lane_x=123.0, linear=0.15, linear_y=0.00, angular=0.10, stop=False, crosswalk_distance=439, start_slow_down=True[0m
[self_driving-10] [0m[INFO] [1782503431.029737894] [self_driving]: [1;33m439[0m[0m
[self_driving-10] [0m[INFO] [1782503431.046996208] [self_driving]: DEBUG_DRIVE lane_x=123.5, linear=0.15, linear_y=0.00, angular=0.10, stop=False, crosswalk_distance=439, start_slow_down=True[0m
[self_driving-10] [0m[INFO] [1782503431.112804838] [self_driving]: [1;33m439[0m[0m
[self_driving-10] [0m[INFO] [1782503431.117921912] [self_driving]: DEBUG_DRIVE lane_x=130.0, linear=0.15, linear_y=0.00, angular=-0.10, stop=False, crosswalk_distance=439, start_slow_down=True[0m
[self_driving-10] [0m[INFO] [1782503431.163824301] [self_driving]: [1;33m439[0m[0m
[self_driving-10] [0m[INFO] [1782503431.165532505] [self_driving]: DEBUG_DRIVE lane_x=132.0, linear=0.15, linear_y=0.00, angular=-0.10, stop=False, crosswalk_distance=439, start_slow_down=True[0m
[self_driving-10] [0m[INFO] [1782503431.242962227] [self_driving]: [1;33m439[0m[0m
[self_driving-10] [0m[INFO] [1782503431.245741190] [self_driving]: DEBUG_DRIVE lane_x=135.5, linear=0.15, linear_y=0.00, angular=-0.10, stop=False, crosswalk_distance=439, start_slow_down=True[0m
[self_driving-10] [0m[INFO] [1782503431.324551671] [self_driving]: [1;33m439[0m[0m
[self_driving-10] [0m[INFO] [1782503431.327220245] [self_driving]: DEBUG_DRIVE lane_x=133.0, linear=0.15, linear_y=0.00, angular=-0.10, stop=False, crosswalk_distance=439, start_slow_down=True[0m
[self_driving-10] [0m[INFO] [1782503431.366061245] [self_driving]: [1;33m439[0m[0m
[self_driving-10] [0m[INFO] [1782503431.368848986] [self_driving]: DEBUG_DRIVE lane_x=135.5, linear=0.15, linear_y=0.00, angular=-0.10, stop=False, crosswalk_distance=439, start_slow_down=True[0m
[self_driving-10] [0m[INFO] [1782503431.458363393] [self_driving]: [1;33m439[0m[0m
[self_driving-10] [0m[INFO] [1782503431.460489375] [self_driving]: DEBUG_DRIVE lane_x=133.5, linear=0.15, linear_y=0.00, angular=-0.10, stop=False, crosswalk_distance=439, start_slow_down=True[0m
[self_driving-10] [0m[INFO] [1782503431.516468245] [self_driving]: [1;33m439[0m[0m
[self_driving-10] [0m[INFO] [1782503431.518436319] [self_driving]: DEBUG_DRIVE lane_x=135.5, linear=0.15, linear_y=0.00, angular=-0.10, stop=False, crosswalk_distance=439, start_slow_down=True[0m
[self_driving-10] [0m[INFO] [1782503431.577061653] [self_driving]: [1;33m439[0m[0m
[self_driving-10] [0m[INFO] [1782503431.579682579] [self_driving]: DEBUG_DRIVE lane_x=133.5, linear=0.15, linear_y=0.00, angular=-0.10, stop=False, crosswalk_distance=439, start_slow_down=True[0m
[self_driving-10] [0m[INFO] [1782503431.642222764] [self_driving]: [1;33m439[0m[0m
[self_driving-10] [0m[INFO] [1782503431.644864690] [self_driving]: DEBUG_DRIVE lane_x=131.5, linear=0.15, linear_y=0.00, angular=0.10, stop=False, crosswalk_distance=439, start_slow_down=True[0m
[self_driving-10] [0m[INFO] [1782503431.716400078] [self_driving]: [1;33m439[0m[0m
[self_driving-10] [0m[INFO] [1782503431.718262652] [self_driving]: DEBUG_DRIVE lane_x=129.0, linear=0.15, linear_y=0.00, angular=0.10, stop=False, crosswalk_distance=439, start_slow_down=True[0m
[self_driving-10] [0m[INFO] [1782503431.775408912] [self_driving]: [1;33m439[0m[0m
[self_driving-10] [0m[INFO] [1782503431.776551652] [self_driving]: DEBUG_DRIVE lane_x=122.5, linear=0.15, linear_y=0.00, angular=0.10, stop=False, crosswalk_distance=439, start_slow_down=True[0m
[self_driving-10] [0m[INFO] [1782503431.846935356] [self_driving]: [1;33m439[0m[0m
[self_driving-10] [0m[INFO] [1782503431.849070504] [self_driving]: DEBUG_DRIVE lane_x=124.5, linear=0.15, linear_y=0.00, angular=0.10, stop=False, crosswalk_distance=439, start_slow_down=True[0m
[self_driving-10] [0m[INFO] [1782503431.920500467] [self_driving]: [1;33m439[0m[0m
[self_driving-10] [0m[INFO] [1782503431.924867893] [self_driving]: DEBUG_DRIVE lane_x=123.5, linear=0.15, linear_y=0.00, angular=0.10, stop=False, crosswalk_distance=439, start_slow_down=True[0m
[self_driving-10] [0m[INFO] [1782503431.972554171] [self_driving]: [1;33m439[0m[0m
[self_driving-10] [0m[INFO] [1782503431.975762375] [self_driving]: DEBUG_DRIVE lane_x=130.5, linear=0.15, linear_y=0.00, angular=-0.10, stop=False, crosswalk_distance=439, start_slow_down=True[0m
[self_driving-10] [0m[INFO] [1782503432.040177745] [self_driving]: [1;33m439[0m[0m
[self_driving-10] [0m[INFO] [1782503432.043041837] [self_driving]: DEBUG_DRIVE lane_x=134.0, linear=0.15, linear_y=0.00, angular=-0.10, stop=False, crosswalk_distance=439, start_slow_down=True[0m
[self_driving-10] [0m[INFO] [1782503432.121118560] [self_driving]: [1;33m439[0m[0m
[self_driving-10] [0m[INFO] [1782503432.123711449] [self_driving]: DEBUG_DRIVE lane_x=140.0, linear=0.15, linear_y=0.00, angular=-0.10, stop=False, crosswalk_distance=439, start_slow_down=True[0m
[self_driving-10] [0m[INFO] [1782503432.177374726] [self_driving]: [1;33m439[0m[0m
[self_driving-10] [0m[INFO] [1782503432.180170300] [self_driving]: DEBUG_DRIVE lane_x=143.0, linear=0.15, linear_y=0.00, angular=-0.10, stop=False, crosswalk_distance=439, start_slow_down=True[0m
[self_driving-10] [0m[INFO] [1782503432.244594967] [self_driving]: [1;33m439[0m[0m
[self_driving-10] [0m[INFO] [1782503432.259978208] [self_driving]: DEBUG_DRIVE lane_x=140.0, linear=0.15, linear_y=0.00, angular=-0.10, stop=False, crosswalk_distance=439, start_slow_down=True[0m
[self_driving-10] [0m[INFO] [1782503432.324973745] [self_driving]: [1;33m439[0m[0m
[self_driving-10] [0m[INFO] [1782503432.328175652] [self_driving]: DEBUG_DRIVE lane_x=141.5, linear=0.15, linear_y=0.00, angular=-0.10, stop=False, crosswalk_distance=439, start_slow_down=True[0m
[self_driving-10] [0m[INFO] [1782503432.372331652] [self_driving]: [1;33m439[0m[0m
[self_driving-10] [0m[INFO] [1782503432.375237522] [self_driving]: DEBUG_DRIVE lane_x=137.0, linear=0.15, linear_y=0.00, angular=0.10, stop=False, crosswalk_distance=439, start_slow_down=True[0m
[self_driving-10] [0m[INFO] [1782503432.447278319] [self_driving]: [1;33m439[0m[0m
[self_driving-10] [0m[INFO] [1782503432.448582078] [self_driving]: DEBUG_DRIVE lane_x=135.5, linear=0.15, linear_y=0.00, angular=-0.10, stop=False, crosswalk_distance=439, start_slow_down=False[0m
[self_driving-10] [0m[INFO] [1782503432.526201671] [self_driving]: [1;33m439[0m[0m
[self_driving-10] [0m[INFO] [1782503432.529407319] [self_driving]: DEBUG_DRIVE lane_x=135.5, linear=0.15, linear_y=0.00, angular=-0.10, stop=False, crosswalk_distance=439, start_slow_down=False[0m
[self_driving-10] [0m[INFO] [1782503432.586031096] [self_driving]: [1;33m439[0m[0m
[self_driving-10] [0m[INFO] [1782503432.587519226] [self_driving]: DEBUG_DRIVE lane_x=142.5, linear=0.15, linear_y=0.00, angular=-0.10, stop=False, crosswalk_distance=439, start_slow_down=False[0m
[self_driving-10] [0m[INFO] [1782503432.667496930] [self_driving]: [1;33m439[0m[0m
[self_driving-10] [0m[INFO] [1782503432.669700170] [self_driving]: DEBUG_DRIVE lane_x=139.5, linear=0.15, linear_y=0.00, angular=-0.10, stop=False, crosswalk_distance=439, start_slow_down=True[0m
[self_driving-10] [0m[INFO] [1782503432.716397430] [self_driving]: [1;33m439[0m[0m
[self_driving-10] [0m[INFO] [1782503432.717586300] [self_driving]: DEBUG_DRIVE lane_x=141.0, linear=0.15, linear_y=0.00, angular=-0.10, stop=False, crosswalk_distance=439, start_slow_down=True[0m
[self_driving-10] [0m[INFO] [1782503432.784038522] [self_driving]: [1;33m439[0m[0m
[self_driving-10] [0m[INFO] [1782503432.787489652] [self_driving]: DEBUG_DRIVE lane_x=146.5, linear=0.15, linear_y=0.00, angular=-0.10, stop=False, crosswalk_distance=439, start_slow_down=True[0m
[self_driving-10] [0m[INFO] [1782503432.853583059] [self_driving]: [1;33m439[0m[0m
[self_driving-10] [0m[INFO] [1782503432.854934633] [self_driving]: DEBUG_DRIVE lane_x=147.0, linear=0.15, linear_y=0.00, angular=-0.10, stop=False, crosswalk_distance=439, start_slow_down=True[0m
[self_driving-10] [0m[INFO] [1782503432.924176115] [self_driving]: [1;33m439[0m[0m
[self_driving-10] [0m[INFO] [1782503432.926248059] [self_driving]: DEBUG_DRIVE lane_x=169.0, linear=0.15, linear_y=0.00, angular=-0.10, stop=False, crosswalk_distance=439, start_slow_down=True[0m
[self_driving-10] [0m[INFO] [1782503432.989528800] [self_driving]: [1;33m439[0m[0m
[self_driving-10] [0m[INFO] [1782503432.993052818] [self_driving]: DEBUG_DRIVE lane_x=172.0, linear=0.15, linear_y=0.00, angular=-0.10, stop=False, crosswalk_distance=439, start_slow_down=True[0m
[self_driving-10] [0m[INFO] [1782503433.075355318] [self_driving]: [1;33m439[0m[0m
[self_driving-10] [0m[INFO] [1782503433.084129429] [self_driving]: DEBUG_DRIVE lane_x=188.0, linear=0.15, linear_y=0.00, angular=-0.10, stop=False, crosswalk_distance=439, start_slow_down=True[0m
[self_driving-10] [0m[INFO] [1782503433.133763059] [self_driving]: [1;33m439[0m[0m
[self_driving-10] [0m[INFO] [1782503433.136509337] [self_driving]: DEBUG_DRIVE lane_x=199.5, linear=0.15, linear_y=0.00, angular=-0.10, stop=False, crosswalk_distance=439, start_slow_down=True[0m
[self_driving-10] [0m[INFO] [1782503433.181428170] [self_driving]: [1;33m439[0m[0m
[self_driving-10] [0m[INFO] [1782503433.183998078] [self_driving]: DEBUG_DRIVE lane_x=206.5, linear=0.15, linear_y=0.00, angular=-0.45, stop=False, crosswalk_distance=439, start_slow_down=True[0m
[self_driving-10] [0m[INFO] [1782503433.259005800] [self_driving]: [1;33m439[0m[0m
[self_driving-10] [0m[INFO] [1782503433.260293448] [self_driving]: DEBUG_DRIVE lane_x=204.5, linear=0.15, linear_y=0.00, angular=-0.45, stop=False, crosswalk_distance=439, start_slow_down=True[0m
[self_driving-10] [0m[INFO] [1782503433.315060522] [self_driving]: [1;33m439[0m[0m
[self_driving-10] [0m[INFO] [1782503433.317948596] [self_driving]: DEBUG_DRIVE lane_x=209.5, linear=0.15, linear_y=0.00, angular=-0.45, stop=False, crosswalk_distance=439, start_slow_down=True[0m
[self_driving-10] [0m[INFO] [1782503433.378727540] [self_driving]: [1;33m439[0m[0m
[self_driving-10] [0m[INFO] [1782503433.379847503] [self_driving]: DEBUG_DRIVE lane_x=205.0, linear=0.15, linear_y=0.00, angular=-0.45, stop=False, crosswalk_distance=439, start_slow_down=True[0m
[self_driving-10] [0m[INFO] [1782503433.471629226] [self_driving]: [1;33m439[0m[0m
[self_driving-10] [0m[INFO] [1782503433.472956263] [self_driving]: DEBUG_DRIVE lane_x=205.0, linear=0.15, linear_y=0.00, angular=-0.45, stop=False, crosswalk_distance=439, start_slow_down=True[0m
[self_driving-10] [0m[INFO] [1782503433.526594503] [self_driving]: [1;33m439[0m[0m
[self_driving-10] [0m[INFO] [1782503433.528432411] [self_driving]: DEBUG_DRIVE lane_x=206.5, linear=0.15, linear_y=0.00, angular=-0.45, stop=False, crosswalk_distance=439, start_slow_down=True[0m
[self_driving-10] [0m[INFO] [1782503433.585226559] [self_driving]: [1;33m439[0m[0m
[self_driving-10] [0m[INFO] [1782503433.587404874] [self_driving]: DEBUG_DRIVE lane_x=207.5, linear=0.15, linear_y=0.00, angular=-0.45, stop=False, crosswalk_distance=439, start_slow_down=True[0m
[self_driving-10] [0m[INFO] [1782503433.661473911] [self_driving]: [1;33m439[0m[0m
[self_driving-10] [0m[INFO] [1782503433.662972781] [self_driving]: DEBUG_DRIVE lane_x=206.5, linear=0.15, linear_y=0.00, angular=-0.45, stop=False, crosswalk_distance=439, start_slow_down=True[0m
[self_driving-10] [0m[INFO] [1782503433.726803374] [self_driving]: [1;33m439[0m[0m
[self_driving-10] [0m[INFO] [1782503433.728152911] [self_driving]: DEBUG_DRIVE lane_x=220.0, linear=0.15, linear_y=0.00, angular=-0.45, stop=False, crosswalk_distance=439, start_slow_down=True[0m
[self_driving-10] [0m[INFO] [1782503433.803209985] [self_driving]: [1;33m439[0m[0m
[self_driving-10] [0m[INFO] [1782503433.805780485] [self_driving]: DEBUG_DRIVE lane_x=220.5, linear=0.15, linear_y=0.00, angular=-0.45, stop=False, crosswalk_distance=439, start_slow_down=True[0m
[self_driving-10] [0m[INFO] [1782503433.851038355] [self_driving]: [1;33m439[0m[0m
[self_driving-10] [0m[INFO] [1782503433.852846577] [self_driving]: DEBUG_DRIVE lane_x=233.0, linear=0.15, linear_y=0.00, angular=-0.45, stop=False, crosswalk_distance=439, start_slow_down=True[0m
[self_driving-10] [0m[INFO] [1782503433.945660207] [self_driving]: [1;33m439[0m[0m
[self_driving-10] [0m[INFO] [1782503433.947031336] [self_driving]: DEBUG_DRIVE lane_x=227.0, linear=0.15, linear_y=0.00, angular=-0.45, stop=False, crosswalk_distance=439, start_slow_down=True[0m
[self_driving-10] [0m[INFO] [1782503434.000857651] [self_driving]: [1;33m439[0m[0m
[self_driving-10] [0m[INFO] [1782503434.003551262] [self_driving]: DEBUG_DRIVE lane_x=223.5, linear=0.15, linear_y=0.00, angular=-0.45, stop=False, crosswalk_distance=439, start_slow_down=True[0m
[self_driving-10] [0m[INFO] [1782503434.060114170] [self_driving]: [1;33m439[0m[0m
[self_driving-10] [0m[INFO] [1782503434.062012633] [self_driving]: DEBUG_DRIVE lane_x=214.0, linear=0.15, linear_y=0.00, angular=-0.45, stop=False, crosswalk_distance=439, start_slow_down=True[0m
[self_driving-10] [0m[INFO] [1782503434.124400799] [self_driving]: [1;33m439[0m[0m
[self_driving-10] [0m[INFO] [1782503434.127073299] [self_driving]: DEBUG_DRIVE lane_x=208.5, linear=0.15, linear_y=0.00, angular=-0.45, stop=False, crosswalk_distance=439, start_slow_down=True[0m
[self_driving-10] [0m[INFO] [1782503434.209296984] [self_driving]: [1;33m439[0m[0m
[self_driving-10] [0m[INFO] [1782503434.211542132] [self_driving]: DEBUG_DRIVE lane_x=202.0, linear=0.15, linear_y=0.00, angular=-0.45, stop=False, crosswalk_distance=439, start_slow_down=True[0m
[self_driving-10] [0m[INFO] [1782503434.274410040] [self_driving]: [1;33m439[0m[0m
[self_driving-10] [0m[INFO] [1782503434.275646299] [self_driving]: DEBUG_DRIVE lane_x=196.5, linear=0.15, linear_y=0.00, angular=0.00, stop=False, crosswalk_distance=439, start_slow_down=True[0m
[self_driving-10] [0m[INFO] [1782503434.357575336] [self_driving]: [1;33m439[0m[0m
[self_driving-10] [0m[INFO] [1782503434.360401299] [self_driving]: DEBUG_DRIVE lane_x=193.5, linear=0.15, linear_y=0.00, angular=0.00, stop=False, crosswalk_distance=439, start_slow_down=True[0m
[self_driving-10] [0m[INFO] [1782503434.401372558] [self_driving]: [1;33m439[0m[0m
[self_driving-10] [0m[INFO] [1782503434.403691577] [self_driving]: DEBUG_DRIVE lane_x=182.0, linear=0.15, linear_y=0.00, angular=0.00, stop=False, crosswalk_distance=439, start_slow_down=True[0m
[self_driving-10] [0m[INFO] [1782503434.457931706] [self_driving]: [1;33m439[0m[0m
[self_driving-10] [0m[INFO] [1782503434.460171799] [self_driving]: DEBUG_DRIVE lane_x=29.5, linear=0.15, linear_y=0.00, angular=0.00, stop=False, crosswalk_distance=439, start_slow_down=True[0m
[self_driving-10] [0m[INFO] [1782503434.536080336] [self_driving]: [1;33m439[0m[0m
[self_driving-10] [0m[INFO] [1782503434.538078058] [self_driving]: DEBUG_DRIVE lane_x=132.5, linear=0.15, linear_y=0.00, angular=0.00, stop=False, crosswalk_distance=439, start_slow_down=True[0m
[self_driving-10] [0m[INFO] [1782503434.605478262] [self_driving]: [1;33m439[0m[0m
[self_driving-10] [0m[INFO] [1782503434.609150614] [self_driving]: DEBUG_DRIVE lane_x=148.0, linear=0.15, linear_y=0.00, angular=0.00, stop=False, crosswalk_distance=439, start_slow_down=True[0m
[self_driving-10] [0m[INFO] [1782503434.669143651] [self_driving]: [1;33m439[0m[0m
[self_driving-10] [0m[INFO] [1782503434.681151891] [self_driving]: DEBUG_DRIVE lane_x=159.5, linear=0.15, linear_y=0.00, angular=0.00, stop=False, crosswalk_distance=439, start_slow_down=True[0m
[self_driving-10] [0m[INFO] [1782503434.735186947] [self_driving]: [1;33m439[0m[0m
[self_driving-10] [0m[INFO] [1782503434.741079873] [self_driving]: DEBUG_DRIVE lane_x=159.5, linear=0.15, linear_y=0.00, angular=0.00, stop=False, crosswalk_distance=439, start_slow_down=True[0m
[self_driving-10] [0m[INFO] [1782503434.808620540] [self_driving]: [1;33m439[0m[0m
[self_driving-10] [0m[INFO] [1782503434.809538428] [self_driving]: DEBUG_DRIVE lane_x=159.5, linear=0.15, linear_y=0.00, angular=0.00, stop=False, crosswalk_distance=439, start_slow_down=True[0m
[self_driving-10] [0m[INFO] [1782503434.858948706] [self_driving]: [1;33m439[0m[0m
[self_driving-10] [0m[INFO] [1782503434.860303780] [self_driving]: DEBUG_DRIVE lane_x=159.0, linear=0.15, linear_y=0.00, angular=0.00, stop=False, crosswalk_distance=439, start_slow_down=True[0m
[self_driving-10] [0m[INFO] [1782503434.942606577] [self_driving]: [1;33m439[0m[0m
[self_driving-10] [0m[INFO] [1782503434.943980373] [self_driving]: DEBUG_DRIVE lane_x=159.5, linear=0.15, linear_y=0.00, angular=0.00, stop=False, crosswalk_distance=439, start_slow_down=True[0m
[self_driving-10] [0m[INFO] [1782503435.010049447] [self_driving]: [1;33m439[0m[0m
[self_driving-10] [0m[INFO] [1782503435.011634076] [self_driving]: DEBUG_DRIVE lane_x=159.5, linear=0.15, linear_y=0.00, angular=0.00, stop=False, crosswalk_distance=439, start_slow_down=True[0m
[self_driving-10] [0m[INFO] [1782503435.062695002] [self_driving]: [1;33m439[0m[0m
[self_driving-10] [0m[INFO] [1782503435.065915613] [self_driving]: DEBUG_DRIVE lane_x=159.5, linear=0.15, linear_y=0.00, angular=0.00, stop=False, crosswalk_distance=439, start_slow_down=True[0m
[self_driving-10] [0m[INFO] [1782503435.151963595] [self_driving]: [1;33m439[0m[0m
[self_driving-10] [0m[INFO] [1782503435.158764373] [self_driving]: DEBUG_DRIVE lane_x=173.0, linear=0.15, linear_y=0.00, angular=0.00, stop=False, crosswalk_distance=439, start_slow_down=True[0m
[self_driving-10] [0m[INFO] [1782503435.199586150] [self_driving]: [1;33m439[0m[0m
[self_driving-10] [0m[INFO] [1782503435.201222095] [self_driving]: DEBUG_DRIVE lane_x=261.0, linear=0.15, linear_y=0.00, angular=-0.45, stop=False, crosswalk_distance=439, start_slow_down=True[0m
[self_driving-10] [0m[INFO] [1782503435.278858724] [self_driving]: [1;33m439[0m[0m
[self_driving-10] [0m[INFO] [1782503435.280802724] [self_driving]: DEBUG_DRIVE lane_x=296.5, linear=0.15, linear_y=0.00, angular=-0.45, stop=False, crosswalk_distance=439, start_slow_down=True[0m
[self_driving-10] [0m[INFO] [1782503435.348230539] [self_driving]: [1;33m439[0m[0m
[self_driving-10] [0m[INFO] [1782503435.349605595] [self_driving]: DEBUG_DRIVE lane_x=159.5, linear=0.15, linear_y=0.00, angular=0.00, stop=False, crosswalk_distance=439, start_slow_down=False[0m
[self_driving-10] [0m[INFO] [1782503435.399526410] [self_driving]: [1;33m439[0m[0m
[self_driving-10] [0m[INFO] [1782503435.401523910] [self_driving]: DEBUG_DRIVE lane_x=159.5, linear=0.15, linear_y=0.00, angular=0.00, stop=False, crosswalk_distance=439, start_slow_down=False[0m
[self_driving-10] [0m[INFO] [1782503435.464325910] [self_driving]: [1;33m439[0m[0m
[self_driving-10] [0m[INFO] [1782503435.466639113] [self_driving]: DEBUG_DRIVE lane_x=159.5, linear=0.15, linear_y=0.00, angular=0.00, stop=False, crosswalk_distance=439, start_slow_down=False[0m
[self_driving-10] [0m[INFO] [1782503435.552407243] [self_driving]: [1;33m439[0m[0m
[self_driving-10] [0m[INFO] [1782503435.555172391] [self_driving]: DEBUG_DRIVE lane_x=162.5, linear=0.15, linear_y=0.00, angular=-0.10, stop=False, crosswalk_distance=439, start_slow_down=True[0m
[self_driving-10] [0m[INFO] [1782503435.620496002] [self_driving]: [1;33m439[0m[0m
[self_driving-10] [0m[INFO] [1782503435.623293428] [self_driving]: DEBUG_DRIVE lane_x=219.0, linear=0.15, linear_y=0.00, angular=-0.45, stop=False, crosswalk_distance=439, start_slow_down=True[0m
[self_driving-10] [0m[INFO] [1782503435.675254928] [self_driving]: [1;33m439[0m[0m
[self_driving-10] [0m[INFO] [1782503435.676270798] [self_driving]: DEBUG_DRIVE lane_x=246.0, linear=0.15, linear_y=0.00, angular=-0.45, stop=False, crosswalk_distance=439, start_slow_down=True[0m
[self_driving-10] [0m[INFO] [1782503435.747171076] [self_driving]: [1;33m439[0m[0m
[self_driving-10] [0m[INFO] [1782503435.748401483] [self_driving]: DEBUG_DRIVE lane_x=266.0, linear=0.15, linear_y=0.00, angular=-0.45, stop=False, crosswalk_distance=439, start_slow_down=True[0m
[self_driving-10] [0m[INFO] [1782503435.811310483] [self_driving]: [1;33m439[0m[0m
[self_driving-10] [0m[INFO] [1782503435.816458798] [self_driving]: DEBUG_DRIVE lane_x=277.5, linear=0.15, linear_y=0.00, angular=-0.45, stop=False, crosswalk_distance=439, start_slow_down=True[0m
[self_driving-10] [0m[INFO] [1782503435.877420650] [self_driving]: [1;33m439[0m[0m
[self_driving-10] [0m[INFO] [1782503435.882523317] [self_driving]: DEBUG_DRIVE lane_x=283.5, linear=0.15, linear_y=0.00, angular=-0.45, stop=False, crosswalk_distance=439, start_slow_down=True[0m
[self_driving-10] [0m[INFO] [1782503435.928412335] [self_driving]: [1;33m439[0m[0m
[self_driving-10] [0m[INFO] [1782503435.931905465] [self_driving]: DEBUG_DRIVE lane_x=287.5, linear=0.15, linear_y=0.00, angular=-0.45, stop=False, crosswalk_distance=439, start_slow_down=True[0m
[self_driving-10] [0m[INFO] [1782503436.034687002] [self_driving]: [1;33m439[0m[0m
[self_driving-10] [0m[INFO] [1782503436.036429131] [self_driving]: DEBUG_DRIVE lane_x=288.0, linear=0.15, linear_y=0.00, angular=-0.45, stop=False, crosswalk_distance=439, start_slow_down=True[0m
[self_driving-10] [0m[INFO] [1782503436.078937705] [self_driving]: [1;33m439[0m[0m
[self_driving-10] [0m[INFO] [1782503436.080647557] [self_driving]: DEBUG_DRIVE lane_x=287.0, linear=0.15, linear_y=0.00, angular=-0.45, stop=False, crosswalk_distance=439, start_slow_down=True[0m
[self_driving-10] [0m[INFO] [1782503436.144587687] [self_driving]: [1;33m439[0m[0m
[self_driving-10] [0m[INFO] [1782503436.145858983] [self_driving]: DEBUG_DRIVE lane_x=289.0, linear=0.15, linear_y=0.00, angular=-0.45, stop=False, crosswalk_distance=439, start_slow_down=True[0m
[self_driving-10] [0m[INFO] [1782503436.212097483] [self_driving]: [1;33m439[0m[0m
[self_driving-10] [0m[INFO] [1782503436.215261131] [self_driving]: DEBUG_DRIVE lane_x=290.0, linear=0.15, linear_y=0.00, angular=-0.45, stop=False, crosswalk_distance=439, start_slow_down=True[0m
[self_driving-10] [0m[INFO] [1782503436.287742316] [self_driving]: [1;33m439[0m[0m
[self_driving-10] [0m[INFO] [1782503436.291164539] [self_driving]: DEBUG_DRIVE lane_x=292.5, linear=0.15, linear_y=0.00, angular=-0.45, stop=False, crosswalk_distance=439, start_slow_down=True[0m
[self_driving-10] [0m[INFO] [1782503436.369636779] [self_driving]: [1;33m439[0m[0m
[self_driving-10] [0m[INFO] [1782503436.370750650] [self_driving]: DEBUG_DRIVE lane_x=291.0, linear=0.15, linear_y=0.00, angular=-0.45, stop=False, crosswalk_distance=439, start_slow_down=True[0m
[self_driving-10] [0m[INFO] [1782503436.416424705] [self_driving]: [1;33m439[0m[0m
[self_driving-10] [0m[INFO] [1782503436.417498668] [self_driving]: DEBUG_DRIVE lane_x=292.0, linear=0.15, linear_y=0.00, angular=-0.45, stop=False, crosswalk_distance=439, start_slow_down=True[0m
[self_driving-10] [0m[INFO] [1782503436.488792057] [self_driving]: [1;33m439[0m[0m
[self_driving-10] [0m[INFO] [1782503436.490255687] [self_driving]: DEBUG_DRIVE lane_x=292.0, linear=0.15, linear_y=0.00, angular=-0.45, stop=False, crosswalk_distance=439, start_slow_down=True[0m
[self_driving-10] [0m[INFO] [1782503436.547858946] [self_driving]: [1;33m439[0m[0m
[self_driving-10] [0m[INFO] [1782503436.549141835] [self_driving]: DEBUG_DRIVE lane_x=295.0, linear=0.15, linear_y=0.00, angular=-0.45, stop=False, crosswalk_distance=439, start_slow_down=True[0m
[self_driving-10] [0m[INFO] [1782503436.621414501] [self_driving]: [1;33m439[0m[0m
[self_driving-10] [0m[INFO] [1782503436.625249020] [self_driving]: DEBUG_DRIVE lane_x=287.5, linear=0.15, linear_y=0.00, angular=-0.45, stop=False, crosswalk_distance=439, start_slow_down=True[0m
[self_driving-10] [0m[INFO] [1782503436.688456464] [self_driving]: [1;33m439[0m[0m
[self_driving-10] [0m[INFO] [1782503436.689807261] [self_driving]: DEBUG_DRIVE lane_x=282.0, linear=0.15, linear_y=0.00, angular=-0.45, stop=False, crosswalk_distance=439, start_slow_down=True[0m
[self_driving-10] [0m[INFO] [1782503436.759082779] [self_driving]: [1;33m439[0m[0m
[self_driving-10] [0m[INFO] [1782503436.760132001] [self_driving]: DEBUG_DRIVE lane_x=282.0, linear=0.15, linear_y=0.00, angular=-0.45, stop=False, crosswalk_distance=439, start_slow_down=True[0m
[self_driving-10] [0m[INFO] [1782503436.808455594] [self_driving]: [1;33m439[0m[0m
[self_driving-10] [0m[INFO] [1782503436.812482298] [self_driving]: DEBUG_DRIVE lane_x=277.0, linear=0.15, linear_y=0.00, angular=-0.45, stop=False, crosswalk_distance=439, start_slow_down=True[0m
[self_driving-10] [0m[INFO] [1782503436.877341335] [self_driving]: [1;33m439[0m[0m
[self_driving-10] [0m[INFO] [1782503436.880252020] [self_driving]: DEBUG_DRIVE lane_x=313.0, linear=0.15, linear_y=0.00, angular=-0.45, stop=False, crosswalk_distance=439, start_slow_down=True[0m
[self_driving-10] [0m[INFO] [1782503436.952983223] [self_driving]: [1;33m439[0m[0m
[self_driving-10] [0m[INFO] [1782503436.955289298] [self_driving]: DEBUG_DRIVE lane_x=307.0, linear=0.15, linear_y=0.00, angular=-0.45, stop=False, crosswalk_distance=439, start_slow_down=True[0m
[self_driving-10] [0m[INFO] [1782503437.019035038] [self_driving]: [1;33m439[0m[0m
[self_driving-10] [0m[INFO] [1782503437.020402853] [self_driving]: DEBUG_DRIVE lane_x=301.5, linear=0.15, linear_y=0.00, angular=-0.45, stop=False, crosswalk_distance=439, start_slow_down=True[0m
[self_driving-10] [0m[INFO] [1782503437.101697297] [self_driving]: [1;33m439[0m[0m
[self_driving-10] [0m[INFO] [1782503437.107714575] [self_driving]: DEBUG_DRIVE lane_x=295.0, linear=0.15, linear_y=0.00, angular=-0.45, stop=False, crosswalk_distance=439, start_slow_down=True[0m
[self_driving-10] [0m[INFO] [1782503437.168422871] [self_driving]: [1;33m439[0m[0m
[self_driving-10] [0m[INFO] [1782503437.179936853] [self_driving]: DEBUG_DRIVE lane_x=290.5, linear=0.15, linear_y=0.00, angular=-0.45, stop=False, crosswalk_distance=439, start_slow_down=True[0m
[self_driving-10] [0m[INFO] [1782503437.233101131] [self_driving]: [1;33m439[0m[0m
[self_driving-10] [0m[INFO] [1782503437.238604038] [self_driving]: DEBUG_DRIVE lane_x=281.5, linear=0.15, linear_y=0.00, angular=-0.45, stop=False, crosswalk_distance=439, start_slow_down=True[0m
[self_driving-10] [0m[INFO] [1782503437.284424242] [self_driving]: [1;33m439[0m[0m
[self_driving-10] [0m[INFO] [1782503437.286171242] [self_driving]: DEBUG_DRIVE lane_x=308.5, linear=0.15, linear_y=0.00, angular=-0.45, stop=False, crosswalk_distance=439, start_slow_down=True[0m
[self_driving-10] [0m[INFO] [1782503437.346748668] [self_driving]: [1;33m439[0m[0m
[self_driving-10] [0m[INFO] [1782503437.347782038] [self_driving]: DEBUG_DRIVE lane_x=301.5, linear=0.15, linear_y=0.00, angular=-0.45, stop=False, crosswalk_distance=439, start_slow_down=True[0m
[self_driving-10] [0m[INFO] [1782503437.428689260] [self_driving]: [1;33m439[0m[0m
[self_driving-10] [0m[INFO] [1782503437.434143612] [self_driving]: DEBUG_DRIVE lane_x=293.0, linear=0.15, linear_y=0.00, angular=-0.45, stop=False, crosswalk_distance=439, start_slow_down=True[0m
[self_driving-10] [0m[INFO] [1782503437.483112575] [self_driving]: [1;33m439[0m[0m
[self_driving-10] [0m[INFO] [1782503437.488710297] [self_driving]: DEBUG_DRIVE lane_x=280.5, linear=0.15, linear_y=0.00, angular=-0.45, stop=False, crosswalk_distance=439, start_slow_down=True[0m
[self_driving-10] [0m[INFO] [1782503437.499119556] [self_driving]: objects=1[0m
[self_driving-10] [0m[INFO] [1782503437.499831779] [self_driving]: [DET] go: cx=603, cy=123, box=array('i', [591, 103, 615, 143]), score=0.85[0m
[self_driving-10] [0m[INFO] [1782503437.573318205] [self_driving]: [1;33m0[0m[0m
[self_driving-10] [0m[INFO] [1782503437.576663130] [self_driving]: DEBUG_DRIVE lane_x=262.0, linear=0.15, linear_y=0.00, angular=-0.45, stop=False, crosswalk_distance=0, start_slow_down=True[0m
[self_driving-10] [0m[INFO] [1782503437.629329260] [self_driving]: [1;33m0[0m[0m
[self_driving-10] [0m[INFO] [1782503437.630610501] [self_driving]: DEBUG_DRIVE lane_x=248.0, linear=0.15, linear_y=0.00, angular=-0.45, stop=False, crosswalk_distance=0, start_slow_down=True[0m
[self_driving-10] [0m[INFO] [1782503437.695679649] [self_driving]: [1;33m0[0m[0m
[self_driving-10] [0m[INFO] [1782503437.698088612] [self_driving]: DEBUG_DRIVE lane_x=234.0, linear=0.15, linear_y=0.00, angular=-0.45, stop=False, crosswalk_distance=0, start_slow_down=True[0m
[self_driving-10] [0m[INFO] [1782503437.747332630] [self_driving]: [1;33m0[0m[0m
[self_driving-10] [0m[INFO] [1782503437.748383371] [self_driving]: DEBUG_DRIVE lane_x=211.5, linear=0.15, linear_y=0.00, angular=-0.45, stop=False, crosswalk_distance=0, start_slow_down=True[0m
[self_driving-10] [0m[INFO] [1782503437.825377723] [self_driving]: [1;33m0[0m[0m
[self_driving-10] [0m[INFO] [1782503437.827297056] [self_driving]: DEBUG_DRIVE lane_x=194.0, linear=0.15, linear_y=0.00, angular=0.00, stop=False, crosswalk_distance=0, start_slow_down=True[0m
[self_driving-10] [0m[INFO] [1782503437.869122038] [self_driving]: objects=1[0m
[self_driving-10] [0m[INFO] [1782503437.870788890] [self_driving]: [DET] go: cx=483, cy=122, box=array('i', [469, 101, 498, 144]), score=0.83[0m
[self_driving-10] [0m[INFO] [1782503437.875561964] [self_driving]: objects=1[0m
[self_driving-10] [0m[INFO] [1782503437.881177056] [self_driving]: [DET] crosswalk: cx=607, cy=201, box=array('i', [575, 195, 640, 208]), score=0.80[0m
[self_driving-10] [0m[INFO] [1782503437.906391982] [self_driving]: [1;33m201[0m[0m
[self_driving-10] [0m[INFO] [1782503437.908169723] [self_driving]: DEBUG_DRIVE lane_x=174.0, linear=0.15, linear_y=0.00, angular=0.00, stop=False, crosswalk_distance=201, start_slow_down=True[0m
[self_driving-10] [0m[INFO] [1782503437.990055704] [self_driving]: [1;33m201[0m[0m
[self_driving-10] [0m[INFO] [1782503437.997790315] [self_driving]: DEBUG_DRIVE lane_x=151.5, linear=0.15, linear_y=0.00, angular=-0.10, stop=False, crosswalk_distance=201, start_slow_down=True[0m
[self_driving-10] [0m[INFO] [1782503438.036156815] [self_driving]: [1;33m201[0m[0m
[self_driving-10] [0m[INFO] [1782503438.037688352] [self_driving]: DEBUG_DRIVE lane_x=150.0, linear=0.15, linear_y=0.00, angular=-0.10, stop=False, crosswalk_distance=201, start_slow_down=True[0m
[self_driving-10] [0m[INFO] [1782503438.086668260] [self_driving]: [1;33m201[0m[0m
[self_driving-10] [0m[INFO] [1782503438.088013889] [self_driving]: DEBUG_DRIVE lane_x=148.0, linear=0.15, linear_y=0.00, angular=-0.10, stop=False, crosswalk_distance=201, start_slow_down=True[0m
[self_driving-10] [0m[INFO] [1782503438.174049241] [self_driving]: [1;33m201[0m[0m
[self_driving-10] [0m[INFO] [1782503438.175167038] [self_driving]: DEBUG_DRIVE lane_x=145.5, linear=0.15, linear_y=0.00, angular=-0.10, stop=False, crosswalk_distance=201, start_slow_down=True[0m
[self_driving-10] [0m[INFO] [1782503438.230304982] [self_driving]: [1;33m201[0m[0m
[self_driving-10] [0m[INFO] [1782503438.232364000] [self_driving]: DEBUG_DRIVE lane_x=139.0, linear=0.15, linear_y=0.00, angular=0.10, stop=False, crosswalk_distance=201, start_slow_down=False[0m
[self_driving-10] [0m[INFO] [1782503438.287967186] [self_driving]: [1;33m201[0m[0m
[self_driving-10] [0m[INFO] [1782503438.289265223] [self_driving]: DEBUG_DRIVE lane_x=138.5, linear=0.15, linear_y=0.00, angular=-0.10, stop=False, crosswalk_distance=201, start_slow_down=False[0m
[self_driving-10] [0m[INFO] [1782503438.345184130] [self_driving]: objects=1[0m
[self_driving-10] [0m[INFO] [1782503438.345721019] [self_driving]: [DET] crosswalk: cx=536, cy=280, box=array('i', [432, 258, 640, 303]), score=0.88[0m
[self_driving-10] [0m[INFO] [1782503438.353393612] [self_driving]: objects=1[0m
[self_driving-10] [0m[INFO] [1782503438.355975056] [self_driving]: [DET] go: cx=374, cy=122, box=array('i', [360, 101, 389, 144]), score=0.83[0m
[self_driving-10] [0m[INFO] [1782503438.368083723] [self_driving]: [1;33m0[0m[0m
[self_driving-10] [0m[INFO] [1782503438.372178371] [self_driving]: DEBUG_DRIVE lane_x=133.5, linear=0.30, linear_y=0.00, angular=0.10, stop=False, crosswalk_distance=0, start_slow_down=False[0m
[self_driving-10] [0m[INFO] [1782503438.432701408] [self_driving]: [1;33m0[0m[0m
[self_driving-10] [0m[INFO] [1782503438.444208204] [self_driving]: DEBUG_DRIVE lane_x=134.0, linear=0.30, linear_y=0.00, angular=-0.10, stop=False, crosswalk_distance=0, start_slow_down=False[0m
[self_driving-10] [0m[INFO] [1782503438.494925871] [self_driving]: [1;33m0[0m[0m
[self_driving-10] [0m[INFO] [1782503438.497166241] [self_driving]: DEBUG_DRIVE lane_x=127.0, linear=0.30, linear_y=0.00, angular=0.10, stop=False, crosswalk_distance=0, start_slow_down=False[0m
[self_driving-10] [0m[INFO] [1782503438.566394463] [self_driving]: [1;33m0[0m[0m
[self_driving-10] [0m[INFO] [1782503438.568034371] [self_driving]: DEBUG_DRIVE lane_x=130.0, linear=0.30, linear_y=0.00, angular=-0.10, stop=False, crosswalk_distance=0, start_slow_down=False[0m
[self_driving-10] [0m[INFO] [1782503438.624441500] [self_driving]: [1;33m0[0m[0m
[self_driving-10] [0m[INFO] [1782503438.626848241] [self_driving]: DEBUG_DRIVE lane_x=130.0, linear=0.30, linear_y=0.00, angular=0.00, stop=False, crosswalk_distance=0, start_slow_down=False[0m
[self_driving-10] [0m[INFO] [1782503438.690665519] [self_driving]: [1;33m0[0m[0m
[self_driving-10] [0m[INFO] [1782503438.691927222] [self_driving]: DEBUG_DRIVE lane_x=131.0, linear=0.30, linear_y=0.00, angular=-0.10, stop=False, crosswalk_distance=0, start_slow_down=False[0m
[self_driving-10] [0m[INFO] [1782503438.743101315] [self_driving]: objects=1[0m
[self_driving-10] [0m[INFO] [1782503438.744210871] [self_driving]: [DET] crosswalk: cx=458, cy=300, box=array('i', [277, 273, 639, 327]), score=0.91[0m
[self_driving-10] [0m[INFO] [1782503438.752823167] [self_driving]: objects=1[0m
[self_driving-10] [0m[INFO] [1782503438.760748426] [self_driving]: [DET] go: cx=225, cy=122, box=array('i', [208, 98, 243, 147]), score=0.84[0m
[self_driving-10] [0m[INFO] [1782503438.806723796] [self_driving]: [1;33m0[0m[0m
[self_driving-10] [0m[INFO] [1782503438.808310111] [self_driving]: DEBUG_DRIVE lane_x=137.0, linear=0.30, linear_y=0.00, angular=-0.10, stop=False, crosswalk_distance=0, start_slow_down=False[0m
[self_driving-10] [0m[INFO] [1782503438.852113278] [self_driving]: [1;33m0[0m[0m
[self_driving-10] [0m[INFO] [1782503438.853623185] [self_driving]: DEBUG_DRIVE lane_x=141.0, linear=0.30, linear_y=0.00, angular=-0.10, stop=False, crosswalk_distance=0, start_slow_down=False[0m
[self_driving-10] [0m[INFO] [1782503438.898652296] [self_driving]: [1;33m0[0m[0m
[self_driving-10] [0m[INFO] [1782503438.900174111] [self_driving]: DEBUG_DRIVE lane_x=132.5, linear=0.30, linear_y=0.00, angular=0.10, stop=False, crosswalk_distance=0, start_slow_down=False[0m
[self_driving-10] [0m[INFO] [1782503438.978517833] [self_driving]: [1;33m0[0m[0m
[self_driving-10] [0m[INFO] [1782503438.981968685] [self_driving]: DEBUG_DRIVE lane_x=128.0, linear=0.30, linear_y=0.00, angular=0.10, stop=False, crosswalk_distance=0, start_slow_down=False[0m
[self_driving-10] [0m[INFO] [1782503439.034830037] [self_driving]: [1;33m0[0m[0m
[self_driving-10] [0m[INFO] [1782503439.037185574] [self_driving]: DEBUG_DRIVE lane_x=114.0, linear=0.30, linear_y=0.00, angular=0.10, stop=False, crosswalk_distance=0, start_slow_down=False[0m
[self_driving-10] [0m[INFO] [1782503439.106276426] [self_driving]: [1;33m0[0m[0m
[self_driving-10] [0m[INFO] [1782503439.108269130] [self_driving]: DEBUG_DRIVE lane_x=113.0, linear=0.30, linear_y=0.00, angular=0.10, stop=False, crosswalk_distance=0, start_slow_down=False[0m
[self_driving-10] [0m[INFO] [1782503439.139924555] [self_driving]: objects=1[0m
[self_driving-10] [0m[INFO] [1782503439.140419389] [self_driving]: [DET] crosswalk: cx=416, cy=323, box=array('i', [193, 293, 640, 353]), score=0.91[0m
[self_driving-10] [0m[INFO] [1782503439.142015796] [self_driving]: objects=1[0m
[self_driving-10] [0m[INFO] [1782503439.142954611] [self_driving]: [DET] crosswalk: cx=385, cy=206, box=array('i', [271, 200, 500, 212]), score=0.86[0m
[self_driving-10] [0m[INFO] [1782503439.148208611] [self_driving]: objects=1[0m
[self_driving-10] [0m[INFO] [1782503439.150263833] [self_driving]: [DET] go: cx=147, cy=116, box=array('i', [131, 91, 164, 142]), score=0.85[0m
[self_driving-10] [0m[INFO] [1782503439.185078667] [self_driving]: [1;33m0[0m[0m
[self_driving-10] [0m[INFO] [1782503439.190626037] [self_driving]: DEBUG_DRIVE lane_x=114.0, linear=0.30, linear_y=0.00, angular=0.10, stop=False, crosswalk_distance=0, start_slow_down=False[0m
[self_driving-10] [0m[INFO] [1782503439.242767722] [self_driving]: [1;33m0[0m[0m
[self_driving-10] [0m[INFO] [1782503439.251057185] [self_driving]: DEBUG_DRIVE lane_x=117.0, linear=0.30, linear_y=0.00, angular=0.10, stop=False, crosswalk_distance=0, start_slow_down=False[0m
[self_driving-10] [0m[INFO] [1782503439.313014333] [self_driving]: [1;33m0[0m[0m
[self_driving-10] [0m[INFO] [1782503439.317215204] [self_driving]: DEBUG_DRIVE lane_x=122.0, linear=0.30, linear_y=0.00, angular=0.10, stop=False, crosswalk_distance=0, start_slow_down=False[0m
[self_driving-10] [0m[INFO] [1782503439.376618815] [self_driving]: [1;33m0[0m[0m
[self_driving-10] [0m[INFO] [1782503439.379323407] [self_driving]: DEBUG_DRIVE lane_x=124.5, linear=0.30, linear_y=0.00, angular=0.10, stop=False, crosswalk_distance=0, start_slow_down=False[0m
[self_driving-10] [0m[INFO] [1782503439.437361611] [self_driving]: [1;33m0[0m[0m
[self_driving-10] [0m[INFO] [1782503439.440556963] [self_driving]: DEBUG_DRIVE lane_x=128.5, linear=0.30, linear_y=0.00, angular=-0.10, stop=False, crosswalk_distance=0, start_slow_down=False[0m
[self_driving-10] [0m[INFO] [1782503439.509879703] [self_driving]: [1;33m0[0m[0m
[self_driving-10] [0m[INFO] [1782503439.512104111] [self_driving]: DEBUG_DRIVE lane_x=132.0, linear=0.30, linear_y=0.00, angular=-0.10, stop=False, crosswalk_distance=0, start_slow_down=False[0m
[self_driving-10] [0m[INFO] [1782503439.558241426] [self_driving]: objects=1[0m
[self_driving-10] [0m[INFO] [1782503439.558836037] [self_driving]: [DET] go: cx=115, cy=113, box=array('i', [100, 87, 131, 140]), score=0.92[0m
[self_driving-10] [0m[INFO] [1782503439.563139592] [self_driving]: objects=1[0m
[self_driving-10] [0m[INFO] [1782503439.563589574] [self_driving]: [1;33m0[0m[0m
[self_driving-10] [0m[INFO] [1782503439.564857537] [self_driving]: [DET] crosswalk: cx=375, cy=208, box=array('i', [253, 202, 497, 215]), score=0.84[0m
[self_driving-10] [0m[INFO] [1782503439.573016000] [self_driving]: objects=1[0m
[self_driving-10] [0m[INFO] [1782503439.573850889] [self_driving]: [DET] crosswalk: cx=486, cy=10, box=array('i', [332, 0, 640, 20]), score=0.25[0m
[self_driving-10] [0m[INFO] [1782503439.574827981] [self_driving]: DEBUG_DRIVE lane_x=138.0, linear=0.30, linear_y=0.00, angular=-0.10, stop=False, crosswalk_distance=208, start_slow_down=False[0m
[self_driving-10] [0m[INFO] [1782503439.646012481] [self_driving]: [1;33m10[0m[0m
[self_driving-10] [0m[INFO] [1782503439.648538222] [self_driving]: DEBUG_DRIVE lane_x=134.5, linear=0.30, linear_y=0.00, angular=-0.10, stop=False, crosswalk_distance=10, start_slow_down=False[0m
[self_driving-10] [0m[INFO] [1782503439.716026833] [self_driving]: [1;33m10[0m[0m
[self_driving-10] [0m[INFO] [1782503439.718795185] [self_driving]: DEBUG_DRIVE lane_x=136.0, linear=0.30, linear_y=0.00, angular=-0.10, stop=False, crosswalk_distance=10, start_slow_down=False[0m
[self_driving-10] [0m[INFO] [1782503439.783744111] [self_driving]: [1;33m10[0m[0m
[self_driving-10] [0m[INFO] [1782503439.787119074] [self_driving]: DEBUG_DRIVE lane_x=130.5, linear=0.30, linear_y=0.00, angular=0.10, stop=False, crosswalk_distance=10, start_slow_down=False[0m
[self_driving-10] [0m[INFO] [1782503439.825572537] [self_driving]: [1;33m10[0m[0m
[self_driving-10] [0m[INFO] [1782503439.828036333] [self_driving]: DEBUG_DRIVE lane_x=128.0, linear=0.30, linear_y=0.00, angular=0.10, stop=False, crosswalk_distance=10, start_slow_down=False[0m
[self_driving-10] [0m[INFO] [1782503439.907905611] [self_driving]: [1;33m10[0m[0m
[self_driving-10] [0m[INFO] [1782503439.912126685] [self_driving]: DEBUG_DRIVE lane_x=122.5, linear=0.30, linear_y=0.00, angular=0.10, stop=False, crosswalk_distance=10, start_slow_down=False[0m
[self_driving-10] [0m[INFO] [1782503439.935800129] [self_driving]: objects=1[0m
[self_driving-10] [0m[INFO] [1782503439.936568314] [self_driving]: [DET] crosswalk: cx=339, cy=453, box=array('i', [38, 426, 640, 480]), score=0.91[0m
[self_driving-10] [0m[INFO] [1782503439.939040648] [self_driving]: objects=1[0m
[self_driving-10] [0m[INFO] [1782503439.940111962] [self_driving]: [DET] crosswalk: cx=389, cy=219, box=array('i', [244, 210, 534, 228]), score=0.87[0m
[self_driving-10] [0m[INFO] [1782503439.945294574] [self_driving]: objects=1[0m
[self_driving-10] [0m[INFO] [1782503439.947035740] [self_driving]: [DET] crosswalk: cx=492, cy=6, box=array('i', [345, 0, 640, 12]), score=0.33[0m
[self_driving-10] [0m[INFO] [1782503439.978443444] [self_driving]: [1;33m6[0m[0m
[self_driving-10] [0m[INFO] [1782503439.987601425] [self_driving]: DEBUG_DRIVE lane_x=122.5, linear=0.30, linear_y=0.00, angular=0.10, stop=False, crosswalk_distance=6, start_slow_down=False[0m
[self_driving-10] [0m[INFO] [1782503440.037372092] [self_driving]: [1;33m6[0m[0m
[self_driving-10] [0m[INFO] [1782503440.041360388] [self_driving]: DEBUG_DRIVE lane_x=123.5, linear=0.30, linear_y=0.00, angular=0.10, stop=False, crosswalk_distance=6, start_slow_down=False[0m
[self_driving-10] [0m[INFO] [1782503440.112529036] [self_driving]: [1;33m6[0m[0m
[self_driving-10] [0m[INFO] [1782503440.115879499] [self_driving]: DEBUG_DRIVE lane_x=126.5, linear=0.30, linear_y=0.00, angular=0.10, stop=False, crosswalk_distance=6, start_slow_down=False[0m
[self_driving-10] [0m[INFO] [1782503440.176595999] [self_driving]: [1;33m6[0m[0m
[self_driving-10] [0m[INFO] [1782503440.178242296] [self_driving]: DEBUG_DRIVE lane_x=128.0, linear=0.30, linear_y=0.00, angular=0.02, stop=False, crosswalk_distance=6, start_slow_down=False[0m
[self_driving-10] [0m[INFO] [1782503440.243137610] [self_driving]: [1;33m6[0m[0m
[self_driving-10] [0m[INFO] [1782503440.246683092] [self_driving]: DEBUG_DRIVE lane_x=132.5, linear=0.30, linear_y=0.00, angular=-0.10, stop=False, crosswalk_distance=6, start_slow_down=False[0m
[self_driving-10] [0m[INFO] [1782503440.320689462] [self_driving]: [1;33m6[0m[0m
[self_driving-10] [0m[INFO] [1782503440.321945073] [self_driving]: DEBUG_DRIVE lane_x=136.5, linear=0.30, linear_y=0.00, angular=-0.10, stop=False, crosswalk_distance=6, start_slow_down=False[0m
[self_driving-10] [0m[INFO] [1782503440.374941388] [self_driving]: [1;33m6[0m[0m
[self_driving-10] [0m[INFO] [1782503440.381424721] [self_driving]: objects=1[0m
[self_driving-10] [0m[INFO] [1782503440.381659814] [self_driving]: DEBUG_DRIVE lane_x=141.5, linear=0.30, linear_y=0.00, angular=-0.10, stop=False, crosswalk_distance=6, start_slow_down=False[0m
[self_driving-10] [0m[INFO] [1782503440.386238240] [self_driving]: [DET] crosswalk: cx=401, cy=236, box=array('i', [230, 225, 572, 247]), score=0.88[0m
[self_driving-10] [0m[INFO] [1782503440.453052240] [self_driving]: [1;33m236[0m[0m
[self_driving-10] [0m[INFO] [1782503440.456701999] [self_driving]: DEBUG_DRIVE lane_x=137.5, linear=0.15, linear_y=0.00, angular=-0.10, stop=False, crosswalk_distance=236, start_slow_down=False[0m
[self_driving-10] [0m[INFO] [1782503440.506277684] [self_driving]: [1;33m236[0m[0m
[self_driving-10] [0m[INFO] [1782503440.512430258] [self_driving]: DEBUG_DRIVE lane_x=134.5, linear=0.15, linear_y=0.00, angular=-0.02, stop=False, crosswalk_distance=236, start_slow_down=False[0m
[self_driving-10] [0m[INFO] [1782503440.586466369] [self_driving]: [1;33m236[0m[0m
[self_driving-10] [0m[INFO] [1782503440.588461203] [self_driving]: DEBUG_DRIVE lane_x=132.5, linear=0.15, linear_y=0.00, angular=-0.10, stop=False, crosswalk_distance=236, start_slow_down=True[0m
[self_driving-10] [0m[INFO] [1782503440.652217629] [self_driving]: [1;33m236[0m[0m
[self_driving-10] [0m[INFO] [1782503440.653861462] [self_driving]: DEBUG_DRIVE lane_x=129.0, linear=0.15, linear_y=0.00, angular=0.10, stop=False, crosswalk_distance=236, start_slow_down=True[0m
[self_driving-10] [0m[INFO] [1782503440.723596999] [self_driving]: [1;33m236[0m[0m
[self_driving-10] [0m[INFO] [1782503440.725299888] [self_driving]: DEBUG_DRIVE lane_x=129.0, linear=0.15, linear_y=0.00, angular=0.10, stop=False, crosswalk_distance=236, start_slow_down=True[0m
[self_driving-10] [0m[INFO] [1782503440.781930555] [self_driving]: objects=1[0m
[self_driving-10] [0m[INFO] [1782503440.791446684] [self_driving]: [DET] crosswalk: cx=426, cy=264, box=array('i', [219, 245, 633, 283]), score=0.92[0m
[self_driving-10] [0m[INFO] [1782503440.800834814] [self_driving]: [1;33m264[0m[0m
[self_driving-10] [0m[INFO] [1782503440.802065869] [self_driving]: DEBUG_DRIVE lane_x=130.5, linear=0.15, linear_y=0.00, angular=-0.10, stop=False, crosswalk_distance=264, start_slow_down=True[0m
[self_driving-10] [0m[INFO] [1782503440.850458703] [self_driving]: [1;33m264[0m[0m
[self_driving-10] [0m[INFO] [1782503440.853188666] [self_driving]: DEBUG_DRIVE lane_x=129.5, linear=0.15, linear_y=0.00, angular=0.10, stop=False, crosswalk_distance=264, start_slow_down=True[0m
[self_driving-10] [0m[INFO] [1782503440.907544647] [self_driving]: [1;33m264[0m[0m
[self_driving-10] [0m[INFO] [1782503440.909479851] [self_driving]: DEBUG_DRIVE lane_x=129.5, linear=0.15, linear_y=0.00, angular=0.10, stop=False, crosswalk_distance=264, start_slow_down=True[0m
[self_driving-10] [0m[INFO] [1782503440.989047999] [self_driving]: [1;33m264[0m[0m
[self_driving-10] [0m[INFO] [1782503440.993928091] [self_driving]: DEBUG_DRIVE lane_x=132.0, linear=0.15, linear_y=0.00, angular=-0.10, stop=False, crosswalk_distance=264, start_slow_down=True[0m
[self_driving-10] [0m[INFO] [1782503441.044506202] [self_driving]: [1;33m264[0m[0m
[self_driving-10] [0m[INFO] [1782503441.045633314] [self_driving]: DEBUG_DRIVE lane_x=137.5, linear=0.15, linear_y=0.00, angular=-0.10, stop=False, crosswalk_distance=264, start_slow_down=True[0m
[self_driving-10] [0m[INFO] [1782503441.120154369] [self_driving]: [1;33m264[0m[0m
[self_driving-10] [0m[INFO] [1782503441.123352462] [self_driving]: DEBUG_DRIVE lane_x=140.5, linear=0.15, linear_y=0.00, angular=-0.10, stop=False, crosswalk_distance=264, start_slow_down=True[0m
[self_driving-10] [0m[INFO] [1782503441.183544073] [self_driving]: [1;33m264[0m[0m
[self_driving-10] [0m[INFO] [1782503441.185107480] [self_driving]: DEBUG_DRIVE lane_x=138.5, linear=0.15, linear_y=0.00, angular=-0.10, stop=False, crosswalk_distance=264, start_slow_down=True[0m
[self_driving-10] [0m[INFO] [1782503441.201467536] [self_driving]: objects=1[0m
[self_driving-10] [0m[INFO] [1782503441.208580795] [self_driving]: [DET] crosswalk: cx=401, cy=307, box=array('i', [169, 277, 634, 337]), score=0.91[0m
[self_driving-10] [0m[INFO] [1782503441.287784369] [self_driving]: [1;33m307[0m[0m
[self_driving-10] [0m[INFO] [1782503441.289154665] [self_driving]: DEBUG_DRIVE lane_x=137.0, linear=0.15, linear_y=0.00, angular=-0.10, stop=False, crosswalk_distance=307, start_slow_down=True[0m
[self_driving-10] [0m[INFO] [1782503441.327219813] [self_driving]: [1;33m307[0m[0m
[self_driving-10] [0m[INFO] [1782503441.330329554] [self_driving]: DEBUG_DRIVE lane_x=134.0, linear=0.15, linear_y=0.00, angular=0.10, stop=False, crosswalk_distance=307, start_slow_down=True[0m
[self_driving-10] [0m[INFO] [1782503441.379822610] [self_driving]: [1;33m307[0m[0m
[self_driving-10] [0m[INFO] [1782503441.381442610] [self_driving]: DEBUG_DRIVE lane_x=132.0, linear=0.15, linear_y=0.00, angular=0.10, stop=False, crosswalk_distance=307, start_slow_down=True[0m
[self_driving-10] [0m[INFO] [1782503441.450898869] [self_driving]: [1;33m307[0m[0m
[self_driving-10] [0m[INFO] [1782503441.452348943] [self_driving]: DEBUG_DRIVE lane_x=126.5, linear=0.15, linear_y=0.00, angular=0.10, stop=False, crosswalk_distance=307, start_slow_down=True[0m
[self_driving-10] [0m[INFO] [1782503441.529936350] [self_driving]: [1;33m307[0m[0m
[self_driving-10] [0m[INFO] [1782503441.531320221] [self_driving]: DEBUG_DRIVE lane_x=127.0, linear=0.15, linear_y=0.00, angular=0.10, stop=False, crosswalk_distance=307, start_slow_down=True[0m
[self_driving-10] [0m[INFO] [1782503441.592749684] [self_driving]: [1;33m307[0m[0m
[self_driving-10] [0m[INFO] [1782503441.594119443] [self_driving]: DEBUG_DRIVE lane_x=130.0, linear=0.15, linear_y=0.00, angular=-0.10, stop=False, crosswalk_distance=307, start_slow_down=True[0m
[self_driving-10] [0m[INFO] [1782503441.626716128] [self_driving]: objects=1[0m
[self_driving-10] [0m[INFO] [1782503441.628361684] [self_driving]: [DET] crosswalk: cx=363, cy=391, box=array('i', [86, 328, 640, 455]), score=0.90[0m
[self_driving-10] [0m[INFO] [1782503441.677198850] [self_driving]: [1;33m391[0m[0m
[self_driving-10] [0m[INFO] [1782503441.679799406] [self_driving]: DEBUG_DRIVE lane_x=134.0, linear=0.15, linear_y=0.00, angular=-0.10, stop=False, crosswalk_distance=391, start_slow_down=True[0m
[self_driving-10] [0m[INFO] [1782503441.747445776] [self_driving]: [1;33m391[0m[0m
[self_driving-10] [0m[INFO] [1782503441.748671128] [self_driving]: DEBUG_DRIVE lane_x=134.0, linear=0.15, linear_y=0.00, angular=-0.10, stop=False, crosswalk_distance=391, start_slow_down=True[0m
[self_driving-10] [0m[INFO] [1782503441.793504609] [self_driving]: [1;33m391[0m[0m
[self_driving-10] [0m[INFO] [1782503441.795330980] [self_driving]: DEBUG_DRIVE lane_x=134.5, linear=0.15, linear_y=0.00, angular=-0.10, stop=False, crosswalk_distance=391, start_slow_down=True[0m
[self_driving-10] [0m[INFO] [1782503441.858895609] [self_driving]: [1;33m391[0m[0m
[self_driving-10] [0m[INFO] [1782503441.860260924] [self_driving]: DEBUG_DRIVE lane_x=130.5, linear=0.15, linear_y=0.00, angular=0.10, stop=False, crosswalk_distance=391, start_slow_down=True[0m
[self_driving-10] [0m[INFO] [1782503441.924088943] [self_driving]: [1;33m391[0m[0m
[self_driving-10] [0m[INFO] [1782503441.925583795] [self_driving]: DEBUG_DRIVE lane_x=127.0, linear=0.15, linear_y=0.00, angular=0.10, stop=False, crosswalk_distance=391, start_slow_down=True[0m
[self_driving-10] [0m[INFO] [1782503441.976617813] [self_driving]: [1;33m391[0m[0m
[self_driving-10] [0m[INFO] [1782503441.978848461] [self_driving]: DEBUG_DRIVE lane_x=124.5, linear=0.15, linear_y=0.00, angular=0.10, stop=False, crosswalk_distance=391, start_slow_down=True[0m
[self_driving-10] [0m[INFO] [1782503442.049533609] [self_driving]: [1;33m391[0m[0m
[self_driving-10] [0m[INFO] [1782503442.050966406] [self_driving]: DEBUG_DRIVE lane_x=125.0, linear=0.15, linear_y=0.00, angular=0.10, stop=False, crosswalk_distance=391, start_slow_down=True[0m
[self_driving-10] [0m[INFO] [1782503442.061038850] [self_driving]: objects=1[0m
[self_driving-10] [0m[INFO] [1782503442.063865517] [self_driving]: [DET] crosswalk: cx=339, cy=428, box=array('i', [38, 377, 640, 480]), score=0.93[0m
[self_driving-10] [0m[INFO] [1782503442.136521906] [self_driving]: [1;33m428[0m[0m
[self_driving-10] [0m[INFO] [1782503442.139477387] [self_driving]: DEBUG_DRIVE lane_x=130.0, linear=0.15, linear_y=0.00, angular=-0.10, stop=False, crosswalk_distance=428, start_slow_down=True[0m
[self_driving-10] [0m[INFO] [1782503442.205156331] [self_driving]: [1;33m428[0m[0m
[self_driving-10] [0m[INFO] [1782503442.206740498] [self_driving]: DEBUG_DRIVE lane_x=132.0, linear=0.15, linear_y=0.00, angular=-0.10, stop=False, crosswalk_distance=428, start_slow_down=True[0m
[self_driving-10] [0m[INFO] [1782503442.261608257] [self_driving]: [1;33m428[0m[0m
[self_driving-10] [0m[INFO] [1782503442.265420091] [self_driving]: DEBUG_DRIVE lane_x=135.0, linear=0.15, linear_y=0.00, angular=-0.10, stop=False, crosswalk_distance=428, start_slow_down=True[0m
[self_driving-10] [0m[INFO] [1782503442.335770405] [self_driving]: [1;33m428[0m[0m
[self_driving-10] [0m[INFO] [1782503442.339694109] [self_driving]: DEBUG_DRIVE lane_x=134.5, linear=0.15, linear_y=0.00, angular=-0.10, stop=False, crosswalk_distance=428, start_slow_down=True[0m
[self_driving-10] [0m[INFO] [1782503442.382628757] [self_driving]: [1;33m428[0m[0m
[self_driving-10] [0m[INFO] [1782503442.384004757] [self_driving]: DEBUG_DRIVE lane_x=132.5, linear=0.15, linear_y=0.00, angular=0.10, stop=False, crosswalk_distance=428, start_slow_down=True[0m
[self_driving-10] [0m[INFO] [1782503442.462254702] [self_driving]: [1;33m428[0m[0m
[self_driving-10] [0m[INFO] [1782503442.463633720] [self_driving]: DEBUG_DRIVE lane_x=130.5, linear=0.15, linear_y=0.00, angular=0.10, stop=False, crosswalk_distance=428, start_slow_down=True[0m
[self_driving-10] [0m[INFO] [1782503442.486327516] [self_driving]: objects=1[0m
[self_driving-10] [0m[INFO] [1782503442.487420924] [self_driving]: [DET] crosswalk: cx=464, cy=316, box=array('i', [424, 312, 504, 320]), score=0.30[0m
[self_driving-10] [0m[INFO] [1782503442.560758239] [self_driving]: [1;33m316[0m[0m
[self_driving-10] [0m[INFO] [1782503442.562378276] [self_driving]: DEBUG_DRIVE lane_x=129.0, linear=0.15, linear_y=0.00, angular=0.10, stop=False, crosswalk_distance=316, start_slow_down=True[0m
[self_driving-10] [0m[INFO] [1782503442.595784702] [self_driving]: [1;33m316[0m[0m
[self_driving-10] [0m[INFO] [1782503442.596869757] [self_driving]: DEBUG_DRIVE lane_x=129.5, linear=0.15, linear_y=0.00, angular=-0.10, stop=False, crosswalk_distance=316, start_slow_down=True[0m
[self_driving-10] [0m[INFO] [1782503442.658828035] [self_driving]: [1;33m316[0m[0m
[self_driving-10] [0m[INFO] [1782503442.660306498] [self_driving]: DEBUG_DRIVE lane_x=132.0, linear=0.15, linear_y=0.00, angular=-0.10, stop=False, crosswalk_distance=316, start_slow_down=True[0m
[self_driving-10] [0m[INFO] [1782503442.732558239] [self_driving]: [1;33m316[0m[0m
[self_driving-10] [0m[INFO] [1782503442.735491979] [self_driving]: DEBUG_DRIVE lane_x=136.5, linear=0.15, linear_y=0.00, angular=-0.10, stop=False, crosswalk_distance=316, start_slow_down=True[0m
[self_driving-10] [0m[INFO] [1782503442.804991257] [self_driving]: [1;33m316[0m[0m
[self_driving-10] [0m[INFO] [1782503442.806063850] [self_driving]: DEBUG_DRIVE lane_x=136.0, linear=0.15, linear_y=0.00, angular=-0.10, stop=False, crosswalk_distance=316, start_slow_down=True[0m
[self_driving-10] [0m[INFO] [1782503442.868224535] [self_driving]: [1;33m316[0m[0m
[self_driving-10] [0m[INFO] [1782503442.869299590] [self_driving]: DEBUG_DRIVE lane_x=133.0, linear=0.15, linear_y=0.00, angular=0.10, stop=False, crosswalk_distance=316, start_slow_down=True[0m
[self_driving-10] [0m[INFO] [1782503442.895217664] [self_driving]: objects=1[0m
[self_driving-10] [0m[INFO] [1782503442.901365312] [self_driving]: [DET] crosswalk: cx=500, cy=354, box=array('i', [453, 350, 548, 359]), score=0.33[0m
[self_driving-10] [0m[INFO] [1782503442.908398701] [self_driving]: objects=1[0m
[self_driving-10] [0m[INFO] [1782503442.909575442] [self_driving]: [DET] crosswalk: cx=485, cy=224, box=array('i', [449, 220, 522, 229]), score=0.28[0m
[self_driving-10] [0m[INFO] [1782503442.964326220] [self_driving]: [1;33m224[0m[0m
[self_driving-10] [0m[INFO] [1782503442.967962442] [self_driving]: DEBUG_DRIVE lane_x=130.0, linear=0.15, linear_y=0.00, angular=0.10, stop=False, crosswalk_distance=224, start_slow_down=True[0m
[self_driving-10] [0m[INFO] [1782503443.020490646] [self_driving]: [1;33m224[0m[0m
[self_driving-10] [0m[INFO] [1782503443.021874405] [self_driving]: DEBUG_DRIVE lane_x=126.5, linear=0.15, linear_y=0.00, angular=0.10, stop=False, crosswalk_distance=224, start_slow_down=True[0m
[self_driving-10] [0m[INFO] [1782503443.071958257] [self_driving]: [1;33m224[0m[0m
[self_driving-10] [0m[INFO] [1782503443.074094072] [self_driving]: DEBUG_DRIVE lane_x=131.5, linear=0.15, linear_y=0.00, angular=-0.10, stop=False, crosswalk_distance=224, start_slow_down=True[0m
[self_driving-10] [0m[INFO] [1782503443.132467109] [self_driving]: [1;33m224[0m[0m
[self_driving-10] [0m[INFO] [1782503443.133680386] [self_driving]: DEBUG_DRIVE lane_x=129.0, linear=0.15, linear_y=0.00, angular=0.10, stop=False, crosswalk_distance=224, start_slow_down=True[0m
[self_driving-10] [0m[INFO] [1782503443.191778127] [self_driving]: [1;33m224[0m[0m
[self_driving-10] [0m[INFO] [1782503443.193218257] [self_driving]: DEBUG_DRIVE lane_x=133.5, linear=0.15, linear_y=0.00, angular=-0.10, stop=False, crosswalk_distance=224, start_slow_down=True[0m
[self_driving-10] [0m[INFO] [1782503443.263024405] [self_driving]: [1;33m224[0m[0m
[self_driving-10] [0m[INFO] [1782503443.264378849] [self_driving]: DEBUG_DRIVE lane_x=134.0, linear=0.15, linear_y=0.00, angular=-0.10, stop=False, crosswalk_distance=224, start_slow_down=False[0m
[self_driving-10] [0m[INFO] [1782503443.334175368] [self_driving]: [1;33m224[0m[0m
[self_driving-10] [0m[INFO] [1782503443.335930053] [self_driving]: DEBUG_DRIVE lane_x=137.5, linear=0.15, linear_y=0.00, angular=-0.10, stop=False, crosswalk_distance=224, start_slow_down=False[0m
[self_driving-10] [0m[INFO] [1782503443.359307146] [self_driving]: objects=1[0m
[self_driving-10] [0m[INFO] [1782503443.360684609] [self_driving]: [DET] crosswalk: cx=371, cy=417, box=array('i', [293, 412, 449, 422]), score=0.38[0m
[self_driving-10] [0m[INFO] [1782503443.366601664] [self_driving]: objects=1[0m
[self_driving-10] [0m[INFO] [1782503443.368280738] [self_driving]: [DET] crosswalk: cx=507, cy=234, box=array('i', [470, 230, 544, 239]), score=0.25[0m
[self_driving-10] [0m[INFO] [1782503443.424347979] [self_driving]: [1;33m234[0m[0m
[self_driving-10] [0m[INFO] [1782503443.428966720] [self_driving]: DEBUG_DRIVE lane_x=136.0, linear=0.15, linear_y=0.00, angular=-0.10, stop=False, crosswalk_distance=234, start_slow_down=False[0m
[self_driving-10] [0m[INFO] [1782503443.474346331] [self_driving]: [1;33m234[0m[0m
[self_driving-10] [0m[INFO] [1782503443.477099257] [self_driving]: DEBUG_DRIVE lane_x=129.0, linear=0.15, linear_y=0.00, angular=0.10, stop=False, crosswalk_distance=234, start_slow_down=True[0m
[self_driving-10] [0m[INFO] [1782503443.539208516] [self_driving]: [1;33m234[0m[0m
[self_driving-10] [0m[INFO] [1782503443.540759053] [self_driving]: DEBUG_DRIVE lane_x=130.5, linear=0.15, linear_y=0.00, angular=-0.10, stop=False, crosswalk_distance=234, start_slow_down=True[0m
[self_driving-10] [0m[INFO] [1782503443.610958590] [self_driving]: [1;33m234[0m[0m
[self_driving-10] [0m[INFO] [1782503443.612537812] [self_driving]: DEBUG_DRIVE lane_x=125.0, linear=0.15, linear_y=0.00, angular=0.10, stop=False, crosswalk_distance=234, start_slow_down=True[0m
[self_driving-10] [0m[INFO] [1782503443.672646386] [self_driving]: [1;33m234[0m[0m
[self_driving-10] [0m[INFO] [1782503443.674009201] [self_driving]: DEBUG_DRIVE lane_x=129.5, linear=0.15, linear_y=0.00, angular=-0.10, stop=False, crosswalk_distance=234, start_slow_down=True[0m
[self_driving-10] [0m[INFO] [1782503443.731720516] [self_driving]: [1;33m234[0m[0m
[self_driving-10] [0m[INFO] [1782503443.733021423] [self_driving]: DEBUG_DRIVE lane_x=126.0, linear=0.15, linear_y=0.00, angular=0.10, stop=False, crosswalk_distance=234, start_slow_down=True[0m
[self_driving-10] [0m[INFO] [1782503443.851477793] [self_driving]: [1;33m234[0m[0m
[self_driving-10] [0m[INFO] [1782503443.856025997] [self_driving]: DEBUG_DRIVE lane_x=130.5, linear=0.15, linear_y=0.00, angular=-0.10, stop=False, crosswalk_distance=234, start_slow_down=True[0m
[self_driving-10] [0m[INFO] [1782503443.886536719] [self_driving]: [1;33m234[0m[0m
[self_driving-10] [0m[INFO] [1782503443.888465738] [self_driving]: DEBUG_DRIVE lane_x=128.5, linear=0.15, linear_y=0.00, angular=0.10, stop=False, crosswalk_distance=234, start_slow_down=True[0m
[self_driving-10] [0m[INFO] [1782503443.940394127] [self_driving]: [1;33m234[0m[0m
[self_driving-10] [0m[INFO] [1782503443.942001293] [self_driving]: DEBUG_DRIVE lane_x=131.5, linear=0.15, linear_y=0.00, angular=-0.10, stop=False, crosswalk_distance=234, start_slow_down=True[0m
[self_driving-10] [0m[INFO] [1782503444.003392108] [self_driving]: [1;33m234[0m[0m
[self_driving-10] [0m[INFO] [1782503444.004766904] [self_driving]: DEBUG_DRIVE lane_x=133.5, linear=0.15, linear_y=0.00, angular=-0.10, stop=False, crosswalk_distance=234, start_slow_down=True[0m
[self_driving-10] [0m[INFO] [1782503444.082368756] [self_driving]: [1;33m234[0m[0m
[self_driving-10] [0m[INFO] [1782503444.085403571] [self_driving]: DEBUG_DRIVE lane_x=137.0, linear=0.15, linear_y=0.00, angular=-0.10, stop=False, crosswalk_distance=234, start_slow_down=True[0m
[self_driving-10] [0m[INFO] [1782503444.134615812] [self_driving]: [1;33m234[0m[0m
[self_driving-10] [0m[INFO] [1782503444.136216960] [self_driving]: DEBUG_DRIVE lane_x=135.0, linear=0.15, linear_y=0.00, angular=-0.10, stop=False, crosswalk_distance=234, start_slow_down=True[0m
[self_driving-10] [0m[INFO] [1782503444.242067701] [self_driving]: [1;33m234[0m[0m
[self_driving-10] [0m[INFO] [1782503444.247945886] [self_driving]: DEBUG_DRIVE lane_x=133.0, linear=0.15, linear_y=0.00, angular=-0.10, stop=False, crosswalk_distance=234, start_slow_down=True[0m
[self_driving-10] [0m[INFO] [1782503444.269434182] [self_driving]: [1;33m234[0m[0m
[self_driving-10] [0m[INFO] [1782503444.271600164] [self_driving]: DEBUG_DRIVE lane_x=132.0, linear=0.15, linear_y=0.00, angular=0.10, stop=False, crosswalk_distance=234, start_slow_down=True[0m
[self_driving-10] [0m[INFO] [1782503444.348558497] [self_driving]: [1;33m234[0m[0m
[self_driving-10] [0m[INFO] [1782503444.350445275] [self_driving]: DEBUG_DRIVE lane_x=128.0, linear=0.15, linear_y=0.00, angular=0.10, stop=False, crosswalk_distance=234, start_slow_down=True[0m
[self_driving-10] [0m[INFO] [1782503444.416973589] [self_driving]: [1;33m234[0m[0m
[self_driving-10] [0m[INFO] [1782503444.418130330] [self_driving]: DEBUG_DRIVE lane_x=123.5, linear=0.15, linear_y=0.00, angular=0.10, stop=False, crosswalk_distance=234, start_slow_down=True[0m
[self_driving-10] [0m[INFO] [1782503444.472590775] [self_driving]: [1;33m234[0m[0m
[self_driving-10] [0m[INFO] [1782503444.473983737] [self_driving]: DEBUG_DRIVE lane_x=128.0, linear=0.15, linear_y=0.00, angular=-0.10, stop=False, crosswalk_distance=234, start_slow_down=True[0m
[self_driving-10] [0m[INFO] [1782503444.542228737] [self_driving]: [1;33m234[0m[0m
[self_driving-10] [0m[INFO] [1782503444.544064515] [self_driving]: DEBUG_DRIVE lane_x=125.0, linear=0.15, linear_y=0.00, angular=0.10, stop=False, crosswalk_distance=234, start_slow_down=True[0m
[self_driving-10] [0m[INFO] [1782503444.607388163] [self_driving]: [1;33m234[0m[0m
[self_driving-10] [0m[INFO] [1782503444.609061015] [self_driving]: DEBUG_DRIVE lane_x=130.0, linear=0.15, linear_y=0.00, angular=-0.10, stop=False, crosswalk_distance=234, start_slow_down=True[0m
[self_driving-10] [0m[INFO] [1782503444.682221219] [self_driving]: [1;33m234[0m[0m
[self_driving-10] [0m[INFO] [1782503444.694072997] [self_driving]: DEBUG_DRIVE lane_x=127.5, linear=0.15, linear_y=0.00, angular=0.10, stop=False, crosswalk_distance=234, start_slow_down=True[0m
[self_driving-10] [0m[INFO] [1782503444.758740237] [self_driving]: [1;33m234[0m[0m
[self_driving-10] [0m[INFO] [1782503444.760096423] [self_driving]: DEBUG_DRIVE lane_x=132.0, linear=0.15, linear_y=0.00, angular=-0.10, stop=False, crosswalk_distance=234, start_slow_down=True[0m
[self_driving-10] [0m[INFO] [1782503444.811295293] [self_driving]: [1;33m234[0m[0m
[self_driving-10] [0m[INFO] [1782503444.813199034] [self_driving]: DEBUG_DRIVE lane_x=131.0, linear=0.15, linear_y=0.00, angular=0.10, stop=False, crosswalk_distance=234, start_slow_down=True[0m
[self_driving-10] [0m[INFO] [1782503444.885067200] [self_driving]: [1;33m234[0m[0m
[self_driving-10] [0m[INFO] [1782503444.887854330] [self_driving]: DEBUG_DRIVE lane_x=131.5, linear=0.15, linear_y=0.00, angular=-0.10, stop=False, crosswalk_distance=234, start_slow_down=True[0m
[self_driving-10] [0m[INFO] [1782503444.950156311] [self_driving]: [1;33m234[0m[0m
[self_driving-10] [0m[INFO] [1782503444.951945348] [self_driving]: DEBUG_DRIVE lane_x=129.5, linear=0.15, linear_y=0.00, angular=0.10, stop=False, crosswalk_distance=234, start_slow_down=True[0m
[self_driving-10] [0m[INFO] [1782503445.018393422] [self_driving]: [1;33m234[0m[0m
[self_driving-10] [0m[INFO] [1782503445.020350256] [self_driving]: DEBUG_DRIVE lane_x=131.5, linear=0.15, linear_y=0.00, angular=-0.10, stop=False, crosswalk_distance=234, start_slow_down=True[0m
[self_driving-10] [0m[INFO] [1782503445.094847811] [self_driving]: [1;33m234[0m[0m
[self_driving-10] [0m[INFO] [1782503445.099237959] [self_driving]: DEBUG_DRIVE lane_x=132.0, linear=0.15, linear_y=0.00, angular=-0.10, stop=False, crosswalk_distance=234, start_slow_down=True[0m
[self_driving-10] [0m[INFO] [1782503445.140815774] [self_driving]: [1;33m234[0m[0m
[self_driving-10] [0m[INFO] [1782503445.143943200] [self_driving]: DEBUG_DRIVE lane_x=130.0, linear=0.15, linear_y=0.00, angular=0.10, stop=False, crosswalk_distance=234, start_slow_down=True[0m
[self_driving-10] [0m[INFO] [1782503445.216633441] [self_driving]: [1;33m234[0m[0m
[self_driving-10] [0m[INFO] [1782503445.218176681] [self_driving]: DEBUG_DRIVE lane_x=127.0, linear=0.15, linear_y=0.00, angular=0.10, stop=False, crosswalk_distance=234, start_slow_down=True[0m
[self_driving-10] [0m[INFO] [1782503445.291680070] [self_driving]: [1;33m234[0m[0m
[self_driving-10] [0m[INFO] [1782503445.294030015] [self_driving]: DEBUG_DRIVE lane_x=123.5, linear=0.15, linear_y=0.00, angular=0.10, stop=False, crosswalk_distance=234, start_slow_down=True[0m
[self_driving-10] [0m[INFO] [1782503445.354397626] [self_driving]: [1;33m234[0m[0m
[self_driving-10] [0m[INFO] [1782503445.357829848] [self_driving]: DEBUG_DRIVE lane_x=126.5, linear=0.15, linear_y=0.00, angular=-0.10, stop=False, crosswalk_distance=234, start_slow_down=True[0m
[self_driving-10] [0m[INFO] [1782503445.416951867] [self_driving]: [1;33m234[0m[0m
[self_driving-10] [0m[INFO] [1782503445.420466681] [self_driving]: DEBUG_DRIVE lane_x=125.5, linear=0.15, linear_y=0.00, angular=0.10, stop=False, crosswalk_distance=234, start_slow_down=True[0m
[self_driving-10] [0m[INFO] [1782503445.492130070] [self_driving]: [1;33m234[0m[0m
[self_driving-10] [0m[INFO] [1782503445.495468015] [self_driving]: DEBUG_DRIVE lane_x=127.5, linear=0.15, linear_y=0.00, angular=0.10, stop=False, crosswalk_distance=234, start_slow_down=True[0m
[self_driving-10] [0m[INFO] [1782503445.543716885] [self_driving]: [1;33m234[0m[0m
[self_driving-10] [0m[INFO] [1782503445.545485478] [self_driving]: DEBUG_DRIVE lane_x=123.5, linear=0.15, linear_y=0.00, angular=0.10, stop=False, crosswalk_distance=234, start_slow_down=True[0m
[self_driving-10] [0m[INFO] [1782503445.622313089] [self_driving]: [1;33m234[0m[0m
[self_driving-10] [0m[INFO] [1782503445.624399126] [self_driving]: DEBUG_DRIVE lane_x=128.0, linear=0.15, linear_y=0.00, angular=-0.10, stop=False, crosswalk_distance=234, start_slow_down=True[0m
[self_driving-10] [0m[INFO] [1782503445.687227348] [self_driving]: [1;33m234[0m[0m
[self_driving-10] [0m[INFO] [1782503445.689258181] [self_driving]: DEBUG_DRIVE lane_x=128.0, linear=0.15, linear_y=0.00, angular=0.10, stop=False, crosswalk_distance=234, start_slow_down=True[0m
[self_driving-10] [0m[INFO] [1782503445.749581515] [self_driving]: [1;33m234[0m[0m
[self_driving-10] [0m[INFO] [1782503445.752293792] [self_driving]: DEBUG_DRIVE lane_x=132.5, linear=0.15, linear_y=0.00, angular=-0.10, stop=False, crosswalk_distance=234, start_slow_down=True[0m
[self_driving-10] [0m[INFO] [1782503445.833807033] [self_driving]: [1;33m234[0m[0m
[self_driving-10] [0m[INFO] [1782503445.837809274] [self_driving]: DEBUG_DRIVE lane_x=129.5, linear=0.15, linear_y=0.00, angular=0.10, stop=False, crosswalk_distance=234, start_slow_down=True[0m
[self_driving-10] [0m[INFO] [1782503445.895337663] [self_driving]: [1;33m234[0m[0m
[self_driving-10] [0m[INFO] [1782503445.897183792] [self_driving]: DEBUG_DRIVE lane_x=130.5, linear=0.15, linear_y=0.00, angular=-0.10, stop=False, crosswalk_distance=234, start_slow_down=True[0m
[self_driving-10] [0m[INFO] [1782503445.969684051] [self_driving]: [1;33m234[0m[0m
[self_driving-10] [0m[INFO] [1782503445.971481551] [self_driving]: DEBUG_DRIVE lane_x=121.0, linear=0.15, linear_y=0.00, angular=0.10, stop=False, crosswalk_distance=234, start_slow_down=True[0m
[self_driving-10] [0m[INFO] [1782503446.027432125] [self_driving]: [1;33m234[0m[0m
[self_driving-10] [0m[INFO] [1782503446.028918829] [self_driving]: DEBUG_DRIVE lane_x=120.0, linear=0.15, linear_y=0.00, angular=0.10, stop=False, crosswalk_distance=234, start_slow_down=True[0m
[self_driving-10] [0m[INFO] [1782503446.091811422] [self_driving]: [1;33m234[0m[0m
[self_driving-10] [0m[INFO] [1782503446.093472348] [self_driving]: DEBUG_DRIVE lane_x=119.0, linear=0.15, linear_y=0.00, angular=0.10, stop=False, crosswalk_distance=234, start_slow_down=True[0m
[self_driving-10] [0m[INFO] [1782503446.153993070] [self_driving]: [1;33m234[0m[0m
[self_driving-10] [0m[INFO] [1782503446.156788811] [self_driving]: DEBUG_DRIVE lane_x=120.5, linear=0.15, linear_y=0.00, angular=0.10, stop=False, crosswalk_distance=234, start_slow_down=False[0m
[self_driving-10] [0m[INFO] [1782503446.230732459] [self_driving]: [1;33m234[0m[0m
[self_driving-10] [0m[INFO] [1782503446.231826107] [self_driving]: DEBUG_DRIVE lane_x=124.0, linear=0.15, linear_y=0.00, angular=0.10, stop=False, crosswalk_distance=234, start_slow_down=False[0m
[self_driving-10] [0m[INFO] [1782503446.260272514] [self_driving]: objects=1[0m
[self_driving-10] [0m[INFO] [1782503446.261313922] [self_driving]: [DET] crosswalk: cx=530, cy=357, box=array('i', [440, 287, 620, 427]), score=0.46[0m
[self_driving-10] [0m[INFO] [1782503446.264594014] [self_driving]: objects=1[0m
[self_driving-10] [0m[INFO] [1782503446.265607329] [self_driving]: [DET] crosswalk: cx=494, cy=469, box=array('i', [355, 459, 633, 479]), score=0.26[0m
[self_driving-10] [0m[INFO] [1782503446.308149570] [self_driving]: [1;33m469[0m[0m
[self_driving-10] [0m[INFO] [1782503446.311361810] [self_driving]: DEBUG_DRIVE lane_x=124.5, linear=0.15, linear_y=0.00, angular=0.10, stop=False, crosswalk_distance=469, start_slow_down=False[0m
[self_driving-10] [0m[INFO] [1782503446.366666144] [self_driving]: [1;33m469[0m[0m
[self_driving-10] [0m[INFO] [1782503446.372777125] [self_driving]: DEBUG_DRIVE lane_x=136.5, linear=0.15, linear_y=0.00, angular=-0.10, stop=False, crosswalk_distance=469, start_slow_down=True[0m
[self_driving-10] [0m[INFO] [1782503446.427661718] [self_driving]: [1;33m469[0m[0m
[self_driving-10] [0m[INFO] [1782503446.429030847] [self_driving]: DEBUG_DRIVE lane_x=142.0, linear=0.15, linear_y=0.00, angular=-0.10, stop=False, crosswalk_distance=469, start_slow_down=True[0m
[self_driving-10] [0m[INFO] [1782503446.496183477] [self_driving]: [1;33m469[0m[0m
[self_driving-10] [0m[INFO] [1782503446.497369533] [self_driving]: DEBUG_DRIVE lane_x=144.0, linear=0.15, linear_y=0.00, angular=-0.10, stop=False, crosswalk_distance=469, start_slow_down=True[0m
[self_driving-10] [0m[INFO] [1782503446.561503384] [self_driving]: [1;33m469[0m[0m
[self_driving-10] [0m[INFO] [1782503446.563107477] [self_driving]: DEBUG_DRIVE lane_x=151.0, linear=0.15, linear_y=0.00, angular=-0.10, stop=False, crosswalk_distance=469, start_slow_down=True[0m
[self_driving-10] [0m[INFO] [1782503446.634073088] [self_driving]: [1;33m469[0m[0m
[self_driving-10] [0m[INFO] [1782503446.635571514] [self_driving]: DEBUG_DRIVE lane_x=147.0, linear=0.15, linear_y=0.00, angular=-0.10, stop=False, crosswalk_distance=469, start_slow_down=True[0m
[self_driving-10] [0m[INFO] [1782503446.685102570] [self_driving]: [1;33m469[0m[0m
[self_driving-10] [0m[INFO] [1782503446.687181458] [self_driving]: DEBUG_DRIVE lane_x=151.0, linear=0.15, linear_y=0.00, angular=-0.10, stop=False, crosswalk_distance=469, start_slow_down=True[0m
[self_driving-10] [0m[INFO] [1782503446.765946903] [self_driving]: [1;33m469[0m[0m
[self_driving-10] [0m[INFO] [1782503446.767238662] [self_driving]: DEBUG_DRIVE lane_x=147.0, linear=0.15, linear_y=0.00, angular=-0.10, stop=False, crosswalk_distance=469, start_slow_down=True[0m
[self_driving-10] [0m[INFO] [1782503446.828277310] [self_driving]: [1;33m469[0m[0m
[self_driving-10] [0m[INFO] [1782503446.829706625] [self_driving]: DEBUG_DRIVE lane_x=145.0, linear=0.15, linear_y=0.00, angular=-0.10, stop=False, crosswalk_distance=469, start_slow_down=True[0m
[self_driving-10] [0m[INFO] [1782503446.904188458] [self_driving]: [1;33m469[0m[0m
[self_driving-10] [0m[INFO] [1782503446.906221069] [self_driving]: DEBUG_DRIVE lane_x=146.0, linear=0.15, linear_y=0.00, angular=-0.10, stop=False, crosswalk_distance=469, start_slow_down=True[0m
[self_driving-10] [0m[INFO] [1782503446.960929792] [self_driving]: [1;33m469[0m[0m
[self_driving-10] [0m[INFO] [1782503446.962810921] [self_driving]: DEBUG_DRIVE lane_x=148.5, linear=0.15, linear_y=0.00, angular=-0.10, stop=False, crosswalk_distance=469, start_slow_down=True[0m
[self_driving-10] [0m[INFO] [1782503447.016815254] [self_driving]: [1;33m469[0m[0m
[self_driving-10] [0m[INFO] [1782503447.020105440] [self_driving]: DEBUG_DRIVE lane_x=155.0, linear=0.15, linear_y=0.00, angular=-0.10, stop=False, crosswalk_distance=469, start_slow_down=True[0m
[self_driving-10] [0m[INFO] [1782503447.119514032] [self_driving]: [1;33m469[0m[0m
[self_driving-10] [0m[INFO] [1782503447.121173847] [self_driving]: DEBUG_DRIVE lane_x=169.0, linear=0.15, linear_y=0.00, angular=-0.10, stop=False, crosswalk_distance=469, start_slow_down=True[0m
[self_driving-10] [0m[INFO] [1782503447.158306217] [self_driving]: [1;33m469[0m[0m
[self_driving-10] [0m[INFO] [1782503447.160071717] [self_driving]: DEBUG_DRIVE lane_x=159.5, linear=0.15, linear_y=0.00, angular=-0.10, stop=False, crosswalk_distance=469, start_slow_down=True[0m
[self_driving-10] [0m[INFO] [1782503447.225051014] [self_driving]: [1;33m469[0m[0m
[self_driving-10] [0m[INFO] [1782503447.228500291] [self_driving]: DEBUG_DRIVE lane_x=140.0, linear=0.15, linear_y=0.00, angular=0.10, stop=False, crosswalk_distance=469, start_slow_down=True[0m
[self_driving-10] [0m[INFO] [1782503447.289203069] [self_driving]: [1;33m469[0m[0m
[self_driving-10] [0m[INFO] [1782503447.291976310] [self_driving]: DEBUG_DRIVE lane_x=176.5, linear=0.15, linear_y=0.00, angular=-0.10, stop=False, crosswalk_distance=469, start_slow_down=True[0m
[self_driving-10] [0m[INFO] [1782503447.359282051] [self_driving]: [1;33m469[0m[0m
[self_driving-10] [0m[INFO] [1782503447.360444180] [self_driving]: DEBUG_DRIVE lane_x=174.5, linear=0.15, linear_y=0.00, angular=-0.10, stop=False, crosswalk_distance=469, start_slow_down=True[0m
[self_driving-10] [0m[INFO] [1782503447.439979810] [self_driving]: [1;33m469[0m[0m
[self_driving-10] [0m[INFO] [1782503447.441422013] [self_driving]: DEBUG_DRIVE lane_x=183.0, linear=0.15, linear_y=0.00, angular=-0.10, stop=False, crosswalk_distance=469, start_slow_down=True[0m
[self_driving-10] [0m[INFO] [1782503447.533618847] [self_driving]: [1;33m469[0m[0m
[self_driving-10] [0m[INFO] [1782503447.536857217] [self_driving]: DEBUG_DRIVE lane_x=192.5, linear=0.15, linear_y=0.00, angular=-0.10, stop=False, crosswalk_distance=469, start_slow_down=True[0m
[self_driving-10] [0m[INFO] [1782503447.568382587] [self_driving]: [1;33m469[0m[0m
[self_driving-10] [0m[INFO] [1782503447.569727050] [self_driving]: DEBUG_DRIVE lane_x=207.5, linear=0.15, linear_y=0.00, angular=-0.45, stop=False, crosswalk_distance=469, start_slow_down=True[0m
[self_driving-10] [0m[INFO] [1782503447.644529513] [self_driving]: [1;33m469[0m[0m
[self_driving-10] [0m[INFO] [1782503447.646788643] [self_driving]: DEBUG_DRIVE lane_x=209.0, linear=0.15, linear_y=0.00, angular=-0.45, stop=False, crosswalk_distance=469, start_slow_down=True[0m
[self_driving-10] [0m[INFO] [1782503447.714199680] [self_driving]: [1;33m469[0m[0m
[self_driving-10] [0m[INFO] [1782503447.715746310] [self_driving]: DEBUG_DRIVE lane_x=211.5, linear=0.15, linear_y=0.00, angular=-0.45, stop=False, crosswalk_distance=469, start_slow_down=True[0m
[self_driving-10] [0m[INFO] [1782503447.775961402] [self_driving]: [1;33m469[0m[0m
[self_driving-10] [0m[INFO] [1782503447.777074865] [self_driving]: DEBUG_DRIVE lane_x=206.0, linear=0.15, linear_y=0.00, angular=-0.45, stop=False, crosswalk_distance=469, start_slow_down=True[0m
[self_driving-10] [0m[INFO] [1782503447.831692013] [self_driving]: [1;33m469[0m[0m
[self_driving-10] [0m[INFO] [1782503447.832941698] [self_driving]: DEBUG_DRIVE lane_x=204.5, linear=0.15, linear_y=0.00, angular=-0.45, stop=False, crosswalk_distance=469, start_slow_down=True[0m
[self_driving-10] [0m[INFO] [1782503447.920880272] [self_driving]: [1;33m469[0m[0m
[self_driving-10] [0m[INFO] [1782503447.922322402] [self_driving]: DEBUG_DRIVE lane_x=205.5, linear=0.15, linear_y=0.00, angular=-0.45, stop=False, crosswalk_distance=469, start_slow_down=True[0m
[self_driving-10] [0m[INFO] [1782503447.989877439] [self_driving]: [1;33m469[0m[0m
[self_driving-10] [0m[INFO] [1782503447.992651902] [self_driving]: DEBUG_DRIVE lane_x=210.5, linear=0.15, linear_y=0.00, angular=-0.45, stop=False, crosswalk_distance=469, start_slow_down=True[0m
[self_driving-10] [0m[INFO] [1782503448.052520939] [self_driving]: [1;33m469[0m[0m
[self_driving-10] [0m[INFO] [1782503448.053599032] [self_driving]: DEBUG_DRIVE lane_x=252.0, linear=0.15, linear_y=0.00, angular=-0.45, stop=False, crosswalk_distance=469, start_slow_down=True[0m
[self_driving-10] [0m[INFO] [1782503448.119028161] [self_driving]: [1;33m469[0m[0m
[self_driving-10] [0m[INFO] [1782503448.120901754] [self_driving]: DEBUG_DRIVE lane_x=269.0, linear=0.15, linear_y=0.00, angular=-0.45, stop=False, crosswalk_distance=469, start_slow_down=True[0m
[self_driving-10] [0m[INFO] [1782503448.171794050] [self_driving]: [1;33m469[0m[0m
[self_driving-10] [0m[INFO] [1782503448.173600476] [self_driving]: DEBUG_DRIVE lane_x=302.0, linear=0.15, linear_y=0.00, angular=-0.45, stop=False, crosswalk_distance=469, start_slow_down=True[0m
[self_driving-10] [0m[INFO] [1782503448.250139735] [self_driving]: [1;33m469[0m[0m
[self_driving-10] [0m[INFO] [1782503448.251846235] [self_driving]: DEBUG_DRIVE lane_x=77.0, linear=0.15, linear_y=0.00, angular=0.00, stop=False, crosswalk_distance=469, start_slow_down=True[0m
[self_driving-10] [0m[INFO] [1782503448.323339291] [self_driving]: [1;33m469[0m[0m
[self_driving-10] [0m[INFO] [1782503448.324755328] [self_driving]: DEBUG_DRIVE lane_x=292.0, linear=0.15, linear_y=0.00, angular=-0.45, stop=False, crosswalk_distance=469, start_slow_down=True[0m
[self_driving-10] [0m[INFO] [1782503448.399510198] [self_driving]: [1;33m469[0m[0m
[self_driving-10] [0m[INFO] [1782503448.400872939] [self_driving]: DEBUG_DRIVE lane_x=302.5, linear=0.15, linear_y=0.00, angular=-0.45, stop=False, crosswalk_distance=469, start_slow_down=True[0m
[self_driving-10] [0m[INFO] [1782503448.441927661] [self_driving]: [1;33m469[0m[0m
[self_driving-10] [0m[INFO] [1782503448.443450105] [self_driving]: DEBUG_DRIVE lane_x=136.5, linear=0.15, linear_y=0.00, angular=0.00, stop=False, crosswalk_distance=469, start_slow_down=True[0m
[self_driving-10] [0m[INFO] [1782503448.515280013] [self_driving]: [1;33m469[0m[0m
[self_driving-10] [0m[INFO] [1782503448.519914309] [self_driving]: DEBUG_DRIVE lane_x=143.0, linear=0.15, linear_y=0.00, angular=0.00, stop=False, crosswalk_distance=469, start_slow_down=True[0m
[self_driving-10] [0m[INFO] [1782503448.576082939] [self_driving]: [1;33m469[0m[0m
[self_driving-10] [0m[INFO] [1782503448.582384494] [self_driving]: DEBUG_DRIVE lane_x=159.5, linear=0.15, linear_y=0.00, angular=0.00, stop=False, crosswalk_distance=469, start_slow_down=True[0m
[self_driving-10] [0m[INFO] [1782503448.651654679] [self_driving]: [1;33m469[0m[0m
[self_driving-10] [0m[INFO] [1782503448.653003531] [self_driving]: DEBUG_DRIVE lane_x=159.5, linear=0.15, linear_y=0.00, angular=0.00, stop=False, crosswalk_distance=469, start_slow_down=True[0m
[self_driving-10] [0m[INFO] [1782503448.703473902] [self_driving]: [1;33m469[0m[0m
[self_driving-10] [0m[INFO] [1782503448.705970087] [self_driving]: DEBUG_DRIVE lane_x=168.0, linear=0.15, linear_y=0.00, angular=0.00, stop=False, crosswalk_distance=469, start_slow_down=True[0m
[self_driving-10] [0m[INFO] [1782503448.779799216] [self_driving]: [1;33m469[0m[0m
[self_driving-10] [0m[INFO] [1782503448.788828920] [self_driving]: DEBUG_DRIVE lane_x=187.0, linear=0.15, linear_y=0.00, angular=0.00, stop=False, crosswalk_distance=469, start_slow_down=True[0m
[self_driving-10] [0m[INFO] [1782503448.847242253] [self_driving]: [1;33m469[0m[0m
[self_driving-10] [0m[INFO] [1782503448.848680383] [self_driving]: DEBUG_DRIVE lane_x=211.5, linear=0.15, linear_y=0.00, angular=-0.45, stop=False, crosswalk_distance=469, start_slow_down=True[0m
[self_driving-10] [0m[INFO] [1782503448.910997642] [self_driving]: [1;33m469[0m[0m
[self_driving-10] [0m[INFO] [1782503448.913454939] [self_driving]: DEBUG_DRIVE lane_x=231.5, linear=0.15, linear_y=0.00, angular=-0.45, stop=False, crosswalk_distance=469, start_slow_down=True[0m
[self_driving-10] [0m[INFO] [1782503448.979776846] [self_driving]: [1;33m469[0m[0m
[self_driving-10] [0m[INFO] [1782503448.980768864] [self_driving]: DEBUG_DRIVE lane_x=247.0, linear=0.15, linear_y=0.00, angular=-0.45, stop=False, crosswalk_distance=469, start_slow_down=True[0m
[self_driving-10] [0m[INFO] [1782503449.052367013] [self_driving]: [1;33m469[0m[0m
[self_driving-10] [0m[INFO] [1782503449.054060975] [self_driving]: DEBUG_DRIVE lane_x=256.5, linear=0.15, linear_y=0.00, angular=-0.45, stop=False, crosswalk_distance=469, start_slow_down=False[0m
[self_driving-10] [0m[INFO] [1782503449.113575013] [self_driving]: [1;33m469[0m[0m
[self_driving-10] [0m[INFO] [1782503449.114946753] [self_driving]: DEBUG_DRIVE lane_x=271.5, linear=0.15, linear_y=0.00, angular=-0.45, stop=False, crosswalk_distance=469, start_slow_down=False[0m
[self_driving-10] [0m[INFO] [1782503449.221730420] [self_driving]: [1;33m469[0m[0m
[self_driving-10] [0m[INFO] [1782503449.227593068] [self_driving]: DEBUG_DRIVE lane_x=290.5, linear=0.15, linear_y=0.00, angular=-0.45, stop=False, crosswalk_distance=469, start_slow_down=False[0m
[self_driving-10] [0m[INFO] [1782503449.266362716] [self_driving]: [1;33m469[0m[0m
[self_driving-10] [0m[INFO] [1782503449.267699512] [self_driving]: DEBUG_DRIVE lane_x=296.0, linear=0.15, linear_y=0.00, angular=-0.45, stop=False, crosswalk_distance=469, start_slow_down=True[0m
[self_driving-10] [0m[INFO] [1782503449.308506086] [self_driving]: [1;33m469[0m[0m
[self_driving-10] [0m[INFO] [1782503449.312618401] [self_driving]: DEBUG_DRIVE lane_x=303.0, linear=0.15, linear_y=0.00, angular=-0.45, stop=False, crosswalk_distance=469, start_slow_down=True[0m
[self_driving-10] [0m[INFO] [1782503449.388740235] [self_driving]: [1;33m469[0m[0m
[self_driving-10] [0m[INFO] [1782503449.390804827] [self_driving]: DEBUG_DRIVE lane_x=307.0, linear=0.15, linear_y=0.00, angular=-0.45, stop=False, crosswalk_distance=469, start_slow_down=True[0m
[self_driving-10] [0m[INFO] [1782503449.457476660] [self_driving]: [1;33m469[0m[0m
[self_driving-10] [0m[INFO] [1782503449.458513012] [self_driving]: DEBUG_DRIVE lane_x=309.0, linear=0.15, linear_y=0.00, angular=-0.45, stop=False, crosswalk_distance=469, start_slow_down=True[0m
[self_driving-10] [0m[INFO] [1782503449.518338123] [self_driving]: [1;33m469[0m[0m
[self_driving-10] [0m[INFO] [1782503449.519615401] [self_driving]: DEBUG_DRIVE lane_x=195.0, linear=0.15, linear_y=0.00, angular=0.00, stop=False, crosswalk_distance=469, start_slow_down=True[0m
[self_driving-10] [0m[INFO] [1782503449.601295938] [self_driving]: [1;33m469[0m[0m
[self_driving-10] [0m[INFO] [1782503449.622310234] [self_driving]: DEBUG_DRIVE lane_x=213.5, linear=0.15, linear_y=0.00, angular=-0.45, stop=False, crosswalk_distance=469, start_slow_down=True[0m
[self_driving-10] [0m[INFO] [1782503449.680379068] [self_driving]: [1;33m469[0m[0m
[self_driving-10] [0m[INFO] [1782503449.681949790] [self_driving]: DEBUG_DRIVE lane_x=223.5, linear=0.15, linear_y=0.00, angular=-0.45, stop=False, crosswalk_distance=469, start_slow_down=True[0m
[self_driving-10] [0m[INFO] [1782503449.716079697] [self_driving]: [1;33m469[0m[0m
[self_driving-10] [0m[INFO] [1782503449.717767290] [self_driving]: DEBUG_DRIVE lane_x=237.0, linear=0.15, linear_y=0.00, angular=-0.45, stop=False, crosswalk_distance=469, start_slow_down=True[0m
[self_driving-10] [0m[INFO] [1782503449.778778605] [self_driving]: [1;33m469[0m[0m
[self_driving-10] [0m[INFO] [1782503449.780116123] [self_driving]: DEBUG_DRIVE lane_x=248.0, linear=0.15, linear_y=0.00, angular=-0.45, stop=False, crosswalk_distance=469, start_slow_down=True[0m
[self_driving-10] [0m[INFO] [1782503449.861161494] [self_driving]: [1;33m469[0m[0m
[self_driving-10] [0m[INFO] [1782503449.862226253] [self_driving]: DEBUG_DRIVE lane_x=252.0, linear=0.15, linear_y=0.00, angular=-0.45, stop=False, crosswalk_distance=469, start_slow_down=True[0m
[self_driving-10] [0m[INFO] [1782503449.921217031] [self_driving]: [1;33m469[0m[0m
[self_driving-10] [0m[INFO] [1782503449.922390160] [self_driving]: DEBUG_DRIVE lane_x=254.5, linear=0.15, linear_y=0.00, angular=-0.45, stop=False, crosswalk_distance=469, start_slow_down=True[0m
[ekf_node-8] Failed to meet update rate! Took 0.015212332999999999758seconds. Try decreasing the rate, limiting sensor output frequency, or limiting the number of sensors.
[self_driving-10] [0m[INFO] [1782503450.005045086] [self_driving]: [1;33m469[0m[0m
[self_driving-10] [0m[INFO] [1782503450.009898253] [self_driving]: DEBUG_DRIVE lane_x=259.5, linear=0.15, linear_y=0.00, angular=-0.45, stop=False, crosswalk_distance=469, start_slow_down=True[0m
[self_driving-10] [0m[INFO] [1782503450.044232364] [self_driving]: [1;33m469[0m[0m
[self_driving-10] [0m[INFO] [1782503450.046308049] [self_driving]: DEBUG_DRIVE lane_x=262.0, linear=0.15, linear_y=0.00, angular=-0.45, stop=False, crosswalk_distance=469, start_slow_down=True[0m
[self_driving-10] [0m[INFO] [1782503450.119403549] [self_driving]: [1;33m469[0m[0m
[self_driving-10] [0m[INFO] [1782503450.121679197] [self_driving]: DEBUG_DRIVE lane_x=266.5, linear=0.15, linear_y=0.00, angular=-0.45, stop=False, crosswalk_distance=469, start_slow_down=True[0m
[self_driving-10] [0m[INFO] [1782503450.179654753] [self_driving]: [1;33m469[0m[0m
[self_driving-10] [0m[INFO] [1782503450.182316438] [self_driving]: DEBUG_DRIVE lane_x=267.5, linear=0.15, linear_y=0.00, angular=-0.45, stop=False, crosswalk_distance=469, start_slow_down=True[0m
[self_driving-10] [0m[INFO] [1782503450.250331993] [self_driving]: [1;33m469[0m[0m
[self_driving-10] [0m[INFO] [1782503450.251561919] [self_driving]: DEBUG_DRIVE lane_x=265.0, linear=0.15, linear_y=0.00, angular=-0.45, stop=False, crosswalk_distance=469, start_slow_down=True[0m
[self_driving-10] [0m[INFO] [1782503450.321421604] [self_driving]: [1;33m469[0m[0m
[self_driving-10] [0m[INFO] [1782503450.322544141] [self_driving]: DEBUG_DRIVE lane_x=263.5, linear=0.15, linear_y=0.00, angular=-0.45, stop=False, crosswalk_distance=469, start_slow_down=True[0m
[self_driving-10] [0m[INFO] [1782503450.428588512] [self_driving]: [1;33m469[0m[0m
[self_driving-10] [0m[INFO] [1782503450.433777864] [self_driving]: DEBUG_DRIVE lane_x=313.5, linear=0.15, linear_y=0.00, angular=-0.45, stop=False, crosswalk_distance=469, start_slow_down=True[0m
[self_driving-10] [0m[INFO] [1782503450.465738864] [self_driving]: [1;33m469[0m[0m
[self_driving-10] [0m[INFO] [1782503450.467708456] [self_driving]: DEBUG_DRIVE lane_x=307.0, linear=0.15, linear_y=0.00, angular=-0.45, stop=False, crosswalk_distance=469, start_slow_down=True[0m
[self_driving-10] [0m[INFO] [1782503450.536122012] [self_driving]: [1;33m469[0m[0m
[self_driving-10] [0m[INFO] [1782503450.537275178] [self_driving]: DEBUG_DRIVE lane_x=306.0, linear=0.15, linear_y=0.00, angular=-0.45, stop=False, crosswalk_distance=469, start_slow_down=True[0m
[self_driving-10] [0m[INFO] [1782503450.595572141] [self_driving]: [1;33m469[0m[0m
[self_driving-10] [0m[INFO] [1782503450.598888512] [self_driving]: DEBUG_DRIVE lane_x=300.0, linear=0.15, linear_y=0.00, angular=-0.45, stop=False, crosswalk_distance=469, start_slow_down=True[0m
[self_driving-10] [0m[INFO] [1782503450.661178771] [self_driving]: [1;33m469[0m[0m
[self_driving-10] [0m[INFO] [1782503450.664700678] [self_driving]: DEBUG_DRIVE lane_x=287.5, linear=0.15, linear_y=0.00, angular=-0.45, stop=False, crosswalk_distance=469, start_slow_down=True[0m
[self_driving-10] [0m[INFO] [1782503450.718525641] [self_driving]: [1;33m469[0m[0m
[self_driving-10] [0m[INFO] [1782503450.719798900] [self_driving]: DEBUG_DRIVE lane_x=278.0, linear=0.15, linear_y=0.00, angular=-0.45, stop=False, crosswalk_distance=469, start_slow_down=True[0m
[self_driving-10] [0m[INFO] [1782503450.820727067] [self_driving]: [1;33m469[0m[0m
[self_driving-10] [0m[INFO] [1782503450.823386197] [self_driving]: DEBUG_DRIVE lane_x=271.0, linear=0.15, linear_y=0.00, angular=-0.45, stop=False, crosswalk_distance=469, start_slow_down=True[0m
[self_driving-10] [0m[INFO] [1782503450.866355419] [self_driving]: [1;33m469[0m[0m
[self_driving-10] [0m[INFO] [1782503450.869678511] [self_driving]: DEBUG_DRIVE lane_x=269.5, linear=0.15, linear_y=0.00, angular=-0.45, stop=False, crosswalk_distance=469, start_slow_down=True[0m
[self_driving-10] [0m[INFO] [1782503450.925358937] [self_driving]: [1;33m469[0m[0m
[self_driving-10] [0m[INFO] [1782503450.926505826] [self_driving]: DEBUG_DRIVE lane_x=277.5, linear=0.15, linear_y=0.00, angular=-0.45, stop=False, crosswalk_distance=469, start_slow_down=True[0m
[self_driving-10] [0m[INFO] [1782503450.999466919] [self_driving]: [1;33m469[0m[0m
[self_driving-10] [0m[INFO] [1782503451.001459845] [self_driving]: DEBUG_DRIVE lane_x=274.0, linear=0.15, linear_y=0.00, angular=-0.45, stop=False, crosswalk_distance=469, start_slow_down=True[0m
[self_driving-10] [0m[INFO] [1782503451.053156437] [self_driving]: [1;33m469[0m[0m
[self_driving-10] [0m[INFO] [1782503451.055728882] [self_driving]: DEBUG_DRIVE lane_x=308.5, linear=0.15, linear_y=0.00, angular=-0.45, stop=False, crosswalk_distance=469, start_slow_down=True[0m
[self_driving-10] [0m[INFO] [1782503451.131244326] [self_driving]: [1;33m469[0m[0m
[self_driving-10] [0m[INFO] [1782503451.136004419] [self_driving]: DEBUG_DRIVE lane_x=297.5, linear=0.15, linear_y=0.00, angular=-0.45, stop=False, crosswalk_distance=469, start_slow_down=True[0m
[self_driving-10] [0m[INFO] [1782503451.215078808] [self_driving]: [1;33m469[0m[0m
[self_driving-10] [0m[INFO] [1782503451.217818122] [self_driving]: DEBUG_DRIVE lane_x=291.0, linear=0.15, linear_y=0.00, angular=-0.45, stop=False, crosswalk_distance=469, start_slow_down=True[0m
[self_driving-10] [0m[INFO] [1782503451.259942770] [self_driving]: [1;33m469[0m[0m
[self_driving-10] [0m[INFO] [1782503451.261868715] [self_driving]: DEBUG_DRIVE lane_x=282.5, linear=0.15, linear_y=0.00, angular=-0.45, stop=False, crosswalk_distance=469, start_slow_down=True[0m
[self_driving-10] [0m[INFO] [1782503451.324983270] [self_driving]: [1;33m469[0m[0m
[self_driving-10] [0m[INFO] [1782503451.325956993] [self_driving]: DEBUG_DRIVE lane_x=272.0, linear=0.15, linear_y=0.00, angular=-0.45, stop=False, crosswalk_distance=469, start_slow_down=True[0m
[self_driving-10] [0m[INFO] [1782503451.404039178] [self_driving]: [1;33m469[0m[0m
[self_driving-10] [0m[INFO] [1782503451.405617270] [self_driving]: DEBUG_DRIVE lane_x=252.5, linear=0.15, linear_y=0.00, angular=-0.45, stop=False, crosswalk_distance=469, start_slow_down=True[0m
[self_driving-10] [0m[INFO] [1782503451.482401233] [self_driving]: [1;33m469[0m[0m
[self_driving-10] [0m[INFO] [1782503451.484064696] [self_driving]: DEBUG_DRIVE lane_x=232.5, linear=0.15, linear_y=0.00, angular=-0.45, stop=False, crosswalk_distance=469, start_slow_down=True[0m
[self_driving-10] [0m[INFO] [1782503451.536288826] [self_driving]: [1;33m469[0m[0m
[self_driving-10] [0m[INFO] [1782503451.537707900] [self_driving]: DEBUG_DRIVE lane_x=212.0, linear=0.15, linear_y=0.00, angular=-0.45, stop=False, crosswalk_distance=469, start_slow_down=True[0m
[self_driving-10] [0m[INFO] [1782503451.625407455] [self_driving]: [1;33m469[0m[0m
[self_driving-10] [0m[INFO] [1782503451.627931104] [self_driving]: DEBUG_DRIVE lane_x=190.5, linear=0.15, linear_y=0.00, angular=-0.10, stop=False, crosswalk_distance=469, start_slow_down=True[0m
[self_driving-10] [0m[INFO] [1782503451.682269159] [self_driving]: [1;33m469[0m[0m
[self_driving-10] [0m[INFO] [1782503451.685502215] [self_driving]: DEBUG_DRIVE lane_x=176.0, linear=0.15, linear_y=0.00, angular=-0.10, stop=False, crosswalk_distance=469, start_slow_down=True[0m
[self_driving-10] [0m[INFO] [1782503451.737006863] [self_driving]: [1;33m469[0m[0m
[self_driving-10] [0m[INFO] [1782503451.739449381] [self_driving]: DEBUG_DRIVE lane_x=159.5, linear=0.15, linear_y=0.00, angular=-0.10, stop=False, crosswalk_distance=469, start_slow_down=True[0m
[self_driving-10] [0m[INFO] [1782503451.811281622] [self_driving]: [1;33m469[0m[0m
[self_driving-10] [0m[INFO] [1782503451.812804159] [self_driving]: DEBUG_DRIVE lane_x=139.0, linear=0.15, linear_y=0.00, angular=0.10, stop=False, crosswalk_distance=469, start_slow_down=True[0m
[self_driving-10] [0m[INFO] [1782503451.863887233] [self_driving]: [1;33m469[0m[0m
[self_driving-10] [0m[INFO] [1782503451.865274659] [self_driving]: DEBUG_DRIVE lane_x=138.5, linear=0.15, linear_y=0.00, angular=-0.10, stop=False, crosswalk_distance=469, start_slow_down=True[0m
[self_driving-10] [0m[INFO] [1782503451.928723289] [self_driving]: objects=1[0m
[self_driving-10] [0m[INFO] [1782503451.930581196] [self_driving]: [DET] crosswalk: cx=579, cy=199, box=array('i', [519, 195, 640, 204]), score=0.85[0m
[self_driving-10] [0m[INFO] [1782503451.940842066] [self_driving]: objects=1[0m
[self_driving-10] [0m[INFO] [1782503451.944051863] [self_driving]: [DET] crosswalk: cx=584, cy=181, box=array('i', [533, 178, 636, 184]), score=0.57[0m
[self_driving-10] [0m[INFO] [1782503451.958542103] [self_driving]: [1;33m181[0m[0m
[self_driving-10] [0m[INFO] [1782503451.961824881] [self_driving]: DEBUG_DRIVE lane_x=131.0, linear=0.15, linear_y=0.00, angular=0.10, stop=False, crosswalk_distance=181, start_slow_down=False[0m
[self_driving-10] [0m[INFO] [1782503452.013936826] [self_driving]: [1;33m181[0m[0m
[self_driving-10] [0m[INFO] [1782503452.015550511] [self_driving]: DEBUG_DRIVE lane_x=136.0, linear=0.15, linear_y=0.00, angular=-0.10, stop=False, crosswalk_distance=181, start_slow_down=False[0m
[self_driving-10] [0m[INFO] [1782503452.077406122] [self_driving]: [1;33m181[0m[0m
[self_driving-10] [0m[INFO] [1782503452.080778603] [self_driving]: DEBUG_DRIVE lane_x=129.0, linear=0.15, linear_y=0.00, angular=0.10, stop=False, crosswalk_distance=181, start_slow_down=False[0m
[self_driving-10] [0m[INFO] [1782503452.146466788] [self_driving]: [1;33m181[0m[0m
[self_driving-10] [0m[INFO] [1782503452.147984029] [self_driving]: DEBUG_DRIVE lane_x=128.0, linear=0.15, linear_y=0.00, angular=0.10, stop=False, crosswalk_distance=181, start_slow_down=True[0m
[self_driving-10] [0m[INFO] [1782503452.195564696] [self_driving]: [1;33m181[0m[0m
[self_driving-10] [0m[INFO] [1782503452.197638640] [self_driving]: DEBUG_DRIVE lane_x=130.0, linear=0.15, linear_y=0.00, angular=-0.10, stop=False, crosswalk_distance=181, start_slow_down=True[0m
[self_driving-10] [0m[INFO] [1782503452.276926548] [self_driving]: [1;33m181[0m[0m
[self_driving-10] [0m[INFO] [1782503452.278692714] [self_driving]: DEBUG_DRIVE lane_x=132.0, linear=0.15, linear_y=0.00, angular=-0.10, stop=False, crosswalk_distance=181, start_slow_down=True[0m
[self_driving-10] [0m[INFO] [1782503452.309579733] [self_driving]: objects=1[0m
[self_driving-10] [0m[INFO] [1782503452.310856918] [self_driving]: [DET] crosswalk: cx=514, cy=201, box=array('i', [409, 196, 620, 206]), score=0.82[0m
[self_driving-10] [0m[INFO] [1782503452.314079548] [self_driving]: objects=1[0m
[self_driving-10] [0m[INFO] [1782503452.315123455] [self_driving]: [DET] crosswalk: cx=492, cy=181, box=array('i', [425, 178, 559, 184]), score=0.67[0m
[self_driving-10] [0m[INFO] [1782503452.358850899] [self_driving]: [1;33m181[0m[0m
[self_driving-10] [0m[INFO] [1782503452.364065733] [self_driving]: DEBUG_DRIVE lane_x=133.5, linear=0.15, linear_y=0.00, angular=-0.10, stop=False, crosswalk_distance=181, start_slow_down=True[0m
[self_driving-10] [0m[INFO] [1782503452.421672492] [self_driving]: [1;33m181[0m[0m
[self_driving-10] [0m[INFO] [1782503452.423514492] [self_driving]: DEBUG_DRIVE lane_x=129.0, linear=0.15, linear_y=0.00, angular=0.10, stop=False, crosswalk_distance=181, start_slow_down=True[0m
[self_driving-10] [0m[INFO] [1782503452.474217233] [self_driving]: [1;33m181[0m[0m
[self_driving-10] [0m[INFO] [1782503452.476732733] [self_driving]: DEBUG_DRIVE lane_x=126.5, linear=0.15, linear_y=0.00, angular=0.10, stop=False, crosswalk_distance=181, start_slow_down=True[0m
[self_driving-10] [0m[INFO] [1782503452.548249547] [self_driving]: [1;33m181[0m[0m
[self_driving-10] [0m[INFO] [1782503452.550830547] [self_driving]: DEBUG_DRIVE lane_x=124.0, linear=0.15, linear_y=0.00, angular=0.10, stop=False, crosswalk_distance=181, start_slow_down=True[0m
[self_driving-10] [0m[INFO] [1782503452.609596603] [self_driving]: [1;33m181[0m[0m
[self_driving-10] [0m[INFO] [1782503452.612305362] [self_driving]: DEBUG_DRIVE lane_x=125.0, linear=0.15, linear_y=0.00, angular=0.10, stop=False, crosswalk_distance=181, start_slow_down=True[0m
[self_driving-10] [0m[INFO] [1782503452.680379955] [self_driving]: [1;33m181[0m[0m
[self_driving-10] [0m[INFO] [1782503452.681911677] [self_driving]: DEBUG_DRIVE lane_x=128.0, linear=0.15, linear_y=0.00, angular=-0.10, stop=False, crosswalk_distance=181, start_slow_down=True[0m
[self_driving-10] [0m[INFO] [1782503452.690325251] [self_driving]: objects=1[0m
[self_driving-10] [0m[INFO] [1782503452.690823529] [self_driving]: [DET] crosswalk: cx=397, cy=179, box=array('i', [332, 176, 463, 183]), score=0.80[0m
[self_driving-10] [0m[INFO] [1782503452.693318584] [self_driving]: objects=1[0m
[self_driving-10] [0m[INFO] [1782503452.695694621] [self_driving]: [DET] crosswalk: cx=422, cy=201, box=array('i', [319, 195, 526, 207]), score=0.79[0m
[self_driving-10] [0m[INFO] [1782503452.701234251] [self_driving]: objects=1[0m
[self_driving-10] [0m[INFO] [1782503452.702031918] [self_driving]: [DET] park: cx=306, cy=134, box=array('i', [296, 124, 316, 145]), score=0.73[0m
[self_driving-10] [0m[INFO] [1782503452.758738547] [self_driving]: [1;33m0[0m[0m
[self_driving-10] [0m[INFO] [1782503452.759923677] [self_driving]: DEBUG_DRIVE lane_x=130.0, linear=0.15, linear_y=0.00, angular=-0.10, stop=False, crosswalk_distance=0, start_slow_down=True[0m
[self_driving-10] [0m[INFO] [1782503452.820965529] [self_driving]: [1;33m0[0m[0m
[self_driving-10] [0m[INFO] [1782503452.824174362] [self_driving]: DEBUG_DRIVE lane_x=133.0, linear=0.15, linear_y=0.00, angular=-0.10, stop=False, crosswalk_distance=0, start_slow_down=True[0m
[self_driving-10] [0m[INFO] [1782503452.869032881] [self_driving]: [1;33m0[0m[0m
[self_driving-10] [0m[INFO] [1782503452.872736584] [self_driving]: DEBUG_DRIVE lane_x=128.5, linear=0.15, linear_y=0.00, angular=0.10, stop=False, crosswalk_distance=0, start_slow_down=True[0m
[self_driving-10] [0m[INFO] [1782503452.952950788] [self_driving]: [1;33m0[0m[0m
[self_driving-10] [0m[INFO] [1782503452.955536288] [self_driving]: DEBUG_DRIVE lane_x=127.5, linear=0.15, linear_y=0.00, angular=0.10, stop=False, crosswalk_distance=0, start_slow_down=True[0m
[self_driving-10] [0m[INFO] [1782503452.999222288] [self_driving]: [1;33m0[0m[0m
[self_driving-10] [0m[INFO] [1782503453.001963121] [self_driving]: DEBUG_DRIVE lane_x=124.0, linear=0.15, linear_y=0.00, angular=0.10, stop=False, crosswalk_distance=0, start_slow_down=True[0m
[self_driving-10] [0m[INFO] [1782503453.080404881] [self_driving]: [1;33m0[0m[0m
[self_driving-10] [0m[INFO] [1782503453.082807603] [self_driving]: DEBUG_DRIVE lane_x=126.5, linear=0.15, linear_y=0.00, angular=0.10, stop=False, crosswalk_distance=0, start_slow_down=True[0m
[self_driving-10] [0m[INFO] [1782503453.141114029] [self_driving]: objects=1[0m
[self_driving-10] [0m[INFO] [1782503453.141845066] [self_driving]: [DET] crosswalk: cx=357, cy=181, box=array('i', [291, 178, 424, 185]), score=0.73[0m
[self_driving-10] [0m[INFO] [1782503453.150302658] [self_driving]: [1;33m181[0m[0m
[self_driving-10] [0m[INFO] [1782503453.163672362] [self_driving]: DEBUG_DRIVE lane_x=130.5, linear=0.15, linear_y=0.00, angular=-0.10, stop=False, crosswalk_distance=181, start_slow_down=True[0m
[self_driving-10] [0m[INFO] [1782503453.222527880] [self_driving]: [1;33m181[0m[0m
[self_driving-10] [0m[INFO] [1782503453.225191880] [self_driving]: DEBUG_DRIVE lane_x=133.0, linear=0.15, linear_y=0.00, angular=-0.10, stop=False, crosswalk_distance=181, start_slow_down=True[0m
[self_driving-10] [0m[INFO] [1782503453.280851436] [self_driving]: [1;33m181[0m[0m
[self_driving-10] [0m[INFO] [1782503453.284667547] [self_driving]: DEBUG_DRIVE lane_x=141.0, linear=0.15, linear_y=0.00, angular=-0.10, stop=False, crosswalk_distance=181, start_slow_down=True[0m
[self_driving-10] [0m[INFO] [1782503453.351045621] [self_driving]: [1;33m181[0m[0m
[self_driving-10] [0m[INFO] [1782503453.352243621] [self_driving]: DEBUG_DRIVE lane_x=143.5, linear=0.15, linear_y=0.00, angular=-0.10, stop=False, crosswalk_distance=181, start_slow_down=True[0m
[self_driving-10] [0m[INFO] [1782503453.408464862] [self_driving]: [1;33m181[0m[0m
[self_driving-10] [0m[INFO] [1782503453.410287232] [self_driving]: DEBUG_DRIVE lane_x=143.0, linear=0.15, linear_y=0.00, angular=-0.10, stop=False, crosswalk_distance=181, start_slow_down=True[0m
[self_driving-10] [0m[INFO] [1782503453.472845102] [self_driving]: [1;33m181[0m[0m
[self_driving-10] [0m[INFO] [1782503453.474747825] [self_driving]: DEBUG_DRIVE lane_x=145.5, linear=0.15, linear_y=0.00, angular=-0.10, stop=False, crosswalk_distance=181, start_slow_down=True[0m
[self_driving-10] [0m[INFO] [1782503453.502370269] [self_driving]: objects=1[0m
[self_driving-10] [0m[INFO] [1782503453.502989658] [self_driving]: [DET] go: cx=252, cy=134, box=array('i', [244, 123, 260, 145]), score=0.88[0m
[self_driving-10] [0m[INFO] [1782503453.504842473] [self_driving]: objects=1[0m
[self_driving-10] [0m[INFO] [1782503453.505779936] [self_driving]: [DET] crosswalk: cx=378, cy=208, box=array('i', [261, 202, 495, 215]), score=0.83[0m
[self_driving-10] [0m[INFO] [1782503453.514185565] [self_driving]: objects=1[0m
[self_driving-10] [0m[INFO] [1782503453.520564158] [self_driving]: [DET] crosswalk: cx=354, cy=183, box=array('i', [285, 180, 424, 186]), score=0.70[0m
[self_driving-10] [0m[INFO] [1782503453.562093473] [self_driving]: [1;33m183[0m[0m
[self_driving-10] [0m[INFO] [1782503453.564178306] [self_driving]: DEBUG_DRIVE lane_x=138.5, linear=0.15, linear_y=0.00, angular=-0.10, stop=False, crosswalk_distance=183, start_slow_down=True[0m
[self_driving-10] [0m[INFO] [1782503453.635081510] [self_driving]: [1;33m183[0m[0m
[self_driving-10] [0m[INFO] [1782503453.636150788] [self_driving]: DEBUG_DRIVE lane_x=138.5, linear=0.15, linear_y=0.00, angular=-0.10, stop=False, crosswalk_distance=183, start_slow_down=True[0m
[self_driving-10] [0m[INFO] [1782503453.675338825] [self_driving]: [1;33m183[0m[0m
[self_driving-10] [0m[INFO] [1782503453.676908936] [self_driving]: DEBUG_DRIVE lane_x=133.5, linear=0.15, linear_y=0.00, angular=0.10, stop=False, crosswalk_distance=183, start_slow_down=True[0m
[self_driving-10] [0m[INFO] [1782503453.749733102] [self_driving]: [1;33m183[0m[0m
[self_driving-10] [0m[INFO] [1782503453.751013750] [self_driving]: DEBUG_DRIVE lane_x=129.0, linear=0.15, linear_y=0.00, angular=0.10, stop=False, crosswalk_distance=183, start_slow_down=True[0m
[self_driving-10] [0m[INFO] [1782503453.811851028] [self_driving]: [1;33m183[0m[0m
[self_driving-10] [0m[INFO] [1782503453.814220250] [self_driving]: DEBUG_DRIVE lane_x=123.0, linear=0.15, linear_y=0.00, angular=0.10, stop=False, crosswalk_distance=183, start_slow_down=True[0m
[self_driving-10] [0m[INFO] [1782503453.880837436] [self_driving]: [1;33m183[0m[0m
[self_driving-10] [0m[INFO] [1782503453.882152732] [self_driving]: DEBUG_DRIVE lane_x=122.5, linear=0.15, linear_y=0.00, angular=0.10, stop=False, crosswalk_distance=183, start_slow_down=True[0m
[self_driving-10] [0m[INFO] [1782503453.910753213] [self_driving]: objects=1[0m
[self_driving-10] [0m[INFO] [1782503453.912003769] [self_driving]: [DET] go: cx=257, cy=134, box=array('i', [249, 123, 265, 146]), score=0.87[0m
[self_driving-10] [0m[INFO] [1782503453.916501343] [self_driving]: objects=1[0m
[self_driving-10] [0m[INFO] [1782503453.923404676] [self_driving]: [DET] crosswalk: cx=364, cy=185, box=array('i', [294, 182, 435, 189]), score=0.81[0m
[self_driving-10] [0m[INFO] [1782503453.959866584] [self_driving]: [1;33m185[0m[0m
[self_driving-10] [0m[INFO] [1782503453.960968602] [self_driving]: DEBUG_DRIVE lane_x=121.5, linear=0.15, linear_y=0.00, angular=0.10, stop=False, crosswalk_distance=185, start_slow_down=True[0m
[self_driving-10] [0m[INFO] [1782503454.048275750] [self_driving]: [1;33m185[0m[0m
[self_driving-10] [0m[INFO] [1782503454.051835287] [self_driving]: DEBUG_DRIVE lane_x=125.5, linear=0.15, linear_y=0.00, angular=0.10, stop=False, crosswalk_distance=185, start_slow_down=True[0m
[self_driving-10] [0m[INFO] [1782503454.086471195] [self_driving]: [1;33m185[0m[0m
[self_driving-10] [0m[INFO] [1782503454.091505917] [self_driving]: DEBUG_DRIVE lane_x=130.0, linear=0.15, linear_y=0.00, angular=-0.10, stop=False, crosswalk_distance=185, start_slow_down=True[0m
[self_driving-10] [0m[INFO] [1782503454.154464324] [self_driving]: [1;33m185[0m[0m
[self_driving-10] [0m[INFO] [1782503454.155738158] [self_driving]: DEBUG_DRIVE lane_x=132.5, linear=0.15, linear_y=0.00, angular=-0.10, stop=False, crosswalk_distance=185, start_slow_down=True[0m
[self_driving-10] [0m[INFO] [1782503454.214538639] [self_driving]: [1;33m185[0m[0m
[self_driving-10] [0m[INFO] [1782503454.216307306] [self_driving]: DEBUG_DRIVE lane_x=140.5, linear=0.15, linear_y=0.00, angular=-0.10, stop=False, crosswalk_distance=185, start_slow_down=True[0m
[self_driving-10] [0m[INFO] [1782503454.297175843] [self_driving]: [1;33m185[0m[0m
[self_driving-10] [0m[INFO] [1782503454.298854806] [self_driving]: DEBUG_DRIVE lane_x=138.5, linear=0.15, linear_y=0.00, angular=-0.10, stop=False, crosswalk_distance=185, start_slow_down=True[0m
[self_driving-10] [0m[INFO] [1782503454.362464620] [self_driving]: [1;33m185[0m[0m
[self_driving-10] [0m[INFO] [1782503454.365869528] [self_driving]: DEBUG_DRIVE lane_x=139.5, linear=0.15, linear_y=0.00, angular=-0.10, stop=False, crosswalk_distance=185, start_slow_down=True[0m
[self_driving-10] [0m[INFO] [1782503454.387515676] [self_driving]: objects=1[0m
[self_driving-10] [0m[INFO] [1782503454.388077972] [self_driving]: [DET] go: cx=265, cy=134, box=array('i', [257, 122, 274, 146]), score=0.86[0m
[self_driving-10] [0m[INFO] [1782503454.392021583] [self_driving]: objects=1[0m
[self_driving-10] [0m[INFO] [1782503454.397463139] [self_driving]: [DET] crosswalk: cx=380, cy=187, box=array('i', [304, 183, 456, 191]), score=0.78[0m
[self_driving-10] [0m[INFO] [1782503454.450809546] [self_driving]: [1;33m187[0m[0m
[self_driving-10] [0m[INFO] [1782503454.456079917] [self_driving]: DEBUG_DRIVE lane_x=136.5, linear=0.15, linear_y=0.00, angular=-0.10, stop=False, crosswalk_distance=187, start_slow_down=True[0m
[self_driving-10] [0m[INFO] [1782503454.508767676] [self_driving]: [1;33m187[0m[0m
[self_driving-10] [0m[INFO] [1782503454.512147065] [self_driving]: DEBUG_DRIVE lane_x=133.0, linear=0.15, linear_y=0.00, angular=0.10, stop=False, crosswalk_distance=187, start_slow_down=True[0m
[self_driving-10] [0m[INFO] [1782503454.551065176] [self_driving]: [1;33m187[0m[0m
[self_driving-10] [0m[INFO] [1782503454.552495676] [self_driving]: DEBUG_DRIVE lane_x=131.0, linear=0.15, linear_y=0.00, angular=0.10, stop=False, crosswalk_distance=187, start_slow_down=True[0m
[self_driving-10] [0m[INFO] [1782503454.618978213] [self_driving]: [1;33m187[0m[0m
[self_driving-10] [0m[INFO] [1782503454.620390657] [self_driving]: DEBUG_DRIVE lane_x=125.0, linear=0.15, linear_y=0.00, angular=0.10, stop=False, crosswalk_distance=187, start_slow_down=True[0m
[self_driving-10] [0m[INFO] [1782503454.693018991] [self_driving]: [1;33m187[0m[0m
[self_driving-10] [0m[INFO] [1782503454.695593454] [self_driving]: DEBUG_DRIVE lane_x=129.0, linear=0.15, linear_y=0.00, angular=-0.10, stop=False, crosswalk_distance=187, start_slow_down=True[0m
[self_driving-10] [0m[INFO] [1782503454.752523435] [self_driving]: [1;33m187[0m[0m
[self_driving-10] [0m[INFO] [1782503454.755416657] [self_driving]: DEBUG_DRIVE lane_x=129.0, linear=0.15, linear_y=0.00, angular=0.10, stop=False, crosswalk_distance=187, start_slow_down=True[0m
[self_driving-10] [0m[INFO] [1782503454.799400639] [self_driving]: objects=1[0m
[self_driving-10] [0m[INFO] [1782503454.800901694] [self_driving]: [DET] crosswalk: cx=391, cy=226, box=array('i', [244, 217, 538, 235]), score=0.87[0m
[self_driving-10] [0m[INFO] [1782503454.804488713] [self_driving]: objects=1[0m
[self_driving-10] [0m[INFO] [1782503454.809906287] [self_driving]: [DET] crosswalk: cx=357, cy=190, box=array('i', [277, 186, 437, 194]), score=0.78[0m
[self_driving-10] [0m[INFO] [1782503454.858899120] [self_driving]: [1;33m190[0m[0m
[self_driving-10] [0m[INFO] [1782503454.860439916] [self_driving]: DEBUG_DRIVE lane_x=136.0, linear=0.15, linear_y=0.00, angular=-0.10, stop=False, crosswalk_distance=190, start_slow_down=False[0m
[self_driving-10] [0m[INFO] [1782503454.915279546] [self_driving]: [1;33m190[0m[0m
[self_driving-10] [0m[INFO] [1782503454.917504472] [self_driving]: DEBUG_DRIVE lane_x=132.5, linear=0.15, linear_y=0.00, angular=0.10, stop=False, crosswalk_distance=190, start_slow_down=False[0m
[self_driving-10] [0m[INFO] [1782503454.979162490] [self_driving]: [1;33m190[0m[0m
[self_driving-10] [0m[INFO] [1782503454.980887231] [self_driving]: DEBUG_DRIVE lane_x=135.5, linear=0.15, linear_y=0.00, angular=-0.10, stop=False, crosswalk_distance=190, start_slow_down=False[0m
[self_driving-10] [0m[INFO] [1782503455.015784565] [self_driving]: [1;33m190[0m[0m
[self_driving-10] [0m[INFO] [1782503455.019917305] [self_driving]: DEBUG_DRIVE lane_x=139.0, linear=0.15, linear_y=0.00, angular=-0.10, stop=False, crosswalk_distance=190, start_slow_down=True[0m
[self_driving-10] [0m[INFO] [1782503455.110092509] [self_driving]: [1;33m190[0m[0m
[self_driving-10] [0m[INFO] [1782503455.113381824] [self_driving]: DEBUG_DRIVE lane_x=137.5, linear=0.15, linear_y=0.00, angular=-0.10, stop=False, crosswalk_distance=190, start_slow_down=True[0m
[self_driving-10] [0m[INFO] [1782503455.164705527] [self_driving]: [1;33m190[0m[0m
[self_driving-10] [0m[INFO] [1782503455.168241342] [self_driving]: DEBUG_DRIVE lane_x=135.0, linear=0.15, linear_y=0.00, angular=-0.10, stop=False, crosswalk_distance=190, start_slow_down=True[0m
[self_driving-10] [0m[INFO] [1782503455.235094472] [self_driving]: [1;33m190[0m[0m
[self_driving-10] [0m[INFO] [1782503455.236748250] [self_driving]: DEBUG_DRIVE lane_x=133.0, linear=0.15, linear_y=0.00, angular=-0.10, stop=False, crosswalk_distance=190, start_slow_down=True[0m
[self_driving-10] [0m[INFO] [1782503455.296034916] [self_driving]: objects=1[0m
[self_driving-10] [0m[INFO] [1782503455.302667435] [self_driving]: [1;33m190[0m[0m
[self_driving-10] [0m[INFO] [1782503455.303960713] [self_driving]: DEBUG_DRIVE lane_x=129.5, linear=0.15, linear_y=0.00, angular=0.10, stop=False, crosswalk_distance=190, start_slow_down=True[0m
[self_driving-10] [0m[INFO] [1782503455.310732787] [self_driving]: [DET] crosswalk: cx=372, cy=189, box=array('i', [288, 185, 456, 193]), score=0.81[0m
[self_driving-10] [0m[INFO] [1782503455.390348638] [self_driving]: [1;33m189[0m[0m
[self_driving-10] [0m[INFO] [1782503455.398980249] [self_driving]: DEBUG_DRIVE lane_x=124.5, linear=0.15, linear_y=0.00, angular=0.10, stop=False, crosswalk_distance=189, start_slow_down=True[0m
[self_driving-10] [0m[INFO] [1782503455.430668305] [self_driving]: [1;33m189[0m[0m
[self_driving-10] [0m[INFO] [1782503455.435315342] [self_driving]: DEBUG_DRIVE lane_x=125.5, linear=0.15, linear_y=0.00, angular=0.10, stop=False, crosswalk_distance=189, start_slow_down=True[0m
[self_driving-10] [0m[INFO] [1782503455.505244064] [self_driving]: [1;33m189[0m[0m
[self_driving-10] [0m[INFO] [1782503455.507816749] [self_driving]: DEBUG_DRIVE lane_x=129.0, linear=0.15, linear_y=0.00, angular=-0.10, stop=False, crosswalk_distance=189, start_slow_down=True[0m
[self_driving-10] [0m[INFO] [1782503455.566344231] [self_driving]: [1;33m189[0m[0m
[self_driving-10] [0m[INFO] [1782503455.568889472] [self_driving]: DEBUG_DRIVE lane_x=131.5, linear=0.15, linear_y=0.00, angular=-0.10, stop=False, crosswalk_distance=189, start_slow_down=True[0m
[self_driving-10] [0m[INFO] [1782503455.633875323] [self_driving]: [1;33m189[0m[0m
[self_driving-10] [0m[INFO] [1782503455.637688268] [self_driving]: DEBUG_DRIVE lane_x=135.5, linear=0.15, linear_y=0.00, angular=-0.10, stop=False, crosswalk_distance=189, start_slow_down=True[0m
[self_driving-10] [0m[INFO] [1782503455.701935249] [self_driving]: [1;33m189[0m[0m
[self_driving-10] [0m[INFO] [1782503455.705044212] [self_driving]: DEBUG_DRIVE lane_x=129.0, linear=0.15, linear_y=0.00, angular=0.10, stop=False, crosswalk_distance=189, start_slow_down=True[0m
[self_driving-10] [0m[INFO] [1782503455.720584638] [self_driving]: objects=1[0m
[self_driving-10] [0m[INFO] [1782503455.721052620] [self_driving]: [DET] crosswalk: cx=410, cy=245, box=array('i', [226, 233, 594, 258]), score=0.89[0m
[self_driving-10] [0m[INFO] [1782503455.725326305] [self_driving]: objects=1[0m
[self_driving-10] [0m[INFO] [1782503455.725895249] [self_driving]: [DET] go: cx=234, cy=134, box=array('i', [225, 121, 244, 148]), score=0.86[0m
[self_driving-10] [0m[INFO] [1782503455.731108323] [self_driving]: objects=1[0m
[self_driving-10] [0m[INFO] [1782503455.731844823] [self_driving]: [DET] crosswalk: cx=361, cy=196, box=array('i', [274, 192, 449, 201]), score=0.80[0m
[self_driving-10] [0m[INFO] [1782503455.796125971] [self_driving]: [1;33m196[0m[0m
[self_driving-10] [0m[INFO] [1782503455.800158453] [self_driving]: DEBUG_DRIVE lane_x=130.5, linear=0.15, linear_y=0.00, angular=-0.10, stop=False, crosswalk_distance=196, start_slow_down=True[0m
[self_driving-10] [0m[INFO] [1782503455.830924749] [self_driving]: [1;33m196[0m[0m
[self_driving-10] [0m[INFO] [1782503455.832141527] [self_driving]: DEBUG_DRIVE lane_x=125.0, linear=0.15, linear_y=0.00, angular=0.10, stop=False, crosswalk_distance=196, start_slow_down=True[0m
[self_driving-10] [0m[INFO] [1782503455.913092731] [self_driving]: [1;33m196[0m[0m
[self_driving-10] [0m[INFO] [1782503455.916184453] [self_driving]: DEBUG_DRIVE lane_x=127.0, linear=0.15, linear_y=0.00, angular=0.10, stop=False, crosswalk_distance=196, start_slow_down=True[0m
[self_driving-10] [0m[INFO] [1782503455.966837860] [self_driving]: [1;33m196[0m[0m
[self_driving-10] [0m[INFO] [1782503455.969062934] [self_driving]: DEBUG_DRIVE lane_x=126.0, linear=0.15, linear_y=0.00, angular=0.10, stop=False, crosswalk_distance=196, start_slow_down=True[0m
[self_driving-10] [0m[INFO] [1782503456.027115416] [self_driving]: [1;33m196[0m[0m
[self_driving-10] [0m[INFO] [1782503456.028775490] [self_driving]: DEBUG_DRIVE lane_x=126.0, linear=0.15, linear_y=0.00, angular=0.10, stop=False, crosswalk_distance=196, start_slow_down=True[0m
[self_driving-10] [0m[INFO] [1782503456.071481175] [self_driving]: objects=1[0m
[self_driving-10] [0m[INFO] [1782503456.071954268] [self_driving]: [DET] crosswalk: cx=431, cy=257, box=array('i', [227, 243, 635, 271]), score=0.89[0m
[self_driving-10] [0m[INFO] [1782503456.074216805] [self_driving]: objects=1[0m
[self_driving-10] [0m[INFO] [1782503456.076214027] [self_driving]: [DET] go: cx=237, cy=133, box=array('i', [228, 119, 247, 147]), score=0.86[0m
[self_driving-10] [0m[INFO] [1782503456.079943342] [self_driving]: objects=1[0m
[self_driving-10] [0m[INFO] [1782503456.080657342] [self_driving]: [DET] crosswalk: cx=370, cy=198, box=array('i', [279, 194, 462, 203]), score=0.83[0m
[self_driving-10] [0m[INFO] [1782503456.118470656] [self_driving]: [1;33m198[0m[0m
[self_driving-10] [0m[INFO] [1782503456.127566619] [self_driving]: DEBUG_DRIVE lane_x=133.0, linear=0.15, linear_y=0.00, angular=-0.10, stop=False, crosswalk_distance=198, start_slow_down=True[0m
[self_driving-10] [0m[INFO] [1782503456.187120119] [self_driving]: [1;33m198[0m[0m
[self_driving-10] [0m[INFO] [1782503456.189301564] [self_driving]: DEBUG_DRIVE lane_x=133.0, linear=0.15, linear_y=0.00, angular=-0.10, stop=False, crosswalk_distance=198, start_slow_down=True[0m
[self_driving-10] [0m[INFO] [1782503456.241805712] [self_driving]: [1;33m198[0m[0m
[self_driving-10] [0m[INFO] [1782503456.246057434] [self_driving]: DEBUG_DRIVE lane_x=140.0, linear=0.15, linear_y=0.00, angular=-0.10, stop=False, crosswalk_distance=198, start_slow_down=True[0m
[self_driving-10] [0m[INFO] [1782503456.295037193] [self_driving]: [1;33m198[0m[0m
[self_driving-10] [0m[INFO] [1782503456.297434656] [self_driving]: DEBUG_DRIVE lane_x=140.5, linear=0.15, linear_y=0.00, angular=-0.10, stop=False, crosswalk_distance=198, start_slow_down=True[0m
[self_driving-10] [0m[INFO] [1782503456.374700342] [self_driving]: [1;33m198[0m[0m
[self_driving-10] [0m[INFO] [1782503456.376001601] [self_driving]: DEBUG_DRIVE lane_x=137.0, linear=0.15, linear_y=0.00, angular=-0.10, stop=False, crosswalk_distance=198, start_slow_down=True[0m
[self_driving-10] [0m[INFO] [1782503456.433301564] [self_driving]: [1;33m198[0m[0m
[self_driving-10] [0m[INFO] [1782503456.435941156] [self_driving]: DEBUG_DRIVE lane_x=140.5, linear=0.15, linear_y=0.00, angular=-0.10, stop=False, crosswalk_distance=198, start_slow_down=True[0m
[self_driving-10] [0m[INFO] [1782503456.459530156] [self_driving]: objects=1[0m
[self_driving-10] [0m[INFO] [1782503456.460091823] [self_driving]: [DET] crosswalk: cx=423, cy=268, box=array('i', [207, 252, 640, 284]), score=0.90[0m
[self_driving-10] [0m[INFO] [1782503456.463555249] [self_driving]: objects=1[0m
[self_driving-10] [0m[INFO] [1782503456.464239267] [self_driving]: [DET] go: cx=225, cy=132, box=array('i', [215, 117, 235, 147]), score=0.86[0m
[self_driving-10] [0m[INFO] [1782503456.470873249] [self_driving]: objects=1[0m
[self_driving-10] [0m[INFO] [1782503456.472949471] [self_driving]: [DET] crosswalk: cx=367, cy=200, box=array('i', [271, 196, 463, 205]), score=0.82[0m
[self_driving-10] [0m[INFO] [1782503456.525729786] [self_driving]: [1;33m200[0m[0m
[self_driving-10] [0m[INFO] [1782503456.534547990] [self_driving]: DEBUG_DRIVE lane_x=136.5, linear=0.15, linear_y=0.00, angular=-0.10, stop=False, crosswalk_distance=200, start_slow_down=True[0m
[self_driving-10] [0m[INFO] [1782503456.568064934] [self_driving]: [1;33m200[0m[0m
[self_driving-10] [0m[INFO] [1782503456.569355638] [self_driving]: DEBUG_DRIVE lane_x=134.5, linear=0.15, linear_y=0.00, angular=-0.10, stop=False, crosswalk_distance=200, start_slow_down=True[0m
[self_driving-10] [0m[INFO] [1782503456.632728638] [self_driving]: [1;33m200[0m[0m
[self_driving-10] [0m[INFO] [1782503456.636362452] [self_driving]: DEBUG_DRIVE lane_x=129.5, linear=0.15, linear_y=0.00, angular=0.10, stop=False, crosswalk_distance=200, start_slow_down=True[0m
[self_driving-10] [0m[INFO] [1782503456.714821489] [self_driving]: [1;33m200[0m[0m
[self_driving-10] [0m[INFO] [1782503456.717803545] [self_driving]: DEBUG_DRIVE lane_x=127.0, linear=0.15, linear_y=0.00, angular=0.10, stop=False, crosswalk_distance=200, start_slow_down=True[0m
[self_driving-10] [0m[INFO] [1782503456.775745897] [self_driving]: [1;33m200[0m[0m
[self_driving-10] [0m[INFO] [1782503456.778000767] [self_driving]: DEBUG_DRIVE lane_x=126.5, linear=0.15, linear_y=0.00, angular=0.10, stop=False, crosswalk_distance=200, start_slow_down=True[0m
[self_driving-10] [0m[INFO] [1782503456.820891286] [self_driving]: objects=1[0m
[self_driving-10] [0m[INFO] [1782503456.823733341] [self_driving]: [DET] go: cx=219, cy=129, box=array('i', [209, 114, 230, 145]), score=0.87[0m
[self_driving-10] [0m[INFO] [1782503456.832240378] [self_driving]: objects=1[0m
[self_driving-10] [0m[INFO] [1782503456.835831193] [self_driving]: [DET] crosswalk: cx=369, cy=203, box=array('i', [266, 198, 473, 208]), score=0.83[0m
[self_driving-10] [0m[INFO] [1782503456.890843563] [self_driving]: [1;33m203[0m[0m
[self_driving-10] [0m[INFO] [1782503456.897209693] [self_driving]: DEBUG_DRIVE lane_x=126.0, linear=0.15, linear_y=0.00, angular=0.10, stop=False, crosswalk_distance=203, start_slow_down=True[0m
[self_driving-10] [0m[INFO] [1782503456.926502619] [self_driving]: [1;33m203[0m[0m
[self_driving-10] [0m[INFO] [1782503456.928644489] [self_driving]: DEBUG_DRIVE lane_x=132.5, linear=0.15, linear_y=0.00, angular=-0.10, stop=False, crosswalk_distance=203, start_slow_down=True[0m
[self_driving-10] [0m[INFO] [1782503456.971890174] [self_driving]: [1;33m203[0m[0m
[self_driving-10] [0m[INFO] [1782503456.974936100] [self_driving]: DEBUG_DRIVE lane_x=131.0, linear=0.15, linear_y=0.00, angular=0.10, stop=False, crosswalk_distance=203, start_slow_down=True[0m
[self_driving-10] [0m[INFO] [1782503457.049866156] [self_driving]: [1;33m203[0m[0m
[self_driving-10] [0m[INFO] [1782503457.052951526] [self_driving]: DEBUG_DRIVE lane_x=132.0, linear=0.15, linear_y=0.00, angular=-0.10, stop=False, crosswalk_distance=203, start_slow_down=True[0m
[self_driving-10] [0m[INFO] [1782503457.103012897] [self_driving]: [1;33m203[0m[0m
[self_driving-10] [0m[INFO] [1782503457.105788026] [self_driving]: DEBUG_DRIVE lane_x=142.0, linear=0.15, linear_y=0.00, angular=-0.10, stop=False, crosswalk_distance=203, start_slow_down=True[0m
[self_driving-10] [0m[INFO] [1782503457.171735452] [self_driving]: [1;33m203[0m[0m
[self_driving-10] [0m[INFO] [1782503457.173395193] [self_driving]: DEBUG_DRIVE lane_x=136.5, linear=0.15, linear_y=0.00, angular=0.10, stop=False, crosswalk_distance=203, start_slow_down=True[0m
[self_driving-10] [0m[INFO] [1782503457.245446934] [self_driving]: [1;33m203[0m[0m
[self_driving-10] [0m[INFO] [1782503457.247486841] [self_driving]: DEBUG_DRIVE lane_x=144.5, linear=0.15, linear_y=0.00, angular=-0.10, stop=False, crosswalk_distance=203, start_slow_down=True[0m
[self_driving-10] [0m[INFO] [1782503457.251512804] [self_driving]: objects=1[0m
[self_driving-10] [0m[INFO] [1782503457.254095600] [self_driving]: [DET] go: cx=225, cy=131, box=array('i', [215, 115, 235, 147]), score=0.87[0m
[self_driving-10] [0m[INFO] [1782503457.257691434] [self_driving]: objects=1[0m
[self_driving-10] [0m[INFO] [1782503457.260001415] [self_driving]: [DET] crosswalk: cx=381, cy=208, box=array('i', [274, 203, 489, 214]), score=0.86[0m
[self_driving-10] [0m[INFO] [1782503457.324210785] [self_driving]: [1;33m208[0m[0m
[self_driving-10] [0m[INFO] [1782503457.326071322] [self_driving]: DEBUG_DRIVE lane_x=140.0, linear=0.15, linear_y=0.00, angular=-0.10, stop=False, crosswalk_distance=208, start_slow_down=True[0m
[self_driving-10] [0m[INFO] [1782503457.382709248] [self_driving]: [1;33m208[0m[0m
[self_driving-10] [0m[INFO] [1782503457.385436304] [self_driving]: DEBUG_DRIVE lane_x=143.5, linear=0.15, linear_y=0.00, angular=-0.10, stop=False, crosswalk_distance=208, start_slow_down=True[0m
[self_driving-10] [0m[INFO] [1782503457.437572452] [self_driving]: [1;33m208[0m[0m
[self_driving-10] [0m[INFO] [1782503457.439279045] [self_driving]: DEBUG_DRIVE lane_x=133.0, linear=0.15, linear_y=0.00, angular=0.10, stop=False, crosswalk_distance=208, start_slow_down=True[0m
[self_driving-10] [0m[INFO] [1782503457.510877267] [self_driving]: [1;33m208[0m[0m
[self_driving-10] [0m[INFO] [1782503457.512644304] [self_driving]: DEBUG_DRIVE lane_x=130.0, linear=0.15, linear_y=0.00, angular=0.10, stop=False, crosswalk_distance=208, start_slow_down=True[0m
[self_driving-10] [0m[INFO] [1782503457.573153674] [self_driving]: [1;33m208[0m[0m
[self_driving-10] [0m[INFO] [1782503457.576221322] [self_driving]: DEBUG_DRIVE lane_x=119.0, linear=0.15, linear_y=0.00, angular=0.10, stop=False, crosswalk_distance=208, start_slow_down=True[0m
[self_driving-10] [0m[INFO] [1782503457.640806693] [self_driving]: objects=1[0m
[self_driving-10] [0m[INFO] [1782503457.642199674] [self_driving]: [DET] go: cx=205, cy=131, box=array('i', [195, 114, 216, 148]), score=0.87[0m
[self_driving-10] [0m[INFO] [1782503457.650403063] [self_driving]: objects=1[0m
[self_driving-10] [0m[INFO] [1782503457.652091674] [self_driving]: [DET] crosswalk: cx=381, cy=347, box=array('i', [124, 310, 638, 385]), score=0.83[0m
[self_driving-10] [0m[INFO] [1782503457.659463267] [self_driving]: [1;33m347[0m[0m
[self_driving-10] [0m[INFO] [1782503457.673396637] [self_driving]: DEBUG_DRIVE lane_x=119.5, linear=0.15, linear_y=0.00, angular=0.10, stop=False, crosswalk_distance=347, start_slow_down=True[0m
[self_driving-10] [0m[INFO] [1782503457.725717581] [self_driving]: [1;33m347[0m[0m
[self_driving-10] [0m[INFO] [1782503457.728092989] [self_driving]: DEBUG_DRIVE lane_x=116.0, linear=0.15, linear_y=0.00, angular=0.10, stop=False, crosswalk_distance=347, start_slow_down=False[0m
[self_driving-10] [0m[INFO] [1782503457.789221026] [self_driving]: [1;33m347[0m[0m
[self_driving-10] [0m[INFO] [1782503457.790739600] [self_driving]: DEBUG_DRIVE lane_x=117.0, linear=0.15, linear_y=0.00, angular=0.10, stop=False, crosswalk_distance=347, start_slow_down=False[0m
[self_driving-10] [0m[INFO] [1782503457.849718174] [self_driving]: [1;33m347[0m[0m
[self_driving-10] [0m[INFO] [1782503457.851148322] [self_driving]: DEBUG_DRIVE lane_x=117.5, linear=0.15, linear_y=0.00, angular=0.10, stop=False, crosswalk_distance=347, start_slow_down=False[0m
[self_driving-10] [0m[INFO] [1782503457.923016026] [self_driving]: [1;33m347[0m[0m
[self_driving-10] [0m[INFO] [1782503457.924330081] [self_driving]: DEBUG_DRIVE lane_x=118.0, linear=0.15, linear_y=0.00, angular=0.10, stop=False, crosswalk_distance=347, start_slow_down=True[0m
[self_driving-10] [0m[INFO] [1782503457.988272248] [self_driving]: [1;33m347[0m[0m
[self_driving-10] [0m[INFO] [1782503457.990311026] [self_driving]: DEBUG_DRIVE lane_x=125.5, linear=0.15, linear_y=0.00, angular=-0.10, stop=False, crosswalk_distance=347, start_slow_down=True[0m
[self_driving-10] [0m[INFO] [1782503458.028671785] [self_driving]: objects=1[0m
[self_driving-10] [0m[INFO] [1782503458.029447933] [self_driving]: [DET] go: cx=211, cy=126, box=array('i', [199, 108, 223, 144]), score=0.87[0m
[self_driving-10] [0m[INFO] [1782503458.050441433] [self_driving]: objects=1[0m
[self_driving-10] [0m[INFO] [1782503458.051632637] [self_driving]: [DET] crosswalk: cx=360, cy=392, box=array('i', [80, 333, 640, 451]), score=0.73[0m
[self_driving-10] [0m[INFO] [1782503458.069791007] [self_driving]: [1;33m392[0m[0m
[self_driving-10] [0m[INFO] [1782503458.082162174] [self_driving]: DEBUG_DRIVE lane_x=125.0, linear=0.15, linear_y=0.00, angular=0.10, stop=False, crosswalk_distance=392, start_slow_down=True[0m
[self_driving-10] [0m[INFO] [1782503458.139557470] [self_driving]: [1;33m392[0m[0m
[self_driving-10] [0m[INFO] [1782503458.147409507] [self_driving]: DEBUG_DRIVE lane_x=129.0, linear=0.15, linear_y=0.00, angular=-0.10, stop=False, crosswalk_distance=392, start_slow_down=True[0m
[self_driving-10] [0m[INFO] [1782503458.189908600] [self_driving]: [1;33m392[0m[0m
[self_driving-10] [0m[INFO] [1782503458.192531840] [self_driving]: DEBUG_DRIVE lane_x=126.5, linear=0.15, linear_y=0.00, angular=0.10, stop=False, crosswalk_distance=392, start_slow_down=True[0m
[self_driving-10] [0m[INFO] [1782503458.243612766] [self_driving]: [1;33m392[0m[0m
[self_driving-10] [0m[INFO] [1782503458.248886933] [self_driving]: DEBUG_DRIVE lane_x=131.0, linear=0.15, linear_y=0.00, angular=-0.10, stop=False, crosswalk_distance=392, start_slow_down=True[0m
[self_driving-10] [0m[INFO] [1782503458.313395785] [self_driving]: [1;33m392[0m[0m
[self_driving-10] [0m[INFO] [1782503458.315959563] [self_driving]: DEBUG_DRIVE lane_x=133.5, linear=0.15, linear_y=0.00, angular=-0.10, stop=False, crosswalk_distance=392, start_slow_down=True[0m
[self_driving-10] [0m[INFO] [1782503458.385516637] [self_driving]: [1;33m392[0m[0m
[self_driving-10] [0m[INFO] [1782503458.387780100] [self_driving]: DEBUG_DRIVE lane_x=138.0, linear=0.15, linear_y=0.00, angular=-0.10, stop=False, crosswalk_distance=392, start_slow_down=True[0m
[self_driving-10] [0m[INFO] [1782503458.454133100] [self_driving]: [1;33m392[0m[0m
[self_driving-10] [0m[INFO] [1782503458.456566655] [self_driving]: DEBUG_DRIVE lane_x=141.0, linear=0.15, linear_y=0.00, angular=-0.10, stop=False, crosswalk_distance=392, start_slow_down=True[0m
[self_driving-10] [0m[INFO] [1782503458.477974285] [self_driving]: objects=1[0m
[self_driving-10] [0m[INFO] [1782503458.478483118] [self_driving]: [DET] crosswalk: cx=329, cy=429, box=array('i', [23, 379, 636, 480]), score=0.94[0m
[self_driving-10] [0m[INFO] [1782503458.480168025] [self_driving]: objects=1[0m
[self_driving-10] [0m[INFO] [1782503458.481319062] [self_driving]: [DET] crosswalk: cx=402, cy=217, box=array('i', [263, 209, 541, 226]), score=0.87[0m
[self_driving-10] [0m[INFO] [1782503458.484925488] [self_driving]: objects=1[0m
[self_driving-10] [0m[INFO] [1782503458.505919340] [self_driving]: [DET] go: cx=211, cy=122, box=array('i', [199, 103, 223, 141]), score=0.86[0m
[self_driving-10] [0m[INFO] [1782503458.557102192] [self_driving]: [1;33m0[0m[0m
[self_driving-10] [0m[INFO] [1782503458.559496303] [self_driving]: DEBUG_DRIVE lane_x=141.0, linear=0.15, linear_y=0.00, angular=-0.10, stop=False, crosswalk_distance=0, start_slow_down=True[0m
[self_driving-10] [0m[INFO] [1782503458.598083062] [self_driving]: [1;33m0[0m[0m
[self_driving-10] [0m[INFO] [1782503458.600182896] [self_driving]: DEBUG_DRIVE lane_x=140.0, linear=0.15, linear_y=0.00, angular=-0.10, stop=False, crosswalk_distance=0, start_slow_down=True[0m
[self_driving-10] [0m[INFO] [1782503458.660715025] [self_driving]: [1;33m0[0m[0m
[self_driving-10] [0m[INFO] [1782503458.666057599] [self_driving]: DEBUG_DRIVE lane_x=140.0, linear=0.15, linear_y=0.00, angular=-0.10, stop=False, crosswalk_distance=0, start_slow_down=True[0m
[self_driving-10] [0m[INFO] [1782503458.721765581] [self_driving]: [1;33m0[0m[0m
[self_driving-10] [0m[INFO] [1782503458.725388007] [self_driving]: DEBUG_DRIVE lane_x=136.5, linear=0.15, linear_y=0.00, angular=-0.10, stop=False, crosswalk_distance=0, start_slow_down=True[0m
[self_driving-10] [0m[INFO] [1782503458.787613007] [self_driving]: [1;33m0[0m[0m
[self_driving-10] [0m[INFO] [1782503458.788813173] [self_driving]: DEBUG_DRIVE lane_x=136.0, linear=0.15, linear_y=0.00, angular=-0.10, stop=False, crosswalk_distance=0, start_slow_down=True[0m
[self_driving-10] [0m[INFO] [1782503458.849041766] [self_driving]: [1;33m0[0m[0m
[self_driving-10] [0m[INFO] [1782503458.850257747] [self_driving]: DEBUG_DRIVE lane_x=132.0, linear=0.15, linear_y=0.00, angular=0.10, stop=False, crosswalk_distance=0, start_slow_down=True[0m
[self_driving-10] [0m[INFO] [1782503458.889517988] [self_driving]: objects=1[0m
[self_driving-10] [0m[INFO] [1782503458.891043081] [self_driving]: [DET] crosswalk: cx=411, cy=216, box=array('i', [258, 207, 564, 226]), score=0.88[0m
[self_driving-10] [0m[INFO] [1782503458.902678118] [self_driving]: objects=1[0m
[self_driving-10] [0m[INFO] [1782503458.906918488] [self_driving]: [DET] crosswalk: cx=320, cy=462, box=array('i', [5, 445, 636, 480]), score=0.77[0m
[self_driving-10] [0m[INFO] [1782503458.959920877] [self_driving]: [1;33m462[0m[0m
[self_driving-10] [0m[INFO] [1782503458.965973173] [self_driving]: DEBUG_DRIVE lane_x=129.0, linear=0.15, linear_y=0.00, angular=0.10, stop=False, crosswalk_distance=462, start_slow_down=True[0m
[self_driving-10] [0m[INFO] [1782503459.005030655] [self_driving]: [1;33m462[0m[0m
[self_driving-10] [0m[INFO] [1782503459.009772599] [self_driving]: DEBUG_DRIVE lane_x=123.5, linear=0.15, linear_y=0.00, angular=0.10, stop=False, crosswalk_distance=462, start_slow_down=True[0m
[self_driving-10] [0m[INFO] [1782503459.066495007] [self_driving]: [1;33m462[0m[0m
[self_driving-10] [0m[INFO] [1782503459.069012747] [self_driving]: DEBUG_DRIVE lane_x=127.5, linear=0.15, linear_y=0.00, angular=-0.10, stop=False, crosswalk_distance=462, start_slow_down=True[0m
[self_driving-10] [0m[INFO] [1782503459.135130173] [self_driving]: [1;33m462[0m[0m
[self_driving-10] [0m[INFO] [1782503459.139198951] [self_driving]: DEBUG_DRIVE lane_x=128.5, linear=0.15, linear_y=0.00, angular=0.10, stop=False, crosswalk_distance=462, start_slow_down=True[0m
[self_driving-10] [0m[INFO] [1782503459.193381729] [self_driving]: [1;33m462[0m[0m
[self_driving-10] [0m[INFO] [1782503459.194657062] [self_driving]: DEBUG_DRIVE lane_x=132.0, linear=0.15, linear_y=0.00, angular=-0.10, stop=False, crosswalk_distance=462, start_slow_down=True[0m
[self_driving-10] [0m[INFO] [1782503459.268945821] [self_driving]: [1;33m462[0m[0m
[self_driving-10] [0m[INFO] [1782503459.270159136] [self_driving]: DEBUG_DRIVE lane_x=131.5, linear=0.15, linear_y=0.00, angular=-0.10, stop=False, crosswalk_distance=462, start_slow_down=True[0m
[self_driving-10] [0m[INFO] [1782503459.326009506] [self_driving]: [1;33m462[0m[0m
[self_driving-10] [0m[INFO] [1782503459.327398951] [self_driving]: DEBUG_DRIVE lane_x=133.5, linear=0.15, linear_y=0.00, angular=-0.10, stop=False, crosswalk_distance=462, start_slow_down=True[0m
[self_driving-10] [0m[INFO] [1782503459.345958210] [self_driving]: objects=1[0m
[self_driving-10] [0m[INFO] [1782503459.355233562] [self_driving]: [DET] crosswalk: cx=433, cy=226, box=array('i', [265, 214, 602, 238]), score=0.89[0m
[self_driving-10] [0m[INFO] [1782503459.408367395] [self_driving]: [1;33m226[0m[0m
[self_driving-10] [0m[INFO] [1782503459.410548969] [self_driving]: DEBUG_DRIVE lane_x=130.5, linear=0.15, linear_y=0.00, angular=0.10, stop=False, crosswalk_distance=226, start_slow_down=True[0m
[self_driving-10] [0m[INFO] [1782503459.476238377] [self_driving]: [1;33m226[0m[0m
[self_driving-10] [0m[INFO] [1782503459.479945099] [self_driving]: DEBUG_DRIVE lane_x=124.0, linear=0.15, linear_y=0.00, angular=0.10, stop=False, crosswalk_distance=226, start_slow_down=True[0m
[self_driving-10] [0m[INFO] [1782503459.520583710] [self_driving]: [1;33m226[0m[0m
[self_driving-10] [0m[INFO] [1782503459.521914117] [self_driving]: DEBUG_DRIVE lane_x=119.5, linear=0.15, linear_y=0.00, angular=0.10, stop=False, crosswalk_distance=226, start_slow_down=True[0m
[self_driving-10] [0m[INFO] [1782503459.587462747] [self_driving]: [1;33m226[0m[0m
[self_driving-10] [0m[INFO] [1782503459.590295377] [self_driving]: DEBUG_DRIVE lane_x=119.5, linear=0.15, linear_y=0.00, angular=0.10, stop=False, crosswalk_distance=226, start_slow_down=True[0m
[self_driving-10] [0m[INFO] [1782503459.672505469] [self_driving]: [1;33m226[0m[0m
[self_driving-10] [0m[INFO] [1782503459.678150080] [self_driving]: DEBUG_DRIVE lane_x=119.5, linear=0.15, linear_y=0.00, angular=0.10, stop=False, crosswalk_distance=226, start_slow_down=True[0m
[self_driving-10] [0m[INFO] [1782503459.727303302] [self_driving]: objects=1[0m
[self_driving-10] [0m[INFO] [1782503459.728430321] [self_driving]: [DET] crosswalk: cx=438, cy=243, box=array('i', [248, 229, 629, 258]), score=0.90[0m
[self_driving-10] [0m[INFO] [1782503459.742869210] [self_driving]: objects=1[0m
[self_driving-10] [0m[INFO] [1782503459.743466339] [self_driving]: [DET] go: cx=187, cy=116, box=array('i', [174, 93, 200, 140]), score=0.88[0m
[self_driving-10] [0m[INFO] [1782503459.757773210] [self_driving]: [1;33m0[0m[0m
[self_driving-10] [0m[INFO] [1782503459.759906951] [self_driving]: DEBUG_DRIVE lane_x=125.0, linear=0.15, linear_y=0.00, angular=-0.10, stop=False, crosswalk_distance=0, start_slow_down=True[0m
[self_driving-10] [0m[INFO] [1782503459.801724414] [self_driving]: [1;33m0[0m[0m
[self_driving-10] [0m[INFO] [1782503459.807883636] [self_driving]: DEBUG_DRIVE lane_x=124.5, linear=0.15, linear_y=0.00, angular=0.10, stop=False, crosswalk_distance=0, start_slow_down=True[0m
[self_driving-10] [0m[INFO] [1782503459.860055043] [self_driving]: [1;33m0[0m[0m
[self_driving-10] [0m[INFO] [1782503459.865183580] [self_driving]: DEBUG_DRIVE lane_x=126.0, linear=0.15, linear_y=0.00, angular=0.10, stop=False, crosswalk_distance=0, start_slow_down=True[0m
[self_driving-10] [0m[INFO] [1782503459.924755747] [self_driving]: [1;33m0[0m[0m
[self_driving-10] [0m[INFO] [1782503459.925811247] [self_driving]: DEBUG_DRIVE lane_x=118.0, linear=0.15, linear_y=0.00, angular=0.10, stop=False, crosswalk_distance=0, start_slow_down=True[0m
[self_driving-10] [0m[INFO] [1782503460.002908210] [self_driving]: [1;33m0[0m[0m
[self_driving-10] [0m[INFO] [1782503460.004927469] [self_driving]: DEBUG_DRIVE lane_x=165.0, linear=0.15, linear_y=0.00, angular=-0.10, stop=False, crosswalk_distance=0, start_slow_down=True[0m
[self_driving-10] [0m[INFO] [1782503460.075976524] [self_driving]: [1;33m0[0m[0m
[self_driving-10] [0m[INFO] [1782503460.077617043] [self_driving]: DEBUG_DRIVE lane_x=165.5, linear=0.15, linear_y=0.00, angular=-0.10, stop=False, crosswalk_distance=0, start_slow_down=True[0m
[self_driving-10] [0m[INFO] [1782503460.145225024] [self_driving]: [1;33m0[0m[0m
[self_driving-10] [0m[INFO] [1782503460.148221487] [self_driving]: DEBUG_DRIVE lane_x=168.5, linear=0.15, linear_y=0.00, angular=-0.10, stop=False, crosswalk_distance=0, start_slow_down=True[0m
[self_driving-10] [0m[INFO] [1782503460.157875376] [self_driving]: objects=1[0m
[self_driving-10] [0m[INFO] [1782503460.160191265] [self_driving]: [DET] crosswalk: cx=427, cy=255, box=array('i', [216, 239, 639, 271]), score=0.92[0m
[self_driving-10] [0m[INFO] [1782503460.163421154] [self_driving]: objects=1[0m
[self_driving-10] [0m[INFO] [1782503460.164059747] [self_driving]: [DET] go: cx=154, cy=114, box=array('i', [141, 90, 168, 139]), score=0.91[0m
[self_driving-10] [0m[INFO] [1782503460.231642136] [self_driving]: [1;33m0[0m[0m
[self_driving-10] [0m[INFO] [1782503460.233222728] [self_driving]: DEBUG_DRIVE lane_x=167.0, linear=0.15, linear_y=0.00, angular=-0.10, stop=False, crosswalk_distance=0, start_slow_down=True[0m
[self_driving-10] [0m[INFO] [1782503460.280970969] [self_driving]: [1;33m0[0m[0m
[self_driving-10] [0m[INFO] [1782503460.282859691] [self_driving]: DEBUG_DRIVE lane_x=162.0, linear=0.15, linear_y=0.00, angular=-0.10, stop=False, crosswalk_distance=0, start_slow_down=True[0m
[self_driving-10] [0m[INFO] [1782503460.335533487] [self_driving]: [1;33m0[0m[0m
[self_driving-10] [0m[INFO] [1782503460.341351506] [self_driving]: DEBUG_DRIVE lane_x=158.0, linear=0.15, linear_y=0.00, angular=-0.10, stop=False, crosswalk_distance=0, start_slow_down=True[0m
[self_driving-10] [0m[INFO] [1782503460.403730950] [self_driving]: [1;33m0[0m[0m
[self_driving-10] [0m[INFO] [1782503460.406396135] [self_driving]: DEBUG_DRIVE lane_x=147.5, linear=0.15, linear_y=0.00, angular=-0.10, stop=False, crosswalk_distance=0, start_slow_down=True[0m
[self_driving-10] [0m[INFO] [1782503460.464119284] [self_driving]: [1;33m0[0m[0m
[self_driving-10] [0m[INFO] [1782503460.465226043] [self_driving]: DEBUG_DRIVE lane_x=141.0, linear=0.15, linear_y=0.00, angular=-0.10, stop=False, crosswalk_distance=0, start_slow_down=True[0m
[self_driving-10] [0m[INFO] [1782503460.529623821] [self_driving]: objects=1[0m
[self_driving-10] [0m[INFO] [1782503460.530377617] [self_driving]: [DET] crosswalk: cx=419, cy=269, box=array('i', [198, 249, 640, 290]), score=0.92[0m
[self_driving-10] [0m[INFO] [1782503460.533476802] [self_driving]: [1;33m0[0m[0m
[self_driving-10] [0m[INFO] [1782503460.534452876] [self_driving]: objects=1[0m
[self_driving-10] [0m[INFO] [1782503460.535117672] [self_driving]: [DET] go: cx=129, cy=111, box=array('i', [114, 84, 145, 138]), score=0.91[0m
[self_driving-10] [0m[INFO] [1782503460.539440746] [self_driving]: DEBUG_DRIVE lane_x=135.5, linear=0.15, linear_y=0.00, angular=0.10, stop=False, crosswalk_distance=0, start_slow_down=True[0m
[self_driving-10] [0m[INFO] [1782503460.621905487] [self_driving]: [1;33m0[0m[0m
[self_driving-10] [0m[INFO] [1782503460.628676043] [self_driving]: DEBUG_DRIVE lane_x=127.0, linear=0.15, linear_y=0.00, angular=0.10, stop=False, crosswalk_distance=0, start_slow_down=False[0m
[self_driving-10] [0m[INFO] [1782503460.682058709] [self_driving]: [1;33m0[0m[0m
[self_driving-10] [0m[INFO] [1782503460.684234320] [self_driving]: DEBUG_DRIVE lane_x=121.0, linear=0.30, linear_y=0.00, angular=0.10, stop=False, crosswalk_distance=0, start_slow_down=False[0m
[self_driving-10] [0m[INFO] [1782503460.733601617] [self_driving]: [1;33m0[0m[0m
[self_driving-10] [0m[INFO] [1782503460.735913969] [self_driving]: DEBUG_DRIVE lane_x=124.0, linear=0.30, linear_y=0.00, angular=0.10, stop=False, crosswalk_distance=0, start_slow_down=False[0m
[self_driving-10] [0m[INFO] [1782503460.806214228] [self_driving]: [1;33m0[0m[0m
[self_driving-10] [0m[INFO] [1782503460.807832783] [self_driving]: DEBUG_DRIVE lane_x=126.0, linear=0.30, linear_y=0.00, angular=0.10, stop=False, crosswalk_distance=0, start_slow_down=False[0m
[self_driving-10] [0m[INFO] [1782503460.882600209] [self_driving]: [1;33m0[0m[0m
[self_driving-10] [0m[INFO] [1782503460.885146339] [self_driving]: DEBUG_DRIVE lane_x=126.0, linear=0.30, linear_y=0.00, angular=0.10, stop=False, crosswalk_distance=0, start_slow_down=False[0m
[self_driving-10] [0m[INFO] [1782503460.914343302] [self_driving]: objects=1[0m
[self_driving-10] [0m[INFO] [1782503460.923244524] [self_driving]: [DET] crosswalk: cx=416, cy=290, box=array('i', [192, 264, 640, 317]), score=0.90[0m
[self_driving-10] [0m[INFO] [1782503460.989348450] [self_driving]: [1;33m290[0m[0m
[self_driving-10] [0m[INFO] [1782503460.992146005] [self_driving]: DEBUG_DRIVE lane_x=129.5, linear=0.15, linear_y=0.00, angular=-0.10, stop=False, crosswalk_distance=290, start_slow_down=False[0m
[self_driving-10] [0m[INFO] [1782503461.009975931] [self_driving]: [1;33m290[0m[0m
[self_driving-10] [0m[INFO] [1782503461.014724894] [self_driving]: DEBUG_DRIVE lane_x=136.0, linear=0.15, linear_y=0.00, angular=-0.10, stop=False, crosswalk_distance=290, start_slow_down=False[0m
[self_driving-10] [0m[INFO] [1782503461.082108228] [self_driving]: [1;33m290[0m[0m
[self_driving-10] [0m[INFO] [1782503461.084975561] [self_driving]: DEBUG_DRIVE lane_x=139.0, linear=0.15, linear_y=0.00, angular=-0.10, stop=False, crosswalk_distance=290, start_slow_down=True[0m
[self_driving-10] [0m[INFO] [1782503461.154190635] [self_driving]: [1;33m290[0m[0m
[self_driving-10] [0m[INFO] [1782503461.156759024] [self_driving]: DEBUG_DRIVE lane_x=140.5, linear=0.15, linear_y=0.00, angular=-0.10, stop=False, crosswalk_distance=290, start_slow_down=True[0m
[self_driving-10] [0m[INFO] [1782503461.206979913] [self_driving]: [1;33m290[0m[0m
[self_driving-10] [0m[INFO] [1782503461.209375968] [self_driving]: DEBUG_DRIVE lane_x=143.0, linear=0.15, linear_y=0.00, angular=-0.10, stop=False, crosswalk_distance=290, start_slow_down=True[0m
[self_driving-10] [0m[INFO] [1782503461.271421783] [self_driving]: [1;33m290[0m[0m
[self_driving-10] [0m[INFO] [1782503461.272661876] [self_driving]: DEBUG_DRIVE lane_x=142.0, linear=0.15, linear_y=0.00, angular=-0.10, stop=False, crosswalk_distance=290, start_slow_down=True[0m
[self_driving-10] [0m[INFO] [1782503461.311344561] [self_driving]: objects=1[0m
[self_driving-10] [0m[INFO] [1782503461.312176116] [self_driving]: [DET] go: cx=112, cy=104, box=array('i', [96, 72, 129, 136]), score=0.92[0m
[self_driving-10] [0m[INFO] [1782503461.317552357] [self_driving]: objects=1[0m
[self_driving-10] [0m[INFO] [1782503461.318273820] [self_driving]: [DET] crosswalk: cx=410, cy=310, box=array('i', [182, 277, 638, 343]), score=0.91[0m
[self_driving-10] [0m[INFO] [1782503461.355076579] [self_driving]: [1;33m310[0m[0m
[self_driving-10] [0m[INFO] [1782503461.364551524] [self_driving]: DEBUG_DRIVE lane_x=145.0, linear=0.15, linear_y=0.00, angular=-0.10, stop=False, crosswalk_distance=310, start_slow_down=True[0m
[self_driving-10] [0m[INFO] [1782503461.416252727] [self_driving]: [1;33m310[0m[0m
[self_driving-10] [0m[INFO] [1782503461.417773468] [self_driving]: DEBUG_DRIVE lane_x=145.0, linear=0.15, linear_y=0.00, angular=-0.10, stop=False, crosswalk_distance=310, start_slow_down=True[0m
[self_driving-10] [0m[INFO] [1782503461.467608283] [self_driving]: [1;33m310[0m[0m
[self_driving-10] [0m[INFO] [1782503461.471262135] [self_driving]: DEBUG_DRIVE lane_x=137.0, linear=0.15, linear_y=0.00, angular=0.10, stop=False, crosswalk_distance=310, start_slow_down=True[0m
[self_driving-10] [0m[INFO] [1782503461.548901135] [self_driving]: [1;33m310[0m[0m
[self_driving-10] [0m[INFO] [1782503461.550806190] [self_driving]: DEBUG_DRIVE lane_x=131.0, linear=0.15, linear_y=0.00, angular=0.10, stop=False, crosswalk_distance=310, start_slow_down=True[0m
[self_driving-10] [0m[INFO] [1782503461.602675172] [self_driving]: [1;33m310[0m[0m
[self_driving-10] [0m[INFO] [1782503461.606251227] [self_driving]: DEBUG_DRIVE lane_x=127.5, linear=0.15, linear_y=0.00, angular=0.10, stop=False, crosswalk_distance=310, start_slow_down=True[0m
[self_driving-10] [0m[INFO] [1782503461.677579135] [self_driving]: [1;33m310[0m[0m
[self_driving-10] [0m[INFO] [1782503461.679571320] [self_driving]: DEBUG_DRIVE lane_x=129.5, linear=0.15, linear_y=0.00, angular=-0.10, stop=False, crosswalk_distance=310, start_slow_down=True[0m
[self_driving-10] [0m[INFO] [1782503461.716638820] [self_driving]: objects=1[0m
[self_driving-10] [0m[INFO] [1782503461.717309246] [self_driving]: [DET] crosswalk: cx=369, cy=346, box=array('i', [104, 303, 635, 389]), score=0.94[0m
[self_driving-10] [0m[INFO] [1782503461.724328616] [self_driving]: objects=1[0m
[self_driving-10] [0m[INFO] [1782503461.725614690] [self_driving]: [DET] go: cx=45, cy=99, box=array('i', [26, 63, 64, 136]), score=0.88[0m
[self_driving-10] [0m[INFO] [1782503461.761542598] [self_driving]: [1;33m0[0m[0m
[self_driving-10] [0m[INFO] [1782503461.766207172] [self_driving]: DEBUG_DRIVE lane_x=130.0, linear=0.15, linear_y=0.00, angular=-0.10, stop=False, crosswalk_distance=0, start_slow_down=True[0m
[self_driving-10] [0m[INFO] [1782503461.813954838] [self_driving]: [1;33m0[0m[0m
[self_driving-10] [0m[INFO] [1782503461.815615598] [self_driving]: DEBUG_DRIVE lane_x=133.0, linear=0.15, linear_y=0.00, angular=-0.10, stop=False, crosswalk_distance=0, start_slow_down=True[0m
[self_driving-10] [0m[INFO] [1782503461.876573616] [self_driving]: [1;33m0[0m[0m
[self_driving-10] [0m[INFO] [1782503461.880079449] [self_driving]: DEBUG_DRIVE lane_x=131.0, linear=0.15, linear_y=0.00, angular=0.10, stop=False, crosswalk_distance=0, start_slow_down=True[0m
[self_driving-10] [0m[INFO] [1782503461.953342560] [self_driving]: [1;33m0[0m[0m
[self_driving-10] [0m[INFO] [1782503461.955405801] [self_driving]: DEBUG_DRIVE lane_x=127.5, linear=0.15, linear_y=0.00, angular=0.10, stop=False, crosswalk_distance=0, start_slow_down=True[0m
[self_driving-10] [0m[INFO] [1782503462.017967486] [self_driving]: [1;33m0[0m[0m
[self_driving-10] [0m[INFO] [1782503462.024464097] [self_driving]: DEBUG_DRIVE lane_x=124.5, linear=0.15, linear_y=0.00, angular=0.10, stop=False, crosswalk_distance=0, start_slow_down=True[0m
[self_driving-10] [0m[INFO] [1782503462.073936171] [self_driving]: objects=1[0m
[self_driving-10] [0m[INFO] [1782503462.074804838] [self_driving]: [DET] crosswalk: cx=333, cy=425, box=array('i', [26, 371, 640, 480]), score=0.94[0m
[self_driving-10] [0m[INFO] [1782503462.105524116] [self_driving]: [1;33m425[0m[0m
[self_driving-10] [0m[INFO] [1782503462.122095301] [self_driving]: DEBUG_DRIVE lane_x=126.0, linear=0.15, linear_y=0.00, angular=0.10, stop=False, crosswalk_distance=425, start_slow_down=True[0m
[self_driving-10] [0m[INFO] [1782503462.164386116] [self_driving]: [1;33m425[0m[0m
[self_driving-10] [0m[INFO] [1782503462.167452227] [self_driving]: DEBUG_DRIVE lane_x=128.5, linear=0.15, linear_y=0.00, angular=-0.10, stop=False, crosswalk_distance=425, start_slow_down=True[0m
[self_driving-10] [0m[INFO] [1782503462.226060042] [self_driving]: [1;33m425[0m[0m
[self_driving-10] [0m[INFO] [1782503462.227199005] [self_driving]: DEBUG_DRIVE lane_x=133.5, linear=0.15, linear_y=0.00, angular=-0.10, stop=False, crosswalk_distance=425, start_slow_down=True[0m
[self_driving-10] [0m[INFO] [1782503462.276166727] [self_driving]: [1;33m425[0m[0m
[self_driving-10] [0m[INFO] [1782503462.277535690] [self_driving]: DEBUG_DRIVE lane_x=135.0, linear=0.15, linear_y=0.00, angular=-0.10, stop=False, crosswalk_distance=425, start_slow_down=True[0m
[self_driving-10] [0m[INFO] [1782503462.346881319] [self_driving]: [1;33m425[0m[0m
[self_driving-10] [0m[INFO] [1782503462.349044431] [self_driving]: DEBUG_DRIVE lane_x=133.5, linear=0.15, linear_y=0.00, angular=-0.10, stop=False, crosswalk_distance=425, start_slow_down=True[0m
[self_driving-10] [0m[INFO] [1782503462.419588190] [self_driving]: [1;33m425[0m[0m
[self_driving-10] [0m[INFO] [1782503462.423316616] [self_driving]: DEBUG_DRIVE lane_x=129.5, linear=0.15, linear_y=0.00, angular=0.10, stop=False, crosswalk_distance=425, start_slow_down=True[0m
[self_driving-10] [0m[INFO] [1782503462.479502967] [self_driving]: [1;33m425[0m[0m
[self_driving-10] [0m[INFO] [1782503462.481626227] [self_driving]: DEBUG_DRIVE lane_x=128.5, linear=0.15, linear_y=0.00, angular=0.10, stop=False, crosswalk_distance=425, start_slow_down=True[0m
[self_driving-10] [0m[INFO] [1782503462.483490764] [self_driving]: objects=1[0m
[self_driving-10] [0m[INFO] [1782503462.489697856] [self_driving]: [DET] crosswalk: cx=312, cy=469, box=array('i', [0, 459, 624, 479]), score=0.71[0m
[self_driving-10] [0m[INFO] [1782503462.562360227] [self_driving]: [1;33m469[0m[0m
[self_driving-10] [0m[INFO] [1782503462.565135912] [self_driving]: DEBUG_DRIVE lane_x=127.0, linear=0.15, linear_y=0.00, angular=0.10, stop=False, crosswalk_distance=469, start_slow_down=True[0m
[self_driving-10] [0m[INFO] [1782503462.627758967] [self_driving]: [1;33m469[0m[0m
[self_driving-10] [0m[INFO] [1782503462.629298986] [self_driving]: DEBUG_DRIVE lane_x=127.5, linear=0.15, linear_y=0.00, angular=0.10, stop=False, crosswalk_distance=469, start_slow_down=True[0m
[self_driving-10] [0m[INFO] [1782503462.695281208] [self_driving]: [1;33m469[0m[0m
[self_driving-10] [0m[INFO] [1782503462.696530023] [self_driving]: DEBUG_DRIVE lane_x=134.5, linear=0.15, linear_y=0.00, angular=-0.10, stop=False, crosswalk_distance=469, start_slow_down=True[0m
[self_driving-10] [0m[INFO] [1782503462.748502615] [self_driving]: [1;33m469[0m[0m
[self_driving-10] [0m[INFO] [1782503462.750452690] [self_driving]: DEBUG_DRIVE lane_x=134.5, linear=0.15, linear_y=0.00, angular=-0.10, stop=False, crosswalk_distance=469, start_slow_down=True[0m
[self_driving-10] [0m[INFO] [1782503462.823115949] [self_driving]: [1;33m469[0m[0m
[self_driving-10] [0m[INFO] [1782503462.824350523] [self_driving]: DEBUG_DRIVE lane_x=142.0, linear=0.15, linear_y=0.00, angular=-0.10, stop=False, crosswalk_distance=469, start_slow_down=True[0m
[self_driving-10] [0m[INFO] [1782503462.927264282] [self_driving]: [1;33m469[0m[0m
[self_driving-10] [0m[INFO] [1782503462.928771245] [self_driving]: DEBUG_DRIVE lane_x=142.0, linear=0.15, linear_y=0.00, angular=-0.10, stop=False, crosswalk_distance=469, start_slow_down=True[0m
[self_driving-10] [0m[INFO] [1782503462.958983115] [self_driving]: [1;33m469[0m[0m
[self_driving-10] [0m[INFO] [1782503462.960744004] [self_driving]: DEBUG_DRIVE lane_x=141.0, linear=0.15, linear_y=0.00, angular=-0.10, stop=False, crosswalk_distance=469, start_slow_down=True[0m
[self_driving-10] [0m[INFO] [1782503463.029148504] [self_driving]: [1;33m469[0m[0m
[self_driving-10] [0m[INFO] [1782503463.030244875] [self_driving]: DEBUG_DRIVE lane_x=138.0, linear=0.15, linear_y=0.00, angular=-0.10, stop=False, crosswalk_distance=469, start_slow_down=True[0m
[self_driving-10] [0m[INFO] [1782503463.095267523] [self_driving]: [1;33m469[0m[0m
[self_driving-10] [0m[INFO] [1782503463.096399523] [self_driving]: DEBUG_DRIVE lane_x=134.0, linear=0.15, linear_y=0.00, angular=0.10, stop=False, crosswalk_distance=469, start_slow_down=True[0m
[self_driving-10] [0m[INFO] [1782503463.149675634] [self_driving]: [1;33m469[0m[0m
[self_driving-10] [0m[INFO] [1782503463.151741152] [self_driving]: DEBUG_DRIVE lane_x=130.5, linear=0.15, linear_y=0.00, angular=0.10, stop=False, crosswalk_distance=469, start_slow_down=True[0m
[self_driving-10] [0m[INFO] [1782503463.223230245] [self_driving]: [1;33m469[0m[0m
[self_driving-10] [0m[INFO] [1782503463.225453652] [self_driving]: DEBUG_DRIVE lane_x=129.0, linear=0.15, linear_y=0.00, angular=0.10, stop=False, crosswalk_distance=469, start_slow_down=True[0m
[self_driving-10] [0m[INFO] [1782503463.318300430] [self_driving]: [1;33m469[0m[0m
[self_driving-10] [0m[INFO] [1782503463.321328467] [self_driving]: DEBUG_DRIVE lane_x=132.0, linear=0.15, linear_y=0.00, angular=-0.10, stop=False, crosswalk_distance=469, start_slow_down=True[0m
[self_driving-10] [0m[INFO] [1782503463.372005041] [self_driving]: [1;33m469[0m[0m
[self_driving-10] [0m[INFO] [1782503463.377739245] [self_driving]: DEBUG_DRIVE lane_x=136.0, linear=0.15, linear_y=0.00, angular=-0.10, stop=False, crosswalk_distance=469, start_slow_down=True[0m
[self_driving-10] [0m[INFO] [1782503463.426532134] [self_driving]: [1;33m469[0m[0m
[self_driving-10] [0m[INFO] [1782503463.428099782] [self_driving]: DEBUG_DRIVE lane_x=137.5, linear=0.15, linear_y=0.00, angular=-0.10, stop=False, crosswalk_distance=469, start_slow_down=True[0m
[self_driving-10] [0m[INFO] [1782503463.486301559] [self_driving]: [1;33m469[0m[0m
[self_driving-10] [0m[INFO] [1782503463.489103152] [self_driving]: DEBUG_DRIVE lane_x=138.0, linear=0.15, linear_y=0.00, angular=-0.10, stop=False, crosswalk_distance=469, start_slow_down=True[0m
[self_driving-10] [0m[INFO] [1782503463.553323522] [self_driving]: [1;33m469[0m[0m
[self_driving-10] [0m[INFO] [1782503463.555391485] [self_driving]: DEBUG_DRIVE lane_x=136.5, linear=0.15, linear_y=0.00, angular=-0.10, stop=False, crosswalk_distance=469, start_slow_down=True[0m
[self_driving-10] [0m[INFO] [1782503463.629473022] [self_driving]: [1;33m469[0m[0m
[self_driving-10] [0m[INFO] [1782503463.631168745] [self_driving]: DEBUG_DRIVE lane_x=136.5, linear=0.15, linear_y=0.00, angular=-0.10, stop=False, crosswalk_distance=469, start_slow_down=True[0m
[self_driving-10] [0m[INFO] [1782503463.653548615] [self_driving]: objects=1[0m
[self_driving-10] [0m[INFO] [1782503463.654888208] [self_driving]: [DET] crosswalk: cx=485, cy=299, box=array('i', [421, 258, 549, 340]), score=0.32[0m
[self_driving-10] [0m[INFO] [1782503463.659117004] [self_driving]: objects=1[0m
[self_driving-10] [0m[INFO] [1782503463.660342948] [self_driving]: [DET] crosswalk: cx=129, cy=434, box=array('i', [6, 430, 252, 439]), score=0.25[0m
[self_driving-10] [0m[INFO] [1782503463.744418096] [self_driving]: [1;33m434[0m[0m
[self_driving-10] [0m[INFO] [1782503463.751498004] [self_driving]: DEBUG_DRIVE lane_x=135.0, linear=0.15, linear_y=0.00, angular=-0.10, stop=False, crosswalk_distance=434, start_slow_down=True[0m
[self_driving-10] [0m[INFO] [1782503463.783016448] [self_driving]: [1;33m434[0m[0m
[self_driving-10] [0m[INFO] [1782503463.784341096] [self_driving]: DEBUG_DRIVE lane_x=134.5, linear=0.15, linear_y=0.00, angular=-0.10, stop=False, crosswalk_distance=434, start_slow_down=False[0m
[self_driving-10] [0m[INFO] [1782503463.828179707] [self_driving]: [1;33m434[0m[0m
[self_driving-10] [0m[INFO] [1782503463.831776967] [self_driving]: DEBUG_DRIVE lane_x=130.0, linear=0.15, linear_y=0.00, angular=0.10, stop=False, crosswalk_distance=434, start_slow_down=False[0m
[self_driving-10] [0m[INFO] [1782503463.885639633] [self_driving]: [1;33m434[0m[0m
[self_driving-10] [0m[INFO] [1782503463.887445281] [self_driving]: DEBUG_DRIVE lane_x=126.5, linear=0.15, linear_y=0.00, angular=0.10, stop=False, crosswalk_distance=434, start_slow_down=False[0m
[self_driving-10] [0m[INFO] [1782503463.969000707] [self_driving]: [1;33m434[0m[0m
[self_driving-10] [0m[INFO] [1782503463.970947096] [self_driving]: DEBUG_DRIVE lane_x=123.0, linear=0.15, linear_y=0.00, angular=0.10, stop=False, crosswalk_distance=434, start_slow_down=True[0m
[self_driving-10] [0m[INFO] [1782503464.035286041] [self_driving]: [1;33m434[0m[0m
[self_driving-10] [0m[INFO] [1782503464.038388781] [self_driving]: DEBUG_DRIVE lane_x=128.0, linear=0.15, linear_y=0.00, angular=-0.10, stop=False, crosswalk_distance=434, start_slow_down=True[0m
[self_driving-10] [0m[INFO] [1782503464.110815781] [self_driving]: [1;33m434[0m[0m
[self_driving-10] [0m[INFO] [1782503464.112115837] [self_driving]: DEBUG_DRIVE lane_x=127.5, linear=0.15, linear_y=0.00, angular=0.10, stop=False, crosswalk_distance=434, start_slow_down=True[0m
[self_driving-10] [0m[INFO] [1782503464.189029966] [self_driving]: [1;33m434[0m[0m
[self_driving-10] [0m[INFO] [1782503464.191539411] [self_driving]: DEBUG_DRIVE lane_x=132.0, linear=0.15, linear_y=0.00, angular=-0.10, stop=False, crosswalk_distance=434, start_slow_down=True[0m
[self_driving-10] [0m[INFO] [1782503464.235552911] [self_driving]: [1;33m434[0m[0m
[self_driving-10] [0m[INFO] [1782503464.237583059] [self_driving]: DEBUG_DRIVE lane_x=131.0, linear=0.15, linear_y=0.00, angular=0.10, stop=False, crosswalk_distance=434, start_slow_down=True[0m
[self_driving-10] [0m[INFO] [1782503464.288213948] [self_driving]: [1;33m434[0m[0m
[self_driving-10] [0m[INFO] [1782503464.292044133] [self_driving]: DEBUG_DRIVE lane_x=135.0, linear=0.15, linear_y=0.00, angular=-0.10, stop=False, crosswalk_distance=434, start_slow_down=True[0m
[self_driving-10] [0m[INFO] [1782503464.372183837] [self_driving]: [1;33m434[0m[0m
[self_driving-10] [0m[INFO] [1782503464.376251726] [self_driving]: DEBUG_DRIVE lane_x=138.0, linear=0.15, linear_y=0.00, angular=-0.10, stop=False, crosswalk_distance=434, start_slow_down=True[0m
[self_driving-10] [0m[INFO] [1782503464.439468022] [self_driving]: [1;33m434[0m[0m
[self_driving-10] [0m[INFO] [1782503464.440776800] [self_driving]: DEBUG_DRIVE lane_x=136.5, linear=0.15, linear_y=0.00, angular=-0.10, stop=False, crosswalk_distance=434, start_slow_down=True[0m
[self_driving-10] [0m[INFO] [1782503464.522521077] [self_driving]: [1;33m434[0m[0m
[self_driving-10] [0m[INFO] [1782503464.524529670] [self_driving]: DEBUG_DRIVE lane_x=139.0, linear=0.15, linear_y=0.00, angular=-0.10, stop=False, crosswalk_distance=434, start_slow_down=True[0m
[self_driving-10] [0m[INFO] [1782503464.566322800] [self_driving]: [1;33m434[0m[0m
[self_driving-10] [0m[INFO] [1782503464.567769448] [self_driving]: DEBUG_DRIVE lane_x=138.5, linear=0.15, linear_y=0.00, angular=-0.10, stop=False, crosswalk_distance=434, start_slow_down=True[0m
[self_driving-10] [0m[INFO] [1782503464.641597225] [self_driving]: [1;33m434[0m[0m
[self_driving-10] [0m[INFO] [1782503464.643996244] [self_driving]: DEBUG_DRIVE lane_x=139.0, linear=0.15, linear_y=0.00, angular=-0.10, stop=False, crosswalk_distance=434, start_slow_down=True[0m
[self_driving-10] [0m[INFO] [1782503464.693258411] [self_driving]: [1;33m434[0m[0m
[self_driving-10] [0m[INFO] [1782503464.696024170] [self_driving]: DEBUG_DRIVE lane_x=143.0, linear=0.15, linear_y=0.00, angular=-0.10, stop=False, crosswalk_distance=434, start_slow_down=True[0m
[self_driving-10] [0m[INFO] [1782503464.762888670] [self_driving]: [1;33m434[0m[0m
[self_driving-10] [0m[INFO] [1782503464.765517837] [self_driving]: DEBUG_DRIVE lane_x=146.5, linear=0.15, linear_y=0.00, angular=-0.10, stop=False, crosswalk_distance=434, start_slow_down=True[0m
[self_driving-10] [0m[INFO] [1782503464.838448818] [self_driving]: [1;33m434[0m[0m
[self_driving-10] [0m[INFO] [1782503464.840521207] [self_driving]: DEBUG_DRIVE lane_x=147.0, linear=0.15, linear_y=0.00, angular=-0.10, stop=False, crosswalk_distance=434, start_slow_down=True[0m
[self_driving-10] [0m[INFO] [1782503464.931123651] [self_driving]: [1;33m434[0m[0m
[self_driving-10] [0m[INFO] [1782503464.933225559] [self_driving]: DEBUG_DRIVE lane_x=145.5, linear=0.15, linear_y=0.00, angular=-0.10, stop=False, crosswalk_distance=434, start_slow_down=True[0m
[self_driving-10] [0m[INFO] [1782503464.969516262] [self_driving]: [1;33m434[0m[0m
[self_driving-10] [0m[INFO] [1782503464.971143170] [self_driving]: DEBUG_DRIVE lane_x=141.5, linear=0.15, linear_y=0.00, angular=-0.10, stop=False, crosswalk_distance=434, start_slow_down=True[0m
[self_driving-10] [0m[INFO] [1782503465.044569799] [self_driving]: [1;33m434[0m[0m
[self_driving-10] [0m[INFO] [1782503465.048934207] [self_driving]: DEBUG_DRIVE lane_x=139.5, linear=0.15, linear_y=0.00, angular=-0.10, stop=False, crosswalk_distance=434, start_slow_down=True[0m
[self_driving-10] [0m[INFO] [1782503465.107257447] [self_driving]: [1;33m434[0m[0m
[self_driving-10] [0m[INFO] [1782503465.108854114] [self_driving]: DEBUG_DRIVE lane_x=169.0, linear=0.15, linear_y=0.00, angular=-0.10, stop=False, crosswalk_distance=434, start_slow_down=True[0m
[self_driving-10] [0m[INFO] [1782503465.184665707] [self_driving]: [1;33m434[0m[0m
[self_driving-10] [0m[INFO] [1782503465.186022836] [self_driving]: DEBUG_DRIVE lane_x=191.0, linear=0.15, linear_y=0.00, angular=-0.10, stop=False, crosswalk_distance=434, start_slow_down=True[0m
[self_driving-10] [0m[INFO] [1782503465.246851521] [self_driving]: [1;33m434[0m[0m
[self_driving-10] [0m[INFO] [1782503465.248507392] [self_driving]: DEBUG_DRIVE lane_x=190.0, linear=0.15, linear_y=0.00, angular=-0.10, stop=False, crosswalk_distance=434, start_slow_down=True[0m
[self_driving-10] [0m[INFO] [1782503465.312610373] [self_driving]: [1;33m434[0m[0m
[self_driving-10] [0m[INFO] [1782503465.316092892] [self_driving]: DEBUG_DRIVE lane_x=187.5, linear=0.15, linear_y=0.00, angular=-0.10, stop=False, crosswalk_distance=434, start_slow_down=True[0m
[self_driving-10] [0m[INFO] [1782503465.380832299] [self_driving]: [1;33m434[0m[0m
[self_driving-10] [0m[INFO] [1782503465.383953447] [self_driving]: DEBUG_DRIVE lane_x=190.0, linear=0.15, linear_y=0.00, angular=-0.10, stop=False, crosswalk_distance=434, start_slow_down=True[0m
[self_driving-10] [0m[INFO] [1782503465.434368595] [self_driving]: [1;33m434[0m[0m
[self_driving-10] [0m[INFO] [1782503465.436122762] [self_driving]: DEBUG_DRIVE lane_x=192.0, linear=0.15, linear_y=0.00, angular=-0.10, stop=False, crosswalk_distance=434, start_slow_down=True[0m
[self_driving-10] [0m[INFO] [1782503465.506319892] [self_driving]: [1;33m434[0m[0m
[self_driving-10] [0m[INFO] [1782503465.508295058] [self_driving]: DEBUG_DRIVE lane_x=195.5, linear=0.15, linear_y=0.00, angular=-0.10, stop=False, crosswalk_distance=434, start_slow_down=True[0m
[self_driving-10] [0m[INFO] [1782503465.581130984] [self_driving]: [1;33m434[0m[0m
[self_driving-10] [0m[INFO] [1782503465.583876169] [self_driving]: DEBUG_DRIVE lane_x=193.0, linear=0.15, linear_y=0.00, angular=-0.10, stop=False, crosswalk_distance=434, start_slow_down=True[0m
[self_driving-10] [0m[INFO] [1782503465.662270892] [self_driving]: [1;33m434[0m[0m
[self_driving-10] [0m[INFO] [1782503465.668812040] [self_driving]: DEBUG_DRIVE lane_x=197.0, linear=0.15, linear_y=0.00, angular=-0.10, stop=False, crosswalk_distance=434, start_slow_down=True[0m
[self_driving-10] [0m[INFO] [1782503465.703657410] [self_driving]: [1;33m434[0m[0m
[self_driving-10] [0m[INFO] [1782503465.708733466] [self_driving]: DEBUG_DRIVE lane_x=200.5, linear=0.15, linear_y=0.00, angular=-0.45, stop=False, crosswalk_distance=434, start_slow_down=True[0m
[self_driving-10] [0m[INFO] [1782503465.787480132] [self_driving]: [1;33m434[0m[0m
[self_driving-10] [0m[INFO] [1782503465.788848040] [self_driving]: DEBUG_DRIVE lane_x=204.0, linear=0.15, linear_y=0.00, angular=-0.45, stop=False, crosswalk_distance=434, start_slow_down=True[0m
[self_driving-10] [0m[INFO] [1782503465.852268947] [self_driving]: [1;33m434[0m[0m
[self_driving-10] [0m[INFO] [1782503465.854860965] [self_driving]: DEBUG_DRIVE lane_x=210.5, linear=0.15, linear_y=0.00, angular=-0.45, stop=False, crosswalk_distance=434, start_slow_down=True[0m
[self_driving-10] [0m[INFO] [1782503465.915062688] [self_driving]: [1;33m434[0m[0m
[self_driving-10] [0m[INFO] [1782503465.916837651] [self_driving]: DEBUG_DRIVE lane_x=211.0, linear=0.15, linear_y=0.00, angular=-0.45, stop=False, crosswalk_distance=434, start_slow_down=True[0m
[self_driving-10] [0m[INFO] [1782503465.975937595] [self_driving]: [1;33m434[0m[0m
[self_driving-10] [0m[INFO] [1782503465.979082169] [self_driving]: DEBUG_DRIVE lane_x=211.0, linear=0.15, linear_y=0.00, angular=-0.45, stop=False, crosswalk_distance=434, start_slow_down=True[0m
[self_driving-10] [0m[INFO] [1782503466.101505706] [self_driving]: [1;33m434[0m[0m
[self_driving-10] [0m[INFO] [1782503466.106874613] [self_driving]: DEBUG_DRIVE lane_x=220.0, linear=0.15, linear_y=0.00, angular=-0.45, stop=False, crosswalk_distance=434, start_slow_down=True[0m
[self_driving-10] [0m[INFO] [1782503466.137280780] [self_driving]: [1;33m434[0m[0m
[self_driving-10] [0m[INFO] [1782503466.140100688] [self_driving]: DEBUG_DRIVE lane_x=289.0, linear=0.15, linear_y=0.00, angular=-0.45, stop=False, crosswalk_distance=434, start_slow_down=True[0m
[self_driving-10] [0m[INFO] [1782503466.185390410] [self_driving]: [1;33m434[0m[0m
[self_driving-10] [0m[INFO] [1782503466.189283002] [self_driving]: DEBUG_DRIVE lane_x=289.0, linear=0.15, linear_y=0.00, angular=-0.45, stop=False, crosswalk_distance=434, start_slow_down=True[0m
[self_driving-10] [0m[INFO] [1782503466.250398262] [self_driving]: [1;33m434[0m[0m
[self_driving-10] [0m[INFO] [1782503466.252340613] [self_driving]: DEBUG_DRIVE lane_x=286.0, linear=0.15, linear_y=0.00, angular=-0.45, stop=False, crosswalk_distance=434, start_slow_down=True[0m
[self_driving-10] [0m[INFO] [1782503466.315682410] [self_driving]: [1;33m434[0m[0m
[self_driving-10] [0m[INFO] [1782503466.317783743] [self_driving]: DEBUG_DRIVE lane_x=108.0, linear=0.15, linear_y=0.00, angular=0.00, stop=False, crosswalk_distance=434, start_slow_down=True[0m
[self_driving-10] [0m[INFO] [1782503466.373687910] [self_driving]: [1;33m434[0m[0m
[self_driving-10] [0m[INFO] [1782503466.374695724] [self_driving]: DEBUG_DRIVE lane_x=99.0, linear=0.15, linear_y=0.00, angular=0.00, stop=False, crosswalk_distance=434, start_slow_down=True[0m
[self_driving-10] [0m[INFO] [1782503466.439511854] [self_driving]: [1;33m434[0m[0m
[self_driving-10] [0m[INFO] [1782503466.441440373] [self_driving]: DEBUG_DRIVE lane_x=148.5, linear=0.15, linear_y=0.00, angular=0.00, stop=False, crosswalk_distance=434, start_slow_down=True[0m
[self_driving-10] [0m[INFO] [1782503466.525499150] [self_driving]: [1;33m434[0m[0m
[self_driving-10] [0m[INFO] [1782503466.526876243] [self_driving]: DEBUG_DRIVE lane_x=159.5, linear=0.15, linear_y=0.00, angular=0.00, stop=False, crosswalk_distance=434, start_slow_down=True[0m
[self_driving-10] [0m[INFO] [1782503466.585841613] [self_driving]: [1;33m434[0m[0m
[self_driving-10] [0m[INFO] [1782503466.587149243] [self_driving]: DEBUG_DRIVE lane_x=159.5, linear=0.15, linear_y=0.00, angular=0.00, stop=False, crosswalk_distance=434, start_slow_down=True[0m
[self_driving-10] [0m[INFO] [1782503466.646829872] [self_driving]: [1;33m434[0m[0m
[self_driving-10] [0m[INFO] [1782503466.647847669] [self_driving]: DEBUG_DRIVE lane_x=159.5, linear=0.15, linear_y=0.00, angular=0.00, stop=False, crosswalk_distance=434, start_slow_down=False[0m
[self_driving-10] [0m[INFO] [1782503466.719241613] [self_driving]: [1;33m434[0m[0m
[self_driving-10] [0m[INFO] [1782503466.720742095] [self_driving]: DEBUG_DRIVE lane_x=159.5, linear=0.15, linear_y=0.00, angular=0.00, stop=False, crosswalk_distance=434, start_slow_down=False[0m
[self_driving-10] [0m[INFO] [1782503466.785311798] [self_driving]: [1;33m434[0m[0m
[self_driving-10] [0m[INFO] [1782503466.789003724] [self_driving]: DEBUG_DRIVE lane_x=219.0, linear=0.15, linear_y=0.00, angular=-0.45, stop=False, crosswalk_distance=434, start_slow_down=False[0m
[self_driving-10] [0m[INFO] [1782503466.878119743] [self_driving]: [1;33m434[0m[0m
[self_driving-10] [0m[INFO] [1782503466.879253391] [self_driving]: DEBUG_DRIVE lane_x=223.5, linear=0.15, linear_y=0.00, angular=-0.45, stop=False, crosswalk_distance=434, start_slow_down=True[0m
[self_driving-10] [0m[INFO] [1782503466.920777261] [self_driving]: [1;33m434[0m[0m
[self_driving-10] [0m[INFO] [1782503466.922363354] [self_driving]: DEBUG_DRIVE lane_x=225.5, linear=0.15, linear_y=0.00, angular=-0.45, stop=False, crosswalk_distance=434, start_slow_down=True[0m
[self_driving-10] [0m[INFO] [1782503466.984727891] [self_driving]: [1;33m434[0m[0m
[self_driving-10] [0m[INFO] [1782503466.986783594] [self_driving]: DEBUG_DRIVE lane_x=276.0, linear=0.15, linear_y=0.00, angular=-0.45, stop=False, crosswalk_distance=434, start_slow_down=True[0m
[self_driving-10] [0m[INFO] [1782503467.064655502] [self_driving]: [1;33m434[0m[0m
[self_driving-10] [0m[INFO] [1782503467.065643817] [self_driving]: DEBUG_DRIVE lane_x=288.0, linear=0.15, linear_y=0.00, angular=-0.45, stop=False, crosswalk_distance=434, start_slow_down=True[0m
[self_driving-10] [0m[INFO] [1782503467.131466150] [self_driving]: [1;33m434[0m[0m
[self_driving-10] [0m[INFO] [1782503467.132794705] [self_driving]: DEBUG_DRIVE lane_x=294.0, linear=0.15, linear_y=0.00, angular=-0.45, stop=False, crosswalk_distance=434, start_slow_down=True[0m
[self_driving-10] [0m[INFO] [1782503467.193958057] [self_driving]: [1;33m434[0m[0m
[self_driving-10] [0m[INFO] [1782503467.196184391] [self_driving]: DEBUG_DRIVE lane_x=303.0, linear=0.15, linear_y=0.00, angular=-0.45, stop=False, crosswalk_distance=434, start_slow_down=True[0m
[self_driving-10] [0m[INFO] [1782503467.277598761] [self_driving]: [1;33m434[0m[0m
[self_driving-10] [0m[INFO] [1782503467.279803354] [self_driving]: DEBUG_DRIVE lane_x=308.0, linear=0.15, linear_y=0.00, angular=-0.45, stop=False, crosswalk_distance=434, start_slow_down=True[0m
[self_driving-10] [0m[INFO] [1782503467.331199557] [self_driving]: [1;33m434[0m[0m
[self_driving-10] [0m[INFO] [1782503467.336520724] [self_driving]: DEBUG_DRIVE lane_x=303.0, linear=0.15, linear_y=0.00, angular=-0.45, stop=False, crosswalk_distance=434, start_slow_down=True[0m
[self_driving-10] [0m[INFO] [1782503467.399386057] [self_driving]: [1;33m434[0m[0m
[self_driving-10] [0m[INFO] [1782503467.400672853] [self_driving]: DEBUG_DRIVE lane_x=308.0, linear=0.15, linear_y=0.00, angular=-0.45, stop=False, crosswalk_distance=434, start_slow_down=True[0m
[self_driving-10] [0m[INFO] [1782503467.460256539] [self_driving]: [1;33m434[0m[0m
[self_driving-10] [0m[INFO] [1782503467.461511002] [self_driving]: DEBUG_DRIVE lane_x=206.5, linear=0.15, linear_y=0.00, angular=-0.45, stop=False, crosswalk_distance=434, start_slow_down=True[0m
[self_driving-10] [0m[INFO] [1782503467.534160576] [self_driving]: [1;33m434[0m[0m
[self_driving-10] [0m[INFO] [1782503467.540718557] [self_driving]: DEBUG_DRIVE lane_x=214.0, linear=0.15, linear_y=0.00, angular=-0.45, stop=False, crosswalk_distance=434, start_slow_down=True[0m
[self_driving-10] [0m[INFO] [1782503467.581642483] [self_driving]: [1;33m434[0m[0m
[self_driving-10] [0m[INFO] [1782503467.586724687] [self_driving]: DEBUG_DRIVE lane_x=222.5, linear=0.15, linear_y=0.00, angular=-0.45, stop=False, crosswalk_distance=434, start_slow_down=True[0m
[self_driving-10] [0m[INFO] [1782503467.660490446] [self_driving]: [1;33m434[0m[0m
[self_driving-10] [0m[INFO] [1782503467.661961020] [self_driving]: DEBUG_DRIVE lane_x=225.5, linear=0.15, linear_y=0.00, angular=-0.45, stop=False, crosswalk_distance=434, start_slow_down=True[0m
[self_driving-10] [0m[INFO] [1782503467.735272372] [self_driving]: [1;33m434[0m[0m
[self_driving-10] [0m[INFO] [1782503467.736279761] [self_driving]: DEBUG_DRIVE lane_x=231.5, linear=0.15, linear_y=0.00, angular=-0.45, stop=False, crosswalk_distance=434, start_slow_down=True[0m
[self_driving-10] [0m[INFO] [1782503467.796352909] [self_driving]: [1;33m434[0m[0m
[self_driving-10] [0m[INFO] [1782503467.797876372] [self_driving]: DEBUG_DRIVE lane_x=234.5, linear=0.15, linear_y=0.00, angular=-0.45, stop=False, crosswalk_distance=434, start_slow_down=True[0m
[self_driving-10] [0m[INFO] [1782503467.852474390] [self_driving]: [1;33m434[0m[0m
[self_driving-10] [0m[INFO] [1782503467.854290279] [self_driving]: DEBUG_DRIVE lane_x=240.5, linear=0.15, linear_y=0.00, angular=-0.45, stop=False, crosswalk_distance=434, start_slow_down=True[0m
[self_driving-10] [0m[INFO] [1782503467.931450798] [self_driving]: [1;33m434[0m[0m
[self_driving-10] [0m[INFO] [1782503467.932726390] [self_driving]: DEBUG_DRIVE lane_x=240.0, linear=0.15, linear_y=0.00, angular=-0.45, stop=False, crosswalk_distance=434, start_slow_down=True[0m
[self_driving-10] [0m[INFO] [1782503468.009618483] [self_driving]: [1;33m434[0m[0m
[self_driving-10] [0m[INFO] [1782503468.015492057] [self_driving]: DEBUG_DRIVE lane_x=309.0, linear=0.15, linear_y=0.00, angular=-0.45, stop=False, crosswalk_distance=434, start_slow_down=True[0m
[self_driving-10] [0m[INFO] [1782503468.082166427] [self_driving]: [1;33m434[0m[0m
[self_driving-10] [0m[INFO] [1782503468.091954723] [self_driving]: DEBUG_DRIVE lane_x=307.5, linear=0.15, linear_y=0.00, angular=-0.45, stop=False, crosswalk_distance=434, start_slow_down=True[0m
[self_driving-10] [0m[INFO] [1782503468.141897131] [self_driving]: [1;33m434[0m[0m
[self_driving-10] [0m[INFO] [1782503468.144541649] [self_driving]: DEBUG_DRIVE lane_x=303.5, linear=0.15, linear_y=0.00, angular=-0.45, stop=False, crosswalk_distance=434, start_slow_down=True[0m
[self_driving-10] [0m[INFO] [1782503468.194791779] [self_driving]: [1;33m434[0m[0m
[self_driving-10] [0m[INFO] [1782503468.199938168] [self_driving]: DEBUG_DRIVE lane_x=298.0, linear=0.15, linear_y=0.00, angular=-0.45, stop=False, crosswalk_distance=434, start_slow_down=True[0m
[self_driving-10] [0m[INFO] [1782503468.269554353] [self_driving]: [1;33m434[0m[0m
[self_driving-10] [0m[INFO] [1782503468.274175446] [self_driving]: DEBUG_DRIVE lane_x=289.0, linear=0.15, linear_y=0.00, angular=-0.45, stop=False, crosswalk_distance=434, start_slow_down=True[0m
[self_driving-10] [0m[INFO] [1782503468.338837760] [self_driving]: [1;33m434[0m[0m
[self_driving-10] [0m[INFO] [1782503468.340967075] [self_driving]: DEBUG_DRIVE lane_x=283.5, linear=0.15, linear_y=0.00, angular=-0.45, stop=False, crosswalk_distance=434, start_slow_down=True[0m
[self_driving-10] [0m[INFO] [1782503468.402924631] [self_driving]: [1;33m434[0m[0m
[self_driving-10] [0m[INFO] [1782503468.404304945] [self_driving]: DEBUG_DRIVE lane_x=280.0, linear=0.15, linear_y=0.00, angular=-0.45, stop=False, crosswalk_distance=434, start_slow_down=True[0m
[self_driving-10] [0m[INFO] [1782503468.479227871] [self_driving]: [1;33m434[0m[0m
[self_driving-10] [0m[INFO] [1782503468.491006316] [self_driving]: DEBUG_DRIVE lane_x=270.5, linear=0.15, linear_y=0.00, angular=-0.45, stop=False, crosswalk_distance=434, start_slow_down=True[0m
[self_driving-10] [0m[INFO] [1782503468.543002705] [self_driving]: [1;33m434[0m[0m
[self_driving-10] [0m[INFO] [1782503468.544541242] [self_driving]: DEBUG_DRIVE lane_x=260.5, linear=0.15, linear_y=0.00, angular=-0.45, stop=False, crosswalk_distance=434, start_slow_down=True[0m
[self_driving-10] [0m[INFO] [1782503468.604956223] [self_driving]: [1;33m434[0m[0m
[self_driving-10] [0m[INFO] [1782503468.608549075] [self_driving]: DEBUG_DRIVE lane_x=271.5, linear=0.15, linear_y=0.00, angular=-0.45, stop=False, crosswalk_distance=434, start_slow_down=True[0m
[self_driving-10] [0m[INFO] [1782503468.672584056] [self_driving]: [1;33m434[0m[0m
[self_driving-10] [0m[INFO] [1782503468.675705593] [self_driving]: DEBUG_DRIVE lane_x=269.0, linear=0.15, linear_y=0.00, angular=-0.45, stop=False, crosswalk_distance=434, start_slow_down=True[0m
[self_driving-10] [0m[INFO] [1782503468.732571390] [self_driving]: [1;33m434[0m[0m
[self_driving-10] [0m[INFO] [1782503468.734589538] [self_driving]: DEBUG_DRIVE lane_x=309.5, linear=0.15, linear_y=0.00, angular=-0.45, stop=False, crosswalk_distance=434, start_slow_down=True[0m
[self_driving-10] [0m[INFO] [1782503468.792659242] [self_driving]: [1;33m434[0m[0m
[self_driving-10] [0m[INFO] [1782503468.794759927] [self_driving]: DEBUG_DRIVE lane_x=297.5, linear=0.15, linear_y=0.00, angular=-0.45, stop=False, crosswalk_distance=434, start_slow_down=True[0m
[self_driving-10] [0m[INFO] [1782503468.887809112] [self_driving]: [1;33m434[0m[0m
[self_driving-10] [0m[INFO] [1782503468.889057741] [self_driving]: DEBUG_DRIVE lane_x=289.0, linear=0.15, linear_y=0.00, angular=-0.45, stop=False, crosswalk_distance=434, start_slow_down=True[0m
[self_driving-10] [0m[INFO] [1782503468.948099130] [self_driving]: [1;33m434[0m[0m
[self_driving-10] [0m[INFO] [1782503468.950416612] [self_driving]: DEBUG_DRIVE lane_x=284.0, linear=0.15, linear_y=0.00, angular=-0.45, stop=False, crosswalk_distance=434, start_slow_down=True[0m
[self_driving-10] [0m[INFO] [1782503469.006955334] [self_driving]: [1;33m434[0m[0m
[self_driving-10] [0m[INFO] [1782503469.010936371] [self_driving]: DEBUG_DRIVE lane_x=274.5, linear=0.15, linear_y=0.00, angular=-0.45, stop=False, crosswalk_distance=434, start_slow_down=True[0m
[self_driving-10] [0m[INFO] [1782503469.075221019] [self_driving]: [1;33m434[0m[0m
[self_driving-10] [0m[INFO] [1782503469.076541001] [self_driving]: DEBUG_DRIVE lane_x=259.0, linear=0.15, linear_y=0.00, angular=-0.45, stop=False, crosswalk_distance=434, start_slow_down=True[0m
[self_driving-10] [0m[INFO] [1782503469.127084964] [self_driving]: [1;33m434[0m[0m
[self_driving-10] [0m[INFO] [1782503469.129752908] [self_driving]: DEBUG_DRIVE lane_x=245.0, linear=0.15, linear_y=0.00, angular=-0.45, stop=False, crosswalk_distance=434, start_slow_down=True[0m
[self_driving-10] [0m[INFO] [1782503469.201079149] [self_driving]: [1;33m434[0m[0m
[self_driving-10] [0m[INFO] [1782503469.205821352] [self_driving]: DEBUG_DRIVE lane_x=223.5, linear=0.15, linear_y=0.00, angular=-0.45, stop=False, crosswalk_distance=434, start_slow_down=True[0m
[self_driving-10] [0m[INFO] [1782503469.264559852] [self_driving]: [1;33m434[0m[0m
[self_driving-10] [0m[INFO] [1782503469.267816445] [self_driving]: DEBUG_DRIVE lane_x=208.0, linear=0.15, linear_y=0.00, angular=-0.45, stop=False, crosswalk_distance=434, start_slow_down=True[0m
[self_driving-10] [0m[INFO] [1782503469.360441223] [self_driving]: [1;33m434[0m[0m
[self_driving-10] [0m[INFO] [1782503469.363716537] [self_driving]: DEBUG_DRIVE lane_x=195.0, linear=0.15, linear_y=0.00, angular=-0.10, stop=False, crosswalk_distance=434, start_slow_down=True[0m
[self_driving-10] [0m[INFO] [1782503469.399010334] [self_driving]: [1;33m434[0m[0m
[self_driving-10] [0m[INFO] [1782503469.405494834] [self_driving]: DEBUG_DRIVE lane_x=182.5, linear=0.15, linear_y=0.00, angular=-0.10, stop=False, crosswalk_distance=434, start_slow_down=True[0m
[self_driving-10] [0m[INFO] [1782503469.463911945] [self_driving]: [1;33m434[0m[0m
[self_driving-10] [0m[INFO] [1782503469.465431982] [self_driving]: DEBUG_DRIVE lane_x=157.0, linear=0.15, linear_y=0.00, angular=0.10, stop=False, crosswalk_distance=434, start_slow_down=True[0m
[self_driving-10] [0m[INFO] [1782503469.545414778] [self_driving]: [1;33m434[0m[0m
[self_driving-10] [0m[INFO] [1782503469.547885093] [self_driving]: DEBUG_DRIVE lane_x=145.0, linear=0.15, linear_y=0.00, angular=-0.10, stop=False, crosswalk_distance=434, start_slow_down=False[0m
[self_driving-10] [0m[INFO] [1782503469.612949148] [self_driving]: [1;33m434[0m[0m
[self_driving-10] [0m[INFO] [1782503469.615632130] [self_driving]: objects=1[0m
[self_driving-10] [0m[INFO] [1782503469.617826148] [self_driving]: [DET] crosswalk: cx=591, cy=189, box=array('i', [543, 185, 639, 193]), score=0.77[0m
[self_driving-10] [0m[INFO] [1782503469.618491556] [self_driving]: DEBUG_DRIVE lane_x=147.0, linear=0.15, linear_y=0.00, angular=-0.10, stop=False, crosswalk_distance=434, start_slow_down=False[0m
[self_driving-10] [0m[INFO] [1782503469.626211463] [self_driving]: objects=1[0m
[self_driving-10] [0m[INFO] [1782503469.627572371] [self_driving]: [DET] right: cx=470, cy=129, box=array('i', [458, 116, 482, 143]), score=0.66[0m
[self_driving-10] [0m[INFO] [1782503469.693558204] [self_driving]: [1;33m0[0m[0m
[self_driving-10] [0m[INFO] [1782503469.696488408] [self_driving]: DEBUG_DRIVE lane_x=146.5, linear=0.30, linear_y=0.00, angular=-0.10, stop=False, crosswalk_distance=0, start_slow_down=False[0m
[self_driving-10] [0m[INFO] [1782503469.759345982] [self_driving]: [1;33m0[0m[0m
[self_driving-10] [0m[INFO] [1782503469.760583759] [self_driving]: DEBUG_DRIVE lane_x=144.5, linear=0.30, linear_y=0.00, angular=-0.10, stop=False, crosswalk_distance=0, start_slow_down=False[0m
[self_driving-10] [0m[INFO] [1782503469.802179593] [self_driving]: [1;33m0[0m[0m
[self_driving-10] [0m[INFO] [1782503469.804016556] [self_driving]: DEBUG_DRIVE lane_x=134.5, linear=0.30, linear_y=0.00, angular=0.10, stop=False, crosswalk_distance=0, start_slow_down=False[0m
[self_driving-10] [0m[INFO] [1782503469.868254945] [self_driving]: [1;33m0[0m[0m
[self_driving-10] [0m[INFO] [1782503469.869409408] [self_driving]: DEBUG_DRIVE lane_x=134.5, linear=0.30, linear_y=0.00, angular=-0.10, stop=False, crosswalk_distance=0, start_slow_down=False[0m
[self_driving-10] [0m[INFO] [1782503469.949444926] [self_driving]: [1;33m0[0m[0m
[self_driving-10] [0m[INFO] [1782503469.950872796] [self_driving]: DEBUG_DRIVE lane_x=132.5, linear=0.30, linear_y=0.00, angular=-0.10, stop=False, crosswalk_distance=0, start_slow_down=False[0m
[self_driving-10] [0m[INFO] [1782503469.976693593] [self_driving]: objects=1[0m
[self_driving-10] [0m[INFO] [1782503469.977889111] [self_driving]: [DET] crosswalk: cx=522, cy=224, box=array('i', [406, 215, 639, 234]), score=0.89[0m
[self_driving-10] [0m[INFO] [1782503469.981371074] [self_driving]: objects=1[0m
[self_driving-10] [0m[INFO] [1782503469.982512074] [self_driving]: [DET] crosswalk: cx=523, cy=188, box=array('i', [437, 184, 610, 192]), score=0.74[0m
[self_driving-10] [0m[INFO] [1782503470.039337185] [self_driving]: [1;33m188[0m[0m
[self_driving-10] [0m[INFO] [1782503470.048433556] [self_driving]: DEBUG_DRIVE lane_x=132.0, linear=0.15, linear_y=0.00, angular=-0.10, stop=False, crosswalk_distance=188, start_slow_down=False[0m
[self_driving-10] [0m[INFO] [1782503470.091883981] [self_driving]: [1;33m188[0m[0m
[self_driving-10] [0m[INFO] [1782503470.093249000] [self_driving]: DEBUG_DRIVE lane_x=124.5, linear=0.15, linear_y=0.00, angular=0.10, stop=False, crosswalk_distance=188, start_slow_down=False[0m
[self_driving-10] [0m[INFO] [1782503470.148781018] [self_driving]: [1;33m188[0m[0m
[self_driving-10] [0m[INFO] [1782503470.150926778] [self_driving]: DEBUG_DRIVE lane_x=118.5, linear=0.15, linear_y=0.00, angular=0.10, stop=False, crosswalk_distance=188, start_slow_down=True[0m
[self_driving-10] [0m[INFO] [1782503470.220709944] [self_driving]: [1;33m188[0m[0m
[self_driving-10] [0m[INFO] [1782503470.221824926] [self_driving]: DEBUG_DRIVE lane_x=112.0, linear=0.15, linear_y=0.00, angular=0.10, stop=False, crosswalk_distance=188, start_slow_down=True[0m
[self_driving-10] [0m[INFO] [1782503470.285917463] [self_driving]: [1;33m188[0m[0m
[self_driving-10] [0m[INFO] [1782503470.287030537] [self_driving]: DEBUG_DRIVE lane_x=121.5, linear=0.15, linear_y=0.00, angular=-0.10, stop=False, crosswalk_distance=188, start_slow_down=True[0m
[self_driving-10] [0m[INFO] [1782503470.341652815] [self_driving]: [1;33m188[0m[0m
[self_driving-10] [0m[INFO] [1782503470.345468204] [self_driving]: DEBUG_DRIVE lane_x=121.5, linear=0.15, linear_y=0.00, angular=0.10, stop=False, crosswalk_distance=188, start_slow_down=True[0m
[self_driving-10] [0m[INFO] [1782503470.391982222] [self_driving]: objects=1[0m
[self_driving-10] [0m[INFO] [1782503470.397962907] [self_driving]: [DET] crosswalk: cx=443, cy=186, box=array('i', [362, 182, 524, 190]), score=0.77[0m
[self_driving-10] [0m[INFO] [1782503470.442153592] [self_driving]: [1;33m186[0m[0m
[self_driving-10] [0m[INFO] [1782503470.443997352] [self_driving]: DEBUG_DRIVE lane_x=125.0, linear=0.15, linear_y=0.00, angular=0.10, stop=False, crosswalk_distance=186, start_slow_down=True[0m
[self_driving-10] [0m[INFO] [1782503470.484078315] [self_driving]: [1;33m186[0m[0m
[self_driving-10] [0m[INFO] [1782503470.486496463] [self_driving]: DEBUG_DRIVE lane_x=125.0, linear=0.15, linear_y=0.00, angular=0.10, stop=False, crosswalk_distance=186, start_slow_down=True[0m
[self_driving-10] [0m[INFO] [1782503470.545106259] [self_driving]: [1;33m186[0m[0m
[self_driving-10] [0m[INFO] [1782503470.547012611] [self_driving]: DEBUG_DRIVE lane_x=129.0, linear=0.15, linear_y=0.00, angular=-0.10, stop=False, crosswalk_distance=186, start_slow_down=True[0m
[self_driving-10] [0m[INFO] [1782503470.618642222] [self_driving]: [1;33m186[0m[0m
[self_driving-10] [0m[INFO] [1782503470.619894185] [self_driving]: DEBUG_DRIVE lane_x=133.0, linear=0.15, linear_y=0.00, angular=-0.10, stop=False, crosswalk_distance=186, start_slow_down=True[0m
[self_driving-10] [0m[INFO] [1782503470.688899833] [self_driving]: [1;33m186[0m[0m
[self_driving-10] [0m[INFO] [1782503470.691756666] [self_driving]: DEBUG_DRIVE lane_x=138.5, linear=0.15, linear_y=0.00, angular=-0.10, stop=False, crosswalk_distance=186, start_slow_down=True[0m
[self_driving-10] [0m[INFO] [1782503470.751145740] [self_driving]: [1;33m186[0m[0m
[self_driving-10] [0m[INFO] [1782503470.754180463] [self_driving]: DEBUG_DRIVE lane_x=134.0, linear=0.15, linear_y=0.00, angular=0.10, stop=False, crosswalk_distance=186, start_slow_down=True[0m
[self_driving-10] [0m[INFO] [1782503470.759012388] [self_driving]: objects=1[0m
[self_driving-10] [0m[INFO] [1782503470.760305129] [self_driving]: [DET] crosswalk: cx=420, cy=234, box=array('i', [257, 223, 583, 246]), score=0.87[0m
[self_driving-10] [0m[INFO] [1782503470.764370944] [self_driving]: objects=1[0m
[self_driving-10] [0m[INFO] [1782503470.765934370] [self_driving]: [DET] crosswalk: cx=388, cy=191, box=array('i', [303, 187, 474, 195]), score=0.75[0m
[self_driving-10] [0m[INFO] [1782503470.830208351] [self_driving]: [1;33m191[0m[0m
[self_driving-10] [0m[INFO] [1782503470.834742037] [self_driving]: DEBUG_DRIVE lane_x=136.5, linear=0.15, linear_y=0.00, angular=-0.10, stop=False, crosswalk_distance=191, start_slow_down=True[0m
[self_driving-10] [0m[INFO] [1782503470.893496425] [self_driving]: [1;33m191[0m[0m
[self_driving-10] [0m[INFO] [1782503470.899691370] [self_driving]: DEBUG_DRIVE lane_x=128.0, linear=0.15, linear_y=0.00, angular=0.10, stop=False, crosswalk_distance=191, start_slow_down=True[0m
[self_driving-10] [0m[INFO] [1782503470.954624777] [self_driving]: [1;33m191[0m[0m
[self_driving-10] [0m[INFO] [1782503470.957430185] [self_driving]: DEBUG_DRIVE lane_x=131.5, linear=0.15, linear_y=0.00, angular=-0.10, stop=False, crosswalk_distance=191, start_slow_down=True[0m
[self_driving-10] [0m[INFO] [1782503471.019128611] [self_driving]: [1;33m191[0m[0m
[self_driving-10] [0m[INFO] [1782503471.020906203] [self_driving]: DEBUG_DRIVE lane_x=128.0, linear=0.15, linear_y=0.00, angular=0.10, stop=False, crosswalk_distance=191, start_slow_down=True[0m
[self_driving-10] [0m[INFO] [1782503471.097310888] [self_driving]: [1;33m191[0m[0m
[self_driving-10] [0m[INFO] [1782503471.099215888] [self_driving]: DEBUG_DRIVE lane_x=130.0, linear=0.15, linear_y=0.00, angular=-0.10, stop=False, crosswalk_distance=191, start_slow_down=True[0m
[self_driving-10] [0m[INFO] [1782503471.124709351] [self_driving]: objects=1[0m
[self_driving-10] [0m[INFO] [1782503471.125217259] [self_driving]: [DET] crosswalk: cx=423, cy=249, box=array('i', [227, 235, 619, 263]), score=0.89[0m
[self_driving-10] [0m[INFO] [1782503471.129001388] [self_driving]: objects=1[0m
[self_driving-10] [0m[INFO] [1782503471.129666036] [self_driving]: [DET] crosswalk: cx=374, cy=191, box=array('i', [283, 187, 466, 195]), score=0.77[0m
[self_driving-10] [0m[INFO] [1782503471.158355722] [self_driving]: [1;33m191[0m[0m
[self_driving-10] [0m[INFO] [1782503471.167798185] [self_driving]: DEBUG_DRIVE lane_x=127.5, linear=0.15, linear_y=0.00, angular=0.10, stop=False, crosswalk_distance=191, start_slow_down=True[0m
[self_driving-10] [0m[INFO] [1782503471.226010962] [self_driving]: [1;33m191[0m[0m
[self_driving-10] [0m[INFO] [1782503471.228941629] [self_driving]: DEBUG_DRIVE lane_x=127.5, linear=0.15, linear_y=0.00, angular=0.10, stop=False, crosswalk_distance=191, start_slow_down=True[0m
[self_driving-10] [0m[INFO] [1782503471.286949647] [self_driving]: [1;33m191[0m[0m
[self_driving-10] [0m[INFO] [1782503471.288810777] [self_driving]: DEBUG_DRIVE lane_x=127.5, linear=0.15, linear_y=0.00, angular=0.10, stop=False, crosswalk_distance=191, start_slow_down=True[0m
[self_driving-10] [0m[INFO] [1782503471.358541018] [self_driving]: [1;33m191[0m[0m
[self_driving-10] [0m[INFO] [1782503471.359632370] [self_driving]: DEBUG_DRIVE lane_x=129.0, linear=0.15, linear_y=0.00, angular=-0.10, stop=False, crosswalk_distance=191, start_slow_down=True[0m
[self_driving-10] [0m[INFO] [1782503471.417532184] [self_driving]: [1;33m191[0m[0m
[self_driving-10] [0m[INFO] [1782503471.420109221] [self_driving]: DEBUG_DRIVE lane_x=136.5, linear=0.15, linear_y=0.00, angular=-0.10, stop=False, crosswalk_distance=191, start_slow_down=True[0m
[self_driving-10] [0m[INFO] [1782503471.480682388] [self_driving]: [1;33m191[0m[0m
[self_driving-10] [0m[INFO] [1782503471.483912499] [self_driving]: DEBUG_DRIVE lane_x=137.5, linear=0.15, linear_y=0.00, angular=-0.10, stop=False, crosswalk_distance=191, start_slow_down=True[0m
[self_driving-10] [0m[INFO] [1782503471.502953166] [self_driving]: objects=1[0m
[self_driving-10] [0m[INFO] [1782503471.504443221] [self_driving]: [DET] crosswalk: cx=425, cy=263, box=array('i', [210, 245, 640, 282]), score=0.89[0m
[self_driving-10] [0m[INFO] [1782503471.507540777] [self_driving]: objects=1[0m
[self_driving-10] [0m[INFO] [1782503471.509645814] [self_driving]: [DET] crosswalk: cx=382, cy=195, box=array('i', [286, 191, 479, 199]), score=0.76[0m
[self_driving-10] [0m[INFO] [1782503471.569251999] [self_driving]: [1;33m195[0m[0m
[self_driving-10] [0m[INFO] [1782503471.576811295] [self_driving]: DEBUG_DRIVE lane_x=137.5, linear=0.15, linear_y=0.00, angular=-0.10, stop=False, crosswalk_distance=195, start_slow_down=True[0m
[self_driving-10] [0m[INFO] [1782503471.637320073] [self_driving]: [1;33m195[0m[0m
[self_driving-10] [0m[INFO] [1782503471.642204684] [self_driving]: DEBUG_DRIVE lane_x=136.5, linear=0.15, linear_y=0.00, angular=-0.10, stop=False, crosswalk_distance=195, start_slow_down=True[0m
[self_driving-10] [0m[INFO] [1782503471.688935666] [self_driving]: [1;33m195[0m[0m
[self_driving-10] [0m[INFO] [1782503471.692023555] [self_driving]: DEBUG_DRIVE lane_x=133.5, linear=0.15, linear_y=0.00, angular=0.10, stop=False, crosswalk_distance=195, start_slow_down=True[0m
[self_driving-10] [0m[INFO] [1782503471.774033203] [self_driving]: [1;33m195[0m[0m
[self_driving-10] [0m[INFO] [1782503471.776804814] [self_driving]: DEBUG_DRIVE lane_x=133.5, linear=0.15, linear_y=0.00, angular=-0.10, stop=False, crosswalk_distance=195, start_slow_down=True[0m
[self_driving-10] [0m[INFO] [1782503471.831166036] [self_driving]: [1;33m195[0m[0m
[self_driving-10] [0m[INFO] [1782503471.832404388] [self_driving]: DEBUG_DRIVE lane_x=126.5, linear=0.15, linear_y=0.00, angular=0.10, stop=False, crosswalk_distance=195, start_slow_down=True[0m
[self_driving-10] [0m[INFO] [1782503471.867168073] [self_driving]: objects=1[0m
[self_driving-10] [0m[INFO] [1782503471.867693888] [self_driving]: [DET] crosswalk: cx=415, cy=279, box=array('i', [190, 258, 640, 300]), score=0.89[0m
[self_driving-10] [0m[INFO] [1782503471.876110629] [self_driving]: objects=1[0m
[self_driving-10] [0m[INFO] [1782503471.881679906] [self_driving]: [DET] crosswalk: cx=385, cy=197, box=array('i', [283, 193, 487, 202]), score=0.83[0m
[self_driving-10] [0m[INFO] [1782503471.930256888] [self_driving]: [1;33m197[0m[0m
[self_driving-10] [0m[INFO] [1782503471.935515073] [self_driving]: DEBUG_DRIVE lane_x=129.5, linear=0.15, linear_y=0.00, angular=-0.10, stop=False, crosswalk_distance=197, start_slow_down=True[0m
[self_driving-10] [0m[INFO] [1782503471.970492054] [self_driving]: [1;33m197[0m[0m
[self_driving-10] [0m[INFO] [1782503471.974423684] [self_driving]: DEBUG_DRIVE lane_x=127.5, linear=0.15, linear_y=0.00, angular=0.10, stop=False, crosswalk_distance=197, start_slow_down=True[0m
[self_driving-10] [0m[INFO] [1782503472.037338536] [self_driving]: [1;33m197[0m[0m
[self_driving-10] [0m[INFO] [1782503472.039310480] [self_driving]: DEBUG_DRIVE lane_x=132.0, linear=0.15, linear_y=0.00, angular=-0.10, stop=False, crosswalk_distance=197, start_slow_down=True[0m
[self_driving-10] [0m[INFO] [1782503472.097506758] [self_driving]: [1;33m197[0m[0m
[self_driving-10] [0m[INFO] [1782503472.100348703] [self_driving]: DEBUG_DRIVE lane_x=136.5, linear=0.15, linear_y=0.00, angular=-0.10, stop=False, crosswalk_distance=197, start_slow_down=True[0m
[self_driving-10] [0m[INFO] [1782503472.169480499] [self_driving]: [1;33m197[0m[0m
[self_driving-10] [0m[INFO] [1782503472.172777591] [self_driving]: DEBUG_DRIVE lane_x=139.0, linear=0.15, linear_y=0.00, angular=-0.10, stop=False, crosswalk_distance=197, start_slow_down=True[0m
[self_driving-10] [0m[INFO] [1782503472.234019739] [self_driving]: [1;33m197[0m[0m
[self_driving-10] [0m[INFO] [1782503472.236179758] [self_driving]: DEBUG_DRIVE lane_x=140.0, linear=0.15, linear_y=0.00, angular=-0.10, stop=False, crosswalk_distance=197, start_slow_down=True[0m
[self_driving-10] [0m[INFO] [1782503472.290793314] [self_driving]: [1;33m197[0m[0m
[self_driving-10] [0m[INFO] [1782503472.292130443] [self_driving]: DEBUG_DRIVE lane_x=132.5, linear=0.15, linear_y=0.00, angular=0.10, stop=False, crosswalk_distance=197, start_slow_down=True[0m
[self_driving-10] [0m[INFO] [1782503472.324486925] [self_driving]: objects=1[0m
[self_driving-10] [0m[INFO] [1782503472.329733721] [self_driving]: [DET] crosswalk: cx=407, cy=299, box=array('i', [175, 272, 640, 326]), score=0.91[0m
[self_driving-10] [0m[INFO] [1782503472.374226795] [self_driving]: [1;33m299[0m[0m
[self_driving-10] [0m[INFO] [1782503472.379081795] [self_driving]: DEBUG_DRIVE lane_x=132.0, linear=0.15, linear_y=0.00, angular=-0.10, stop=False, crosswalk_distance=299, start_slow_down=True[0m
[self_driving-10] [0m[INFO] [1782503472.452599425] [self_driving]: [1;33m299[0m[0m
[self_driving-10] [0m[INFO] [1782503472.459424925] [self_driving]: DEBUG_DRIVE lane_x=133.5, linear=0.15, linear_y=0.00, angular=-0.10, stop=False, crosswalk_distance=299, start_slow_down=True[0m
[self_driving-10] [0m[INFO] [1782503472.506415721] [self_driving]: [1;33m299[0m[0m
[self_driving-10] [0m[INFO] [1782503472.508259721] [self_driving]: DEBUG_DRIVE lane_x=146.0, linear=0.15, linear_y=0.00, angular=-0.10, stop=False, crosswalk_distance=299, start_slow_down=True[0m
[self_driving-10] [0m[INFO] [1782503472.552487276] [self_driving]: [1;33m299[0m[0m
[self_driving-10] [0m[INFO] [1782503472.555115313] [self_driving]: DEBUG_DRIVE lane_x=142.5, linear=0.15, linear_y=0.00, angular=-0.10, stop=False, crosswalk_distance=299, start_slow_down=True[0m
[self_driving-10] [0m[INFO] [1782503472.625867295] [self_driving]: objects=1[0m
[self_driving-10] [0m[INFO] [1782503472.626369276] [self_driving]: [DET] crosswalk: cx=388, cy=201, box=array('i', [280, 196, 496, 207]), score=0.86[0m
[self_driving-10] [0m[INFO] [1782503472.639569517] [self_driving]: [1;33m201[0m[0m
[self_driving-10] [0m[INFO] [1782503472.640776313] [self_driving]: DEBUG_DRIVE lane_x=137.0, linear=0.15, linear_y=0.00, angular=-0.10, stop=False, crosswalk_distance=201, start_slow_down=True[0m
[self_driving-10] [0m[INFO] [1782503472.705579535] [self_driving]: [1;33m201[0m[0m
[self_driving-10] [0m[INFO] [1782503472.707292313] [self_driving]: DEBUG_DRIVE lane_x=131.0, linear=0.15, linear_y=0.00, angular=0.10, stop=False, crosswalk_distance=201, start_slow_down=True[0m
[self_driving-10] [0m[INFO] [1782503472.746915832] [self_driving]: objects=1[0m
[self_driving-10] [0m[INFO] [1782503472.748592850] [self_driving]: [DET] right: cx=143, cy=110, box=array('i', [122, 83, 165, 138]), score=0.83[0m
[self_driving-10] [0m[INFO] [1782503472.767832332] [self_driving]: objects=1[0m
[self_driving-10] [0m[INFO] [1782503472.768851017] [self_driving]: [DET] crosswalk: cx=402, cy=202, box=array('i', [282, 196, 522, 208]), score=0.82[0m
[self_driving-10] [0m[INFO] [1782503472.778926017] [self_driving]: [1;33m202[0m[0m
[self_driving-10] [0m[INFO] [1782503472.788984498] [self_driving]: DEBUG_DRIVE lane_x=125.0, linear=0.15, linear_y=0.00, angular=0.10, stop=False, crosswalk_distance=202, start_slow_down=True[0m
[self_driving-10] [0m[INFO] [1782503472.839216072] [self_driving]: [1;33m202[0m[0m
[self_driving-10] [0m[INFO] [1782503472.841684239] [self_driving]: DEBUG_DRIVE lane_x=118.0, linear=0.15, linear_y=0.00, angular=0.10, stop=False, crosswalk_distance=202, start_slow_down=False[0m
[self_driving-10] [0m[INFO] [1782503472.908875869] [self_driving]: [1;33m202[0m[0m
[self_driving-10] [0m[INFO] [1782503472.912107943] [self_driving]: DEBUG_DRIVE lane_x=116.5, linear=0.15, linear_y=0.00, angular=0.10, stop=False, crosswalk_distance=202, start_slow_down=False[0m
[self_driving-10] [0m[INFO] [1782503472.964746776] [self_driving]: [1;33m202[0m[0m
[self_driving-10] [0m[INFO] [1782503472.967603109] [self_driving]: DEBUG_DRIVE lane_x=115.0, linear=0.15, linear_y=0.00, angular=0.10, stop=False, crosswalk_distance=202, start_slow_down=False[0m
[self_driving-10] [0m[INFO] [1782503473.031005369] [self_driving]: [1;33m202[0m[0m
[self_driving-10] [0m[INFO] [1782503473.033169758] [self_driving]: DEBUG_DRIVE lane_x=121.0, linear=0.15, linear_y=0.00, angular=0.10, stop=False, crosswalk_distance=202, start_slow_down=True[0m
[self_driving-10] [0m[INFO] [1782503473.104343683] [self_driving]: [1;33m202[0m[0m
[self_driving-10] [0m[INFO] [1782503473.107478739] [self_driving]: DEBUG_DRIVE lane_x=123.5, linear=0.15, linear_y=0.00, angular=0.10, stop=False, crosswalk_distance=202, start_slow_down=True[0m
[self_driving-10] [0m[INFO] [1782503473.159859498] [self_driving]: [1;33m202[0m[0m
[self_driving-10] [0m[INFO] [1782503473.160883591] [self_driving]: DEBUG_DRIVE lane_x=128.5, linear=0.15, linear_y=0.00, angular=-0.10, stop=False, crosswalk_distance=202, start_slow_down=True[0m
[self_driving-10] [0m[INFO] [1782503473.179071443] [self_driving]: objects=1[0m
[self_driving-10] [0m[INFO] [1782503473.179601720] [self_driving]: [DET] right: cx=118, cy=109, box=array('i', [93, 78, 143, 141]), score=0.90[0m
[self_driving-10] [0m[INFO] [1782503473.182088776] [self_driving]: objects=1[0m
[self_driving-10] [0m[INFO] [1782503473.183606906] [self_driving]: [DET] crosswalk: cx=352, cy=401, box=array('i', [65, 332, 640, 471]), score=0.88[0m
[self_driving-10] [0m[INFO] [1782503473.192559609] [self_driving]: objects=1[0m
[self_driving-10] [0m[INFO] [1782503473.196699202] [self_driving]: [DET] crosswalk: cx=409, cy=212, box=array('i', [279, 206, 540, 219]), score=0.83[0m
[self_driving-10] [0m[INFO] [1782503473.288588054] [self_driving]: [1;33m212[0m[0m
[self_driving-10] [0m[INFO] [1782503473.296998165] [self_driving]: DEBUG_DRIVE lane_x=127.0, linear=0.15, linear_y=0.00, angular=0.10, stop=False, crosswalk_distance=212, start_slow_down=True[0m
[self_driving-10] [0m[INFO] [1782503473.316357905] [self_driving]: [1;33m212[0m[0m
[self_driving-10] [0m[INFO] [1782503473.318531980] [self_driving]: DEBUG_DRIVE lane_x=135.5, linear=0.15, linear_y=0.00, angular=-0.10, stop=False, crosswalk_distance=212, start_slow_down=True[0m
[self_driving-10] [0m[INFO] [1782503473.361939461] [self_driving]: [1;33m212[0m[0m
[self_driving-10] [0m[INFO] [1782503473.366509942] [self_driving]: DEBUG_DRIVE lane_x=135.5, linear=0.15, linear_y=0.00, angular=-0.10, stop=False, crosswalk_distance=212, start_slow_down=True[0m
[self_driving-10] [0m[INFO] [1782503473.426963368] [self_driving]: [1;33m212[0m[0m
[self_driving-10] [0m[INFO] [1782503473.428777054] [self_driving]: DEBUG_DRIVE lane_x=135.5, linear=0.15, linear_y=0.00, angular=-0.10, stop=False, crosswalk_distance=212, start_slow_down=True[0m
[self_driving-10] [0m[INFO] [1782503473.516730609] [self_driving]: [1;33m212[0m[0m
[self_driving-10] [0m[INFO] [1782503473.519076850] [self_driving]: DEBUG_DRIVE lane_x=134.0, linear=0.15, linear_y=0.00, angular=-0.10, stop=False, crosswalk_distance=212, start_slow_down=True[0m
[self_driving-10] [0m[INFO] [1782503473.564618831] [self_driving]: [1;33m212[0m[0m
[self_driving-10] [0m[INFO] [1782503473.568223035] [self_driving]: DEBUG_DRIVE lane_x=132.0, linear=0.15, linear_y=0.00, angular=0.10, stop=False, crosswalk_distance=212, start_slow_down=True[0m
[self_driving-10] [0m[INFO] [1782503473.594627109] [self_driving]: objects=1[0m
[self_driving-10] [0m[INFO] [1782503473.595127442] [self_driving]: [DET] crosswalk: cx=328, cy=433, box=array('i', [19, 386, 638, 480]), score=0.94[0m
[self_driving-10] [0m[INFO] [1782503473.598141850] [self_driving]: objects=1[0m
[self_driving-10] [0m[INFO] [1782503473.599962239] [self_driving]: [DET] crosswalk: cx=398, cy=219, box=array('i', [259, 211, 537, 228]), score=0.84[0m
[self_driving-10] [0m[INFO] [1782503473.657220868] [self_driving]: [1;33m219[0m[0m
[self_driving-10] [0m[INFO] [1782503473.671265183] [self_driving]: DEBUG_DRIVE lane_x=129.0, linear=0.15, linear_y=0.00, angular=0.10, stop=False, crosswalk_distance=219, start_slow_down=True[0m
[self_driving-10] [0m[INFO] [1782503473.706745350] [self_driving]: [1;33m219[0m[0m
[self_driving-10] [0m[INFO] [1782503473.708967461] [self_driving]: DEBUG_DRIVE lane_x=123.5, linear=0.15, linear_y=0.00, angular=0.10, stop=False, crosswalk_distance=219, start_slow_down=True[0m
[self_driving-10] [0m[INFO] [1782503473.768675053] [self_driving]: [1;33m219[0m[0m
[self_driving-10] [0m[INFO] [1782503473.771819516] [self_driving]: DEBUG_DRIVE lane_x=125.5, linear=0.15, linear_y=0.00, angular=0.10, stop=False, crosswalk_distance=219, start_slow_down=True[0m
[self_driving-10] [0m[INFO] [1782503473.839518590] [self_driving]: [1;33m219[0m[0m
[self_driving-10] [0m[INFO] [1782503473.841348461] [self_driving]: DEBUG_DRIVE lane_x=125.5, linear=0.15, linear_y=0.00, angular=0.10, stop=False, crosswalk_distance=219, start_slow_down=True[0m
[self_driving-10] [0m[INFO] [1782503473.897909757] [self_driving]: [1;33m219[0m[0m
[self_driving-10] [0m[INFO] [1782503473.899390424] [self_driving]: DEBUG_DRIVE lane_x=134.5, linear=0.15, linear_y=0.00, angular=-0.10, stop=False, crosswalk_distance=219, start_slow_down=True[0m
[self_driving-10] [0m[INFO] [1782503473.981259350] [self_driving]: [1;33m219[0m[0m
[self_driving-10] [0m[INFO] [1782503473.985280201] [self_driving]: DEBUG_DRIVE lane_x=139.0, linear=0.15, linear_y=0.00, angular=-0.10, stop=False, crosswalk_distance=219, start_slow_down=True[0m
[self_driving-10] [0m[INFO] [1782503474.011437164] [self_driving]: objects=1[0m
[self_driving-10] [0m[INFO] [1782503474.011923701] [self_driving]: [DET] right: cx=28, cy=97, box=array('i', [0, 57, 56, 137]), score=0.82[0m
[self_driving-10] [0m[INFO] [1782503474.017345183] [self_driving]: objects=1[0m
[self_driving-10] [0m[INFO] [1782503474.018924757] [self_driving]: [DET] crosswalk: cx=323, cy=470, box=array('i', [7, 461, 640, 479]), score=0.53[0m
[self_driving-10] [0m[INFO] [1782503474.067401331] [self_driving]: [1;33m470[0m[0m
[self_driving-10] [0m[INFO] [1782503474.068817387] [self_driving]: DEBUG_DRIVE lane_x=139.0, linear=0.15, linear_y=0.00, angular=-0.10, stop=False, crosswalk_distance=470, start_slow_down=True[0m
[self_driving-10] [0m[INFO] [1782503474.105480498] [self_driving]: [1;33m470[0m[0m
[self_driving-10] [0m[INFO] [1782503474.109603312] [self_driving]: DEBUG_DRIVE lane_x=140.5, linear=0.15, linear_y=0.00, angular=-0.10, stop=False, crosswalk_distance=470, start_slow_down=True[0m
[self_driving-10] [0m[INFO] [1782503474.180662905] [self_driving]: [1;33m470[0m[0m
[self_driving-10] [0m[INFO] [1782503474.184330720] [self_driving]: DEBUG_DRIVE lane_x=137.0, linear=0.15, linear_y=0.00, angular=-0.10, stop=False, crosswalk_distance=470, start_slow_down=True[0m
[self_driving-10] [0m[INFO] [1782503474.252124349] [self_driving]: [1;33m470[0m[0m
[self_driving-10] [0m[INFO] [1782503474.253812201] [self_driving]: DEBUG_DRIVE lane_x=135.0, linear=0.15, linear_y=0.00, angular=-0.10, stop=False, crosswalk_distance=470, start_slow_down=True[0m
[self_driving-10] [0m[INFO] [1782503474.318640664] [self_driving]: [1;33m470[0m[0m
[self_driving-10] [0m[INFO] [1782503474.320519164] [self_driving]: DEBUG_DRIVE lane_x=129.5, linear=0.15, linear_y=0.00, angular=0.10, stop=False, crosswalk_distance=470, start_slow_down=True[0m
[self_driving-10] [0m[INFO] [1782503474.380530572] [self_driving]: [1;33m470[0m[0m
[self_driving-10] [0m[INFO] [1782503474.382650738] [self_driving]: DEBUG_DRIVE lane_x=123.0, linear=0.15, linear_y=0.00, angular=0.10, stop=False, crosswalk_distance=470, start_slow_down=True[0m
[self_driving-10] [0m[INFO] [1782503474.404951071] [self_driving]: objects=1[0m
[self_driving-10] [0m[INFO] [1782503474.408826294] [self_driving]: [DET] crosswalk: cx=419, cy=232, box=array('i', [253, 221, 586, 244]), score=0.91[0m
[self_driving-10] [0m[INFO] [1782503474.418067646] [self_driving]: objects=1[0m
[self_driving-10] [0m[INFO] [1782503474.419235460] [self_driving]: [DET] right: cx=19, cy=89, box=array('i', [0, 43, 38, 136]), score=0.82[0m
[self_driving-10] [0m[INFO] [1782503474.485688423] [self_driving]: [1;33m0[0m[0m
[self_driving-10] [0m[INFO] [1782503474.487259331] [self_driving]: DEBUG_DRIVE lane_x=121.0, linear=0.15, linear_y=0.00, angular=0.10, stop=False, crosswalk_distance=0, start_slow_down=True[0m
[self_driving-10] [0m[INFO] [1782503474.532262738] [self_driving]: [1;33m0[0m[0m
[self_driving-10] [0m[INFO] [1782503474.537568794] [self_driving]: DEBUG_DRIVE lane_x=122.5, linear=0.15, linear_y=0.00, angular=0.10, stop=False, crosswalk_distance=0, start_slow_down=True[0m
[self_driving-10] [0m[INFO] [1782503474.600440127] [self_driving]: [1;33m0[0m[0m
[self_driving-10] [0m[INFO] [1782503474.605101145] [self_driving]: DEBUG_DRIVE lane_x=127.5, linear=0.15, linear_y=0.00, angular=-0.10, stop=False, crosswalk_distance=0, start_slow_down=True[0m
[self_driving-10] [0m[INFO] [1782503474.653105423] [self_driving]: [1;33m0[0m[0m
[self_driving-10] [0m[INFO] [1782503474.655737553] [self_driving]: DEBUG_DRIVE lane_x=130.0, linear=0.15, linear_y=0.00, angular=-0.10, stop=False, crosswalk_distance=0, start_slow_down=True[0m
[self_driving-10] [0m[INFO] [1782503474.718233331] [self_driving]: [1;33m0[0m[0m
[self_driving-10] [0m[INFO] [1782503474.722090460] [self_driving]: DEBUG_DRIVE lane_x=138.5, linear=0.15, linear_y=0.00, angular=-0.10, stop=False, crosswalk_distance=0, start_slow_down=True[0m
[self_driving-10] [0m[INFO] [1782503474.785745905] [self_driving]: [1;33m0[0m[0m
[self_driving-10] [0m[INFO] [1782503474.789216997] [self_driving]: DEBUG_DRIVE lane_x=140.0, linear=0.15, linear_y=0.00, angular=-0.10, stop=False, crosswalk_distance=0, start_slow_down=True[0m
[self_driving-10] [0m[INFO] [1782503474.842129645] [self_driving]: [1;33m0[0m[0m
[self_driving-10] [0m[INFO] [1782503474.844886627] [self_driving]: DEBUG_DRIVE lane_x=139.0, linear=0.15, linear_y=0.00, angular=-0.10, stop=False, crosswalk_distance=0, start_slow_down=True[0m
[self_driving-10] [0m[INFO] [1782503474.867235553] [self_driving]: objects=1[0m
[self_driving-10] [0m[INFO] [1782503474.872987775] [self_driving]: [DET] crosswalk: cx=418, cy=241, box=array('i', [234, 229, 603, 254]), score=0.89[0m
[self_driving-10] [0m[INFO] [1782503474.942699275] [self_driving]: [1;33m241[0m[0m
[self_driving-10] [0m[INFO] [1782503474.945102627] [self_driving]: DEBUG_DRIVE lane_x=137.0, linear=0.15, linear_y=0.00, angular=-0.10, stop=False, crosswalk_distance=241, start_slow_down=True[0m
[self_driving-10] [0m[INFO] [1782503474.994392516] [self_driving]: [1;33m241[0m[0m
[self_driving-10] [0m[INFO] [1782503474.996485756] [self_driving]: DEBUG_DRIVE lane_x=135.5, linear=0.15, linear_y=0.00, angular=-0.10, stop=False, crosswalk_distance=241, start_slow_down=True[0m
[self_driving-10] [0m[INFO] [1782503475.063539016] [self_driving]: [1;33m241[0m[0m
[self_driving-10] [0m[INFO] [1782503475.065746349] [self_driving]: DEBUG_DRIVE lane_x=132.5, linear=0.15, linear_y=0.00, angular=0.10, stop=False, crosswalk_distance=241, start_slow_down=True[0m
[self_driving-10] [0m[INFO] [1782503475.124705627] [self_driving]: [1;33m241[0m[0m
[self_driving-10] [0m[INFO] [1782503475.126824719] [self_driving]: DEBUG_DRIVE lane_x=127.5, linear=0.15, linear_y=0.00, angular=0.10, stop=False, crosswalk_distance=241, start_slow_down=True[0m
[self_driving-10] [0m[INFO] [1782503475.190023867] [self_driving]: [1;33m241[0m[0m
[self_driving-10] [0m[INFO] [1782503475.192228830] [self_driving]: DEBUG_DRIVE lane_x=122.5, linear=0.15, linear_y=0.00, angular=0.10, stop=False, crosswalk_distance=241, start_slow_down=True[0m
[self_driving-10] [0m[INFO] [1782503475.265710034] [self_driving]: [1;33m241[0m[0m
[self_driving-10] [0m[INFO] [1782503475.269082923] [self_driving]: DEBUG_DRIVE lane_x=120.0, linear=0.15, linear_y=0.00, angular=0.10, stop=False, crosswalk_distance=241, start_slow_down=True[0m
[self_driving-10] [0m[INFO] [1782503475.305603849] [self_driving]: objects=1[0m
[self_driving-10] [0m[INFO] [1782503475.307985738] [self_driving]: [DET] crosswalk: cx=432, cy=256, box=array('i', [228, 240, 636, 272]), score=0.92[0m
[self_driving-10] [0m[INFO] [1782503475.330532238] [self_driving]: [1;33m256[0m[0m
[self_driving-10] [0m[INFO] [1782503475.338412293] [self_driving]: DEBUG_DRIVE lane_x=120.0, linear=0.15, linear_y=0.00, angular=0.10, stop=False, crosswalk_distance=256, start_slow_down=True[0m
[self_driving-10] [0m[INFO] [1782503475.395686164] [self_driving]: [1;33m256[0m[0m
[self_driving-10] [0m[INFO] [1782503475.397245164] [self_driving]: DEBUG_DRIVE lane_x=121.0, linear=0.15, linear_y=0.00, angular=0.10, stop=False, crosswalk_distance=256, start_slow_down=True[0m
[self_driving-10] [0m[INFO] [1782503475.458093182] [self_driving]: [1;33m256[0m[0m
[self_driving-10] [0m[INFO] [1782503475.459788830] [self_driving]: DEBUG_DRIVE lane_x=127.0, linear=0.15, linear_y=0.00, angular=-0.10, stop=False, crosswalk_distance=256, start_slow_down=True[0m
[self_driving-10] [0m[INFO] [1782503475.524737219] [self_driving]: [1;33m256[0m[0m
[self_driving-10] [0m[INFO] [1782503475.525885163] [self_driving]: DEBUG_DRIVE lane_x=129.0, linear=0.15, linear_y=0.00, angular=-0.10, stop=False, crosswalk_distance=256, start_slow_down=True[0m
[self_driving-10] [0m[INFO] [1782503475.580823571] [self_driving]: [1;33m256[0m[0m
[self_driving-10] [0m[INFO] [1782503475.582406145] [self_driving]: DEBUG_DRIVE lane_x=132.5, linear=0.15, linear_y=0.00, angular=-0.10, stop=False, crosswalk_distance=256, start_slow_down=True[0m
[self_driving-10] [0m[INFO] [1782503475.647014700] [self_driving]: [1;33m256[0m[0m
[self_driving-10] [0m[INFO] [1782503475.650432163] [self_driving]: DEBUG_DRIVE lane_x=131.5, linear=0.15, linear_y=0.00, angular=-0.10, stop=False, crosswalk_distance=256, start_slow_down=True[0m
[self_driving-10] [0m[INFO] [1782503475.681576497] [self_driving]: objects=1[0m
[self_driving-10] [0m[INFO] [1782503475.682153997] [self_driving]: [DET] crosswalk: cx=424, cy=275, box=array('i', [209, 255, 640, 295]), score=0.92[0m
[self_driving-10] [0m[INFO] [1782503475.761568978] [self_driving]: [1;33m275[0m[0m
[self_driving-10] [0m[INFO] [1782503475.765939793] [self_driving]: DEBUG_DRIVE lane_x=129.0, linear=0.15, linear_y=0.00, angular=0.10, stop=False, crosswalk_distance=275, start_slow_down=False[0m
[self_driving-10] [0m[INFO] [1782503475.806121200] [self_driving]: [1;33m275[0m[0m
[self_driving-10] [0m[INFO] [1782503475.807408293] [self_driving]: DEBUG_DRIVE lane_x=126.0, linear=0.15, linear_y=0.00, angular=0.10, stop=False, crosswalk_distance=275, start_slow_down=False[0m
[self_driving-10] [0m[INFO] [1782503475.864369108] [self_driving]: [1;33m275[0m[0m
[self_driving-10] [0m[INFO] [1782503475.866370885] [self_driving]: DEBUG_DRIVE lane_x=125.5, linear=0.15, linear_y=0.00, angular=0.10, stop=False, crosswalk_distance=275, start_slow_down=False[0m
[ekf_node-8] Failed to meet update rate! Took 0.010649296000000000803seconds. Try decreasing the rate, limiting sensor output frequency, or limiting the number of sensors.
[self_driving-10] [0m[INFO] [1782503475.917862534] [self_driving]: [1;33m275[0m[0m
[self_driving-10] [0m[INFO] [1782503475.920535293] [self_driving]: DEBUG_DRIVE lane_x=125.0, linear=0.15, linear_y=0.00, angular=0.10, stop=False, crosswalk_distance=275, start_slow_down=True[0m
[self_driving-10] [0m[INFO] [1782503475.980605256] [self_driving]: [1;33m275[0m[0m
[self_driving-10] [0m[INFO] [1782503475.981930774] [self_driving]: DEBUG_DRIVE lane_x=129.0, linear=0.15, linear_y=0.00, angular=-0.10, stop=False, crosswalk_distance=275, start_slow_down=True[0m
[self_driving-10] [0m[INFO] [1782503476.064170552] [self_driving]: [1;33m275[0m[0m
[self_driving-10] [0m[INFO] [1782503476.066523571] [self_driving]: DEBUG_DRIVE lane_x=130.5, linear=0.15, linear_y=0.00, angular=-0.10, stop=False, crosswalk_distance=275, start_slow_down=True[0m
[self_driving-10] [0m[INFO] [1782503476.099438848] [self_driving]: objects=1[0m
[self_driving-10] [0m[INFO] [1782503476.100522978] [self_driving]: [DET] crosswalk: cx=410, cy=291, box=array('i', [183, 267, 637, 315]), score=0.91[0m
[self_driving-10] [0m[INFO] [1782503476.146909367] [self_driving]: [1;33m291[0m[0m
[self_driving-10] [0m[INFO] [1782503476.150212478] [self_driving]: DEBUG_DRIVE lane_x=133.0, linear=0.15, linear_y=0.00, angular=-0.10, stop=False, crosswalk_distance=291, start_slow_down=True[0m
[self_driving-10] [0m[INFO] [1782503476.201959070] [self_driving]: [1;33m291[0m[0m
[self_driving-10] [0m[INFO] [1782503476.203936293] [self_driving]: DEBUG_DRIVE lane_x=130.5, linear=0.15, linear_y=0.00, angular=0.10, stop=False, crosswalk_distance=291, start_slow_down=True[0m
[self_driving-10] [0m[INFO] [1782503476.252127756] [self_driving]: [1;33m291[0m[0m
[self_driving-10] [0m[INFO] [1782503476.254056144] [self_driving]: DEBUG_DRIVE lane_x=130.5, linear=0.15, linear_y=0.00, angular=-0.10, stop=False, crosswalk_distance=291, start_slow_down=True[0m
[self_driving-10] [0m[INFO] [1782503476.322683070] [self_driving]: [1;33m291[0m[0m
[self_driving-10] [0m[INFO] [1782503476.323836867] [self_driving]: DEBUG_DRIVE lane_x=127.0, linear=0.15, linear_y=0.00, angular=0.10, stop=False, crosswalk_distance=291, start_slow_down=True[0m
[self_driving-10] [0m[INFO] [1782503476.397157700] [self_driving]: [1;33m291[0m[0m
[self_driving-10] [0m[INFO] [1782503476.398335478] [self_driving]: DEBUG_DRIVE lane_x=128.0, linear=0.15, linear_y=0.00, angular=0.10, stop=False, crosswalk_distance=291, start_slow_down=True[0m
[self_driving-10] [0m[INFO] [1782503476.453663385] [self_driving]: [1;33m291[0m[0m
[self_driving-10] [0m[INFO] [1782503476.454945052] [self_driving]: DEBUG_DRIVE lane_x=126.0, linear=0.15, linear_y=0.00, angular=0.10, stop=False, crosswalk_distance=291, start_slow_down=True[0m
[self_driving-10] [0m[INFO] [1782503476.469628904] [self_driving]: objects=1[0m
[self_driving-10] [0m[INFO] [1782503476.470681330] [self_driving]: [DET] crosswalk: cx=392, cy=316, box=array('i', [145, 285, 639, 347]), score=0.93[0m
[self_driving-10] [0m[INFO] [1782503476.550518941] [self_driving]: [1;33m316[0m[0m
[self_driving-10] [0m[INFO] [1782503476.555370348] [self_driving]: DEBUG_DRIVE lane_x=129.5, linear=0.15, linear_y=0.00, angular=-0.10, stop=False, crosswalk_distance=316, start_slow_down=True[0m
[self_driving-10] [0m[INFO] [1782503476.592912515] [self_driving]: [1;33m316[0m[0m
[self_driving-10] [0m[INFO] [1782503476.595954607] [self_driving]: DEBUG_DRIVE lane_x=129.5, linear=0.15, linear_y=0.00, angular=0.10, stop=False, crosswalk_distance=316, start_slow_down=True[0m
[self_driving-10] [0m[INFO] [1782503476.680027626] [self_driving]: [1;33m316[0m[0m
[self_driving-10] [0m[INFO] [1782503476.682913015] [self_driving]: DEBUG_DRIVE lane_x=130.5, linear=0.15, linear_y=0.00, angular=-0.10, stop=False, crosswalk_distance=316, start_slow_down=True[0m
[self_driving-10] [0m[INFO] [1782503476.724484700] [self_driving]: [1;33m316[0m[0m
[self_driving-10] [0m[INFO] [1782503476.728073700] [self_driving]: DEBUG_DRIVE lane_x=130.5, linear=0.15, linear_y=0.00, angular=-0.10, stop=False, crosswalk_distance=316, start_slow_down=True[0m
[self_driving-10] [0m[INFO] [1782503476.791434811] [self_driving]: [1;33m316[0m[0m
[self_driving-10] [0m[INFO] [1782503476.793755033] [self_driving]: DEBUG_DRIVE lane_x=130.0, linear=0.15, linear_y=0.00, angular=0.10, stop=False, crosswalk_distance=316, start_slow_down=True[0m
[self_driving-10] [0m[INFO] [1782503476.873959163] [self_driving]: [1;33m316[0m[0m
[self_driving-10] [0m[INFO] [1782503476.876982181] [self_driving]: objects=1[0m
[self_driving-10] [0m[INFO] [1782503476.882588792] [self_driving]: [DET] crosswalk: cx=370, cy=350, box=array('i', [102, 306, 638, 395]), score=0.93[0m
[self_driving-10] [0m[INFO] [1782503476.888158070] [self_driving]: DEBUG_DRIVE lane_x=132.0, linear=0.15, linear_y=0.00, angular=-0.10, stop=False, crosswalk_distance=350, start_slow_down=True[0m
[self_driving-10] [0m[INFO] [1782503476.950871551] [self_driving]: [1;33m350[0m[0m
[self_driving-10] [0m[INFO] [1782503476.953429366] [self_driving]: DEBUG_DRIVE lane_x=129.5, linear=0.15, linear_y=0.00, angular=0.10, stop=False, crosswalk_distance=350, start_slow_down=True[0m
[self_driving-10] [0m[INFO] [1782503477.008127200] [self_driving]: [1;33m350[0m[0m
[self_driving-10] [0m[INFO] [1782503477.009479051] [self_driving]: DEBUG_DRIVE lane_x=131.0, linear=0.15, linear_y=0.00, angular=-0.10, stop=False, crosswalk_distance=350, start_slow_down=True[0m
[self_driving-10] [0m[INFO] [1782503477.054128625] [self_driving]: [1;33m350[0m[0m
[self_driving-10] [0m[INFO] [1782503477.055399070] [self_driving]: DEBUG_DRIVE lane_x=128.5, linear=0.15, linear_y=0.00, angular=0.10, stop=False, crosswalk_distance=350, start_slow_down=True[0m
[self_driving-10] [0m[INFO] [1782503477.140095237] [self_driving]: [1;33m350[0m[0m
[self_driving-10] [0m[INFO] [1782503477.141638199] [self_driving]: DEBUG_DRIVE lane_x=128.0, linear=0.15, linear_y=0.00, angular=0.10, stop=False, crosswalk_distance=350, start_slow_down=True[0m
[self_driving-10] [0m[INFO] [1782503477.211403440] [self_driving]: [1;33m350[0m[0m
[self_driving-10] [0m[INFO] [1782503477.212512070] [self_driving]: DEBUG_DRIVE lane_x=128.0, linear=0.15, linear_y=0.00, angular=0.10, stop=False, crosswalk_distance=350, start_slow_down=True[0m
[self_driving-10] [0m[INFO] [1782503477.266977755] [self_driving]: [1;33m350[0m[0m
[self_driving-10] [0m[INFO] [1782503477.277053014] [self_driving]: objects=1[0m
[self_driving-10] [0m[INFO] [1782503477.278606681] [self_driving]: DEBUG_DRIVE lane_x=133.0, linear=0.15, linear_y=0.00, angular=-0.10, stop=False, crosswalk_distance=350, start_slow_down=True[0m
[self_driving-10] [0m[INFO] [1782503477.282942440] [self_driving]: [DET] crosswalk: cx=331, cy=412, box=array('i', [23, 346, 640, 479]), score=0.90[0m
[self_driving-10] [0m[INFO] [1782503477.358144403] [self_driving]: [1;33m412[0m[0m
[self_driving-10] [0m[INFO] [1782503477.359506385] [self_driving]: DEBUG_DRIVE lane_x=138.0, linear=0.15, linear_y=0.00, angular=-0.10, stop=False, crosswalk_distance=412, start_slow_down=True[0m
[self_driving-10] [0m[INFO] [1782503477.407737736] [self_driving]: [1;33m412[0m[0m
[self_driving-10] [0m[INFO] [1782503477.408959866] [self_driving]: DEBUG_DRIVE lane_x=142.5, linear=0.15, linear_y=0.00, angular=-0.10, stop=False, crosswalk_distance=412, start_slow_down=True[0m
[self_driving-10] [0m[INFO] [1782503477.475412903] [self_driving]: [1;33m412[0m[0m
[self_driving-10] [0m[INFO] [1782503477.481785033] [self_driving]: DEBUG_DRIVE lane_x=138.5, linear=0.15, linear_y=0.00, angular=-0.10, stop=False, crosswalk_distance=412, start_slow_down=True[0m
[self_driving-10] [0m[INFO] [1782503477.532567033] [self_driving]: [1;33m412[0m[0m
[self_driving-10] [0m[INFO] [1782503477.536915792] [self_driving]: DEBUG_DRIVE lane_x=139.5, linear=0.15, linear_y=0.00, angular=-0.10, stop=False, crosswalk_distance=412, start_slow_down=True[0m
[self_driving-10] [0m[INFO] [1782503477.599317014] [self_driving]: [1;33m412[0m[0m
[self_driving-10] [0m[INFO] [1782503477.602984088] [self_driving]: DEBUG_DRIVE lane_x=136.5, linear=0.15, linear_y=0.00, angular=-0.10, stop=False, crosswalk_distance=412, start_slow_down=True[0m
[self_driving-10] [0m[INFO] [1782503477.670900570] [self_driving]: objects=1[0m
[self_driving-10] [0m[INFO] [1782503477.671552403] [self_driving]: [DET] crosswalk: cx=324, cy=440, box=array('i', [8, 401, 640, 480]), score=0.91[0m
[self_driving-10] [0m[INFO] [1782503477.681587107] [self_driving]: [1;33m440[0m[0m
[self_driving-10] [0m[INFO] [1782503477.683965588] [self_driving]: DEBUG_DRIVE lane_x=133.5, linear=0.15, linear_y=0.00, angular=-0.10, stop=False, crosswalk_distance=440, start_slow_down=True[0m
[self_driving-10] [0m[INFO] [1782503477.762143458] [self_driving]: [1;33m440[0m[0m
[self_driving-10] [0m[INFO] [1782503477.764979384] [self_driving]: DEBUG_DRIVE lane_x=131.5, linear=0.15, linear_y=0.00, angular=0.10, stop=False, crosswalk_distance=440, start_slow_down=True[0m
[self_driving-10] [0m[INFO] [1782503477.810037125] [self_driving]: [1;33m440[0m[0m
[self_driving-10] [0m[INFO] [1782503477.812399051] [self_driving]: DEBUG_DRIVE lane_x=131.5, linear=0.15, linear_y=0.00, angular=-0.10, stop=False, crosswalk_distance=440, start_slow_down=True[0m
[self_driving-10] [0m[INFO] [1782503477.873202792] [self_driving]: [1;33m440[0m[0m
[self_driving-10] [0m[INFO] [1782503477.874268162] [self_driving]: DEBUG_DRIVE lane_x=125.0, linear=0.15, linear_y=0.00, angular=0.10, stop=False, crosswalk_distance=440, start_slow_down=True[0m
[self_driving-10] [0m[INFO] [1782503477.933612440] [self_driving]: [1;33m440[0m[0m
[self_driving-10] [0m[INFO] [1782503477.937235940] [self_driving]: DEBUG_DRIVE lane_x=125.5, linear=0.15, linear_y=0.00, angular=0.10, stop=False, crosswalk_distance=440, start_slow_down=True[0m
[self_driving-10] [0m[INFO] [1782503478.014907532] [self_driving]: [1;33m440[0m[0m
[self_driving-10] [0m[INFO] [1782503478.017572106] [self_driving]: DEBUG_DRIVE lane_x=121.5, linear=0.15, linear_y=0.00, angular=0.10, stop=False, crosswalk_distance=440, start_slow_down=True[0m
[self_driving-10] [0m[INFO] [1782503478.088504514] [self_driving]: [1;33m440[0m[0m
[self_driving-10] [0m[INFO] [1782503478.090719069] [self_driving]: DEBUG_DRIVE lane_x=121.5, linear=0.15, linear_y=0.00, angular=0.10, stop=False, crosswalk_distance=440, start_slow_down=True[0m
[self_driving-10] [0m[INFO] [1782503478.150547162] [self_driving]: [1;33m440[0m[0m
[self_driving-10] [0m[INFO] [1782503478.152335495] [self_driving]: DEBUG_DRIVE lane_x=125.5, linear=0.15, linear_y=0.00, angular=-0.10, stop=False, crosswalk_distance=440, start_slow_down=True[0m
[self_driving-10] [0m[INFO] [1782503478.219434106] [self_driving]: [1;33m440[0m[0m
[self_driving-10] [0m[INFO] [1782503478.220658514] [self_driving]: DEBUG_DRIVE lane_x=126.0, linear=0.15, linear_y=0.00, angular=0.10, stop=False, crosswalk_distance=440, start_slow_down=True[0m
[self_driving-10] [0m[INFO] [1782503478.282937106] [self_driving]: [1;33m440[0m[0m
[self_driving-10] [0m[INFO] [1782503478.284827532] [self_driving]: DEBUG_DRIVE lane_x=130.5, linear=0.15, linear_y=0.00, angular=-0.10, stop=False, crosswalk_distance=440, start_slow_down=True[0m
[self_driving-10] [0m[INFO] [1782503478.339867069] [self_driving]: [1;33m440[0m[0m
[self_driving-10] [0m[INFO] [1782503478.341251236] [self_driving]: DEBUG_DRIVE lane_x=129.5, linear=0.15, linear_y=0.00, angular=0.10, stop=False, crosswalk_distance=440, start_slow_down=True[0m
[self_driving-10] [0m[INFO] [1782503478.402287754] [self_driving]: [1;33m440[0m[0m
[self_driving-10] [0m[INFO] [1782503478.403986532] [self_driving]: DEBUG_DRIVE lane_x=133.0, linear=0.15, linear_y=0.00, angular=-0.10, stop=False, crosswalk_distance=440, start_slow_down=True[0m
[self_driving-10] [0m[INFO] [1782503478.493955865] [self_driving]: [1;33m440[0m[0m
[self_driving-10] [0m[INFO] [1782503478.506314699] [self_driving]: DEBUG_DRIVE lane_x=132.5, linear=0.15, linear_y=0.00, angular=-0.10, stop=False, crosswalk_distance=440, start_slow_down=True[0m
[self_driving-10] [0m[INFO] [1782503478.554991143] [self_driving]: [1;33m440[0m[0m
[self_driving-10] [0m[INFO] [1782503478.558218773] [self_driving]: DEBUG_DRIVE lane_x=133.5, linear=0.15, linear_y=0.00, angular=-0.10, stop=False, crosswalk_distance=440, start_slow_down=True[0m
[self_driving-10] [0m[INFO] [1782503478.621565069] [self_driving]: [1;33m440[0m[0m
[self_driving-10] [0m[INFO] [1782503478.623080106] [self_driving]: DEBUG_DRIVE lane_x=131.5, linear=0.15, linear_y=0.00, angular=0.10, stop=False, crosswalk_distance=440, start_slow_down=False[0m
[self_driving-10] [0m[INFO] [1782503478.689172199] [self_driving]: [1;33m440[0m[0m
[self_driving-10] [0m[INFO] [1782503478.690650032] [self_driving]: DEBUG_DRIVE lane_x=131.0, linear=0.15, linear_y=0.00, angular=-0.10, stop=False, crosswalk_distance=440, start_slow_down=False[0m
[self_driving-10] [0m[INFO] [1782503478.738680995] [self_driving]: [1;33m440[0m[0m
[self_driving-10] [0m[INFO] [1782503478.739716162] [self_driving]: DEBUG_DRIVE lane_x=130.0, linear=0.15, linear_y=0.00, angular=0.10, stop=False, crosswalk_distance=440, start_slow_down=False[0m
[self_driving-10] [0m[INFO] [1782503478.801808532] [self_driving]: [1;33m440[0m[0m
[self_driving-10] [0m[INFO] [1782503478.803427347] [self_driving]: DEBUG_DRIVE lane_x=131.0, linear=0.15, linear_y=0.00, angular=-0.10, stop=False, crosswalk_distance=440, start_slow_down=True[0m
[self_driving-10] [0m[INFO] [1782503478.874801828] [self_driving]: [1;33m440[0m[0m
[self_driving-10] [0m[INFO] [1782503478.877564310] [self_driving]: DEBUG_DRIVE lane_x=129.0, linear=0.15, linear_y=0.00, angular=0.10, stop=False, crosswalk_distance=440, start_slow_down=True[0m
[self_driving-10] [0m[INFO] [1782503478.997635402] [self_driving]: [1;33m440[0m[0m
[self_driving-10] [0m[INFO] [1782503478.999896587] [self_driving]: DEBUG_DRIVE lane_x=132.0, linear=0.15, linear_y=0.00, angular=-0.10, stop=False, crosswalk_distance=440, start_slow_down=True[0m
[self_driving-10] [0m[INFO] [1782503479.027971217] [self_driving]: [1;33m440[0m[0m
[self_driving-10] [0m[INFO] [1782503479.029824050] [self_driving]: DEBUG_DRIVE lane_x=128.0, linear=0.15, linear_y=0.00, angular=0.10, stop=False, crosswalk_distance=440, start_slow_down=True[0m
[self_driving-10] [0m[INFO] [1782503479.088091365] [self_driving]: [1;33m440[0m[0m
[self_driving-10] [0m[INFO] [1782503479.091690550] [self_driving]: DEBUG_DRIVE lane_x=130.0, linear=0.15, linear_y=0.00, angular=-0.10, stop=False, crosswalk_distance=440, start_slow_down=True[0m
[self_driving-10] [0m[INFO] [1782503479.157735809] [self_driving]: [1;33m440[0m[0m
[self_driving-10] [0m[INFO] [1782503479.160253476] [self_driving]: DEBUG_DRIVE lane_x=130.0, linear=0.15, linear_y=0.00, angular=0.00, stop=False, crosswalk_distance=440, start_slow_down=True[0m
[self_driving-10] [0m[INFO] [1782503479.214886013] [self_driving]: [1;33m440[0m[0m
[self_driving-10] [0m[INFO] [1782503479.215957291] [self_driving]: DEBUG_DRIVE lane_x=131.0, linear=0.15, linear_y=0.00, angular=-0.10, stop=False, crosswalk_distance=440, start_slow_down=True[0m
[self_driving-10] [0m[INFO] [1782503479.296961050] [self_driving]: [1;33m440[0m[0m
[self_driving-10] [0m[INFO] [1782503479.299413606] [self_driving]: DEBUG_DRIVE lane_x=127.5, linear=0.15, linear_y=0.00, angular=0.10, stop=False, crosswalk_distance=440, start_slow_down=True[0m
[self_driving-10] [0m[INFO] [1782503479.369278069] [self_driving]: [1;33m440[0m[0m
[self_driving-10] [0m[INFO] [1782503479.371398643] [self_driving]: DEBUG_DRIVE lane_x=127.5, linear=0.15, linear_y=0.00, angular=0.10, stop=False, crosswalk_distance=440, start_slow_down=True[0m
[self_driving-10] [0m[INFO] [1782503479.453778698] [self_driving]: [1;33m440[0m[0m
[self_driving-10] [0m[INFO] [1782503479.455425754] [self_driving]: DEBUG_DRIVE lane_x=123.0, linear=0.15, linear_y=0.00, angular=0.10, stop=False, crosswalk_distance=440, start_slow_down=True[0m
[self_driving-10] [0m[INFO] [1782503479.498210883] [self_driving]: [1;33m440[0m[0m
[self_driving-10] [0m[INFO] [1782503479.501036902] [self_driving]: DEBUG_DRIVE lane_x=123.5, linear=0.15, linear_y=0.00, angular=0.10, stop=False, crosswalk_distance=440, start_slow_down=True[0m
[self_driving-10] [0m[INFO] [1782503479.556140124] [self_driving]: [1;33m440[0m[0m
[self_driving-10] [0m[INFO] [1782503479.561044143] [self_driving]: DEBUG_DRIVE lane_x=128.0, linear=0.15, linear_y=0.00, angular=-0.10, stop=False, crosswalk_distance=440, start_slow_down=True[0m
[self_driving-10] [0m[INFO] [1782503479.626974198] [self_driving]: [1;33m440[0m[0m
[self_driving-10] [0m[INFO] [1782503479.628202383] [self_driving]: DEBUG_DRIVE lane_x=129.5, linear=0.15, linear_y=0.00, angular=-0.10, stop=False, crosswalk_distance=440, start_slow_down=True[0m
[self_driving-10] [0m[INFO] [1782503479.690595642] [self_driving]: [1;33m440[0m[0m
[self_driving-10] [0m[INFO] [1782503479.692500402] [self_driving]: DEBUG_DRIVE lane_x=134.5, linear=0.15, linear_y=0.00, angular=-0.10, stop=False, crosswalk_distance=440, start_slow_down=True[0m
[self_driving-10] [0m[INFO] [1782503479.752606309] [self_driving]: [1;33m440[0m[0m
[self_driving-10] [0m[INFO] [1782503479.755144383] [self_driving]: DEBUG_DRIVE lane_x=135.5, linear=0.15, linear_y=0.00, angular=-0.10, stop=False, crosswalk_distance=440, start_slow_down=True[0m
[self_driving-10] [0m[INFO] [1782503479.773729994] [self_driving]: objects=1[0m
[self_driving-10] [0m[INFO] [1782503479.776803420] [self_driving]: [DET] crosswalk: cx=494, cy=315, box=array('i', [422, 264, 566, 367]), score=0.31[0m
[self_driving-10] [0m[INFO] [1782503479.891395309] [self_driving]: [1;33m315[0m[0m
[self_driving-10] [0m[INFO] [1782503479.894902531] [self_driving]: DEBUG_DRIVE lane_x=129.5, linear=0.15, linear_y=0.00, angular=0.10, stop=False, crosswalk_distance=315, start_slow_down=True[0m
[self_driving-10] [0m[INFO] [1782503479.958027531] [self_driving]: [1;33m315[0m[0m
[self_driving-10] [0m[INFO] [1782503479.960016476] [self_driving]: DEBUG_DRIVE lane_x=126.0, linear=0.15, linear_y=0.00, angular=0.10, stop=False, crosswalk_distance=315, start_slow_down=True[0m
[self_driving-10] [0m[INFO] [1782503480.024681716] [self_driving]: [1;33m315[0m[0m
[self_driving-10] [0m[INFO] [1782503480.026094679] [self_driving]: DEBUG_DRIVE lane_x=120.5, linear=0.15, linear_y=0.00, angular=0.10, stop=False, crosswalk_distance=315, start_slow_down=True[0m
[self_driving-10] [0m[INFO] [1782503480.083856327] [self_driving]: [1;33m315[0m[0m
[self_driving-10] [0m[INFO] [1782503480.086490438] [self_driving]: DEBUG_DRIVE lane_x=125.5, linear=0.15, linear_y=0.00, angular=-0.10, stop=False, crosswalk_distance=315, start_slow_down=True[0m
[self_driving-10] [0m[INFO] [1782503480.162709883] [self_driving]: [1;33m315[0m[0m
[self_driving-10] [0m[INFO] [1782503480.164054050] [self_driving]: DEBUG_DRIVE lane_x=127.5, linear=0.15, linear_y=0.00, angular=0.10, stop=False, crosswalk_distance=315, start_slow_down=True[0m
[self_driving-10] [0m[INFO] [1782503480.183796309] [self_driving]: objects=1[0m
[self_driving-10] [0m[INFO] [1782503480.184693661] [self_driving]: [DET] crosswalk: cx=538, cy=357, box=array('i', [447, 279, 629, 435]), score=0.58[0m
[self_driving-10] [0m[INFO] [1782503480.244280050] [self_driving]: [1;33m357[0m[0m
[self_driving-10] [0m[INFO] [1782503480.245528809] [self_driving]: DEBUG_DRIVE lane_x=129.5, linear=0.15, linear_y=0.00, angular=-0.10, stop=False, crosswalk_distance=357, start_slow_down=True[0m
[self_driving-10] [0m[INFO] [1782503480.297148772] [self_driving]: [1;33m357[0m[0m
[self_driving-10] [0m[INFO] [1782503480.298520290] [self_driving]: DEBUG_DRIVE lane_x=127.5, linear=0.15, linear_y=0.00, angular=0.10, stop=False, crosswalk_distance=357, start_slow_down=True[0m
[self_driving-10] [0m[INFO] [1782503480.371454531] [self_driving]: [1;33m357[0m[0m
[self_driving-10] [0m[INFO] [1782503480.372808605] [self_driving]: DEBUG_DRIVE lane_x=130.5, linear=0.15, linear_y=0.00, angular=-0.10, stop=False, crosswalk_distance=357, start_slow_down=True[0m
[self_driving-10] [0m[INFO] [1782503480.427621179] [self_driving]: [1;33m357[0m[0m
[self_driving-10] [0m[INFO] [1782503480.429320957] [self_driving]: DEBUG_DRIVE lane_x=129.5, linear=0.15, linear_y=0.00, angular=0.10, stop=False, crosswalk_distance=357, start_slow_down=True[0m
[self_driving-10] [0m[INFO] [1782503480.488654309] [self_driving]: [1;33m357[0m[0m
[self_driving-10] [0m[INFO] [1782503480.490250272] [self_driving]: DEBUG_DRIVE lane_x=140.0, linear=0.15, linear_y=0.00, angular=-0.10, stop=False, crosswalk_distance=357, start_slow_down=True[0m
[self_driving-10] [0m[INFO] [1782503480.566826809] [self_driving]: [1;33m357[0m[0m
[self_driving-10] [0m[INFO] [1782503480.569406142] [self_driving]: DEBUG_DRIVE lane_x=145.0, linear=0.15, linear_y=0.00, angular=-0.10, stop=False, crosswalk_distance=357, start_slow_down=True[0m
[self_driving-10] [0m[INFO] [1782503480.649718957] [self_driving]: [1;33m357[0m[0m
[self_driving-10] [0m[INFO] [1782503480.652217586] [self_driving]: DEBUG_DRIVE lane_x=152.0, linear=0.15, linear_y=0.00, angular=-0.10, stop=False, crosswalk_distance=357, start_slow_down=True[0m
[self_driving-10] [0m[INFO] [1782503480.703937253] [self_driving]: [1;33m357[0m[0m
[self_driving-10] [0m[INFO] [1782503480.705672605] [self_driving]: DEBUG_DRIVE lane_x=158.5, linear=0.15, linear_y=0.00, angular=-0.10, stop=False, crosswalk_distance=357, start_slow_down=True[0m
[self_driving-10] [0m[INFO] [1782503480.771323642] [self_driving]: [1;33m357[0m[0m
[self_driving-10] [0m[INFO] [1782503480.772724771] [self_driving]: DEBUG_DRIVE lane_x=157.0, linear=0.15, linear_y=0.00, angular=-0.10, stop=False, crosswalk_distance=357, start_slow_down=True[0m
[self_driving-10] [0m[INFO] [1782503480.835800475] [self_driving]: [1;33m357[0m[0m
[self_driving-10] [0m[INFO] [1782503480.837140531] [self_driving]: DEBUG_DRIVE lane_x=162.0, linear=0.15, linear_y=0.00, angular=-0.10, stop=False, crosswalk_distance=357, start_slow_down=True[0m
[self_driving-10] [0m[INFO] [1782503480.904979827] [self_driving]: [1;33m357[0m[0m
[self_driving-10] [0m[INFO] [1782503480.907717123] [self_driving]: DEBUG_DRIVE lane_x=164.5, linear=0.15, linear_y=0.00, angular=-0.10, stop=False, crosswalk_distance=357, start_slow_down=True[0m
[self_driving-10] [0m[INFO] [1782503480.966746475] [self_driving]: [1;33m357[0m[0m
[self_driving-10] [0m[INFO] [1782503480.968230845] [self_driving]: DEBUG_DRIVE lane_x=175.5, linear=0.15, linear_y=0.00, angular=-0.10, stop=False, crosswalk_distance=357, start_slow_down=True[0m
[self_driving-10] [0m[INFO] [1782503481.071397864] [self_driving]: [1;33m357[0m[0m
[self_driving-10] [0m[INFO] [1782503481.073208771] [self_driving]: DEBUG_DRIVE lane_x=167.0, linear=0.15, linear_y=0.00, angular=-0.10, stop=False, crosswalk_distance=357, start_slow_down=True[0m
[self_driving-10] [0m[INFO] [1782503481.112540975] [self_driving]: [1;33m357[0m[0m
[self_driving-10] [0m[INFO] [1782503481.115521234] [self_driving]: DEBUG_DRIVE lane_x=175.5, linear=0.15, linear_y=0.00, angular=-0.10, stop=False, crosswalk_distance=357, start_slow_down=True[0m
[self_driving-10] [0m[INFO] [1782503481.181828753] [self_driving]: [1;33m357[0m[0m
[self_driving-10] [0m[INFO] [1782503481.184043197] [self_driving]: DEBUG_DRIVE lane_x=176.0, linear=0.15, linear_y=0.00, angular=-0.10, stop=False, crosswalk_distance=357, start_slow_down=True[0m
[self_driving-10] [0m[INFO] [1782503481.231268919] [self_driving]: [1;33m357[0m[0m
[self_driving-10] [0m[INFO] [1782503481.232712604] [self_driving]: DEBUG_DRIVE lane_x=204.0, linear=0.15, linear_y=0.00, angular=-0.45, stop=False, crosswalk_distance=357, start_slow_down=True[0m
[self_driving-10] [0m[INFO] [1782503481.306113364] [self_driving]: [1;33m357[0m[0m
[self_driving-10] [0m[INFO] [1782503481.307502845] [self_driving]: DEBUG_DRIVE lane_x=206.0, linear=0.15, linear_y=0.00, angular=-0.45, stop=False, crosswalk_distance=357, start_slow_down=True[0m
[self_driving-10] [0m[INFO] [1782503481.361300345] [self_driving]: [1;33m357[0m[0m
[self_driving-10] [0m[INFO] [1782503481.363290049] [self_driving]: DEBUG_DRIVE lane_x=206.5, linear=0.15, linear_y=0.00, angular=-0.45, stop=False, crosswalk_distance=357, start_slow_down=True[0m
[self_driving-10] [0m[INFO] [1782503481.440328419] [self_driving]: [1;33m357[0m[0m
[self_driving-10] [0m[INFO] [1782503481.444374752] [self_driving]: DEBUG_DRIVE lane_x=199.0, linear=0.15, linear_y=0.00, angular=-0.10, stop=False, crosswalk_distance=357, start_slow_down=True[0m
[self_driving-10] [0m[INFO] [1782503481.509313660] [self_driving]: [1;33m357[0m[0m
[self_driving-10] [0m[INFO] [1782503481.510846012] [self_driving]: DEBUG_DRIVE lane_x=201.5, linear=0.15, linear_y=0.00, angular=-0.45, stop=False, crosswalk_distance=357, start_slow_down=False[0m
[self_driving-10] [0m[INFO] [1782503481.575717697] [self_driving]: [1;33m357[0m[0m
[self_driving-10] [0m[INFO] [1782503481.577160938] [self_driving]: DEBUG_DRIVE lane_x=202.5, linear=0.15, linear_y=0.00, angular=-0.45, stop=False, crosswalk_distance=357, start_slow_down=False[0m
[self_driving-10] [0m[INFO] [1782503481.625188123] [self_driving]: [1;33m357[0m[0m
[self_driving-10] [0m[INFO] [1782503481.627238178] [self_driving]: DEBUG_DRIVE lane_x=203.5, linear=0.15, linear_y=0.00, angular=-0.45, stop=False, crosswalk_distance=357, start_slow_down=False[0m
[self_driving-10] [0m[INFO] [1782503481.712224308] [self_driving]: [1;33m357[0m[0m
[self_driving-10] [0m[INFO] [1782503481.714478252] [self_driving]: DEBUG_DRIVE lane_x=212.0, linear=0.15, linear_y=0.00, angular=-0.45, stop=False, crosswalk_distance=357, start_slow_down=True[0m
[self_driving-10] [0m[INFO] [1782503481.770382345] [self_driving]: [1;33m357[0m[0m
[self_driving-10] [0m[INFO] [1782503481.773204326] [self_driving]: DEBUG_DRIVE lane_x=207.5, linear=0.15, linear_y=0.00, angular=-0.45, stop=False, crosswalk_distance=357, start_slow_down=True[0m
[self_driving-10] [0m[INFO] [1782503481.870077104] [self_driving]: [1;33m357[0m[0m
[self_driving-10] [0m[INFO] [1782503481.872645752] [self_driving]: DEBUG_DRIVE lane_x=211.5, linear=0.15, linear_y=0.00, angular=-0.45, stop=False, crosswalk_distance=357, start_slow_down=True[0m
[self_driving-10] [0m[INFO] [1782503481.901430049] [self_driving]: [1;33m357[0m[0m
[self_driving-10] [0m[INFO] [1782503481.903738845] [self_driving]: DEBUG_DRIVE lane_x=206.0, linear=0.15, linear_y=0.00, angular=-0.45, stop=False, crosswalk_distance=357, start_slow_down=True[0m
[self_driving-10] [0m[INFO] [1782503481.977214974] [self_driving]: [1;33m357[0m[0m
[self_driving-10] [0m[INFO] [1782503481.979121400] [self_driving]: DEBUG_DRIVE lane_x=264.0, linear=0.15, linear_y=0.00, angular=-0.45, stop=False, crosswalk_distance=357, start_slow_down=True[0m
[self_driving-10] [0m[INFO] [1782503482.047298734] [self_driving]: [1;33m357[0m[0m
[self_driving-10] [0m[INFO] [1782503482.048251178] [self_driving]: DEBUG_DRIVE lane_x=271.0, linear=0.15, linear_y=0.00, angular=-0.45, stop=False, crosswalk_distance=357, start_slow_down=True[0m
[self_driving-10] [0m[INFO] [1782503482.112205548] [self_driving]: [1;33m357[0m[0m
[self_driving-10] [0m[INFO] [1782503482.113539382] [self_driving]: DEBUG_DRIVE lane_x=272.5, linear=0.15, linear_y=0.00, angular=-0.45, stop=False, crosswalk_distance=357, start_slow_down=True[0m
[self_driving-10] [0m[INFO] [1782503482.166064363] [self_driving]: [1;33m357[0m[0m
[self_driving-10] [0m[INFO] [1782503482.168051382] [self_driving]: DEBUG_DRIVE lane_x=278.5, linear=0.15, linear_y=0.00, angular=-0.45, stop=False, crosswalk_distance=357, start_slow_down=True[0m
[self_driving-10] [0m[INFO] [1782503482.274282919] [self_driving]: [1;33m357[0m[0m
[self_driving-10] [0m[INFO] [1782503482.283892641] [self_driving]: DEBUG_DRIVE lane_x=283.0, linear=0.15, linear_y=0.00, angular=-0.45, stop=False, crosswalk_distance=357, start_slow_down=True[0m
[self_driving-10] [0m[INFO] [1782503482.315238104] [self_driving]: [1;33m357[0m[0m
[self_driving-10] [0m[INFO] [1782503482.317966641] [self_driving]: DEBUG_DRIVE lane_x=295.0, linear=0.15, linear_y=0.00, angular=-0.45, stop=False, crosswalk_distance=357, start_slow_down=True[0m
[self_driving-10] [0m[INFO] [1782503482.385862993] [self_driving]: [1;33m357[0m[0m
[self_driving-10] [0m[INFO] [1782503482.392419807] [self_driving]: DEBUG_DRIVE lane_x=294.5, linear=0.15, linear_y=0.00, angular=-0.45, stop=False, crosswalk_distance=357, start_slow_down=True[0m
[self_driving-10] [0m[INFO] [1782503482.438947937] [self_driving]: [1;33m357[0m[0m
[self_driving-10] [0m[INFO] [1782503482.440312085] [self_driving]: DEBUG_DRIVE lane_x=285.5, linear=0.15, linear_y=0.00, angular=-0.45, stop=False, crosswalk_distance=357, start_slow_down=True[0m
[self_driving-10] [0m[INFO] [1782503482.519979419] [self_driving]: [1;33m357[0m[0m
[self_driving-10] [0m[INFO] [1782503482.522021752] [self_driving]: DEBUG_DRIVE lane_x=291.0, linear=0.15, linear_y=0.00, angular=-0.45, stop=False, crosswalk_distance=357, start_slow_down=True[0m
[self_driving-10] [0m[INFO] [1782503482.576637104] [self_driving]: [1;33m357[0m[0m
[self_driving-10] [0m[INFO] [1782503482.579190381] [self_driving]: DEBUG_DRIVE lane_x=292.0, linear=0.15, linear_y=0.00, angular=-0.45, stop=False, crosswalk_distance=357, start_slow_down=True[0m
[self_driving-10] [0m[INFO] [1782503482.671602641] [self_driving]: [1;33m357[0m[0m
[self_driving-10] [0m[INFO] [1782503482.678284270] [self_driving]: DEBUG_DRIVE lane_x=294.5, linear=0.15, linear_y=0.00, angular=-0.45, stop=False, crosswalk_distance=357, start_slow_down=True[0m
[self_driving-10] [0m[INFO] [1782503482.720573937] [self_driving]: [1;33m357[0m[0m
[self_driving-10] [0m[INFO] [1782503482.722585307] [self_driving]: DEBUG_DRIVE lane_x=148.0, linear=0.15, linear_y=0.00, angular=0.00, stop=False, crosswalk_distance=357, start_slow_down=True[0m
[self_driving-10] [0m[INFO] [1782503482.788612567] [self_driving]: [1;33m357[0m[0m
[self_driving-10] [0m[INFO] [1782503482.790497141] [self_driving]: DEBUG_DRIVE lane_x=145.5, linear=0.15, linear_y=0.00, angular=0.00, stop=False, crosswalk_distance=357, start_slow_down=True[0m
[self_driving-10] [0m[INFO] [1782503482.842976159] [self_driving]: [1;33m357[0m[0m
[self_driving-10] [0m[INFO] [1782503482.844433252] [self_driving]: DEBUG_DRIVE lane_x=158.5, linear=0.15, linear_y=0.00, angular=0.00, stop=False, crosswalk_distance=357, start_slow_down=True[0m
[self_driving-10] [0m[INFO] [1782503482.916609178] [self_driving]: [1;33m357[0m[0m
[self_driving-10] [0m[INFO] [1782503482.917694103] [self_driving]: DEBUG_DRIVE lane_x=170.0, linear=0.15, linear_y=0.00, angular=0.00, stop=False, crosswalk_distance=357, start_slow_down=True[0m
[self_driving-10] [0m[INFO] [1782503482.983654289] [self_driving]: [1;33m357[0m[0m
[self_driving-10] [0m[INFO] [1782503482.986465807] [self_driving]: DEBUG_DRIVE lane_x=186.0, linear=0.15, linear_y=0.00, angular=0.00, stop=False, crosswalk_distance=357, start_slow_down=True[0m
[self_driving-10] [0m[INFO] [1782503483.108198400] [self_driving]: [1;33m357[0m[0m
[self_driving-10] [0m[INFO] [1782503483.118625955] [self_driving]: DEBUG_DRIVE lane_x=192.5, linear=0.15, linear_y=0.00, angular=0.00, stop=False, crosswalk_distance=357, start_slow_down=True[0m
[self_driving-10] [0m[INFO] [1782503483.142946622] [self_driving]: [1;33m357[0m[0m
[self_driving-10] [0m[INFO] [1782503483.144666881] [self_driving]: DEBUG_DRIVE lane_x=204.5, linear=0.15, linear_y=0.00, angular=-0.45, stop=False, crosswalk_distance=357, start_slow_down=True[0m
[self_driving-10] [0m[INFO] [1782503483.200246826] [self_driving]: [1;33m357[0m[0m
[self_driving-10] [0m[INFO] [1782503483.201910770] [self_driving]: DEBUG_DRIVE lane_x=212.0, linear=0.15, linear_y=0.00, angular=-0.45, stop=False, crosswalk_distance=357, start_slow_down=True[0m
[self_driving-10] [0m[INFO] [1782503483.254349066] [self_driving]: [1;33m357[0m[0m
[self_driving-10] [0m[INFO] [1782503483.255568825] [self_driving]: DEBUG_DRIVE lane_x=222.0, linear=0.15, linear_y=0.00, angular=-0.45, stop=False, crosswalk_distance=357, start_slow_down=True[0m
[self_driving-10] [0m[INFO] [1782503483.307172844] [self_driving]: [1;33m357[0m[0m
[self_driving-10] [0m[INFO] [1782503483.308268085] [self_driving]: DEBUG_DRIVE lane_x=231.0, linear=0.15, linear_y=0.00, angular=-0.45, stop=False, crosswalk_distance=357, start_slow_down=True[0m
[self_driving-10] [0m[INFO] [1782503483.373822011] [self_driving]: [1;33m357[0m[0m
[self_driving-10] [0m[INFO] [1782503483.375346659] [self_driving]: DEBUG_DRIVE lane_x=243.5, linear=0.15, linear_y=0.00, angular=-0.45, stop=False, crosswalk_distance=357, start_slow_down=True[0m
[self_driving-10] [0m[INFO] [1782503483.443013159] [self_driving]: [1;33m357[0m[0m
[self_driving-10] [0m[INFO] [1782503483.444172196] [self_driving]: DEBUG_DRIVE lane_x=250.5, linear=0.15, linear_y=0.00, angular=-0.45, stop=False, crosswalk_distance=357, start_slow_down=True[0m
[self_driving-10] [0m[INFO] [1782503483.554628251] [self_driving]: [1;33m357[0m[0m
[self_driving-10] [0m[INFO] [1782503483.556299825] [self_driving]: DEBUG_DRIVE lane_x=250.0, linear=0.15, linear_y=0.00, angular=-0.45, stop=False, crosswalk_distance=357, start_slow_down=True[0m
[self_driving-10] [0m[INFO] [1782503483.588860566] [self_driving]: [1;33m357[0m[0m
[self_driving-10] [0m[INFO] [1782503483.594974455] [self_driving]: DEBUG_DRIVE lane_x=250.5, linear=0.15, linear_y=0.00, angular=-0.45, stop=False, crosswalk_distance=357, start_slow_down=True[0m
[self_driving-10] [0m[INFO] [1782503483.647966233] [self_driving]: [1;33m357[0m[0m
[self_driving-10] [0m[INFO] [1782503483.649084992] [self_driving]: DEBUG_DRIVE lane_x=257.0, linear=0.15, linear_y=0.00, angular=-0.45, stop=False, crosswalk_distance=357, start_slow_down=True[0m
[self_driving-10] [0m[INFO] [1782503483.723418714] [self_driving]: [1;33m357[0m[0m
[self_driving-10] [0m[INFO] [1782503483.724757955] [self_driving]: DEBUG_DRIVE lane_x=261.0, linear=0.15, linear_y=0.00, angular=-0.45, stop=False, crosswalk_distance=357, start_slow_down=True[0m
[self_driving-10] [0m[INFO] [1782503483.797435325] [self_driving]: [1;33m357[0m[0m
[self_driving-10] [0m[INFO] [1782503483.799439844] [self_driving]: DEBUG_DRIVE lane_x=263.0, linear=0.15, linear_y=0.00, angular=-0.45, stop=False, crosswalk_distance=357, start_slow_down=True[0m
[self_driving-10] [0m[INFO] [1782503483.875587344] [self_driving]: [1;33m357[0m[0m
[self_driving-10] [0m[INFO] [1782503483.877899066] [self_driving]: DEBUG_DRIVE lane_x=263.0, linear=0.15, linear_y=0.00, angular=-0.45, stop=False, crosswalk_distance=357, start_slow_down=True[0m
[self_driving-10] [0m[INFO] [1782503483.944222677] [self_driving]: [1;33m357[0m[0m
[self_driving-10] [0m[INFO] [1782503483.945935084] [self_driving]: DEBUG_DRIVE lane_x=259.0, linear=0.15, linear_y=0.00, angular=-0.45, stop=False, crosswalk_distance=357, start_slow_down=True[0m
[self_driving-10] [0m[INFO] [1782503483.993310177] [self_driving]: [1;33m357[0m[0m
[self_driving-10] [0m[INFO] [1782503483.995645121] [self_driving]: DEBUG_DRIVE lane_x=254.0, linear=0.15, linear_y=0.00, angular=-0.45, stop=False, crosswalk_distance=357, start_slow_down=True[0m
[self_driving-10] [0m[INFO] [1782503484.052514584] [self_driving]: [1;33m357[0m[0m
[self_driving-10] [0m[INFO] [1782503484.054631473] [self_driving]: DEBUG_DRIVE lane_x=258.5, linear=0.15, linear_y=0.00, angular=-0.45, stop=False, crosswalk_distance=357, start_slow_down=True[0m
[self_driving-10] [0m[INFO] [1782503484.129221566] [self_driving]: [1;33m357[0m[0m
[self_driving-10] [0m[INFO] [1782503484.130905473] [self_driving]: DEBUG_DRIVE lane_x=247.5, linear=0.15, linear_y=0.00, angular=-0.45, stop=False, crosswalk_distance=357, start_slow_down=True[0m
[self_driving-10] [0m[INFO] [1782503484.194451232] [self_driving]: [1;33m357[0m[0m
[self_driving-10] [0m[INFO] [1782503484.195694714] [self_driving]: DEBUG_DRIVE lane_x=245.0, linear=0.15, linear_y=0.00, angular=-0.45, stop=False, crosswalk_distance=357, start_slow_down=True[0m
[self_driving-10] [0m[INFO] [1782503484.254950232] [self_driving]: [1;33m357[0m[0m
[self_driving-10] [0m[INFO] [1782503484.256314658] [self_driving]: DEBUG_DRIVE lane_x=306.0, linear=0.15, linear_y=0.00, angular=-0.45, stop=False, crosswalk_distance=357, start_slow_down=True[0m
[self_driving-10] [0m[INFO] [1782503484.363313917] [self_driving]: [1;33m357[0m[0m
[self_driving-10] [0m[INFO] [1782503484.365188251] [self_driving]: DEBUG_DRIVE lane_x=297.5, linear=0.15, linear_y=0.00, angular=-0.45, stop=False, crosswalk_distance=357, start_slow_down=True[0m
[self_driving-10] [0m[INFO] [1782503484.397765695] [self_driving]: [1;33m357[0m[0m
[self_driving-10] [0m[INFO] [1782503484.401682954] [self_driving]: DEBUG_DRIVE lane_x=292.0, linear=0.15, linear_y=0.00, angular=-0.45, stop=False, crosswalk_distance=357, start_slow_down=False[0m
[self_driving-10] [0m[INFO] [1782503484.466783362] [self_driving]: [1;33m357[0m[0m
[self_driving-10] [0m[INFO] [1782503484.468490603] [self_driving]: DEBUG_DRIVE lane_x=283.5, linear=0.15, linear_y=0.00, angular=-0.45, stop=False, crosswalk_distance=357, start_slow_down=False[0m
[self_driving-10] [0m[INFO] [1782503484.516931436] [self_driving]: [1;33m357[0m[0m
[self_driving-10] [0m[INFO] [1782503484.518469658] [self_driving]: DEBUG_DRIVE lane_x=277.5, linear=0.15, linear_y=0.00, angular=-0.45, stop=False, crosswalk_distance=357, start_slow_down=False[0m
[self_driving-10] [0m[INFO] [1782503484.599319547] [self_driving]: [1;33m357[0m[0m
[self_driving-10] [0m[INFO] [1782503484.600555251] [self_driving]: DEBUG_DRIVE lane_x=269.5, linear=0.15, linear_y=0.00, angular=-0.45, stop=False, crosswalk_distance=357, start_slow_down=True[0m
[self_driving-10] [0m[INFO] [1782503484.665627195] [self_driving]: [1;33m357[0m[0m
[self_driving-10] [0m[INFO] [1782503484.669176899] [self_driving]: DEBUG_DRIVE lane_x=257.0, linear=0.15, linear_y=0.00, angular=-0.45, stop=False, crosswalk_distance=357, start_slow_down=True[0m
[self_driving-10] [0m[INFO] [1782503484.756581325] [self_driving]: [1;33m357[0m[0m
[self_driving-10] [0m[INFO] [1782503484.758964325] [self_driving]: DEBUG_DRIVE lane_x=238.0, linear=0.15, linear_y=0.00, angular=-0.45, stop=False, crosswalk_distance=357, start_slow_down=True[0m
[self_driving-10] [0m[INFO] [1782503484.799013491] [self_driving]: [1;33m357[0m[0m
[self_driving-10] [0m[INFO] [1782503484.800906843] [self_driving]: DEBUG_DRIVE lane_x=222.5, linear=0.15, linear_y=0.00, angular=-0.45, stop=False, crosswalk_distance=357, start_slow_down=True[0m
[self_driving-10] [0m[INFO] [1782503484.860870862] [self_driving]: [1;33m357[0m[0m
[self_driving-10] [0m[INFO] [1782503484.862398102] [self_driving]: DEBUG_DRIVE lane_x=204.0, linear=0.15, linear_y=0.00, angular=-0.45, stop=False, crosswalk_distance=357, start_slow_down=True[0m
[self_driving-10] [0m[INFO] [1782503484.934865602] [self_driving]: [1;33m357[0m[0m
[self_driving-10] [0m[INFO] [1782503484.936543658] [self_driving]: DEBUG_DRIVE lane_x=191.5, linear=0.15, linear_y=0.00, angular=-0.10, stop=False, crosswalk_distance=357, start_slow_down=True[0m
[self_driving-10] [0m[INFO] [1782503485.001458399] [self_driving]: [1;33m357[0m[0m
[self_driving-10] [0m[INFO] [1782503485.004901991] [self_driving]: DEBUG_DRIVE lane_x=170.0, linear=0.15, linear_y=0.00, angular=-0.10, stop=False, crosswalk_distance=357, start_slow_down=True[0m
[self_driving-10] [0m[INFO] [1782503485.064223213] [self_driving]: [1;33m357[0m[0m
[self_driving-10] [0m[INFO] [1782503485.067554324] [self_driving]: DEBUG_DRIVE lane_x=155.5, linear=0.15, linear_y=0.00, angular=-0.10, stop=False, crosswalk_distance=357, start_slow_down=True[0m
[self_driving-10] [0m[INFO] [1782503485.087388936] [self_driving]: objects=1[0m
[self_driving-10] [0m[INFO] [1782503485.088203843] [self_driving]: [DET] crosswalk: cx=615, cy=200, box=array('i', [591, 192, 639, 208]), score=0.74[0m
[self_driving-10] [0m[INFO] [1782503485.143782047] [self_driving]: [1;33m200[0m[0m
[self_driving-10] [0m[INFO] [1782503485.148287454] [self_driving]: DEBUG_DRIVE lane_x=147.0, linear=0.15, linear_y=0.00, angular=-0.10, stop=False, crosswalk_distance=200, start_slow_down=True[0m
[self_driving-10] [0m[INFO] [1782503485.208066787] [self_driving]: [1;33m200[0m[0m
[self_driving-10] [0m[INFO] [1782503485.209507195] [self_driving]: DEBUG_DRIVE lane_x=145.0, linear=0.15, linear_y=0.00, angular=-0.10, stop=False, crosswalk_distance=200, start_slow_down=True[0m
[self_driving-10] [0m[INFO] [1782503485.278423676] [self_driving]: [1;33m200[0m[0m
[self_driving-10] [0m[INFO] [1782503485.279999269] [self_driving]: DEBUG_DRIVE lane_x=142.0, linear=0.15, linear_y=0.00, angular=-0.10, stop=False, crosswalk_distance=200, start_slow_down=True[0m
[self_driving-10] [0m[INFO] [1782503485.331389972] [self_driving]: [1;33m200[0m[0m
[self_driving-10] [0m[INFO] [1782503485.332787250] [self_driving]: DEBUG_DRIVE lane_x=140.0, linear=0.15, linear_y=0.00, angular=-0.10, stop=False, crosswalk_distance=200, start_slow_down=True[0m
[self_driving-10] [0m[INFO] [1782503485.403555898] [self_driving]: [1;33m200[0m[0m
[self_driving-10] [0m[INFO] [1782503485.405066713] [self_driving]: DEBUG_DRIVE lane_x=134.0, linear=0.15, linear_y=0.00, angular=0.10, stop=False, crosswalk_distance=200, start_slow_down=True[0m
[self_driving-10] [0m[INFO] [1782503485.464856787] [self_driving]: [1;33m200[0m[0m
[self_driving-10] [0m[INFO] [1782503485.466459324] [self_driving]: DEBUG_DRIVE lane_x=130.5, linear=0.15, linear_y=0.00, angular=0.10, stop=False, crosswalk_distance=200, start_slow_down=True[0m
[self_driving-10] [0m[INFO] [1782503485.516917620] [self_driving]: objects=1[0m
[self_driving-10] [0m[INFO] [1782503485.518149732] [self_driving]: [DET] crosswalk: cx=571, cy=175, box=array('i', [507, 172, 635, 179]), score=0.70[0m
[self_driving-10] [0m[INFO] [1782503485.556782528] [self_driving]: [1;33m175[0m[0m
[self_driving-10] [0m[INFO] [1782503485.561870324] [self_driving]: DEBUG_DRIVE lane_x=120.0, linear=0.15, linear_y=0.00, angular=0.10, stop=False, crosswalk_distance=175, start_slow_down=True[0m
[self_driving-10] [0m[INFO] [1782503485.624862528] [self_driving]: [1;33m175[0m[0m
[self_driving-10] [0m[INFO] [1782503485.627362454] [self_driving]: DEBUG_DRIVE lane_x=128.5, linear=0.15, linear_y=0.00, angular=-0.10, stop=False, crosswalk_distance=175, start_slow_down=True[0m
[self_driving-10] [0m[INFO] [1782503485.667084120] [self_driving]: [1;33m175[0m[0m
[self_driving-10] [0m[INFO] [1782503485.669514750] [self_driving]: DEBUG_DRIVE lane_x=120.5, linear=0.15, linear_y=0.00, angular=0.10, stop=False, crosswalk_distance=175, start_slow_down=True[0m
[self_driving-10] [0m[INFO] [1782503485.742116972] [self_driving]: [1;33m175[0m[0m
[self_driving-10] [0m[INFO] [1782503485.745265139] [self_driving]: DEBUG_DRIVE lane_x=122.5, linear=0.15, linear_y=0.00, angular=0.10, stop=False, crosswalk_distance=175, start_slow_down=True[0m
[self_driving-10] [0m[INFO] [1782503485.806221861] [self_driving]: [1;33m175[0m[0m
[self_driving-10] [0m[INFO] [1782503485.809785935] [self_driving]: DEBUG_DRIVE lane_x=138.5, linear=0.15, linear_y=0.00, angular=-0.10, stop=False, crosswalk_distance=175, start_slow_down=True[0m
[self_driving-10] [0m[INFO] [1782503485.869144657] [self_driving]: [1;33m175[0m[0m
[self_driving-10] [0m[INFO] [1782503485.871929139] [self_driving]: DEBUG_DRIVE lane_x=141.5, linear=0.15, linear_y=0.00, angular=-0.10, stop=False, crosswalk_distance=175, start_slow_down=True[0m
[self_driving-10] [0m[INFO] [1782503485.928698528] [self_driving]: [1;33m175[0m[0m
[self_driving-10] [0m[INFO] [1782503485.930296120] [self_driving]: DEBUG_DRIVE lane_x=142.5, linear=0.15, linear_y=0.00, angular=-0.10, stop=False, crosswalk_distance=175, start_slow_down=True[0m
[self_driving-10] [0m[INFO] [1782503485.959932694] [self_driving]: objects=1[0m
[self_driving-10] [0m[INFO] [1782503485.961017602] [self_driving]: [DET] crosswalk: cx=465, cy=202, box=array('i', [353, 197, 578, 208]), score=0.85[0m
[self_driving-10] [0m[INFO] [1782503485.964761583] [self_driving]: objects=1[0m
[self_driving-10] [0m[INFO] [1782503485.966063065] [self_driving]: [DET] crosswalk: cx=454, cy=177, box=array('i', [386, 174, 522, 181]), score=0.29[0m
[self_driving-10] [0m[INFO] [1782503486.060246657] [self_driving]: [1;33m177[0m[0m
[self_driving-10] [0m[INFO] [1782503486.069997120] [self_driving]: DEBUG_DRIVE lane_x=144.5, linear=0.15, linear_y=0.00, angular=-0.10, stop=False, crosswalk_distance=177, start_slow_down=True[0m
[self_driving-10] [0m[INFO] [1782503486.099744916] [self_driving]: [1;33m177[0m[0m
[self_driving-10] [0m[INFO] [1782503486.103500009] [self_driving]: DEBUG_DRIVE lane_x=142.5, linear=0.15, linear_y=0.00, angular=-0.10, stop=False, crosswalk_distance=177, start_slow_down=True[0m
[self_driving-10] [0m[INFO] [1782503486.142520342] [self_driving]: [1;33m177[0m[0m
[self_driving-10] [0m[INFO] [1782503486.145407250] [self_driving]: DEBUG_DRIVE lane_x=143.0, linear=0.15, linear_y=0.00, angular=-0.10, stop=False, crosswalk_distance=177, start_slow_down=True[0m
[self_driving-10] [0m[INFO] [1782503486.197870898] [self_driving]: [1;33m177[0m[0m
[self_driving-10] [0m[INFO] [1782503486.199865398] [self_driving]: DEBUG_DRIVE lane_x=141.0, linear=0.15, linear_y=0.00, angular=-0.10, stop=False, crosswalk_distance=177, start_slow_down=True[0m
[self_driving-10] [0m[INFO] [1782503486.268121898] [self_driving]: [1;33m177[0m[0m
[self_driving-10] [0m[INFO] [1782503486.269922527] [self_driving]: DEBUG_DRIVE lane_x=136.5, linear=0.15, linear_y=0.00, angular=-0.10, stop=False, crosswalk_distance=177, start_slow_down=True[0m
[self_driving-10] [0m[INFO] [1782503486.331948361] [self_driving]: [1;33m177[0m[0m
[self_driving-10] [0m[INFO] [1782503486.335828213] [self_driving]: DEBUG_DRIVE lane_x=130.0, linear=0.15, linear_y=0.00, angular=0.10, stop=False, crosswalk_distance=177, start_slow_down=True[0m
[self_driving-10] [0m[INFO] [1782503486.411832305] [self_driving]: objects=1[0m
[self_driving-10] [0m[INFO] [1782503486.412385564] [self_driving]: [DET] crosswalk: cx=402, cy=178, box=array('i', [334, 175, 470, 182]), score=0.72[0m
[self_driving-10] [0m[INFO] [1782503486.416699768] [self_driving]: [1;33m178[0m[0m
[self_driving-10] [0m[INFO] [1782503486.418497268] [self_driving]: DEBUG_DRIVE lane_x=123.5, linear=0.15, linear_y=0.00, angular=0.10, stop=False, crosswalk_distance=178, start_slow_down=True[0m
[self_driving-10] [0m[INFO] [1782503486.472397601] [self_driving]: [1;33m178[0m[0m
[self_driving-10] [0m[INFO] [1782503486.475690657] [self_driving]: DEBUG_DRIVE lane_x=116.0, linear=0.15, linear_y=0.00, angular=0.10, stop=False, crosswalk_distance=178, start_slow_down=True[0m
[self_driving-10] [0m[INFO] [1782503486.551072972] [self_driving]: [1;33m178[0m[0m
[self_driving-10] [0m[INFO] [1782503486.554475546] [self_driving]: DEBUG_DRIVE lane_x=120.5, linear=0.15, linear_y=0.00, angular=0.10, stop=False, crosswalk_distance=178, start_slow_down=True[0m
[self_driving-10] [0m[INFO] [1782503486.604194194] [self_driving]: [1;33m178[0m[0m
[self_driving-10] [0m[INFO] [1782503486.606174435] [self_driving]: DEBUG_DRIVE lane_x=117.0, linear=0.15, linear_y=0.00, angular=0.10, stop=False, crosswalk_distance=178, start_slow_down=True[0m
[self_driving-10] [0m[INFO] [1782503486.679257231] [self_driving]: [1;33m178[0m[0m
[self_driving-10] [0m[INFO] [1782503486.682271157] [self_driving]: DEBUG_DRIVE lane_x=123.0, linear=0.15, linear_y=0.00, angular=0.10, stop=False, crosswalk_distance=178, start_slow_down=True[0m
[self_driving-10] [0m[INFO] [1782503486.750060157] [self_driving]: [1;33m178[0m[0m
[self_driving-10] [0m[INFO] [1782503486.751485453] [self_driving]: DEBUG_DRIVE lane_x=127.0, linear=0.15, linear_y=0.00, angular=-0.10, stop=False, crosswalk_distance=178, start_slow_down=True[0m
[self_driving-10] [0m[INFO] [1782503486.772678490] [self_driving]: objects=1[0m
[self_driving-10] [0m[INFO] [1782503486.774225379] [self_driving]: [DET] crosswalk: cx=425, cy=205, box=array('i', [303, 198, 547, 213]), score=0.84[0m
[self_driving-10] [0m[INFO] [1782503486.787529546] [self_driving]: objects=1[0m
[self_driving-10] [0m[INFO] [1782503486.791250305] [self_driving]: [DET] crosswalk: cx=411, cy=174, box=array('i', [337, 170, 485, 179]), score=0.71[0m
[self_driving-10] [0m[INFO] [1782503486.828680805] [self_driving]: [1;33m174[0m[0m
[self_driving-10] [0m[INFO] [1782503486.831318842] [self_driving]: DEBUG_DRIVE lane_x=138.5, linear=0.15, linear_y=0.00, angular=-0.10, stop=False, crosswalk_distance=174, start_slow_down=True[0m
[self_driving-10] [0m[INFO] [1782503486.890825805] [self_driving]: [1;33m174[0m[0m
[self_driving-10] [0m[INFO] [1782503486.892520916] [self_driving]: DEBUG_DRIVE lane_x=144.0, linear=0.15, linear_y=0.00, angular=-0.10, stop=False, crosswalk_distance=174, start_slow_down=True[0m
[self_driving-10] [0m[INFO] [1782503486.944355471] [self_driving]: [1;33m174[0m[0m
[self_driving-10] [0m[INFO] [1782503486.946879860] [self_driving]: DEBUG_DRIVE lane_x=144.0, linear=0.15, linear_y=0.00, angular=-0.10, stop=False, crosswalk_distance=174, start_slow_down=True[0m
[self_driving-10] [0m[INFO] [1782503487.021493638] [self_driving]: [1;33m174[0m[0m
[self_driving-10] [0m[INFO] [1782503487.025733323] [self_driving]: DEBUG_DRIVE lane_x=144.5, linear=0.15, linear_y=0.00, angular=-0.10, stop=False, crosswalk_distance=174, start_slow_down=True[0m
[self_driving-10] [0m[INFO] [1782503487.076322657] [self_driving]: [1;33m174[0m[0m
[self_driving-10] [0m[INFO] [1782503487.077751879] [self_driving]: DEBUG_DRIVE lane_x=142.5, linear=0.15, linear_y=0.00, angular=-0.10, stop=False, crosswalk_distance=174, start_slow_down=True[0m
[self_driving-10] [0m[INFO] [1782503487.149974508] [self_driving]: [1;33m174[0m[0m
[self_driving-10] [0m[INFO] [1782503487.152813416] [self_driving]: DEBUG_DRIVE lane_x=143.0, linear=0.15, linear_y=0.00, angular=-0.10, stop=False, crosswalk_distance=174, start_slow_down=True[0m
[self_driving-10] [0m[INFO] [1782503487.206188953] [self_driving]: [1;33m174[0m[0m
[self_driving-10] [0m[INFO] [1782503487.209087119] [self_driving]: DEBUG_DRIVE lane_x=143.5, linear=0.15, linear_y=0.00, angular=-0.10, stop=False, crosswalk_distance=174, start_slow_down=True[0m
[self_driving-10] [0m[INFO] [1782503487.210141934] [self_driving]: objects=1[0m
[self_driving-10] [0m[INFO] [1782503487.211363693] [self_driving]: [DET] crosswalk: cx=434, cy=208, box=array('i', [301, 201, 567, 216]), score=0.81[0m
[self_driving-10] [0m[INFO] [1782503487.216279156] [self_driving]: objects=1[0m
[self_driving-10] [0m[INFO] [1782503487.217467971] [self_driving]: [DET] crosswalk: cx=416, cy=175, box=array('i', [342, 171, 491, 179]), score=0.53[0m
[self_driving-10] [0m[INFO] [1782503487.297027027] [self_driving]: [1;33m175[0m[0m
[self_driving-10] [0m[INFO] [1782503487.298120545] [self_driving]: DEBUG_DRIVE lane_x=137.0, linear=0.15, linear_y=0.00, angular=-0.10, stop=False, crosswalk_distance=175, start_slow_down=False[0m
[self_driving-10] [0m[INFO] [1782503487.361759916] [self_driving]: [1;33m175[0m[0m
[self_driving-10] [0m[INFO] [1782503487.364008138] [self_driving]: DEBUG_DRIVE lane_x=137.5, linear=0.15, linear_y=0.00, angular=-0.10, stop=False, crosswalk_distance=175, start_slow_down=False[0m
[self_driving-10] [0m[INFO] [1782503487.421500008] [self_driving]: [1;33m175[0m[0m
[self_driving-10] [0m[INFO] [1782503487.426023767] [self_driving]: DEBUG_DRIVE lane_x=137.5, linear=0.15, linear_y=0.00, angular=-0.10, stop=False, crosswalk_distance=175, start_slow_down=False[0m
[self_driving-10] [0m[INFO] [1782503487.489721101] [self_driving]: [1;33m175[0m[0m
[self_driving-10] [0m[INFO] [1782503487.492376564] [self_driving]: DEBUG_DRIVE lane_x=139.0, linear=0.15, linear_y=0.00, angular=-0.10, stop=False, crosswalk_distance=175, start_slow_down=True[0m
[self_driving-10] [0m[INFO] [1782503487.557757045] [self_driving]: [1;33m175[0m[0m
[self_driving-10] [0m[INFO] [1782503487.560628582] [self_driving]: DEBUG_DRIVE lane_x=136.5, linear=0.15, linear_y=0.00, angular=-0.10, stop=False, crosswalk_distance=175, start_slow_down=True[0m
[self_driving-10] [0m[INFO] [1782503487.624372008] [self_driving]: [1;33m175[0m[0m
[self_driving-10] [0m[INFO] [1782503487.625772119] [self_driving]: DEBUG_DRIVE lane_x=138.0, linear=0.15, linear_y=0.00, angular=-0.10, stop=False, crosswalk_distance=175, start_slow_down=True[0m
[self_driving-10] [0m[INFO] [1782503487.631731693] [self_driving]: objects=1[0m
[self_driving-10] [0m[INFO] [1782503487.632858027] [self_driving]: [DET] crosswalk: cx=397, cy=178, box=array('i', [317, 173, 478, 183]), score=0.75[0m
[self_driving-10] [0m[INFO] [1782503487.701152027] [self_driving]: [1;33m178[0m[0m
[self_driving-10] [0m[INFO] [1782503487.702484415] [self_driving]: DEBUG_DRIVE lane_x=133.5, linear=0.15, linear_y=0.00, angular=0.10, stop=False, crosswalk_distance=178, start_slow_down=True[0m
[self_driving-10] [0m[INFO] [1782503487.758123230] [self_driving]: [1;33m178[0m[0m
[self_driving-10] [0m[INFO] [1782503487.759987878] [self_driving]: DEBUG_DRIVE lane_x=133.5, linear=0.15, linear_y=0.00, angular=-0.10, stop=False, crosswalk_distance=178, start_slow_down=True[0m
[self_driving-10] [0m[INFO] [1782503487.825298841] [self_driving]: [1;33m178[0m[0m
[self_driving-10] [0m[INFO] [1782503487.827127786] [self_driving]: DEBUG_DRIVE lane_x=127.0, linear=0.15, linear_y=0.00, angular=0.10, stop=False, crosswalk_distance=178, start_slow_down=True[0m
[self_driving-10] [0m[INFO] [1782503487.888979323] [self_driving]: [1;33m178[0m[0m
[self_driving-10] [0m[INFO] [1782503487.890175175] [self_driving]: DEBUG_DRIVE lane_x=126.0, linear=0.15, linear_y=0.00, angular=0.10, stop=False, crosswalk_distance=178, start_slow_down=True[0m
[self_driving-10] [0m[INFO] [1782503487.949228397] [self_driving]: [1;33m178[0m[0m
[self_driving-10] [0m[INFO] [1782503487.950421545] [self_driving]: DEBUG_DRIVE lane_x=124.5, linear=0.15, linear_y=0.00, angular=0.10, stop=False, crosswalk_distance=178, start_slow_down=True[0m
[self_driving-10] [0m[INFO] [1782503488.000718934] [self_driving]: objects=1[0m
[self_driving-10] [0m[INFO] [1782503488.002741193] [self_driving]: [DET] crosswalk: cx=443, cy=224, box=array('i', [286, 215, 600, 234]), score=0.85[0m
[self_driving-10] [0m[INFO] [1782503488.007814212] [self_driving]: objects=1[0m
[self_driving-10] [0m[INFO] [1782503488.008923860] [self_driving]: [DET] crosswalk: cx=417, cy=181, box=array('i', [333, 177, 502, 186]), score=0.80[0m
[self_driving-10] [0m[INFO] [1782503488.019018230] [self_driving]: [1;33m181[0m[0m
[self_driving-10] [0m[INFO] [1782503488.022099582] [self_driving]: DEBUG_DRIVE lane_x=126.0, linear=0.15, linear_y=0.00, angular=0.10, stop=False, crosswalk_distance=181, start_slow_down=True[0m
[self_driving-10] [0m[INFO] [1782503488.104617563] [self_driving]: [1;33m181[0m[0m
[self_driving-10] [0m[INFO] [1782503488.111247767] [self_driving]: DEBUG_DRIVE lane_x=126.5, linear=0.15, linear_y=0.00, angular=0.10, stop=False, crosswalk_distance=181, start_slow_down=True[0m
[self_driving-10] [0m[INFO] [1782503488.173621286] [self_driving]: [1;33m181[0m[0m
[self_driving-10] [0m[INFO] [1782503488.174818748] [self_driving]: DEBUG_DRIVE lane_x=129.5, linear=0.15, linear_y=0.00, angular=-0.10, stop=False, crosswalk_distance=181, start_slow_down=True[0m
[self_driving-10] [0m[INFO] [1782503488.237654915] [self_driving]: [1;33m181[0m[0m
[self_driving-10] [0m[INFO] [1782503488.239268971] [self_driving]: DEBUG_DRIVE lane_x=133.5, linear=0.15, linear_y=0.00, angular=-0.10, stop=False, crosswalk_distance=181, start_slow_down=True[0m
[self_driving-10] [0m[INFO] [1782503488.287896452] [self_driving]: [1;33m181[0m[0m
[self_driving-10] [0m[INFO] [1782503488.291891304] [self_driving]: DEBUG_DRIVE lane_x=139.5, linear=0.15, linear_y=0.00, angular=-0.10, stop=False, crosswalk_distance=181, start_slow_down=True[0m
[self_driving-10] [0m[INFO] [1782503488.367407563] [self_driving]: [1;33m181[0m[0m
[self_driving-10] [0m[INFO] [1782503488.368618359] [self_driving]: DEBUG_DRIVE lane_x=144.0, linear=0.15, linear_y=0.00, angular=-0.10, stop=False, crosswalk_distance=181, start_slow_down=True[0m
[self_driving-10] [0m[INFO] [1782503488.404676119] [self_driving]: objects=1[0m
[self_driving-10] [0m[INFO] [1782503488.406820471] [self_driving]: [DET] crosswalk: cx=407, cy=186, box=array('i', [319, 182, 495, 190]), score=0.76[0m
[self_driving-10] [0m[INFO] [1782503488.450821137] [self_driving]: [1;33m186[0m[0m
[self_driving-10] [0m[INFO] [1782503488.453929563] [self_driving]: DEBUG_DRIVE lane_x=140.0, linear=0.15, linear_y=0.00, angular=-0.10, stop=False, crosswalk_distance=186, start_slow_down=True[0m
[self_driving-10] [0m[INFO] [1782503488.490760248] [self_driving]: [1;33m186[0m[0m
[self_driving-10] [0m[INFO] [1782503488.491904211] [self_driving]: DEBUG_DRIVE lane_x=142.5, linear=0.15, linear_y=0.00, angular=-0.10, stop=False, crosswalk_distance=186, start_slow_down=True[0m
[self_driving-10] [0m[INFO] [1782503488.567181878] [self_driving]: [1;33m186[0m[0m
[self_driving-10] [0m[INFO] [1782503488.570625674] [self_driving]: DEBUG_DRIVE lane_x=144.5, linear=0.15, linear_y=0.00, angular=-0.10, stop=False, crosswalk_distance=186, start_slow_down=True[0m
[self_driving-10] [0m[INFO] [1782503488.629477026] [self_driving]: [1;33m186[0m[0m
[self_driving-10] [0m[INFO] [1782503488.631102119] [self_driving]: DEBUG_DRIVE lane_x=132.5, linear=0.15, linear_y=0.00, angular=0.10, stop=False, crosswalk_distance=186, start_slow_down=True[0m
[self_driving-10] [0m[INFO] [1782503488.702198174] [self_driving]: [1;33m186[0m[0m
[self_driving-10] [0m[INFO] [1782503488.705908859] [self_driving]: DEBUG_DRIVE lane_x=129.5, linear=0.15, linear_y=0.00, angular=0.10, stop=False, crosswalk_distance=186, start_slow_down=True[0m
[self_driving-10] [0m[INFO] [1782503488.756895304] [self_driving]: [1;33m186[0m[0m
[self_driving-10] [0m[INFO] [1782503488.758071285] [self_driving]: DEBUG_DRIVE lane_x=122.5, linear=0.15, linear_y=0.00, angular=0.10, stop=False, crosswalk_distance=186, start_slow_down=True[0m
[self_driving-10] [0m[INFO] [1782503488.830343970] [self_driving]: [1;33m186[0m[0m
[self_driving-10] [0m[INFO] [1782503488.833094878] [self_driving]: DEBUG_DRIVE lane_x=127.0, linear=0.15, linear_y=0.00, angular=-0.10, stop=False, crosswalk_distance=186, start_slow_down=True[0m
[self_driving-10] [0m[INFO] [1782503488.862539711] [self_driving]: objects=1[0m
[self_driving-10] [0m[INFO] [1782503488.863714304] [self_driving]: [DET] crosswalk: cx=424, cy=244, box=array('i', [236, 232, 612, 257]), score=0.91[0m
[self_driving-10] [0m[INFO] [1782503488.868166526] [self_driving]: objects=1[0m
[self_driving-10] [0m[INFO] [1782503488.871195526] [self_driving]: [DET] crosswalk: cx=387, cy=189, box=array('i', [296, 185, 478, 194]), score=0.80[0m
[self_driving-10] [0m[INFO] [1782503488.912650415] [self_driving]: [1;33m189[0m[0m
[self_driving-10] [0m[INFO] [1782503488.917034526] [self_driving]: DEBUG_DRIVE lane_x=128.0, linear=0.15, linear_y=0.00, angular=0.10, stop=False, crosswalk_distance=189, start_slow_down=True[0m
[self_driving-10] [0m[INFO] [1782503488.958993581] [self_driving]: [1;33m189[0m[0m
[self_driving-10] [0m[INFO] [1782503488.964023767] [self_driving]: DEBUG_DRIVE lane_x=137.0, linear=0.15, linear_y=0.00, angular=-0.10, stop=False, crosswalk_distance=189, start_slow_down=True[0m
[self_driving-10] [0m[INFO] [1782503489.030371637] [self_driving]: [1;33m189[0m[0m
[self_driving-10] [0m[INFO] [1782503489.035691915] [self_driving]: DEBUG_DRIVE lane_x=133.0, linear=0.15, linear_y=0.00, angular=0.10, stop=False, crosswalk_distance=189, start_slow_down=True[0m
[self_driving-10] [0m[INFO] [1782503489.093439507] [self_driving]: [1;33m189[0m[0m
[self_driving-10] [0m[INFO] [1782503489.096232915] [self_driving]: DEBUG_DRIVE lane_x=138.5, linear=0.15, linear_y=0.00, angular=-0.10, stop=False, crosswalk_distance=189, start_slow_down=True[0m
[self_driving-10] [0m[INFO] [1782503489.164154489] [self_driving]: [1;33m189[0m[0m
[self_driving-10] [0m[INFO] [1782503489.167577266] [self_driving]: DEBUG_DRIVE lane_x=138.5, linear=0.15, linear_y=0.00, angular=-0.10, stop=False, crosswalk_distance=189, start_slow_down=True[0m
[self_driving-10] [0m[INFO] [1782503489.221585952] [self_driving]: objects=1[0m
[self_driving-10] [0m[INFO] [1782503489.223609211] [self_driving]: [DET] crosswalk: cx=431, cy=260, box=array('i', [223, 246, 640, 274]), score=0.89[0m
[self_driving-10] [0m[INFO] [1782503489.263363600] [self_driving]: objects=1[0m
[self_driving-10] [0m[INFO] [1782503489.264003933] [self_driving]: [DET] crosswalk: cx=389, cy=193, box=array('i', [294, 189, 484, 198]), score=0.81[0m
[self_driving-10] [0m[INFO] [1782503489.275491692] [self_driving]: [1;33m193[0m[0m
[self_driving-10] [0m[INFO] [1782503489.277374859] [self_driving]: DEBUG_DRIVE lane_x=139.0, linear=0.15, linear_y=0.00, angular=-0.10, stop=False, crosswalk_distance=193, start_slow_down=True[0m
[self_driving-10] [0m[INFO] [1782503489.305053248] [self_driving]: [1;33m193[0m[0m
[self_driving-10] [0m[INFO] [1782503489.310022229] [self_driving]: DEBUG_DRIVE lane_x=137.0, linear=0.15, linear_y=0.00, angular=-0.10, stop=False, crosswalk_distance=193, start_slow_down=True[0m
[self_driving-10] [0m[INFO] [1782503489.371849044] [self_driving]: [1;33m193[0m[0m
[self_driving-10] [0m[INFO] [1782503489.376171692] [self_driving]: DEBUG_DRIVE lane_x=131.0, linear=0.15, linear_y=0.00, angular=0.10, stop=False, crosswalk_distance=193, start_slow_down=True[0m
[self_driving-10] [0m[INFO] [1782503489.425325822] [self_driving]: [1;33m193[0m[0m
[self_driving-10] [0m[INFO] [1782503489.427377044] [self_driving]: DEBUG_DRIVE lane_x=130.0, linear=0.15, linear_y=0.00, angular=0.10, stop=False, crosswalk_distance=193, start_slow_down=True[0m
[self_driving-10] [0m[INFO] [1782503489.490062674] [self_driving]: [1;33m193[0m[0m
[self_driving-10] [0m[INFO] [1782503489.491597933] [self_driving]: DEBUG_DRIVE lane_x=123.5, linear=0.15, linear_y=0.00, angular=0.10, stop=False, crosswalk_distance=193, start_slow_down=True[0m
[self_driving-10] [0m[INFO] [1782503489.584697674] [self_driving]: [1;33m193[0m[0m
[self_driving-10] [0m[INFO] [1782503489.587753785] [self_driving]: DEBUG_DRIVE lane_x=123.5, linear=0.15, linear_y=0.00, angular=0.10, stop=False, crosswalk_distance=193, start_slow_down=True[0m
[self_driving-10] [0m[INFO] [1782503489.631089562] [self_driving]: [1;33m193[0m[0m
[self_driving-10] [0m[INFO] [1782503489.632416785] [self_driving]: DEBUG_DRIVE lane_x=124.5, linear=0.15, linear_y=0.00, angular=0.10, stop=False, crosswalk_distance=193, start_slow_down=True[0m
[self_driving-10] [0m[INFO] [1782503489.691691636] [self_driving]: objects=1[0m
[self_driving-10] [0m[INFO] [1782503489.693527266] [self_driving]: [DET] crosswalk: cx=391, cy=196, box=array('i', [291, 191, 492, 201]), score=0.84[0m
[self_driving-10] [0m[INFO] [1782503489.698834211] [self_driving]: [1;33m196[0m[0m
[self_driving-10] [0m[INFO] [1782503489.701819673] [self_driving]: DEBUG_DRIVE lane_x=123.5, linear=0.15, linear_y=0.00, angular=0.10, stop=False, crosswalk_distance=196, start_slow_down=True[0m
[self_driving-10] [0m[INFO] [1782503489.771127285] [self_driving]: [1;33m196[0m[0m
[self_driving-10] [0m[INFO] [1782503489.773244007] [self_driving]: DEBUG_DRIVE lane_x=129.5, linear=0.15, linear_y=0.00, angular=-0.10, stop=False, crosswalk_distance=196, start_slow_down=True[0m
[self_driving-10] [0m[INFO] [1782503489.826739303] [self_driving]: [1;33m196[0m[0m
[self_driving-10] [0m[INFO] [1782503489.829381155] [self_driving]: DEBUG_DRIVE lane_x=135.5, linear=0.15, linear_y=0.00, angular=-0.10, stop=False, crosswalk_distance=196, start_slow_down=True[0m
[self_driving-10] [0m[INFO] [1782503489.897325784] [self_driving]: [1;33m196[0m[0m
[self_driving-10] [0m[INFO] [1782503489.899398636] [self_driving]: DEBUG_DRIVE lane_x=139.5, linear=0.15, linear_y=0.00, angular=-0.10, stop=False, crosswalk_distance=196, start_slow_down=True[0m
[self_driving-10] [0m[INFO] [1782503489.967865099] [self_driving]: [1;33m196[0m[0m
[self_driving-10] [0m[INFO] [1782503489.969028821] [self_driving]: DEBUG_DRIVE lane_x=140.5, linear=0.15, linear_y=0.00, angular=-0.10, stop=False, crosswalk_distance=196, start_slow_down=True[0m
[self_driving-10] [0m[INFO] [1782503490.033225414] [self_driving]: [1;33m196[0m[0m
[self_driving-10] [0m[INFO] [1782503490.034708970] [self_driving]: DEBUG_DRIVE lane_x=131.5, linear=0.15, linear_y=0.00, angular=0.10, stop=False, crosswalk_distance=196, start_slow_down=True[0m
[self_driving-10] [0m[INFO] [1782503490.057913210] [self_driving]: objects=1[0m
[self_driving-10] [0m[INFO] [1782503490.058443470] [self_driving]: [DET] crosswalk: cx=395, cy=201, box=array('i', [286, 196, 505, 207]), score=0.83[0m
[self_driving-10] [0m[INFO] [1782503490.114372729] [self_driving]: [1;33m201[0m[0m
[self_driving-10] [0m[INFO] [1782503490.116423858] [self_driving]: DEBUG_DRIVE lane_x=131.5, linear=0.15, linear_y=0.00, angular=-0.10, stop=False, crosswalk_distance=201, start_slow_down=True[0m
[self_driving-10] [0m[INFO] [1782503490.175473081] [self_driving]: [1;33m201[0m[0m
[self_driving-10] [0m[INFO] [1782503490.177979155] [self_driving]: DEBUG_DRIVE lane_x=125.0, linear=0.15, linear_y=0.00, angular=0.10, stop=False, crosswalk_distance=201, start_slow_down=False[0m
[self_driving-10] [0m[INFO] [1782503490.240357488] [self_driving]: [1;33m201[0m[0m
[self_driving-10] [0m[INFO] [1782503490.244567895] [self_driving]: DEBUG_DRIVE lane_x=130.0, linear=0.15, linear_y=0.00, angular=-0.10, stop=False, crosswalk_distance=201, start_slow_down=False[0m
[self_driving-10] [0m[INFO] [1782503490.297921321] [self_driving]: [1;33m201[0m[0m
[self_driving-10] [0m[INFO] [1782503490.300581340] [self_driving]: DEBUG_DRIVE lane_x=126.5, linear=0.15, linear_y=0.00, angular=0.10, stop=False, crosswalk_distance=201, start_slow_down=False[0m
[self_driving-10] [0m[INFO] [1782503490.372691192] [self_driving]: [1;33m201[0m[0m
[self_driving-10] [0m[INFO] [1782503490.374808025] [self_driving]: DEBUG_DRIVE lane_x=129.5, linear=0.15, linear_y=0.00, angular=-0.10, stop=False, crosswalk_distance=201, start_slow_down=True[0m
[self_driving-10] [0m[INFO] [1782503490.439479692] [self_driving]: objects=1[0m
[self_driving-10] [0m[INFO] [1782503490.440014358] [self_driving]: [DET] crosswalk: cx=388, cy=206, box=array('i', [270, 200, 506, 212]), score=0.86[0m
[self_driving-10] [0m[INFO] [1782503490.455140025] [self_driving]: [1;33m206[0m[0m
[self_driving-10] [0m[INFO] [1782503490.461808469] [self_driving]: DEBUG_DRIVE lane_x=128.5, linear=0.15, linear_y=0.00, angular=0.10, stop=False, crosswalk_distance=206, start_slow_down=True[0m
[self_driving-10] [0m[INFO] [1782503490.500397858] [self_driving]: [1;33m206[0m[0m
[self_driving-10] [0m[INFO] [1782503490.505693173] [self_driving]: DEBUG_DRIVE lane_x=130.0, linear=0.15, linear_y=0.00, angular=-0.10, stop=False, crosswalk_distance=206, start_slow_down=True[0m
[self_driving-10] [0m[INFO] [1782503490.589818136] [self_driving]: [1;33m206[0m[0m
[self_driving-10] [0m[INFO] [1782503490.591770358] [self_driving]: DEBUG_DRIVE lane_x=130.5, linear=0.15, linear_y=0.00, angular=-0.10, stop=False, crosswalk_distance=206, start_slow_down=True[0m
[self_driving-10] [0m[INFO] [1782503490.651430432] [self_driving]: [1;33m206[0m[0m
[self_driving-10] [0m[INFO] [1782503490.653945432] [self_driving]: DEBUG_DRIVE lane_x=127.0, linear=0.15, linear_y=0.00, angular=0.10, stop=False, crosswalk_distance=206, start_slow_down=True[0m
[self_driving-10] [0m[INFO] [1782503490.714350117] [self_driving]: [1;33m206[0m[0m
[self_driving-10] [0m[INFO] [1782503490.716241062] [self_driving]: DEBUG_DRIVE lane_x=127.5, linear=0.15, linear_y=0.00, angular=0.10, stop=False, crosswalk_distance=206, start_slow_down=True[0m
[self_driving-10] [0m[INFO] [1782503490.777483840] [self_driving]: [1;33m206[0m[0m
[self_driving-10] [0m[INFO] [1782503490.778863654] [self_driving]: DEBUG_DRIVE lane_x=123.5, linear=0.15, linear_y=0.00, angular=0.10, stop=False, crosswalk_distance=206, start_slow_down=True[0m
[self_driving-10] [0m[INFO] [1782503490.845363321] [self_driving]: [1;33m206[0m[0m
[self_driving-10] [0m[INFO] [1782503490.846642914] [self_driving]: DEBUG_DRIVE lane_x=127.5, linear=0.15, linear_y=0.00, angular=-0.10, stop=False, crosswalk_distance=206, start_slow_down=True[0m
[self_driving-10] [0m[INFO] [1782503490.867414006] [self_driving]: objects=1[0m
[self_driving-10] [0m[INFO] [1782503490.875240562] [self_driving]: [DET] crosswalk: cx=383, cy=359, box=array('i', [128, 316, 638, 403]), score=0.88[0m
[self_driving-10] [0m[INFO] [1782503490.885868321] [self_driving]: objects=1[0m
[self_driving-10] [0m[INFO] [1782503490.893925654] [self_driving]: [DET] crosswalk: cx=411, cy=203, box=array('i', [284, 196, 539, 210]), score=0.82[0m
[self_driving-10] [0m[INFO] [1782503490.949855543] [self_driving]: [1;33m203[0m[0m
[self_driving-10] [0m[INFO] [1782503490.953294951] [self_driving]: DEBUG_DRIVE lane_x=129.5, linear=0.15, linear_y=0.00, angular=-0.10, stop=False, crosswalk_distance=203, start_slow_down=True[0m
[self_driving-10] [0m[INFO] [1782503490.996095636] [self_driving]: [1;33m203[0m[0m
[self_driving-10] [0m[INFO] [1782503491.002519765] [self_driving]: DEBUG_DRIVE lane_x=130.5, linear=0.15, linear_y=0.00, angular=-0.10, stop=False, crosswalk_distance=203, start_slow_down=True[0m
[self_driving-10] [0m[INFO] [1782503491.055720025] [self_driving]: [1;33m203[0m[0m
[self_driving-10] [0m[INFO] [1782503491.057226728] [self_driving]: DEBUG_DRIVE lane_x=128.5, linear=0.15, linear_y=0.00, angular=0.10, stop=False, crosswalk_distance=203, start_slow_down=True[0m
[self_driving-10] [0m[INFO] [1782503491.121093080] [self_driving]: [1;33m203[0m[0m
[self_driving-10] [0m[INFO] [1782503491.123228580] [self_driving]: DEBUG_DRIVE lane_x=125.5, linear=0.15, linear_y=0.00, angular=0.10, stop=False, crosswalk_distance=203, start_slow_down=True[0m
[self_driving-10] [0m[INFO] [1782503491.192223080] [self_driving]: [1;33m203[0m[0m
[self_driving-10] [0m[INFO] [1782503491.199109358] [self_driving]: DEBUG_DRIVE lane_x=121.0, linear=0.15, linear_y=0.00, angular=0.10, stop=False, crosswalk_distance=203, start_slow_down=True[0m
[self_driving-10] [0m[INFO] [1782503491.255424821] [self_driving]: [1;33m203[0m[0m
[self_driving-10] [0m[INFO] [1782503491.257944617] [self_driving]: DEBUG_DRIVE lane_x=125.0, linear=0.15, linear_y=0.00, angular=-0.10, stop=False, crosswalk_distance=203, start_slow_down=True[0m
[self_driving-10] [0m[INFO] [1782503491.315000691] [self_driving]: [1;33m203[0m[0m
[self_driving-10] [0m[INFO] [1782503491.316344450] [self_driving]: DEBUG_DRIVE lane_x=125.0, linear=0.15, linear_y=0.00, angular=0.10, stop=False, crosswalk_distance=203, start_slow_down=True[0m
[self_driving-10] [0m[INFO] [1782503491.337068635] [self_driving]: objects=1[0m
[self_driving-10] [0m[INFO] [1782503491.338367858] [self_driving]: [DET] crosswalk: cx=331, cy=420, box=array('i', [23, 360, 640, 480]), score=0.87[0m
[self_driving-10] [0m[INFO] [1782503491.346414895] [self_driving]: objects=1[0m
[self_driving-10] [0m[INFO] [1782503491.348425543] [self_driving]: [DET] crosswalk: cx=414, cy=210, box=array('i', [276, 202, 553, 219]), score=0.85[0m
[self_driving-10] [0m[INFO] [1782503491.424791524] [self_driving]: [1;33m210[0m[0m
[self_driving-10] [0m[INFO] [1782503491.426137191] [self_driving]: DEBUG_DRIVE lane_x=130.0, linear=0.15, linear_y=0.00, angular=-0.10, stop=False, crosswalk_distance=210, start_slow_down=True[0m
[self_driving-10] [0m[INFO] [1782503491.464040839] [self_driving]: [1;33m210[0m[0m
[self_driving-10] [0m[INFO] [1782503491.466041247] [self_driving]: DEBUG_DRIVE lane_x=123.5, linear=0.15, linear_y=0.00, angular=0.10, stop=False, crosswalk_distance=210, start_slow_down=True[0m
[self_driving-10] [0m[INFO] [1782503491.520901784] [self_driving]: [1;33m210[0m[0m
[self_driving-10] [0m[INFO] [1782503491.522742117] [self_driving]: DEBUG_DRIVE lane_x=126.5, linear=0.15, linear_y=0.00, angular=-0.10, stop=False, crosswalk_distance=210, start_slow_down=True[0m
[self_driving-10] [0m[INFO] [1782503491.589576154] [self_driving]: [1;33m210[0m[0m
[self_driving-10] [0m[INFO] [1782503491.590861302] [self_driving]: DEBUG_DRIVE lane_x=124.5, linear=0.15, linear_y=0.00, angular=0.10, stop=False, crosswalk_distance=210, start_slow_down=True[0m
[self_driving-10] [0m[INFO] [1782503491.643628006] [self_driving]: [1;33m210[0m[0m
[self_driving-10] [0m[INFO] [1782503491.644680617] [self_driving]: DEBUG_DRIVE lane_x=137.5, linear=0.15, linear_y=0.00, angular=-0.10, stop=False, crosswalk_distance=210, start_slow_down=True[0m
[self_driving-10] [0m[INFO] [1782503491.721711561] [self_driving]: [1;33m210[0m[0m
[self_driving-10] [0m[INFO] [1782503491.724112839] [self_driving]: DEBUG_DRIVE lane_x=136.0, linear=0.15, linear_y=0.00, angular=-0.10, stop=False, crosswalk_distance=210, start_slow_down=True[0m
[self_driving-10] [0m[INFO] [1782503491.779515246] [self_driving]: [1;33m210[0m[0m
[self_driving-10] [0m[INFO] [1782503491.783626209] [self_driving]: DEBUG_DRIVE lane_x=138.0, linear=0.15, linear_y=0.00, angular=-0.10, stop=False, crosswalk_distance=210, start_slow_down=True[0m
[self_driving-10] [0m[INFO] [1782503491.802591691] [self_driving]: objects=1[0m
[self_driving-10] [0m[INFO] [1782503491.803374283] [self_driving]: [DET] crosswalk: cx=420, cy=218, box=array('i', [272, 209, 568, 227]), score=0.88[0m
[self_driving-10] [0m[INFO] [1782503491.807790191] [self_driving]: objects=1[0m
[self_driving-10] [0m[INFO] [1782503491.810140265] [self_driving]: [DET] crosswalk: cx=333, cy=446, box=array('i', [27, 414, 640, 478]), score=0.87[0m
[self_driving-10] [0m[INFO] [1782503491.881886357] [self_driving]: [1;33m446[0m[0m
[self_driving-10] [0m[INFO] [1782503491.892228987] [self_driving]: DEBUG_DRIVE lane_x=135.5, linear=0.15, linear_y=0.00, angular=-0.10, stop=False, crosswalk_distance=446, start_slow_down=True[0m
[self_driving-10] [0m[INFO] [1782503491.935821524] [self_driving]: [1;33m446[0m[0m
[self_driving-10] [0m[INFO] [1782503491.937294246] [self_driving]: DEBUG_DRIVE lane_x=132.0, linear=0.15, linear_y=0.00, angular=0.10, stop=False, crosswalk_distance=446, start_slow_down=True[0m
[self_driving-10] [0m[INFO] [1782503491.996467987] [self_driving]: [1;33m446[0m[0m
[self_driving-10] [0m[INFO] [1782503491.999763357] [self_driving]: DEBUG_DRIVE lane_x=130.0, linear=0.15, linear_y=0.00, angular=0.10, stop=False, crosswalk_distance=446, start_slow_down=True[0m
[self_driving-10] [0m[INFO] [1782503492.054140635] [self_driving]: [1;33m446[0m[0m
[self_driving-10] [0m[INFO] [1782503492.056025728] [self_driving]: DEBUG_DRIVE lane_x=119.5, linear=0.15, linear_y=0.00, angular=0.10, stop=False, crosswalk_distance=446, start_slow_down=True[0m
[self_driving-10] [0m[INFO] [1782503492.134259579] [self_driving]: [1;33m446[0m[0m
[self_driving-10] [0m[INFO] [1782503492.135840709] [self_driving]: DEBUG_DRIVE lane_x=122.5, linear=0.15, linear_y=0.00, angular=0.10, stop=False, crosswalk_distance=446, start_slow_down=True[0m
[self_driving-10] [0m[INFO] [1782503492.191255524] [self_driving]: [1;33m446[0m[0m
[self_driving-10] [0m[INFO] [1782503492.193002728] [self_driving]: DEBUG_DRIVE lane_x=123.0, linear=0.15, linear_y=0.00, angular=0.10, stop=False, crosswalk_distance=446, start_slow_down=True[0m
[self_driving-10] [0m[INFO] [1782503492.205770005] [self_driving]: objects=1[0m
[self_driving-10] [0m[INFO] [1782503492.208175839] [self_driving]: [DET] crosswalk: cx=422, cy=224, box=array('i', [261, 214, 584, 235]), score=0.87[0m
[self_driving-10] [0m[INFO] [1782503492.306987079] [self_driving]: [1;33m224[0m[0m
[self_driving-10] [0m[INFO] [1782503492.309505968] [self_driving]: DEBUG_DRIVE lane_x=134.0, linear=0.15, linear_y=0.00, angular=-0.10, stop=False, crosswalk_distance=224, start_slow_down=True[0m
[self_driving-10] [0m[INFO] [1782503492.331176542] [self_driving]: [1;33m224[0m[0m
[self_driving-10] [0m[INFO] [1782503492.332268487] [self_driving]: DEBUG_DRIVE lane_x=140.0, linear=0.15, linear_y=0.00, angular=-0.10, stop=False, crosswalk_distance=224, start_slow_down=True[0m
[self_driving-10] [0m[INFO] [1782503492.379341505] [self_driving]: [1;33m224[0m[0m
[self_driving-10] [0m[INFO] [1782503492.380940783] [self_driving]: DEBUG_DRIVE lane_x=148.0, linear=0.15, linear_y=0.00, angular=-0.10, stop=False, crosswalk_distance=224, start_slow_down=True[0m
[self_driving-10] [0m[INFO] [1782503492.450841801] [self_driving]: [1;33m224[0m[0m
[self_driving-10] [0m[INFO] [1782503492.452247876] [self_driving]: DEBUG_DRIVE lane_x=154.0, linear=0.15, linear_y=0.00, angular=-0.10, stop=False, crosswalk_distance=224, start_slow_down=True[0m
[self_driving-10] [0m[INFO] [1782503492.516959709] [self_driving]: [1;33m224[0m[0m
[self_driving-10] [0m[INFO] [1782503492.518665764] [self_driving]: DEBUG_DRIVE lane_x=153.0, linear=0.15, linear_y=0.00, angular=-0.10, stop=False, crosswalk_distance=224, start_slow_down=True[0m
[self_driving-10] [0m[INFO] [1782503492.593957709] [self_driving]: [1;33m224[0m[0m
[self_driving-10] [0m[INFO] [1782503492.597509987] [self_driving]: DEBUG_DRIVE lane_x=154.5, linear=0.15, linear_y=0.00, angular=-0.10, stop=False, crosswalk_distance=224, start_slow_down=True[0m
[self_driving-10] [0m[INFO] [1782503492.611884061] [self_driving]: objects=1[0m
[self_driving-10] [0m[INFO] [1782503492.615621542] [self_driving]: [DET] crosswalk: cx=439, cy=234, box=array('i', [259, 222, 620, 246]), score=0.91[0m
[self_driving-10] [0m[INFO] [1782503492.681283931] [self_driving]: [1;33m234[0m[0m
[self_driving-10] [0m[INFO] [1782503492.684754949] [self_driving]: DEBUG_DRIVE lane_x=152.5, linear=0.15, linear_y=0.00, angular=-0.10, stop=False, crosswalk_distance=234, start_slow_down=True[0m
[self_driving-10] [0m[INFO] [1782503492.727654079] [self_driving]: [1;33m234[0m[0m
[self_driving-10] [0m[INFO] [1782503492.729378857] [self_driving]: DEBUG_DRIVE lane_x=149.0, linear=0.15, linear_y=0.00, angular=-0.10, stop=False, crosswalk_distance=234, start_slow_down=True[0m
[self_driving-10] [0m[INFO] [1782503492.794340783] [self_driving]: [1;33m234[0m[0m
[self_driving-10] [0m[INFO] [1782503492.799841246] [self_driving]: DEBUG_DRIVE lane_x=154.0, linear=0.15, linear_y=0.00, angular=-0.10, stop=False, crosswalk_distance=234, start_slow_down=True[0m
[self_driving-10] [0m[INFO] [1782503492.871257172] [self_driving]: [1;33m234[0m[0m
[self_driving-10] [0m[INFO] [1782503492.873333060] [self_driving]: DEBUG_DRIVE lane_x=146.5, linear=0.15, linear_y=0.00, angular=-0.10, stop=False, crosswalk_distance=234, start_slow_down=True[0m
[self_driving-10] [0m[INFO] [1782503492.927930505] [self_driving]: [1;33m234[0m[0m
[self_driving-10] [0m[INFO] [1782503492.929101190] [self_driving]: DEBUG_DRIVE lane_x=148.0, linear=0.15, linear_y=0.00, angular=-0.10, stop=False, crosswalk_distance=234, start_slow_down=True[0m
[self_driving-10] [0m[INFO] [1782503492.999908597] [self_driving]: [1;33m234[0m[0m
[self_driving-10] [0m[INFO] [1782503493.001240690] [self_driving]: DEBUG_DRIVE lane_x=142.5, linear=0.15, linear_y=0.00, angular=-0.10, stop=False, crosswalk_distance=234, start_slow_down=True[0m
[self_driving-10] [0m[INFO] [1782503493.013175857] [self_driving]: objects=1[0m
[self_driving-10] [0m[INFO] [1782503493.020104653] [self_driving]: [DET] crosswalk: cx=445, cy=245, box=array('i', [251, 232, 640, 259]), score=0.91[0m
[self_driving-10] [0m[INFO] [1782503493.076398412] [self_driving]: [1;33m245[0m[0m
[self_driving-10] [0m[INFO] [1782503493.077807801] [self_driving]: DEBUG_DRIVE lane_x=141.5, linear=0.15, linear_y=0.00, angular=-0.10, stop=False, crosswalk_distance=245, start_slow_down=False[0m
[self_driving-10] [0m[INFO] [1782503493.124573523] [self_driving]: [1;33m245[0m[0m
[self_driving-10] [0m[INFO] [1782503493.126478357] [self_driving]: DEBUG_DRIVE lane_x=143.5, linear=0.15, linear_y=0.00, angular=-0.10, stop=False, crosswalk_distance=245, start_slow_down=False[0m
[self_driving-10] [0m[INFO] [1782503493.199671301] [self_driving]: [1;33m245[0m[0m
[self_driving-10] [0m[INFO] [1782503493.202511357] [self_driving]: DEBUG_DRIVE lane_x=136.0, linear=0.15, linear_y=0.00, angular=0.10, stop=False, crosswalk_distance=245, start_slow_down=False[0m
[self_driving-10] [0m[INFO] [1782503493.265169282] [self_driving]: [1;33m245[0m[0m
[self_driving-10] [0m[INFO] [1782503493.266300060] [self_driving]: DEBUG_DRIVE lane_x=132.0, linear=0.15, linear_y=0.00, angular=0.10, stop=False, crosswalk_distance=245, start_slow_down=True[0m
[self_driving-10] [0m[INFO] [1782503493.330995116] [self_driving]: [1;33m245[0m[0m
[self_driving-10] [0m[INFO] [1782503493.332785301] [self_driving]: DEBUG_DRIVE lane_x=130.0, linear=0.15, linear_y=0.00, angular=0.10, stop=False, crosswalk_distance=245, start_slow_down=True[0m
[self_driving-10] [0m[INFO] [1782503493.395866079] [self_driving]: [1;33m245[0m[0m
[self_driving-10] [0m[INFO] [1782503493.396982060] [self_driving]: DEBUG_DRIVE lane_x=137.5, linear=0.15, linear_y=0.00, angular=-0.10, stop=False, crosswalk_distance=245, start_slow_down=True[0m
[self_driving-10] [0m[INFO] [1782503493.446791227] [self_driving]: objects=1[0m
[self_driving-10] [0m[INFO] [1782503493.450080393] [self_driving]: [DET] crosswalk: cx=444, cy=257, box=array('i', [248, 241, 640, 274]), score=0.90[0m
[self_driving-10] [0m[INFO] [1782503493.470939301] [self_driving]: [1;33m257[0m[0m
[self_driving-10] [0m[INFO] [1782503493.473315505] [self_driving]: DEBUG_DRIVE lane_x=143.0, linear=0.15, linear_y=0.00, angular=-0.10, stop=False, crosswalk_distance=257, start_slow_down=True[0m
[self_driving-10] [0m[INFO] [1782503493.552708745] [self_driving]: [1;33m257[0m[0m
[self_driving-10] [0m[INFO] [1782503493.557881023] [self_driving]: DEBUG_DRIVE lane_x=147.5, linear=0.15, linear_y=0.00, angular=-0.10, stop=False, crosswalk_distance=257, start_slow_down=True[0m
[self_driving-10] [0m[INFO] [1782503493.595119449] [self_driving]: [1;33m257[0m[0m
[self_driving-10] [0m[INFO] [1782503493.597622042] [self_driving]: DEBUG_DRIVE lane_x=146.0, linear=0.15, linear_y=0.00, angular=-0.10, stop=False, crosswalk_distance=257, start_slow_down=True[0m
[self_driving-10] [0m[INFO] [1782503493.662188856] [self_driving]: [1;33m257[0m[0m
[self_driving-10] [0m[INFO] [1782503493.663951504] [self_driving]: DEBUG_DRIVE lane_x=152.0, linear=0.15, linear_y=0.00, angular=-0.10, stop=False, crosswalk_distance=257, start_slow_down=True[0m
[self_driving-10] [0m[INFO] [1782503493.739753116] [self_driving]: [1;33m257[0m[0m
[self_driving-10] [0m[INFO] [1782503493.742499430] [self_driving]: DEBUG_DRIVE lane_x=155.0, linear=0.15, linear_y=0.00, angular=-0.10, stop=False, crosswalk_distance=257, start_slow_down=True[0m
[self_driving-10] [0m[INFO] [1782503493.806811208] [self_driving]: [1;33m257[0m[0m
[self_driving-10] [0m[INFO] [1782503493.808030338] [self_driving]: DEBUG_DRIVE lane_x=157.5, linear=0.15, linear_y=0.00, angular=-0.10, stop=False, crosswalk_distance=257, start_slow_down=True[0m
[self_driving-10] [0m[INFO] [1782503493.856976523] [self_driving]: [1;33m257[0m[0m
[self_driving-10] [0m[INFO] [1782503493.858211356] [self_driving]: DEBUG_DRIVE lane_x=156.5, linear=0.15, linear_y=0.00, angular=-0.10, stop=False, crosswalk_distance=257, start_slow_down=True[0m
[self_driving-10] [0m[INFO] [1782503493.904941708] [self_driving]: objects=1[0m
[self_driving-10] [0m[INFO] [1782503493.905822171] [self_driving]: [DET] crosswalk: cx=430, cy=278, box=array('i', [221, 258, 640, 299]), score=0.91[0m
[self_driving-10] [0m[INFO] [1782503493.953072023] [self_driving]: [1;33m278[0m[0m
[self_driving-10] [0m[INFO] [1782503493.955776523] [self_driving]: DEBUG_DRIVE lane_x=156.0, linear=0.15, linear_y=0.00, angular=-0.10, stop=False, crosswalk_distance=278, start_slow_down=True[0m
[self_driving-10] [0m[INFO] [1782503494.015686671] [self_driving]: [1;33m278[0m[0m
[self_driving-10] [0m[INFO] [1782503494.018714152] [self_driving]: DEBUG_DRIVE lane_x=154.0, linear=0.15, linear_y=0.00, angular=-0.10, stop=False, crosswalk_distance=278, start_slow_down=True[0m
[self_driving-10] [0m[INFO] [1782503494.074948393] [self_driving]: [1;33m278[0m[0m
[self_driving-10] [0m[INFO] [1782503494.076958393] [self_driving]: DEBUG_DRIVE lane_x=144.5, linear=0.15, linear_y=0.00, angular=-0.10, stop=False, crosswalk_distance=278, start_slow_down=True[0m
[self_driving-10] [0m[INFO] [1782503494.124960967] [self_driving]: [1;33m278[0m[0m
[self_driving-10] [0m[INFO] [1782503494.126628763] [self_driving]: DEBUG_DRIVE lane_x=150.5, linear=0.15, linear_y=0.00, angular=-0.10, stop=False, crosswalk_distance=278, start_slow_down=True[0m
[self_driving-10] [0m[INFO] [1782503494.209106523] [self_driving]: [1;33m278[0m[0m
[self_driving-10] [0m[INFO] [1782503494.212989578] [self_driving]: DEBUG_DRIVE lane_x=139.0, linear=0.15, linear_y=0.00, angular=0.10, stop=False, crosswalk_distance=278, start_slow_down=True[0m
[self_driving-10] [0m[INFO] [1782503494.269735541] [self_driving]: [1;33m278[0m[0m
[self_driving-10] [0m[INFO] [1782503494.271842837] [self_driving]: DEBUG_DRIVE lane_x=128.0, linear=0.15, linear_y=0.00, angular=0.10, stop=False, crosswalk_distance=278, start_slow_down=True[0m
[self_driving-10] [0m[INFO] [1782503494.294110263] [self_driving]: objects=1[0m
[self_driving-10] [0m[INFO] [1782503494.295673726] [self_driving]: [DET] crosswalk: cx=395, cy=315, box=array('i', [151, 287, 640, 344]), score=0.92[0m
[self_driving-10] [0m[INFO] [1782503494.353356800] [self_driving]: [1;33m315[0m[0m
[self_driving-10] [0m[INFO] [1782503494.358415041] [self_driving]: DEBUG_DRIVE lane_x=116.0, linear=0.15, linear_y=0.00, angular=0.10, stop=False, crosswalk_distance=315, start_slow_down=True[0m
[self_driving-10] [0m[INFO] [1782503494.403215486] [self_driving]: [1;33m315[0m[0m
[self_driving-10] [0m[INFO] [1782503494.408323911] [self_driving]: DEBUG_DRIVE lane_x=113.0, linear=0.15, linear_y=0.00, angular=0.10, stop=False, crosswalk_distance=315, start_slow_down=True[0m
[self_driving-10] [0m[INFO] [1782503494.475299134] [self_driving]: [1;33m315[0m[0m
[self_driving-10] [0m[INFO] [1782503494.477203522] [self_driving]: DEBUG_DRIVE lane_x=113.0, linear=0.15, linear_y=0.00, angular=0.10, stop=False, crosswalk_distance=315, start_slow_down=True[0m
[self_driving-10] [0m[INFO] [1782503494.532532560] [self_driving]: [1;33m315[0m[0m
[self_driving-10] [0m[INFO] [1782503494.539264134] [self_driving]: DEBUG_DRIVE lane_x=110.0, linear=0.15, linear_y=0.00, angular=0.10, stop=False, crosswalk_distance=315, start_slow_down=True[0m
[self_driving-10] [0m[INFO] [1782503494.611983745] [self_driving]: [1;33m315[0m[0m
[self_driving-10] [0m[INFO] [1782503494.615626559] [self_driving]: DEBUG_DRIVE lane_x=110.0, linear=0.15, linear_y=0.00, angular=0.10, stop=False, crosswalk_distance=315, start_slow_down=True[0m
[self_driving-10] [0m[INFO] [1782503494.670933541] [self_driving]: objects=1[0m
[self_driving-10] [0m[INFO] [1782503494.681287189] [self_driving]: [DET] crosswalk: cx=371, cy=363, box=array('i', [102, 320, 640, 406]), score=0.93[0m
[self_driving-10] [0m[INFO] [1782503494.711942745] [self_driving]: [1;33m315[0m[0m
[self_driving-10] [0m[INFO] [1782503494.714173726] [self_driving]: DEBUG_DRIVE lane_x=109.0, linear=0.15, linear_y=0.00, angular=0.10, stop=False, crosswalk_distance=363, start_slow_down=True[0m
[self_driving-10] [0m[INFO] [1782503494.758036596] [self_driving]: [1;33m363[0m[0m
[self_driving-10] [0m[INFO] [1782503494.760282726] [self_driving]: DEBUG_DRIVE lane_x=108.0, linear=0.15, linear_y=0.00, angular=0.10, stop=False, crosswalk_distance=363, start_slow_down=True[0m
[self_driving-10] [0m[INFO] [1782503494.821327133] [self_driving]: [1;33m363[0m[0m
[self_driving-10] [0m[INFO] [1782503494.829392448] [self_driving]: DEBUG_DRIVE lane_x=103.5, linear=0.15, linear_y=0.00, angular=0.10, stop=False, crosswalk_distance=363, start_slow_down=True[0m
[self_driving-10] [0m[INFO] [1782503494.886950967] [self_driving]: [1;33m363[0m[0m
[self_driving-10] [0m[INFO] [1782503494.890170152] [self_driving]: DEBUG_DRIVE lane_x=106.5, linear=0.15, linear_y=0.00, angular=0.10, stop=False, crosswalk_distance=363, start_slow_down=True[0m
[self_driving-10] [0m[INFO] [1782503494.939095356] [self_driving]: [1;33m363[0m[0m
[self_driving-10] [0m[INFO] [1782503494.940214411] [self_driving]: DEBUG_DRIVE lane_x=103.5, linear=0.15, linear_y=0.00, angular=0.10, stop=False, crosswalk_distance=363, start_slow_down=True[0m
[self_driving-10] [0m[INFO] [1782503495.009806837] [self_driving]: [1;33m363[0m[0m
[self_driving-10] [0m[INFO] [1782503495.011580633] [self_driving]: DEBUG_DRIVE lane_x=110.0, linear=0.15, linear_y=0.00, angular=0.10, stop=False, crosswalk_distance=363, start_slow_down=True[0m
[self_driving-10] [0m[INFO] [1782503495.082310374] [self_driving]: [1;33m363[0m[0m
[self_driving-10] [0m[INFO] [1782503495.085232207] [self_driving]: DEBUG_DRIVE lane_x=111.5, linear=0.15, linear_y=0.00, angular=0.10, stop=False, crosswalk_distance=363, start_slow_down=True[0m
[self_driving-10] [0m[INFO] [1782503495.109177059] [self_driving]: objects=1[0m
[self_driving-10] [0m[INFO] [1782503495.111941152] [self_driving]: [DET] crosswalk: cx=331, cy=410, box=array('i', [22, 347, 640, 473]), score=0.91[0m
[self_driving-10] [0m[INFO] [1782503495.166350892] [self_driving]: [1;33m410[0m[0m
[self_driving-10] [0m[INFO] [1782503495.177943689] [self_driving]: DEBUG_DRIVE lane_x=115.0, linear=0.15, linear_y=0.00, angular=0.10, stop=False, crosswalk_distance=410, start_slow_down=True[0m
[self_driving-10] [0m[INFO] [1782503495.207278041] [self_driving]: [1;33m410[0m[0m
[self_driving-10] [0m[INFO] [1782503495.210720985] [self_driving]: DEBUG_DRIVE lane_x=119.0, linear=0.15, linear_y=0.00, angular=0.10, stop=False, crosswalk_distance=410, start_slow_down=True[0m
[self_driving-10] [0m[INFO] [1782503495.274372596] [self_driving]: [1;33m410[0m[0m
[self_driving-10] [0m[INFO] [1782503495.276108411] [self_driving]: DEBUG_DRIVE lane_x=121.0, linear=0.15, linear_y=0.00, angular=0.10, stop=False, crosswalk_distance=410, start_slow_down=True[0m
[self_driving-10] [0m[INFO] [1782503495.343676541] [self_driving]: [1;33m410[0m[0m
[self_driving-10] [0m[INFO] [1782503495.345287133] [self_driving]: DEBUG_DRIVE lane_x=127.5, linear=0.15, linear_y=0.00, angular=-0.10, stop=False, crosswalk_distance=410, start_slow_down=True[0m
[self_driving-10] [0m[INFO] [1782503495.415830985] [self_driving]: [1;33m410[0m[0m
[self_driving-10] [0m[INFO] [1782503495.418240540] [self_driving]: DEBUG_DRIVE lane_x=131.5, linear=0.15, linear_y=0.00, angular=-0.10, stop=False, crosswalk_distance=410, start_slow_down=True[0m
[self_driving-10] [0m[INFO] [1782503495.480090133] [self_driving]: [1;33m410[0m[0m
[self_driving-10] [0m[INFO] [1782503495.481240781] [self_driving]: DEBUG_DRIVE lane_x=140.5, linear=0.15, linear_y=0.00, angular=-0.10, stop=False, crosswalk_distance=410, start_slow_down=True[0m
[self_driving-10] [0m[INFO] [1782503495.509434948] [self_driving]: objects=1[0m
[self_driving-10] [0m[INFO] [1782503495.510100337] [self_driving]: [DET] crosswalk: cx=320, cy=434, box=array('i', [0, 388, 640, 480]), score=0.91[0m
[self_driving-10] [0m[INFO] [1782503495.570227707] [self_driving]: [1;33m434[0m[0m
[self_driving-10] [0m[INFO] [1782503495.577862837] [self_driving]: DEBUG_DRIVE lane_x=142.5, linear=0.15, linear_y=0.00, angular=-0.10, stop=False, crosswalk_distance=434, start_slow_down=True[0m
[self_driving-10] [0m[INFO] [1782503495.629392651] [self_driving]: [1;33m434[0m[0m
[self_driving-10] [0m[INFO] [1782503495.630720133] [self_driving]: DEBUG_DRIVE lane_x=143.5, linear=0.15, linear_y=0.00, angular=-0.10, stop=False, crosswalk_distance=434, start_slow_down=True[0m
[self_driving-10] [0m[INFO] [1782503495.692628929] [self_driving]: [1;33m434[0m[0m
[self_driving-10] [0m[INFO] [1782503495.695269985] [self_driving]: DEBUG_DRIVE lane_x=140.0, linear=0.15, linear_y=0.00, angular=-0.10, stop=False, crosswalk_distance=434, start_slow_down=True[0m
[self_driving-10] [0m[INFO] [1782503495.748303133] [self_driving]: [1;33m434[0m[0m
[self_driving-10] [0m[INFO] [1782503495.750413337] [self_driving]: DEBUG_DRIVE lane_x=135.0, linear=0.15, linear_y=0.00, angular=0.10, stop=False, crosswalk_distance=434, start_slow_down=True[0m
[self_driving-10] [0m[INFO] [1782503495.818159837] [self_driving]: [1;33m434[0m[0m
[self_driving-10] [0m[INFO] [1782503495.820149151] [self_driving]: DEBUG_DRIVE lane_x=133.0, linear=0.15, linear_y=0.00, angular=-0.10, stop=False, crosswalk_distance=434, start_slow_down=True[0m
[self_driving-10] [0m[INFO] [1782503495.886535022] [self_driving]: [1;33m434[0m[0m
[self_driving-10] [0m[INFO] [1782503495.889218374] [self_driving]: DEBUG_DRIVE lane_x=134.0, linear=0.15, linear_y=0.00, angular=-0.10, stop=False, crosswalk_distance=434, start_slow_down=True[0m
[self_driving-10] [0m[INFO] [1782503495.920914059] [self_driving]: objects=1[0m
[self_driving-10] [0m[INFO] [1782503495.922154411] [self_driving]: [DET] crosswalk: cx=322, cy=465, box=array('i', [11, 451, 634, 479]), score=0.78[0m
[self_driving-10] [0m[INFO] [1782503495.971072540] [self_driving]: [1;33m465[0m[0m
[self_driving-10] [0m[INFO] [1782503495.972308540] [self_driving]: DEBUG_DRIVE lane_x=136.5, linear=0.15, linear_y=0.00, angular=-0.10, stop=False, crosswalk_distance=465, start_slow_down=False[0m
[self_driving-10] [0m[INFO] [1782503496.034428355] [self_driving]: [1;33m465[0m[0m
[self_driving-10] [0m[INFO] [1782503496.038444429] [self_driving]: DEBUG_DRIVE lane_x=134.0, linear=0.15, linear_y=0.00, angular=-0.10, stop=False, crosswalk_distance=465, start_slow_down=False[0m
[self_driving-10] [0m[INFO] [1782503496.085851485] [self_driving]: [1;33m465[0m[0m
[self_driving-10] [0m[INFO] [1782503496.088099744] [self_driving]: DEBUG_DRIVE lane_x=130.5, linear=0.15, linear_y=0.00, angular=0.10, stop=False, crosswalk_distance=465, start_slow_down=False[0m
[self_driving-10] [0m[INFO] [1782503496.154393707] [self_driving]: [1;33m465[0m[0m
[self_driving-10] [0m[INFO] [1782503496.156542429] [self_driving]: DEBUG_DRIVE lane_x=127.5, linear=0.15, linear_y=0.00, angular=0.10, stop=False, crosswalk_distance=465, start_slow_down=True[0m
[self_driving-10] [0m[INFO] [1782503496.210060077] [self_driving]: [1;33m465[0m[0m
[self_driving-10] [0m[INFO] [1782503496.211676688] [self_driving]: DEBUG_DRIVE lane_x=122.5, linear=0.15, linear_y=0.00, angular=0.10, stop=False, crosswalk_distance=465, start_slow_down=True[0m
[self_driving-10] [0m[INFO] [1782503496.280599021] [self_driving]: [1;33m465[0m[0m
[self_driving-10] [0m[INFO] [1782503496.281657447] [self_driving]: DEBUG_DRIVE lane_x=126.5, linear=0.15, linear_y=0.00, angular=-0.10, stop=False, crosswalk_distance=465, start_slow_down=True[0m
[self_driving-10] [0m[INFO] [1782503496.380473095] [self_driving]: [1;33m465[0m[0m
[self_driving-10] [0m[INFO] [1782503496.381768521] [self_driving]: DEBUG_DRIVE lane_x=126.0, linear=0.15, linear_y=0.00, angular=0.10, stop=False, crosswalk_distance=465, start_slow_down=True[0m
[self_driving-10] [0m[INFO] [1782503496.442657058] [self_driving]: [1;33m465[0m[0m
[self_driving-10] [0m[INFO] [1782503496.443869707] [self_driving]: DEBUG_DRIVE lane_x=127.5, linear=0.15, linear_y=0.00, angular=0.10, stop=False, crosswalk_distance=465, start_slow_down=True[0m
[self_driving-10] [0m[INFO] [1782503496.483990595] [self_driving]: [1;33m465[0m[0m
[self_driving-10] [0m[INFO] [1782503496.486831262] [self_driving]: DEBUG_DRIVE lane_x=127.0, linear=0.15, linear_y=0.00, angular=0.10, stop=False, crosswalk_distance=465, start_slow_down=True[0m
[self_driving-10] [0m[INFO] [1782503496.558962910] [self_driving]: [1;33m465[0m[0m
[self_driving-10] [0m[INFO] [1782503496.562022392] [self_driving]: DEBUG_DRIVE lane_x=126.0, linear=0.15, linear_y=0.00, angular=0.10, stop=False, crosswalk_distance=465, start_slow_down=True[0m
[self_driving-10] [0m[INFO] [1782503496.639240355] [self_driving]: [1;33m465[0m[0m
[self_driving-10] [0m[INFO] [1782503496.640365243] [self_driving]: DEBUG_DRIVE lane_x=131.0, linear=0.15, linear_y=0.00, angular=-0.10, stop=False, crosswalk_distance=465, start_slow_down=True[0m
[self_driving-10] [0m[INFO] [1782503496.696029743] [self_driving]: [1;33m465[0m[0m
[self_driving-10] [0m[INFO] [1782503496.697828725] [self_driving]: DEBUG_DRIVE lane_x=132.0, linear=0.15, linear_y=0.00, angular=-0.10, stop=False, crosswalk_distance=465, start_slow_down=True[0m
[self_driving-10] [0m[INFO] [1782503496.780156206] [self_driving]: [1;33m465[0m[0m
[self_driving-10] [0m[INFO] [1782503496.782881614] [self_driving]: DEBUG_DRIVE lane_x=133.5, linear=0.15, linear_y=0.00, angular=-0.10, stop=False, crosswalk_distance=465, start_slow_down=True[0m
[self_driving-10] [0m[INFO] [1782503496.833836410] [self_driving]: [1;33m465[0m[0m
[self_driving-10] [0m[INFO] [1782503496.836260651] [self_driving]: DEBUG_DRIVE lane_x=134.5, linear=0.15, linear_y=0.00, angular=-0.10, stop=False, crosswalk_distance=465, start_slow_down=True[0m
[self_driving-10] [0m[INFO] [1782503496.888444410] [self_driving]: [1;33m465[0m[0m
[self_driving-10] [0m[INFO] [1782503496.889649021] [self_driving]: DEBUG_DRIVE lane_x=128.5, linear=0.15, linear_y=0.00, angular=0.10, stop=False, crosswalk_distance=465, start_slow_down=True[0m
[self_driving-10] [0m[INFO] [1782503496.946680558] [self_driving]: [1;33m465[0m[0m
[self_driving-10] [0m[INFO] [1782503496.948135891] [self_driving]: DEBUG_DRIVE lane_x=130.0, linear=0.15, linear_y=0.00, angular=-0.10, stop=False, crosswalk_distance=465, start_slow_down=True[0m
[self_driving-10] [0m[INFO] [1782503497.018758632] [self_driving]: [1;33m465[0m[0m
[self_driving-10] [0m[INFO] [1782503497.020070040] [self_driving]: DEBUG_DRIVE lane_x=120.0, linear=0.15, linear_y=0.00, angular=0.10, stop=False, crosswalk_distance=465, start_slow_down=True[0m
[self_driving-10] [0m[INFO] [1782503497.092035891] [self_driving]: [1;33m465[0m[0m
[self_driving-10] [0m[INFO] [1782503497.094077299] [self_driving]: DEBUG_DRIVE lane_x=122.0, linear=0.15, linear_y=0.00, angular=0.10, stop=False, crosswalk_distance=465, start_slow_down=True[0m
[self_driving-10] [0m[INFO] [1782503497.172721169] [self_driving]: [1;33m465[0m[0m
[self_driving-10] [0m[INFO] [1782503497.178306632] [self_driving]: DEBUG_DRIVE lane_x=117.5, linear=0.15, linear_y=0.00, angular=0.10, stop=False, crosswalk_distance=465, start_slow_down=True[0m
[self_driving-10] [0m[INFO] [1782503497.241167688] [self_driving]: [1;33m465[0m[0m
[self_driving-10] [0m[INFO] [1782503497.244821799] [self_driving]: DEBUG_DRIVE lane_x=124.0, linear=0.15, linear_y=0.00, angular=-0.10, stop=False, crosswalk_distance=465, start_slow_down=True[0m
[self_driving-10] [0m[INFO] [1782503497.288223873] [self_driving]: [1;33m465[0m[0m
[self_driving-10] [0m[INFO] [1782503497.289567428] [self_driving]: DEBUG_DRIVE lane_x=130.0, linear=0.15, linear_y=0.00, angular=-0.10, stop=False, crosswalk_distance=465, start_slow_down=True[0m
[self_driving-10] [0m[INFO] [1782503497.364927095] [self_driving]: [1;33m465[0m[0m
[self_driving-10] [0m[INFO] [1782503497.366602947] [self_driving]: DEBUG_DRIVE lane_x=134.0, linear=0.15, linear_y=0.00, angular=-0.10, stop=False, crosswalk_distance=465, start_slow_down=True[0m
[self_driving-10] [0m[INFO] [1782503497.429034447] [self_driving]: [1;33m465[0m[0m
[self_driving-10] [0m[INFO] [1782503497.430751873] [self_driving]: DEBUG_DRIVE lane_x=135.0, linear=0.15, linear_y=0.00, angular=-0.10, stop=False, crosswalk_distance=465, start_slow_down=True[0m
[self_driving-10] [0m[INFO] [1782503497.504546058] [self_driving]: [1;33m465[0m[0m
[self_driving-10] [0m[INFO] [1782503497.506285539] [self_driving]: DEBUG_DRIVE lane_x=134.0, linear=0.15, linear_y=0.00, angular=-0.10, stop=False, crosswalk_distance=465, start_slow_down=True[0m
[self_driving-10] [0m[INFO] [1782503497.576793465] [self_driving]: [1;33m465[0m[0m
[self_driving-10] [0m[INFO] [1782503497.578587391] [self_driving]: DEBUG_DRIVE lane_x=133.5, linear=0.15, linear_y=0.00, angular=-0.10, stop=False, crosswalk_distance=465, start_slow_down=True[0m
[self_driving-10] [0m[INFO] [1782503497.642991539] [self_driving]: [1;33m465[0m[0m
[self_driving-10] [0m[INFO] [1782503497.644555447] [self_driving]: DEBUG_DRIVE lane_x=130.5, linear=0.15, linear_y=0.00, angular=0.10, stop=False, crosswalk_distance=465, start_slow_down=True[0m
[self_driving-10] [0m[INFO] [1782503497.690377687] [self_driving]: [1;33m465[0m[0m
[self_driving-10] [0m[INFO] [1782503497.692143113] [self_driving]: DEBUG_DRIVE lane_x=130.5, linear=0.15, linear_y=0.00, angular=-0.10, stop=False, crosswalk_distance=465, start_slow_down=True[0m
[self_driving-10] [0m[INFO] [1782503497.759241169] [self_driving]: [1;33m465[0m[0m
[self_driving-10] [0m[INFO] [1782503497.760568669] [self_driving]: DEBUG_DRIVE lane_x=123.0, linear=0.15, linear_y=0.00, angular=0.10, stop=False, crosswalk_distance=465, start_slow_down=True[0m
[self_driving-10] [0m[INFO] [1782503497.834057817] [self_driving]: [1;33m465[0m[0m
[self_driving-10] [0m[INFO] [1782503497.836523761] [self_driving]: DEBUG_DRIVE lane_x=124.5, linear=0.15, linear_y=0.00, angular=0.10, stop=False, crosswalk_distance=465, start_slow_down=True[0m
[self_driving-10] [0m[INFO] [1782503497.914369020] [self_driving]: [1;33m465[0m[0m
[self_driving-10] [0m[INFO] [1782503497.920784965] [self_driving]: DEBUG_DRIVE lane_x=124.5, linear=0.15, linear_y=0.00, angular=0.10, stop=False, crosswalk_distance=465, start_slow_down=True[0m
[self_driving-10] [0m[INFO] [1782503497.984871057] [self_driving]: [1;33m465[0m[0m
[self_driving-10] [0m[INFO] [1782503497.986236669] [self_driving]: DEBUG_DRIVE lane_x=125.5, linear=0.15, linear_y=0.00, angular=0.10, stop=False, crosswalk_distance=465, start_slow_down=True[0m
[self_driving-10] [0m[INFO] [1782503498.031878798] [self_driving]: [1;33m465[0m[0m
[self_driving-10] [0m[INFO] [1782503498.033294224] [self_driving]: DEBUG_DRIVE lane_x=132.5, linear=0.15, linear_y=0.00, angular=-0.10, stop=False, crosswalk_distance=465, start_slow_down=True[0m
[self_driving-10] [0m[INFO] [1782503498.107713520] [self_driving]: [1;33m465[0m[0m
[self_driving-10] [0m[INFO] [1782503498.109265261] [self_driving]: DEBUG_DRIVE lane_x=131.5, linear=0.15, linear_y=0.00, angular=-0.10, stop=False, crosswalk_distance=465, start_slow_down=True[0m
[self_driving-10] [0m[INFO] [1782503498.159269335] [self_driving]: [1;33m465[0m[0m
[self_driving-10] [0m[INFO] [1782503498.160472613] [self_driving]: DEBUG_DRIVE lane_x=137.0, linear=0.15, linear_y=0.00, angular=-0.10, stop=False, crosswalk_distance=465, start_slow_down=True[0m
[self_driving-10] [0m[INFO] [1782503498.227883428] [self_driving]: [1;33m465[0m[0m
[self_driving-10] [0m[INFO] [1782503498.229121224] [self_driving]: DEBUG_DRIVE lane_x=137.5, linear=0.15, linear_y=0.00, angular=-0.10, stop=False, crosswalk_distance=465, start_slow_down=True[0m
[self_driving-10] [0m[INFO] [1782503498.292454409] [self_driving]: [1;33m465[0m[0m
[self_driving-10] [0m[INFO] [1782503498.295626946] [self_driving]: DEBUG_DRIVE lane_x=135.5, linear=0.15, linear_y=0.00, angular=-0.10, stop=False, crosswalk_distance=465, start_slow_down=True[0m
[self_driving-10] [0m[INFO] [1782503498.411757724] [self_driving]: [1;33m465[0m[0m
[self_driving-10] [0m[INFO] [1782503498.414311909] [self_driving]: DEBUG_DRIVE lane_x=140.5, linear=0.15, linear_y=0.00, angular=-0.10, stop=False, crosswalk_distance=465, start_slow_down=True[0m
[self_driving-10] [0m[INFO] [1782503498.443512428] [self_driving]: [1;33m465[0m[0m
[self_driving-10] [0m[INFO] [1782503498.445439483] [self_driving]: DEBUG_DRIVE lane_x=133.5, linear=0.15, linear_y=0.00, angular=0.10, stop=False, crosswalk_distance=465, start_slow_down=True[0m
[self_driving-10] [0m[INFO] [1782503498.512082816] [self_driving]: [1;33m465[0m[0m
[self_driving-10] [0m[INFO] [1782503498.516353057] [self_driving]: DEBUG_DRIVE lane_x=137.5, linear=0.15, linear_y=0.00, angular=-0.10, stop=False, crosswalk_distance=465, start_slow_down=True[0m
[self_driving-10] [0m[INFO] [1782503498.570308631] [self_driving]: [1;33m465[0m[0m
[self_driving-10] [0m[INFO] [1782503498.571798705] [self_driving]: DEBUG_DRIVE lane_x=134.5, linear=0.15, linear_y=0.00, angular=-0.02, stop=False, crosswalk_distance=465, start_slow_down=True[0m
[self_driving-10] [0m[INFO] [1782503498.646360409] [self_driving]: [1;33m465[0m[0m
[self_driving-10] [0m[INFO] [1782503498.648977335] [self_driving]: DEBUG_DRIVE lane_x=143.0, linear=0.15, linear_y=0.00, angular=-0.10, stop=False, crosswalk_distance=465, start_slow_down=True[0m
[self_driving-10] [0m[INFO] [1782503498.704233964] [self_driving]: [1;33m465[0m[0m
[self_driving-10] [0m[INFO] [1782503498.707189001] [self_driving]: DEBUG_DRIVE lane_x=142.5, linear=0.15, linear_y=0.00, angular=-0.10, stop=False, crosswalk_distance=465, start_slow_down=True[0m
[self_driving-10] [0m[INFO] [1782503498.798296872] [self_driving]: [1;33m465[0m[0m
[self_driving-10] [0m[INFO] [1782503498.799710094] [self_driving]: DEBUG_DRIVE lane_x=147.0, linear=0.15, linear_y=0.00, angular=-0.10, stop=False, crosswalk_distance=465, start_slow_down=True[0m
[self_driving-10] [0m[INFO] [1782503498.832403372] [self_driving]: [1;33m465[0m[0m
[self_driving-10] [0m[INFO] [1782503498.837407372] [self_driving]: DEBUG_DRIVE lane_x=148.0, linear=0.15, linear_y=0.00, angular=-0.10, stop=False, crosswalk_distance=465, start_slow_down=False[0m
[self_driving-10] [0m[INFO] [1782503498.912136020] [self_driving]: [1;33m465[0m[0m
[self_driving-10] [0m[INFO] [1782503498.914185020] [self_driving]: DEBUG_DRIVE lane_x=146.0, linear=0.15, linear_y=0.00, angular=-0.10, stop=False, crosswalk_distance=465, start_slow_down=False[0m
[self_driving-10] [0m[INFO] [1782503498.969879946] [self_driving]: [1;33m465[0m[0m
[self_driving-10] [0m[INFO] [1782503498.971417612] [self_driving]: DEBUG_DRIVE lane_x=184.0, linear=0.15, linear_y=0.00, angular=-0.10, stop=False, crosswalk_distance=465, start_slow_down=False[0m
[self_driving-10] [0m[INFO] [1782503499.032596446] [self_driving]: [1;33m465[0m[0m
[self_driving-10] [0m[INFO] [1782503499.036899631] [self_driving]: DEBUG_DRIVE lane_x=201.0, linear=0.15, linear_y=0.00, angular=-0.45, stop=False, crosswalk_distance=465, start_slow_down=True[0m
[self_driving-10] [0m[INFO] [1782503499.123063427] [self_driving]: [1;33m465[0m[0m
[self_driving-10] [0m[INFO] [1782503499.125423094] [self_driving]: DEBUG_DRIVE lane_x=205.0, linear=0.15, linear_y=0.00, angular=-0.45, stop=False, crosswalk_distance=465, start_slow_down=True[0m
[self_driving-10] [0m[INFO] [1782503499.171716001] [self_driving]: [1;33m465[0m[0m
[self_driving-10] [0m[INFO] [1782503499.177512890] [self_driving]: DEBUG_DRIVE lane_x=205.0, linear=0.15, linear_y=0.00, angular=-0.45, stop=False, crosswalk_distance=465, start_slow_down=True[0m
[self_driving-10] [0m[INFO] [1782503499.261107223] [self_driving]: [1;33m465[0m[0m
[self_driving-10] [0m[INFO] [1782503499.262206538] [self_driving]: DEBUG_DRIVE lane_x=201.5, linear=0.15, linear_y=0.00, angular=-0.45, stop=False, crosswalk_distance=465, start_slow_down=True[0m
[self_driving-10] [0m[INFO] [1782503499.317492649] [self_driving]: [1;33m465[0m[0m
[self_driving-10] [0m[INFO] [1782503499.321064983] [self_driving]: DEBUG_DRIVE lane_x=196.5, linear=0.15, linear_y=0.00, angular=-0.10, stop=False, crosswalk_distance=465, start_slow_down=True[0m
[self_driving-10] [0m[INFO] [1782503499.366969112] [self_driving]: [1;33m465[0m[0m
[self_driving-10] [0m[INFO] [1782503499.368818649] [self_driving]: DEBUG_DRIVE lane_x=194.5, linear=0.15, linear_y=0.00, angular=-0.10, stop=False, crosswalk_distance=465, start_slow_down=True[0m
[self_driving-10] [0m[INFO] [1782503499.435313427] [self_driving]: [1;33m465[0m[0m
[self_driving-10] [0m[INFO] [1782503499.437050131] [self_driving]: DEBUG_DRIVE lane_x=190.5, linear=0.15, linear_y=0.00, angular=-0.10, stop=False, crosswalk_distance=465, start_slow_down=True[0m
[self_driving-10] [0m[INFO] [1782503499.514212353] [self_driving]: [1;33m465[0m[0m
[self_driving-10] [0m[INFO] [1782503499.516087557] [self_driving]: DEBUG_DRIVE lane_x=197.5, linear=0.15, linear_y=0.00, angular=-0.10, stop=False, crosswalk_distance=465, start_slow_down=True[0m
[self_driving-10] [0m[INFO] [1782503499.600968075] [self_driving]: [1;33m465[0m[0m
[self_driving-10] [0m[INFO] [1782503499.602248260] [self_driving]: DEBUG_DRIVE lane_x=233.5, linear=0.15, linear_y=0.00, angular=-0.45, stop=False, crosswalk_distance=465, start_slow_down=True[0m
[self_driving-10] [0m[INFO] [1782503499.655639649] [self_driving]: [1;33m465[0m[0m
[self_driving-10] [0m[INFO] [1782503499.658812797] [self_driving]: DEBUG_DRIVE lane_x=239.0, linear=0.15, linear_y=0.00, angular=-0.45, stop=False, crosswalk_distance=465, start_slow_down=True[0m
[self_driving-10] [0m[INFO] [1782503499.724467093] [self_driving]: [1;33m465[0m[0m
[self_driving-10] [0m[INFO] [1782503499.726130686] [self_driving]: DEBUG_DRIVE lane_x=236.5, linear=0.15, linear_y=0.00, angular=-0.45, stop=False, crosswalk_distance=465, start_slow_down=True[0m
[self_driving-10] [0m[INFO] [1782503499.782199482] [self_driving]: [1;33m465[0m[0m
[self_driving-10] [0m[INFO] [1782503499.788387223] [self_driving]: DEBUG_DRIVE lane_x=239.5, linear=0.15, linear_y=0.00, angular=-0.45, stop=False, crosswalk_distance=465, start_slow_down=True[0m
[self_driving-10] [0m[INFO] [1782503499.852386260] [self_driving]: [1;33m465[0m[0m
[self_driving-10] [0m[INFO] [1782503499.854387630] [self_driving]: DEBUG_DRIVE lane_x=252.0, linear=0.15, linear_y=0.00, angular=-0.45, stop=False, crosswalk_distance=465, start_slow_down=True[0m
[self_driving-10] [0m[INFO] [1782503499.913935112] [self_driving]: [1;33m465[0m[0m
[self_driving-10] [0m[INFO] [1782503499.915211019] [self_driving]: DEBUG_DRIVE lane_x=246.5, linear=0.15, linear_y=0.00, angular=-0.45, stop=False, crosswalk_distance=465, start_slow_down=True[0m
[self_driving-10] [0m[INFO] [1782503500.030586278] [self_driving]: [1;33m465[0m[0m
[self_driving-10] [0m[INFO] [1782503500.037099353] [self_driving]: DEBUG_DRIVE lane_x=240.0, linear=0.15, linear_y=0.00, angular=-0.45, stop=False, crosswalk_distance=465, start_slow_down=True[0m
[self_driving-10] [0m[INFO] [1782503500.051418927] [self_driving]: [1;33m465[0m[0m
[self_driving-10] [0m[INFO] [1782503500.052568315] [self_driving]: DEBUG_DRIVE lane_x=233.5, linear=0.15, linear_y=0.00, angular=-0.45, stop=False, crosswalk_distance=465, start_slow_down=True[0m
[self_driving-10] [0m[INFO] [1782503500.119255890] [self_driving]: [1;33m465[0m[0m
[self_driving-10] [0m[INFO] [1782503500.121154575] [self_driving]: DEBUG_DRIVE lane_x=226.0, linear=0.15, linear_y=0.00, angular=-0.45, stop=False, crosswalk_distance=465, start_slow_down=True[0m
[self_driving-10] [0m[INFO] [1782503500.190045741] [self_driving]: [1;33m465[0m[0m
[self_driving-10] [0m[INFO] [1782503500.192265278] [self_driving]: DEBUG_DRIVE lane_x=221.0, linear=0.15, linear_y=0.00, angular=-0.45, stop=False, crosswalk_distance=465, start_slow_down=True[0m
[self_driving-10] [0m[INFO] [1782503500.262413852] [self_driving]: [1;33m465[0m[0m
[self_driving-10] [0m[INFO] [1782503500.266036093] [self_driving]: DEBUG_DRIVE lane_x=212.5, linear=0.15, linear_y=0.00, angular=-0.45, stop=False, crosswalk_distance=465, start_slow_down=True[0m
[self_driving-10] [0m[INFO] [1782503500.310335352] [self_driving]: [1;33m465[0m[0m
[self_driving-10] [0m[INFO] [1782503500.312075760] [self_driving]: DEBUG_DRIVE lane_x=206.5, linear=0.15, linear_y=0.00, angular=-0.45, stop=False, crosswalk_distance=465, start_slow_down=True[0m
[self_driving-10] [0m[INFO] [1782503500.393024389] [self_driving]: [1;33m465[0m[0m
[self_driving-10] [0m[INFO] [1782503500.395708723] [self_driving]: DEBUG_DRIVE lane_x=198.5, linear=0.15, linear_y=0.00, angular=0.00, stop=False, crosswalk_distance=465, start_slow_down=True[0m
[self_driving-10] [0m[INFO] [1782503500.481171241] [self_driving]: [1;33m465[0m[0m
[self_driving-10] [0m[INFO] [1782503500.482455037] [self_driving]: DEBUG_DRIVE lane_x=148.0, linear=0.15, linear_y=0.00, angular=0.00, stop=False, crosswalk_distance=465, start_slow_down=True[0m
[self_driving-10] [0m[INFO] [1782503500.519571223] [self_driving]: [1;33m465[0m[0m
[self_driving-10] [0m[INFO] [1782503500.521195408] [self_driving]: DEBUG_DRIVE lane_x=133.0, linear=0.15, linear_y=0.00, angular=0.00, stop=False, crosswalk_distance=465, start_slow_down=True[0m
[self_driving-10] [0m[INFO] [1782503500.593040871] [self_driving]: [1;33m465[0m[0m
[self_driving-10] [0m[INFO] [1782503500.594674223] [self_driving]: DEBUG_DRIVE lane_x=155.5, linear=0.15, linear_y=0.00, angular=0.00, stop=False, crosswalk_distance=465, start_slow_down=True[0m
[self_driving-10] [0m[INFO] [1782503500.661621130] [self_driving]: [1;33m465[0m[0m
[self_driving-10] [0m[INFO] [1782503500.663161037] [self_driving]: DEBUG_DRIVE lane_x=159.5, linear=0.15, linear_y=0.00, angular=0.00, stop=False, crosswalk_distance=465, start_slow_down=True[0m
[self_driving-10] [0m[INFO] [1782503500.728865185] [self_driving]: [1;33m465[0m[0m
[self_driving-10] [0m[INFO] [1782503500.730699611] [self_driving]: DEBUG_DRIVE lane_x=159.5, linear=0.15, linear_y=0.00, angular=0.00, stop=False, crosswalk_distance=465, start_slow_down=True[0m
[self_driving-10] [0m[INFO] [1782503500.792262556] [self_driving]: [1;33m465[0m[0m
[self_driving-10] [0m[INFO] [1782503500.795644982] [self_driving]: DEBUG_DRIVE lane_x=159.5, linear=0.15, linear_y=0.00, angular=0.00, stop=False, crosswalk_distance=465, start_slow_down=True[0m
[self_driving-10] [0m[INFO] [1782503500.865636963] [self_driving]: [1;33m465[0m[0m
[self_driving-10] [0m[INFO] [1782503500.867777000] [self_driving]: DEBUG_DRIVE lane_x=159.5, linear=0.15, linear_y=0.00, angular=0.00, stop=False, crosswalk_distance=465, start_slow_down=True[0m
[self_driving-10] [0m[INFO] [1782503500.921110296] [self_driving]: [1;33m465[0m[0m
[self_driving-10] [0m[INFO] [1782503500.923892945] [self_driving]: DEBUG_DRIVE lane_x=159.5, linear=0.15, linear_y=0.00, angular=0.00, stop=False, crosswalk_distance=465, start_slow_down=True[0m
[self_driving-10] [0m[INFO] [1782503500.975050148] [self_driving]: [1;33m465[0m[0m
[self_driving-10] [0m[INFO] [1782503500.977950722] [self_driving]: DEBUG_DRIVE lane_x=159.5, linear=0.15, linear_y=0.00, angular=0.00, stop=False, crosswalk_distance=465, start_slow_down=True[0m
[self_driving-10] [0m[INFO] [1782503501.065930185] [self_driving]: [1;33m465[0m[0m
[self_driving-10] [0m[INFO] [1782503501.067613944] [self_driving]: DEBUG_DRIVE lane_x=159.5, linear=0.15, linear_y=0.00, angular=0.00, stop=False, crosswalk_distance=465, start_slow_down=True[0m
[self_driving-10] [0m[INFO] [1782503501.129384704] [self_driving]: [1;33m465[0m[0m
[self_driving-10] [0m[INFO] [1782503501.131657093] [self_driving]: DEBUG_DRIVE lane_x=172.0, linear=0.15, linear_y=0.00, angular=0.00, stop=False, crosswalk_distance=465, start_slow_down=True[0m
[self_driving-10] [0m[INFO] [1782503501.211529963] [self_driving]: [1;33m465[0m[0m
[self_driving-10] [0m[INFO] [1782503501.223490963] [self_driving]: DEBUG_DRIVE lane_x=285.0, linear=0.15, linear_y=0.00, angular=-0.45, stop=False, crosswalk_distance=465, start_slow_down=True[0m
[self_driving-10] [0m[INFO] [1782503501.256261593] [self_driving]: [1;33m465[0m[0m
[self_driving-10] [0m[INFO] [1782503501.258202555] [self_driving]: DEBUG_DRIVE lane_x=159.5, linear=0.15, linear_y=0.00, angular=0.00, stop=False, crosswalk_distance=465, start_slow_down=True[0m
[self_driving-10] [0m[INFO] [1782503501.339745611] [self_driving]: [1;33m465[0m[0m
[self_driving-10] [0m[INFO] [1782503501.343021611] [self_driving]: DEBUG_DRIVE lane_x=159.5, linear=0.15, linear_y=0.00, angular=0.00, stop=False, crosswalk_distance=465, start_slow_down=True[0m
[self_driving-10] [0m[INFO] [1782503501.383271796] [self_driving]: [1;33m465[0m[0m
[self_driving-10] [0m[INFO] [1782503501.384419685] [self_driving]: DEBUG_DRIVE lane_x=159.5, linear=0.15, linear_y=0.00, angular=0.00, stop=False, crosswalk_distance=465, start_slow_down=True[0m
[self_driving-10] [0m[INFO] [1782503501.470759944] [self_driving]: [1;33m465[0m[0m
[self_driving-10] [0m[INFO] [1782503501.473220222] [self_driving]: DEBUG_DRIVE lane_x=159.5, linear=0.15, linear_y=0.00, angular=0.00, stop=False, crosswalk_distance=465, start_slow_down=True[0m
[self_driving-10] [0m[INFO] [1782503501.563495203] [self_driving]: [1;33m465[0m[0m
[self_driving-10] [0m[INFO] [1782503501.564633852] [self_driving]: DEBUG_DRIVE lane_x=159.5, linear=0.15, linear_y=0.00, angular=0.00, stop=False, crosswalk_distance=465, start_slow_down=True[0m
[self_driving-10] [0m[INFO] [1782503501.615781148] [self_driving]: [1;33m465[0m[0m
[self_driving-10] [0m[INFO] [1782503501.617816240] [self_driving]: DEBUG_DRIVE lane_x=240.0, linear=0.15, linear_y=0.00, angular=-0.45, stop=False, crosswalk_distance=465, start_slow_down=True[0m
[self_driving-10] [0m[INFO] [1782503501.661456148] [self_driving]: [1;33m465[0m[0m
[self_driving-10] [0m[INFO] [1782503501.663962648] [self_driving]: DEBUG_DRIVE lane_x=274.0, linear=0.15, linear_y=0.00, angular=-0.45, stop=False, crosswalk_distance=465, start_slow_down=True[0m
[self_driving-10] [0m[INFO] [1782503501.720796222] [self_driving]: [1;33m465[0m[0m
[self_driving-10] [0m[INFO] [1782503501.722964629] [self_driving]: DEBUG_DRIVE lane_x=300.5, linear=0.15, linear_y=0.00, angular=-0.45, stop=False, crosswalk_distance=465, start_slow_down=False[0m
[self_driving-10] [0m[INFO] [1782503501.792492481] [self_driving]: [1;33m465[0m[0m
[self_driving-10] [0m[INFO] [1782503501.871567259] [self_driving]: [1;33m465[0m[0m
[self_driving-10] [0m[INFO] [1782503501.924157925] [self_driving]: [1;33m465[0m[0m
[self_driving-10] [0m[INFO] [1782503502.021371833] [self_driving]: [1;33m465[0m[0m
[self_driving-10] [0m[INFO] [1782503502.058981462] [self_driving]: [1;33m465[0m[0m
[self_driving-10] [0m[INFO] [1782503502.125944462] [self_driving]: [1;33m465[0m[0m
[self_driving-10] [0m[INFO] [1782503502.211395740] [self_driving]: [1;33m465[0m[0m
[self_driving-10] [0m[INFO] [1782503502.272940222] [self_driving]: [1;33m465[0m[0m
[self_driving-10] [0m[INFO] [1782503502.394021870] [self_driving]: [1;33m465[0m[0m
[self_driving-10] [0m[INFO] [1782503502.451483129] [self_driving]: [1;33m465[0m[0m
[self_driving-10] [0m[INFO] [1782503502.482728684] [self_driving]: [1;33m465[0m[0m
[self_driving-10] [0m[INFO] [1782503502.546735962] [self_driving]: [1;33m465[0m[0m
[self_driving-10] [0m[INFO] [1782503502.592439203] [self_driving]: [1;33m465[0m[0m
[self_driving-10] [0m[INFO] [1782503502.669916721] [self_driving]: [1;33m465[0m[0m
[self_driving-10] [0m[INFO] [1782503502.751307518] [self_driving]: [1;33m465[0m[0m
[self_driving-10] [0m[INFO] [1782503502.829596203] [self_driving]: [1;33m465[0m[0m
[self_driving-10] [0m[INFO] [1782503502.880872258] [self_driving]: [1;33m465[0m[0m
[self_driving-10] [0m[INFO] [1782503502.945205332] [self_driving]: [1;33m465[0m[0m
[self_driving-10] [0m[INFO] [1782503503.013133499] [self_driving]: [1;33m465[0m[0m
[self_driving-10] [0m[INFO] [1782503503.014474721] [self_driving]: DEBUG_DRIVE lane_x=310.5, linear=0.15, linear_y=0.00, angular=-0.45, stop=False, crosswalk_distance=465, start_slow_down=True[0m
[self_driving-10] [0m[INFO] [1782503503.072058684] [self_driving]: [1;33m465[0m[0m
[self_driving-10] [0m[INFO] [1782503503.073382851] [self_driving]: DEBUG_DRIVE lane_x=303.0, linear=0.15, linear_y=0.00, angular=-0.45, stop=False, crosswalk_distance=465, start_slow_down=True[0m
[self_driving-10] [0m[INFO] [1782503503.142975314] [self_driving]: [1;33m465[0m[0m
[self_driving-10] [0m[INFO] [1782503503.146901740] [self_driving]: DEBUG_DRIVE lane_x=299.0, linear=0.15, linear_y=0.00, angular=-0.45, stop=False, crosswalk_distance=465, start_slow_down=True[0m
[self_driving-10] [0m[INFO] [1782503503.237632091] [self_driving]: [1;33m465[0m[0m
[self_driving-10] [0m[INFO] [1782503503.240706610] [self_driving]: DEBUG_DRIVE lane_x=290.5, linear=0.15, linear_y=0.00, angular=-0.45, stop=False, crosswalk_distance=465, start_slow_down=True[0m
[self_driving-10] [0m[INFO] [1782503503.282103536] [self_driving]: [1;33m465[0m[0m
[self_driving-10] [0m[INFO] [1782503503.285117925] [self_driving]: DEBUG_DRIVE lane_x=285.5, linear=0.15, linear_y=0.00, angular=-0.45, stop=False, crosswalk_distance=465, start_slow_down=True[0m
[self_driving-10] [0m[INFO] [1782503503.332244999] [self_driving]: [1;33m465[0m[0m
[self_driving-10] [0m[INFO] [1782503503.336971573] [self_driving]: DEBUG_DRIVE lane_x=307.0, linear=0.15, linear_y=0.00, angular=-0.45, stop=False, crosswalk_distance=465, start_slow_down=True[0m
[self_driving-10] [0m[INFO] [1782503503.397998406] [self_driving]: [1;33m465[0m[0m
[self_driving-10] [0m[INFO] [1782503503.399324128] [self_driving]: DEBUG_DRIVE lane_x=300.5, linear=0.15, linear_y=0.00, angular=-0.45, stop=False, crosswalk_distance=465, start_slow_down=True[0m
[self_driving-10] [0m[INFO] [1782503503.473607536] [self_driving]: [1;33m465[0m[0m
[self_driving-10] [0m[INFO] [1782503503.475542499] [self_driving]: DEBUG_DRIVE lane_x=293.0, linear=0.15, linear_y=0.00, angular=-0.45, stop=False, crosswalk_distance=465, start_slow_down=True[0m
[self_driving-10] [0m[INFO] [1782503503.536564480] [self_driving]: [1;33m465[0m[0m
[self_driving-10] [0m[INFO] [1782503503.538799573] [self_driving]: DEBUG_DRIVE lane_x=308.0, linear=0.15, linear_y=0.00, angular=-0.45, stop=False, crosswalk_distance=465, start_slow_down=True[0m
[self_driving-10] [0m[INFO] [1782503503.636982184] [self_driving]: [1;33m465[0m[0m
[self_driving-10] [0m[INFO] [1782503503.647148258] [self_driving]: DEBUG_DRIVE lane_x=297.5, linear=0.15, linear_y=0.00, angular=-0.45, stop=False, crosswalk_distance=465, start_slow_down=True[0m
[self_driving-10] [0m[INFO] [1782503503.692237961] [self_driving]: [1;33m465[0m[0m
[self_driving-10] [0m[INFO] [1782503503.694601702] [self_driving]: DEBUG_DRIVE lane_x=290.5, linear=0.15, linear_y=0.00, angular=-0.45, stop=False, crosswalk_distance=465, start_slow_down=True[0m
[self_driving-10] [0m[INFO] [1782503503.751962184] [self_driving]: [1;33m465[0m[0m
[self_driving-10] [0m[INFO] [1782503503.753811461] [self_driving]: DEBUG_DRIVE lane_x=284.5, linear=0.15, linear_y=0.00, angular=-0.45, stop=False, crosswalk_distance=465, start_slow_down=True[0m
[self_driving-10] [0m[INFO] [1782503503.815496091] [self_driving]: [1;33m465[0m[0m
[self_driving-10] [0m[INFO] [1782503503.817841535] [self_driving]: DEBUG_DRIVE lane_x=267.5, linear=0.15, linear_y=0.00, angular=-0.45, stop=False, crosswalk_distance=465, start_slow_down=True[0m
[self_driving-10] [0m[INFO] [1782503503.882783887] [self_driving]: [1;33m465[0m[0m
[self_driving-10] [0m[INFO] [1782503503.884545276] [self_driving]: DEBUG_DRIVE lane_x=246.5, linear=0.15, linear_y=0.00, angular=-0.45, stop=False, crosswalk_distance=465, start_slow_down=True[0m
[self_driving-10] [0m[INFO] [1782503503.937411535] [self_driving]: [1;33m465[0m[0m
[self_driving-10] [0m[INFO] [1782503503.939637406] [self_driving]: DEBUG_DRIVE lane_x=232.5, linear=0.15, linear_y=0.00, angular=-0.45, stop=False, crosswalk_distance=465, start_slow_down=True[0m
[self_driving-10] [0m[INFO] [1782503503.988702350] [self_driving]: objects=1[0m
[self_driving-10] [0m[INFO] [1782503503.993829054] [self_driving]: [DET] go: cx=546, cy=119, box=array('i', [531, 97, 562, 142]), score=0.48[0m
[self_driving-10] [0m[INFO] [1782503504.023752665] [self_driving]: [1;33m0[0m[0m
[self_driving-10] [0m[INFO] [1782503504.025644128] [self_driving]: DEBUG_DRIVE lane_x=210.5, linear=0.15, linear_y=0.00, angular=-0.45, stop=False, crosswalk_distance=0, start_slow_down=True[0m
[self_driving-10] [0m[INFO] [1782503504.093533054] [self_driving]: [1;33m0[0m[0m
[self_driving-10] [0m[INFO] [1782503504.095474943] [self_driving]: DEBUG_DRIVE lane_x=188.5, linear=0.15, linear_y=0.00, angular=-0.10, stop=False, crosswalk_distance=0, start_slow_down=True[0m
[self_driving-10] [0m[INFO] [1782503504.157558591] [self_driving]: [1;33m0[0m[0m
[self_driving-10] [0m[INFO] [1782503504.159632646] [self_driving]: DEBUG_DRIVE lane_x=165.5, linear=0.15, linear_y=0.00, angular=-0.10, stop=False, crosswalk_distance=0, start_slow_down=True[0m
[self_driving-10] [0m[INFO] [1782503504.215938535] [self_driving]: [1;33m0[0m[0m
[self_driving-10] [0m[INFO] [1782503504.217141683] [self_driving]: DEBUG_DRIVE lane_x=143.5, linear=0.15, linear_y=0.00, angular=0.10, stop=False, crosswalk_distance=0, start_slow_down=True[0m
[self_driving-10] [0m[INFO] [1782503504.273930294] [self_driving]: [1;33m0[0m[0m
[self_driving-10] [0m[INFO] [1782503504.275454424] [self_driving]: DEBUG_DRIVE lane_x=137.5, linear=0.15, linear_y=0.00, angular=0.10, stop=False, crosswalk_distance=0, start_slow_down=True[0m
[self_driving-10] [0m[INFO] [1782503504.351597109] [self_driving]: [1;33m0[0m[0m
[self_driving-10] [0m[INFO] [1782503504.352970535] [self_driving]: DEBUG_DRIVE lane_x=129.5, linear=0.15, linear_y=0.00, angular=0.10, stop=False, crosswalk_distance=0, start_slow_down=True[0m
[self_driving-10] [0m[INFO] [1782503504.381730998] [self_driving]: objects=1[0m
[self_driving-10] [0m[INFO] [1782503504.382283405] [self_driving]: [DET] crosswalk: cx=566, cy=282, box=array('i', [493, 258, 640, 306]), score=0.87[0m
[self_driving-10] [0m[INFO] [1782503504.386531924] [self_driving]: objects=1[0m
[self_driving-10] [0m[INFO] [1782503504.390072183] [self_driving]: [DET] crosswalk: cx=571, cy=202, box=array('i', [503, 196, 640, 208]), score=0.87[0m
[self_driving-10] [0m[INFO] [1782503504.396137517] [self_driving]: objects=1[0m
[self_driving-10] [0m[INFO] [1782503504.397098850] [self_driving]: [DET] go: cx=415, cy=121, box=array('i', [401, 99, 430, 144]), score=0.85[0m
[self_driving-10] [0m[INFO] [1782503504.446443961] [self_driving]: [1;33m0[0m[0m
[self_driving-10] [0m[INFO] [1782503504.448404091] [self_driving]: DEBUG_DRIVE lane_x=132.5, linear=0.15, linear_y=0.00, angular=-0.10, stop=False, crosswalk_distance=0, start_slow_down=True[0m
[self_driving-10] [0m[INFO] [1782503504.489220998] [self_driving]: [1;33m0[0m[0m
[self_driving-10] [0m[INFO] [1782503504.490951368] [self_driving]: DEBUG_DRIVE lane_x=133.5, linear=0.15, linear_y=0.00, angular=-0.10, stop=False, crosswalk_distance=0, start_slow_down=True[0m
[self_driving-10] [0m[INFO] [1782503504.547883720] [self_driving]: [1;33m0[0m[0m
[self_driving-10] [0m[INFO] [1782503504.553923331] [self_driving]: DEBUG_DRIVE lane_x=136.5, linear=0.15, linear_y=0.00, angular=-0.10, stop=False, crosswalk_distance=0, start_slow_down=True[0m
[self_driving-10] [0m[INFO] [1782503504.618186202] [self_driving]: [1;33m0[0m[0m
[self_driving-10] [0m[INFO] [1782503504.620596109] [self_driving]: DEBUG_DRIVE lane_x=137.0, linear=0.15, linear_y=0.00, angular=-0.10, stop=False, crosswalk_distance=0, start_slow_down=False[0m
[self_driving-10] [0m[INFO] [1782503504.694196202] [self_driving]: [1;33m0[0m[0m
[self_driving-10] [0m[INFO] [1782503504.695905053] [self_driving]: DEBUG_DRIVE lane_x=134.0, linear=0.30, linear_y=0.00, angular=-0.10, stop=False, crosswalk_distance=0, start_slow_down=False[0m
[self_driving-10] [0m[INFO] [1782503504.770498035] [self_driving]: [1;33m0[0m[0m
[self_driving-10] [0m[INFO] [1782503504.772386794] [self_driving]: DEBUG_DRIVE lane_x=129.0, linear=0.30, linear_y=0.00, angular=0.10, stop=False, crosswalk_distance=0, start_slow_down=False[0m
[self_driving-10] [0m[INFO] [1782503504.804112572] [self_driving]: objects=1[0m
[self_driving-10] [0m[INFO] [1782503504.806346442] [self_driving]: [DET] crosswalk: cx=504, cy=203, box=array('i', [386, 196, 623, 210]), score=0.82[0m
[self_driving-10] [0m[INFO] [1782503504.835998127] [self_driving]: [1;33m203[0m[0m
[self_driving-10] [0m[INFO] [1782503504.839399850] [self_driving]: DEBUG_DRIVE lane_x=125.5, linear=0.15, linear_y=0.00, angular=0.10, stop=False, crosswalk_distance=203, start_slow_down=False[0m
[self_driving-10] [0m[INFO] [1782503504.889678757] [self_driving]: [1;33m203[0m[0m
[self_driving-10] [0m[INFO] [1782503504.897705553] [self_driving]: DEBUG_DRIVE lane_x=119.5, linear=0.15, linear_y=0.00, angular=0.10, stop=False, crosswalk_distance=203, start_slow_down=False[0m
[self_driving-10] [0m[INFO] [1782503504.946203016] [self_driving]: [1;33m203[0m[0m
[self_driving-10] [0m[INFO] [1782503504.950232720] [self_driving]: DEBUG_DRIVE lane_x=119.0, linear=0.15, linear_y=0.00, angular=0.10, stop=False, crosswalk_distance=203, start_slow_down=True[0m
[self_driving-10] [0m[INFO] [1782503505.015403442] [self_driving]: [1;33m203[0m[0m
[self_driving-10] [0m[INFO] [1782503505.016602794] [self_driving]: DEBUG_DRIVE lane_x=135.5, linear=0.15, linear_y=0.00, angular=-0.10, stop=False, crosswalk_distance=203, start_slow_down=True[0m
[self_driving-10] [0m[INFO] [1782503505.096644961] [self_driving]: [1;33m203[0m[0m
[self_driving-10] [0m[INFO] [1782503505.097963368] [self_driving]: DEBUG_DRIVE lane_x=132.5, linear=0.15, linear_y=0.00, angular=0.10, stop=False, crosswalk_distance=203, start_slow_down=True[0m
[self_driving-10] [0m[INFO] [1782503505.156805738] [self_driving]: [1;33m203[0m[0m
[self_driving-10] [0m[INFO] [1782503505.158964979] [self_driving]: DEBUG_DRIVE lane_x=126.5, linear=0.15, linear_y=0.00, angular=0.10, stop=False, crosswalk_distance=203, start_slow_down=True[0m
[self_driving-10] [0m[INFO] [1782503505.212412720] [self_driving]: objects=1[0m
[self_driving-10] [0m[INFO] [1782503505.212873590] [self_driving]: [DET] crosswalk: cx=429, cy=320, box=array('i', [219, 294, 640, 346]), score=0.89[0m
[self_driving-10] [0m[INFO] [1782503505.215495849] [self_driving]: objects=1[0m
[self_driving-10] [0m[INFO] [1782503505.216545424] [self_driving]: [DET] crosswalk: cx=368, cy=205, box=array('i', [254, 199, 483, 211]), score=0.83[0m
[self_driving-10] [0m[INFO] [1782503505.240247609] [self_driving]: [1;33m205[0m[0m
[self_driving-10] [0m[INFO] [1782503505.241373257] [self_driving]: DEBUG_DRIVE lane_x=122.0, linear=0.15, linear_y=0.00, angular=0.10, stop=False, crosswalk_distance=205, start_slow_down=True[0m
[self_driving-10] [0m[INFO] [1782503505.291227757] [self_driving]: [1;33m205[0m[0m
[self_driving-10] [0m[INFO] [1782503505.292417609] [self_driving]: DEBUG_DRIVE lane_x=120.0, linear=0.15, linear_y=0.00, angular=0.10, stop=False, crosswalk_distance=205, start_slow_down=True[0m
[self_driving-10] [0m[INFO] [1782503505.367202868] [self_driving]: [1;33m205[0m[0m
[self_driving-10] [0m[INFO] [1782503505.372503646] [self_driving]: DEBUG_DRIVE lane_x=120.5, linear=0.15, linear_y=0.00, angular=0.10, stop=False, crosswalk_distance=205, start_slow_down=True[0m
[self_driving-10] [0m[INFO] [1782503505.414411960] [self_driving]: [1;33m205[0m[0m
[self_driving-10] [0m[INFO] [1782503505.416267016] [self_driving]: DEBUG_DRIVE lane_x=127.5, linear=0.15, linear_y=0.00, angular=-0.10, stop=False, crosswalk_distance=205, start_slow_down=True[0m
[self_driving-10] [0m[INFO] [1782503505.495496386] [self_driving]: [1;33m205[0m[0m
[self_driving-10] [0m[INFO] [1782503505.497293609] [self_driving]: DEBUG_DRIVE lane_x=134.5, linear=0.15, linear_y=0.00, angular=-0.10, stop=False, crosswalk_distance=205, start_slow_down=True[0m
[self_driving-10] [0m[INFO] [1782503505.568146942] [self_driving]: [1;33m205[0m[0m
[self_driving-10] [0m[INFO] [1782503505.570517071] [self_driving]: DEBUG_DRIVE lane_x=139.0, linear=0.15, linear_y=0.00, angular=-0.10, stop=False, crosswalk_distance=205, start_slow_down=True[0m
[self_driving-10] [0m[INFO] [1782503505.615456442] [self_driving]: objects=1[0m
[self_driving-10] [0m[INFO] [1782503505.615942849] [self_driving]: [DET] crosswalk: cx=415, cy=365, box=array('i', [190, 323, 640, 407]), score=0.90[0m
[self_driving-10] [0m[INFO] [1782503505.619497127] [self_driving]: objects=1[0m
[self_driving-10] [0m[INFO] [1782503505.622955627] [self_driving]: [DET] go: cx=114, cy=113, box=array('i', [98, 86, 131, 141]), score=0.89[0m
[self_driving-10] [0m[INFO] [1782503505.651620108] [self_driving]: objects=1[0m
[self_driving-10] [0m[INFO] [1782503505.658951386] [self_driving]: [DET] crosswalk: cx=370, cy=210, box=array('i', [249, 204, 491, 216]), score=0.84[0m
[self_driving-10] [0m[INFO] [1782503505.662311275] [self_driving]: [1;33m0[0m[0m
[self_driving-10] [0m[INFO] [1782503505.665925979] [self_driving]: DEBUG_DRIVE lane_x=133.5, linear=0.15, linear_y=0.00, angular=0.10, stop=False, crosswalk_distance=210, start_slow_down=True[0m
[self_driving-10] [0m[INFO] [1782503505.708729516] [self_driving]: [1;33m210[0m[0m
[self_driving-10] [0m[INFO] [1782503505.710809071] [self_driving]: DEBUG_DRIVE lane_x=132.5, linear=0.15, linear_y=0.00, angular=-0.10, stop=False, crosswalk_distance=210, start_slow_down=True[0m
[self_driving-10] [0m[INFO] [1782503505.763063645] [self_driving]: [1;33m210[0m[0m
[self_driving-10] [0m[INFO] [1782503505.765265368] [self_driving]: DEBUG_DRIVE lane_x=127.0, linear=0.15, linear_y=0.00, angular=0.10, stop=False, crosswalk_distance=210, start_slow_down=True[0m
[self_driving-10] [0m[INFO] [1782503505.830838923] [self_driving]: [1;33m210[0m[0m
[self_driving-10] [0m[INFO] [1782503505.832428608] [self_driving]: DEBUG_DRIVE lane_x=123.0, linear=0.15, linear_y=0.00, angular=0.10, stop=False, crosswalk_distance=210, start_slow_down=True[0m
[self_driving-10] [0m[INFO] [1782503505.900987386] [self_driving]: [1;33m210[0m[0m
[self_driving-10] [0m[INFO] [1782503505.902303812] [self_driving]: DEBUG_DRIVE lane_x=119.0, linear=0.15, linear_y=0.00, angular=0.10, stop=False, crosswalk_distance=210, start_slow_down=True[0m
[self_driving-10] [0m[INFO] [1782503505.971557293] [self_driving]: [1;33m210[0m[0m
[self_driving-10] [0m[INFO] [1782503505.973767997] [self_driving]: DEBUG_DRIVE lane_x=123.0, linear=0.15, linear_y=0.00, angular=0.10, stop=False, crosswalk_distance=210, start_slow_down=True[0m
[self_driving-10] [0m[INFO] [1782503506.009962182] [self_driving]: objects=1[0m
[self_driving-10] [0m[INFO] [1782503506.011047553] [self_driving]: [DET] crosswalk: cx=385, cy=430, box=array('i', [131, 381, 639, 480]), score=0.92[0m
[self_driving-10] [0m[INFO] [1782503506.013619627] [self_driving]: objects=1[0m
[self_driving-10] [0m[INFO] [1782503506.014509145] [self_driving]: [DET] go: cx=70, cy=106, box=array('i', [52, 74, 89, 139]), score=0.89[0m
[self_driving-10] [0m[INFO] [1782503506.017885627] [self_driving]: objects=1[0m
[self_driving-10] [0m[INFO] [1782503506.018441923] [self_driving]: [DET] crosswalk: cx=473, cy=8, box=array('i', [306, 0, 640, 17]), score=0.61[0m
[self_driving-10] [0m[INFO] [1782503506.048387904] [self_driving]: [1;33m8[0m[0m
[self_driving-10] [0m[INFO] [1782503506.055876516] [self_driving]: DEBUG_DRIVE lane_x=124.0, linear=0.15, linear_y=0.00, angular=0.10, stop=False, crosswalk_distance=8, start_slow_down=True[0m
[self_driving-10] [0m[INFO] [1782503506.102759886] [self_driving]: [1;33m8[0m[0m
[self_driving-10] [0m[INFO] [1782503506.105547923] [self_driving]: DEBUG_DRIVE lane_x=126.5, linear=0.15, linear_y=0.00, angular=-0.10, stop=False, crosswalk_distance=8, start_slow_down=True[0m
[self_driving-10] [0m[INFO] [1782503506.165564978] [self_driving]: [1;33m8[0m[0m
[self_driving-10] [0m[INFO] [1782503506.170877738] [self_driving]: DEBUG_DRIVE lane_x=131.5, linear=0.15, linear_y=0.00, angular=-0.10, stop=False, crosswalk_distance=8, start_slow_down=True[0m
[self_driving-10] [0m[INFO] [1782503506.223757997] [self_driving]: [1;33m8[0m[0m
[self_driving-10] [0m[INFO] [1782503506.225200201] [self_driving]: DEBUG_DRIVE lane_x=133.0, linear=0.15, linear_y=0.00, angular=-0.10, stop=False, crosswalk_distance=8, start_slow_down=True[0m
[self_driving-10] [0m[INFO] [1782503506.307218201] [self_driving]: [1;33m8[0m[0m
[self_driving-10] [0m[INFO] [1782503506.308647052] [self_driving]: DEBUG_DRIVE lane_x=130.5, linear=0.15, linear_y=0.00, angular=0.10, stop=False, crosswalk_distance=8, start_slow_down=True[0m
[self_driving-10] [0m[INFO] [1782503506.359459738] [self_driving]: [1;33m8[0m[0m
[self_driving-10] [0m[INFO] [1782503506.361417904] [self_driving]: DEBUG_DRIVE lane_x=132.5, linear=0.15, linear_y=0.00, angular=-0.10, stop=False, crosswalk_distance=8, start_slow_down=True[0m
[self_driving-10] [0m[INFO] [1782503506.398238941] [self_driving]: objects=1[0m
[self_driving-10] [0m[INFO] [1782503506.398869238] [self_driving]: [DET] go: cx=45, cy=102, box=array('i', [25, 66, 66, 139]), score=0.88[0m
[self_driving-10] [0m[INFO] [1782503506.407146460] [self_driving]: objects=1[0m
[self_driving-10] [0m[INFO] [1782503506.409013441] [self_driving]: [DET] crosswalk: cx=383, cy=222, box=array('i', [239, 213, 528, 232]), score=0.79[0m
[self_driving-10] [0m[INFO] [1782503506.452673775] [self_driving]: [1;33m222[0m[0m
[self_driving-10] [0m[INFO] [1782503506.456731015] [self_driving]: DEBUG_DRIVE lane_x=129.5, linear=0.15, linear_y=0.00, angular=0.10, stop=False, crosswalk_distance=222, start_slow_down=True[0m
[self_driving-10] [0m[INFO] [1782503506.518705515] [self_driving]: [1;33m222[0m[0m
[self_driving-10] [0m[INFO] [1782503506.521906738] [self_driving]: DEBUG_DRIVE lane_x=131.0, linear=0.15, linear_y=0.00, angular=-0.10, stop=False, crosswalk_distance=222, start_slow_down=True[0m
[self_driving-10] [0m[INFO] [1782503506.577027756] [self_driving]: [1;33m222[0m[0m
[self_driving-10] [0m[INFO] [1782503506.579393997] [self_driving]: DEBUG_DRIVE lane_x=124.0, linear=0.15, linear_y=0.00, angular=0.10, stop=False, crosswalk_distance=222, start_slow_down=True[0m
[self_driving-10] [0m[INFO] [1782503506.644366552] [self_driving]: [1;33m222[0m[0m
[self_driving-10] [0m[INFO] [1782503506.645570812] [self_driving]: DEBUG_DRIVE lane_x=126.0, linear=0.15, linear_y=0.00, angular=0.10, stop=False, crosswalk_distance=222, start_slow_down=True[0m
[self_driving-10] [0m[INFO] [1782503506.699307182] [self_driving]: [1;33m222[0m[0m
[self_driving-10] [0m[INFO] [1782503506.700593367] [self_driving]: DEBUG_DRIVE lane_x=124.0, linear=0.15, linear_y=0.00, angular=0.10, stop=False, crosswalk_distance=222, start_slow_down=True[0m
[self_driving-10] [0m[INFO] [1782503506.783918423] [self_driving]: [1;33m222[0m[0m
[self_driving-10] [0m[INFO] [1782503506.784965441] [self_driving]: DEBUG_DRIVE lane_x=127.0, linear=0.15, linear_y=0.00, angular=0.02, stop=False, crosswalk_distance=222, start_slow_down=True[0m
[self_driving-10] [0m[INFO] [1782503506.831850923] [self_driving]: [1;33m222[0m[0m
[self_driving-10] [0m[INFO] [1782503506.834639441] [self_driving]: DEBUG_DRIVE lane_x=130.5, linear=0.15, linear_y=0.00, angular=-0.10, stop=False, crosswalk_distance=222, start_slow_down=True[0m
[self_driving-10] [0m[INFO] [1782503506.858904552] [self_driving]: objects=1[0m
[self_driving-10] [0m[INFO] [1782503506.859365274] [self_driving]: [DET] crosswalk: cx=394, cy=229, box=array('i', [235, 219, 553, 240]), score=0.87[0m
[self_driving-10] [0m[INFO] [1782503506.863334904] [self_driving]: objects=1[0m
[self_driving-10] [0m[INFO] [1782503506.864286534] [self_driving]: [DET] go: cx=20, cy=97, box=array('i', [1, 54, 40, 141]), score=0.81[0m
[self_driving-10] [0m[INFO] [1782503506.869802645] [self_driving]: objects=1[0m
[self_driving-10] [0m[INFO] [1782503506.873439941] [self_driving]: [DET] crosswalk: cx=486, cy=7, box=array('i', [332, 0, 640, 15]), score=0.46[0m
[self_driving-10] [0m[INFO] [1782503506.917016163] [self_driving]: [1;33m7[0m[0m
[self_driving-10] [0m[INFO] [1782503506.918806941] [self_driving]: DEBUG_DRIVE lane_x=135.0, linear=0.15, linear_y=0.00, angular=-0.10, stop=False, crosswalk_distance=7, start_slow_down=True[0m
[self_driving-10] [0m[INFO] [1782503506.995836737] [self_driving]: [1;33m7[0m[0m
[self_driving-10] [0m[INFO] [1782503506.998649478] [self_driving]: DEBUG_DRIVE lane_x=138.5, linear=0.15, linear_y=0.00, angular=-0.10, stop=False, crosswalk_distance=7, start_slow_down=True[0m
[self_driving-10] [0m[INFO] [1782503507.033014515] [self_driving]: [1;33m7[0m[0m
[self_driving-10] [0m[INFO] [1782503507.036261793] [self_driving]: DEBUG_DRIVE lane_x=134.5, linear=0.15, linear_y=0.00, angular=0.10, stop=False, crosswalk_distance=7, start_slow_down=True[0m
[self_driving-10] [0m[INFO] [1782503507.105603515] [self_driving]: [1;33m7[0m[0m
[self_driving-10] [0m[INFO] [1782503507.108323626] [self_driving]: DEBUG_DRIVE lane_x=132.5, linear=0.15, linear_y=0.00, angular=-0.09, stop=False, crosswalk_distance=7, start_slow_down=True[0m
[self_driving-10] [0m[INFO] [1782503507.173796163] [self_driving]: [1;33m7[0m[0m
[self_driving-10] [0m[INFO] [1782503507.175306774] [self_driving]: DEBUG_DRIVE lane_x=127.5, linear=0.15, linear_y=0.00, angular=0.10, stop=False, crosswalk_distance=7, start_slow_down=True[0m
[self_driving-10] [0m[INFO] [1782503507.243221978] [self_driving]: [1;33m7[0m[0m
[self_driving-10] [0m[INFO] [1782503507.244691496] [self_driving]: DEBUG_DRIVE lane_x=129.5, linear=0.15, linear_y=0.00, angular=-0.10, stop=False, crosswalk_distance=7, start_slow_down=True[0m
[self_driving-10] [0m[INFO] [1782503507.290817404] [self_driving]: objects=1[0m
[self_driving-10] [0m[INFO] [1782503507.301773922] [self_driving]: [DET] crosswalk: cx=412, cy=240, box=array('i', [237, 227, 588, 253]), score=0.89[0m
[self_driving-10] [0m[INFO] [1782503507.321936756] [self_driving]: [1;33m240[0m[0m
[self_driving-10] [0m[INFO] [1782503507.329917348] [self_driving]: DEBUG_DRIVE lane_x=124.5, linear=0.15, linear_y=0.00, angular=0.10, stop=False, crosswalk_distance=240, start_slow_down=True[0m
[self_driving-10] [0m[INFO] [1782503507.408022515] [self_driving]: [1;33m240[0m[0m
[self_driving-10] [0m[INFO] [1782503507.411449904] [self_driving]: DEBUG_DRIVE lane_x=128.5, linear=0.15, linear_y=0.00, angular=-0.10, stop=False, crosswalk_distance=240, start_slow_down=True[0m
[self_driving-10] [0m[INFO] [1782503507.439450848] [self_driving]: [1;33m240[0m[0m
[self_driving-10] [0m[INFO] [1782503507.441274385] [self_driving]: DEBUG_DRIVE lane_x=125.5, linear=0.15, linear_y=0.00, angular=0.10, stop=False, crosswalk_distance=240, start_slow_down=True[0m
[self_driving-10] [0m[INFO] [1782503507.525756367] [self_driving]: [1;33m240[0m[0m
[self_driving-10] [0m[INFO] [1782503507.528172367] [self_driving]: DEBUG_DRIVE lane_x=125.0, linear=0.15, linear_y=0.00, angular=0.10, stop=False, crosswalk_distance=240, start_slow_down=True[0m
[self_driving-10] [0m[INFO] [1782503507.587569941] [self_driving]: [1;33m240[0m[0m
[self_driving-10] [0m[INFO] [1782503507.588713681] [self_driving]: DEBUG_DRIVE lane_x=126.0, linear=0.15, linear_y=0.00, angular=0.10, stop=False, crosswalk_distance=240, start_slow_down=True[0m
[self_driving-10] [0m[INFO] [1782503507.652001607] [self_driving]: [1;33m240[0m[0m
[self_driving-10] [0m[INFO] [1782503507.655876089] [self_driving]: DEBUG_DRIVE lane_x=126.0, linear=0.15, linear_y=0.00, angular=0.10, stop=False, crosswalk_distance=240, start_slow_down=False[0m
[self_driving-10] [0m[INFO] [1782503507.713550255] [self_driving]: [1;33m240[0m[0m
[self_driving-10] [0m[INFO] [1782503507.715150237] [self_driving]: DEBUG_DRIVE lane_x=126.0, linear=0.15, linear_y=0.00, angular=0.10, stop=False, crosswalk_distance=240, start_slow_down=False[0m
[self_driving-10] [0m[INFO] [1782503507.742964978] [self_driving]: objects=1[0m
[self_driving-10] [0m[INFO] [1782503507.744187144] [self_driving]: [DET] crosswalk: cx=418, cy=252, box=array('i', [221, 236, 616, 268]), score=0.89[0m
[self_driving-10] [0m[INFO] [1782503507.749982848] [self_driving]: objects=1[0m
[self_driving-10] [0m[INFO] [1782503507.756218033] [self_driving]: [DET] crosswalk: cx=497, cy=4, box=array('i', [356, 0, 639, 8]), score=0.52[0m
[self_driving-10] [0m[INFO] [1782503507.809605033] [self_driving]: [1;33m4[0m[0m
[self_driving-10] [0m[INFO] [1782503507.819302903] [self_driving]: DEBUG_DRIVE lane_x=133.5, linear=0.30, linear_y=0.00, angular=-0.10, stop=False, crosswalk_distance=4, start_slow_down=False[0m
[self_driving-10] [0m[INFO] [1782503507.852972015] [self_driving]: [1;33m4[0m[0m
[self_driving-10] [0m[INFO] [1782503507.859413885] [self_driving]: DEBUG_DRIVE lane_x=137.5, linear=0.30, linear_y=0.00, angular=-0.10, stop=False, crosswalk_distance=4, start_slow_down=False[0m
[self_driving-10] [0m[INFO] [1782503507.921596403] [self_driving]: [1;33m4[0m[0m
[self_driving-10] [0m[INFO] [1782503507.927385737] [self_driving]: DEBUG_DRIVE lane_x=141.0, linear=0.30, linear_y=0.00, angular=-0.10, stop=False, crosswalk_distance=4, start_slow_down=False[0m
[self_driving-10] [0m[INFO] [1782503507.978854866] [self_driving]: [1;33m4[0m[0m
[self_driving-10] [0m[INFO] [1782503507.980297403] [self_driving]: DEBUG_DRIVE lane_x=140.0, linear=0.30, linear_y=0.00, angular=-0.10, stop=False, crosswalk_distance=4, start_slow_down=False[0m
[self_driving-10] [0m[INFO] [1782503508.051185829] [self_driving]: [1;33m4[0m[0m
[self_driving-10] [0m[INFO] [1782503508.052685514] [self_driving]: DEBUG_DRIVE lane_x=142.0, linear=0.30, linear_y=0.00, angular=-0.10, stop=False, crosswalk_distance=4, start_slow_down=False[0m
[self_driving-10] [0m[INFO] [1782503508.121616940] [self_driving]: [1;33m4[0m[0m
[self_driving-10] [0m[INFO] [1782503508.123094274] [self_driving]: DEBUG_DRIVE lane_x=141.5, linear=0.30, linear_y=0.00, angular=-0.10, stop=False, crosswalk_distance=4, start_slow_down=False[0m
[self_driving-10] [0m[INFO] [1782503508.185341533] [self_driving]: [1;33m4[0m[0m
[self_driving-10] [0m[INFO] [1782503508.187367662] [self_driving]: DEBUG_DRIVE lane_x=137.5, linear=0.30, linear_y=0.00, angular=-0.10, stop=False, crosswalk_distance=4, start_slow_down=False[0m
[self_driving-10] [0m[INFO] [1782503508.194375903] [self_driving]: objects=1[0m
[self_driving-10] [0m[INFO] [1782503508.195392070] [self_driving]: [DET] crosswalk: cx=427, cy=267, box=array('i', [217, 248, 637, 287]), score=0.91[0m
[self_driving-10] [0m[INFO] [1782503508.207121811] [self_driving]: objects=1[0m
[self_driving-10] [0m[INFO] [1782503508.207982199] [self_driving]: [DET] crosswalk: cx=500, cy=3, box=array('i', [362, 0, 639, 6]), score=0.46[0m
[self_driving-10] [0m[INFO] [1782503508.251094625] [self_driving]: [1;33m3[0m[0m
[self_driving-10] [0m[INFO] [1782503508.252345625] [self_driving]: DEBUG_DRIVE lane_x=131.0, linear=0.30, linear_y=0.00, angular=0.10, stop=False, crosswalk_distance=3, start_slow_down=False[0m
[self_driving-10] [0m[INFO] [1782503508.312979070] [self_driving]: [1;33m3[0m[0m
[self_driving-10] [0m[INFO] [1782503508.314226699] [self_driving]: DEBUG_DRIVE lane_x=127.5, linear=0.30, linear_y=0.00, angular=0.10, stop=False, crosswalk_distance=3, start_slow_down=False[0m
[self_driving-10] [0m[INFO] [1782503508.374027144] [self_driving]: [1;33m3[0m[0m
[self_driving-10] [0m[INFO] [1782503508.376672162] [self_driving]: DEBUG_DRIVE lane_x=123.0, linear=0.30, linear_y=0.00, angular=0.10, stop=False, crosswalk_distance=3, start_slow_down=False[0m
[self_driving-10] [0m[INFO] [1782503508.454237459] [self_driving]: [1;33m3[0m[0m
[self_driving-10] [0m[INFO] [1782503508.455621773] [self_driving]: DEBUG_DRIVE lane_x=122.0, linear=0.30, linear_y=0.00, angular=0.10, stop=False, crosswalk_distance=3, start_slow_down=False[0m
[self_driving-10] [0m[INFO] [1782503508.530166810] [self_driving]: [1;33m3[0m[0m
[self_driving-10] [0m[INFO] [1782503508.532353903] [self_driving]: DEBUG_DRIVE lane_x=125.0, linear=0.30, linear_y=0.00, angular=0.10, stop=False, crosswalk_distance=3, start_slow_down=False[0m
[self_driving-10] [0m[INFO] [1782503508.588395514] [self_driving]: [1;33m3[0m[0m
[self_driving-10] [0m[INFO] [1782503508.590810792] [self_driving]: DEBUG_DRIVE lane_x=134.5, linear=0.30, linear_y=0.00, angular=-0.10, stop=False, crosswalk_distance=3, start_slow_down=False[0m
[self_driving-10] [0m[INFO] [1782503508.614374347] [self_driving]: objects=1[0m
[self_driving-10] [0m[INFO] [1782503508.615151477] [self_driving]: [DET] crosswalk: cx=413, cy=290, box=array('i', [187, 265, 639, 316]), score=0.88[0m
[self_driving-10] [0m[INFO] [1782503508.619236718] [self_driving]: objects=1[0m
[self_driving-10] [0m[INFO] [1782503508.622176884] [self_driving]: [DET] crosswalk: cx=324, cy=362, box=array('i', [286, 360, 363, 365]), score=0.59[0m
[self_driving-10] [0m[INFO] [1782503508.669668755] [self_driving]: [1;33m362[0m[0m
[self_driving-10] [0m[INFO] [1782503508.672341699] [self_driving]: DEBUG_DRIVE lane_x=136.5, linear=0.15, linear_y=0.00, angular=-0.10, stop=False, crosswalk_distance=362, start_slow_down=False[0m
[self_driving-10] [0m[INFO] [1782503508.725059995] [self_driving]: [1;33m362[0m[0m
[self_driving-10] [0m[INFO] [1782503508.727581681] [self_driving]: DEBUG_DRIVE lane_x=136.5, linear=0.15, linear_y=0.00, angular=-0.10, stop=False, crosswalk_distance=362, start_slow_down=False[0m
[self_driving-10] [0m[INFO] [1782503508.794996551] [self_driving]: [1;33m362[0m[0m
[self_driving-10] [0m[INFO] [1782503508.796186940] [self_driving]: DEBUG_DRIVE lane_x=137.0, linear=0.15, linear_y=0.00, angular=-0.10, stop=False, crosswalk_distance=362, start_slow_down=True[0m
[self_driving-10] [0m[INFO] [1782503508.869001014] [self_driving]: [1;33m362[0m[0m
[self_driving-10] [0m[INFO] [1782503508.870223532] [self_driving]: DEBUG_DRIVE lane_x=140.0, linear=0.15, linear_y=0.00, angular=-0.10, stop=False, crosswalk_distance=362, start_slow_down=True[0m
[self_driving-10] [0m[INFO] [1782503508.912278088] [self_driving]: [1;33m362[0m[0m
[self_driving-10] [0m[INFO] [1782503508.913529699] [self_driving]: DEBUG_DRIVE lane_x=141.5, linear=0.15, linear_y=0.00, angular=-0.10, stop=False, crosswalk_distance=362, start_slow_down=True[0m
[self_driving-10] [0m[INFO] [1782503509.003692903] [self_driving]: [1;33m362[0m[0m
[self_driving-10] [0m[INFO] [1782503509.006432329] [self_driving]: DEBUG_DRIVE lane_x=143.5, linear=0.15, linear_y=0.00, angular=-0.10, stop=False, crosswalk_distance=362, start_slow_down=True[0m
[self_driving-10] [0m[INFO] [1782503509.038700755] [self_driving]: objects=1[0m
[self_driving-10] [0m[INFO] [1782503509.040171366] [self_driving]: [DET] crosswalk: cx=413, cy=315, box=array('i', [187, 282, 640, 349]), score=0.89[0m
[self_driving-10] [0m[INFO] [1782503509.047525699] [self_driving]: objects=1[0m
[self_driving-10] [0m[INFO] [1782503509.050401884] [self_driving]: [DET] crosswalk: cx=349, cy=421, box=array('i', [297, 417, 402, 425]), score=0.71[0m
[self_driving-10] [0m[INFO] [1782503509.080303736] [self_driving]: [1;33m421[0m[0m
[self_driving-10] [0m[INFO] [1782503509.089863514] [self_driving]: DEBUG_DRIVE lane_x=142.5, linear=0.15, linear_y=0.00, angular=-0.10, stop=False, crosswalk_distance=421, start_slow_down=True[0m
[self_driving-10] [0m[INFO] [1782503509.135335736] [self_driving]: [1;33m421[0m[0m
[self_driving-10] [0m[INFO] [1782503509.137707773] [self_driving]: DEBUG_DRIVE lane_x=139.5, linear=0.15, linear_y=0.00, angular=-0.10, stop=False, crosswalk_distance=421, start_slow_down=True[0m
[self_driving-10] [0m[INFO] [1782503509.199900717] [self_driving]: [1;33m421[0m[0m
[self_driving-10] [0m[INFO] [1782503509.201141625] [self_driving]: DEBUG_DRIVE lane_x=128.0, linear=0.15, linear_y=0.00, angular=0.10, stop=False, crosswalk_distance=421, start_slow_down=True[0m
[self_driving-10] [0m[INFO] [1782503509.262667995] [self_driving]: [1;33m421[0m[0m
[self_driving-10] [0m[INFO] [1782503509.265783569] [self_driving]: DEBUG_DRIVE lane_x=116.5, linear=0.15, linear_y=0.00, angular=0.10, stop=False, crosswalk_distance=421, start_slow_down=True[0m
[self_driving-10] [0m[INFO] [1782503509.328008236] [self_driving]: [1;33m421[0m[0m
[self_driving-10] [0m[INFO] [1782503509.329620162] [self_driving]: DEBUG_DRIVE lane_x=110.5, linear=0.15, linear_y=0.00, angular=0.10, stop=False, crosswalk_distance=421, start_slow_down=True[0m
[self_driving-10] [0m[INFO] [1782503509.387151421] [self_driving]: [1;33m421[0m[0m
[self_driving-10] [0m[INFO] [1782503509.389284347] [self_driving]: DEBUG_DRIVE lane_x=109.5, linear=0.15, linear_y=0.00, angular=0.10, stop=False, crosswalk_distance=421, start_slow_down=True[0m
[self_driving-10] [0m[INFO] [1782503509.425757180] [self_driving]: objects=1[0m
[self_driving-10] [0m[INFO] [1782503509.426612551] [self_driving]: [DET] crosswalk: cx=347, cy=423, box=array('i', [55, 367, 640, 480]), score=0.92[0m
[self_driving-10] [0m[INFO] [1782503509.478312551] [self_driving]: [1;33m423[0m[0m
[self_driving-10] [0m[INFO] [1782503509.482101569] [self_driving]: DEBUG_DRIVE lane_x=108.0, linear=0.15, linear_y=0.00, angular=0.10, stop=False, crosswalk_distance=423, start_slow_down=True[0m
[self_driving-10] [0m[INFO] [1782503509.532897847] [self_driving]: [1;33m423[0m[0m
[self_driving-10] [0m[INFO] [1782503509.536428717] [self_driving]: DEBUG_DRIVE lane_x=110.0, linear=0.15, linear_y=0.00, angular=0.10, stop=False, crosswalk_distance=423, start_slow_down=True[0m
[self_driving-10] [0m[INFO] [1782503509.586613254] [self_driving]: [1;33m423[0m[0m
[self_driving-10] [0m[INFO] [1782503509.587878236] [self_driving]: DEBUG_DRIVE lane_x=115.5, linear=0.15, linear_y=0.00, angular=0.10, stop=False, crosswalk_distance=423, start_slow_down=True[0m
[self_driving-10] [0m[INFO] [1782503509.665718328] [self_driving]: [1;33m423[0m[0m
[self_driving-10] [0m[INFO] [1782503509.667010773] [self_driving]: DEBUG_DRIVE lane_x=116.0, linear=0.15, linear_y=0.00, angular=0.10, stop=False, crosswalk_distance=423, start_slow_down=True[0m
[self_driving-10] [0m[INFO] [1782503509.735311347] [self_driving]: [1;33m423[0m[0m
[self_driving-10] [0m[INFO] [1782503509.739479495] [self_driving]: DEBUG_DRIVE lane_x=122.5, linear=0.15, linear_y=0.00, angular=-0.06, stop=False, crosswalk_distance=423, start_slow_down=True[0m
[self_driving-10] [0m[INFO] [1782503509.815831754] [self_driving]: [1;33m423[0m[0m
[self_driving-10] [0m[INFO] [1782503509.827066624] [self_driving]: DEBUG_DRIVE lane_x=128.0, linear=0.15, linear_y=0.00, angular=-0.10, stop=False, crosswalk_distance=423, start_slow_down=True[0m
[self_driving-10] [0m[INFO] [1782503509.882098939] [self_driving]: [1;33m423[0m[0m
[self_driving-10] [0m[INFO] [1782503509.885576532] [self_driving]: DEBUG_DRIVE lane_x=131.5, linear=0.15, linear_y=0.00, angular=-0.10, stop=False, crosswalk_distance=423, start_slow_down=True[0m
[self_driving-10] [0m[INFO] [1782503509.937363976] [self_driving]: [1;33m423[0m[0m
[self_driving-10] [0m[INFO] [1782503509.943197680] [self_driving]: DEBUG_DRIVE lane_x=123.5, linear=0.15, linear_y=0.00, angular=0.10, stop=False, crosswalk_distance=423, start_slow_down=True[0m
[self_driving-10] [0m[INFO] [1782503509.999947291] [self_driving]: [1;33m423[0m[0m
[self_driving-10] [0m[INFO] [1782503510.001500569] [self_driving]: DEBUG_DRIVE lane_x=120.5, linear=0.15, linear_y=0.00, angular=0.10, stop=False, crosswalk_distance=423, start_slow_down=True[0m
[self_driving-10] [0m[INFO] [1782503510.063866810] [self_driving]: [1;33m423[0m[0m
[self_driving-10] [0m[INFO] [1782503510.067383847] [self_driving]: DEBUG_DRIVE lane_x=121.0, linear=0.15, linear_y=0.00, angular=0.10, stop=False, crosswalk_distance=423, start_slow_down=True[0m
[self_driving-10] [0m[INFO] [1782503510.132844884] [self_driving]: [1;33m423[0m[0m
[self_driving-10] [0m[INFO] [1782503510.134309606] [self_driving]: DEBUG_DRIVE lane_x=122.0, linear=0.15, linear_y=0.00, angular=0.10, stop=False, crosswalk_distance=423, start_slow_down=True[0m
[self_driving-10] [0m[INFO] [1782503510.189887309] [self_driving]: [1;33m423[0m[0m
[self_driving-10] [0m[INFO] [1782503510.192092643] [self_driving]: DEBUG_DRIVE lane_x=129.5, linear=0.15, linear_y=0.00, angular=-0.10, stop=False, crosswalk_distance=423, start_slow_down=True[0m
[self_driving-10] [0m[INFO] [1782503510.292309217] [self_driving]: [1;33m423[0m[0m
[self_driving-10] [0m[INFO] [1782503510.293614087] [self_driving]: DEBUG_DRIVE lane_x=131.5, linear=0.15, linear_y=0.00, angular=-0.10, stop=False, crosswalk_distance=423, start_slow_down=True[0m
[self_driving-10] [0m[INFO] [1782503510.332705328] [self_driving]: [1;33m423[0m[0m
[self_driving-10] [0m[INFO] [1782503510.334163254] [self_driving]: DEBUG_DRIVE lane_x=134.5, linear=0.15, linear_y=0.00, angular=-0.10, stop=False, crosswalk_distance=423, start_slow_down=True[0m
[self_driving-10] [0m[INFO] [1782503510.403561309] [self_driving]: [1;33m423[0m[0m
[self_driving-10] [0m[INFO] [1782503510.405322698] [self_driving]: DEBUG_DRIVE lane_x=130.5, linear=0.15, linear_y=0.00, angular=0.10, stop=False, crosswalk_distance=423, start_slow_down=True[0m
[self_driving-10] [0m[INFO] [1782503510.457851865] [self_driving]: [1;33m423[0m[0m
[self_driving-10] [0m[INFO] [1782503510.460118939] [self_driving]: DEBUG_DRIVE lane_x=128.5, linear=0.15, linear_y=0.00, angular=0.10, stop=False, crosswalk_distance=423, start_slow_down=True[0m
[self_driving-10] [0m[INFO] [1782503510.530797976] [self_driving]: [1;33m423[0m[0m
[self_driving-10] [0m[INFO] [1782503510.532127550] [self_driving]: DEBUG_DRIVE lane_x=121.0, linear=0.15, linear_y=0.00, angular=0.10, stop=False, crosswalk_distance=423, start_slow_down=True[0m
[self_driving-10] [0m[INFO] [1782503510.607782568] [self_driving]: [1;33m423[0m[0m
[self_driving-10] [0m[INFO] [1782503510.609417087] [self_driving]: DEBUG_DRIVE lane_x=123.0, linear=0.15, linear_y=0.00, angular=0.10, stop=False, crosswalk_distance=423, start_slow_down=True[0m
[self_driving-10] [0m[INFO] [1782503510.662056642] [self_driving]: [1;33m423[0m[0m
[self_driving-10] [0m[INFO] [1782503510.664386642] [self_driving]: objects=1[0m
[self_driving-10] [0m[INFO] [1782503510.668124754] [self_driving]: [DET] crosswalk: cx=362, cy=448, box=array('i', [278, 444, 446, 453]), score=0.30[0m
[self_driving-10] [0m[INFO] [1782503510.672812254] [self_driving]: DEBUG_DRIVE lane_x=128.5, linear=0.15, linear_y=0.00, angular=-0.10, stop=False, crosswalk_distance=448, start_slow_down=True[0m
[self_driving-10] [0m[INFO] [1782503510.755133254] [self_driving]: [1;33m448[0m[0m
[self_driving-10] [0m[INFO] [1782503510.760459457] [self_driving]: DEBUG_DRIVE lane_x=133.5, linear=0.15, linear_y=0.00, angular=-0.10, stop=False, crosswalk_distance=448, start_slow_down=True[0m
[self_driving-10] [0m[INFO] [1782503510.808622772] [self_driving]: [1;33m448[0m[0m
[self_driving-10] [0m[INFO] [1782503510.811390309] [self_driving]: DEBUG_DRIVE lane_x=139.5, linear=0.15, linear_y=0.00, angular=-0.10, stop=False, crosswalk_distance=448, start_slow_down=True[0m
[self_driving-10] [0m[INFO] [1782503510.884734365] [self_driving]: [1;33m448[0m[0m
[self_driving-10] [0m[INFO] [1782503510.886136124] [self_driving]: DEBUG_DRIVE lane_x=142.0, linear=0.15, linear_y=0.00, angular=-0.10, stop=False, crosswalk_distance=448, start_slow_down=True[0m
[self_driving-10] [0m[INFO] [1782503510.928048087] [self_driving]: [1;33m448[0m[0m
[self_driving-10] [0m[INFO] [1782503510.929265957] [self_driving]: DEBUG_DRIVE lane_x=141.5, linear=0.15, linear_y=0.00, angular=-0.10, stop=False, crosswalk_distance=448, start_slow_down=True[0m
[self_driving-10] [0m[INFO] [1782503511.007722105] [self_driving]: [1;33m448[0m[0m
[self_driving-10] [0m[INFO] [1782503511.009789031] [self_driving]: DEBUG_DRIVE lane_x=140.5, linear=0.15, linear_y=0.00, angular=-0.10, stop=False, crosswalk_distance=448, start_slow_down=True[0m
[self_driving-10] [0m[INFO] [1782503511.060625939] [self_driving]: [1;33m448[0m[0m
[self_driving-10] [0m[INFO] [1782503511.063482476] [self_driving]: DEBUG_DRIVE lane_x=137.0, linear=0.15, linear_y=0.00, angular=-0.10, stop=False, crosswalk_distance=448, start_slow_down=True[0m
[self_driving-10] [0m[INFO] [1782503511.152344735] [self_driving]: [1;33m448[0m[0m
[self_driving-10] [0m[INFO] [1782503511.165977883] [self_driving]: DEBUG_DRIVE lane_x=138.0, linear=0.15, linear_y=0.00, angular=-0.10, stop=False, crosswalk_distance=448, start_slow_down=True[0m
[self_driving-10] [0m[INFO] [1782503511.205827124] [self_driving]: [1;33m448[0m[0m
[self_driving-10] [0m[INFO] [1782503511.209555790] [self_driving]: DEBUG_DRIVE lane_x=135.0, linear=0.15, linear_y=0.00, angular=-0.10, stop=False, crosswalk_distance=448, start_slow_down=True[0m
[self_driving-10] [0m[INFO] [1782503511.279275957] [self_driving]: [1;33m448[0m[0m
[self_driving-10] [0m[INFO] [1782503511.281359272] [self_driving]: DEBUG_DRIVE lane_x=136.5, linear=0.15, linear_y=0.00, angular=-0.10, stop=False, crosswalk_distance=448, start_slow_down=True[0m
[self_driving-10] [0m[INFO] [1782503511.345118883] [self_driving]: [1;33m448[0m[0m
[self_driving-10] [0m[INFO] [1782503511.347812401] [self_driving]: DEBUG_DRIVE lane_x=132.5, linear=0.15, linear_y=0.00, angular=0.10, stop=False, crosswalk_distance=448, start_slow_down=True[0m
[self_driving-10] [0m[INFO] [1782503511.407394031] [self_driving]: [1;33m448[0m[0m
[self_driving-10] [0m[INFO] [1782503511.408503161] [self_driving]: DEBUG_DRIVE lane_x=122.5, linear=0.15, linear_y=0.00, angular=0.10, stop=False, crosswalk_distance=448, start_slow_down=True[0m
[self_driving-10] [0m[INFO] [1782503511.466447457] [self_driving]: [1;33m448[0m[0m
[self_driving-10] [0m[INFO] [1782503511.468523698] [self_driving]: DEBUG_DRIVE lane_x=114.5, linear=0.15, linear_y=0.00, angular=0.10, stop=False, crosswalk_distance=448, start_slow_down=False[0m
[self_driving-10] [0m[INFO] [1782503511.558102660] [self_driving]: [1;33m448[0m[0m
[self_driving-10] [0m[INFO] [1782503511.560027809] [self_driving]: DEBUG_DRIVE lane_x=118.5, linear=0.15, linear_y=0.00, angular=0.10, stop=False, crosswalk_distance=448, start_slow_down=False[0m
[self_driving-10] [0m[INFO] [1782503511.633892753] [self_driving]: [1;33m448[0m[0m
[self_driving-10] [0m[INFO] [1782503511.644304068] [self_driving]: DEBUG_DRIVE lane_x=119.0, linear=0.15, linear_y=0.00, angular=0.10, stop=False, crosswalk_distance=448, start_slow_down=False[0m
[self_driving-10] [0m[INFO] [1782503511.682693679] [self_driving]: [1;33m448[0m[0m
[self_driving-10] [0m[INFO] [1782503511.684180772] [self_driving]: DEBUG_DRIVE lane_x=124.0, linear=0.15, linear_y=0.00, angular=-0.10, stop=False, crosswalk_distance=448, start_slow_down=True[0m
[self_driving-10] [0m[INFO] [1782503511.745607846] [self_driving]: [1;33m448[0m[0m
[self_driving-10] [0m[INFO] [1782503511.747015901] [self_driving]: DEBUG_DRIVE lane_x=129.5, linear=0.15, linear_y=0.00, angular=-0.10, stop=False, crosswalk_distance=448, start_slow_down=True[0m
[self_driving-10] [0m[INFO] [1782503511.809415660] [self_driving]: [1;33m448[0m[0m
[self_driving-10] [0m[INFO] [1782503511.811068420] [self_driving]: DEBUG_DRIVE lane_x=132.0, linear=0.15, linear_y=0.00, angular=-0.10, stop=False, crosswalk_distance=448, start_slow_down=True[0m
[self_driving-10] [0m[INFO] [1782503511.881922957] [self_driving]: [1;33m448[0m[0m
[self_driving-10] [0m[INFO] [1782503511.884653790] [self_driving]: DEBUG_DRIVE lane_x=131.5, linear=0.15, linear_y=0.00, angular=-0.10, stop=False, crosswalk_distance=448, start_slow_down=True[0m
[self_driving-10] [0m[INFO] [1782503511.946388660] [self_driving]: [1;33m448[0m[0m
[self_driving-10] [0m[INFO] [1782503511.948438364] [self_driving]: DEBUG_DRIVE lane_x=127.5, linear=0.15, linear_y=0.00, angular=0.10, stop=False, crosswalk_distance=448, start_slow_down=True[0m
[self_driving-10] [0m[INFO] [1782503512.017376994] [self_driving]: [1;33m448[0m[0m
[self_driving-10] [0m[INFO] [1782503512.023154919] [self_driving]: DEBUG_DRIVE lane_x=127.5, linear=0.15, linear_y=0.00, angular=0.10, stop=False, crosswalk_distance=448, start_slow_down=True[0m
[self_driving-10] [0m[INFO] [1782503512.093536456] [self_driving]: [1;33m448[0m[0m
[self_driving-10] [0m[INFO] [1782503512.095304345] [self_driving]: DEBUG_DRIVE lane_x=123.0, linear=0.15, linear_y=0.00, angular=0.10, stop=False, crosswalk_distance=448, start_slow_down=True[0m
[self_driving-10] [0m[INFO] [1782503512.149164030] [self_driving]: [1;33m448[0m[0m
[self_driving-10] [0m[INFO] [1782503512.152150845] [self_driving]: DEBUG_DRIVE lane_x=124.5, linear=0.15, linear_y=0.00, angular=0.10, stop=False, crosswalk_distance=448, start_slow_down=True[0m
[self_driving-10] [0m[INFO] [1782503512.212113382] [self_driving]: [1;33m448[0m[0m
[self_driving-10] [0m[INFO] [1782503512.216669993] [self_driving]: DEBUG_DRIVE lane_x=126.0, linear=0.15, linear_y=0.00, angular=0.10, stop=False, crosswalk_distance=448, start_slow_down=True[0m
[self_driving-10] [0m[INFO] [1782503512.288006567] [self_driving]: [1;33m448[0m[0m
[self_driving-10] [0m[INFO] [1782503512.289371808] [self_driving]: DEBUG_DRIVE lane_x=128.0, linear=0.15, linear_y=0.00, angular=-0.10, stop=False, crosswalk_distance=448, start_slow_down=True[0m
[self_driving-10] [0m[INFO] [1782503512.346843234] [self_driving]: [1;33m448[0m[0m
[self_driving-10] [0m[INFO] [1782503512.348549864] [self_driving]: DEBUG_DRIVE lane_x=130.0, linear=0.15, linear_y=0.00, angular=-0.10, stop=False, crosswalk_distance=448, start_slow_down=True[0m
[self_driving-10] [0m[INFO] [1782503512.447113753] [self_driving]: [1;33m448[0m[0m
[self_driving-10] [0m[INFO] [1782503512.449575475] [self_driving]: DEBUG_DRIVE lane_x=132.0, linear=0.15, linear_y=0.00, angular=-0.10, stop=False, crosswalk_distance=448, start_slow_down=True[0m
[self_driving-10] [0m[INFO] [1782503512.505539530] [self_driving]: [1;33m448[0m[0m
[self_driving-10] [0m[INFO] [1782503512.509563771] [self_driving]: DEBUG_DRIVE lane_x=130.0, linear=0.15, linear_y=0.00, angular=0.10, stop=False, crosswalk_distance=448, start_slow_down=True[0m
[self_driving-10] [0m[INFO] [1782503512.566117419] [self_driving]: [1;33m448[0m[0m
[self_driving-10] [0m[INFO] [1782503512.567768141] [self_driving]: DEBUG_DRIVE lane_x=129.0, linear=0.15, linear_y=0.00, angular=0.10, stop=False, crosswalk_distance=448, start_slow_down=True[0m
[self_driving-10] [0m[INFO] [1782503512.626478438] [self_driving]: [1;33m448[0m[0m
[self_driving-10] [0m[INFO] [1782503512.627878104] [self_driving]: DEBUG_DRIVE lane_x=126.5, linear=0.15, linear_y=0.00, angular=0.10, stop=False, crosswalk_distance=448, start_slow_down=True[0m
[self_driving-10] [0m[INFO] [1782503512.675620086] [self_driving]: [1;33m448[0m[0m
[self_driving-10] [0m[INFO] [1782503512.677693456] [self_driving]: DEBUG_DRIVE lane_x=128.0, linear=0.15, linear_y=0.00, angular=-0.10, stop=False, crosswalk_distance=448, start_slow_down=True[0m
[self_driving-10] [0m[INFO] [1782503512.768698345] [self_driving]: [1;33m448[0m[0m
[self_driving-10] [0m[INFO] [1782503512.772666400] [self_driving]: DEBUG_DRIVE lane_x=124.0, linear=0.15, linear_y=0.00, angular=0.10, stop=False, crosswalk_distance=448, start_slow_down=True[0m
[self_driving-10] [0m[INFO] [1782503512.819089752] [self_driving]: [1;33m448[0m[0m
[self_driving-10] [0m[INFO] [1782503512.821700956] [self_driving]: DEBUG_DRIVE lane_x=124.0, linear=0.15, linear_y=0.00, angular=0.10, stop=False, crosswalk_distance=448, start_slow_down=True[0m
[self_driving-10] [0m[INFO] [1782503512.896820474] [self_driving]: [1;33m448[0m[0m
[self_driving-10] [0m[INFO] [1782503512.904747252] [self_driving]: DEBUG_DRIVE lane_x=120.0, linear=0.15, linear_y=0.00, angular=0.10, stop=False, crosswalk_distance=448, start_slow_down=True[0m
[self_driving-10] [0m[INFO] [1782503512.964391437] [self_driving]: [1;33m448[0m[0m
[self_driving-10] [0m[INFO] [1782503512.966070474] [self_driving]: DEBUG_DRIVE lane_x=119.0, linear=0.15, linear_y=0.00, angular=0.10, stop=False, crosswalk_distance=448, start_slow_down=True[0m
[self_driving-10] [0m[INFO] [1782503513.024088123] [self_driving]: [1;33m448[0m[0m
[self_driving-10] [0m[INFO] [1782503513.027752678] [self_driving]: DEBUG_DRIVE lane_x=118.0, linear=0.15, linear_y=0.00, angular=0.10, stop=False, crosswalk_distance=448, start_slow_down=True[0m
[self_driving-10] [0m[INFO] [1782503513.083618808] [self_driving]: [1;33m448[0m[0m
[self_driving-10] [0m[INFO] [1782503513.089150585] [self_driving]: DEBUG_DRIVE lane_x=118.0, linear=0.15, linear_y=0.00, angular=0.10, stop=False, crosswalk_distance=448, start_slow_down=True[0m
[self_driving-10] [0m[INFO] [1782503513.147869789] [self_driving]: [1;33m448[0m[0m
[self_driving-10] [0m[INFO] [1782503513.149048382] [self_driving]: DEBUG_DRIVE lane_x=119.0, linear=0.15, linear_y=0.00, angular=0.10, stop=False, crosswalk_distance=448, start_slow_down=True[0m
[self_driving-10] [0m[INFO] [1782503513.209946882] [self_driving]: [1;33m448[0m[0m
[self_driving-10] [0m[INFO] [1782503513.211533882] [self_driving]: DEBUG_DRIVE lane_x=119.5, linear=0.15, linear_y=0.00, angular=0.10, stop=False, crosswalk_distance=448, start_slow_down=True[0m
[self_driving-10] [0m[INFO] [1782503513.271485252] [self_driving]: objects=1[0m
[self_driving-10] [0m[INFO] [1782503513.282015530] [self_driving]: [DET] crosswalk: cx=502, cy=335, box=array('i', [424, 282, 580, 389]), score=0.25[0m
[self_driving-10] [0m[INFO] [1782503513.333627789] [self_driving]: [1;33m335[0m[0m
[self_driving-10] [0m[INFO] [1782503513.346461974] [self_driving]: DEBUG_DRIVE lane_x=123.0, linear=0.15, linear_y=0.00, angular=0.10, stop=False, crosswalk_distance=335, start_slow_down=True[0m
[self_driving-10] [0m[INFO] [1782503513.385786752] [self_driving]: [1;33m335[0m[0m
[self_driving-10] [0m[INFO] [1782503513.389989659] [self_driving]: DEBUG_DRIVE lane_x=127.0, linear=0.15, linear_y=0.00, angular=-0.10, stop=False, crosswalk_distance=335, start_slow_down=True[0m
[self_driving-10] [0m[INFO] [1782503513.421333289] [self_driving]: [1;33m335[0m[0m
[self_driving-10] [0m[INFO] [1782503513.426636307] [self_driving]: DEBUG_DRIVE lane_x=128.0, linear=0.15, linear_y=0.00, angular=-0.10, stop=False, crosswalk_distance=335, start_slow_down=True[0m
[self_driving-10] [0m[INFO] [1782503513.496752067] [self_driving]: [1;33m335[0m[0m
[self_driving-10] [0m[INFO] [1782503513.497900493] [self_driving]: DEBUG_DRIVE lane_x=133.5, linear=0.15, linear_y=0.00, angular=-0.10, stop=False, crosswalk_distance=335, start_slow_down=True[0m
[self_driving-10] [0m[INFO] [1782503513.565230900] [self_driving]: [1;33m335[0m[0m
[self_driving-10] [0m[INFO] [1782503513.567552622] [self_driving]: DEBUG_DRIVE lane_x=142.0, linear=0.15, linear_y=0.00, angular=-0.10, stop=False, crosswalk_distance=335, start_slow_down=True[0m
[self_driving-10] [0m[INFO] [1782503513.613963659] [self_driving]: [1;33m335[0m[0m
[self_driving-10] [0m[INFO] [1782503513.617047474] [self_driving]: DEBUG_DRIVE lane_x=138.5, linear=0.15, linear_y=0.00, angular=-0.10, stop=False, crosswalk_distance=335, start_slow_down=True[0m
[self_driving-10] [0m[INFO] [1782503513.698099696] [self_driving]: [1;33m335[0m[0m
[self_driving-10] [0m[INFO] [1782503513.701472622] [self_driving]: DEBUG_DRIVE lane_x=139.0, linear=0.15, linear_y=0.00, angular=-0.10, stop=False, crosswalk_distance=335, start_slow_down=True[0m
[self_driving-10] [0m[INFO] [1782503513.783744215] [self_driving]: [1;33m335[0m[0m
[self_driving-10] [0m[INFO] [1782503513.795849437] [self_driving]: DEBUG_DRIVE lane_x=140.5, linear=0.15, linear_y=0.00, angular=-0.10, stop=False, crosswalk_distance=335, start_slow_down=True[0m
[self_driving-10] [0m[INFO] [1782503513.829851585] [self_driving]: [1;33m335[0m[0m
[self_driving-10] [0m[INFO] [1782503513.835259252] [self_driving]: DEBUG_DRIVE lane_x=140.5, linear=0.15, linear_y=0.00, angular=-0.10, stop=False, crosswalk_distance=335, start_slow_down=True[0m
[self_driving-10] [0m[INFO] [1782503513.895912604] [self_driving]: [1;33m335[0m[0m
[self_driving-10] [0m[INFO] [1782503513.897247641] [self_driving]: DEBUG_DRIVE lane_x=133.0, linear=0.15, linear_y=0.00, angular=0.10, stop=False, crosswalk_distance=335, start_slow_down=True[0m
[self_driving-10] [0m[INFO] [1782503513.956627585] [self_driving]: [1;33m335[0m[0m
[self_driving-10] [0m[INFO] [1782503513.958497678] [self_driving]: DEBUG_DRIVE lane_x=125.5, linear=0.15, linear_y=0.00, angular=0.10, stop=False, crosswalk_distance=335, start_slow_down=True[0m
[self_driving-10] [0m[INFO] [1782503514.040719307] [self_driving]: [1;33m335[0m[0m
[self_driving-10] [0m[INFO] [1782503514.042344789] [self_driving]: DEBUG_DRIVE lane_x=126.5, linear=0.15, linear_y=0.00, angular=0.10, stop=False, crosswalk_distance=335, start_slow_down=True[0m
[self_driving-10] [0m[INFO] [1782503514.086768400] [self_driving]: [1;33m335[0m[0m
[self_driving-10] [0m[INFO] [1782503514.087957770] [self_driving]: DEBUG_DRIVE lane_x=126.0, linear=0.15, linear_y=0.00, angular=0.10, stop=False, crosswalk_distance=335, start_slow_down=True[0m
[self_driving-10] [0m[INFO] [1782503514.169934789] [self_driving]: [1;33m335[0m[0m
[self_driving-10] [0m[INFO] [1782503514.173434863] [self_driving]: DEBUG_DRIVE lane_x=134.0, linear=0.15, linear_y=0.00, angular=-0.10, stop=False, crosswalk_distance=335, start_slow_down=True[0m
[self_driving-10] [0m[INFO] [1782503514.217504233] [self_driving]: [1;33m335[0m[0m
[self_driving-10] [0m[INFO] [1782503514.219185251] [self_driving]: DEBUG_DRIVE lane_x=141.5, linear=0.15, linear_y=0.00, angular=-0.10, stop=False, crosswalk_distance=335, start_slow_down=True[0m
[self_driving-10] [0m[INFO] [1782503514.293402511] [self_driving]: [1;33m335[0m[0m
[self_driving-10] [0m[INFO] [1782503514.294797807] [self_driving]: DEBUG_DRIVE lane_x=159.0, linear=0.15, linear_y=0.00, angular=-0.10, stop=False, crosswalk_distance=335, start_slow_down=True[0m
[self_driving-10] [0m[INFO] [1782503514.365142177] [self_driving]: [1;33m335[0m[0m
[self_driving-10] [0m[INFO] [1782503514.369451362] [self_driving]: DEBUG_DRIVE lane_x=155.5, linear=0.15, linear_y=0.00, angular=-0.10, stop=False, crosswalk_distance=335, start_slow_down=False[0m
[self_driving-10] [0m[INFO] [1782503514.429827085] [self_driving]: [1;33m335[0m[0m
[self_driving-10] [0m[INFO] [1782503514.431287288] [self_driving]: DEBUG_DRIVE lane_x=181.5, linear=0.15, linear_y=0.00, angular=-0.10, stop=False, crosswalk_distance=335, start_slow_down=False[0m
[self_driving-10] [0m[INFO] [1782503514.510199270] [self_driving]: [1;33m335[0m[0m
[self_driving-10] [0m[INFO] [1782503514.518326585] [self_driving]: DEBUG_DRIVE lane_x=179.0, linear=0.15, linear_y=0.00, angular=-0.10, stop=False, crosswalk_distance=335, start_slow_down=False[0m
[self_driving-10] [0m[INFO] [1782503514.565317251] [self_driving]: [1;33m335[0m[0m
[self_driving-10] [0m[INFO] [1782503514.568358659] [self_driving]: DEBUG_DRIVE lane_x=179.5, linear=0.15, linear_y=0.00, angular=-0.10, stop=False, crosswalk_distance=335, start_slow_down=True[0m
[self_driving-10] [0m[INFO] [1782503514.649093751] [self_driving]: [1;33m335[0m[0m
[self_driving-10] [0m[INFO] [1782503514.652291696] [self_driving]: DEBUG_DRIVE lane_x=180.0, linear=0.15, linear_y=0.00, angular=-0.10, stop=False, crosswalk_distance=335, start_slow_down=True[0m
[self_driving-10] [0m[INFO] [1782503514.689000418] [self_driving]: [1;33m335[0m[0m
[self_driving-10] [0m[INFO] [1782503514.690508492] [self_driving]: DEBUG_DRIVE lane_x=183.0, linear=0.15, linear_y=0.00, angular=-0.10, stop=False, crosswalk_distance=335, start_slow_down=True[0m
[self_driving-10] [0m[INFO] [1782503514.766003584] [self_driving]: [1;33m335[0m[0m
[self_driving-10] [0m[INFO] [1782503514.769509659] [self_driving]: DEBUG_DRIVE lane_x=201.5, linear=0.15, linear_y=0.00, angular=-0.45, stop=False, crosswalk_distance=335, start_slow_down=True[0m
[self_driving-10] [0m[INFO] [1782503514.837695547] [self_driving]: [1;33m335[0m[0m
[self_driving-10] [0m[INFO] [1782503514.841740510] [self_driving]: DEBUG_DRIVE lane_x=209.5, linear=0.15, linear_y=0.00, angular=-0.45, stop=False, crosswalk_distance=335, start_slow_down=True[0m
[self_driving-10] [0m[INFO] [1782503514.928925381] [self_driving]: [1;33m335[0m[0m
[self_driving-10] [0m[INFO] [1782503514.931142733] [self_driving]: DEBUG_DRIVE lane_x=211.0, linear=0.15, linear_y=0.00, angular=-0.45, stop=False, crosswalk_distance=335, start_slow_down=True[0m
[self_driving-10] [0m[INFO] [1782503514.978121418] [self_driving]: [1;33m335[0m[0m
[self_driving-10] [0m[INFO] [1782503514.980816529] [self_driving]: DEBUG_DRIVE lane_x=209.5, linear=0.15, linear_y=0.00, angular=-0.45, stop=False, crosswalk_distance=335, start_slow_down=True[0m
[self_driving-10] [0m[INFO] [1782503515.033978714] [self_driving]: [1;33m335[0m[0m
[self_driving-10] [0m[INFO] [1782503515.036965195] [self_driving]: DEBUG_DRIVE lane_x=205.5, linear=0.15, linear_y=0.00, angular=-0.45, stop=False, crosswalk_distance=335, start_slow_down=True[0m
[self_driving-10] [0m[INFO] [1782503515.106310103] [self_driving]: [1;33m335[0m[0m
[self_driving-10] [0m[INFO] [1782503515.108854381] [self_driving]: DEBUG_DRIVE lane_x=205.5, linear=0.15, linear_y=0.00, angular=-0.45, stop=False, crosswalk_distance=335, start_slow_down=True[0m
[self_driving-10] [0m[INFO] [1782503515.171594399] [self_driving]: [1;33m335[0m[0m
[self_driving-10] [0m[INFO] [1782503515.172736732] [self_driving]: DEBUG_DRIVE lane_x=203.5, linear=0.15, linear_y=0.00, angular=-0.45, stop=False, crosswalk_distance=335, start_slow_down=True[0m
[self_driving-10] [0m[INFO] [1782503515.235985677] [self_driving]: [1;33m335[0m[0m
[self_driving-10] [0m[INFO] [1782503515.239155973] [self_driving]: DEBUG_DRIVE lane_x=196.5, linear=0.15, linear_y=0.00, angular=0.00, stop=False, crosswalk_distance=335, start_slow_down=True[0m
[self_driving-10] [0m[INFO] [1782503515.295946140] [self_driving]: [1;33m335[0m[0m
[self_driving-10] [0m[INFO] [1782503515.297240621] [self_driving]: DEBUG_DRIVE lane_x=218.0, linear=0.15, linear_y=0.00, angular=-0.45, stop=False, crosswalk_distance=335, start_slow_down=True[0m
[self_driving-10] [0m[INFO] [1782503515.380023603] [self_driving]: [1;33m335[0m[0m
[self_driving-10] [0m[INFO] [1782503515.383567954] [self_driving]: DEBUG_DRIVE lane_x=275.0, linear=0.15, linear_y=0.00, angular=-0.45, stop=False, crosswalk_distance=335, start_slow_down=True[0m
[self_driving-10] [0m[INFO] [1782503515.445895751] [self_driving]: [1;33m335[0m[0m
[self_driving-10] [0m[INFO] [1782503515.450806343] [self_driving]: DEBUG_DRIVE lane_x=88.5, linear=0.15, linear_y=0.00, angular=0.00, stop=False, crosswalk_distance=335, start_slow_down=True[0m
[self_driving-10] [0m[INFO] [1782503515.493980047] [self_driving]: [1;33m335[0m[0m
[self_driving-10] [0m[INFO] [1782503515.495463306] [self_driving]: DEBUG_DRIVE lane_x=90.0, linear=0.15, linear_y=0.00, angular=0.00, stop=False, crosswalk_distance=335, start_slow_down=True[0m
[self_driving-10] [0m[INFO] [1782503515.570202640] [self_driving]: [1;33m335[0m[0m
[self_driving-10] [0m[INFO] [1782503515.571406732] [self_driving]: DEBUG_DRIVE lane_x=98.0, linear=0.15, linear_y=0.00, angular=0.00, stop=False, crosswalk_distance=335, start_slow_down=True[0m
[self_driving-10] [0m[INFO] [1782503515.641421880] [self_driving]: [1;33m335[0m[0m
[self_driving-10] [0m[INFO] [1782503515.644678769] [self_driving]: DEBUG_DRIVE lane_x=149.0, linear=0.15, linear_y=0.00, angular=0.00, stop=False, crosswalk_distance=335, start_slow_down=True[0m
[self_driving-10] [0m[INFO] [1782503515.712636399] [self_driving]: [1;33m335[0m[0m
[self_driving-10] [0m[INFO] [1782503515.721205454] [self_driving]: DEBUG_DRIVE lane_x=159.5, linear=0.15, linear_y=0.00, angular=0.00, stop=False, crosswalk_distance=335, start_slow_down=True[0m
[self_driving-10] [0m[INFO] [1782503515.794948028] [self_driving]: [1;33m335[0m[0m
[self_driving-10] [0m[INFO] [1782503515.796013621] [self_driving]: DEBUG_DRIVE lane_x=159.5, linear=0.15, linear_y=0.00, angular=0.00, stop=False, crosswalk_distance=335, start_slow_down=True[0m
[self_driving-10] [0m[INFO] [1782503515.851676399] [self_driving]: [1;33m335[0m[0m
[self_driving-10] [0m[INFO] [1782503515.854268473] [self_driving]: DEBUG_DRIVE lane_x=159.5, linear=0.15, linear_y=0.00, angular=0.00, stop=False, crosswalk_distance=335, start_slow_down=True[0m
[self_driving-10] [0m[INFO] [1782503515.899436213] [self_driving]: [1;33m335[0m[0m
[self_driving-10] [0m[INFO] [1782503515.900849602] [self_driving]: DEBUG_DRIVE lane_x=163.0, linear=0.15, linear_y=0.00, angular=0.00, stop=False, crosswalk_distance=335, start_slow_down=True[0m
[self_driving-10] [0m[INFO] [1782503515.981035547] [self_driving]: [1;33m335[0m[0m
[self_driving-10] [0m[INFO] [1782503515.982341139] [self_driving]: DEBUG_DRIVE lane_x=200.0, linear=0.15, linear_y=0.00, angular=0.00, stop=False, crosswalk_distance=335, start_slow_down=True[0m
[self_driving-10] [0m[INFO] [1782503516.041714713] [self_driving]: [1;33m335[0m[0m
[self_driving-10] [0m[INFO] [1782503516.043891343] [self_driving]: DEBUG_DRIVE lane_x=216.5, linear=0.15, linear_y=0.00, angular=-0.45, stop=False, crosswalk_distance=335, start_slow_down=True[0m
[self_driving-10] [0m[INFO] [1782503516.111780473] [self_driving]: [1;33m335[0m[0m
[self_driving-10] [0m[INFO] [1782503516.116489510] [self_driving]: DEBUG_DRIVE lane_x=232.0, linear=0.15, linear_y=0.00, angular=-0.45, stop=False, crosswalk_distance=335, start_slow_down=True[0m
[self_driving-10] [0m[INFO] [1782503516.191163973] [self_driving]: [1;33m335[0m[0m
[self_driving-10] [0m[INFO] [1782503516.193199880] [self_driving]: DEBUG_DRIVE lane_x=270.5, linear=0.15, linear_y=0.00, angular=-0.45, stop=False, crosswalk_distance=335, start_slow_down=True[0m
[self_driving-10] [0m[INFO] [1782503516.255565528] [self_driving]: [1;33m335[0m[0m
[self_driving-10] [0m[INFO] [1782503516.258664361] [self_driving]: DEBUG_DRIVE lane_x=282.0, linear=0.15, linear_y=0.00, angular=-0.45, stop=False, crosswalk_distance=335, start_slow_down=True[0m
[self_driving-10] [0m[INFO] [1782503516.308411806] [self_driving]: [1;33m335[0m[0m
[self_driving-10] [0m[INFO] [1782503516.309437843] [self_driving]: DEBUG_DRIVE lane_x=286.5, linear=0.15, linear_y=0.00, angular=-0.45, stop=False, crosswalk_distance=335, start_slow_down=True[0m
[self_driving-10] [0m[INFO] [1782503516.386601565] [self_driving]: [1;33m335[0m[0m
[self_driving-10] [0m[INFO] [1782503516.389490695] [self_driving]: DEBUG_DRIVE lane_x=144.0, linear=0.15, linear_y=0.00, angular=0.00, stop=False, crosswalk_distance=335, start_slow_down=True[0m
[self_driving-10] [0m[INFO] [1782503516.453802509] [self_driving]: [1;33m335[0m[0m
[self_driving-10] [0m[INFO] [1782503516.456703898] [self_driving]: DEBUG_DRIVE lane_x=159.5, linear=0.15, linear_y=0.00, angular=0.00, stop=False, crosswalk_distance=335, start_slow_down=True[0m
[self_driving-10] [0m[INFO] [1782503516.512819528] [self_driving]: [1;33m335[0m[0m
[self_driving-10] [0m[INFO] [1782503516.522185083] [self_driving]: DEBUG_DRIVE lane_x=177.5, linear=0.15, linear_y=0.00, angular=0.00, stop=False, crosswalk_distance=335, start_slow_down=True[0m
[self_driving-10] [0m[INFO] [1782503516.586778972] [self_driving]: [1;33m335[0m[0m
[self_driving-10] [0m[INFO] [1782503516.596099287] [self_driving]: DEBUG_DRIVE lane_x=198.0, linear=0.15, linear_y=0.00, angular=0.00, stop=False, crosswalk_distance=335, start_slow_down=True[0m
[self_driving-10] [0m[INFO] [1782503516.643987861] [self_driving]: [1;33m335[0m[0m
[self_driving-10] [0m[INFO] [1782503516.645585861] [self_driving]: DEBUG_DRIVE lane_x=218.0, linear=0.15, linear_y=0.00, angular=-0.45, stop=False, crosswalk_distance=335, start_slow_down=True[0m
[self_driving-10] [0m[INFO] [1782503516.706671787] [self_driving]: [1;33m335[0m[0m
[self_driving-10] [0m[INFO] [1782503516.708838194] [self_driving]: DEBUG_DRIVE lane_x=233.0, linear=0.15, linear_y=0.00, angular=-0.45, stop=False, crosswalk_distance=335, start_slow_down=True[0m
[self_driving-10] [0m[INFO] [1782503516.782688731] [self_driving]: [1;33m335[0m[0m
[self_driving-10] [0m[INFO] [1782503516.783742083] [self_driving]: DEBUG_DRIVE lane_x=247.5, linear=0.15, linear_y=0.00, angular=-0.45, stop=False, crosswalk_distance=335, start_slow_down=True[0m
[self_driving-10] [0m[INFO] [1782503516.851680028] [self_driving]: [1;33m335[0m[0m
[self_driving-10] [0m[INFO] [1782503516.854823491] [self_driving]: DEBUG_DRIVE lane_x=276.5, linear=0.15, linear_y=0.00, angular=-0.45, stop=False, crosswalk_distance=335, start_slow_down=True[0m
[self_driving-10] [0m[INFO] [1782503516.977645565] [self_driving]: [1;33m335[0m[0m
[self_driving-10] [0m[INFO] [1782503516.979040398] [self_driving]: DEBUG_DRIVE lane_x=296.0, linear=0.15, linear_y=0.00, angular=-0.45, stop=False, crosswalk_distance=335, start_slow_down=True[0m
[self_driving-10] [0m[INFO] [1782503516.994094528] [self_driving]: [1;33m335[0m[0m
[self_driving-10] [0m[INFO] [1782503516.998379750] [self_driving]: DEBUG_DRIVE lane_x=305.5, linear=0.15, linear_y=0.00, angular=-0.45, stop=False, crosswalk_distance=335, start_slow_down=True[0m
[self_driving-10] [0m[INFO] [1782503517.043629787] [self_driving]: [1;33m335[0m[0m
[self_driving-10] [0m[INFO] [1782503517.119716176] [self_driving]: [1;33m335[0m[0m
[self_driving-10] [0m[INFO] [1782503517.185401972] [self_driving]: [1;33m335[0m[0m
[self_driving-10] [0m[INFO] [1782503517.258416287] [self_driving]: [1;33m335[0m[0m
[self_driving-10] [0m[INFO] [1782503517.318099601] [self_driving]: [1;33m335[0m[0m
[self_driving-10] [0m[INFO] [1782503517.411779564] [self_driving]: [1;33m335[0m[0m
[self_driving-10] [0m[INFO] [1782503517.469646268] [self_driving]: [1;33m335[0m[0m
[self_driving-10] [0m[INFO] [1782503517.511113435] [self_driving]: [1;33m335[0m[0m
[self_driving-10] [0m[INFO] [1782503517.587132157] [self_driving]: [1;33m335[0m[0m
[self_driving-10] [0m[INFO] [1782503517.660099046] [self_driving]: [1;33m335[0m[0m
[self_driving-10] [0m[INFO] [1782503517.733850805] [self_driving]: [1;33m335[0m[0m
[self_driving-10] [0m[INFO] [1782503517.816742231] [self_driving]: [1;33m335[0m[0m
[self_driving-10] [0m[INFO] [1782503517.860581601] [self_driving]: [1;33m335[0m[0m
[self_driving-10] [0m[INFO] [1782503517.933496694] [self_driving]: [1;33m335[0m[0m
[self_driving-10] [0m[INFO] [1782503517.984431990] [self_driving]: [1;33m335[0m[0m
[self_driving-10] [0m[INFO] [1782503518.061422175] [self_driving]: [1;33m335[0m[0m
[self_driving-10] [0m[INFO] [1782503518.135151768] [self_driving]: [1;33m335[0m[0m
[self_driving-10] [0m[INFO] [1782503518.207648397] [self_driving]: [1;33m335[0m[0m
[self_driving-10] [0m[INFO] [1782503518.208820601] [self_driving]: DEBUG_DRIVE lane_x=307.5, linear=0.15, linear_y=0.00, angular=-0.45, stop=False, crosswalk_distance=335, start_slow_down=True[0m
[self_driving-10] [0m[INFO] [1782503518.273207379] [self_driving]: [1;33m335[0m[0m
[self_driving-10] [0m[INFO] [1782503518.275701064] [self_driving]: DEBUG_DRIVE lane_x=301.0, linear=0.15, linear_y=0.00, angular=-0.45, stop=False, crosswalk_distance=335, start_slow_down=True[0m
[self_driving-10] [0m[INFO] [1782503518.324414027] [self_driving]: [1;33m335[0m[0m
[self_driving-10] [0m[INFO] [1782503518.326869786] [self_driving]: DEBUG_DRIVE lane_x=297.5, linear=0.15, linear_y=0.00, angular=-0.45, stop=False, crosswalk_distance=335, start_slow_down=True[0m
[self_driving-10] [0m[INFO] [1782503518.389135768] [self_driving]: [1;33m335[0m[0m
[self_driving-10] [0m[INFO] [1782503518.390489934] [self_driving]: DEBUG_DRIVE lane_x=291.0, linear=0.15, linear_y=0.00, angular=-0.45, stop=False, crosswalk_distance=335, start_slow_down=True[0m
[self_driving-10] [0m[INFO] [1782503518.469676323] [self_driving]: [1;33m335[0m[0m
[self_driving-10] [0m[INFO] [1782503518.473036897] [self_driving]: DEBUG_DRIVE lane_x=281.0, linear=0.15, linear_y=0.00, angular=-0.45, stop=False, crosswalk_distance=335, start_slow_down=True[0m
[self_driving-10] [0m[INFO] [1782503518.553835397] [self_driving]: [1;33m335[0m[0m
[self_driving-10] [0m[INFO] [1782503518.555268804] [self_driving]: DEBUG_DRIVE lane_x=276.5, linear=0.15, linear_y=0.00, angular=-0.45, stop=False, crosswalk_distance=335, start_slow_down=True[0m
[self_driving-10] [0m[INFO] [1782503518.611189341] [self_driving]: [1;33m335[0m[0m
[self_driving-10] [0m[INFO] [1782503518.614515971] [self_driving]: DEBUG_DRIVE lane_x=271.5, linear=0.15, linear_y=0.00, angular=-0.45, stop=False, crosswalk_distance=335, start_slow_down=True[0m
[self_driving-10] [0m[INFO] [1782503518.664265304] [self_driving]: [1;33m335[0m[0m
[self_driving-10] [0m[INFO] [1782503518.666116175] [self_driving]: DEBUG_DRIVE lane_x=306.5, linear=0.15, linear_y=0.00, angular=-0.45, stop=False, crosswalk_distance=335, start_slow_down=True[0m
[self_driving-10] [0m[INFO] [1782503518.730210230] [self_driving]: [1;33m335[0m[0m
[self_driving-10] [0m[INFO] [1782503518.731822786] [self_driving]: DEBUG_DRIVE lane_x=295.0, linear=0.15, linear_y=0.00, angular=-0.45, stop=False, crosswalk_distance=335, start_slow_down=True[0m
[self_driving-10] [0m[INFO] [1782503518.794094101] [self_driving]: [1;33m335[0m[0m
[self_driving-10] [0m[INFO] [1782503518.796419064] [self_driving]: DEBUG_DRIVE lane_x=287.5, linear=0.15, linear_y=0.00, angular=-0.45, stop=False, crosswalk_distance=335, start_slow_down=True[0m
[self_driving-10] [0m[INFO] [1782503518.857618286] [self_driving]: [1;33m335[0m[0m
[self_driving-10] [0m[INFO] [1782503518.859779823] [self_driving]: DEBUG_DRIVE lane_x=309.5, linear=0.15, linear_y=0.00, angular=-0.45, stop=False, crosswalk_distance=335, start_slow_down=True[0m
[self_driving-10] [0m[INFO] [1782503518.965466452] [self_driving]: [1;33m335[0m[0m
[self_driving-10] [0m[INFO] [1782503518.970778600] [self_driving]: DEBUG_DRIVE lane_x=299.0, linear=0.15, linear_y=0.00, angular=-0.45, stop=False, crosswalk_distance=335, start_slow_down=True[0m
[self_driving-10] [0m[INFO] [1782503519.008494156] [self_driving]: [1;33m335[0m[0m
[self_driving-10] [0m[INFO] [1782503519.011237897] [self_driving]: DEBUG_DRIVE lane_x=288.0, linear=0.15, linear_y=0.00, angular=-0.45, stop=False, crosswalk_distance=335, start_slow_down=True[0m
[self_driving-10] [0m[INFO] [1782503519.076607452] [self_driving]: [1;33m335[0m[0m
[self_driving-10] [0m[INFO] [1782503519.078618137] [self_driving]: DEBUG_DRIVE lane_x=273.5, linear=0.15, linear_y=0.00, angular=-0.45, stop=False, crosswalk_distance=335, start_slow_down=True[0m
[self_driving-10] [0m[INFO] [1782503519.133740267] [self_driving]: [1;33m335[0m[0m
[self_driving-10] [0m[INFO] [1782503519.135403026] [self_driving]: DEBUG_DRIVE lane_x=255.0, linear=0.15, linear_y=0.00, angular=-0.45, stop=False, crosswalk_distance=335, start_slow_down=True[0m
[self_driving-10] [0m[INFO] [1782503519.196144989] [self_driving]: [1;33m335[0m[0m
[self_driving-10] [0m[INFO] [1782503519.197815989] [self_driving]: DEBUG_DRIVE lane_x=237.5, linear=0.15, linear_y=0.00, angular=-0.45, stop=False, crosswalk_distance=335, start_slow_down=True[0m
[self_driving-10] [0m[INFO] [1782503519.264776341] [self_driving]: [1;33m335[0m[0m
[self_driving-10] [0m[INFO] [1782503519.266362989] [self_driving]: DEBUG_DRIVE lane_x=217.5, linear=0.15, linear_y=0.00, angular=-0.45, stop=False, crosswalk_distance=335, start_slow_down=True[0m
[self_driving-10] [0m[INFO] [1782503519.328489582] [self_driving]: [1;33m335[0m[0m
[self_driving-10] [0m[INFO] [1782503519.329629804] [self_driving]: DEBUG_DRIVE lane_x=198.5, linear=0.15, linear_y=0.00, angular=-0.10, stop=False, crosswalk_distance=335, start_slow_down=True[0m
[self_driving-10] [0m[INFO] [1782503519.334314174] [self_driving]: objects=1[0m
[self_driving-10] [0m[INFO] [1782503519.334861230] [self_driving]: [DET] crosswalk: cx=618, cy=199, box=array('i', [598, 194, 639, 204]), score=0.64[0m
[self_driving-10] [0m[INFO] [1782503519.340221952] [self_driving]: objects=1[0m
[self_driving-10] [0m[INFO] [1782503519.343751656] [self_driving]: [DET] crosswalk: cx=623, cy=181, box=array('i', [606, 178, 640, 184]), score=0.28[0m
[self_driving-10] [0m[INFO] [1782503519.437221100] [self_driving]: [1;33m181[0m[0m
[self_driving-10] [0m[INFO] [1782503519.448454526] [self_driving]: DEBUG_DRIVE lane_x=180.0, linear=0.15, linear_y=0.00, angular=-0.10, stop=False, crosswalk_distance=181, start_slow_down=True[0m
[self_driving-10] [0m[INFO] [1782503519.489603952] [self_driving]: [1;33m181[0m[0m
[self_driving-10] [0m[INFO] [1782503519.491124656] [self_driving]: DEBUG_DRIVE lane_x=161.5, linear=0.15, linear_y=0.00, angular=-0.10, stop=False, crosswalk_distance=181, start_slow_down=True[0m
[self_driving-10] [0m[INFO] [1782503519.538888378] [self_driving]: [1;33m181[0m[0m
[self_driving-10] [0m[INFO] [1782503519.541845211] [self_driving]: DEBUG_DRIVE lane_x=157.5, linear=0.15, linear_y=0.00, angular=-0.10, stop=False, crosswalk_distance=181, start_slow_down=True[0m
[self_driving-10] [0m[INFO] [1782503519.618766359] [self_driving]: [1;33m181[0m[0m
[self_driving-10] [0m[INFO] [1782503519.621120045] [self_driving]: DEBUG_DRIVE lane_x=152.0, linear=0.15, linear_y=0.00, angular=-0.10, stop=False, crosswalk_distance=181, start_slow_down=True[0m
[self_driving-10] [0m[INFO] [1782503519.666051785] [self_driving]: [1;33m181[0m[0m
[self_driving-10] [0m[INFO] [1782503519.669549045] [self_driving]: DEBUG_DRIVE lane_x=144.5, linear=0.15, linear_y=0.00, angular=-0.10, stop=False, crosswalk_distance=181, start_slow_down=True[0m
[self_driving-10] [0m[INFO] [1782503519.738970359] [self_driving]: [1;33m181[0m[0m
[self_driving-10] [0m[INFO] [1782503519.740417507] [self_driving]: DEBUG_DRIVE lane_x=140.0, linear=0.15, linear_y=0.00, angular=-0.10, stop=False, crosswalk_distance=181, start_slow_down=True[0m
[self_driving-10] [0m[INFO] [1782503519.799092581] [self_driving]: objects=1[0m
[self_driving-10] [0m[INFO] [1782503519.802397137] [self_driving]: [DET] crosswalk: cx=556, cy=200, box=array('i', [474, 196, 638, 205]), score=0.63[0m
[self_driving-10] [0m[INFO] [1782503519.835402618] [self_driving]: [1;33m200[0m[0m
[self_driving-10] [0m[INFO] [1782503519.838498322] [self_driving]: DEBUG_DRIVE lane_x=132.5, linear=0.15, linear_y=0.00, angular=0.10, stop=False, crosswalk_distance=200, start_slow_down=True[0m
[self_driving-10] [0m[INFO] [1782503519.884254081] [self_driving]: [1;33m200[0m[0m
[self_driving-10] [0m[INFO] [1782503519.886826415] [self_driving]: DEBUG_DRIVE lane_x=129.0, linear=0.15, linear_y=0.00, angular=0.10, stop=False, crosswalk_distance=200, start_slow_down=True[0m
[self_driving-10] [0m[INFO] [1782503519.935379044] [self_driving]: [1;33m200[0m[0m
[self_driving-10] [0m[INFO] [1782503519.938680100] [self_driving]: DEBUG_DRIVE lane_x=122.5, linear=0.15, linear_y=0.00, angular=0.10, stop=False, crosswalk_distance=200, start_slow_down=True[0m
[self_driving-10] [0m[INFO] [1782503520.004046304] [self_driving]: [1;33m200[0m[0m
[self_driving-10] [0m[INFO] [1782503520.005104804] [self_driving]: DEBUG_DRIVE lane_x=120.5, linear=0.15, linear_y=0.00, angular=0.10, stop=False, crosswalk_distance=200, start_slow_down=True[0m
[self_driving-10] [0m[INFO] [1782503520.066494415] [self_driving]: [1;33m200[0m[0m
[self_driving-10] [0m[INFO] [1782503520.068356433] [self_driving]: DEBUG_DRIVE lane_x=120.0, linear=0.15, linear_y=0.00, angular=0.10, stop=False, crosswalk_distance=200, start_slow_down=True[0m
[self_driving-10] [0m[INFO] [1782503520.148047174] [self_driving]: [1;33m200[0m[0m
[self_driving-10] [0m[INFO] [1782503520.149379378] [self_driving]: DEBUG_DRIVE lane_x=121.5, linear=0.15, linear_y=0.00, angular=0.10, stop=False, crosswalk_distance=200, start_slow_down=False[0m
[self_driving-10] [0m[INFO] [1782503520.210306452] [self_driving]: objects=1[0m
[self_driving-10] [0m[INFO] [1782503520.211657396] [self_driving]: [DET] crosswalk: cx=445, cy=202, box=array('i', [342, 197, 548, 208]), score=0.79[0m
[self_driving-10] [0m[INFO] [1782503520.215994007] [self_driving]: objects=1[0m
[self_driving-10] [0m[INFO] [1782503520.216318581] [self_driving]: [1;33m200[0m[0m
[self_driving-10] [0m[INFO] [1782503520.217475155] [self_driving]: [DET] go: cx=318, cy=136, box=array('i', [309, 126, 327, 146]), score=0.62[0m
[self_driving-10] [0m[INFO] [1782503520.221665637] [self_driving]: DEBUG_DRIVE lane_x=123.0, linear=0.15, linear_y=0.00, angular=0.10, stop=False, crosswalk_distance=0, start_slow_down=False[0m
[self_driving-10] [0m[INFO] [1782503520.296082674] [self_driving]: [1;33m0[0m[0m
[self_driving-10] [0m[INFO] [1782503520.297859377] [self_driving]: DEBUG_DRIVE lane_x=126.5, linear=0.30, linear_y=0.00, angular=-0.10, stop=False, crosswalk_distance=0, start_slow_down=False[0m
[self_driving-10] [0m[INFO] [1782503520.360675544] [self_driving]: [1;33m0[0m[0m
[self_driving-10] [0m[INFO] [1782503520.363096711] [self_driving]: DEBUG_DRIVE lane_x=131.5, linear=0.30, linear_y=0.00, angular=-0.10, stop=False, crosswalk_distance=0, start_slow_down=False[0m
[self_driving-10] [0m[INFO] [1782503520.411450007] [self_driving]: [1;33m0[0m[0m
[self_driving-10] [0m[INFO] [1782503520.413539600] [self_driving]: DEBUG_DRIVE lane_x=132.5, linear=0.30, linear_y=0.00, angular=-0.10, stop=False, crosswalk_distance=0, start_slow_down=False[0m
[self_driving-10] [0m[INFO] [1782503520.475842007] [self_driving]: [1;33m0[0m[0m
[self_driving-10] [0m[INFO] [1782503520.477006914] [self_driving]: DEBUG_DRIVE lane_x=135.5, linear=0.30, linear_y=0.00, angular=-0.10, stop=False, crosswalk_distance=0, start_slow_down=False[0m
[self_driving-10] [0m[INFO] [1782503520.549768081] [self_driving]: [1;33m0[0m[0m
[self_driving-10] [0m[INFO] [1782503520.551752155] [self_driving]: DEBUG_DRIVE lane_x=131.5, linear=0.30, linear_y=0.00, angular=0.10, stop=False, crosswalk_distance=0, start_slow_down=False[0m
[self_driving-10] [0m[INFO] [1782503520.592891174] [self_driving]: objects=1[0m
[self_driving-10] [0m[INFO] [1782503520.598527488] [self_driving]: [DET] crosswalk: cx=347, cy=180, box=array('i', [283, 177, 411, 183]), score=0.80[0m
[self_driving-10] [0m[INFO] [1782503520.639896155] [self_driving]: [1;33m180[0m[0m
[self_driving-10] [0m[INFO] [1782503520.641907007] [self_driving]: DEBUG_DRIVE lane_x=124.5, linear=0.15, linear_y=0.00, angular=0.10, stop=False, crosswalk_distance=180, start_slow_down=False[0m
[self_driving-10] [0m[INFO] [1782503520.692658081] [self_driving]: [1;33m180[0m[0m
[self_driving-10] [0m[INFO] [1782503520.695086025] [self_driving]: DEBUG_DRIVE lane_x=121.0, linear=0.15, linear_y=0.00, angular=0.10, stop=False, crosswalk_distance=180, start_slow_down=False[0m
[self_driving-10] [0m[INFO] [1782503520.742124896] [self_driving]: [1;33m180[0m[0m
[self_driving-10] [0m[INFO] [1782503520.745101562] [self_driving]: DEBUG_DRIVE lane_x=124.5, linear=0.15, linear_y=0.00, angular=-0.10, stop=False, crosswalk_distance=180, start_slow_down=True[0m
[self_driving-10] [0m[INFO] [1782503520.816027266] [self_driving]: [1;33m180[0m[0m
[self_driving-10] [0m[INFO] [1782503520.819982655] [self_driving]: DEBUG_DRIVE lane_x=124.5, linear=0.15, linear_y=0.00, angular=0.10, stop=False, crosswalk_distance=180, start_slow_down=True[0m
[self_driving-10] [0m[INFO] [1782503520.889930285] [self_driving]: [1;33m180[0m[0m
[self_driving-10] [0m[INFO] [1782503520.892153155] [self_driving]: DEBUG_DRIVE lane_x=125.0, linear=0.15, linear_y=0.00, angular=0.10, stop=False, crosswalk_distance=180, start_slow_down=True[0m
[self_driving-10] [0m[INFO] [1782503520.943448525] [self_driving]: [1;33m180[0m[0m
[self_driving-10] [0m[INFO] [1782503520.945006840] [self_driving]: DEBUG_DRIVE lane_x=124.5, linear=0.15, linear_y=0.00, angular=0.10, stop=False, crosswalk_distance=180, start_slow_down=True[0m
[self_driving-10] [0m[INFO] [1782503520.970677618] [self_driving]: objects=1[0m
[self_driving-10] [0m[INFO] [1782503520.971391118] [self_driving]: [DET] go: cx=219, cy=133, box=array('i', [211, 122, 227, 145]), score=0.87[0m
[self_driving-10] [0m[INFO] [1782503520.975093396] [self_driving]: objects=1[0m
[self_driving-10] [0m[INFO] [1782503520.976208007] [self_driving]: [DET] crosswalk: cx=323, cy=183, box=array('i', [256, 180, 391, 186]), score=0.68[0m
[self_driving-10] [0m[INFO] [1782503521.050148599] [self_driving]: [1;33m183[0m[0m
[self_driving-10] [0m[INFO] [1782503521.054789673] [self_driving]: DEBUG_DRIVE lane_x=125.0, linear=0.15, linear_y=0.00, angular=0.10, stop=False, crosswalk_distance=183, start_slow_down=True[0m
[self_driving-10] [0m[INFO] [1782503521.091372821] [self_driving]: [1;33m183[0m[0m
[self_driving-10] [0m[INFO] [1782503521.092962025] [self_driving]: DEBUG_DRIVE lane_x=127.0, linear=0.15, linear_y=0.00, angular=-0.10, stop=False, crosswalk_distance=183, start_slow_down=True[0m
[self_driving-10] [0m[INFO] [1782503521.141762266] [self_driving]: [1;33m183[0m[0m
[self_driving-10] [0m[INFO] [1782503521.143134803] [self_driving]: DEBUG_DRIVE lane_x=128.5, linear=0.15, linear_y=0.00, angular=-0.10, stop=False, crosswalk_distance=183, start_slow_down=True[0m
[self_driving-10] [0m[INFO] [1782503521.214468377] [self_driving]: [1;33m183[0m[0m
[self_driving-10] [0m[INFO] [1782503521.215764618] [self_driving]: DEBUG_DRIVE lane_x=133.0, linear=0.15, linear_y=0.00, angular=-0.10, stop=False, crosswalk_distance=183, start_slow_down=True[0m
[self_driving-10] [0m[INFO] [1782503521.275728969] [self_driving]: [1;33m183[0m[0m
[self_driving-10] [0m[INFO] [1782503521.278886525] [self_driving]: DEBUG_DRIVE lane_x=136.0, linear=0.15, linear_y=0.00, angular=-0.10, stop=False, crosswalk_distance=183, start_slow_down=True[0m
[self_driving-10] [0m[INFO] [1782503521.356979599] [self_driving]: [1;33m183[0m[0m
[self_driving-10] [0m[INFO] [1782503521.360323581] [self_driving]: objects=1[0m
[self_driving-10] [0m[INFO] [1782503521.361971266] [self_driving]: [DET] go: cx=230, cy=135, box=array('i', [222, 124, 238, 147]), score=0.87[0m
[self_driving-10] [0m[INFO] [1782503521.364298710] [self_driving]: DEBUG_DRIVE lane_x=132.0, linear=0.15, linear_y=0.00, angular=0.10, stop=False, crosswalk_distance=183, start_slow_down=True[0m
[self_driving-10] [0m[INFO] [1782503521.376308321] [self_driving]: objects=1[0m
[self_driving-10] [0m[INFO] [1782503521.379968062] [self_driving]: [DET] crosswalk: cx=338, cy=185, box=array('i', [268, 182, 408, 189]), score=0.70[0m
[self_driving-10] [0m[INFO] [1782503521.441987581] [self_driving]: [1;33m185[0m[0m
[self_driving-10] [0m[INFO] [1782503521.445607655] [self_driving]: DEBUG_DRIVE lane_x=130.5, linear=0.15, linear_y=0.00, angular=0.10, stop=False, crosswalk_distance=185, start_slow_down=True[0m
[self_driving-10] [0m[INFO] [1782503521.486933636] [self_driving]: [1;33m185[0m[0m
[self_driving-10] [0m[INFO] [1782503521.488052062] [self_driving]: DEBUG_DRIVE lane_x=127.0, linear=0.15, linear_y=0.00, angular=0.10, stop=False, crosswalk_distance=185, start_slow_down=True[0m
[self_driving-10] [0m[INFO] [1782503521.550751747] [self_driving]: [1;33m185[0m[0m
[self_driving-10] [0m[INFO] [1782503521.554351895] [self_driving]: DEBUG_DRIVE lane_x=126.5, linear=0.15, linear_y=0.00, angular=0.10, stop=False, crosswalk_distance=185, start_slow_down=True[0m
[self_driving-10] [0m[INFO] [1782503521.614765858] [self_driving]: [1;33m185[0m[0m
[self_driving-10] [0m[INFO] [1782503521.616164710] [self_driving]: DEBUG_DRIVE lane_x=127.5, linear=0.15, linear_y=0.00, angular=0.10, stop=False, crosswalk_distance=185, start_slow_down=True[0m
[self_driving-10] [0m[INFO] [1782503521.697396636] [self_driving]: [1;33m185[0m[0m
[self_driving-10] [0m[INFO] [1782503521.699753673] [self_driving]: DEBUG_DRIVE lane_x=129.5, linear=0.15, linear_y=0.00, angular=-0.10, stop=False, crosswalk_distance=185, start_slow_down=True[0m
[self_driving-10] [0m[INFO] [1782503521.765498636] [self_driving]: [1;33m185[0m[0m
[self_driving-10] [0m[INFO] [1782503521.768267858] [self_driving]: DEBUG_DRIVE lane_x=132.5, linear=0.15, linear_y=0.00, angular=-0.10, stop=False, crosswalk_distance=185, start_slow_down=True[0m
[self_driving-10] [0m[INFO] [1782503521.825065673] [self_driving]: [1;33m185[0m[0m
[self_driving-10] [0m[INFO] [1782503521.827262395] [self_driving]: DEBUG_DRIVE lane_x=135.5, linear=0.15, linear_y=0.00, angular=-0.10, stop=False, crosswalk_distance=185, start_slow_down=True[0m
[self_driving-10] [0m[INFO] [1782503521.834520043] [self_driving]: objects=1[0m
[self_driving-10] [0m[INFO] [1782503521.835107765] [self_driving]: [DET] go: cx=221, cy=133, box=array('i', [212, 121, 230, 146]), score=0.86[0m
[self_driving-10] [0m[INFO] [1782503521.846106247] [self_driving]: objects=1[0m
[self_driving-10] [0m[INFO] [1782503521.851057099] [self_driving]: [DET] crosswalk: cx=337, cy=189, box=array('i', [259, 185, 415, 193]), score=0.79[0m
[self_driving-10] [0m[INFO] [1782503521.941333599] [self_driving]: [1;33m189[0m[0m
[self_driving-10] [0m[INFO] [1782503521.946908765] [self_driving]: DEBUG_DRIVE lane_x=135.5, linear=0.15, linear_y=0.00, angular=-0.10, stop=False, crosswalk_distance=189, start_slow_down=True[0m
[self_driving-10] [0m[INFO] [1782503521.976421710] [self_driving]: [1;33m189[0m[0m
[self_driving-10] [0m[INFO] [1782503521.978102025] [self_driving]: DEBUG_DRIVE lane_x=135.5, linear=0.15, linear_y=0.00, angular=-0.10, stop=False, crosswalk_distance=189, start_slow_down=True[0m
[self_driving-10] [0m[INFO] [1782503522.037689895] [self_driving]: [1;33m189[0m[0m
[self_driving-10] [0m[INFO] [1782503522.041750617] [self_driving]: DEBUG_DRIVE lane_x=135.5, linear=0.15, linear_y=0.00, angular=-0.10, stop=False, crosswalk_distance=189, start_slow_down=True[0m
[self_driving-10] [0m[INFO] [1782503522.100505006] [self_driving]: [1;33m189[0m[0m
[self_driving-10] [0m[INFO] [1782503522.101864173] [self_driving]: DEBUG_DRIVE lane_x=135.0, linear=0.15, linear_y=0.00, angular=-0.10, stop=False, crosswalk_distance=189, start_slow_down=True[0m
[self_driving-10] [0m[INFO] [1782503522.163218932] [self_driving]: [1;33m189[0m[0m
[self_driving-10] [0m[INFO] [1782503522.164324395] [self_driving]: DEBUG_DRIVE lane_x=126.5, linear=0.15, linear_y=0.00, angular=0.10, stop=False, crosswalk_distance=189, start_slow_down=True[0m
[self_driving-10] [0m[INFO] [1782503522.239609284] [self_driving]: [1;33m189[0m[0m
[self_driving-10] [0m[INFO] [1782503522.240757950] [self_driving]: DEBUG_DRIVE lane_x=120.5, linear=0.15, linear_y=0.00, angular=0.10, stop=False, crosswalk_distance=189, start_slow_down=True[0m
[self_driving-10] [0m[INFO] [1782503522.283704469] [self_driving]: objects=1[0m
[self_driving-10] [0m[INFO] [1782503522.284803561] [self_driving]: [1;33m189[0m[0m
[self_driving-10] [0m[INFO] [1782503522.285488654] [self_driving]: [DET] crosswalk: cx=402, cy=230, box=array('i', [245, 219, 559, 241]), score=0.88[0m
[self_driving-10] [0m[INFO] [1782503522.290435654] [self_driving]: objects=1[0m
[self_driving-10] [0m[INFO] [1782503522.291565154] [self_driving]: [DET] crosswalk: cx=354, cy=191, box=array('i', [271, 187, 437, 195]), score=0.65[0m
[self_driving-10] [0m[INFO] [1782503522.292989673] [self_driving]: DEBUG_DRIVE lane_x=118.0, linear=0.15, linear_y=0.00, angular=0.10, stop=False, crosswalk_distance=230, start_slow_down=True[0m
[self_driving-10] [0m[INFO] [1782503522.374121154] [self_driving]: [1;33m191[0m[0m
[self_driving-10] [0m[INFO] [1782503522.375307228] [self_driving]: DEBUG_DRIVE lane_x=119.5, linear=0.15, linear_y=0.00, angular=0.10, stop=False, crosswalk_distance=191, start_slow_down=True[0m
[self_driving-10] [0m[INFO] [1782503522.435909265] [self_driving]: [1;33m191[0m[0m
[self_driving-10] [0m[INFO] [1782503522.438248895] [self_driving]: DEBUG_DRIVE lane_x=118.5, linear=0.15, linear_y=0.00, angular=0.10, stop=False, crosswalk_distance=191, start_slow_down=True[0m
[self_driving-10] [0m[INFO] [1782503522.499088284] [self_driving]: [1;33m191[0m[0m
[self_driving-10] [0m[INFO] [1782503522.500535080] [self_driving]: DEBUG_DRIVE lane_x=123.0, linear=0.15, linear_y=0.00, angular=0.10, stop=False, crosswalk_distance=191, start_slow_down=True[0m
[self_driving-10] [0m[INFO] [1782503522.565587728] [self_driving]: [1;33m191[0m[0m
[self_driving-10] [0m[INFO] [1782503522.566998191] [self_driving]: DEBUG_DRIVE lane_x=122.0, linear=0.15, linear_y=0.00, angular=0.10, stop=False, crosswalk_distance=191, start_slow_down=True[0m
[self_driving-10] [0m[INFO] [1782503522.636453506] [self_driving]: [1;33m191[0m[0m
[self_driving-10] [0m[INFO] [1782503522.640420950] [self_driving]: DEBUG_DRIVE lane_x=126.5, linear=0.15, linear_y=0.00, angular=-0.10, stop=False, crosswalk_distance=191, start_slow_down=True[0m
[self_driving-10] [0m[INFO] [1782503522.684970598] [self_driving]: objects=1[0m
[self_driving-10] [0m[INFO] [1782503522.685576376] [self_driving]: [DET] crosswalk: cx=349, cy=195, box=array('i', [263, 191, 435, 199]), score=0.79[0m
[self_driving-10] [0m[INFO] [1782503522.718738672] [self_driving]: [1;33m195[0m[0m
[self_driving-10] [0m[INFO] [1782503522.721704858] [self_driving]: DEBUG_DRIVE lane_x=130.5, linear=0.15, linear_y=0.00, angular=-0.10, stop=False, crosswalk_distance=195, start_slow_down=True[0m
[self_driving-10] [0m[INFO] [1782503522.794682135] [self_driving]: [1;33m195[0m[0m
[self_driving-10] [0m[INFO] [1782503522.795944598] [self_driving]: DEBUG_DRIVE lane_x=134.0, linear=0.15, linear_y=0.00, angular=-0.10, stop=False, crosswalk_distance=195, start_slow_down=True[0m
[self_driving-10] [0m[INFO] [1782503522.831129246] [self_driving]: [1;33m195[0m[0m
[self_driving-10] [0m[INFO] [1782503522.834163432] [self_driving]: DEBUG_DRIVE lane_x=134.5, linear=0.15, linear_y=0.00, angular=-0.10, stop=False, crosswalk_distance=195, start_slow_down=True[0m
[self_driving-10] [0m[INFO] [1782503522.897491043] [self_driving]: [1;33m195[0m[0m
[self_driving-10] [0m[INFO] [1782503522.900591413] [self_driving]: DEBUG_DRIVE lane_x=132.0, linear=0.15, linear_y=0.00, angular=0.10, stop=False, crosswalk_distance=195, start_slow_down=True[0m
[self_driving-10] [0m[INFO] [1782503522.971174635] [self_driving]: [1;33m195[0m[0m
[self_driving-10] [0m[INFO] [1782503522.973458394] [self_driving]: DEBUG_DRIVE lane_x=130.5, linear=0.15, linear_y=0.00, angular=0.10, stop=False, crosswalk_distance=195, start_slow_down=True[0m
[self_driving-10] [0m[INFO] [1782503523.040106024] [self_driving]: [1;33m195[0m[0m
[self_driving-10] [0m[INFO] [1782503523.042268894] [self_driving]: DEBUG_DRIVE lane_x=126.5, linear=0.15, linear_y=0.00, angular=0.10, stop=False, crosswalk_distance=195, start_slow_down=True[0m
[self_driving-10] [0m[INFO] [1782503523.093588487] [self_driving]: [1;33m195[0m[0m
[self_driving-10] [0m[INFO] [1782503523.096825376] [self_driving]: DEBUG_DRIVE lane_x=127.5, linear=0.15, linear_y=0.00, angular=0.10, stop=False, crosswalk_distance=195, start_slow_down=True[0m
[self_driving-10] [0m[INFO] [1782503523.110501598] [self_driving]: objects=1[0m
[self_driving-10] [0m[INFO] [1782503523.111040191] [self_driving]: [DET] crosswalk: cx=424, cy=251, box=array('i', [227, 237, 622, 265]), score=0.88[0m
[self_driving-10] [0m[INFO] [1782503523.114262802] [self_driving]: objects=1[0m
[self_driving-10] [0m[INFO] [1782503523.115059431] [self_driving]: [DET] go: cx=225, cy=131, box=array('i', [215, 117, 235, 146]), score=0.87[0m
[self_driving-10] [0m[INFO] [1782503523.117042894] [self_driving]: objects=1[0m
[self_driving-10] [0m[INFO] [1782503523.117816283] [self_driving]: [DET] crosswalk: cx=355, cy=196, box=array('i', [267, 193, 444, 200]), score=0.80[0m
[self_driving-10] [0m[INFO] [1782503523.188702542] [self_driving]: [1;33m196[0m[0m
[self_driving-10] [0m[INFO] [1782503523.189955561] [self_driving]: DEBUG_DRIVE lane_x=130.0, linear=0.15, linear_y=0.00, angular=-0.10, stop=False, crosswalk_distance=196, start_slow_down=True[0m
[self_driving-10] [0m[INFO] [1782503523.233181876] [self_driving]: [1;33m196[0m[0m
[self_driving-10] [0m[INFO] [1782503523.235516654] [self_driving]: DEBUG_DRIVE lane_x=130.0, linear=0.15, linear_y=0.00, angular=0.00, stop=False, crosswalk_distance=196, start_slow_down=True[0m
[self_driving-10] [0m[INFO] [1782503523.290321709] [self_driving]: [1;33m196[0m[0m
[self_driving-10] [0m[INFO] [1782503523.292252061] [self_driving]: DEBUG_DRIVE lane_x=133.5, linear=0.15, linear_y=0.00, angular=-0.10, stop=False, crosswalk_distance=196, start_slow_down=True[0m
[self_driving-10] [0m[INFO] [1782503523.373894190] [self_driving]: [1;33m196[0m[0m
[self_driving-10] [0m[INFO] [1782503523.375474153] [self_driving]: DEBUG_DRIVE lane_x=139.0, linear=0.15, linear_y=0.00, angular=-0.10, stop=False, crosswalk_distance=196, start_slow_down=True[0m
[self_driving-10] [0m[INFO] [1782503523.440314746] [self_driving]: [1;33m196[0m[0m
[self_driving-10] [0m[INFO] [1782503523.442212635] [self_driving]: DEBUG_DRIVE lane_x=139.5, linear=0.15, linear_y=0.00, angular=-0.10, stop=False, crosswalk_distance=196, start_slow_down=False[0m
[self_driving-10] [0m[INFO] [1782503523.494495839] [self_driving]: objects=1[0m
[self_driving-10] [0m[INFO] [1782503523.494654598] [self_driving]: [1;33m196[0m[0m
[self_driving-10] [0m[INFO] [1782503523.496103616] [self_driving]: [DET] crosswalk: cx=422, cy=264, box=array('i', [212, 250, 632, 279]), score=0.89[0m
[self_driving-10] [0m[INFO] [1782503523.501819153] [self_driving]: DEBUG_DRIVE lane_x=139.0, linear=0.15, linear_y=0.00, angular=-0.10, stop=False, crosswalk_distance=264, start_slow_down=False[0m
[self_driving-10] [0m[INFO] [1782503523.502820394] [self_driving]: objects=1[0m
[self_driving-10] [0m[INFO] [1782503523.505775950] [self_driving]: [DET] crosswalk: cx=353, cy=199, box=array('i', [259, 195, 447, 204]), score=0.80[0m
[self_driving-10] [0m[INFO] [1782503523.584017653] [self_driving]: [1;33m199[0m[0m
[self_driving-10] [0m[INFO] [1782503523.587101320] [self_driving]: DEBUG_DRIVE lane_x=134.0, linear=0.15, linear_y=0.00, angular=0.10, stop=False, crosswalk_distance=199, start_slow_down=False[0m
[self_driving-10] [0m[INFO] [1782503523.647184653] [self_driving]: [1;33m199[0m[0m
[self_driving-10] [0m[INFO] [1782503523.648606098] [self_driving]: DEBUG_DRIVE lane_x=130.5, linear=0.15, linear_y=0.00, angular=0.10, stop=False, crosswalk_distance=199, start_slow_down=True[0m
[self_driving-10] [0m[INFO] [1782503523.711371135] [self_driving]: [1;33m199[0m[0m
[self_driving-10] [0m[INFO] [1782503523.713359098] [self_driving]: DEBUG_DRIVE lane_x=128.5, linear=0.15, linear_y=0.00, angular=0.10, stop=False, crosswalk_distance=199, start_slow_down=True[0m
[self_driving-10] [0m[INFO] [1782503523.767009764] [self_driving]: [1;33m199[0m[0m
[self_driving-10] [0m[INFO] [1782503523.768300931] [self_driving]: DEBUG_DRIVE lane_x=131.0, linear=0.15, linear_y=0.00, angular=-0.10, stop=False, crosswalk_distance=199, start_slow_down=True[0m
[self_driving-10] [0m[INFO] [1782503523.835516857] [self_driving]: [1;33m199[0m[0m
[self_driving-10] [0m[INFO] [1782503523.839421764] [self_driving]: DEBUG_DRIVE lane_x=129.5, linear=0.15, linear_y=0.00, angular=0.10, stop=False, crosswalk_distance=199, start_slow_down=True[0m
[self_driving-10] [0m[INFO] [1782503523.910051598] [self_driving]: [1;33m199[0m[0m
[self_driving-10] [0m[INFO] [1782503523.912463579] [self_driving]: DEBUG_DRIVE lane_x=110.0, linear=0.15, linear_y=0.00, angular=0.10, stop=False, crosswalk_distance=199, start_slow_down=True[0m
[self_driving-10] [0m[INFO] [1782503523.913909246] [self_driving]: objects=1[0m
[self_driving-10] [0m[INFO] [1782503523.918122412] [self_driving]: [DET] crosswalk: cx=422, cy=281, box=array('i', [205, 263, 640, 300]), score=0.88[0m
[self_driving-10] [0m[INFO] [1782503523.921897153] [self_driving]: objects=1[0m
[self_driving-10] [0m[INFO] [1782503523.922724986] [self_driving]: [DET] crosswalk: cx=366, cy=203, box=array('i', [266, 198, 467, 208]), score=0.82[0m
[self_driving-10] [0m[INFO] [1782503523.984955468] [self_driving]: [1;33m203[0m[0m
[self_driving-10] [0m[INFO] [1782503523.991855283] [self_driving]: DEBUG_DRIVE lane_x=45.5, linear=0.15, linear_y=0.00, angular=0.10, stop=False, crosswalk_distance=203, start_slow_down=True[0m
[self_driving-10] [0m[INFO] [1782503524.049890931] [self_driving]: [1;33m203[0m[0m
[self_driving-10] [0m[INFO] [1782503524.053221801] [self_driving]: DEBUG_DRIVE lane_x=81.5, linear=0.15, linear_y=0.00, angular=-0.10, stop=False, crosswalk_distance=203, start_slow_down=True[0m
[self_driving-10] [0m[INFO] [1782503524.108016690] [self_driving]: [1;33m203[0m[0m
[self_driving-10] [0m[INFO] [1782503524.109381449] [self_driving]: DEBUG_DRIVE lane_x=223.5, linear=0.15, linear_y=0.00, angular=-0.45, stop=False, crosswalk_distance=203, start_slow_down=True[0m
[self_driving-10] [0m[INFO] [1782503524.179638486] [self_driving]: [1;33m203[0m[0m
[self_driving-10] [0m[INFO] [1782503524.180784671] [self_driving]: DEBUG_DRIVE lane_x=315.0, linear=0.15, linear_y=0.00, angular=-0.45, stop=False, crosswalk_distance=203, start_slow_down=True[0m
[self_driving-10] [0m[INFO] [1782503524.250152375] [self_driving]: [1;33m203[0m[0m
[self_driving-10] [0m[INFO] [1782503524.287812820] [self_driving]: objects=1[0m
[self_driving-10] [0m[INFO] [1782503524.288749449] [self_driving]: [DET] crosswalk: cx=412, cy=301, box=array('i', [187, 279, 638, 324]), score=0.86[0m
[self_driving-10] [0m[INFO] [1782503524.292306486] [self_driving]: objects=1[0m
[self_driving-10] [0m[INFO] [1782503524.295246431] [self_driving]: [DET] go: cx=215, cy=129, box=array('i', [204, 113, 226, 146]), score=0.86[0m
[self_driving-10] [0m[INFO] [1782503524.322190116] [self_driving]: objects=1[0m
[self_driving-10] [0m[INFO] [1782503524.322861690] [self_driving]: [DET] crosswalk: cx=371, cy=205, box=array('i', [263, 200, 480, 210]), score=0.84[0m
[self_driving-10] [0m[INFO] [1782503524.332210912] [self_driving]: [1;33m205[0m[0m
[self_driving-10] [0m[INFO] [1782503524.384674023] [self_driving]: [1;33m205[0m[0m
[self_driving-10] [0m[INFO] [1782503524.459545208] [self_driving]: [1;33m205[0m[0m
[self_driving-10] [0m[INFO] [1782503524.514799838] [self_driving]: [1;33m205[0m[0m
[self_driving-10] [0m[INFO] [1782503524.580317282] [self_driving]: [1;33m205[0m[0m
[self_driving-10] [0m[INFO] [1782503524.659385486] [self_driving]: [1;33m205[0m[0m
[self_driving-10] [0m[INFO] [1782503524.694313912] [self_driving]: objects=1[0m
[self_driving-10] [0m[INFO] [1782503524.694807375] [self_driving]: [DET] go: cx=201, cy=130, box=array('i', [191, 114, 212, 147]), score=0.86[0m
[self_driving-10] [0m[INFO] [1782503524.697253690] [self_driving]: objects=1[0m
[self_driving-10] [0m[INFO] [1782503524.699111153] [self_driving]: [DET] crosswalk: cx=393, cy=336, box=array('i', [149, 302, 638, 370]), score=0.86[0m
[self_driving-10] [0m[INFO] [1782503524.702489486] [self_driving]: objects=1[0m
[self_driving-10] [0m[INFO] [1782503524.704630208] [self_driving]: [DET] crosswalk: cx=368, cy=211, box=array('i', [249, 205, 488, 217]), score=0.83[0m
[self_driving-10] [0m[INFO] [1782503524.749851301] [self_driving]: [1;33m211[0m[0m
[self_driving-10] [0m[INFO] [1782503524.828594430] [self_driving]: [1;33m211[0m[0m
[self_driving-10] [0m[INFO] [1782503524.889864912] [self_driving]: [1;33m211[0m[0m
[self_driving-10] [0m[INFO] [1782503524.968099301] [self_driving]: [1;33m211[0m[0m
[self_driving-10] [0m[INFO] [1782503525.045264282] [self_driving]: objects=1[0m
[self_driving-10] [0m[INFO] [1782503525.046359060] [self_driving]: [DET] crosswalk: cx=421, cy=109, box=array('i', [294, 101, 549, 118]), score=0.87[0m
[self_driving-10] [0m[INFO] [1782503525.050049893] [self_driving]: objects=1[0m
[self_driving-10] [0m[INFO] [1782503525.051121819] [self_driving]: [DET] crosswalk: cx=410, cy=289, box=array('i', [183, 234, 637, 345]), score=0.86[0m
[self_driving-10] [0m[INFO] [1782503525.082010152] [self_driving]: [1;33m289[0m[0m
[self_driving-10] [0m[INFO] [1782503525.151556819] [self_driving]: [1;33m289[0m[0m
[self_driving-10] [0m[INFO] [1782503525.214904523] [self_driving]: [1;33m289[0m[0m
[self_driving-10] [0m[INFO] [1782503525.217295263] [self_driving]: DEBUG_DRIVE lane_x=289.0, linear=0.15, linear_y=0.00, angular=-0.45, stop=False, crosswalk_distance=289, start_slow_down=True[0m
[self_driving-10] [0m[INFO] [1782503525.288172837] [self_driving]: [1;33m289[0m[0m
[self_driving-10] [0m[INFO] [1782503525.289690356] [self_driving]: DEBUG_DRIVE lane_x=175.5, linear=0.15, linear_y=0.00, angular=-0.10, stop=False, crosswalk_distance=289, start_slow_down=True[0m
[self_driving-10] [0m[INFO] [1782503525.384799949] [self_driving]: [1;33m289[0m[0m
[self_driving-10] [0m[INFO] [1782503525.386763300] [self_driving]: DEBUG_DRIVE lane_x=296.0, linear=0.15, linear_y=0.00, angular=-0.45, stop=False, crosswalk_distance=289, start_slow_down=True[0m
[self_driving-10] [0m[INFO] [1782503525.416841263] [self_driving]: objects=1[0m
[self_driving-10] [0m[INFO] [1782503525.417701523] [self_driving]: [DET] crosswalk: cx=572, cy=349, box=array('i', [505, 324, 639, 374]), score=0.85[0m
[self_driving-10] [0m[INFO] [1782503525.423400911] [self_driving]: objects=1[0m
[self_driving-10] [0m[INFO] [1782503525.424105300] [self_driving]: [DET] crosswalk: cx=123, cy=16, box=array('i', [1, 0, 246, 32]), score=0.27[0m
[self_driving-10] [0m[INFO] [1782503525.481064560] [self_driving]: [1;33m16[0m[0m
[self_driving-10] [0m[INFO] [1782503525.489795097] [self_driving]: DEBUG_DRIVE lane_x=273.0, linear=0.15, linear_y=0.00, angular=-0.45, stop=False, crosswalk_distance=16, start_slow_down=True[0m
[self_driving-10] [0m[INFO] [1782503525.542525060] [self_driving]: [1;33m16[0m[0m
[self_driving-10] [0m[INFO] [1782503525.544689300] [self_driving]: DEBUG_DRIVE lane_x=169.0, linear=0.15, linear_y=0.00, angular=-0.10, stop=False, crosswalk_distance=16, start_slow_down=True[0m
[self_driving-10] [0m[INFO] [1782503525.628261134] [self_driving]: [1;33m16[0m[0m
[self_driving-10] [0m[INFO] [1782503525.629718208] [self_driving]: DEBUG_DRIVE lane_x=211.5, linear=0.15, linear_y=0.00, angular=-0.45, stop=False, crosswalk_distance=16, start_slow_down=True[0m
[self_driving-10] [0m[INFO] [1782503525.698034059] [self_driving]: [1;33m16[0m[0m
[self_driving-10] [0m[INFO] [1782503525.700913004] [self_driving]: DEBUG_DRIVE lane_x=232.0, linear=0.15, linear_y=0.00, angular=-0.45, stop=False, crosswalk_distance=16, start_slow_down=True[0m
[self_driving-10] [0m[INFO] [1782503525.772655911] [self_driving]: objects=1[0m
[self_driving-10] [0m[INFO] [1782503525.774947059] [self_driving]: [DET] go: cx=562, cy=307, box=array('i', [555, 296, 570, 318]), score=0.75[0m
[self_driving-10] [0m[INFO] [1782503525.782691059] [self_driving]: objects=1[0m
[self_driving-10] [0m[INFO] [1782503525.783126171] [self_driving]: [1;33m0[0m[0m
[self_driving-10] [0m[INFO] [1782503525.783896874] [self_driving]: [DET] crosswalk: cx=612, cy=406, box=array('i', [584, 378, 640, 435]), score=0.71[0m
[self_driving-10] [0m[INFO] [1782503525.785303041] [self_driving]: DEBUG_DRIVE lane_x=260.5, linear=0.15, linear_y=0.00, angular=-0.45, stop=False, crosswalk_distance=406, start_slow_down=True[0m
[self_driving-10] [0m[INFO] [1782503525.867064856] [self_driving]: [1;33m406[0m[0m
[self_driving-10] [0m[INFO] [1782503525.869676707] [self_driving]: DEBUG_DRIVE lane_x=189.5, linear=0.15, linear_y=0.00, angular=-0.10, stop=False, crosswalk_distance=406, start_slow_down=True[0m
[self_driving-10] [0m[INFO] [1782503525.959858541] [self_driving]: [1;33m406[0m[0m
[self_driving-10] [0m[INFO] [1782503525.961220337] [self_driving]: DEBUG_DRIVE lane_x=218.0, linear=0.15, linear_y=0.00, angular=-0.45, stop=False, crosswalk_distance=406, start_slow_down=True[0m
[self_driving-10] [0m[INFO] [1782503526.020189504] [self_driving]: [1;33m406[0m[0m
[self_driving-10] [0m[INFO] [1782503526.024438115] [self_driving]: DEBUG_DRIVE lane_x=278.0, linear=0.15, linear_y=0.00, angular=-0.45, stop=False, crosswalk_distance=406, start_slow_down=True[0m
[self_driving-10] [0m[INFO] [1782503526.121150615] [self_driving]: [1;33m406[0m[0m
[self_driving-10] [0m[INFO] [1782503526.122702948] [self_driving]: DEBUG_DRIVE lane_x=271.0, linear=0.15, linear_y=0.00, angular=-0.45, stop=False, crosswalk_distance=406, start_slow_down=True[0m
[self_driving-10] [0m[INFO] [1782503526.160211652] [self_driving]: objects=1[0m
[self_driving-10] [0m[INFO] [1782503526.161215781] [self_driving]: [DET] crosswalk: cx=618, cy=362, box=array('i', [597, 330, 639, 394]), score=0.32[0m
[self_driving-10] [0m[INFO] [1782503526.257453059] [self_driving]: [1;33m362[0m[0m
[self_driving-10] [0m[INFO] [1782503526.260322392] [self_driving]: DEBUG_DRIVE lane_x=230.0, linear=0.15, linear_y=0.00, angular=-0.45, stop=False, crosswalk_distance=362, start_slow_down=True[0m
[self_driving-10] [0m[INFO] [1782503526.292054633] [self_driving]: [1;33m362[0m[0m
[self_driving-10] [0m[INFO] [1782503526.294468633] [self_driving]: DEBUG_DRIVE lane_x=300.5, linear=0.15, linear_y=0.00, angular=-0.45, stop=False, crosswalk_distance=362, start_slow_down=True[0m
[self_driving-10] [0m[INFO] [1782503526.345383133] [self_driving]: [1;33m362[0m[0m
[self_driving-10] [0m[INFO] [1782503526.346471300] [self_driving]: DEBUG_DRIVE lane_x=308.0, linear=0.15, linear_y=0.00, angular=-0.45, stop=False, crosswalk_distance=362, start_slow_down=False[0m
[self_driving-10] [0m[INFO] [1782503526.422231652] [self_driving]: [1;33m362[0m[0m
[self_driving-10] [0m[INFO] [1782503526.423592281] [self_driving]: DEBUG_DRIVE lane_x=311.5, linear=0.15, linear_y=0.00, angular=-0.45, stop=False, crosswalk_distance=362, start_slow_down=False[0m
[self_driving-10] [0m[INFO] [1782503526.514389429] [self_driving]: [1;33m362[0m[0m
[self_driving-10] [0m[INFO] [1782503526.516079263] [self_driving]: DEBUG_DRIVE lane_x=276.5, linear=0.15, linear_y=0.00, angular=-0.45, stop=False, crosswalk_distance=362, start_slow_down=False[0m
[self_driving-10] [0m[INFO] [1782503526.557205892] [self_driving]: objects=1[0m
[self_driving-10] [0m[INFO] [1782503526.558382855] [self_driving]: [DET] crosswalk: cx=521, cy=304, box=array('i', [449, 265, 594, 343]), score=0.56[0m
[self_driving-10] [0m[INFO] [1782503526.613082003] [self_driving]: [1;33m304[0m[0m
[self_driving-10] [0m[INFO] [1782503526.614352040] [self_driving]: DEBUG_DRIVE lane_x=306.0, linear=0.15, linear_y=0.00, angular=-0.45, stop=False, crosswalk_distance=304, start_slow_down=True[0m
[self_driving-10] [0m[INFO] [1782503526.680824355] [self_driving]: [1;33m304[0m[0m
[self_driving-10] [0m[INFO] [1782503526.682199818] [self_driving]: DEBUG_DRIVE lane_x=316.5, linear=0.15, linear_y=0.00, angular=-0.45, stop=False, crosswalk_distance=304, start_slow_down=True[0m
[self_driving-10] [0m[INFO] [1782503526.758478818] [self_driving]: [1;33m304[0m[0m
[self_driving-10] [0m[INFO] [1782503526.826929022] [self_driving]: [1;33m304[0m[0m
[self_driving-10] [0m[INFO] [1782503526.904970485] [self_driving]: [1;33m304[0m[0m
[self_driving-10] [0m[INFO] [1782503526.906096799] [self_driving]: DEBUG_DRIVE lane_x=142.0, linear=0.15, linear_y=0.00, angular=0.00, stop=False, crosswalk_distance=304, start_slow_down=True[0m
[self_driving-10] [0m[INFO] [1782503527.006476596] [self_driving]: [1;33m304[0m[0m
[self_driving-10] [0m[INFO] [1782503527.008140003] [self_driving]: DEBUG_DRIVE lane_x=231.0, linear=0.15, linear_y=0.00, angular=-0.45, stop=False, crosswalk_distance=304, start_slow_down=True[0m
[self_driving-10] [0m[INFO] [1782503527.071421244] [self_driving]: [1;33m304[0m[0m
[self_driving-10] [0m[INFO] [1782503527.075472540] [self_driving]: DEBUG_DRIVE lane_x=287.5, linear=0.15, linear_y=0.00, angular=-0.45, stop=False, crosswalk_distance=304, start_slow_down=True[0m
[self_driving-10] [0m[INFO] [1782503527.148329670] [self_driving]: [1;33m304[0m[0m
[self_driving-10] [0m[INFO] [1782503527.149294596] [self_driving]: DEBUG_DRIVE lane_x=168.5, linear=0.15, linear_y=0.00, angular=0.00, stop=False, crosswalk_distance=304, start_slow_down=True[0m
[self_driving-10] [0m[INFO] [1782503527.240263688] [self_driving]: [1;33m304[0m[0m
[self_driving-10] [0m[INFO] [1782503527.242303484] [self_driving]: DEBUG_DRIVE lane_x=238.0, linear=0.15, linear_y=0.00, angular=-0.45, stop=False, crosswalk_distance=304, start_slow_down=True[0m
[self_driving-10] [0m[INFO] [1782503527.267546929] [self_driving]: objects=1[0m
[self_driving-10] [0m[INFO] [1782503527.269818355] [self_driving]: [DET] crosswalk: cx=47, cy=344, box=array('i', [1, 290, 93, 399]), score=0.60[0m
[self_driving-10] [0m[INFO] [1782503527.344774021] [self_driving]: [1;33m344[0m[0m
[self_driving-10] [0m[INFO] [1782503527.351248855] [self_driving]: DEBUG_DRIVE lane_x=28.5, linear=0.15, linear_y=0.00, angular=0.00, stop=False, crosswalk_distance=344, start_slow_down=True[0m
[self_driving-10] [0m[INFO] [1782503527.401672688] [self_driving]: [1;33m344[0m[0m
[self_driving-10] [0m[INFO] [1782503527.470714725] [self_driving]: [1;33m344[0m[0m
[self_driving-10] [0m[INFO] [1782503527.542936892] [self_driving]: [1;33m344[0m[0m
[self_driving-10] [0m[INFO] [1782503527.597140725] [self_driving]: [1;33m344[0m[0m
[self_driving-10] [0m[INFO] [1782503527.710348966] [self_driving]: [1;33m344[0m[0m
[self_driving-10] [0m[INFO] [1782503527.753054558] [self_driving]: [1;33m344[0m[0m
[self_driving-10] [0m[INFO] [1782503527.815202021] [self_driving]: [1;33m344[0m[0m
[self_driving-10] [0m[INFO] [1782503527.877288873] [self_driving]: [1;33m344[0m[0m
[self_driving-10] [0m[INFO] [1782503527.948812521] [self_driving]: [1;33m344[0m[0m
[self_driving-10] [0m[INFO] [1782503528.013527280] [self_driving]: [1;33m344[0m[0m
[self_driving-10] [0m[INFO] [1782503528.088752521] [self_driving]: [1;33m344[0m[0m
[self_driving-10] [0m[INFO] [1782503528.169715780] [self_driving]: [1;33m344[0m[0m
[self_driving-10] [0m[INFO] [1782503528.197990095] [self_driving]: [1;33m344[0m[0m
[self_driving-10] [0m[INFO] [1782503528.272311484] [self_driving]: [1;33m344[0m[0m
[self_driving-10] [0m[INFO] [1782503528.332587076] [self_driving]: [1;33m344[0m[0m
[self_driving-10] [0m[INFO] [1782503528.404544447] [self_driving]: [1;33m344[0m[0m
[self_driving-10] [0m[INFO] [1782503528.472643873] [self_driving]: [1;33m344[0m[0m
[self_driving-10] [0m[INFO] [1782503528.565977261] [self_driving]: [1;33m344[0m[0m
[self_driving-10] [0m[INFO] [1782503528.604392687] [self_driving]: [1;33m344[0m[0m
[self_driving-10] [0m[INFO] [1782503528.672386798] [self_driving]: [1;33m344[0m[0m
[self_driving-10] [0m[INFO] [1782503528.742170539] [self_driving]: [1;33m344[0m[0m
[self_driving-10] [0m[INFO] [1782503528.818821409] [self_driving]: [1;33m344[0m[0m
[self_driving-10] [0m[INFO] [1782503528.888547076] [self_driving]: [1;33m344[0m[0m
[self_driving-10] [0m[INFO] [1782503528.990803946] [self_driving]: [1;33m344[0m[0m
[self_driving-10] [0m[INFO] [1782503529.011703854] [self_driving]: [1;33m344[0m[0m
[self_driving-10] [0m[INFO] [1782503529.081440928] [self_driving]: [1;33m344[0m[0m
[self_driving-10] [0m[INFO] [1782503529.082980057] [self_driving]: DEBUG_DRIVE lane_x=66.5, linear=0.15, linear_y=0.00, angular=0.10, stop=False, crosswalk_distance=344, start_slow_down=True[0m
[self_driving-10] [0m[INFO] [1782503529.141485631] [self_driving]: [1;33m344[0m[0m
[self_driving-10] [0m[INFO] [1782503529.209286483] [self_driving]: [1;33m344[0m[0m
[self_driving-10] [0m[INFO] [1782503529.287921298] [self_driving]: [1;33m344[0m[0m
[self_driving-10] [0m[INFO] [1782503529.394340835] [self_driving]: [1;33m344[0m[0m
[self_driving-10] [0m[INFO] [1782503529.424978409] [self_driving]: [1;33m344[0m[0m
[self_driving-10] [0m[INFO] [1782503529.484853835] [self_driving]: [1;33m344[0m[0m
[self_driving-10] [0m[INFO] [1782503529.559999076] [self_driving]: [1;33m344[0m[0m
[self_driving-10] [0m[INFO] [1782503529.620796131] [self_driving]: [1;33m344[0m[0m
[self_driving-10] [0m[INFO] [1782503529.686271502] [self_driving]: [1;33m344[0m[0m
[self_driving-10] [0m[INFO] [1782503529.687545464] [self_driving]: DEBUG_DRIVE lane_x=7.5, linear=0.15, linear_y=0.00, angular=0.10, stop=False, crosswalk_distance=344, start_slow_down=True[0m
[self_driving-10] [0m[INFO] [1782503529.765301076] [self_driving]: [1;33m344[0m[0m
[self_driving-10] [0m[INFO] [1782503529.827006464] [self_driving]: [1;33m344[0m[0m
[self_driving-10] [0m[INFO] [1782503529.828680279] [self_driving]: DEBUG_DRIVE lane_x=313.5, linear=0.15, linear_y=0.00, angular=-0.45, stop=False, crosswalk_distance=344, start_slow_down=True[0m
[self_driving-10] [0m[INFO] [1782503529.885932390] [self_driving]: [1;33m344[0m[0m
[self_driving-10] [0m[INFO] [1782503529.946651668] [self_driving]: [1;33m344[0m[0m
[self_driving-10] [0m[INFO] [1782503530.026353520] [self_driving]: [1;33m344[0m[0m
[self_driving-10] [0m[INFO] [1782503530.083868983] [self_driving]: [1;33m344[0m[0m
[self_driving-10] [0m[INFO] [1782503530.185433649] [self_driving]: [1;33m344[0m[0m
[self_driving-10] [0m[INFO] [1782503530.186545760] [self_driving]: DEBUG_DRIVE lane_x=188.0, linear=0.15, linear_y=0.00, angular=-0.10, stop=False, crosswalk_distance=344, start_slow_down=True[0m
[self_driving-10] [0m[INFO] [1782503530.232768409] [self_driving]: [1;33m344[0m[0m
[self_driving-10] [0m[INFO] [1782503530.235177205] [self_driving]: DEBUG_DRIVE lane_x=314.0, linear=0.15, linear_y=0.00, angular=-0.45, stop=False, crosswalk_distance=344, start_slow_down=True[0m
[self_driving-10] [0m[INFO] [1782503530.301163946] [self_driving]: [1;33m344[0m[0m
[self_driving-10] [0m[INFO] [1782503530.304456520] [self_driving]: DEBUG_DRIVE lane_x=303.5, linear=0.15, linear_y=0.00, angular=-0.45, stop=False, crosswalk_distance=344, start_slow_down=True[0m
[self_driving-10] [0m[INFO] [1782503530.357985742] [self_driving]: [1;33m344[0m[0m
[self_driving-10] [0m[INFO] [1782503530.360198520] [self_driving]: DEBUG_DRIVE lane_x=308.0, linear=0.15, linear_y=0.00, angular=-0.45, stop=False, crosswalk_distance=344, start_slow_down=True[0m
[self_driving-10] [0m[INFO] [1782503530.428453279] [self_driving]: [1;33m344[0m[0m
[self_driving-10] [0m[INFO] [1782503530.429616557] [self_driving]: DEBUG_DRIVE lane_x=214.5, linear=0.15, linear_y=0.00, angular=-0.45, stop=False, crosswalk_distance=344, start_slow_down=True[0m
[self_driving-10] [0m[INFO] [1782503530.497004445] [self_driving]: [1;33m344[0m[0m
[self_driving-10] [0m[INFO] [1782503530.498252520] [self_driving]: DEBUG_DRIVE lane_x=247.5, linear=0.15, linear_y=0.00, angular=-0.45, stop=False, crosswalk_distance=344, start_slow_down=True[0m
[self_driving-10] [0m[INFO] [1782503530.580411334] [self_driving]: [1;33m344[0m[0m
[self_driving-10] [0m[INFO] [1782503530.589552890] [self_driving]: DEBUG_DRIVE lane_x=194.5, linear=0.15, linear_y=0.00, angular=-0.10, stop=False, crosswalk_distance=344, start_slow_down=True[0m
[self_driving-10] [0m[INFO] [1782503530.640433316] [self_driving]: [1;33m344[0m[0m
[self_driving-10] [0m[INFO] [1782503530.641964538] [self_driving]: DEBUG_DRIVE lane_x=208.5, linear=0.15, linear_y=0.00, angular=-0.45, stop=False, crosswalk_distance=344, start_slow_down=True[0m
[self_driving-10] [0m[INFO] [1782503530.700318705] [self_driving]: [1;33m344[0m[0m
[self_driving-10] [0m[INFO] [1782503530.702260038] [self_driving]: DEBUG_DRIVE lane_x=138.0, linear=0.15, linear_y=0.00, angular=0.10, stop=False, crosswalk_distance=344, start_slow_down=True[0m
[self_driving-10] [0m[INFO] [1782503530.776072445] [self_driving]: [1;33m344[0m[0m
[self_driving-10] [0m[INFO] [1782503530.777271779] [self_driving]: DEBUG_DRIVE lane_x=84.0, linear=0.15, linear_y=0.00, angular=0.10, stop=False, crosswalk_distance=344, start_slow_down=True[0m
[self_driving-10] [0m[INFO] [1782503530.839812186] [self_driving]: [1;33m344[0m[0m
[self_driving-10] [0m[INFO] [1782503530.842477056] [self_driving]: DEBUG_DRIVE lane_x=173.5, linear=0.15, linear_y=0.00, angular=-0.10, stop=False, crosswalk_distance=344, start_slow_down=True[0m
[self_driving-10] [0m[INFO] [1782503530.899500797] [self_driving]: [1;33m344[0m[0m
[self_driving-10] [0m[INFO] [1782503530.955910667] [self_driving]: [1;33m344[0m[0m
[self_driving-10] [0m[INFO] [1782503530.968340612] [self_driving]: objects=1[0m
[self_driving-10] [0m[INFO] [1782503530.969964908] [self_driving]: [DET] crosswalk: cx=553, cy=88, box=array('i', [468, 0, 639, 176]), score=0.28[0m
[self_driving-10] [0m[INFO] [1782503531.082131038] [self_driving]: [1;33m88[0m[0m
[self_driving-10] [0m[INFO] [1782503531.083884056] [self_driving]: DEBUG_DRIVE lane_x=52.0, linear=0.15, linear_y=0.00, angular=0.10, stop=False, crosswalk_distance=88, start_slow_down=True[0m
[self_driving-10] [0m[INFO] [1782503531.116695149] [self_driving]: [1;33m88[0m[0m
[self_driving-10] [0m[INFO] [1782503531.164488278] [self_driving]: [1;33m88[0m[0m
[self_driving-10] [0m[INFO] [1782503531.248206001] [self_driving]: [1;33m88[0m[0m
[self_driving-10] [0m[INFO] [1782503531.251776112] [self_driving]: DEBUG_DRIVE lane_x=44.0, linear=0.15, linear_y=0.00, angular=0.10, stop=False, crosswalk_distance=88, start_slow_down=True[0m
[self_driving-10] [0m[INFO] [1782503531.304506501] [self_driving]: [1;33m88[0m[0m
[self_driving-10] [0m[INFO] [1782503531.367852241] [self_driving]: [1;33m88[0m[0m
[self_driving-10] [0m[INFO] [1782503531.425439889] [self_driving]: [1;33m88[0m[0m
[self_driving-10] [0m[INFO] [1782503531.508275075] [self_driving]: [1;33m88[0m[0m
[self_driving-10] [0m[INFO] [1782503531.570145593] [self_driving]: [1;33m88[0m[0m
[self_driving-10] [0m[INFO] [1782503531.637407963] [self_driving]: [1;33m88[0m[0m
[self_driving-10] [0m[INFO] [1782503531.703565278] [self_driving]: [1;33m88[0m[0m
[self_driving-10] [0m[INFO] [1782503531.786226648] [self_driving]: [1;33m88[0m[0m
[self_driving-10] [0m[INFO] [1782503531.861137963] [self_driving]: [1;33m88[0m[0m
[self_driving-10] [0m[INFO] [1782503531.911203796] [self_driving]: [1;33m88[0m[0m
[self_driving-10] [0m[INFO] [1782503531.977422185] [self_driving]: [1;33m88[0m[0m
[self_driving-10] [0m[INFO] [1782503531.979327593] [self_driving]: DEBUG_DRIVE lane_x=21.5, linear=0.15, linear_y=0.00, angular=0.10, stop=False, crosswalk_distance=88, start_slow_down=True[0m
[self_driving-10] [0m[INFO] [1782503532.035900130] [self_driving]: [1;33m88[0m[0m
[self_driving-10] [0m[INFO] [1782503532.106859852] [self_driving]: [1;33m88[0m[0m
[self_driving-10] [0m[INFO] [1782503532.179297685] [self_driving]: [1;33m88[0m[0m
[self_driving-10] [0m[INFO] [1782503532.255360944] [self_driving]: [1;33m88[0m[0m
[self_driving-10] [0m[INFO] [1782503532.315473278] [self_driving]: [1;33m88[0m[0m
[self_driving-10] [0m[INFO] [1782503532.317103870] [self_driving]: DEBUG_DRIVE lane_x=111.0, linear=0.30, linear_y=0.00, angular=0.10, stop=False, crosswalk_distance=88, start_slow_down=False[0m
[self_driving-10] [0m[INFO] [1782503532.383927704] [self_driving]: [1;33m88[0m[0m
[self_driving-10] [0m[INFO] [1782503532.386993352] [self_driving]: DEBUG_DRIVE lane_x=119.0, linear=0.15, linear_y=0.00, angular=0.10, stop=False, crosswalk_distance=88, start_slow_down=True[0m
[self_driving-10] [0m[INFO] [1782503532.455097907] [self_driving]: [1;33m88[0m[0m
[self_driving-10] [0m[INFO] [1782503532.456481889] [self_driving]: DEBUG_DRIVE lane_x=120.5, linear=0.15, linear_y=0.00, angular=0.10, stop=False, crosswalk_distance=88, start_slow_down=True[0m
[self_driving-10] [0m[INFO] [1782503532.517091000] [self_driving]: [1;33m88[0m[0m
[self_driving-10] [0m[INFO] [1782503532.519941148] [self_driving]: DEBUG_DRIVE lane_x=129.5, linear=0.15, linear_y=0.00, angular=-0.10, stop=False, crosswalk_distance=88, start_slow_down=True[0m
[self_driving-10] [0m[INFO] [1782503532.578930296] [self_driving]: [1;33m88[0m[0m
[self_driving-10] [0m[INFO] [1782503532.580276481] [self_driving]: DEBUG_DRIVE lane_x=84.5, linear=0.15, linear_y=0.00, angular=0.10, stop=False, crosswalk_distance=88, start_slow_down=True[0m
[self_driving-10] [0m[INFO] [1782503532.654992944] [self_driving]: [1;33m88[0m[0m
[self_driving-10] [0m[INFO] [1782503532.723773092] [self_driving]: [1;33m88[0m[0m
[self_driving-10] [0m[INFO] [1782503532.768182981] [self_driving]: [1;33m88[0m[0m
[self_driving-10] [0m[INFO] [1782503532.840053500] [self_driving]: [1;33m88[0m[0m
[self_driving-10] [0m[INFO] [1782503532.904824000] [self_driving]: [1;33m88[0m[0m
[self_driving-10] [0m[INFO] [1782503532.969064777] [self_driving]: [1;33m88[0m[0m
[self_driving-10] [0m[INFO] [1782503533.069052999] [self_driving]: [1;33m88[0m[0m
[self_driving-10] [0m[INFO] [1782503533.135953018] [self_driving]: [1;33m88[0m[0m
[self_driving-10] [0m[INFO] [1782503533.174538999] [self_driving]: [1;33m88[0m[0m
[self_driving-10] [0m[INFO] [1782503533.250496962] [self_driving]: [1;33m88[0m[0m
[self_driving-10] [0m[INFO] [1782503533.320753555] [self_driving]: [1;33m88[0m[0m
[self_driving-10] [0m[INFO] [1782503533.387100296] [self_driving]: [1;33m88[0m[0m
[self_driving-10] [0m[INFO] [1782503533.453686796] [self_driving]: [1;33m88[0m[0m
[self_driving-10] [0m[INFO] [1782503533.526335925] [self_driving]: [1;33m88[0m[0m
[self_driving-10] [0m[INFO] [1782503533.576168814] [self_driving]: [1;33m88[0m[0m
[self_driving-10] [0m[INFO] [1782503533.653814555] [self_driving]: [1;33m88[0m[0m
[self_driving-10] [0m[INFO] [1782503533.703485925] [self_driving]: [1;33m88[0m[0m
[self_driving-10] [0m[INFO] [1782503533.783236462] [self_driving]: [1;33m88[0m[0m
[self_driving-10] [0m[INFO] [1782503533.886041295] [self_driving]: [1;33m88[0m[0m
[self_driving-10] [0m[INFO] [1782503533.916311666] [self_driving]: [1;33m88[0m[0m
[self_driving-10] [0m[INFO] [1782503533.990162110] [self_driving]: [1;33m88[0m[0m
[self_driving-10] [0m[INFO] [1782503534.048203092] [self_driving]: [1;33m88[0m[0m
[self_driving-10] [0m[INFO] [1782503534.126364054] [self_driving]: [1;33m88[0m[0m
[self_driving-10] [0m[INFO] [1782503534.181006573] [self_driving]: [1;33m88[0m[0m
[self_driving-10] [0m[INFO] [1782503534.255808980] [self_driving]: [1;33m88[0m[0m
[self_driving-10] [0m[INFO] [1782503534.336721388] [self_driving]: [1;33m88[0m[0m
[self_driving-10] [0m[INFO] [1782503534.398528239] [self_driving]: [1;33m88[0m[0m
[self_driving-10] [0m[INFO] [1782503534.455500276] [self_driving]: [1;33m88[0m[0m
[self_driving-10] [0m[INFO] [1782503534.533963110] [self_driving]: [1;33m88[0m[0m
[self_driving-10] [0m[INFO] [1782503534.580421758] [self_driving]: [1;33m88[0m[0m
[self_driving-10] [0m[INFO] [1782503534.667711906] [self_driving]: [1;33m88[0m[0m
[self_driving-10] [0m[INFO] [1782503534.730210554] [self_driving]: [1;33m88[0m[0m
[self_driving-10] [0m[INFO] [1782503534.816916684] [self_driving]: [1;33m88[0m[0m
[self_driving-10] [0m[INFO] [1782503534.875472276] [self_driving]: [1;33m88[0m[0m
[self_driving-10] [0m[INFO] [1782503534.927119998] [self_driving]: [1;33m88[0m[0m
[self_driving-10] [0m[INFO] [1782503534.994663091] [self_driving]: [1;33m88[0m[0m
[self_driving-10] [0m[INFO] [1782503535.064735591] [self_driving]: [1;33m88[0m[0m
[self_driving-10] [0m[INFO] [1782503535.156463109] [self_driving]: [1;33m88[0m[0m
[self_driving-10] [0m[INFO] [1782503535.203765443] [self_driving]: [1;33m88[0m[0m
[self_driving-10] [0m[INFO] [1782503535.257809313] [self_driving]: [1;33m88[0m[0m
[self_driving-10] [0m[INFO] [1782503535.339935109] [self_driving]: [1;33m88[0m[0m
[self_driving-10] [0m[INFO] [1782503535.402371739] [self_driving]: [1;33m88[0m[0m
[self_driving-10] [0m[INFO] [1782503535.450360943] [self_driving]: [1;33m88[0m[0m
[self_driving-10] [0m[INFO] [1782503535.553766683] [self_driving]: [1;33m88[0m[0m
[self_driving-10] [0m[INFO] [1782503535.602072831] [self_driving]: [1;33m88[0m[0m
[self_driving-10] [0m[INFO] [1782503535.684280202] [self_driving]: [1;33m88[0m[0m
[self_driving-10] [0m[INFO] [1782503535.738920239] [self_driving]: [1;33m88[0m[0m
[self_driving-10] [0m[INFO] [1782503535.804693387] [self_driving]: [1;33m88[0m[0m
[self_driving-10] [0m[INFO] [1782503535.858997720] [self_driving]: [1;33m88[0m[0m
[self_driving-10] [0m[INFO] [1782503535.939227220] [self_driving]: [1;33m88[0m[0m
[self_driving-10] [0m[INFO] [1782503536.025803276] [self_driving]: [1;33m88[0m[0m
[self_driving-10] [0m[INFO] [1782503536.078451016] [self_driving]: [1;33m88[0m[0m
[self_driving-10] [0m[INFO] [1782503536.131238961] [self_driving]: [1;33m88[0m[0m
[self_driving-10] [0m[INFO] [1782503536.211011275] [self_driving]: [1;33m88[0m[0m
[self_driving-10] [0m[INFO] [1782503536.278985442] [self_driving]: [1;33m88[0m[0m
[self_driving-10] [0m[INFO] [1782503536.343376590] [self_driving]: [1;33m88[0m[0m
[self_driving-10] [0m[INFO] [1782503536.429706016] [self_driving]: [1;33m88[0m[0m
[self_driving-10] [0m[INFO] [1782503536.488448849] [self_driving]: [1;33m88[0m[0m
[self_driving-10] [0m[INFO] [1782503536.544540571] [self_driving]: [1;33m88[0m[0m
[self_driving-10] [0m[INFO] [1782503536.606832942] [self_driving]: [1;33m88[0m[0m
[self_driving-10] [0m[INFO] [1782503536.668452942] [self_driving]: [1;33m88[0m[0m
[self_driving-10] [0m[INFO] [1782503536.739643942] [self_driving]: [1;33m88[0m[0m
[self_driving-10] [0m[INFO] [1782503536.741316220] [self_driving]: DEBUG_DRIVE lane_x=111.0, linear=0.15, linear_y=0.00, angular=0.10, stop=False, crosswalk_distance=88, start_slow_down=True[0m
[self_driving-10] [0m[INFO] [1782503536.829323219] [self_driving]: [1;33m88[0m[0m
[self_driving-10] [0m[INFO] [1782503536.839978905] [self_driving]: DEBUG_DRIVE lane_x=97.5, linear=0.15, linear_y=0.00, angular=0.10, stop=False, crosswalk_distance=88, start_slow_down=True[0m
[self_driving-10] [0m[INFO] [1782503536.887145294] [self_driving]: [1;33m88[0m[0m
[self_driving-10] [0m[INFO] [1782503536.888601997] [self_driving]: DEBUG_DRIVE lane_x=88.5, linear=0.15, linear_y=0.00, angular=0.10, stop=False, crosswalk_distance=88, start_slow_down=True[0m
[self_driving-10] [0m[INFO] [1782503536.961917219] [self_driving]: [1;33m88[0m[0m
[self_driving-10] [0m[INFO] [1782503536.963657201] [self_driving]: DEBUG_DRIVE lane_x=67.5, linear=0.15, linear_y=0.00, angular=0.10, stop=False, crosswalk_distance=88, start_slow_down=True[0m
[self_driving-10] [0m[INFO] [1782503537.007650405] [self_driving]: [1;33m88[0m[0m
[self_driving-10] [0m[INFO] [1782503537.012320516] [self_driving]: DEBUG_DRIVE lane_x=95.5, linear=0.15, linear_y=0.00, angular=-0.10, stop=False, crosswalk_distance=88, start_slow_down=True[0m
[self_driving-10] [0m[INFO] [1782503537.080365867] [self_driving]: [1;33m88[0m[0m
[self_driving-10] [0m[INFO] [1782503537.082133608] [self_driving]: DEBUG_DRIVE lane_x=86.0, linear=0.15, linear_y=0.00, angular=0.10, stop=False, crosswalk_distance=88, start_slow_down=True[0m
[self_driving-10] [0m[INFO] [1782503537.147945590] [self_driving]: [1;33m88[0m[0m
[self_driving-10] [0m[INFO] [1782503537.149394145] [self_driving]: DEBUG_DRIVE lane_x=38.5, linear=0.15, linear_y=0.00, angular=0.10, stop=False, crosswalk_distance=88, start_slow_down=True[0m
[self_driving-10] [0m[INFO] [1782503537.221322404] [self_driving]: [1;33m88[0m[0m
[self_driving-10] [0m[INFO] [1782503537.225333590] [self_driving]: DEBUG_DRIVE lane_x=65.5, linear=0.15, linear_y=0.00, angular=0.10, stop=False, crosswalk_distance=88, start_slow_down=True[0m
[self_driving-10] [0m[INFO] [1782503537.297633775] [self_driving]: [1;33m88[0m[0m
[self_driving-10] [0m[INFO] [1782503537.300596793] [self_driving]: DEBUG_DRIVE lane_x=70.5, linear=0.15, linear_y=0.00, angular=0.10, stop=False, crosswalk_distance=88, start_slow_down=True[0m
[self_driving-10] [0m[INFO] [1782503537.351553256] [self_driving]: [1;33m88[0m[0m
[self_driving-10] [0m[INFO] [1782503537.353324256] [self_driving]: DEBUG_DRIVE lane_x=89.0, linear=0.15, linear_y=0.00, angular=0.10, stop=False, crosswalk_distance=88, start_slow_down=True[0m
[self_driving-10] [0m[INFO] [1782503537.424791515] [self_driving]: [1;33m88[0m[0m
[self_driving-10] [0m[INFO] [1782503537.426475071] [self_driving]: DEBUG_DRIVE lane_x=95.5, linear=0.15, linear_y=0.00, angular=0.10, stop=False, crosswalk_distance=88, start_slow_down=True[0m
[self_driving-10] [0m[INFO] [1782503537.481967182] [self_driving]: [1;33m88[0m[0m
[self_driving-10] [0m[INFO] [1782503537.484297404] [self_driving]: DEBUG_DRIVE lane_x=100.0, linear=0.15, linear_y=0.00, angular=0.10, stop=False, crosswalk_distance=88, start_slow_down=True[0m
[self_driving-10] [0m[INFO] [1782503537.552621108] [self_driving]: [1;33m88[0m[0m
[self_driving-10] [0m[INFO] [1782503537.556781626] [self_driving]: DEBUG_DRIVE lane_x=106.0, linear=0.15, linear_y=0.00, angular=0.10, stop=False, crosswalk_distance=88, start_slow_down=True[0m
[self_driving-10] [0m[INFO] [1782503537.612101386] [self_driving]: [1;33m88[0m[0m
[self_driving-10] [0m[INFO] [1782503537.614413015] [self_driving]: DEBUG_DRIVE lane_x=118.0, linear=0.15, linear_y=0.00, angular=-0.10, stop=False, crosswalk_distance=88, start_slow_down=True[0m
[self_driving-10] [0m[INFO] [1782503537.700345663] [self_driving]: [1;33m88[0m[0m
[self_driving-10] [0m[INFO] [1782503537.701948645] [self_driving]: DEBUG_DRIVE lane_x=131.0, linear=0.15, linear_y=0.00, angular=-0.10, stop=False, crosswalk_distance=88, start_slow_down=True[0m
[self_driving-10] [0m[INFO] [1782503537.762149663] [self_driving]: [1;33m88[0m[0m
[self_driving-10] [0m[INFO] [1782503537.821681941] [self_driving]: [1;33m88[0m[0m
[self_driving-10] [0m[INFO] [1782503537.824441460] [self_driving]: DEBUG_DRIVE lane_x=59.5, linear=0.15, linear_y=0.00, angular=0.10, stop=False, crosswalk_distance=88, start_slow_down=True[0m
[self_driving-10] [0m[INFO] [1782503537.889782108] [self_driving]: [1;33m88[0m[0m
[self_driving-10] [0m[INFO] [1782503537.891246941] [self_driving]: DEBUG_DRIVE lane_x=107.0, linear=0.15, linear_y=0.00, angular=-0.10, stop=False, crosswalk_distance=88, start_slow_down=True[0m
[self_driving-10] [0m[INFO] [1782503537.948302423] [self_driving]: [1;33m88[0m[0m
[self_driving-10] [0m[INFO] [1782503537.949607793] [self_driving]: DEBUG_DRIVE lane_x=91.0, linear=0.15, linear_y=0.00, angular=0.10, stop=False, crosswalk_distance=88, start_slow_down=False[0m
[self_driving-10] [0m[INFO] [1782503538.016494774] [self_driving]: [1;33m88[0m[0m
[self_driving-10] [0m[INFO] [1782503538.018806756] [self_driving]: DEBUG_DRIVE lane_x=205.5, linear=0.30, linear_y=0.00, angular=-0.45, stop=False, crosswalk_distance=88, start_slow_down=False[0m
[self_driving-10] [0m[INFO] [1782503538.143209682] [self_driving]: [1;33m88[0m[0m
[self_driving-10] [0m[INFO] [1782503538.145687015] [self_driving]: DEBUG_DRIVE lane_x=226.0, linear=0.30, linear_y=0.00, angular=-0.45, stop=False, crosswalk_distance=88, start_slow_down=False[0m
[self_driving-10] [0m[INFO] [1782503538.169367385] [self_driving]: [1;33m88[0m[0m
[self_driving-10] [0m[INFO] [1782503538.179760552] [self_driving]: DEBUG_DRIVE lane_x=250.0, linear=0.15, linear_y=0.00, angular=-0.45, stop=False, crosswalk_distance=88, start_slow_down=True[0m
[self_driving-10] [0m[INFO] [1782503538.229741089] [self_driving]: [1;33m88[0m[0m
[self_driving-10] [0m[INFO] [1782503538.276437070] [self_driving]: [1;33m88[0m[0m
[self_driving-10] [0m[INFO] [1782503538.361640589] [self_driving]: [1;33m88[0m[0m
[self_driving-10] [0m[INFO] [1782503538.408700848] [self_driving]: [1;33m88[0m[0m
[self_driving-10] [0m[INFO] [1782503538.509676107] [self_driving]: [1;33m88[0m[0m
[self_driving-10] [0m[INFO] [1782503538.585883255] [self_driving]: [1;33m88[0m[0m
[self_driving-10] [0m[INFO] [1782503538.643771570] [self_driving]: [1;33m88[0m[0m
[self_driving-10] [0m[INFO] [1782503538.711310811] [self_driving]: [1;33m88[0m[0m
[self_driving-10] [0m[INFO] [1782503538.787315792] [self_driving]: [1;33m88[0m[0m
[self_driving-10] [0m[INFO] [1782503538.879029255] [self_driving]: [1;33m88[0m[0m
[self_driving-10] [0m[INFO] [1782503538.992362977] [self_driving]: [1;33m88[0m[0m
[self_driving-10] [0m[INFO] [1782503539.043665755] [self_driving]: [1;33m88[0m[0m
[self_driving-10] [0m[INFO] [1782503539.114041977] [self_driving]: [1;33m88[0m[0m
[self_driving-10] [0m[INFO] [1782503539.197004663] [self_driving]: [1;33m88[0m[0m
[self_driving-10] [0m[INFO] [1782503539.279162644] [self_driving]: [1;33m88[0m[0m
[self_driving-10] [0m[INFO] [1782503539.377799977] [self_driving]: [1;33m88[0m[0m
[self_driving-10] [0m[INFO] [1782503539.457894644] [self_driving]: [1;33m88[0m[0m
[self_driving-10] [0m[INFO] [1782503539.520304810] [self_driving]: [1;33m88[0m[0m
[self_driving-10] [0m[INFO] [1782503539.602472329] [self_driving]: [1;33m88[0m[0m
[self_driving-10] [0m[INFO] [1782503539.685546551] [self_driving]: [1;33m88[0m[0m
[self_driving-10] [0m[INFO] [1782503539.785827588] [self_driving]: [1;33m88[0m[0m
[self_driving-10] [0m[INFO] [1782503539.850344125] [self_driving]: [1;33m88[0m[0m
[self_driving-10] [0m[INFO] [1782503539.925513588] [self_driving]: [1;33m88[0m[0m
[self_driving-10] [0m[INFO] [1782503540.004877625] [self_driving]: [1;33m88[0m[0m
[self_driving-10] [0m[INFO] [1782503540.092974255] [self_driving]: [1;33m88[0m[0m
[self_driving-10] [0m[INFO] [1782503540.175191440] [self_driving]: [1;33m88[0m[0m
[self_driving-10] [0m[INFO] [1782503540.252597495] [self_driving]: [1;33m88[0m[0m
[self_driving-10] [0m[INFO] [1782503540.311784829] [self_driving]: [1;33m88[0m[0m
[self_driving-10] [0m[INFO] [1782503540.380218791] [self_driving]: [1;33m88[0m[0m
[self_driving-10] [0m[INFO] [1782503540.453391736] [self_driving]: [1;33m88[0m[0m
[self_driving-10] [0m[INFO] [1782503540.550266051] [self_driving]: [1;33m88[0m[0m
[self_driving-10] [0m[INFO] [1782503540.599919236] [self_driving]: [1;33m88[0m[0m
[self_driving-10] [0m[INFO] [1782503540.650183032] [self_driving]: [1;33m88[0m[0m
[self_driving-10] [0m[INFO] [1782503540.722292513] [self_driving]: [1;33m88[0m[0m
[self_driving-10] [0m[INFO] [1782503540.788730791] [self_driving]: [1;33m88[0m[0m
[self_driving-10] [0m[INFO] [1782503540.842351199] [self_driving]: [1;33m88[0m[0m
[self_driving-10] [0m[INFO] [1782503540.943778958] [self_driving]: [1;33m88[0m[0m
[self_driving-10] [0m[INFO] [1782503541.016114273] [self_driving]: [1;33m88[0m[0m
[self_driving-10] [0m[INFO] [1782503541.052318643] [self_driving]: [1;33m88[0m[0m
[self_driving-10] [0m[INFO] [1782503541.136681698] [self_driving]: [1;33m88[0m[0m
[self_driving-10] [0m[INFO] [1782503541.189466884] [self_driving]: [1;33m88[0m[0m
[self_driving-10] [0m[INFO] [1782503541.242055532] [self_driving]: [1;33m88[0m[0m
[self_driving-10] [0m[INFO] [1782503541.326404458] [self_driving]: [1;33m88[0m[0m
[self_driving-10] [0m[INFO] [1782503541.411285643] [self_driving]: [1;33m88[0m[0m
[self_driving-10] [0m[INFO] [1782503541.457891994] [self_driving]: [1;33m88[0m[0m
[self_driving-10] [0m[INFO] [1782503541.514153680] [self_driving]: [1;33m88[0m[0m
[self_driving-10] [0m[INFO] [1782503541.583146735] [self_driving]: [1;33m88[0m[0m
[self_driving-10] [0m[INFO] [1782503541.652167828] [self_driving]: [1;33m88[0m[0m
[self_driving-10] [0m[INFO] [1782503541.715640124] [self_driving]: [1;33m88[0m[0m
[self_driving-10] [0m[INFO] [1782503541.808629031] [self_driving]: [1;33m88[0m[0m
[self_driving-10] [0m[INFO] [1782503541.863918883] [self_driving]: [1;33m88[0m[0m
[self_driving-10] [0m[INFO] [1782503541.932854957] [self_driving]: [1;33m88[0m[0m
[self_driving-10] [0m[INFO] [1782503541.981105346] [self_driving]: [1;33m88[0m[0m
[self_driving-10] [0m[INFO] [1782503542.043973772] [self_driving]: [1;33m88[0m[0m
[self_driving-10] [0m[INFO] [1782503542.146727605] [self_driving]: [1;33m88[0m[0m
[self_driving-10] [0m[INFO] [1782503542.206464716] [self_driving]: [1;33m88[0m[0m
[self_driving-10] [0m[INFO] [1782503542.263930772] [self_driving]: [1;33m88[0m[0m
[self_driving-10] [0m[INFO] [1782503542.332617327] [self_driving]: [1;33m88[0m[0m
[self_driving-10] [0m[INFO] [1782503542.400978772] [self_driving]: [1;33m88[0m[0m
[self_driving-10] [0m[INFO] [1782503542.465954661] [self_driving]: [1;33m88[0m[0m
[self_driving-10] [0m[INFO] [1782503542.534517698] [self_driving]: [1;33m88[0m[0m
[self_driving-10] [0m[INFO] [1782503542.605185272] [self_driving]: [1;33m88[0m[0m
[self_driving-10] [0m[INFO] [1782503542.666100160] [self_driving]: [1;33m88[0m[0m
[self_driving-10] [0m[INFO] [1782503542.737285327] [self_driving]: [1;33m88[0m[0m
[self_driving-10] [0m[INFO] [1782503542.800491734] [self_driving]: [1;33m88[0m[0m
[self_driving-10] [0m[INFO] [1782503542.873585957] [self_driving]: [1;33m88[0m[0m
[self_driving-10] [0m[INFO] [1782503542.946024623] [self_driving]: [1;33m88[0m[0m
[self_driving-10] [0m[INFO] [1782503542.992364716] [self_driving]: [1;33m88[0m[0m
[self_driving-10] [0m[INFO] [1782503543.076114216] [self_driving]: [1;33m88[0m[0m
[self_driving-10] [0m[INFO] [1782503543.123265197] [self_driving]: [1;33m88[0m[0m
[self_driving-10] [0m[INFO] [1782503543.194524864] [self_driving]: [1;33m88[0m[0m
[self_driving-10] [0m[INFO] [1782503543.324655030] [self_driving]: [1;33m88[0m[0m
[self_driving-10] [0m[INFO] [1782503543.355885086] [self_driving]: [1;33m88[0m[0m
[self_driving-10] [0m[INFO] [1782503543.407070253] [self_driving]: [1;33m88[0m[0m
[self_driving-10] [0m[INFO] [1782503543.479775753] [self_driving]: [1;33m88[0m[0m
[self_driving-10] [0m[INFO] [1782503543.525340882] [self_driving]: [1;33m88[0m[0m
[self_driving-10] [0m[INFO] [1782503543.594110697] [self_driving]: [1;33m88[0m[0m
[self_driving-10] [0m[INFO] [1782503543.662468289] [self_driving]: [1;33m88[0m[0m
[self_driving-10] [0m[INFO] [1782503543.746896382] [self_driving]: [1;33m88[0m[0m
[self_driving-10] [0m[INFO] [1782503543.800639197] [self_driving]: [1;33m88[0m[0m
[self_driving-10] [0m[INFO] [1782503543.881315030] [self_driving]: [1;33m88[0m[0m
[self_driving-10] [0m[INFO] [1782503543.938033752] [self_driving]: [1;33m88[0m[0m
[self_driving-10] [0m[INFO] [1782503543.999076937] [self_driving]: [1;33m88[0m[0m
[self_driving-10] [0m[INFO] [1782503544.079292493] [self_driving]: [1;33m88[0m[0m
[self_driving-10] [0m[INFO] [1782503544.151830937] [self_driving]: [1;33m88[0m[0m
[self_driving-10] [0m[INFO] [1782503544.211520456] [self_driving]: [1;33m88[0m[0m
