[INFO] [launch]: All log files can be found below /home/ubuntu/.ros/log/2026-06-26-19-18-28-494152-raspberrypi-226958
[INFO] [launch]: Default logging verbosity is set to INFO
[INFO] [ascamera_node-1]: process started with pid [226974]
[INFO] [static_transform_publisher-2]: process started with pid [226976]
[INFO] [static_transform_publisher-3]: process started with pid [226978]
[INFO] [joint_state_publisher-4]: process started with pid [226980]
[INFO] [robot_state_publisher-5]: process started with pid [226982]
[INFO] [ros_robot_controller-6]: process started with pid [226984]
[INFO] [odom_publisher-7]: process started with pid [226986]
[INFO] [ekf_node-8]: process started with pid [226988]
[INFO] [yolo_detect-9]: process started with pid [226990]
[INFO] [self_driving-10]: process started with pid [226992]
[static_transform_publisher-3] [33m[WARN] [1782501509.293482947] []: Old-style arguments are deprecated; see --help for new-style arguments[0m
[static_transform_publisher-2] [33m[WARN] [1782501509.295750780] []: Old-style arguments are deprecated; see --help for new-style arguments[0m
[ascamera_node-1] [0m[INFO] [1782501509.314939132] [as_logger]: hello world angstrong camera ros2 node[0m
[robot_state_publisher-5] [0m[INFO] [1782501509.333864724] [robot_state_publisher]: got segment base_footprint[0m
[robot_state_publisher-5] [0m[INFO] [1782501509.334035835] [robot_state_publisher]: got segment base_link[0m
[robot_state_publisher-5] [0m[INFO] [1782501509.334056798] [robot_state_publisher]: got segment depth_cam[0m
[robot_state_publisher-5] [0m[INFO] [1782501509.334070280] [robot_state_publisher]: got segment imu_link[0m
[robot_state_publisher-5] [0m[INFO] [1782501509.334079021] [robot_state_publisher]: got segment lidar_frame[0m
[robot_state_publisher-5] [0m[INFO] [1782501509.334086687] [robot_state_publisher]: got segment wheel_lb_Link[0m
[robot_state_publisher-5] [0m[INFO] [1782501509.334096169] [robot_state_publisher]: got segment wheel_lf_Link[0m
[robot_state_publisher-5] [0m[INFO] [1782501509.334105187] [robot_state_publisher]: got segment wheel_rb_Link[0m
[robot_state_publisher-5] [0m[INFO] [1782501509.334115113] [robot_state_publisher]: got segment wheel_rf_Link[0m
[static_transform_publisher-3] [0m[INFO] [1782501509.340223187] [static_transform_publisher_ApgIgGO7i2Yq9IEc]: Spinning until stopped - publishing transform
[static_transform_publisher-3] translation: ('0.000000', '0.000000', '0.000000')
[static_transform_publisher-3] rotation: ('-0.500000', '0.499602', '-0.500000', '0.500398')
[static_transform_publisher-3] from 'depth_cam' to 'ascamera_color_0'[0m
[static_transform_publisher-2] [0m[INFO] [1782501509.341009576] [static_transform_publisher_EE5PDMJZaEYFjEcx]: Spinning until stopped - publishing transform
[static_transform_publisher-2] translation: ('0.000000', '0.000000', '0.000000')
[static_transform_publisher-2] rotation: ('-0.500000', '0.499602', '-0.500000', '0.500398')
[static_transform_publisher-2] from 'depth_cam' to 'ascamera_camera_link_0'[0m
[ascamera_node-1] 2026-06-26 19:18:29[INFO] [CameraPublisher.cpp] [1558] [printLaunchParams] get depth_width 640
[ascamera_node-1] 2026-06-26 19:18:29[INFO] [CameraPublisher.cpp] [1559] [printLaunchParams] get depth_height 480
[ascamera_node-1] 2026-06-26 19:18:29[INFO] [CameraPublisher.cpp] [1561] [printLaunchParams] get rgb_width 640
[ascamera_node-1] 2026-06-26 19:18:29[INFO] [CameraPublisher.cpp] [1562] [printLaunchParams] get rgb_height 480
[ascamera_node-1] 2026-06-26 19:18:29[INFO] [CameraPublisher.cpp] [1570] [printLaunchParams] get set_fps 15
[ascamera_node-1] 2026-06-26 19:18:29[INFO] [CameraPublisher.cpp] [1578] [printLaunchParams] get color_pcl 1
[ascamera_node-1] 2026-06-26 19:18:29[INFO] [CameraPublisher.cpp] [1582] [printLaunchParams] get pub_tfTree 1
[ascamera_node-1] 2026-06-26 19:18:29[INFO] [CameraSrv.cpp] [35] [CameraSrv] Angstrong camera server
[ascamera_node-1] 2026-06-26 19:18:29[INFO] [CameraSrv.cpp] [45] [CameraSrv] Angstrong camera sdk version:v1.2.22.20240516
[odom_publisher-7] [0m[INFO] [1782501510.161065853] [odom_publisher]: [1;32m0.930000 1.010000[0m[0m
[odom_publisher-7] [0m[INFO] [1782501510.177783835] [odom_publisher]: [1;32mstart[0m[0m
[joint_state_publisher-4] [0m[INFO] [1782501510.221492298] [joint_state_publisher]: Waiting for robot_description to be published on the robot_description topic...[0m
[ascamera_node-1] 2026-06-26 19:18:30[INFO] [CameraSrv.cpp] [114] [onAttached] attached
[ascamera_node-1] 2026-06-26 19:18:30[INFO] [CameraSrv.cpp] [145] [onAttached] this is a new attach device, create and open it
[ros_robot_controller-6] [0m[INFO] [1782501510.765149168] [ros_robot_controller]: 已设置舵机 1 的偏移量为 0[0m
[ros_robot_controller-6] [0m[INFO] [1782501510.766040372] [ros_robot_controller]: 已设置舵机 2 的偏移量为 0[0m
[ros_robot_controller-6] [0m[INFO] [1782501510.767148279] [ros_robot_controller]: 已设置舵机 3 的偏移量为 4[0m
[ros_robot_controller-6] [0m[INFO] [1782501510.768113112] [ros_robot_controller]: 已设置舵机 4 的偏移量为 0[0m
[ros_robot_controller-6] [0m[INFO] [1782501510.773933464] [ros_robot_controller]: [1;32mstart[0m[0m
[ascamera_node-1] 2026-06-26 19:18:31[INFO] [CameraSrv.cpp] [154] [onAttached] get model type 9
[ascamera_node-1] 2026-06-26 19:18:31[INFO] [CameraSrv.cpp] [342] [getConfigFile] get file: /home/ubuntu/third_party_ros2/third_party_ws/src/ascamera/configurationfiles/hp60c_v2_00_20230704_configEncrypt.json
[ascamera_node-1] 2026-06-26 19:18:31[INFO] [CameraPublisher.cpp] [1501] [logCameraPathInfo] usb camera
[ascamera_node-1] 2026-06-26 19:18:31[INFO] [CameraPublisher.cpp] [1502] [logCameraPathInfo] bnum:1
[ascamera_node-1] 2026-06-26 19:18:31[INFO] [CameraPublisher.cpp] [1503] [logCameraPathInfo] dnum:3
[ascamera_node-1] 2026-06-26 19:18:31[INFO] [CameraPublisher.cpp] [1504] [logCameraPathInfo] port_numbers:2
[ascamera_node-1] 2026-06-26 19:18:31[INFO] [CameraPublisher.cpp] [171] [onCameraAttached] create a new publisher info set
[ascamera_node-1] 2026-06-26 19:18:31[INFO] [TfTreeFrameIdInfo.cpp] [11] [TfTreeFrameIdInfo] Namespace /ascamera
[ascamera_node-1] 2026-06-26 19:18:31[INFO] [CameraHp60c.cpp] [128] [open] according to the configuration file.
[ascamera_node-1] 2026-06-26 19:18:31[INFO] [CameraHp60c.cpp] [1528] [parseConfigFileParameter] moduleName:AS_CAM_HP60C
[ascamera_node-1] 2026-06-26 19:18:31[INFO] [CameraHp60c.cpp] [1555] [parseConfigFileParameter] Parsing config file /home/ubuntu/third_party_ros2/third_party_ws/src/ascamera/configurationfiles/hp60c_v2_00_20230704_configEncrypt.json
[ascamera_node-1] 2026-06-26 19:18:31[INFO] [CameraHp60c.cpp] [1620] [parseConfigFileParameter] configuration protocol Version: v2.x
[ascamera_node-1] 2026-06-26 19:18:31[INFO] [CameraHp60c.cpp] [1631] [parseConfigFileParameter] configuration Version: v2.0.0.20230704
[ascamera_node-1] 2026-06-26 19:18:31[INFO] [CameraHp60c.cpp] [1796] [setParamersAfterOpenCam] Camera confiParaEnable true, setting configuration parameter
[ascamera_node-1] 2026-06-26 19:18:33[ERROR] [XuCmdCameraHp60c.cpp] [454] [getMjpegSize] get mjpeg from xu command failed
[ascamera_node-1] 2026-06-26 19:18:33[INFO] [XuCmdCameraHp60c.cpp] [458] [getMjpegSize] mjpeg size:640x480
[ascamera_node-1] 2026-06-26 19:18:33[INFO] [CameraPublisher.cpp] [356] [onCameraOpen] camera opened
[ascamera_node-1] 2026-06-26 19:18:33[INFO] [CameraPublisher.cpp] [370] [onCameraOpen] get config info, ret 0, is_Registration 1
[ascamera_node-1] 2026-06-26 19:18:33[INFO] [Camera.cpp] [61] [init] #camera[0x55557bfb6710] SN[ASC60CF08000515]'s firmware version:DLS_VERc20865=:V01.09_2024110714:V01.19_2024110714:L01
[ascamera_node-1] 2026-06-26 19:18:33[INFO] [CameraPublisher.cpp] [1183] [setResolution] set depth resolution: 640 x 480 @ 15fps
[ascamera_node-1] 2026-06-26 19:18:33[INFO] [CameraPublisher.cpp] [1197] [setResolution] set rgb resolution: 640 x 480 @ 15fps
[ascamera_node-1] 2026-06-26 19:18:33[INFO] [CameraHp60c.cpp] [260] [startStreaming] start streaming
[ascamera_node-1] 2026-06-26 19:18:33[INFO] [CameraSrv.cpp] [202] [onAttached] attached end
[ascamera_node-1] 2026-06-26 19:18:34[INFO] [CameraHp60c.cpp] [279] [stopStreaming] stop streaming
[INFO] [apply_calib-11]: process started with pid [227152]
[INFO] [complementary_filter_node-12]: process started with pid [227154]
[complementary_filter_node-12] [0m[INFO] [1782501514.308021036] [imu_filter]: Starting ComplementaryFilterROS[0m
[apply_calib-11] [0m[INFO] [1782501514.656886258] [imu_calib]: Calibrating gyros; do not move the IMU[0m
[apply_calib-11] [0m[INFO] [1782501516.582379442] [imu_calib]: Gyro calibration complete! (bias = [-0.001, 0.030, -0.000])[0m
[yolo_detect-9] [0m[INFO] [1782501517.551430923] [yolov5_ros2]: Current ROS 2 distribution: humble[0m
[yolo_detect-9] [0m[INFO] [1782501518.106859701] [yolov5_ros2]: [1;32mstart yolov5 detect[0m[0m
[self_driving-10] [0m[INFO] [1782501519.159385144] [self_driving]: [1;32mself driving enter[0m[0m
[self_driving-10] [0m[INFO] [1782501519.170075848] [self_driving]: [1;32mset_running[0m[0m
[self_driving-10] [0m[INFO] [1782501519.174171644] [self_driving]: [1;32mstart[0m[0m
[ascamera_node-1] 2026-06-26 19:18:39[INFO] [CameraHp60c.cpp] [260] [startStreaming] start streaming
[ascamera_node-1] 2026-06-26 19:18:41[INFO] [CameraHp60c.cpp] [912] [setInternalParameter] mjpeg info: size(640x480)
[ascamera_node-1] 2026-06-26 19:18:41[INFO] [CameraHp60c.cpp] [1149] [streamCallback] set gain ret 0, gain 4
[ascamera_node-1] 2026-06-26 19:18:41[INFO] [Camera.cpp] [127] [backgroundThread] SN [ ASC60CF08000515 ]'s parameter:
[ascamera_node-1] 2026-06-26 19:18:41[INFO] [Camera.cpp] [128] [backgroundThread] irfx: 426.962
[ascamera_node-1] 2026-06-26 19:18:41[INFO] [Camera.cpp] [129] [backgroundThread] irfy: 426.374
[ascamera_node-1] 2026-06-26 19:18:41[INFO] [Camera.cpp] [130] [backgroundThread] ircx: 315.403
[ascamera_node-1] 2026-06-26 19:18:41[INFO] [Camera.cpp] [131] [backgroundThread] ircy: 240.933
[ascamera_node-1] 2026-06-26 19:18:41[INFO] [Camera.cpp] [132] [backgroundThread] rgbfx: 570.48
[ascamera_node-1] 2026-06-26 19:18:41[INFO] [Camera.cpp] [133] [backgroundThread] rgbfy: 569.949
[ascamera_node-1] 2026-06-26 19:18:41[INFO] [Camera.cpp] [134] [backgroundThread] rgbcx: 329.75
[ascamera_node-1] 2026-06-26 19:18:41[INFO] [Camera.cpp] [135] [backgroundThread] rgbcy: 238.406
[ascamera_node-1] 
[self_driving-10] [0m[INFO] [1782501522.336608976] [self_driving]: [1;33m0[0m[0m
[self_driving-10] [0m[INFO] [1782501522.349220846] [self_driving]: [1;33m0[0m[0m
[self_driving-10] [0m[INFO] [1782501522.379205883] [self_driving]: [1;33m0[0m[0m
[self_driving-10] [0m[INFO] [1782501522.409810605] [self_driving]: [1;33m0[0m[0m
[self_driving-10] [0m[INFO] [1782501522.480756828] [self_driving]: [1;33m0[0m[0m
[self_driving-10] [0m[INFO] [1782501522.565403513] [self_driving]: [1;33m0[0m[0m
[self_driving-10] [0m[INFO] [1782501522.689933698] [self_driving]: [1;33m0[0m[0m
[self_driving-10] [0m[INFO] [1782501522.729452457] [self_driving]: [1;33m0[0m[0m
[self_driving-10] [0m[INFO] [1782501522.812652235] [self_driving]: [1;33m0[0m[0m
[self_driving-10] [0m[INFO] [1782501522.878315550] [self_driving]: [1;33m0[0m[0m
[self_driving-10] [0m[INFO] [1782501522.962496290] [self_driving]: [1;33m0[0m[0m
[self_driving-10] [0m[INFO] [1782501523.044876809] [self_driving]: [1;33m0[0m[0m
[self_driving-10] [0m[INFO] [1782501523.131525327] [self_driving]: [1;33m0[0m[0m
[self_driving-10] [0m[INFO] [1782501523.223816957] [self_driving]: [1;33m0[0m[0m
[self_driving-10] [0m[INFO] [1782501523.304977938] [self_driving]: [1;33m0[0m[0m
[self_driving-10] [0m[INFO] [1782501523.368397827] [self_driving]: [1;33m0[0m[0m
[self_driving-10] [0m[INFO] [1782501523.453917864] [self_driving]: [1;33m0[0m[0m
[self_driving-10] [0m[INFO] [1782501523.537054271] [self_driving]: [1;33m0[0m[0m
[self_driving-10] [0m[INFO] [1782501523.630736049] [self_driving]: [1;33m0[0m[0m
[self_driving-10] [0m[INFO] [1782501523.690768456] [self_driving]: [1;33m0[0m[0m
[self_driving-10] [0m[INFO] [1782501523.765327642] [self_driving]: [1;33m0[0m[0m
[self_driving-10] [0m[INFO] [1782501523.843532253] [self_driving]: [1;33m0[0m[0m
[self_driving-10] [0m[INFO] [1782501523.959630382] [self_driving]: [1;33m0[0m[0m
[self_driving-10] [0m[INFO] [1782501524.022856327] [self_driving]: [1;33m0[0m[0m
[self_driving-10] [0m[INFO] [1782501524.103211234] [self_driving]: [1;33m0[0m[0m
[self_driving-10] [0m[INFO] [1782501524.181914327] [self_driving]: [1;33m0[0m[0m
[self_driving-10] [0m[INFO] [1782501524.268671956] [self_driving]: [1;33m0[0m[0m
[self_driving-10] [0m[INFO] [1782501524.349069438] [self_driving]: [1;33m0[0m[0m
[self_driving-10] [0m[INFO] [1782501524.409090678] [self_driving]: [1;33m0[0m[0m
[self_driving-10] [0m[INFO] [1782501524.496342123] [self_driving]: [1;33m0[0m[0m
[self_driving-10] [0m[INFO] [1782501524.575932549] [self_driving]: [1;33m0[0m[0m
[self_driving-10] [0m[INFO] [1782501524.669347456] [self_driving]: [1;33m0[0m[0m
[self_driving-10] [0m[INFO] [1782501524.745027048] [self_driving]: [1;33m0[0m[0m
[self_driving-10] [0m[INFO] [1782501524.821482141] [self_driving]: [1;33m0[0m[0m
[self_driving-10] [0m[INFO] [1782501524.898006437] [self_driving]: [1;33m0[0m[0m
[self_driving-10] [0m[INFO] [1782501524.975022622] [self_driving]: [1;33m0[0m[0m
[self_driving-10] [0m[INFO] [1782501525.066731270] [self_driving]: [1;33m0[0m[0m
[self_driving-10] [0m[INFO] [1782501525.153134956] [self_driving]: [1;33m0[0m[0m
[self_driving-10] [0m[INFO] [1782501525.230526937] [self_driving]: [1;33m0[0m[0m
[self_driving-10] [0m[INFO] [1782501525.296349196] [self_driving]: [1;33m0[0m[0m
[self_driving-10] [0m[INFO] [1782501525.393208622] [self_driving]: [1;33m0[0m[0m
[self_driving-10] [0m[INFO] [1782501525.474528566] [self_driving]: [1;33m0[0m[0m
[self_driving-10] [0m[INFO] [1782501525.551498881] [self_driving]: [1;33m0[0m[0m
[self_driving-10] [0m[INFO] [1782501525.629612585] [self_driving]: [1;33m0[0m[0m
[self_driving-10] [0m[INFO] [1782501525.702989585] [self_driving]: [1;33m0[0m[0m
[self_driving-10] [0m[INFO] [1782501525.780139955] [self_driving]: [1;33m0[0m[0m
[self_driving-10] [0m[INFO] [1782501525.869706288] [self_driving]: [1;33m0[0m[0m
[self_driving-10] [0m[INFO] [1782501525.945365640] [self_driving]: [1;33m0[0m[0m
[self_driving-10] [0m[INFO] [1782501526.032088325] [self_driving]: [1;33m0[0m[0m
[self_driving-10] [0m[INFO] [1782501526.103857066] [self_driving]: [1;33m0[0m[0m
[self_driving-10] [0m[INFO] [1782501526.205035510] [self_driving]: [1;33m0[0m[0m
[self_driving-10] [0m[INFO] [1782501526.265993288] [self_driving]: [1;33m0[0m[0m
[self_driving-10] [0m[INFO] [1782501526.354307844] [self_driving]: [1;33m0[0m[0m
[self_driving-10] [0m[INFO] [1782501526.436441418] [self_driving]: [1;33m0[0m[0m
[self_driving-10] [0m[INFO] [1782501526.534792103] [self_driving]: [1;33m0[0m[0m
[self_driving-10] [0m[INFO] [1782501526.594226751] [self_driving]: [1;33m0[0m[0m
[self_driving-10] [0m[INFO] [1782501526.663572529] [self_driving]: [1;33m0[0m[0m
[self_driving-10] [0m[INFO] [1782501526.747038381] [self_driving]: [1;33m0[0m[0m
[self_driving-10] [0m[INFO] [1782501526.829053492] [self_driving]: [1;33m0[0m[0m
[self_driving-10] [0m[INFO] [1782501526.872605529] [self_driving]: objects=1[0m
[self_driving-10] [0m[INFO] [1782501526.874196973] [self_driving]: [DET] crosswalk: cx=585, cy=53, box=array('i', [530, 27, 640, 79]), score=0.26[0m
[self_driving-10] [0m[INFO] [1782501526.945399529] [self_driving]: [1;33m53[0m[0m
[self_driving-10] [0m[INFO] [1782501527.002332899] [self_driving]: [1;33m53[0m[0m
[self_driving-10] [0m[INFO] [1782501527.087206214] [self_driving]: [1;33m53[0m[0m
[self_driving-10] [0m[INFO] [1782501527.161282862] [self_driving]: [1;33m53[0m[0m
[self_driving-10] [0m[INFO] [1782501527.249559028] [self_driving]: [1;33m53[0m[0m
[self_driving-10] [0m[INFO] [1782501527.339667528] [self_driving]: [1;33m53[0m[0m
[self_driving-10] [0m[INFO] [1782501527.406314343] [self_driving]: [1;33m53[0m[0m
[self_driving-10] [0m[INFO] [1782501527.479671954] [self_driving]: [1;33m53[0m[0m
[self_driving-10] [0m[INFO] [1782501527.547990936] [self_driving]: [1;33m53[0m[0m
[self_driving-10] [0m[INFO] [1782501527.633604436] [self_driving]: [1;33m53[0m[0m
[self_driving-10] [0m[INFO] [1782501527.720663158] [self_driving]: [1;33m53[0m[0m
[self_driving-10] [0m[INFO] [1782501527.811131973] [self_driving]: [1;33m53[0m[0m
[self_driving-10] [0m[INFO] [1782501527.872230047] [self_driving]: [1;33m53[0m[0m
[self_driving-10] [0m[INFO] [1782501527.955861269] [self_driving]: [1;33m53[0m[0m
[self_driving-10] [0m[INFO] [1782501528.050786658] [self_driving]: [1;33m53[0m[0m
[self_driving-10] [0m[INFO] [1782501528.128357861] [self_driving]: [1;33m53[0m[0m
[self_driving-10] [0m[INFO] [1782501528.209018176] [self_driving]: [1;33m53[0m[0m
[self_driving-10] [0m[INFO] [1782501528.288708676] [self_driving]: [1;33m53[0m[0m
[self_driving-10] [0m[INFO] [1782501528.388364454] [self_driving]: [1;33m53[0m[0m
[self_driving-10] [0m[INFO] [1782501528.462750361] [self_driving]: [1;33m53[0m[0m
[self_driving-10] [0m[INFO] [1782501528.539268491] [self_driving]: [1;33m53[0m[0m
[self_driving-10] [0m[INFO] [1782501528.612507157] [self_driving]: [1;33m53[0m[0m
[self_driving-10] [0m[INFO] [1782501528.693747435] [self_driving]: [1;33m53[0m[0m
[self_driving-10] [0m[INFO] [1782501528.788560102] [self_driving]: [1;33m53[0m[0m
[self_driving-10] [0m[INFO] [1782501528.864232527] [self_driving]: [1;33m53[0m[0m
[self_driving-10] [0m[INFO] [1782501528.921429287] [self_driving]: [1;33m53[0m[0m
[self_driving-10] [0m[INFO] [1782501529.023384361] [self_driving]: [1;33m53[0m[0m
[self_driving-10] [0m[INFO] [1782501529.123153898] [self_driving]: [1;33m53[0m[0m
[self_driving-10] [0m[INFO] [1782501529.188744638] [self_driving]: [1;33m53[0m[0m
[self_driving-10] [0m[INFO] [1782501529.268147120] [self_driving]: [1;33m53[0m[0m
[self_driving-10] [0m[INFO] [1782501529.324367323] [self_driving]: [1;33m53[0m[0m
[self_driving-10] [0m[INFO] [1782501529.426529323] [self_driving]: [1;33m53[0m[0m
[self_driving-10] [0m[INFO] [1782501529.495510157] [self_driving]: [1;33m53[0m[0m
[self_driving-10] [0m[INFO] [1782501529.594876212] [self_driving]: [1;33m53[0m[0m
[self_driving-10] [0m[INFO] [1782501529.674487490] [self_driving]: [1;33m53[0m[0m
[self_driving-10] [0m[INFO] [1782501529.744692490] [self_driving]: [1;33m53[0m[0m
[self_driving-10] [0m[INFO] [1782501529.822389971] [self_driving]: [1;33m53[0m[0m
[self_driving-10] [0m[INFO] [1782501529.905789027] [self_driving]: [1;33m53[0m[0m
[self_driving-10] [0m[INFO] [1782501529.984173305] [self_driving]: [1;33m53[0m[0m
[self_driving-10] [0m[INFO] [1782501530.065273323] [self_driving]: [1;33m53[0m[0m
[self_driving-10] [0m[INFO] [1782501530.129986397] [self_driving]: [1;33m53[0m[0m
[self_driving-10] [0m[INFO] [1782501530.226354304] [self_driving]: [1;33m53[0m[0m
[self_driving-10] [0m[INFO] [1782501530.319740712] [self_driving]: [1;33m53[0m[0m
[self_driving-10] [0m[INFO] [1782501530.379322064] [self_driving]: [1;33m53[0m[0m
[self_driving-10] [0m[INFO] [1782501530.453340878] [self_driving]: [1;33m53[0m[0m
[self_driving-10] [0m[INFO] [1782501530.548062619] [self_driving]: [1;33m53[0m[0m
[self_driving-10] [0m[INFO] [1782501530.621521434] [self_driving]: [1;33m53[0m[0m
[self_driving-10] [0m[INFO] [1782501530.721395989] [self_driving]: [1;33m53[0m[0m
[self_driving-10] [0m[INFO] [1782501530.793646989] [self_driving]: [1;33m53[0m[0m
[self_driving-10] [0m[INFO] [1782501530.876990897] [self_driving]: [1;33m53[0m[0m
[self_driving-10] [0m[INFO] [1782501530.953903415] [self_driving]: [1;33m53[0m[0m
[self_driving-10] [0m[INFO] [1782501531.047256952] [self_driving]: [1;33m53[0m[0m
[self_driving-10] [0m[INFO] [1782501531.110193896] [self_driving]: [1;33m53[0m[0m
[self_driving-10] [0m[INFO] [1782501531.192718063] [self_driving]: [1;33m53[0m[0m
[self_driving-10] [0m[INFO] [1782501531.272753785] [self_driving]: [1;33m53[0m[0m
[self_driving-10] [0m[INFO] [1782501531.341602841] [self_driving]: [1;33m53[0m[0m
[self_driving-10] [0m[INFO] [1782501531.442604100] [self_driving]: [1;33m53[0m[0m
[self_driving-10] [0m[INFO] [1782501531.520941489] [self_driving]: [1;33m53[0m[0m
[self_driving-10] [0m[INFO] [1782501531.599463044] [self_driving]: [1;33m53[0m[0m
[self_driving-10] [0m[INFO] [1782501531.669799063] [self_driving]: [1;33m53[0m[0m
[self_driving-10] [0m[INFO] [1782501531.745281081] [self_driving]: [1;33m53[0m[0m
[self_driving-10] [0m[INFO] [1782501531.854285248] [self_driving]: [1;33m53[0m[0m
[self_driving-10] [0m[INFO] [1782501531.914537285] [self_driving]: [1;33m53[0m[0m
[self_driving-10] [0m[INFO] [1782501531.999653989] [self_driving]: [1;33m53[0m[0m
[self_driving-10] [0m[INFO] [1782501532.084319544] [self_driving]: [1;33m53[0m[0m
[self_driving-10] [0m[INFO] [1782501532.174362581] [self_driving]: [1;33m53[0m[0m
[self_driving-10] [0m[INFO] [1782501532.248003729] [self_driving]: [1;33m53[0m[0m
[self_driving-10] [0m[INFO] [1782501532.322247988] [self_driving]: [1;33m53[0m[0m
[self_driving-10] [0m[INFO] [1782501532.403236970] [self_driving]: [1;33m53[0m[0m
[self_driving-10] [0m[INFO] [1782501532.492251729] [self_driving]: [1;33m53[0m[0m
[self_driving-10] [0m[INFO] [1782501532.574951284] [self_driving]: [1;33m53[0m[0m
[self_driving-10] [0m[INFO] [1782501532.660455358] [self_driving]: [1;33m53[0m[0m
[self_driving-10] [0m[INFO] [1782501532.724946599] [self_driving]: [1;33m53[0m[0m
[self_driving-10] [0m[INFO] [1782501532.832253988] [self_driving]: [1;33m53[0m[0m
[self_driving-10] [0m[INFO] [1782501532.894110469] [self_driving]: [1;33m53[0m[0m
[self_driving-10] [0m[INFO] [1782501532.970037729] [self_driving]: [1;33m53[0m[0m
[self_driving-10] [0m[INFO] [1782501533.017959692] [self_driving]: [1;33m53[0m[0m
[self_driving-10] [0m[INFO] [1782501533.090845803] [self_driving]: [1;33m53[0m[0m
[self_driving-10] [0m[INFO] [1782501533.159883025] [self_driving]: [1;33m53[0m[0m
[self_driving-10] [0m[INFO] [1782501533.226059821] [self_driving]: [1;33m53[0m[0m
[self_driving-10] [0m[INFO] [1782501533.316235803] [self_driving]: [1;33m53[0m[0m
[self_driving-10] [0m[INFO] [1782501533.363294432] [self_driving]: [1;33m53[0m[0m
[self_driving-10] [0m[INFO] [1782501533.441547117] [self_driving]: [1;33m53[0m[0m
[self_driving-10] [0m[INFO] [1782501533.487676506] [self_driving]: [1;33m53[0m[0m
[self_driving-10] [0m[INFO] [1782501533.561920543] [self_driving]: [1;33m53[0m[0m
[self_driving-10] [0m[INFO] [1782501533.628525321] [self_driving]: [1;33m53[0m[0m
[self_driving-10] [0m[INFO] [1782501533.699384913] [self_driving]: [1;33m53[0m[0m
[self_driving-10] [0m[INFO] [1782501533.776074395] [self_driving]: [1;33m53[0m[0m
[self_driving-10] [0m[INFO] [1782501533.842188839] [self_driving]: [1;33m53[0m[0m
[self_driving-10] [0m[INFO] [1782501533.896209524] [self_driving]: [1;33m53[0m[0m
[self_driving-10] [0m[INFO] [1782501533.907475302] [self_driving]: DEBUG_DRIVE lane_x=179.0, linear=0.30, linear_y=0.00, angular=-0.10, stop=False, crosswalk_distance=53, start_slow_down=False[0m
[self_driving-10] [0m[INFO] [1782501533.967449302] [self_driving]: [1;33m53[0m[0m
[self_driving-10] [0m[INFO] [1782501534.028458135] [self_driving]: [1;33m53[0m[0m
[self_driving-10] [0m[INFO] [1782501534.088397154] [self_driving]: objects=1[0m
[self_driving-10] [0m[INFO] [1782501534.091583672] [self_driving]: [DET] green: cx=244, cy=424, box=array('i', [113, 369, 375, 480]), score=0.29[0m
[self_driving-10] [0m[INFO] [1782501534.127320135] [self_driving]: [1;33m0[0m[0m
[self_driving-10] [0m[INFO] [1782501534.170486802] [self_driving]: [1;33m0[0m[0m
[self_driving-10] [0m[INFO] [1782501534.260465950] [self_driving]: [1;33m0[0m[0m
[self_driving-10] [0m[INFO] [1782501534.335211913] [self_driving]: [1;33m0[0m[0m
[self_driving-10] [0m[INFO] [1782501534.410401061] [self_driving]: [1;33m0[0m[0m
[self_driving-10] [0m[INFO] [1782501534.512204839] [self_driving]: [1;33m0[0m[0m
[self_driving-10] [0m[INFO] [1782501534.580328450] [self_driving]: [1;33m0[0m[0m
[self_driving-10] [0m[INFO] [1782501534.660402783] [self_driving]: [1;33m0[0m[0m
[self_driving-10] [0m[INFO] [1782501534.720921283] [self_driving]: [1;33m0[0m[0m
[self_driving-10] [0m[INFO] [1782501534.819498691] [self_driving]: [1;33m0[0m[0m
[self_driving-10] [0m[INFO] [1782501534.890691468] [self_driving]: [1;33m0[0m[0m
[self_driving-10] [0m[INFO] [1782501534.983892950] [self_driving]: [1;33m0[0m[0m
[self_driving-10] [0m[INFO] [1782501535.056611709] [self_driving]: [1;33m0[0m[0m
[self_driving-10] [0m[INFO] [1782501535.057657802] [self_driving]: DEBUG_DRIVE lane_x=27.0, linear=0.30, linear_y=0.00, angular=0.10, stop=False, crosswalk_distance=0, start_slow_down=False[0m
[self_driving-10] [0m[INFO] [1782501535.145619450] [self_driving]: [1;33m0[0m[0m
[self_driving-10] [0m[INFO] [1782501535.146971190] [self_driving]: DEBUG_DRIVE lane_x=33.5, linear=0.30, linear_y=0.00, angular=0.10, stop=False, crosswalk_distance=0, start_slow_down=False[0m
[self_driving-10] [0m[INFO] [1782501535.246864024] [self_driving]: [1;33m0[0m[0m
[self_driving-10] [0m[INFO] [1782501535.249254079] [self_driving]: DEBUG_DRIVE lane_x=31.5, linear=0.30, linear_y=0.00, angular=0.10, stop=False, crosswalk_distance=0, start_slow_down=False[0m
[self_driving-10] [0m[INFO] [1782501535.291643024] [self_driving]: [1;33m0[0m[0m
[self_driving-10] [0m[INFO] [1782501535.293145264] [self_driving]: DEBUG_DRIVE lane_x=27.5, linear=0.30, linear_y=0.00, angular=0.10, stop=False, crosswalk_distance=0, start_slow_down=False[0m
[self_driving-10] [0m[INFO] [1782501535.344628338] [self_driving]: [1;33m0[0m[0m
[self_driving-10] [0m[INFO] [1782501535.345909949] [self_driving]: DEBUG_DRIVE lane_x=24.5, linear=0.30, linear_y=0.00, angular=0.10, stop=False, crosswalk_distance=0, start_slow_down=False[0m
[self_driving-10] [0m[INFO] [1782501535.426317598] [self_driving]: [1;33m0[0m[0m
[self_driving-10] [0m[INFO] [1782501535.428947468] [self_driving]: DEBUG_DRIVE lane_x=34.5, linear=0.30, linear_y=0.00, angular=0.10, stop=False, crosswalk_distance=0, start_slow_down=False[0m
[self_driving-10] [0m[INFO] [1782501535.490101709] [self_driving]: [1;33m0[0m[0m
[self_driving-10] [0m[INFO] [1782501535.492000635] [self_driving]: DEBUG_DRIVE lane_x=24.0, linear=0.30, linear_y=0.00, angular=0.10, stop=False, crosswalk_distance=0, start_slow_down=False[0m
[self_driving-10] [0m[INFO] [1782501535.548587579] [self_driving]: [1;33m0[0m[0m
[self_driving-10] [0m[INFO] [1782501535.625225597] [self_driving]: [1;33m0[0m[0m
[self_driving-10] [0m[INFO] [1782501535.678025857] [self_driving]: [1;33m0[0m[0m
[self_driving-10] [0m[INFO] [1782501535.761848746] [self_driving]: [1;33m0[0m[0m
[self_driving-10] [0m[INFO] [1782501535.826221079] [self_driving]: [1;33m0[0m[0m
[self_driving-10] [0m[INFO] [1782501535.878922431] [self_driving]: [1;33m0[0m[0m
[self_driving-10] [0m[INFO] [1782501535.938644968] [self_driving]: [1;33m0[0m[0m
[self_driving-10] [0m[INFO] [1782501536.023879171] [self_driving]: [1;33m0[0m[0m
[self_driving-10] [0m[INFO] [1782501536.072415801] [self_driving]: [1;33m0[0m[0m
[self_driving-10] [0m[INFO] [1782501536.171099079] [self_driving]: [1;33m0[0m[0m
[self_driving-10] [0m[INFO] [1782501536.224229467] [self_driving]: [1;33m0[0m[0m
[self_driving-10] [0m[INFO] [1782501536.297471560] [self_driving]: [1;33m0[0m[0m
[self_driving-10] [0m[INFO] [1782501536.361217708] [self_driving]: [1;33m0[0m[0m
[self_driving-10] [0m[INFO] [1782501536.420587782] [self_driving]: [1;33m0[0m[0m
[self_driving-10] [0m[INFO] [1782501536.481511708] [self_driving]: [1;33m0[0m[0m
[self_driving-10] [0m[INFO] [1782501536.550123264] [self_driving]: [1;33m0[0m[0m
[self_driving-10] [0m[INFO] [1782501536.617583745] [self_driving]: [1;33m0[0m[0m
[self_driving-10] [0m[INFO] [1782501536.699578856] [self_driving]: [1;33m0[0m[0m
[self_driving-10] [0m[INFO] [1782501536.700963541] [self_driving]: DEBUG_DRIVE lane_x=303.5, linear=0.30, linear_y=0.00, angular=-0.45, stop=False, crosswalk_distance=0, start_slow_down=False[0m
[self_driving-10] [0m[INFO] [1782501536.755406634] [self_driving]: [1;33m0[0m[0m
[self_driving-10] [0m[INFO] [1782501536.835700800] [self_driving]: [1;33m0[0m[0m
[self_driving-10] [0m[INFO] [1782501536.841452856] [self_driving]: DEBUG_DRIVE lane_x=235.5, linear=0.30, linear_y=0.00, angular=-0.45, stop=False, crosswalk_distance=0, start_slow_down=False[0m
[self_driving-10] [0m[INFO] [1782501536.888832726] [self_driving]: [1;33m0[0m[0m
[self_driving-10] [0m[INFO] [1782501536.968546004] [self_driving]: [1;33m0[0m[0m
[self_driving-10] [0m[INFO] [1782501537.032427448] [self_driving]: [1;33m0[0m[0m
[self_driving-10] [0m[INFO] [1782501537.097476060] [self_driving]: [1;33m0[0m[0m
[self_driving-10] [0m[INFO] [1782501537.154362189] [self_driving]: [1;33m0[0m[0m
[self_driving-10] [0m[INFO] [1782501537.244704171] [self_driving]: [1;33m0[0m[0m
[self_driving-10] [0m[INFO] [1782501537.307180134] [self_driving]: [1;33m0[0m[0m
[self_driving-10] [0m[INFO] [1782501537.369714559] [self_driving]: [1;33m0[0m[0m
[self_driving-10] [0m[INFO] [1782501537.429350689] [self_driving]: [1;33m0[0m[0m
[self_driving-10] [0m[INFO] [1782501537.504728819] [self_driving]: [1;33m0[0m[0m
[self_driving-10] [0m[INFO] [1782501537.566897393] [self_driving]: [1;33m0[0m[0m
[self_driving-10] [0m[INFO] [1782501537.647287189] [self_driving]: [1;33m0[0m[0m
[self_driving-10] [0m[INFO] [1782501537.706728596] [self_driving]: [1;33m0[0m[0m
[self_driving-10] [0m[INFO] [1782501537.778426318] [self_driving]: [1;33m0[0m[0m
[self_driving-10] [0m[INFO] [1782501537.836950559] [self_driving]: [1;33m0[0m[0m
[self_driving-10] [0m[INFO] [1782501537.897206226] [self_driving]: [1;33m0[0m[0m
[self_driving-10] [0m[INFO] [1782501537.985433189] [self_driving]: [1;33m0[0m[0m
[self_driving-10] [0m[INFO] [1782501538.049436689] [self_driving]: [1;33m0[0m[0m
[self_driving-10] [0m[INFO] [1782501538.109993948] [self_driving]: [1;33m0[0m[0m
[self_driving-10] [0m[INFO] [1782501538.165491485] [self_driving]: [1;33m0[0m[0m
[self_driving-10] [0m[INFO] [1782501538.248856985] [self_driving]: [1;33m0[0m[0m
[self_driving-10] [0m[INFO] [1782501538.306320263] [self_driving]: [1;33m0[0m[0m
[self_driving-10] [0m[INFO] [1782501538.374857170] [self_driving]: [1;33m0[0m[0m
[self_driving-10] [0m[INFO] [1782501538.431688262] [self_driving]: [1;33m0[0m[0m
[self_driving-10] [0m[INFO] [1782501538.506934577] [self_driving]: [1;33m0[0m[0m
[self_driving-10] [0m[INFO] [1782501538.580894059] [self_driving]: [1;33m0[0m[0m
[self_driving-10] [0m[INFO] [1782501538.656127262] [self_driving]: [1;33m0[0m[0m
[self_driving-10] [0m[INFO] [1782501538.712749688] [self_driving]: [1;33m0[0m[0m
[self_driving-10] [0m[INFO] [1782501538.772458799] [self_driving]: [1;33m0[0m[0m
[self_driving-10] [0m[INFO] [1782501538.853401836] [self_driving]: [1;33m0[0m[0m
[self_driving-10] [0m[INFO] [1782501538.910515021] [self_driving]: [1;33m0[0m[0m
[self_driving-10] [0m[INFO] [1782501538.991146429] [self_driving]: [1;33m0[0m[0m
[self_driving-10] [0m[INFO] [1782501539.044692947] [self_driving]: [1;33m0[0m[0m
[self_driving-10] [0m[INFO] [1782501539.121354873] [self_driving]: [1;33m0[0m[0m
[self_driving-10] [0m[INFO] [1782501539.180430799] [self_driving]: [1;33m0[0m[0m
[self_driving-10] [0m[INFO] [1782501539.237510595] [self_driving]: [1;33m0[0m[0m
[self_driving-10] [0m[INFO] [1782501539.300706392] [self_driving]: [1;33m0[0m[0m
[self_driving-10] [0m[INFO] [1782501539.406955762] [self_driving]: [1;33m0[0m[0m
[self_driving-10] [0m[INFO] [1782501539.450835354] [self_driving]: [1;33m0[0m[0m
[self_driving-10] [0m[INFO] [1782501539.521921003] [self_driving]: [1;33m0[0m[0m
[self_driving-10] [0m[INFO] [1782501539.570961577] [self_driving]: [1;33m0[0m[0m
[self_driving-10] [0m[INFO] [1782501539.662169725] [self_driving]: [1;33m0[0m[0m
[self_driving-10] [0m[INFO] [1782501539.718662947] [self_driving]: [1;33m0[0m[0m
[self_driving-10] [0m[INFO] [1782501539.719926595] [self_driving]: DEBUG_DRIVE lane_x=266.0, linear=0.30, linear_y=0.00, angular=-0.45, stop=False, crosswalk_distance=0, start_slow_down=False[0m
[self_driving-10] [0m[INFO] [1782501539.810472613] [self_driving]: [1;33m0[0m[0m
[self_driving-10] [0m[INFO] [1782501539.813137613] [self_driving]: DEBUG_DRIVE lane_x=272.0, linear=0.30, linear_y=0.00, angular=-0.45, stop=False, crosswalk_distance=0, start_slow_down=False[0m
[self_driving-10] [0m[INFO] [1782501539.850316984] [self_driving]: [1;33m0[0m[0m
[self_driving-10] [0m[INFO] [1782501539.855296613] [self_driving]: DEBUG_DRIVE lane_x=281.0, linear=0.30, linear_y=0.00, angular=-0.45, stop=False, crosswalk_distance=0, start_slow_down=False[0m
[self_driving-10] [0m[INFO] [1782501539.922326669] [self_driving]: [1;33m0[0m[0m
[self_driving-10] [0m[INFO] [1782501539.926306947] [self_driving]: DEBUG_DRIVE lane_x=238.0, linear=0.30, linear_y=0.00, angular=-0.45, stop=False, crosswalk_distance=0, start_slow_down=False[0m
[self_driving-10] [0m[INFO] [1782501539.990052021] [self_driving]: [1;33m0[0m[0m
[self_driving-10] [0m[INFO] [1782501539.993379502] [self_driving]: DEBUG_DRIVE lane_x=230.5, linear=0.30, linear_y=0.00, angular=-0.45, stop=False, crosswalk_distance=0, start_slow_down=False[0m
[self_driving-10] [0m[INFO] [1782501540.044357447] [self_driving]: [1;33m0[0m[0m
[self_driving-10] [0m[INFO] [1782501540.046892910] [self_driving]: DEBUG_DRIVE lane_x=215.5, linear=0.30, linear_y=0.00, angular=-0.45, stop=False, crosswalk_distance=0, start_slow_down=False[0m
[self_driving-10] [0m[INFO] [1782501540.122305576] [self_driving]: [1;33m0[0m[0m
[self_driving-10] [0m[INFO] [1782501540.123871947] [self_driving]: DEBUG_DRIVE lane_x=188.5, linear=0.30, linear_y=0.00, angular=0.00, stop=False, crosswalk_distance=0, start_slow_down=False[0m
[self_driving-10] [0m[INFO] [1782501540.183736984] [self_driving]: [1;33m0[0m[0m
[self_driving-10] [0m[INFO] [1782501540.184858058] [self_driving]: DEBUG_DRIVE lane_x=165.5, linear=0.30, linear_y=0.00, angular=0.00, stop=False, crosswalk_distance=0, start_slow_down=False[0m
[self_driving-10] [0m[INFO] [1782501540.268043410] [self_driving]: [1;33m0[0m[0m
[self_driving-10] [0m[INFO] [1782501540.324095058] [self_driving]: [1;33m0[0m[0m
[self_driving-10] [0m[INFO] [1782501540.390501095] [self_driving]: [1;33m0[0m[0m
[self_driving-10] [0m[INFO] [1782501540.458932835] [self_driving]: [1;33m0[0m[0m
[self_driving-10] [0m[INFO] [1782501540.459913780] [self_driving]: DEBUG_DRIVE lane_x=219.0, linear=0.30, linear_y=0.00, angular=-0.45, stop=False, crosswalk_distance=0, start_slow_down=False[0m
[self_driving-10] [0m[INFO] [1782501540.529465928] [self_driving]: [1;33m0[0m[0m
[self_driving-10] [0m[INFO] [1782501540.598063465] [self_driving]: [1;33m0[0m[0m
[self_driving-10] [0m[INFO] [1782501540.678150206] [self_driving]: [1;33m0[0m[0m
[self_driving-10] [0m[INFO] [1782501540.680261706] [self_driving]: DEBUG_DRIVE lane_x=306.0, linear=0.30, linear_y=0.00, angular=-0.45, stop=False, crosswalk_distance=0, start_slow_down=False[0m
[self_driving-10] [0m[INFO] [1782501540.730967428] [self_driving]: [1;33m0[0m[0m
[self_driving-10] [0m[INFO] [1782501540.734091650] [self_driving]: DEBUG_DRIVE lane_x=300.0, linear=0.30, linear_y=0.00, angular=-0.45, stop=False, crosswalk_distance=0, start_slow_down=False[0m
[self_driving-10] [0m[INFO] [1782501540.799525409] [self_driving]: [1;33m0[0m[0m
[self_driving-10] [0m[INFO] [1782501540.800520502] [self_driving]: DEBUG_DRIVE lane_x=296.0, linear=0.30, linear_y=0.00, angular=-0.45, stop=False, crosswalk_distance=0, start_slow_down=False[0m
[self_driving-10] [0m[INFO] [1782501540.858236224] [self_driving]: [1;33m0[0m[0m
[self_driving-10] [0m[INFO] [1782501540.859759113] [self_driving]: DEBUG_DRIVE lane_x=293.5, linear=0.30, linear_y=0.00, angular=-0.45, stop=False, crosswalk_distance=0, start_slow_down=False[0m
[self_driving-10] [0m[INFO] [1782501540.913626705] [self_driving]: [1;33m0[0m[0m
[self_driving-10] [0m[INFO] [1782501540.915522391] [self_driving]: DEBUG_DRIVE lane_x=304.5, linear=0.30, linear_y=0.00, angular=-0.45, stop=False, crosswalk_distance=0, start_slow_down=False[0m
[self_driving-10] [0m[INFO] [1782501540.993024557] [self_driving]: [1;33m0[0m[0m
[self_driving-10] [0m[INFO] [1782501540.995070354] [self_driving]: DEBUG_DRIVE lane_x=314.0, linear=0.30, linear_y=0.00, angular=-0.45, stop=False, crosswalk_distance=0, start_slow_down=False[0m
[self_driving-10] [0m[INFO] [1782501541.069148928] [self_driving]: [1;33m0[0m[0m
[self_driving-10] [0m[INFO] [1782501541.070432150] [self_driving]: DEBUG_DRIVE lane_x=190.5, linear=0.30, linear_y=0.00, angular=0.00, stop=False, crosswalk_distance=0, start_slow_down=False[0m
[self_driving-10] [0m[INFO] [1782501541.136092261] [self_driving]: [1;33m0[0m[0m
[self_driving-10] [0m[INFO] [1782501541.137552039] [self_driving]: DEBUG_DRIVE lane_x=225.0, linear=0.30, linear_y=0.00, angular=-0.45, stop=False, crosswalk_distance=0, start_slow_down=False[0m
[self_driving-10] [0m[INFO] [1782501541.195616705] [self_driving]: [1;33m0[0m[0m
[self_driving-10] [0m[INFO] [1782501541.196856205] [self_driving]: DEBUG_DRIVE lane_x=256.0, linear=0.30, linear_y=0.00, angular=-0.45, stop=False, crosswalk_distance=0, start_slow_down=False[0m
[self_driving-10] [0m[INFO] [1782501541.266170631] [self_driving]: [1;33m0[0m[0m
[self_driving-10] [0m[INFO] [1782501541.267466224] [self_driving]: DEBUG_DRIVE lane_x=259.5, linear=0.30, linear_y=0.00, angular=-0.45, stop=False, crosswalk_distance=0, start_slow_down=False[0m
[self_driving-10] [0m[INFO] [1782501541.325306687] [self_driving]: [1;33m0[0m[0m
[self_driving-10] [0m[INFO] [1782501541.326519298] [self_driving]: DEBUG_DRIVE lane_x=235.5, linear=0.30, linear_y=0.00, angular=-0.45, stop=False, crosswalk_distance=0, start_slow_down=False[0m
[self_driving-10] [0m[INFO] [1782501541.403559668] [self_driving]: [1;33m0[0m[0m
[self_driving-10] [0m[INFO] [1782501541.407409576] [self_driving]: DEBUG_DRIVE lane_x=224.0, linear=0.30, linear_y=0.00, angular=-0.45, stop=False, crosswalk_distance=0, start_slow_down=False[0m
[self_driving-10] [0m[INFO] [1782501541.478054798] [self_driving]: [1;33m0[0m[0m
[self_driving-10] [0m[INFO] [1782501541.480383501] [self_driving]: DEBUG_DRIVE lane_x=211.0, linear=0.30, linear_y=0.00, angular=-0.45, stop=False, crosswalk_distance=0, start_slow_down=False[0m
[self_driving-10] [0m[INFO] [1782501541.546409501] [self_driving]: [1;33m0[0m[0m
[self_driving-10] [0m[INFO] [1782501541.548798298] [self_driving]: DEBUG_DRIVE lane_x=161.5, linear=0.30, linear_y=0.00, angular=0.00, stop=False, crosswalk_distance=0, start_slow_down=False[0m
[self_driving-10] [0m[INFO] [1782501541.606986557] [self_driving]: [1;33m0[0m[0m
[self_driving-10] [0m[INFO] [1782501541.608019075] [self_driving]: DEBUG_DRIVE lane_x=143.5, linear=0.30, linear_y=0.00, angular=0.00, stop=False, crosswalk_distance=0, start_slow_down=False[0m
[self_driving-10] [0m[INFO] [1782501541.671334723] [self_driving]: [1;33m0[0m[0m
[self_driving-10] [0m[INFO] [1782501541.672990001] [self_driving]: DEBUG_DRIVE lane_x=237.0, linear=0.30, linear_y=0.00, angular=-0.45, stop=False, crosswalk_distance=0, start_slow_down=False[0m
[self_driving-10] [0m[INFO] [1782501541.740606742] [self_driving]: [1;33m0[0m[0m
[self_driving-10] [0m[INFO] [1782501541.742007723] [self_driving]: DEBUG_DRIVE lane_x=129.5, linear=0.30, linear_y=0.00, angular=0.00, stop=False, crosswalk_distance=0, start_slow_down=False[0m
[self_driving-10] [0m[INFO] [1782501541.790537038] [self_driving]: [1;33m0[0m[0m
[self_driving-10] [0m[INFO] [1782501541.792536557] [self_driving]: DEBUG_DRIVE lane_x=211.0, linear=0.30, linear_y=0.00, angular=-0.45, stop=False, crosswalk_distance=0, start_slow_down=False[0m
[self_driving-10] [0m[INFO] [1782501541.871389797] [self_driving]: [1;33m0[0m[0m
[self_driving-10] [0m[INFO] [1782501541.873463372] [self_driving]: DEBUG_DRIVE lane_x=256.0, linear=0.30, linear_y=0.00, angular=-0.45, stop=False, crosswalk_distance=0, start_slow_down=False[0m
[self_driving-10] [0m[INFO] [1782501541.941444557] [self_driving]: [1;33m0[0m[0m
[self_driving-10] [0m[INFO] [1782501541.943230316] [self_driving]: DEBUG_DRIVE lane_x=137.5, linear=0.30, linear_y=0.00, angular=-0.10, stop=False, crosswalk_distance=0, start_slow_down=False[0m
[self_driving-10] [0m[INFO] [1782501541.997113890] [self_driving]: [1;33m0[0m[0m
[self_driving-10] [0m[INFO] [1782501542.000782742] [self_driving]: DEBUG_DRIVE lane_x=234.5, linear=0.30, linear_y=0.00, angular=-0.45, stop=False, crosswalk_distance=0, start_slow_down=False[0m
[self_driving-10] [0m[INFO] [1782501542.062640427] [self_driving]: [1;33m0[0m[0m
[self_driving-10] [0m[INFO] [1782501542.065062094] [self_driving]: DEBUG_DRIVE lane_x=208.0, linear=0.30, linear_y=0.00, angular=-0.45, stop=False, crosswalk_distance=0, start_slow_down=False[0m
[self_driving-10] [0m[INFO] [1782501542.138552168] [self_driving]: [1;33m0[0m[0m
[self_driving-10] [0m[INFO] [1782501542.140020205] [self_driving]: DEBUG_DRIVE lane_x=305.0, linear=0.30, linear_y=0.00, angular=-0.45, stop=False, crosswalk_distance=0, start_slow_down=False[0m
[self_driving-10] [0m[INFO] [1782501542.211229612] [self_driving]: [1;33m0[0m[0m
[self_driving-10] [0m[INFO] [1782501542.217171705] [self_driving]: DEBUG_DRIVE lane_x=295.0, linear=0.30, linear_y=0.00, angular=-0.45, stop=False, crosswalk_distance=0, start_slow_down=False[0m
[self_driving-10] [0m[INFO] [1782501542.253785316] [self_driving]: objects=1[0m
[self_driving-10] [0m[INFO] [1782501542.257427519] [self_driving]: [DET] crosswalk: cx=318, cy=328, box=array('i', [271, 318, 365, 338]), score=0.88[0m
[self_driving-10] [0m[INFO] [1782501542.291371742] [self_driving]: [1;33m328[0m[0m
[self_driving-10] [0m[INFO] [1782501542.293563112] [self_driving]: DEBUG_DRIVE lane_x=183.5, linear=0.30, linear_y=0.00, angular=-0.10, stop=False, crosswalk_distance=328, start_slow_down=False[0m
[self_driving-10] [0m[INFO] [1782501542.347553001] [self_driving]: [1;33m328[0m[0m
[self_driving-10] [0m[INFO] [1782501542.349003316] [self_driving]: DEBUG_DRIVE lane_x=156.0, linear=0.30, linear_y=0.00, angular=0.10, stop=False, crosswalk_distance=328, start_slow_down=False[0m
[self_driving-10] [0m[INFO] [1782501542.415200056] [self_driving]: [1;33m328[0m[0m
[self_driving-10] [0m[INFO] [1782501542.417436038] [self_driving]: DEBUG_DRIVE lane_x=193.5, linear=0.15, linear_y=0.00, angular=-0.10, stop=False, crosswalk_distance=328, start_slow_down=True[0m
[self_driving-10] [0m[INFO] [1782501542.478982779] [self_driving]: [1;33m328[0m[0m
[self_driving-10] [0m[INFO] [1782501542.481024982] [self_driving]: DEBUG_DRIVE lane_x=188.5, linear=0.15, linear_y=0.00, angular=-0.10, stop=False, crosswalk_distance=328, start_slow_down=True[0m
[self_driving-10] [0m[INFO] [1782501542.546268390] [self_driving]: [1;33m328[0m[0m
[self_driving-10] [0m[INFO] [1782501542.548034334] [self_driving]: DEBUG_DRIVE lane_x=212.5, linear=0.15, linear_y=0.00, angular=-0.45, stop=False, crosswalk_distance=328, start_slow_down=True[0m
[self_driving-10] [0m[INFO] [1782501542.615783204] [self_driving]: [1;33m328[0m[0m
[self_driving-10] [0m[INFO] [1782501542.617793075] [self_driving]: DEBUG_DRIVE lane_x=185.5, linear=0.15, linear_y=0.00, angular=-0.10, stop=False, crosswalk_distance=328, start_slow_down=True[0m
[self_driving-10] [0m[INFO] [1782501542.663446797] [self_driving]: [1;33m328[0m[0m
[self_driving-10] [0m[INFO] [1782501542.665138223] [self_driving]: DEBUG_DRIVE lane_x=159.5, linear=0.15, linear_y=0.00, angular=0.10, stop=False, crosswalk_distance=328, start_slow_down=True[0m
[self_driving-10] [0m[INFO] [1782501542.695725815] [self_driving]: objects=1[0m
[self_driving-10] [0m[INFO] [1782501542.696272760] [self_driving]: [DET] crosswalk: cx=170, cy=375, box=array('i', [119, 364, 222, 386]), score=0.84[0m
[self_driving-10] [0m[INFO] [1782501542.699157093] [self_driving]: objects=1[0m
[self_driving-10] [0m[INFO] [1782501542.700655519] [self_driving]: [DET] crosswalk: cx=295, cy=38, box=array('i', [7, 6, 583, 70]), score=0.48[0m
[self_driving-10] [0m[INFO] [1782501542.704472649] [self_driving]: objects=1[0m
[self_driving-10] [0m[INFO] [1782501542.706541112] [self_driving]: [DET] crosswalk: cx=593, cy=354, box=array('i', [551, 343, 635, 366]), score=0.32[0m
[self_driving-10] [0m[INFO] [1782501542.773216038] [self_driving]: [1;33m354[0m[0m
[self_driving-10] [0m[INFO] [1782501542.775774056] [self_driving]: DEBUG_DRIVE lane_x=280.0, linear=0.15, linear_y=0.00, angular=-0.45, stop=False, crosswalk_distance=354, start_slow_down=True[0m
[self_driving-10] [0m[INFO] [1782501542.820460612] [self_driving]: [1;33m354[0m[0m
[self_driving-10] [0m[INFO] [1782501542.821619001] [self_driving]: DEBUG_DRIVE lane_x=134.0, linear=0.15, linear_y=0.00, angular=0.10, stop=False, crosswalk_distance=354, start_slow_down=True[0m
[self_driving-10] [0m[INFO] [1782501542.889566149] [self_driving]: [1;33m354[0m[0m
[self_driving-10] [0m[INFO] [1782501542.891460519] [self_driving]: DEBUG_DRIVE lane_x=157.0, linear=0.15, linear_y=0.00, angular=-0.10, stop=False, crosswalk_distance=354, start_slow_down=True[0m
[self_driving-10] [0m[INFO] [1782501542.950179463] [self_driving]: [1;33m354[0m[0m
[self_driving-10] [0m[INFO] [1782501542.953470556] [self_driving]: DEBUG_DRIVE lane_x=152.0, linear=0.15, linear_y=0.00, angular=-0.10, stop=False, crosswalk_distance=354, start_slow_down=True[0m
[self_driving-10] [0m[INFO] [1782501543.016477852] [self_driving]: [1;33m354[0m[0m
[self_driving-10] [0m[INFO] [1782501543.019740093] [self_driving]: DEBUG_DRIVE lane_x=135.0, linear=0.15, linear_y=0.00, angular=0.10, stop=False, crosswalk_distance=354, start_slow_down=True[0m
[self_driving-10] [0m[INFO] [1782501543.065677167] [self_driving]: [1;33m354[0m[0m
[self_driving-10] [0m[INFO] [1782501543.067673075] [self_driving]: DEBUG_DRIVE lane_x=127.5, linear=0.15, linear_y=0.00, angular=0.10, stop=False, crosswalk_distance=354, start_slow_down=True[0m
[self_driving-10] [0m[INFO] [1782501543.111548797] [self_driving]: objects=1[0m
[self_driving-10] [0m[INFO] [1782501543.113661630] [self_driving]: [DET] crosswalk: cx=482, cy=324, box=array('i', [432, 307, 533, 341]), score=0.88[0m
[self_driving-10] [0m[INFO] [1782501543.117742074] [self_driving]: objects=1[0m
[self_driving-10] [0m[INFO] [1782501543.118338482] [self_driving]: [DET] crosswalk: cx=301, cy=384, box=array('i', [234, 357, 369, 411]), score=0.81[0m
[self_driving-10] [0m[INFO] [1782501543.170964982] [self_driving]: [1;33m384[0m[0m
[self_driving-10] [0m[INFO] [1782501543.172246760] [self_driving]: DEBUG_DRIVE lane_x=132.0, linear=0.15, linear_y=0.00, angular=-0.10, stop=False, crosswalk_distance=384, start_slow_down=True[0m
[self_driving-10] [0m[INFO] [1782501543.213216741] [self_driving]: [1;33m384[0m[0m
[self_driving-10] [0m[INFO] [1782501543.216449556] [self_driving]: DEBUG_DRIVE lane_x=143.0, linear=0.15, linear_y=0.00, angular=-0.10, stop=False, crosswalk_distance=384, start_slow_down=True[0m
[self_driving-10] [0m[INFO] [1782501543.288174019] [self_driving]: [1;33m384[0m[0m
[self_driving-10] [0m[INFO] [1782501543.289573667] [self_driving]: DEBUG_DRIVE lane_x=156.0, linear=0.15, linear_y=0.00, angular=-0.10, stop=False, crosswalk_distance=384, start_slow_down=True[0m
[self_driving-10] [0m[INFO] [1782501543.342414130] [self_driving]: [1;33m384[0m[0m
[self_driving-10] [0m[INFO] [1782501543.344650315] [self_driving]: DEBUG_DRIVE lane_x=154.5, linear=0.15, linear_y=0.00, angular=-0.10, stop=False, crosswalk_distance=384, start_slow_down=True[0m
[self_driving-10] [0m[INFO] [1782501543.412322241] [self_driving]: [1;33m384[0m[0m
[self_driving-10] [0m[INFO] [1782501543.413493871] [self_driving]: DEBUG_DRIVE lane_x=123.5, linear=0.15, linear_y=0.00, angular=0.10, stop=False, crosswalk_distance=384, start_slow_down=True[0m
[self_driving-10] [0m[INFO] [1782501543.490137426] [self_driving]: [1;33m384[0m[0m
[self_driving-10] [0m[INFO] [1782501543.491807519] [self_driving]: DEBUG_DRIVE lane_x=86.5, linear=0.15, linear_y=0.00, angular=0.10, stop=False, crosswalk_distance=384, start_slow_down=True[0m
[self_driving-10] [0m[INFO] [1782501543.541966093] [self_driving]: [1;33m384[0m[0m
[self_driving-10] [0m[INFO] [1782501543.547072833] [self_driving]: objects=1[0m
[self_driving-10] [0m[INFO] [1782501543.549193371] [self_driving]: [DET] crosswalk: cx=533, cy=321, box=array('i', [475, 294, 592, 349]), score=0.71[0m
[self_driving-10] [0m[INFO] [1782501543.549775815] [self_driving]: DEBUG_DRIVE lane_x=43.0, linear=0.15, linear_y=0.00, angular=0.10, stop=False, crosswalk_distance=384, start_slow_down=True[0m
[self_driving-10] [0m[INFO] [1782501543.625655519] [self_driving]: [1;33m321[0m[0m
[self_driving-10] [0m[INFO] [1782501543.702042945] [self_driving]: [1;33m321[0m[0m
[self_driving-10] [0m[INFO] [1782501543.745123963] [self_driving]: [1;33m321[0m[0m
[self_driving-10] [0m[INFO] [1782501543.747596907] [self_driving]: DEBUG_DRIVE lane_x=27.5, linear=0.15, linear_y=0.00, angular=0.10, stop=False, crosswalk_distance=321, start_slow_down=True[0m
[self_driving-10] [0m[INFO] [1782501543.816549685] [self_driving]: [1;33m321[0m[0m
[self_driving-10] [0m[INFO] [1782501543.821736296] [self_driving]: DEBUG_DRIVE lane_x=41.5, linear=0.15, linear_y=0.00, angular=0.10, stop=False, crosswalk_distance=321, start_slow_down=True[0m
[self_driving-10] [0m[INFO] [1782501543.882648963] [self_driving]: [1;33m321[0m[0m
[self_driving-10] [0m[INFO] [1782501543.885110926] [self_driving]: DEBUG_DRIVE lane_x=39.0, linear=0.15, linear_y=0.00, angular=0.10, stop=False, crosswalk_distance=321, start_slow_down=True[0m
[self_driving-10] [0m[INFO] [1782501543.955356333] [self_driving]: [1;33m321[0m[0m
[self_driving-10] [0m[INFO] [1782501543.956860907] [self_driving]: DEBUG_DRIVE lane_x=39.0, linear=0.15, linear_y=0.00, angular=0.10, stop=False, crosswalk_distance=321, start_slow_down=True[0m
[self_driving-10] [0m[INFO] [1782501543.964865018] [self_driving]: objects=1[0m
[self_driving-10] [0m[INFO] [1782501543.965795796] [self_driving]: [DET] crosswalk: cx=304, cy=385, box=array('i', [201, 348, 408, 422]), score=0.88[0m
[self_driving-10] [0m[INFO] [1782501543.968120407] [self_driving]: objects=1[0m
[self_driving-10] [0m[INFO] [1782501543.970016055] [self_driving]: [DET] park: cx=608, cy=137, box=array('i', [603, 130, 614, 144]), score=0.33[0m
[self_driving-10] [0m[INFO] [1782501544.035326852] [self_driving]: [1;33m0[0m[0m
[self_driving-10] [0m[INFO] [1782501544.039502518] [self_driving]: DEBUG_DRIVE lane_x=43.0, linear=0.15, linear_y=0.00, angular=0.10, stop=False, crosswalk_distance=0, start_slow_down=True[0m
[self_driving-10] [0m[INFO] [1782501544.093300741] [self_driving]: [1;33m0[0m[0m
[self_driving-10] [0m[INFO] [1782501544.094754111] [self_driving]: DEBUG_DRIVE lane_x=43.0, linear=0.15, linear_y=0.00, angular=0.10, stop=False, crosswalk_distance=0, start_slow_down=True[0m
[self_driving-10] [0m[INFO] [1782501544.152421741] [self_driving]: [1;33m0[0m[0m
[self_driving-10] [0m[INFO] [1782501544.154526296] [self_driving]: DEBUG_DRIVE lane_x=41.5, linear=0.15, linear_y=0.00, angular=0.10, stop=False, crosswalk_distance=0, start_slow_down=True[0m
[self_driving-10] [0m[INFO] [1782501544.228961518] [self_driving]: [1;33m0[0m[0m
[self_driving-10] [0m[INFO] [1782501544.230887815] [self_driving]: DEBUG_DRIVE lane_x=42.0, linear=0.15, linear_y=0.00, angular=0.10, stop=False, crosswalk_distance=0, start_slow_down=True[0m
[self_driving-10] [0m[INFO] [1782501544.286204333] [self_driving]: [1;33m0[0m[0m
[self_driving-10] [0m[INFO] [1782501544.287665777] [self_driving]: DEBUG_DRIVE lane_x=43.0, linear=0.15, linear_y=0.00, angular=0.10, stop=False, crosswalk_distance=0, start_slow_down=True[0m
[self_driving-10] [0m[INFO] [1782501544.358892870] [self_driving]: [1;33m0[0m[0m
[self_driving-10] [0m[INFO] [1782501544.360628611] [self_driving]: DEBUG_DRIVE lane_x=45.0, linear=0.15, linear_y=0.00, angular=0.10, stop=False, crosswalk_distance=0, start_slow_down=True[0m
[self_driving-10] [0m[INFO] [1782501544.370294389] [self_driving]: objects=1[0m
[self_driving-10] [0m[INFO] [1782501544.372008463] [self_driving]: [DET] crosswalk: cx=328, cy=238, box=array('i', [219, 224, 438, 252]), score=0.91[0m
[self_driving-10] [0m[INFO] [1782501544.379911574] [self_driving]: objects=1[0m
[self_driving-10] [0m[INFO] [1782501544.381576240] [self_driving]: [DET] crosswalk: cx=308, cy=166, box=array('i', [240, 159, 377, 173]), score=0.85[0m
[self_driving-10] [0m[INFO] [1782501544.439265851] [self_driving]: [1;33m166[0m[0m
[self_driving-10] [0m[INFO] [1782501544.441525222] [self_driving]: DEBUG_DRIVE lane_x=44.0, linear=0.15, linear_y=0.00, angular=0.10, stop=False, crosswalk_distance=166, start_slow_down=True[0m
[self_driving-10] [0m[INFO] [1782501544.504398870] [self_driving]: [1;33m166[0m[0m
[self_driving-10] [0m[INFO] [1782501544.508615148] [self_driving]: DEBUG_DRIVE lane_x=49.0, linear=0.15, linear_y=0.00, angular=0.10, stop=False, crosswalk_distance=166, start_slow_down=True[0m
[self_driving-10] [0m[INFO] [1782501544.559054481] [self_driving]: [1;33m166[0m[0m
[self_driving-10] [0m[INFO] [1782501544.563220963] [self_driving]: DEBUG_DRIVE lane_x=50.5, linear=0.15, linear_y=0.00, angular=0.10, stop=False, crosswalk_distance=166, start_slow_down=True[0m
[self_driving-10] [0m[INFO] [1782501544.621725592] [self_driving]: [1;33m166[0m[0m
[self_driving-10] [0m[INFO] [1782501544.626387611] [self_driving]: DEBUG_DRIVE lane_x=54.0, linear=0.15, linear_y=0.00, angular=0.10, stop=False, crosswalk_distance=166, start_slow_down=True[0m
[self_driving-10] [0m[INFO] [1782501544.699133611] [self_driving]: [1;33m166[0m[0m
[self_driving-10] [0m[INFO] [1782501544.700330722] [self_driving]: DEBUG_DRIVE lane_x=58.0, linear=0.15, linear_y=0.00, angular=0.10, stop=False, crosswalk_distance=166, start_slow_down=True[0m
[self_driving-10] [0m[INFO] [1782501544.770311240] [self_driving]: [1;33m166[0m[0m
[self_driving-10] [0m[INFO] [1782501544.774035425] [self_driving]: DEBUG_DRIVE lane_x=60.0, linear=0.15, linear_y=0.00, angular=0.10, stop=False, crosswalk_distance=166, start_slow_down=True[0m
[self_driving-10] [0m[INFO] [1782501544.824739536] [self_driving]: [1;33m166[0m[0m
[self_driving-10] [0m[INFO] [1782501544.828431870] [self_driving]: DEBUG_DRIVE lane_x=65.0, linear=0.15, linear_y=0.00, angular=0.10, stop=False, crosswalk_distance=166, start_slow_down=True[0m
[self_driving-10] [0m[INFO] [1782501544.893637110] [self_driving]: [1;33m166[0m[0m
[self_driving-10] [0m[INFO] [1782501544.895729555] [self_driving]: DEBUG_DRIVE lane_x=59.5, linear=0.15, linear_y=0.00, angular=0.10, stop=False, crosswalk_distance=166, start_slow_down=True[0m
[self_driving-10] [0m[INFO] [1782501544.941700536] [self_driving]: objects=1[0m
[self_driving-10] [0m[INFO] [1782501544.943149740] [self_driving]: [DET] crosswalk: cx=336, cy=173, box=array('i', [270, 167, 403, 179]), score=0.67[0m
[self_driving-10] [0m[INFO] [1782501544.974673962] [self_driving]: [1;33m173[0m[0m
[self_driving-10] [0m[INFO] [1782501544.976858277] [self_driving]: DEBUG_DRIVE lane_x=75.5, linear=0.15, linear_y=0.00, angular=0.10, stop=False, crosswalk_distance=173, start_slow_down=True[0m
[self_driving-10] [0m[INFO] [1782501545.029962833] [self_driving]: [1;33m173[0m[0m
[self_driving-10] [0m[INFO] [1782501545.033824203] [self_driving]: DEBUG_DRIVE lane_x=83.0, linear=0.15, linear_y=0.00, angular=0.10, stop=False, crosswalk_distance=173, start_slow_down=True[0m
[self_driving-10] [0m[INFO] [1782501545.107720981] [self_driving]: [1;33m173[0m[0m
[self_driving-10] [0m[INFO] [1782501545.111078333] [self_driving]: DEBUG_DRIVE lane_x=82.5, linear=0.15, linear_y=0.00, angular=0.10, stop=False, crosswalk_distance=173, start_slow_down=False[0m
[self_driving-10] [0m[INFO] [1782501545.164737907] [self_driving]: [1;33m173[0m[0m
[self_driving-10] [0m[INFO] [1782501545.166162721] [self_driving]: DEBUG_DRIVE lane_x=80.5, linear=0.15, linear_y=0.00, angular=0.10, stop=False, crosswalk_distance=173, start_slow_down=False[0m
[self_driving-10] [0m[INFO] [1782501545.232726444] [self_driving]: [1;33m173[0m[0m
[self_driving-10] [0m[INFO] [1782501545.234181944] [self_driving]: DEBUG_DRIVE lane_x=91.0, linear=0.15, linear_y=0.00, angular=0.10, stop=False, crosswalk_distance=173, start_slow_down=False[0m
[self_driving-10] [0m[INFO] [1782501545.286884536] [self_driving]: [1;33m173[0m[0m
[self_driving-10] [0m[INFO] [1782501545.289893258] [self_driving]: DEBUG_DRIVE lane_x=96.5, linear=0.15, linear_y=0.00, angular=0.10, stop=False, crosswalk_distance=173, start_slow_down=True[0m
[self_driving-10] [0m[INFO] [1782501545.336688795] [self_driving]: objects=1[0m
[self_driving-10] [0m[INFO] [1782501545.339523888] [self_driving]: [DET] crosswalk: cx=332, cy=178, box=array('i', [267, 175, 397, 181]), score=0.73[0m
[self_driving-10] [0m[INFO] [1782501545.345845981] [self_driving]: objects=1[0m
[self_driving-10] [0m[INFO] [1782501545.349738573] [self_driving]: [DET] green: cx=604, cy=131, box=array('i', [591, 120, 617, 143]), score=0.27[0m
[self_driving-10] [0m[INFO] [1782501545.383156129] [self_driving]: [1;33m0[0m[0m
[self_driving-10] [0m[INFO] [1782501545.384674981] [self_driving]: DEBUG_DRIVE lane_x=102.5, linear=0.15, linear_y=0.00, angular=0.10, stop=False, crosswalk_distance=0, start_slow_down=True[0m
[self_driving-10] [0m[INFO] [1782501545.430440888] [self_driving]: [1;33m0[0m[0m
[self_driving-10] [0m[INFO] [1782501545.431928758] [self_driving]: DEBUG_DRIVE lane_x=106.0, linear=0.15, linear_y=0.00, angular=0.10, stop=False, crosswalk_distance=0, start_slow_down=True[0m
[self_driving-10] [0m[INFO] [1782501545.498889536] [self_driving]: [1;33m0[0m[0m
[self_driving-10] [0m[INFO] [1782501545.500258777] [self_driving]: DEBUG_DRIVE lane_x=107.0, linear=0.15, linear_y=0.00, angular=0.10, stop=False, crosswalk_distance=0, start_slow_down=True[0m
[self_driving-10] [0m[INFO] [1782501545.573368055] [self_driving]: [1;33m0[0m[0m
[self_driving-10] [0m[INFO] [1782501545.575622351] [self_driving]: DEBUG_DRIVE lane_x=109.0, linear=0.15, linear_y=0.00, angular=0.10, stop=False, crosswalk_distance=0, start_slow_down=True[0m
[self_driving-10] [0m[INFO] [1782501545.633323406] [self_driving]: [1;33m0[0m[0m
[self_driving-10] [0m[INFO] [1782501545.634845221] [self_driving]: DEBUG_DRIVE lane_x=112.5, linear=0.15, linear_y=0.00, angular=0.10, stop=False, crosswalk_distance=0, start_slow_down=True[0m
[self_driving-10] [0m[INFO] [1782501545.699361666] [self_driving]: [1;33m0[0m[0m
[self_driving-10] [0m[INFO] [1782501545.701356462] [self_driving]: DEBUG_DRIVE lane_x=112.5, linear=0.15, linear_y=0.00, angular=0.10, stop=False, crosswalk_distance=0, start_slow_down=True[0m
[self_driving-10] [0m[INFO] [1782501545.760107610] [self_driving]: objects=1[0m
[self_driving-10] [0m[INFO] [1782501545.763364591] [self_driving]: [DET] crosswalk: cx=361, cy=177, box=array('i', [293, 174, 430, 180]), score=0.73[0m
[self_driving-10] [0m[INFO] [1782501545.768424832] [self_driving]: [1;33m177[0m[0m
[self_driving-10] [0m[INFO] [1782501545.772912777] [self_driving]: DEBUG_DRIVE lane_x=125.5, linear=0.15, linear_y=0.00, angular=-0.10, stop=False, crosswalk_distance=177, start_slow_down=True[0m
[self_driving-10] [0m[INFO] [1782501545.838081073] [self_driving]: [1;33m177[0m[0m
[self_driving-10] [0m[INFO] [1782501545.839494462] [self_driving]: DEBUG_DRIVE lane_x=126.5, linear=0.15, linear_y=0.00, angular=0.10, stop=False, crosswalk_distance=177, start_slow_down=True[0m
[self_driving-10] [0m[INFO] [1782501545.898972147] [self_driving]: [1;33m177[0m[0m
[self_driving-10] [0m[INFO] [1782501545.901132165] [self_driving]: DEBUG_DRIVE lane_x=131.0, linear=0.15, linear_y=0.00, angular=-0.10, stop=False, crosswalk_distance=177, start_slow_down=True[0m
[self_driving-10] [0m[INFO] [1782501545.971412165] [self_driving]: [1;33m177[0m[0m
[self_driving-10] [0m[INFO] [1782501545.973869221] [self_driving]: DEBUG_DRIVE lane_x=131.0, linear=0.15, linear_y=0.00, angular=-0.10, stop=False, crosswalk_distance=177, start_slow_down=True[0m
[self_driving-10] [0m[INFO] [1782501546.044473073] [self_driving]: [1;33m177[0m[0m
[self_driving-10] [0m[INFO] [1782501546.047129888] [self_driving]: DEBUG_DRIVE lane_x=142.5, linear=0.15, linear_y=0.00, angular=-0.10, stop=False, crosswalk_distance=177, start_slow_down=True[0m
[self_driving-10] [0m[INFO] [1782501546.106675591] [self_driving]: [1;33m177[0m[0m
[self_driving-10] [0m[INFO] [1782501546.109718925] [self_driving]: DEBUG_DRIVE lane_x=152.5, linear=0.15, linear_y=0.00, angular=-0.10, stop=False, crosswalk_distance=177, start_slow_down=True[0m
[self_driving-10] [0m[INFO] [1782501546.157031665] [self_driving]: objects=1[0m
[self_driving-10] [0m[INFO] [1782501546.157848313] [self_driving]: [DET] crosswalk: cx=389, cy=207, box=array('i', [260, 200, 519, 215]), score=0.88[0m
[self_driving-10] [0m[INFO] [1782501546.181987906] [self_driving]: objects=1[0m
[self_driving-10] [0m[INFO] [1782501546.193448369] [self_driving]: [1;33m207[0m[0m
[self_driving-10] [0m[INFO] [1782501546.198871462] [self_driving]: DEBUG_DRIVE lane_x=150.5, linear=0.15, linear_y=0.00, angular=-0.10, stop=False, crosswalk_distance=207, start_slow_down=True[0m
[self_driving-10] [0m[INFO] [1782501546.201107499] [self_driving]: [DET] crosswalk: cx=386, cy=176, box=array('i', [312, 173, 460, 180]), score=0.70[0m
[self_driving-10] [0m[INFO] [1782501546.253862424] [self_driving]: [1;33m176[0m[0m
[self_driving-10] [0m[INFO] [1782501546.257402054] [self_driving]: DEBUG_DRIVE lane_x=151.0, linear=0.15, linear_y=0.00, angular=-0.10, stop=False, crosswalk_distance=176, start_slow_down=True[0m
[self_driving-10] [0m[INFO] [1782501546.311561906] [self_driving]: [1;33m176[0m[0m
[self_driving-10] [0m[INFO] [1782501546.312947702] [self_driving]: DEBUG_DRIVE lane_x=145.5, linear=0.15, linear_y=0.00, angular=-0.10, stop=False, crosswalk_distance=176, start_slow_down=True[0m
[self_driving-10] [0m[INFO] [1782501546.375042869] [self_driving]: [1;33m176[0m[0m
[self_driving-10] [0m[INFO] [1782501546.377181665] [self_driving]: DEBUG_DRIVE lane_x=143.0, linear=0.15, linear_y=0.00, angular=-0.10, stop=False, crosswalk_distance=176, start_slow_down=True[0m
[self_driving-10] [0m[INFO] [1782501546.441158610] [self_driving]: [1;33m176[0m[0m
[self_driving-10] [0m[INFO] [1782501546.442237332] [self_driving]: DEBUG_DRIVE lane_x=146.5, linear=0.15, linear_y=0.00, angular=-0.10, stop=False, crosswalk_distance=176, start_slow_down=True[0m
[self_driving-10] [0m[INFO] [1782501546.511441776] [self_driving]: [1;33m176[0m[0m
[self_driving-10] [0m[INFO] [1782501546.514096795] [self_driving]: DEBUG_DRIVE lane_x=147.5, linear=0.15, linear_y=0.00, angular=-0.10, stop=False, crosswalk_distance=176, start_slow_down=True[0m
[self_driving-10] [0m[INFO] [1782501546.567759758] [self_driving]: objects=1[0m
[self_driving-10] [0m[INFO] [1782501546.570897258] [self_driving]: [DET] crosswalk: cx=415, cy=178, box=array('i', [337, 174, 493, 182]), score=0.74[0m
[self_driving-10] [0m[INFO] [1782501546.573868554] [self_driving]: [1;33m178[0m[0m
[self_driving-10] [0m[INFO] [1782501546.576840776] [self_driving]: DEBUG_DRIVE lane_x=146.0, linear=0.15, linear_y=0.00, angular=-0.10, stop=False, crosswalk_distance=178, start_slow_down=True[0m
[self_driving-10] [0m[INFO] [1782501546.659303702] [self_driving]: [1;33m178[0m[0m
[self_driving-10] [0m[INFO] [1782501546.661454313] [self_driving]: DEBUG_DRIVE lane_x=148.0, linear=0.15, linear_y=0.00, angular=-0.10, stop=False, crosswalk_distance=178, start_slow_down=True[0m
[self_driving-10] [0m[INFO] [1782501546.716515313] [self_driving]: [1;33m178[0m[0m
[self_driving-10] [0m[INFO] [1782501546.721479406] [self_driving]: DEBUG_DRIVE lane_x=146.5, linear=0.15, linear_y=0.00, angular=-0.10, stop=False, crosswalk_distance=178, start_slow_down=True[0m
[self_driving-10] [0m[INFO] [1782501546.778164517] [self_driving]: [1;33m178[0m[0m
[self_driving-10] [0m[INFO] [1782501546.779682257] [self_driving]: DEBUG_DRIVE lane_x=150.5, linear=0.15, linear_y=0.00, angular=-0.10, stop=False, crosswalk_distance=178, start_slow_down=True[0m
[self_driving-10] [0m[INFO] [1782501546.844223757] [self_driving]: [1;33m178[0m[0m
[self_driving-10] [0m[INFO] [1782501546.848029998] [self_driving]: DEBUG_DRIVE lane_x=149.0, linear=0.15, linear_y=0.00, angular=-0.10, stop=False, crosswalk_distance=178, start_slow_down=True[0m
[self_driving-10] [0m[INFO] [1782501546.907230869] [self_driving]: [1;33m178[0m[0m
[self_driving-10] [0m[INFO] [1782501546.909393554] [self_driving]: DEBUG_DRIVE lane_x=148.5, linear=0.15, linear_y=0.00, angular=-0.10, stop=False, crosswalk_distance=178, start_slow_down=True[0m
[self_driving-10] [0m[INFO] [1782501546.998233628] [self_driving]: [1;33m178[0m[0m
[self_driving-10] [0m[INFO] [1782501547.001310961] [self_driving]: DEBUG_DRIVE lane_x=146.0, linear=0.15, linear_y=0.00, angular=-0.10, stop=False, crosswalk_distance=178, start_slow_down=True[0m
[self_driving-10] [0m[INFO] [1782501547.044028702] [self_driving]: [1;33m178[0m[0m
[self_driving-10] [0m[INFO] [1782501547.045452313] [self_driving]: DEBUG_DRIVE lane_x=139.5, linear=0.15, linear_y=0.00, angular=0.10, stop=False, crosswalk_distance=178, start_slow_down=True[0m
[self_driving-10] [0m[INFO] [1782501547.069660554] [self_driving]: objects=1[0m
[self_driving-10] [0m[INFO] [1782501547.071314128] [self_driving]: [DET] crosswalk: cx=455, cy=222, box=array('i', [301, 213, 609, 231]), score=0.87[0m
[self_driving-10] [0m[INFO] [1782501547.079468757] [self_driving]: objects=1[0m
[self_driving-10] [0m[INFO] [1782501547.080412887] [self_driving]: [DET] crosswalk: cx=442, cy=182, box=array('i', [354, 178, 531, 186]), score=0.78[0m
[self_driving-10] [0m[INFO] [1782501547.129648702] [self_driving]: [1;33m182[0m[0m
[self_driving-10] [0m[INFO] [1782501547.134202072] [self_driving]: DEBUG_DRIVE lane_x=136.0, linear=0.15, linear_y=0.00, angular=-0.10, stop=False, crosswalk_distance=182, start_slow_down=True[0m
[self_driving-10] [0m[INFO] [1782501547.183085479] [self_driving]: [1;33m182[0m[0m
[self_driving-10] [0m[INFO] [1782501547.184152091] [self_driving]: DEBUG_DRIVE lane_x=131.5, linear=0.15, linear_y=0.00, angular=0.10, stop=False, crosswalk_distance=182, start_slow_down=True[0m
[self_driving-10] [0m[INFO] [1782501547.249457554] [self_driving]: [1;33m182[0m[0m
[self_driving-10] [0m[INFO] [1782501547.251830387] [self_driving]: DEBUG_DRIVE lane_x=132.5, linear=0.15, linear_y=0.00, angular=-0.10, stop=False, crosswalk_distance=182, start_slow_down=True[0m
[self_driving-10] [0m[INFO] [1782501547.311102276] [self_driving]: [1;33m182[0m[0m
[self_driving-10] [0m[INFO] [1782501547.313182202] [self_driving]: DEBUG_DRIVE lane_x=133.0, linear=0.15, linear_y=0.00, angular=-0.10, stop=False, crosswalk_distance=182, start_slow_down=True[0m
[self_driving-10] [0m[INFO] [1782501547.365951535] [self_driving]: [1;33m182[0m[0m
[self_driving-10] [0m[INFO] [1782501547.367789313] [self_driving]: DEBUG_DRIVE lane_x=134.5, linear=0.15, linear_y=0.00, angular=-0.10, stop=False, crosswalk_distance=182, start_slow_down=True[0m
[self_driving-10] [0m[INFO] [1782501547.452960961] [self_driving]: [1;33m182[0m[0m
[self_driving-10] [0m[INFO] [1782501547.456617164] [self_driving]: DEBUG_DRIVE lane_x=131.0, linear=0.15, linear_y=0.00, angular=0.10, stop=False, crosswalk_distance=182, start_slow_down=True[0m
[self_driving-10] [0m[INFO] [1782501547.492973016] [self_driving]: objects=1[0m
[self_driving-10] [0m[INFO] [1782501547.494095850] [self_driving]: [DET] crosswalk: cx=464, cy=230, box=array('i', [292, 220, 637, 241]), score=0.87[0m
[self_driving-10] [0m[INFO] [1782501547.499237683] [self_driving]: objects=1[0m
[self_driving-10] [0m[INFO] [1782501547.500504239] [self_driving]: [DET] crosswalk: cx=445, cy=184, box=array('i', [355, 180, 535, 188]), score=0.73[0m
[self_driving-10] [0m[INFO] [1782501547.521885887] [self_driving]: [1;33m184[0m[0m
[self_driving-10] [0m[INFO] [1782501547.528982609] [self_driving]: DEBUG_DRIVE lane_x=131.5, linear=0.15, linear_y=0.00, angular=-0.10, stop=False, crosswalk_distance=184, start_slow_down=True[0m
[self_driving-10] [0m[INFO] [1782501547.587845609] [self_driving]: [1;33m184[0m[0m
[self_driving-10] [0m[INFO] [1782501547.589839683] [self_driving]: DEBUG_DRIVE lane_x=135.5, linear=0.15, linear_y=0.00, angular=-0.10, stop=False, crosswalk_distance=184, start_slow_down=True[0m
[self_driving-10] [0m[INFO] [1782501547.657240738] [self_driving]: [1;33m184[0m[0m
[self_driving-10] [0m[INFO] [1782501547.658738275] [self_driving]: DEBUG_DRIVE lane_x=138.5, linear=0.15, linear_y=0.00, angular=-0.10, stop=False, crosswalk_distance=184, start_slow_down=True[0m
[self_driving-10] [0m[INFO] [1782501547.724134516] [self_driving]: [1;33m184[0m[0m
[self_driving-10] [0m[INFO] [1782501547.725442164] [self_driving]: DEBUG_DRIVE lane_x=137.5, linear=0.15, linear_y=0.00, angular=-0.10, stop=False, crosswalk_distance=184, start_slow_down=True[0m
[self_driving-10] [0m[INFO] [1782501547.779929720] [self_driving]: [1;33m184[0m[0m
[self_driving-10] [0m[INFO] [1782501547.781377201] [self_driving]: DEBUG_DRIVE lane_x=138.0, linear=0.15, linear_y=0.00, angular=-0.10, stop=False, crosswalk_distance=184, start_slow_down=True[0m
[self_driving-10] [0m[INFO] [1782501547.850651331] [self_driving]: [1;33m184[0m[0m
[self_driving-10] [0m[INFO] [1782501547.855190275] [self_driving]: DEBUG_DRIVE lane_x=132.0, linear=0.15, linear_y=0.00, angular=0.10, stop=False, crosswalk_distance=184, start_slow_down=True[0m
[self_driving-10] [0m[INFO] [1782501547.897224423] [self_driving]: objects=1[0m
[self_driving-10] [0m[INFO] [1782501547.898376423] [self_driving]: [DET] crosswalk: cx=417, cy=190, box=array('i', [326, 187, 509, 194]), score=0.77[0m
[self_driving-10] [0m[INFO] [1782501547.931094109] [self_driving]: [1;33m190[0m[0m
[self_driving-10] [0m[INFO] [1782501547.933348368] [self_driving]: DEBUG_DRIVE lane_x=126.5, linear=0.15, linear_y=0.00, angular=0.10, stop=False, crosswalk_distance=190, start_slow_down=True[0m
[self_driving-10] [0m[INFO] [1782501547.990001590] [self_driving]: [1;33m190[0m[0m
[self_driving-10] [0m[INFO] [1782501547.993132405] [self_driving]: DEBUG_DRIVE lane_x=124.0, linear=0.15, linear_y=0.00, angular=0.10, stop=False, crosswalk_distance=190, start_slow_down=False[0m
[self_driving-10] [0m[INFO] [1782501548.056880386] [self_driving]: [1;33m190[0m[0m
[self_driving-10] [0m[INFO] [1782501548.129032146] [self_driving]: [1;33m190[0m[0m
[self_driving-10] [0m[INFO] [1782501548.180489979] [self_driving]: [1;33m190[0m[0m
[self_driving-10] [0m[INFO] [1782501548.182191053] [self_driving]: DEBUG_DRIVE lane_x=137.5, linear=0.15, linear_y=0.00, angular=-0.10, stop=False, crosswalk_distance=190, start_slow_down=True[0m
[self_driving-10] [0m[INFO] [1782501548.259945034] [self_driving]: [1;33m190[0m[0m
[self_driving-10] [0m[INFO] [1782501548.261322590] [self_driving]: DEBUG_DRIVE lane_x=141.5, linear=0.15, linear_y=0.00, angular=-0.10, stop=False, crosswalk_distance=190, start_slow_down=True[0m
[self_driving-10] [0m[INFO] [1782501548.308522571] [self_driving]: [1;33m190[0m[0m
[self_driving-10] [0m[INFO] [1782501548.313440145] [self_driving]: objects=1[0m
[self_driving-10] [0m[INFO] [1782501548.314884331] [self_driving]: DEBUG_DRIVE lane_x=133.0, linear=0.15, linear_y=0.00, angular=0.10, stop=False, crosswalk_distance=190, start_slow_down=True[0m
[self_driving-10] [0m[INFO] [1782501548.320056349] [self_driving]: [DET] crosswalk: cx=435, cy=256, box=array('i', [231, 241, 640, 272]), score=0.90[0m
[self_driving-10] [0m[INFO] [1782501548.323703590] [self_driving]: objects=1[0m
[self_driving-10] [0m[INFO] [1782501548.327535960] [self_driving]: [DET] crosswalk: cx=401, cy=193, box=array('i', [308, 189, 494, 197]), score=0.80[0m
[self_driving-10] [0m[INFO] [1782501548.400882201] [self_driving]: [1;33m193[0m[0m
[self_driving-10] [0m[INFO] [1782501548.403561571] [self_driving]: DEBUG_DRIVE lane_x=123.0, linear=0.15, linear_y=0.00, angular=0.10, stop=False, crosswalk_distance=193, start_slow_down=True[0m
[self_driving-10] [0m[INFO] [1782501548.449343164] [self_driving]: [1;33m193[0m[0m
[self_driving-10] [0m[INFO] [1782501548.455309664] [self_driving]: DEBUG_DRIVE lane_x=115.0, linear=0.15, linear_y=0.00, angular=0.10, stop=False, crosswalk_distance=193, start_slow_down=True[0m
[self_driving-10] [0m[INFO] [1782501548.524565127] [self_driving]: [1;33m193[0m[0m
[self_driving-10] [0m[INFO] [1782501548.530185645] [self_driving]: DEBUG_DRIVE lane_x=118.5, linear=0.15, linear_y=0.00, angular=0.10, stop=False, crosswalk_distance=193, start_slow_down=True[0m
[self_driving-10] [0m[INFO] [1782501548.584694886] [self_driving]: [1;33m193[0m[0m
[self_driving-10] [0m[INFO] [1782501548.587185127] [self_driving]: DEBUG_DRIVE lane_x=119.5, linear=0.15, linear_y=0.00, angular=0.10, stop=False, crosswalk_distance=193, start_slow_down=True[0m
[self_driving-10] [0m[INFO] [1782501548.658315849] [self_driving]: [1;33m193[0m[0m
[self_driving-10] [0m[INFO] [1782501548.659864905] [self_driving]: DEBUG_DRIVE lane_x=120.5, linear=0.15, linear_y=0.00, angular=0.10, stop=False, crosswalk_distance=193, start_slow_down=True[0m
[self_driving-10] [0m[INFO] [1782501548.709392442] [self_driving]: objects=1[0m
[self_driving-10] [0m[INFO] [1782501548.710150775] [self_driving]: [DET] crosswalk: cx=430, cy=270, box=array('i', [220, 251, 640, 289]), score=0.90[0m
[self_driving-10] [0m[INFO] [1782501548.722971275] [self_driving]: objects=1[0m
[self_driving-10] [0m[INFO] [1782501548.725960571] [self_driving]: [DET] crosswalk: cx=407, cy=194, box=array('i', [307, 190, 508, 198]), score=0.81[0m
[self_driving-10] [0m[INFO] [1782501548.743272719] [self_driving]: [1;33m194[0m[0m
[self_driving-10] [0m[INFO] [1782501548.745090886] [self_driving]: DEBUG_DRIVE lane_x=125.5, linear=0.15, linear_y=0.00, angular=-0.10, stop=False, crosswalk_distance=194, start_slow_down=True[0m
[self_driving-10] [0m[INFO] [1782501548.810439164] [self_driving]: [1;33m194[0m[0m
[self_driving-10] [0m[INFO] [1782501548.812195516] [self_driving]: DEBUG_DRIVE lane_x=130.5, linear=0.15, linear_y=0.00, angular=-0.10, stop=False, crosswalk_distance=194, start_slow_down=True[0m
[self_driving-10] [0m[INFO] [1782501548.867694182] [self_driving]: [1;33m194[0m[0m
[self_driving-10] [0m[INFO] [1782501548.871939867] [self_driving]: DEBUG_DRIVE lane_x=132.0, linear=0.15, linear_y=0.00, angular=-0.10, stop=False, crosswalk_distance=194, start_slow_down=True[0m
[self_driving-10] [0m[INFO] [1782501548.921722145] [self_driving]: [1;33m194[0m[0m
[self_driving-10] [0m[INFO] [1782501548.924913441] [self_driving]: DEBUG_DRIVE lane_x=132.5, linear=0.15, linear_y=0.00, angular=-0.10, stop=False, crosswalk_distance=194, start_slow_down=True[0m
[self_driving-10] [0m[INFO] [1782501548.989059497] [self_driving]: [1;33m194[0m[0m
[self_driving-10] [0m[INFO] [1782501548.990598812] [self_driving]: DEBUG_DRIVE lane_x=131.5, linear=0.15, linear_y=0.00, angular=-0.10, stop=False, crosswalk_distance=194, start_slow_down=True[0m
[self_driving-10] [0m[INFO] [1782501549.063794108] [self_driving]: [1;33m194[0m[0m
[self_driving-10] [0m[INFO] [1782501549.065782108] [self_driving]: DEBUG_DRIVE lane_x=129.5, linear=0.15, linear_y=0.00, angular=0.10, stop=False, crosswalk_distance=194, start_slow_down=True[0m
[self_driving-10] [0m[INFO] [1782501549.123226126] [self_driving]: [1;33m194[0m[0m
[self_driving-10] [0m[INFO] [1782501549.125593960] [self_driving]: DEBUG_DRIVE lane_x=128.0, linear=0.15, linear_y=0.00, angular=0.10, stop=False, crosswalk_distance=194, start_slow_down=True[0m
[self_driving-10] [0m[INFO] [1782501549.183684089] [self_driving]: [1;33m194[0m[0m
[self_driving-10] [0m[INFO] [1782501549.184866793] [self_driving]: DEBUG_DRIVE lane_x=123.0, linear=0.15, linear_y=0.00, angular=0.10, stop=False, crosswalk_distance=194, start_slow_down=True[0m
[self_driving-10] [0m[INFO] [1782501549.216451941] [self_driving]: objects=1[0m
[self_driving-10] [0m[INFO] [1782501549.217319534] [self_driving]: [DET] crosswalk: cx=410, cy=294, box=array('i', [180, 272, 640, 316]), score=0.90[0m
[self_driving-10] [0m[INFO] [1782501549.221180330] [self_driving]: objects=1[0m
[self_driving-10] [0m[INFO] [1782501549.221924182] [self_driving]: [DET] crosswalk: cx=397, cy=201, box=array('i', [288, 196, 506, 206]), score=0.81[0m
[self_driving-10] [0m[INFO] [1782501549.280512812] [self_driving]: [1;33m201[0m[0m
[self_driving-10] [0m[INFO] [1782501549.281702478] [self_driving]: DEBUG_DRIVE lane_x=125.5, linear=0.15, linear_y=0.00, angular=0.10, stop=False, crosswalk_distance=201, start_slow_down=True[0m
[self_driving-10] [0m[INFO] [1782501549.335820608] [self_driving]: [1;33m201[0m[0m
[self_driving-10] [0m[INFO] [1782501549.339668978] [self_driving]: DEBUG_DRIVE lane_x=126.5, linear=0.15, linear_y=0.00, angular=0.10, stop=False, crosswalk_distance=201, start_slow_down=True[0m
[self_driving-10] [0m[INFO] [1782501549.387508108] [self_driving]: [1;33m201[0m[0m
[self_driving-10] [0m[INFO] [1782501549.389310978] [self_driving]: DEBUG_DRIVE lane_x=128.5, linear=0.15, linear_y=0.00, angular=-0.10, stop=False, crosswalk_distance=201, start_slow_down=True[0m
[self_driving-10] [0m[INFO] [1782501549.465902034] [self_driving]: [1;33m201[0m[0m
[self_driving-10] [0m[INFO] [1782501549.468165534] [self_driving]: DEBUG_DRIVE lane_x=133.0, linear=0.15, linear_y=0.00, angular=-0.10, stop=False, crosswalk_distance=201, start_slow_down=True[0m
[self_driving-10] [0m[INFO] [1782501549.522505182] [self_driving]: [1;33m201[0m[0m
[self_driving-10] [0m[INFO] [1782501549.524505997] [self_driving]: DEBUG_DRIVE lane_x=133.0, linear=0.15, linear_y=0.00, angular=-0.10, stop=False, crosswalk_distance=201, start_slow_down=True[0m
[self_driving-10] [0m[INFO] [1782501549.597371237] [self_driving]: [1;33m201[0m[0m
[self_driving-10] [0m[INFO] [1782501549.600821904] [self_driving]: DEBUG_DRIVE lane_x=131.5, linear=0.15, linear_y=0.00, angular=0.10, stop=False, crosswalk_distance=201, start_slow_down=True[0m
[self_driving-10] [0m[INFO] [1782501549.634790793] [self_driving]: objects=1[0m
[self_driving-10] [0m[INFO] [1782501549.635488478] [self_driving]: [DET] crosswalk: cx=372, cy=314, box=array('i', [110, 287, 634, 342]), score=0.89[0m
[self_driving-10] [0m[INFO] [1782501549.641684459] [self_driving]: objects=1[0m
[self_driving-10] [0m[INFO] [1782501549.643027700] [self_driving]: [DET] crosswalk: cx=398, cy=204, box=array('i', [281, 199, 515, 209]), score=0.82[0m
[self_driving-10] [0m[INFO] [1782501549.667204997] [self_driving]: [1;33m204[0m[0m
[self_driving-10] [0m[INFO] [1782501549.676301441] [self_driving]: DEBUG_DRIVE lane_x=129.5, linear=0.15, linear_y=0.00, angular=0.10, stop=False, crosswalk_distance=204, start_slow_down=True[0m
[self_driving-10] [0m[INFO] [1782501549.737995367] [self_driving]: [1;33m204[0m[0m
[self_driving-10] [0m[INFO] [1782501549.741754441] [self_driving]: DEBUG_DRIVE lane_x=127.5, linear=0.15, linear_y=0.00, angular=0.10, stop=False, crosswalk_distance=204, start_slow_down=True[0m
[self_driving-10] [0m[INFO] [1782501549.798910163] [self_driving]: [1;33m204[0m[0m
[self_driving-10] [0m[INFO] [1782501549.802402182] [self_driving]: DEBUG_DRIVE lane_x=130.0, linear=0.15, linear_y=0.00, angular=-0.10, stop=False, crosswalk_distance=204, start_slow_down=True[0m
[self_driving-10] [0m[INFO] [1782501549.866894256] [self_driving]: [1;33m204[0m[0m
[self_driving-10] [0m[INFO] [1782501549.867985589] [self_driving]: DEBUG_DRIVE lane_x=134.0, linear=0.15, linear_y=0.00, angular=-0.10, stop=False, crosswalk_distance=204, start_slow_down=True[0m
[self_driving-10] [0m[INFO] [1782501549.932020311] [self_driving]: [1;33m204[0m[0m
[self_driving-10] [0m[INFO] [1782501549.935231126] [self_driving]: DEBUG_DRIVE lane_x=143.0, linear=0.15, linear_y=0.00, angular=-0.10, stop=False, crosswalk_distance=204, start_slow_down=True[0m
[self_driving-10] [0m[INFO] [1782501550.001049811] [self_driving]: [1;33m204[0m[0m
[self_driving-10] [0m[INFO] [1782501550.004482996] [self_driving]: DEBUG_DRIVE lane_x=141.5, linear=0.15, linear_y=0.00, angular=-0.10, stop=False, crosswalk_distance=204, start_slow_down=True[0m
[self_driving-10] [0m[INFO] [1782501550.061184015] [self_driving]: [1;33m204[0m[0m
[self_driving-10] [0m[INFO] [1782501550.064274237] [self_driving]: DEBUG_DRIVE lane_x=141.0, linear=0.15, linear_y=0.00, angular=-0.10, stop=False, crosswalk_distance=204, start_slow_down=True[0m
[self_driving-10] [0m[INFO] [1782501550.074050848] [self_driving]: objects=1[0m
[self_driving-10] [0m[INFO] [1782501550.075951681] [self_driving]: [DET] crosswalk: cx=364, cy=350, box=array('i', [95, 310, 634, 390]), score=0.91[0m
[self_driving-10] [0m[INFO] [1782501550.083493256] [self_driving]: objects=1[0m
[self_driving-10] [0m[INFO] [1782501550.084339070] [self_driving]: [DET] crosswalk: cx=417, cy=207, box=array('i', [294, 202, 541, 212]), score=0.79[0m
[self_driving-10] [0m[INFO] [1782501550.151524237] [self_driving]: [1;33m207[0m[0m
[self_driving-10] [0m[INFO] [1782501550.153009793] [self_driving]: DEBUG_DRIVE lane_x=137.5, linear=0.15, linear_y=0.00, angular=-0.10, stop=False, crosswalk_distance=207, start_slow_down=True[0m
[self_driving-10] [0m[INFO] [1782501550.199485311] [self_driving]: [1;33m207[0m[0m
[self_driving-10] [0m[INFO] [1782501550.201593478] [self_driving]: DEBUG_DRIVE lane_x=137.5, linear=0.15, linear_y=0.00, angular=-0.10, stop=False, crosswalk_distance=207, start_slow_down=True[0m
[self_driving-10] [0m[INFO] [1782501550.263575459] [self_driving]: [1;33m207[0m[0m
[self_driving-10] [0m[INFO] [1782501550.266446978] [self_driving]: DEBUG_DRIVE lane_x=130.5, linear=0.15, linear_y=0.00, angular=0.10, stop=False, crosswalk_distance=207, start_slow_down=True[0m
[self_driving-10] [0m[INFO] [1782501550.336752089] [self_driving]: [1;33m207[0m[0m
[self_driving-10] [0m[INFO] [1782501550.337902515] [self_driving]: DEBUG_DRIVE lane_x=129.5, linear=0.15, linear_y=0.00, angular=0.10, stop=False, crosswalk_distance=207, start_slow_down=True[0m
[self_driving-10] [0m[INFO] [1782501550.401625366] [self_driving]: [1;33m207[0m[0m
[self_driving-10] [0m[INFO] [1782501550.403190052] [self_driving]: DEBUG_DRIVE lane_x=125.5, linear=0.15, linear_y=0.00, angular=0.10, stop=False, crosswalk_distance=207, start_slow_down=True[0m
[self_driving-10] [0m[INFO] [1782501550.466884755] [self_driving]: [1;33m207[0m[0m
[self_driving-10] [0m[INFO] [1782501550.468442644] [self_driving]: DEBUG_DRIVE lane_x=127.0, linear=0.15, linear_y=0.00, angular=0.10, stop=False, crosswalk_distance=207, start_slow_down=True[0m
[self_driving-10] [0m[INFO] [1782501550.495842663] [self_driving]: objects=1[0m
[self_driving-10] [0m[INFO] [1782501550.496837552] [self_driving]: [DET] crosswalk: cx=332, cy=415, box=array('i', [32, 350, 633, 480]), score=0.89[0m
[self_driving-10] [0m[INFO] [1782501550.501167163] [self_driving]: objects=1[0m
[self_driving-10] [0m[INFO] [1782501550.508280681] [self_driving]: [DET] crosswalk: cx=429, cy=209, box=array('i', [295, 202, 563, 217]), score=0.85[0m
[self_driving-10] [0m[INFO] [1782501550.567099144] [self_driving]: [1;33m209[0m[0m
[self_driving-10] [0m[INFO] [1782501550.573179311] [self_driving]: DEBUG_DRIVE lane_x=131.0, linear=0.15, linear_y=0.00, angular=-0.10, stop=False, crosswalk_distance=209, start_slow_down=True[0m
[self_driving-10] [0m[INFO] [1782501550.610973070] [self_driving]: [1;33m209[0m[0m
[self_driving-10] [0m[INFO] [1782501550.618413589] [self_driving]: DEBUG_DRIVE lane_x=133.5, linear=0.15, linear_y=0.00, angular=-0.10, stop=False, crosswalk_distance=209, start_slow_down=True[0m
[self_driving-10] [0m[INFO] [1782501550.673395126] [self_driving]: [1;33m209[0m[0m
[self_driving-10] [0m[INFO] [1782501550.676689755] [self_driving]: DEBUG_DRIVE lane_x=141.5, linear=0.15, linear_y=0.00, angular=-0.10, stop=False, crosswalk_distance=209, start_slow_down=True[0m
[self_driving-10] [0m[INFO] [1782501550.737913755] [self_driving]: [1;33m209[0m[0m
[self_driving-10] [0m[INFO] [1782501550.741073829] [self_driving]: DEBUG_DRIVE lane_x=146.0, linear=0.15, linear_y=0.00, angular=-0.10, stop=False, crosswalk_distance=209, start_slow_down=True[0m
[self_driving-10] [0m[INFO] [1782501550.794720125] [self_driving]: [1;33m209[0m[0m
[self_driving-10] [0m[INFO] [1782501550.795936496] [self_driving]: DEBUG_DRIVE lane_x=144.0, linear=0.15, linear_y=0.00, angular=-0.10, stop=False, crosswalk_distance=209, start_slow_down=True[0m
[self_driving-10] [0m[INFO] [1782501550.875092755] [self_driving]: [1;33m209[0m[0m
[self_driving-10] [0m[INFO] [1782501550.878087940] [self_driving]: DEBUG_DRIVE lane_x=141.0, linear=0.15, linear_y=0.00, angular=-0.10, stop=False, crosswalk_distance=209, start_slow_down=False[0m
[self_driving-10] [0m[INFO] [1782501550.937569533] [self_driving]: objects=1[0m
[self_driving-10] [0m[INFO] [1782501550.941807959] [self_driving]: [DET] crosswalk: cx=318, cy=433, box=array('i', [1, 390, 635, 477]), score=0.81[0m
[self_driving-10] [0m[INFO] [1782501550.945001736] [self_driving]: [1;33m433[0m[0m
[self_driving-10] [0m[INFO] [1782501550.951856644] [self_driving]: DEBUG_DRIVE lane_x=136.5, linear=0.15, linear_y=0.00, angular=-0.10, stop=False, crosswalk_distance=433, start_slow_down=False[0m
[self_driving-10] [0m[INFO] [1782501551.029639848] [self_driving]: [1;33m433[0m[0m
[self_driving-10] [0m[INFO] [1782501551.034175051] [self_driving]: DEBUG_DRIVE lane_x=132.5, linear=0.15, linear_y=0.00, angular=0.10, stop=False, crosswalk_distance=433, start_slow_down=False[0m
[self_driving-10] [0m[INFO] [1782501551.095177459] [self_driving]: [1;33m433[0m[0m
[self_driving-10] [0m[INFO] [1782501551.098082181] [self_driving]: DEBUG_DRIVE lane_x=135.0, linear=0.15, linear_y=0.00, angular=-0.10, stop=False, crosswalk_distance=433, start_slow_down=True[0m
[self_driving-10] [0m[INFO] [1782501551.145385662] [self_driving]: [1;33m433[0m[0m
[self_driving-10] [0m[INFO] [1782501551.148383699] [self_driving]: DEBUG_DRIVE lane_x=130.5, linear=0.15, linear_y=0.00, angular=0.10, stop=False, crosswalk_distance=433, start_slow_down=True[0m
[self_driving-10] [0m[INFO] [1782501551.212890736] [self_driving]: [1;33m433[0m[0m
[self_driving-10] [0m[INFO] [1782501551.213982607] [self_driving]: DEBUG_DRIVE lane_x=127.5, linear=0.15, linear_y=0.00, angular=0.10, stop=False, crosswalk_distance=433, start_slow_down=True[0m
[self_driving-10] [0m[INFO] [1782501551.276084273] [self_driving]: [1;33m433[0m[0m
[self_driving-10] [0m[INFO] [1782501551.279210459] [self_driving]: DEBUG_DRIVE lane_x=125.0, linear=0.15, linear_y=0.00, angular=0.10, stop=False, crosswalk_distance=433, start_slow_down=True[0m
[self_driving-10] [0m[INFO] [1782501551.347555921] [self_driving]: [1;33m433[0m[0m
[self_driving-10] [0m[INFO] [1782501551.349995014] [self_driving]: DEBUG_DRIVE lane_x=126.0, linear=0.15, linear_y=0.00, angular=0.10, stop=False, crosswalk_distance=433, start_slow_down=True[0m
[self_driving-10] [0m[INFO] [1782501551.407771681] [self_driving]: [1;33m433[0m[0m
[self_driving-10] [0m[INFO] [1782501551.409121921] [self_driving]: DEBUG_DRIVE lane_x=132.0, linear=0.15, linear_y=0.00, angular=-0.10, stop=False, crosswalk_distance=433, start_slow_down=True[0m
[self_driving-10] [0m[INFO] [1782501551.424342421] [self_driving]: objects=1[0m
[self_driving-10] [0m[INFO] [1782501551.425384829] [self_driving]: [DET] crosswalk: cx=429, cy=224, box=array('i', [269, 214, 590, 235]), score=0.85[0m
[self_driving-10] [0m[INFO] [1782501551.489409162] [self_driving]: [1;33m224[0m[0m
[self_driving-10] [0m[INFO] [1782501551.492813940] [self_driving]: DEBUG_DRIVE lane_x=125.5, linear=0.15, linear_y=0.00, angular=0.10, stop=False, crosswalk_distance=224, start_slow_down=True[0m
[self_driving-10] [0m[INFO] [1782501551.546065069] [self_driving]: [1;33m224[0m[0m
[self_driving-10] [0m[INFO] [1782501551.547392310] [self_driving]: DEBUG_DRIVE lane_x=121.5, linear=0.15, linear_y=0.00, angular=0.10, stop=False, crosswalk_distance=224, start_slow_down=True[0m
[self_driving-10] [0m[INFO] [1782501551.611519403] [self_driving]: [1;33m224[0m[0m
[self_driving-10] [0m[INFO] [1782501551.613345440] [self_driving]: DEBUG_DRIVE lane_x=138.0, linear=0.15, linear_y=0.00, angular=-0.10, stop=False, crosswalk_distance=224, start_slow_down=True[0m
[self_driving-10] [0m[INFO] [1782501551.681570718] [self_driving]: [1;33m224[0m[0m
[self_driving-10] [0m[INFO] [1782501551.684059569] [self_driving]: DEBUG_DRIVE lane_x=192.5, linear=0.15, linear_y=0.00, angular=-0.10, stop=False, crosswalk_distance=224, start_slow_down=True[0m
[self_driving-10] [0m[INFO] [1782501551.753354125] [self_driving]: [1;33m224[0m[0m
[self_driving-10] [0m[INFO] [1782501551.755388403] [self_driving]: DEBUG_DRIVE lane_x=253.0, linear=0.15, linear_y=0.00, angular=-0.45, stop=False, crosswalk_distance=224, start_slow_down=True[0m
[self_driving-10] [0m[INFO] [1782501551.810710273] [self_driving]: [1;33m224[0m[0m
[self_driving-10] [0m[INFO] [1782501551.812315477] [self_driving]: DEBUG_DRIVE lane_x=255.5, linear=0.15, linear_y=0.00, angular=-0.45, stop=False, crosswalk_distance=224, start_slow_down=True[0m
[self_driving-10] [0m[INFO] [1782501551.843580940] [self_driving]: objects=1[0m
[self_driving-10] [0m[INFO] [1782501551.845067958] [self_driving]: [DET] crosswalk: cx=455, cy=235, box=array('i', [275, 223, 636, 248]), score=0.90[0m
[self_driving-10] [0m[INFO] [1782501551.901464699] [self_driving]: [1;33m235[0m[0m
[self_driving-10] [0m[INFO] [1782501551.904405643] [self_driving]: DEBUG_DRIVE lane_x=285.0, linear=0.15, linear_y=0.00, angular=-0.45, stop=False, crosswalk_distance=235, start_slow_down=True[0m
[self_driving-10] [0m[INFO] [1782501551.947546347] [self_driving]: [1;33m235[0m[0m
[self_driving-10] [0m[INFO] [1782501551.951538051] [self_driving]: DEBUG_DRIVE lane_x=297.0, linear=0.15, linear_y=0.00, angular=-0.45, stop=False, crosswalk_distance=235, start_slow_down=True[0m
[self_driving-10] [0m[INFO] [1782501552.018197421] [self_driving]: [1;33m235[0m[0m
[self_driving-10] [0m[INFO] [1782501552.020984717] [self_driving]: DEBUG_DRIVE lane_x=289.0, linear=0.15, linear_y=0.00, angular=-0.45, stop=False, crosswalk_distance=235, start_slow_down=True[0m
[self_driving-10] [0m[INFO] [1782501552.098589569] [self_driving]: [1;33m235[0m[0m
[self_driving-10] [0m[INFO] [1782501552.101826791] [self_driving]: DEBUG_DRIVE lane_x=256.5, linear=0.15, linear_y=0.00, angular=-0.45, stop=False, crosswalk_distance=235, start_slow_down=True[0m
[self_driving-10] [0m[INFO] [1782501552.149739995] [self_driving]: [1;33m235[0m[0m
[self_driving-10] [0m[INFO] [1782501552.154049921] [self_driving]: DEBUG_DRIVE lane_x=239.0, linear=0.15, linear_y=0.00, angular=-0.45, stop=False, crosswalk_distance=235, start_slow_down=True[0m
[self_driving-10] [0m[INFO] [1782501552.215485439] [self_driving]: [1;33m235[0m[0m
[self_driving-10] [0m[INFO] [1782501552.218998217] [self_driving]: DEBUG_DRIVE lane_x=146.5, linear=0.15, linear_y=0.00, angular=0.00, stop=False, crosswalk_distance=235, start_slow_down=True[0m
[self_driving-10] [0m[INFO] [1782501552.276018736] [self_driving]: objects=1[0m
[self_driving-10] [0m[INFO] [1782501552.278731069] [self_driving]: [DET] crosswalk: cx=445, cy=243, box=array('i', [250, 228, 640, 258]), score=0.90[0m
[self_driving-10] [0m[INFO] [1782501552.280971828] [self_driving]: [1;33m243[0m[0m
[self_driving-10] [0m[INFO] [1782501552.285330754] [self_driving]: DEBUG_DRIVE lane_x=32.5, linear=0.15, linear_y=0.00, angular=0.00, stop=False, crosswalk_distance=243, start_slow_down=True[0m
[self_driving-10] [0m[INFO] [1782501552.363513032] [self_driving]: [1;33m243[0m[0m
[self_driving-10] [0m[INFO] [1782501552.432268087] [self_driving]: [1;33m243[0m[0m
[self_driving-10] [0m[INFO] [1782501552.490319624] [self_driving]: [1;33m243[0m[0m
[self_driving-10] [0m[INFO] [1782501552.540463310] [self_driving]: [1;33m243[0m[0m
[self_driving-10] [0m[INFO] [1782501552.624376124] [self_driving]: [1;33m243[0m[0m
[self_driving-10] [0m[INFO] [1782501552.663347791] [self_driving]: objects=1[0m
[self_driving-10] [0m[INFO] [1782501552.664606217] [self_driving]: [DET] crosswalk: cx=440, cy=293, box=array('i', [244, 269, 636, 317]), score=0.89[0m
[self_driving-10] [0m[INFO] [1782501552.710464976] [self_driving]: [1;33m293[0m[0m
[self_driving-10] [0m[INFO] [1782501552.762445143] [self_driving]: [1;33m293[0m[0m
[self_driving-10] [0m[INFO] [1782501552.818107884] [self_driving]: [1;33m293[0m[0m
[self_driving-10] [0m[INFO] [1782501552.878933513] [self_driving]: [1;33m293[0m[0m
[self_driving-10] [0m[INFO] [1782501552.880439883] [self_driving]: DEBUG_DRIVE lane_x=11.0, linear=0.15, linear_y=0.00, angular=0.00, stop=False, crosswalk_distance=293, start_slow_down=True[0m
[self_driving-10] [0m[INFO] [1782501552.958002032] [self_driving]: [1;33m293[0m[0m
[self_driving-10] [0m[INFO] [1782501552.962050846] [self_driving]: DEBUG_DRIVE lane_x=38.5, linear=0.15, linear_y=0.00, angular=0.00, stop=False, crosswalk_distance=293, start_slow_down=True[0m
[self_driving-10] [0m[INFO] [1782501553.027225828] [self_driving]: [1;33m293[0m[0m
[self_driving-10] [0m[INFO] [1782501553.030167532] [self_driving]: DEBUG_DRIVE lane_x=27.5, linear=0.15, linear_y=0.00, angular=0.00, stop=False, crosswalk_distance=293, start_slow_down=True[0m
[self_driving-10] [0m[INFO] [1782501553.065033587] [self_driving]: objects=1[0m
[self_driving-10] [0m[INFO] [1782501553.067175828] [self_driving]: [DET] crosswalk: cx=392, cy=406, box=array('i', [265, 381, 519, 432]), score=0.89[0m
[self_driving-10] [0m[INFO] [1782501553.120267976] [self_driving]: [1;33m406[0m[0m
[self_driving-10] [0m[INFO] [1782501553.123024494] [self_driving]: DEBUG_DRIVE lane_x=20.5, linear=0.15, linear_y=0.00, angular=0.00, stop=False, crosswalk_distance=406, start_slow_down=True[0m
[self_driving-10] [0m[INFO] [1782501553.159781976] [self_driving]: [1;33m406[0m[0m
[self_driving-10] [0m[INFO] [1782501553.162205494] [self_driving]: DEBUG_DRIVE lane_x=22.5, linear=0.15, linear_y=0.00, angular=0.00, stop=False, crosswalk_distance=406, start_slow_down=True[0m
[self_driving-10] [0m[INFO] [1782501553.248083643] [self_driving]: [1;33m406[0m[0m
[self_driving-10] [0m[INFO] [1782501553.250949180] [self_driving]: DEBUG_DRIVE lane_x=21.0, linear=0.15, linear_y=0.00, angular=0.00, stop=False, crosswalk_distance=406, start_slow_down=True[0m
[self_driving-10] [0m[INFO] [1782501553.300813772] [self_driving]: [1;33m406[0m[0m
[self_driving-10] [0m[INFO] [1782501553.360672679] [self_driving]: [1;33m406[0m[0m
[self_driving-10] [0m[INFO] [1782501553.362159087] [self_driving]: DEBUG_DRIVE lane_x=71.5, linear=0.15, linear_y=0.00, angular=0.00, stop=False, crosswalk_distance=406, start_slow_down=True[0m
[self_driving-10] [0m[INFO] [1782501553.419157402] [self_driving]: [1;33m406[0m[0m
[self_driving-10] [0m[INFO] [1782501553.422006272] [self_driving]: DEBUG_DRIVE lane_x=43.5, linear=0.15, linear_y=0.00, angular=0.00, stop=False, crosswalk_distance=406, start_slow_down=True[0m
[self_driving-10] [0m[INFO] [1782501553.495914624] [self_driving]: [1;33m406[0m[0m
[self_driving-10] [0m[INFO] [1782501553.497575161] [self_driving]: DEBUG_DRIVE lane_x=90.5, linear=0.15, linear_y=0.00, angular=0.00, stop=False, crosswalk_distance=406, start_slow_down=True[0m
[self_driving-10] [0m[INFO] [1782501553.546551420] [self_driving]: [1;33m406[0m[0m
[self_driving-10] [0m[INFO] [1782501553.551241716] [self_driving]: objects=1[0m
[self_driving-10] [0m[INFO] [1782501553.553324957] [self_driving]: [DET] crosswalk: cx=231, cy=94, box=array('i', [106, 75, 357, 113]), score=0.86[0m
[self_driving-10] [0m[INFO] [1782501553.556499476] [self_driving]: objects=1[0m
[self_driving-10] [0m[INFO] [1782501553.557902957] [self_driving]: [DET] crosswalk: cx=225, cy=37, box=array('i', [149, 25, 302, 50]), score=0.83[0m
[self_driving-10] [0m[INFO] [1782501553.560323568] [self_driving]: DEBUG_DRIVE lane_x=80.5, linear=0.15, linear_y=0.00, angular=0.00, stop=False, crosswalk_distance=406, start_slow_down=True[0m
[self_driving-10] [0m[INFO] [1782501553.625322235] [self_driving]: [1;33m37[0m[0m
[self_driving-10] [0m[INFO] [1782501553.633181939] [self_driving]: DEBUG_DRIVE lane_x=28.5, linear=0.15, linear_y=0.00, angular=0.00, stop=False, crosswalk_distance=37, start_slow_down=True[0m
[self_driving-10] [0m[INFO] [1782501553.706635827] [self_driving]: [1;33m37[0m[0m
[self_driving-10] [0m[INFO] [1782501553.709532976] [self_driving]: DEBUG_DRIVE lane_x=23.0, linear=0.15, linear_y=0.00, angular=0.00, stop=False, crosswalk_distance=37, start_slow_down=True[0m
[self_driving-10] [0m[INFO] [1782501553.768681309] [self_driving]: [1;33m37[0m[0m
[self_driving-10] [0m[INFO] [1782501553.769884476] [self_driving]: DEBUG_DRIVE lane_x=23.0, linear=0.15, linear_y=0.00, angular=0.00, stop=False, crosswalk_distance=37, start_slow_down=False[0m
[self_driving-10] [0m[INFO] [1782501553.827573438] [self_driving]: [1;33m37[0m[0m
[self_driving-10] [0m[INFO] [1782501553.829092642] [self_driving]: DEBUG_DRIVE lane_x=25.5, linear=0.30, linear_y=0.00, angular=0.00, stop=False, crosswalk_distance=37, start_slow_down=False[0m
[self_driving-10] [0m[INFO] [1782501553.896545513] [self_driving]: [1;33m37[0m[0m
[self_driving-10] [0m[INFO] [1782501553.899153809] [self_driving]: DEBUG_DRIVE lane_x=24.5, linear=0.30, linear_y=0.00, angular=0.00, stop=False, crosswalk_distance=37, start_slow_down=False[0m
[self_driving-10] [0m[INFO] [1782501553.951156716] [self_driving]: [1;33m37[0m[0m
[self_driving-10] [0m[INFO] [1782501553.952219716] [self_driving]: objects=1[0m
[self_driving-10] [0m[INFO] [1782501553.953817327] [self_driving]: DEBUG_DRIVE lane_x=28.0, linear=0.30, linear_y=0.00, angular=0.00, stop=False, crosswalk_distance=37, start_slow_down=False[0m
[self_driving-10] [0m[INFO] [1782501553.957685309] [self_driving]: [DET] crosswalk: cx=298, cy=210, box=array('i', [198, 206, 398, 215]), score=0.81[0m
[self_driving-10] [0m[INFO] [1782501553.965263420] [self_driving]: objects=1[0m
[self_driving-10] [0m[INFO] [1782501553.966044753] [self_driving]: [DET] crosswalk: cx=302, cy=186, box=array('i', [241, 184, 363, 189]), score=0.67[0m
[self_driving-10] [0m[INFO] [1782501554.040183031] [self_driving]: [1;33m186[0m[0m
[self_driving-10] [0m[INFO] [1782501554.042540957] [self_driving]: DEBUG_DRIVE lane_x=28.5, linear=0.15, linear_y=0.00, angular=0.00, stop=False, crosswalk_distance=186, start_slow_down=False[0m
[self_driving-10] [0m[INFO] [1782501554.109084383] [self_driving]: [1;33m186[0m[0m
[self_driving-10] [0m[INFO] [1782501554.111635735] [self_driving]: DEBUG_DRIVE lane_x=25.5, linear=0.15, linear_y=0.00, angular=0.10, stop=False, crosswalk_distance=186, start_slow_down=False[0m
[self_driving-10] [0m[INFO] [1782501554.159709160] [self_driving]: [1;33m186[0m[0m
[self_driving-10] [0m[INFO] [1782501554.160890457] [self_driving]: DEBUG_DRIVE lane_x=23.0, linear=0.15, linear_y=0.00, angular=0.10, stop=False, crosswalk_distance=186, start_slow_down=True[0m
[self_driving-10] [0m[INFO] [1782501554.240393290] [self_driving]: [1;33m186[0m[0m
[self_driving-10] [0m[INFO] [1782501554.241626772] [self_driving]: DEBUG_DRIVE lane_x=20.0, linear=0.15, linear_y=0.00, angular=0.10, stop=False, crosswalk_distance=186, start_slow_down=True[0m
[self_driving-10] [0m[INFO] [1782501554.346132883] [self_driving]: [1;33m186[0m[0m
[self_driving-10] [0m[INFO] [1782501554.353016827] [self_driving]: DEBUG_DRIVE lane_x=20.5, linear=0.15, linear_y=0.00, angular=0.10, stop=False, crosswalk_distance=186, start_slow_down=True[0m
[self_driving-10] [0m[INFO] [1782501554.381709031] [self_driving]: [1;33m186[0m[0m
[self_driving-10] [0m[INFO] [1782501554.384795123] [self_driving]: DEBUG_DRIVE lane_x=20.5, linear=0.15, linear_y=0.00, angular=0.10, stop=False, crosswalk_distance=186, start_slow_down=True[0m
[self_driving-10] [0m[INFO] [1782501554.434683679] [self_driving]: [1;33m186[0m[0m
[self_driving-10] [0m[INFO] [1782501554.435631771] [self_driving]: DEBUG_DRIVE lane_x=18.5, linear=0.15, linear_y=0.00, angular=0.10, stop=False, crosswalk_distance=186, start_slow_down=True[0m
[self_driving-10] [0m[INFO] [1782501554.512593845] [self_driving]: [1;33m186[0m[0m
[self_driving-10] [0m[INFO] [1782501554.513851568] [self_driving]: DEBUG_DRIVE lane_x=18.5, linear=0.15, linear_y=0.00, angular=0.10, stop=False, crosswalk_distance=186, start_slow_down=True[0m
[self_driving-10] [0m[INFO] [1782501554.560465623] [self_driving]: [1;33m186[0m[0m
[self_driving-10] [0m[INFO] [1782501554.563948012] [self_driving]: DEBUG_DRIVE lane_x=22.0, linear=0.15, linear_y=0.00, angular=0.10, stop=False, crosswalk_distance=186, start_slow_down=True[0m
[self_driving-10] [0m[INFO] [1782501554.583436327] [self_driving]: objects=1[0m
[self_driving-10] [0m[INFO] [1782501554.585607808] [self_driving]: [DET] crosswalk: cx=297, cy=203, box=array('i', [190, 198, 405, 208]), score=0.80[0m
[self_driving-10] [0m[INFO] [1782501554.591073475] [self_driving]: objects=1[0m
[self_driving-10] [0m[INFO] [1782501554.592003142] [self_driving]: [DET] crosswalk: cx=299, cy=177, box=array('i', [235, 174, 363, 180]), score=0.75[0m
[self_driving-10] [0m[INFO] [1782501554.656979142] [self_driving]: [1;33m177[0m[0m
[self_driving-10] [0m[INFO] [1782501554.659549234] [self_driving]: DEBUG_DRIVE lane_x=28.5, linear=0.15, linear_y=0.00, angular=0.10, stop=False, crosswalk_distance=177, start_slow_down=True[0m
[self_driving-10] [0m[INFO] [1782501554.709707956] [self_driving]: [1;33m177[0m[0m
[self_driving-10] [0m[INFO] [1782501554.713540679] [self_driving]: DEBUG_DRIVE lane_x=31.0, linear=0.15, linear_y=0.00, angular=0.10, stop=False, crosswalk_distance=177, start_slow_down=True[0m
[self_driving-10] [0m[INFO] [1782501554.760203031] [self_driving]: [1;33m177[0m[0m
[self_driving-10] [0m[INFO] [1782501554.761961586] [self_driving]: DEBUG_DRIVE lane_x=30.0, linear=0.15, linear_y=0.00, angular=0.10, stop=False, crosswalk_distance=177, start_slow_down=True[0m
[self_driving-10] [0m[INFO] [1782501554.837955530] [self_driving]: [1;33m177[0m[0m
[self_driving-10] [0m[INFO] [1782501554.839353030] [self_driving]: DEBUG_DRIVE lane_x=31.5, linear=0.15, linear_y=0.00, angular=0.10, stop=False, crosswalk_distance=177, start_slow_down=True[0m
[self_driving-10] [0m[INFO] [1782501554.903663864] [self_driving]: [1;33m177[0m[0m
[self_driving-10] [0m[INFO] [1782501554.906232864] [self_driving]: DEBUG_DRIVE lane_x=43.5, linear=0.15, linear_y=0.00, angular=0.10, stop=False, crosswalk_distance=177, start_slow_down=True[0m
[self_driving-10] [0m[INFO] [1782501554.971393160] [self_driving]: [1;33m177[0m[0m
[self_driving-10] [0m[INFO] [1782501554.972629623] [self_driving]: DEBUG_DRIVE lane_x=47.5, linear=0.15, linear_y=0.00, angular=0.10, stop=False, crosswalk_distance=177, start_slow_down=True[0m
[self_driving-10] [0m[INFO] [1782501554.996355382] [self_driving]: objects=1[0m
[self_driving-10] [0m[INFO] [1782501554.997087567] [self_driving]: [DET] crosswalk: cx=305, cy=209, box=array('i', [187, 203, 423, 215]), score=0.81[0m
[self_driving-10] [0m[INFO] [1782501555.001423567] [self_driving]: objects=1[0m
[self_driving-10] [0m[INFO] [1782501555.002392456] [self_driving]: [DET] green: cx=593, cy=131, box=array('i', [580, 120, 607, 143]), score=0.50[0m
[self_driving-10] [0m[INFO] [1782501555.050318456] [self_driving]: [1;33m0[0m[0m
[self_driving-10] [0m[INFO] [1782501555.054048567] [self_driving]: DEBUG_DRIVE lane_x=54.5, linear=0.15, linear_y=0.00, angular=0.10, stop=False, crosswalk_distance=0, start_slow_down=True[0m
[self_driving-10] [0m[INFO] [1782501555.101368901] [self_driving]: [1;33m0[0m[0m
[self_driving-10] [0m[INFO] [1782501555.104180586] [self_driving]: DEBUG_DRIVE lane_x=59.0, linear=0.15, linear_y=0.00, angular=0.10, stop=False, crosswalk_distance=0, start_slow_down=True[0m
[self_driving-10] [0m[INFO] [1782501555.172690308] [self_driving]: [1;33m0[0m[0m
[self_driving-10] [0m[INFO] [1782501555.175536771] [self_driving]: DEBUG_DRIVE lane_x=61.0, linear=0.15, linear_y=0.00, angular=0.10, stop=False, crosswalk_distance=0, start_slow_down=True[0m
[self_driving-10] [0m[INFO] [1782501555.232211901] [self_driving]: [1;33m0[0m[0m
[self_driving-10] [0m[INFO] [1782501555.235654289] [self_driving]: DEBUG_DRIVE lane_x=66.0, linear=0.15, linear_y=0.00, angular=0.10, stop=False, crosswalk_distance=0, start_slow_down=True[0m
[self_driving-10] [0m[INFO] [1782501555.311763326] [self_driving]: [1;33m0[0m[0m
[self_driving-10] [0m[INFO] [1782501555.317467067] [self_driving]: DEBUG_DRIVE lane_x=66.0, linear=0.15, linear_y=0.00, angular=0.10, stop=False, crosswalk_distance=0, start_slow_down=True[0m
[self_driving-10] [0m[INFO] [1782501555.391871789] [self_driving]: [1;33m0[0m[0m
[self_driving-10] [0m[INFO] [1782501555.396392308] [self_driving]: DEBUG_DRIVE lane_x=68.5, linear=0.15, linear_y=0.00, angular=0.10, stop=False, crosswalk_distance=0, start_slow_down=True[0m
[self_driving-10] [0m[INFO] [1782501555.440943326] [self_driving]: objects=1[0m
[self_driving-10] [0m[INFO] [1782501555.441413456] [self_driving]: [DET] crosswalk: cx=316, cy=180, box=array('i', [240, 177, 392, 184]), score=0.75[0m
[self_driving-10] [0m[INFO] [1782501555.452231438] [self_driving]: [1;33m180[0m[0m
[self_driving-10] [0m[INFO] [1782501555.454828882] [self_driving]: DEBUG_DRIVE lane_x=76.0, linear=0.15, linear_y=0.00, angular=0.10, stop=False, crosswalk_distance=180, start_slow_down=True[0m
[self_driving-10] [0m[INFO] [1782501555.516562197] [self_driving]: [1;33m180[0m[0m
[self_driving-10] [0m[INFO] [1782501555.518916678] [self_driving]: DEBUG_DRIVE lane_x=82.0, linear=0.15, linear_y=0.00, angular=0.10, stop=False, crosswalk_distance=180, start_slow_down=True[0m
[self_driving-10] [0m[INFO] [1782501555.581544382] [self_driving]: [1;33m180[0m[0m
[self_driving-10] [0m[INFO] [1782501555.584032586] [self_driving]: DEBUG_DRIVE lane_x=88.0, linear=0.15, linear_y=0.00, angular=0.10, stop=False, crosswalk_distance=180, start_slow_down=True[0m
[self_driving-10] [0m[INFO] [1782501555.648620104] [self_driving]: [1;33m180[0m[0m
[self_driving-10] [0m[INFO] [1782501555.653287178] [self_driving]: DEBUG_DRIVE lane_x=89.5, linear=0.15, linear_y=0.00, angular=0.10, stop=False, crosswalk_distance=180, start_slow_down=True[0m
[self_driving-10] [0m[INFO] [1782501555.704012937] [self_driving]: [1;33m180[0m[0m
[self_driving-10] [0m[INFO] [1782501555.705359048] [self_driving]: DEBUG_DRIVE lane_x=98.0, linear=0.15, linear_y=0.00, angular=0.10, stop=False, crosswalk_distance=180, start_slow_down=True[0m
[self_driving-10] [0m[INFO] [1782501555.769942715] [self_driving]: [1;33m180[0m[0m
[self_driving-10] [0m[INFO] [1782501555.771558308] [self_driving]: DEBUG_DRIVE lane_x=111.5, linear=0.15, linear_y=0.00, angular=0.10, stop=False, crosswalk_distance=180, start_slow_down=True[0m
[self_driving-10] [0m[INFO] [1782501555.815742308] [self_driving]: objects=1[0m
[self_driving-10] [0m[INFO] [1782501555.818210382] [self_driving]: [DET] crosswalk: cx=344, cy=217, box=array('i', [198, 211, 490, 224]), score=0.81[0m
[self_driving-10] [0m[INFO] [1782501555.826014863] [self_driving]: objects=1[0m
[self_driving-10] [0m[INFO] [1782501555.830909085] [self_driving]: [DET] crosswalk: cx=347, cy=179, box=array('i', [265, 176, 430, 183]), score=0.77[0m
[self_driving-10] [0m[INFO] [1782501555.858387771] [self_driving]: [1;33m179[0m[0m
[self_driving-10] [0m[INFO] [1782501555.861069604] [self_driving]: DEBUG_DRIVE lane_x=115.0, linear=0.15, linear_y=0.00, angular=0.10, stop=False, crosswalk_distance=179, start_slow_down=True[0m
[self_driving-10] [0m[INFO] [1782501555.922820919] [self_driving]: [1;33m179[0m[0m
[self_driving-10] [0m[INFO] [1782501555.924285715] [self_driving]: DEBUG_DRIVE lane_x=127.0, linear=0.15, linear_y=0.00, angular=-0.10, stop=False, crosswalk_distance=179, start_slow_down=True[0m
[self_driving-10] [0m[INFO] [1782501555.984333178] [self_driving]: [1;33m179[0m[0m
[self_driving-10] [0m[INFO] [1782501555.985934678] [self_driving]: DEBUG_DRIVE lane_x=134.0, linear=0.15, linear_y=0.00, angular=-0.10, stop=False, crosswalk_distance=179, start_slow_down=True[0m
[self_driving-10] [0m[INFO] [1782501556.041343993] [self_driving]: [1;33m179[0m[0m
[self_driving-10] [0m[INFO] [1782501556.042868419] [self_driving]: DEBUG_DRIVE lane_x=141.5, linear=0.15, linear_y=0.00, angular=-0.10, stop=False, crosswalk_distance=179, start_slow_down=True[0m
[self_driving-10] [0m[INFO] [1782501556.111509641] [self_driving]: [1;33m179[0m[0m
[self_driving-10] [0m[INFO] [1782501556.113643493] [self_driving]: DEBUG_DRIVE lane_x=146.0, linear=0.15, linear_y=0.00, angular=-0.10, stop=False, crosswalk_distance=179, start_slow_down=True[0m
[self_driving-10] [0m[INFO] [1782501556.175381141] [self_driving]: [1;33m179[0m[0m
[self_driving-10] [0m[INFO] [1782501556.176549789] [self_driving]: DEBUG_DRIVE lane_x=145.5, linear=0.15, linear_y=0.00, angular=-0.10, stop=False, crosswalk_distance=179, start_slow_down=True[0m
[self_driving-10] [0m[INFO] [1782501556.219882048] [self_driving]: objects=1[0m
[self_driving-10] [0m[INFO] [1782501556.220627548] [self_driving]: [DET] crosswalk: cx=372, cy=226, box=array('i', [213, 218, 532, 235]), score=0.84[0m
[self_driving-10] [0m[INFO] [1782501556.227278307] [self_driving]: objects=1[0m
[self_driving-10] [0m[INFO] [1782501556.228607567] [self_driving]: [DET] crosswalk: cx=372, cy=184, box=array('i', [288, 181, 457, 188]), score=0.75[0m
[self_driving-10] [0m[INFO] [1782501556.263916696] [self_driving]: [1;33m184[0m[0m
[self_driving-10] [0m[INFO] [1782501556.274490622] [self_driving]: DEBUG_DRIVE lane_x=144.0, linear=0.15, linear_y=0.00, angular=-0.10, stop=False, crosswalk_distance=184, start_slow_down=True[0m
[self_driving-10] [0m[INFO] [1782501556.321411900] [self_driving]: [1;33m184[0m[0m
[self_driving-10] [0m[INFO] [1782501556.323459456] [self_driving]: DEBUG_DRIVE lane_x=148.5, linear=0.15, linear_y=0.00, angular=-0.10, stop=False, crosswalk_distance=184, start_slow_down=True[0m
[self_driving-10] [0m[INFO] [1782501556.383334789] [self_driving]: [1;33m184[0m[0m
[self_driving-10] [0m[INFO] [1782501556.385979567] [self_driving]: DEBUG_DRIVE lane_x=144.5, linear=0.15, linear_y=0.00, angular=-0.10, stop=False, crosswalk_distance=184, start_slow_down=True[0m
[self_driving-10] [0m[INFO] [1782501556.458254067] [self_driving]: [1;33m184[0m[0m
[self_driving-10] [0m[INFO] [1782501556.461075826] [self_driving]: DEBUG_DRIVE lane_x=141.5, linear=0.15, linear_y=0.00, angular=-0.10, stop=False, crosswalk_distance=184, start_slow_down=True[0m
[self_driving-10] [0m[INFO] [1782501556.517074122] [self_driving]: [1;33m184[0m[0m
[self_driving-10] [0m[INFO] [1782501556.519907029] [self_driving]: DEBUG_DRIVE lane_x=140.0, linear=0.15, linear_y=0.00, angular=-0.10, stop=False, crosswalk_distance=184, start_slow_down=True[0m
[self_driving-10] [0m[INFO] [1782501556.585482733] [self_driving]: [1;33m184[0m[0m
[self_driving-10] [0m[INFO] [1782501556.587073252] [self_driving]: DEBUG_DRIVE lane_x=134.0, linear=0.15, linear_y=0.00, angular=0.10, stop=False, crosswalk_distance=184, start_slow_down=True[0m
[self_driving-10] [0m[INFO] [1782501556.617447085] [self_driving]: objects=1[0m
[self_driving-10] [0m[INFO] [1782501556.619449678] [self_driving]: [DET] crosswalk: cx=402, cy=236, box=array('i', [228, 226, 577, 247]), score=0.84[0m
[self_driving-10] [0m[INFO] [1782501556.628483992] [self_driving]: objects=1[0m
[self_driving-10] [0m[INFO] [1782501556.629355622] [self_driving]: [DET] crosswalk: cx=396, cy=188, box=array('i', [303, 184, 489, 192]), score=0.78[0m
[self_driving-10] [0m[INFO] [1782501556.669686715] [self_driving]: [1;33m188[0m[0m
[self_driving-10] [0m[INFO] [1782501556.672349233] [self_driving]: DEBUG_DRIVE lane_x=137.0, linear=0.15, linear_y=0.00, angular=-0.10, stop=False, crosswalk_distance=188, start_slow_down=True[0m
[self_driving-10] [0m[INFO] [1782501556.724995826] [self_driving]: [1;33m188[0m[0m
[self_driving-10] [0m[INFO] [1782501556.728020159] [self_driving]: DEBUG_DRIVE lane_x=136.0, linear=0.15, linear_y=0.00, angular=-0.10, stop=False, crosswalk_distance=188, start_slow_down=True[0m
[self_driving-10] [0m[INFO] [1782501556.776204844] [self_driving]: [1;33m188[0m[0m
[self_driving-10] [0m[INFO] [1782501556.779422696] [self_driving]: DEBUG_DRIVE lane_x=140.5, linear=0.15, linear_y=0.00, angular=-0.10, stop=False, crosswalk_distance=188, start_slow_down=True[0m
[self_driving-10] [0m[INFO] [1782501556.842798529] [self_driving]: [1;33m188[0m[0m
[self_driving-10] [0m[INFO] [1782501556.843840751] [self_driving]: DEBUG_DRIVE lane_x=138.5, linear=0.15, linear_y=0.00, angular=-0.10, stop=False, crosswalk_distance=188, start_slow_down=False[0m
[self_driving-10] [0m[INFO] [1782501556.915315900] [self_driving]: [1;33m188[0m[0m
[self_driving-10] [0m[INFO] [1782501556.916608585] [self_driving]: DEBUG_DRIVE lane_x=136.5, linear=0.15, linear_y=0.00, angular=-0.10, stop=False, crosswalk_distance=188, start_slow_down=False[0m
[self_driving-10] [0m[INFO] [1782501556.993702122] [self_driving]: [1;33m188[0m[0m
[self_driving-10] [0m[INFO] [1782501556.997285529] [self_driving]: DEBUG_DRIVE lane_x=132.0, linear=0.15, linear_y=0.00, angular=0.10, stop=False, crosswalk_distance=188, start_slow_down=False[0m
[self_driving-10] [0m[INFO] [1782501557.003703381] [self_driving]: objects=1[0m
[self_driving-10] [0m[INFO] [1782501557.004927992] [self_driving]: [DET] crosswalk: cx=436, cy=247, box=array('i', [237, 234, 636, 261]), score=0.87[0m
[self_driving-10] [0m[INFO] [1782501557.014755437] [self_driving]: objects=1[0m
[self_driving-10] [0m[INFO] [1782501557.015557696] [self_driving]: [DET] crosswalk: cx=422, cy=191, box=array('i', [330, 187, 515, 195]), score=0.79[0m
[self_driving-10] [0m[INFO] [1782501557.059859288] [self_driving]: [1;33m191[0m[0m
[self_driving-10] [0m[INFO] [1782501557.062171492] [self_driving]: DEBUG_DRIVE lane_x=127.0, linear=0.15, linear_y=0.00, angular=0.10, stop=False, crosswalk_distance=191, start_slow_down=True[0m
[self_driving-10] [0m[INFO] [1782501557.124460159] [self_driving]: [1;33m191[0m[0m
[self_driving-10] [0m[INFO] [1782501557.126255437] [self_driving]: DEBUG_DRIVE lane_x=126.0, linear=0.15, linear_y=0.00, angular=0.10, stop=False, crosswalk_distance=191, start_slow_down=True[0m
[self_driving-10] [0m[INFO] [1782501557.194754066] [self_driving]: [1;33m191[0m[0m
[self_driving-10] [0m[INFO] [1782501557.196947974] [self_driving]: DEBUG_DRIVE lane_x=125.5, linear=0.15, linear_y=0.00, angular=0.10, stop=False, crosswalk_distance=191, start_slow_down=True[0m
[self_driving-10] [0m[INFO] [1782501557.260211066] [self_driving]: [1;33m191[0m[0m
[self_driving-10] [0m[INFO] [1782501557.261726918] [self_driving]: DEBUG_DRIVE lane_x=137.5, linear=0.15, linear_y=0.00, angular=-0.10, stop=False, crosswalk_distance=191, start_slow_down=True[0m
[self_driving-10] [0m[INFO] [1782501557.327151029] [self_driving]: [1;33m191[0m[0m
[self_driving-10] [0m[INFO] [1782501557.328959085] [self_driving]: DEBUG_DRIVE lane_x=138.5, linear=0.15, linear_y=0.00, angular=-0.10, stop=False, crosswalk_distance=191, start_slow_down=True[0m
[self_driving-10] [0m[INFO] [1782501557.389985233] [self_driving]: [1;33m191[0m[0m
[self_driving-10] [0m[INFO] [1782501557.392627344] [self_driving]: DEBUG_DRIVE lane_x=144.0, linear=0.15, linear_y=0.00, angular=-0.10, stop=False, crosswalk_distance=191, start_slow_down=True[0m
[self_driving-10] [0m[INFO] [1782501557.408413140] [self_driving]: objects=1[0m
[self_driving-10] [0m[INFO] [1782501557.410475918] [self_driving]: [DET] crosswalk: cx=433, cy=192, box=array('i', [337, 188, 530, 197]), score=0.78[0m
[self_driving-10] [0m[INFO] [1782501557.473497825] [self_driving]: [1;33m192[0m[0m
[self_driving-10] [0m[INFO] [1782501557.481452418] [self_driving]: DEBUG_DRIVE lane_x=145.0, linear=0.15, linear_y=0.00, angular=-0.10, stop=False, crosswalk_distance=192, start_slow_down=True[0m
[self_driving-10] [0m[INFO] [1782501557.536886677] [self_driving]: [1;33m192[0m[0m
[self_driving-10] [0m[INFO] [1782501557.539826529] [self_driving]: DEBUG_DRIVE lane_x=143.0, linear=0.15, linear_y=0.00, angular=-0.10, stop=False, crosswalk_distance=192, start_slow_down=True[0m
[self_driving-10] [0m[INFO] [1782501557.590283695] [self_driving]: [1;33m192[0m[0m
[self_driving-10] [0m[INFO] [1782501557.593378436] [self_driving]: DEBUG_DRIVE lane_x=141.0, linear=0.15, linear_y=0.00, angular=-0.10, stop=False, crosswalk_distance=192, start_slow_down=True[0m
[self_driving-10] [0m[INFO] [1782501557.649669362] [self_driving]: [1;33m192[0m[0m
[self_driving-10] [0m[INFO] [1782501557.651828362] [self_driving]: DEBUG_DRIVE lane_x=138.0, linear=0.15, linear_y=0.00, angular=-0.10, stop=False, crosswalk_distance=192, start_slow_down=True[0m
[self_driving-10] [0m[INFO] [1782501557.730134603] [self_driving]: [1;33m192[0m[0m
[self_driving-10] [0m[INFO] [1782501557.733167788] [self_driving]: DEBUG_DRIVE lane_x=135.0, linear=0.15, linear_y=0.00, angular=-0.10, stop=False, crosswalk_distance=192, start_slow_down=True[0m
[self_driving-10] [0m[INFO] [1782501557.783066677] [self_driving]: [1;33m192[0m[0m
[self_driving-10] [0m[INFO] [1782501557.785796047] [self_driving]: DEBUG_DRIVE lane_x=131.5, linear=0.15, linear_y=0.00, angular=0.10, stop=False, crosswalk_distance=192, start_slow_down=True[0m
[self_driving-10] [0m[INFO] [1782501557.818062584] [self_driving]: objects=1[0m
[self_driving-10] [0m[INFO] [1782501557.819120992] [self_driving]: [DET] crosswalk: cx=421, cy=275, box=array('i', [203, 255, 640, 296]), score=0.89[0m
[self_driving-10] [0m[INFO] [1782501557.826812751] [self_driving]: objects=1[0m
[self_driving-10] [0m[INFO] [1782501557.827736140] [self_driving]: [DET] crosswalk: cx=420, cy=197, box=array('i', [318, 193, 523, 202]), score=0.82[0m
[self_driving-10] [0m[INFO] [1782501557.889440510] [self_driving]: [1;33m197[0m[0m
[self_driving-10] [0m[INFO] [1782501557.890844473] [self_driving]: DEBUG_DRIVE lane_x=126.0, linear=0.15, linear_y=0.00, angular=0.10, stop=False, crosswalk_distance=197, start_slow_down=True[0m
[self_driving-10] [0m[INFO] [1782501557.935878788] [self_driving]: [1;33m197[0m[0m
[self_driving-10] [0m[INFO] [1782501557.936962640] [self_driving]: DEBUG_DRIVE lane_x=121.5, linear=0.15, linear_y=0.00, angular=0.10, stop=False, crosswalk_distance=197, start_slow_down=True[0m
[self_driving-10] [0m[INFO] [1782501557.995124232] [self_driving]: [1;33m197[0m[0m
[self_driving-10] [0m[INFO] [1782501557.997320288] [self_driving]: DEBUG_DRIVE lane_x=124.0, linear=0.15, linear_y=0.00, angular=0.10, stop=False, crosswalk_distance=197, start_slow_down=True[0m
[self_driving-10] [0m[INFO] [1782501558.064324251] [self_driving]: [1;33m197[0m[0m
[self_driving-10] [0m[INFO] [1782501558.067463029] [self_driving]: DEBUG_DRIVE lane_x=126.0, linear=0.15, linear_y=0.00, angular=0.10, stop=False, crosswalk_distance=197, start_slow_down=True[0m
[self_driving-10] [0m[INFO] [1782501558.117531880] [self_driving]: [1;33m197[0m[0m
[self_driving-10] [0m[INFO] [1782501558.119395899] [self_driving]: DEBUG_DRIVE lane_x=125.0, linear=0.15, linear_y=0.00, angular=0.10, stop=False, crosswalk_distance=197, start_slow_down=True[0m
[self_driving-10] [0m[INFO] [1782501558.194742380] [self_driving]: [1;33m197[0m[0m
[self_driving-10] [0m[INFO] [1782501558.196551362] [self_driving]: DEBUG_DRIVE lane_x=131.0, linear=0.15, linear_y=0.00, angular=-0.10, stop=False, crosswalk_distance=197, start_slow_down=True[0m
[self_driving-10] [0m[INFO] [1782501558.230929936] [self_driving]: objects=1[0m
[self_driving-10] [0m[INFO] [1782501558.232122603] [self_driving]: [DET] crosswalk: cx=402, cy=296, box=array('i', [171, 273, 634, 319]), score=0.89[0m
[self_driving-10] [0m[INFO] [1782501558.235018232] [self_driving]: objects=1[0m
[self_driving-10] [0m[INFO] [1782501558.236345065] [self_driving]: [DET] crosswalk: cx=409, cy=201, box=array('i', [300, 197, 519, 206]), score=0.80[0m
[self_driving-10] [0m[INFO] [1782501558.283308065] [self_driving]: [1;33m201[0m[0m
[self_driving-10] [0m[INFO] [1782501558.285163547] [self_driving]: DEBUG_DRIVE lane_x=130.5, linear=0.15, linear_y=0.00, angular=-0.02, stop=False, crosswalk_distance=201, start_slow_down=True[0m
[self_driving-10] [0m[INFO] [1782501558.340189028] [self_driving]: [1;33m201[0m[0m
[self_driving-10] [0m[INFO] [1782501558.342906288] [self_driving]: DEBUG_DRIVE lane_x=135.0, linear=0.15, linear_y=0.00, angular=-0.10, stop=False, crosswalk_distance=201, start_slow_down=True[0m
[self_driving-10] [0m[INFO] [1782501558.403267251] [self_driving]: [1;33m201[0m[0m
[self_driving-10] [0m[INFO] [1782501558.404903880] [self_driving]: DEBUG_DRIVE lane_x=131.5, linear=0.15, linear_y=0.00, angular=0.10, stop=False, crosswalk_distance=201, start_slow_down=True[0m
[self_driving-10] [0m[INFO] [1782501558.467626751] [self_driving]: [1;33m201[0m[0m
[self_driving-10] [0m[INFO] [1782501558.469542491] [self_driving]: DEBUG_DRIVE lane_x=131.0, linear=0.15, linear_y=0.00, angular=-0.10, stop=False, crosswalk_distance=201, start_slow_down=True[0m
[self_driving-10] [0m[INFO] [1782501558.523649565] [self_driving]: [1;33m201[0m[0m
[self_driving-10] [0m[INFO] [1782501558.531026380] [self_driving]: DEBUG_DRIVE lane_x=131.5, linear=0.15, linear_y=0.00, angular=-0.10, stop=False, crosswalk_distance=201, start_slow_down=True[0m
[self_driving-10] [0m[INFO] [1782501558.590125250] [self_driving]: [1;33m201[0m[0m
[self_driving-10] [0m[INFO] [1782501558.593388658] [self_driving]: DEBUG_DRIVE lane_x=131.0, linear=0.15, linear_y=0.00, angular=-0.10, stop=False, crosswalk_distance=201, start_slow_down=True[0m
[self_driving-10] [0m[INFO] [1782501558.644087602] [self_driving]: objects=1[0m
[self_driving-10] [0m[INFO] [1782501558.647516436] [self_driving]: [DET] crosswalk: cx=420, cy=204, box=array('i', [300, 199, 541, 209]), score=0.83[0m
[self_driving-10] [0m[INFO] [1782501558.654589602] [self_driving]: objects=1[0m
[self_driving-10] [0m[INFO] [1782501558.655733102] [self_driving]: [DET] crosswalk: cx=392, cy=321, box=array('i', [144, 291, 640, 351]), score=0.80[0m
[self_driving-10] [0m[INFO] [1782501558.684367750] [self_driving]: [1;33m321[0m[0m
[self_driving-10] [0m[INFO] [1782501558.694968899] [self_driving]: DEBUG_DRIVE lane_x=130.5, linear=0.15, linear_y=0.00, angular=-0.05, stop=False, crosswalk_distance=321, start_slow_down=True[0m
[self_driving-10] [0m[INFO] [1782501558.743581010] [self_driving]: [1;33m321[0m[0m
[self_driving-10] [0m[INFO] [1782501558.745405769] [self_driving]: DEBUG_DRIVE lane_x=124.0, linear=0.15, linear_y=0.00, angular=0.10, stop=False, crosswalk_distance=321, start_slow_down=True[0m
[self_driving-10] [0m[INFO] [1782501558.811417398] [self_driving]: [1;33m321[0m[0m
[self_driving-10] [0m[INFO] [1782501558.814801028] [self_driving]: DEBUG_DRIVE lane_x=124.0, linear=0.15, linear_y=0.00, angular=0.10, stop=False, crosswalk_distance=321, start_slow_down=True[0m
[self_driving-10] [0m[INFO] [1782501558.881913510] [self_driving]: [1;33m321[0m[0m
[self_driving-10] [0m[INFO] [1782501558.884606676] [self_driving]: DEBUG_DRIVE lane_x=123.5, linear=0.15, linear_y=0.00, angular=0.10, stop=False, crosswalk_distance=321, start_slow_down=True[0m
[self_driving-10] [0m[INFO] [1782501558.937977713] [self_driving]: [1;33m321[0m[0m
[self_driving-10] [0m[INFO] [1782501558.940009102] [self_driving]: DEBUG_DRIVE lane_x=127.0, linear=0.15, linear_y=0.00, angular=-0.10, stop=False, crosswalk_distance=321, start_slow_down=True[0m
[self_driving-10] [0m[INFO] [1782501559.017232287] [self_driving]: [1;33m321[0m[0m
[self_driving-10] [0m[INFO] [1782501559.019580787] [self_driving]: DEBUG_DRIVE lane_x=129.0, linear=0.15, linear_y=0.00, angular=-0.10, stop=False, crosswalk_distance=321, start_slow_down=True[0m
[self_driving-10] [0m[INFO] [1782501559.054826139] [self_driving]: objects=1[0m
[self_driving-10] [0m[INFO] [1782501559.055870139] [self_driving]: [DET] crosswalk: cx=411, cy=207, box=array('i', [285, 202, 538, 213]), score=0.80[0m
[self_driving-10] [0m[INFO] [1782501559.063062491] [self_driving]: [1;33m207[0m[0m
[self_driving-10] [0m[INFO] [1782501559.066216602] [self_driving]: DEBUG_DRIVE lane_x=137.5, linear=0.15, linear_y=0.00, angular=-0.10, stop=False, crosswalk_distance=207, start_slow_down=True[0m
[self_driving-10] [0m[INFO] [1782501559.147605824] [self_driving]: [1;33m207[0m[0m
[self_driving-10] [0m[INFO] [1782501559.150065509] [self_driving]: DEBUG_DRIVE lane_x=137.5, linear=0.15, linear_y=0.00, angular=-0.10, stop=False, crosswalk_distance=207, start_slow_down=True[0m
[self_driving-10] [0m[INFO] [1782501559.197886306] [self_driving]: [1;33m207[0m[0m
[self_driving-10] [0m[INFO] [1782501559.201788232] [self_driving]: DEBUG_DRIVE lane_x=136.5, linear=0.15, linear_y=0.00, angular=-0.10, stop=False, crosswalk_distance=207, start_slow_down=True[0m
[self_driving-10] [0m[INFO] [1782501559.276435454] [self_driving]: [1;33m207[0m[0m
[self_driving-10] [0m[INFO] [1782501559.279131769] [self_driving]: DEBUG_DRIVE lane_x=125.0, linear=0.15, linear_y=0.00, angular=0.10, stop=False, crosswalk_distance=207, start_slow_down=True[0m
[self_driving-10] [0m[INFO] [1782501559.338761546] [self_driving]: [1;33m207[0m[0m
[self_driving-10] [0m[INFO] [1782501559.340656528] [self_driving]: DEBUG_DRIVE lane_x=149.0, linear=0.15, linear_y=0.00, angular=-0.10, stop=False, crosswalk_distance=207, start_slow_down=True[0m
[self_driving-10] [0m[INFO] [1782501559.414765657] [self_driving]: [1;33m207[0m[0m
[self_driving-10] [0m[INFO] [1782501559.416240380] [self_driving]: DEBUG_DRIVE lane_x=173.5, linear=0.15, linear_y=0.00, angular=-0.10, stop=False, crosswalk_distance=207, start_slow_down=True[0m
[self_driving-10] [0m[INFO] [1782501559.445023305] [self_driving]: objects=1[0m
[self_driving-10] [0m[INFO] [1782501559.445507509] [self_driving]: [DET] crosswalk: cx=322, cy=423, box=array('i', [9, 366, 635, 480]), score=0.91[0m
[self_driving-10] [0m[INFO] [1782501559.451731583] [self_driving]: objects=1[0m
[self_driving-10] [0m[INFO] [1782501559.452957287] [self_driving]: [DET] crosswalk: cx=428, cy=212, box=array('i', [293, 205, 563, 220]), score=0.85[0m
[self_driving-10] [0m[INFO] [1782501559.488169861] [self_driving]: [1;33m212[0m[0m
[self_driving-10] [0m[INFO] [1782501559.491239787] [self_driving]: DEBUG_DRIVE lane_x=218.5, linear=0.15, linear_y=0.00, angular=-0.45, stop=False, crosswalk_distance=212, start_slow_down=True[0m
[self_driving-10] [0m[INFO] [1782501559.549243713] [self_driving]: [1;33m212[0m[0m
[self_driving-10] [0m[INFO] [1782501559.551456528] [self_driving]: DEBUG_DRIVE lane_x=194.5, linear=0.15, linear_y=0.00, angular=-0.10, stop=False, crosswalk_distance=212, start_slow_down=True[0m
[self_driving-10] [0m[INFO] [1782501559.612107991] [self_driving]: [1;33m212[0m[0m
[self_driving-10] [0m[INFO] [1782501559.617176342] [self_driving]: DEBUG_DRIVE lane_x=188.0, linear=0.15, linear_y=0.00, angular=-0.10, stop=False, crosswalk_distance=212, start_slow_down=True[0m
[self_driving-10] [0m[INFO] [1782501559.692612305] [self_driving]: [1;33m212[0m[0m
[self_driving-10] [0m[INFO] [1782501559.696842565] [self_driving]: DEBUG_DRIVE lane_x=176.5, linear=0.15, linear_y=0.00, angular=-0.10, stop=False, crosswalk_distance=212, start_slow_down=True[0m
[self_driving-10] [0m[INFO] [1782501559.743585602] [self_driving]: [1;33m212[0m[0m
[self_driving-10] [0m[INFO] [1782501559.745517102] [self_driving]: DEBUG_DRIVE lane_x=169.0, linear=0.15, linear_y=0.00, angular=-0.10, stop=False, crosswalk_distance=212, start_slow_down=False[0m
[self_driving-10] [0m[INFO] [1782501559.819571694] [self_driving]: [1;33m212[0m[0m
[self_driving-10] [0m[INFO] [1782501559.820800898] [self_driving]: DEBUG_DRIVE lane_x=156.0, linear=0.15, linear_y=0.00, angular=-0.10, stop=False, crosswalk_distance=212, start_slow_down=False[0m
[self_driving-10] [0m[INFO] [1782501559.874399731] [self_driving]: [1;33m212[0m[0m
[self_driving-10] [0m[INFO] [1782501559.876592379] [self_driving]: DEBUG_DRIVE lane_x=150.5, linear=0.15, linear_y=0.00, angular=-0.10, stop=False, crosswalk_distance=212, start_slow_down=False[0m
[self_driving-10] [0m[INFO] [1782501559.893894990] [self_driving]: objects=1[0m
[self_driving-10] [0m[INFO] [1782501559.894971546] [self_driving]: [DET] crosswalk: cx=424, cy=219, box=array('i', [276, 210, 573, 229]), score=0.88[0m
[self_driving-10] [0m[INFO] [1782501559.899009546] [self_driving]: objects=1[0m
[self_driving-10] [0m[INFO] [1782501559.900603805] [self_driving]: [DET] crosswalk: cx=313, cy=438, box=array('i', [2, 410, 625, 467]), score=0.69[0m
[self_driving-10] [0m[INFO] [1782501559.976403768] [self_driving]: [1;33m438[0m[0m
[self_driving-10] [0m[INFO] [1782501559.979044731] [self_driving]: DEBUG_DRIVE lane_x=148.0, linear=0.15, linear_y=0.00, angular=-0.10, stop=False, crosswalk_distance=438, start_slow_down=True[0m
[self_driving-10] [0m[INFO] [1782501560.030025601] [self_driving]: [1;33m438[0m[0m
[self_driving-10] [0m[INFO] [1782501560.031682713] [self_driving]: DEBUG_DRIVE lane_x=159.5, linear=0.15, linear_y=0.00, angular=-0.10, stop=False, crosswalk_distance=438, start_slow_down=True[0m
[self_driving-10] [0m[INFO] [1782501560.086160824] [self_driving]: [1;33m438[0m[0m
[self_driving-10] [0m[INFO] [1782501560.088845472] [self_driving]: DEBUG_DRIVE lane_x=141.0, linear=0.15, linear_y=0.00, angular=0.10, stop=False, crosswalk_distance=438, start_slow_down=True[0m
[self_driving-10] [0m[INFO] [1782501560.151920453] [self_driving]: [1;33m438[0m[0m
[self_driving-10] [0m[INFO] [1782501560.153169175] [self_driving]: DEBUG_DRIVE lane_x=108.5, linear=0.15, linear_y=0.00, angular=0.10, stop=False, crosswalk_distance=438, start_slow_down=True[0m
[self_driving-10] [0m[INFO] [1782501560.218035731] [self_driving]: [1;33m438[0m[0m
[self_driving-10] [0m[INFO] [1782501560.221057453] [self_driving]: DEBUG_DRIVE lane_x=76.0, linear=0.15, linear_y=0.00, angular=0.10, stop=False, crosswalk_distance=438, start_slow_down=True[0m
[self_driving-10] [0m[INFO] [1782501560.286198435] [self_driving]: [1;33m438[0m[0m
[self_driving-10] [0m[INFO] [1782501560.290047083] [self_driving]: DEBUG_DRIVE lane_x=52.0, linear=0.15, linear_y=0.00, angular=0.10, stop=False, crosswalk_distance=438, start_slow_down=True[0m
[self_driving-10] [0m[INFO] [1782501560.308214638] [self_driving]: objects=1[0m
[self_driving-10] [0m[INFO] [1782501560.310118768] [self_driving]: [DET] crosswalk: cx=433, cy=224, box=array('i', [270, 214, 596, 234]), score=0.85[0m
[self_driving-10] [0m[INFO] [1782501560.362678101] [self_driving]: [1;33m224[0m[0m
[self_driving-10] [0m[INFO] [1782501560.364111712] [self_driving]: DEBUG_DRIVE lane_x=30.0, linear=0.15, linear_y=0.00, angular=0.10, stop=False, crosswalk_distance=224, start_slow_down=True[0m
[self_driving-10] [0m[INFO] [1782501560.416936620] [self_driving]: [1;33m224[0m[0m
[self_driving-10] [0m[INFO] [1782501560.421519046] [self_driving]: DEBUG_DRIVE lane_x=43.0, linear=0.15, linear_y=0.00, angular=0.10, stop=False, crosswalk_distance=224, start_slow_down=True[0m
[self_driving-10] [0m[INFO] [1782501560.479011342] [self_driving]: [1;33m224[0m[0m
[self_driving-10] [0m[INFO] [1782501560.480828546] [self_driving]: DEBUG_DRIVE lane_x=69.0, linear=0.15, linear_y=0.00, angular=0.10, stop=False, crosswalk_distance=224, start_slow_down=True[0m
[self_driving-10] [0m[INFO] [1782501560.547866157] [self_driving]: [1;33m224[0m[0m
[self_driving-10] [0m[INFO] [1782501560.553378120] [self_driving]: DEBUG_DRIVE lane_x=96.0, linear=0.15, linear_y=0.00, angular=0.10, stop=False, crosswalk_distance=224, start_slow_down=True[0m
[self_driving-10] [0m[INFO] [1782501560.610361342] [self_driving]: [1;33m224[0m[0m
[self_driving-10] [0m[INFO] [1782501560.612791009] [self_driving]: DEBUG_DRIVE lane_x=143.0, linear=0.15, linear_y=0.00, angular=-0.10, stop=False, crosswalk_distance=224, start_slow_down=True[0m
[self_driving-10] [0m[INFO] [1782501560.673269971] [self_driving]: [1;33m224[0m[0m
[self_driving-10] [0m[INFO] [1782501560.675165712] [self_driving]: DEBUG_DRIVE lane_x=189.5, linear=0.15, linear_y=0.00, angular=-0.10, stop=False, crosswalk_distance=224, start_slow_down=True[0m
[self_driving-10] [0m[INFO] [1782501560.704788694] [self_driving]: objects=1[0m
[self_driving-10] [0m[INFO] [1782501560.705492286] [self_driving]: [DET] crosswalk: cx=292, cy=381, box=array('i', [177, 362, 408, 400]), score=0.87[0m
[self_driving-10] [0m[INFO] [1782501560.755811194] [self_driving]: [1;33m381[0m[0m
[self_driving-10] [0m[INFO] [1782501560.757067305] [self_driving]: DEBUG_DRIVE lane_x=187.0, linear=0.15, linear_y=0.00, angular=-0.10, stop=False, crosswalk_distance=381, start_slow_down=True[0m
[self_driving-10] [0m[INFO] [1782501560.823247175] [self_driving]: [1;33m381[0m[0m
[self_driving-10] [0m[INFO] [1782501560.827004397] [self_driving]: DEBUG_DRIVE lane_x=92.0, linear=0.15, linear_y=0.00, angular=0.10, stop=False, crosswalk_distance=381, start_slow_down=True[0m
[self_driving-10] [0m[INFO] [1782501560.893502397] [self_driving]: [1;33m381[0m[0m
[self_driving-10] [0m[INFO] [1782501560.895111249] [self_driving]: DEBUG_DRIVE lane_x=90.0, linear=0.15, linear_y=0.00, angular=0.10, stop=False, crosswalk_distance=381, start_slow_down=True[0m
[self_driving-10] [0m[INFO] [1782501560.943964453] [self_driving]: [1;33m381[0m[0m
[self_driving-10] [0m[INFO] [1782501560.945265990] [self_driving]: DEBUG_DRIVE lane_x=56.0, linear=0.15, linear_y=0.00, angular=0.10, stop=False, crosswalk_distance=381, start_slow_down=True[0m
[self_driving-10] [0m[INFO] [1782501561.023311490] [self_driving]: [1;33m381[0m[0m
[self_driving-10] [0m[INFO] [1782501561.025608064] [self_driving]: DEBUG_DRIVE lane_x=28.0, linear=0.15, linear_y=0.00, angular=0.10, stop=False, crosswalk_distance=381, start_slow_down=True[0m
[self_driving-10] [0m[INFO] [1782501561.089960601] [self_driving]: [1;33m381[0m[0m
[self_driving-10] [0m[INFO] [1782501561.091072638] [self_driving]: DEBUG_DRIVE lane_x=23.5, linear=0.15, linear_y=0.00, angular=0.10, stop=False, crosswalk_distance=381, start_slow_down=True[0m
[self_driving-10] [0m[INFO] [1782501561.095884008] [self_driving]: objects=1[0m
[self_driving-10] [0m[INFO] [1782501561.096376786] [self_driving]: [DET] crosswalk: cx=263, cy=408, box=array('i', [146, 371, 381, 446]), score=0.90[0m
[self_driving-10] [0m[INFO] [1782501561.099867693] [self_driving]: objects=1[0m
[self_driving-10] [0m[INFO] [1782501561.101496397] [self_driving]: [DET] crosswalk: cx=236, cy=290, box=array('i', [164, 275, 308, 305]), score=0.86[0m
[self_driving-10] [0m[INFO] [1782501561.174281212] [self_driving]: [1;33m290[0m[0m
[self_driving-10] [0m[INFO] [1782501561.175479879] [self_driving]: DEBUG_DRIVE lane_x=28.5, linear=0.15, linear_y=0.00, angular=0.10, stop=False, crosswalk_distance=290, start_slow_down=True[0m
[self_driving-10] [0m[INFO] [1782501561.217050119] [self_driving]: [1;33m290[0m[0m
[self_driving-10] [0m[INFO] [1782501561.219532582] [self_driving]: DEBUG_DRIVE lane_x=21.5, linear=0.15, linear_y=0.00, angular=0.10, stop=False, crosswalk_distance=290, start_slow_down=True[0m
[self_driving-10] [0m[INFO] [1782501561.296573619] [self_driving]: [1;33m290[0m[0m
[self_driving-10] [0m[INFO] [1782501561.300844990] [self_driving]: DEBUG_DRIVE lane_x=33.0, linear=0.15, linear_y=0.00, angular=0.10, stop=False, crosswalk_distance=290, start_slow_down=True[0m
[self_driving-10] [0m[INFO] [1782501561.357592045] [self_driving]: [1;33m290[0m[0m
[self_driving-10] [0m[INFO] [1782501561.360175582] [self_driving]: DEBUG_DRIVE lane_x=35.0, linear=0.15, linear_y=0.00, angular=0.10, stop=False, crosswalk_distance=290, start_slow_down=True[0m
[self_driving-10] [0m[INFO] [1782501561.426283712] [self_driving]: [1;33m290[0m[0m
[self_driving-10] [0m[INFO] [1782501561.428058656] [self_driving]: DEBUG_DRIVE lane_x=37.5, linear=0.15, linear_y=0.00, angular=0.10, stop=False, crosswalk_distance=290, start_slow_down=True[0m
[self_driving-10] [0m[INFO] [1782501561.481007452] [self_driving]: [1;33m290[0m[0m
[self_driving-10] [0m[INFO] [1782501561.483908156] [self_driving]: DEBUG_DRIVE lane_x=42.0, linear=0.15, linear_y=0.00, angular=0.10, stop=False, crosswalk_distance=290, start_slow_down=True[0m
[self_driving-10] [0m[INFO] [1782501561.495443656] [self_driving]: objects=1[0m
[self_driving-10] [0m[INFO] [1782501561.497047601] [self_driving]: [DET] crosswalk: cx=184, cy=287, box=array('i', [90, 264, 278, 311]), score=0.88[0m
[self_driving-10] [0m[INFO] [1782501561.503348749] [self_driving]: objects=1[0m
[self_driving-10] [0m[INFO] [1782501561.504819415] [self_driving]: [DET] crosswalk: cx=176, cy=221, box=array('i', [112, 211, 240, 232]), score=0.82[0m
[self_driving-10] [0m[INFO] [1782501561.565479563] [self_driving]: [1;33m221[0m[0m
[self_driving-10] [0m[INFO] [1782501561.567807119] [self_driving]: DEBUG_DRIVE lane_x=42.5, linear=0.15, linear_y=0.00, angular=0.10, stop=False, crosswalk_distance=221, start_slow_down=True[0m
[self_driving-10] [0m[INFO] [1782501561.617993063] [self_driving]: [1;33m221[0m[0m
[self_driving-10] [0m[INFO] [1782501561.622612230] [self_driving]: DEBUG_DRIVE lane_x=45.0, linear=0.15, linear_y=0.00, angular=0.10, stop=False, crosswalk_distance=221, start_slow_down=True[0m
[self_driving-10] [0m[INFO] [1782501561.683164749] [self_driving]: [1;33m221[0m[0m
[self_driving-10] [0m[INFO] [1782501561.686233878] [self_driving]: DEBUG_DRIVE lane_x=49.5, linear=0.15, linear_y=0.00, angular=0.10, stop=False, crosswalk_distance=221, start_slow_down=True[0m
[self_driving-10] [0m[INFO] [1782501561.764443637] [self_driving]: [1;33m221[0m[0m
[self_driving-10] [0m[INFO] [1782501561.766067989] [self_driving]: DEBUG_DRIVE lane_x=49.0, linear=0.15, linear_y=0.00, angular=0.10, stop=False, crosswalk_distance=221, start_slow_down=True[0m
[self_driving-10] [0m[INFO] [1782501561.822760286] [self_driving]: [1;33m221[0m[0m
[self_driving-10] [0m[INFO] [1782501561.824294045] [self_driving]: DEBUG_DRIVE lane_x=55.0, linear=0.15, linear_y=0.00, angular=0.10, stop=False, crosswalk_distance=221, start_slow_down=True[0m
[self_driving-10] [0m[INFO] [1782501561.891236137] [self_driving]: [1;33m221[0m[0m
[self_driving-10] [0m[INFO] [1782501561.892316804] [self_driving]: DEBUG_DRIVE lane_x=61.0, linear=0.15, linear_y=0.00, angular=0.10, stop=False, crosswalk_distance=221, start_slow_down=True[0m
[self_driving-10] [0m[INFO] [1782501561.920024767] [self_driving]: objects=1[0m
[self_driving-10] [0m[INFO] [1782501561.920804248] [self_driving]: [DET] crosswalk: cx=272, cy=222, box=array('i', [187, 216, 357, 229]), score=0.78[0m
[self_driving-10] [0m[INFO] [1782501561.924002786] [self_driving]: objects=1[0m
[self_driving-10] [0m[INFO] [1782501561.924598156] [self_driving]: [DET] crosswalk: cx=274, cy=198, box=array('i', [216, 192, 332, 204]), score=0.64[0m
[self_driving-10] [0m[INFO] [1782501561.973776748] [self_driving]: [1;33m198[0m[0m
[self_driving-10] [0m[INFO] [1782501561.978023341] [self_driving]: DEBUG_DRIVE lane_x=62.5, linear=0.15, linear_y=0.00, angular=0.10, stop=False, crosswalk_distance=198, start_slow_down=True[0m
[self_driving-10] [0m[INFO] [1782501562.026822785] [self_driving]: [1;33m198[0m[0m
[self_driving-10] [0m[INFO] [1782501562.028016693] [self_driving]: DEBUG_DRIVE lane_x=65.5, linear=0.15, linear_y=0.00, angular=0.10, stop=False, crosswalk_distance=198, start_slow_down=True[0m
[self_driving-10] [0m[INFO] [1782501562.099808322] [self_driving]: [1;33m198[0m[0m
[self_driving-10] [0m[INFO] [1782501562.102411989] [self_driving]: DEBUG_DRIVE lane_x=69.0, linear=0.15, linear_y=0.00, angular=0.10, stop=False, crosswalk_distance=198, start_slow_down=True[0m
[self_driving-10] [0m[INFO] [1782501562.163521415] [self_driving]: [1;33m198[0m[0m
[self_driving-10] [0m[INFO] [1782501562.165813841] [self_driving]: DEBUG_DRIVE lane_x=77.0, linear=0.15, linear_y=0.00, angular=0.10, stop=False, crosswalk_distance=198, start_slow_down=True[0m
[self_driving-10] [0m[INFO] [1782501562.240911970] [self_driving]: [1;33m198[0m[0m
[self_driving-10] [0m[INFO] [1782501562.242891267] [self_driving]: DEBUG_DRIVE lane_x=82.0, linear=0.15, linear_y=0.00, angular=0.10, stop=False, crosswalk_distance=198, start_slow_down=True[0m
[self_driving-10] [0m[INFO] [1782501562.297237748] [self_driving]: [1;33m198[0m[0m
[self_driving-10] [0m[INFO] [1782501562.298907582] [self_driving]: DEBUG_DRIVE lane_x=86.5, linear=0.15, linear_y=0.00, angular=0.10, stop=False, crosswalk_distance=198, start_slow_down=True[0m
[self_driving-10] [0m[INFO] [1782501562.330285026] [self_driving]: objects=1[0m
[self_driving-10] [0m[INFO] [1782501562.330949063] [self_driving]: [DET] crosswalk: cx=302, cy=193, box=array('i', [218, 190, 387, 197]), score=0.79[0m
[self_driving-10] [0m[INFO] [1782501562.333131952] [self_driving]: objects=1[0m
[self_driving-10] [0m[INFO] [1782501562.335053600] [self_driving]: [DET] crosswalk: cx=307, cy=174, box=array('i', [250, 172, 364, 177]), score=0.54[0m
[self_driving-10] [0m[INFO] [1782501562.369027137] [self_driving]: [1;33m174[0m[0m
[self_driving-10] [0m[INFO] [1782501562.375469600] [self_driving]: DEBUG_DRIVE lane_x=90.0, linear=0.15, linear_y=0.00, angular=0.10, stop=False, crosswalk_distance=174, start_slow_down=True[0m
[self_driving-10] [0m[INFO] [1782501562.438836674] [self_driving]: [1;33m174[0m[0m
[self_driving-10] [0m[INFO] [1782501562.442023878] [self_driving]: DEBUG_DRIVE lane_x=90.5, linear=0.15, linear_y=0.00, angular=0.10, stop=False, crosswalk_distance=174, start_slow_down=True[0m
[self_driving-10] [0m[INFO] [1782501562.497206433] [self_driving]: [1;33m174[0m[0m
[self_driving-10] [0m[INFO] [1782501562.499354859] [self_driving]: DEBUG_DRIVE lane_x=96.5, linear=0.15, linear_y=0.00, angular=0.10, stop=False, crosswalk_distance=174, start_slow_down=True[0m
[self_driving-10] [0m[INFO] [1782501562.559037322] [self_driving]: [1;33m174[0m[0m
[self_driving-10] [0m[INFO] [1782501562.561158137] [self_driving]: DEBUG_DRIVE lane_x=107.0, linear=0.15, linear_y=0.00, angular=0.10, stop=False, crosswalk_distance=174, start_slow_down=True[0m
[self_driving-10] [0m[INFO] [1782501562.633169822] [self_driving]: [1;33m174[0m[0m
[self_driving-10] [0m[INFO] [1782501562.636984396] [self_driving]: DEBUG_DRIVE lane_x=109.5, linear=0.15, linear_y=0.00, angular=0.10, stop=False, crosswalk_distance=174, start_slow_down=True[0m
[self_driving-10] [0m[INFO] [1782501562.700998118] [self_driving]: [1;33m174[0m[0m
[self_driving-10] [0m[INFO] [1782501562.702006322] [self_driving]: DEBUG_DRIVE lane_x=115.5, linear=0.15, linear_y=0.00, angular=0.10, stop=False, crosswalk_distance=174, start_slow_down=False[0m
[self_driving-10] [0m[INFO] [1782501562.719008970] [self_driving]: objects=1[0m
[self_driving-10] [0m[INFO] [1782501562.720775229] [self_driving]: [DET] crosswalk: cx=330, cy=196, box=array('i', [241, 192, 420, 200]), score=0.82[0m
[self_driving-10] [0m[INFO] [1782501562.730879341] [self_driving]: objects=1[0m
[self_driving-10] [0m[INFO] [1782501562.731780378] [self_driving]: [DET] crosswalk: cx=332, cy=175, box=array('i', [275, 173, 389, 178]), score=0.68[0m
[self_driving-10] [0m[INFO] [1782501562.773662026] [self_driving]: [1;33m175[0m[0m
[self_driving-10] [0m[INFO] [1782501562.774810544] [self_driving]: DEBUG_DRIVE lane_x=116.5, linear=0.15, linear_y=0.00, angular=0.10, stop=False, crosswalk_distance=175, start_slow_down=False[0m
[self_driving-10] [0m[INFO] [1782501562.837939841] [self_driving]: [1;33m175[0m[0m
[self_driving-10] [0m[INFO] [1782501562.840064433] [self_driving]: DEBUG_DRIVE lane_x=126.0, linear=0.15, linear_y=0.00, angular=-0.10, stop=False, crosswalk_distance=175, start_slow_down=False[0m
[self_driving-10] [0m[INFO] [1782501562.905380896] [self_driving]: [1;33m175[0m[0m
[self_driving-10] [0m[INFO] [1782501562.910416748] [self_driving]: DEBUG_DRIVE lane_x=132.0, linear=0.15, linear_y=0.00, angular=-0.10, stop=False, crosswalk_distance=175, start_slow_down=True[0m
[self_driving-10] [0m[INFO] [1782501562.956816100] [self_driving]: [1;33m175[0m[0m
[self_driving-10] [0m[INFO] [1782501562.958268896] [self_driving]: DEBUG_DRIVE lane_x=137.0, linear=0.15, linear_y=0.00, angular=-0.10, stop=False, crosswalk_distance=175, start_slow_down=True[0m
[self_driving-10] [0m[INFO] [1782501563.027818674] [self_driving]: [1;33m175[0m[0m
[self_driving-10] [0m[INFO] [1782501563.029510914] [self_driving]: DEBUG_DRIVE lane_x=139.0, linear=0.15, linear_y=0.00, angular=-0.10, stop=False, crosswalk_distance=175, start_slow_down=True[0m
[self_driving-10] [0m[INFO] [1782501563.097817914] [self_driving]: [1;33m175[0m[0m
[self_driving-10] [0m[INFO] [1782501563.099307748] [self_driving]: DEBUG_DRIVE lane_x=137.0, linear=0.15, linear_y=0.00, angular=-0.10, stop=False, crosswalk_distance=175, start_slow_down=True[0m
[self_driving-10] [0m[INFO] [1782501563.117473507] [self_driving]: objects=1[0m
[self_driving-10] [0m[INFO] [1782501563.118006192] [self_driving]: [DET] crosswalk: cx=354, cy=197, box=array('i', [261, 193, 448, 202]), score=0.83[0m
[self_driving-10] [0m[INFO] [1782501563.120359618] [self_driving]: objects=1[0m
[self_driving-10] [0m[INFO] [1782501563.120959174] [self_driving]: [DET] crosswalk: cx=354, cy=176, box=array('i', [294, 174, 415, 178]), score=0.61[0m
[self_driving-10] [0m[INFO] [1782501563.124657396] [self_driving]: objects=1[0m
[self_driving-10] [0m[INFO] [1782501563.128664248] [self_driving]: [DET] green: cx=593, cy=131, box=array('i', [580, 121, 606, 142]), score=0.50[0m
[self_driving-10] [0m[INFO] [1782501563.174475451] [self_driving]: [1;33m0[0m[0m
[self_driving-10] [0m[INFO] [1782501563.177834007] [self_driving]: DEBUG_DRIVE lane_x=137.0, linear=0.15, linear_y=0.00, angular=-0.10, stop=False, crosswalk_distance=0, start_slow_down=True[0m
[self_driving-10] [0m[INFO] [1782501563.234318877] [self_driving]: [1;33m0[0m[0m
[self_driving-10] [0m[INFO] [1782501563.236667711] [self_driving]: DEBUG_DRIVE lane_x=131.5, linear=0.15, linear_y=0.00, angular=0.10, stop=False, crosswalk_distance=0, start_slow_down=True[0m
[self_driving-10] [0m[INFO] [1782501563.305098896] [self_driving]: [1;33m0[0m[0m
[self_driving-10] [0m[INFO] [1782501563.307263507] [self_driving]: DEBUG_DRIVE lane_x=127.5, linear=0.15, linear_y=0.00, angular=0.10, stop=False, crosswalk_distance=0, start_slow_down=True[0m
[self_driving-10] [0m[INFO] [1782501563.369058581] [self_driving]: [1;33m0[0m[0m
[self_driving-10] [0m[INFO] [1782501563.370257544] [self_driving]: DEBUG_DRIVE lane_x=123.5, linear=0.15, linear_y=0.00, angular=0.10, stop=False, crosswalk_distance=0, start_slow_down=True[0m
[self_driving-10] [0m[INFO] [1782501563.430386396] [self_driving]: [1;33m0[0m[0m
[self_driving-10] [0m[INFO] [1782501563.433248118] [self_driving]: DEBUG_DRIVE lane_x=121.5, linear=0.15, linear_y=0.00, angular=0.10, stop=False, crosswalk_distance=0, start_slow_down=True[0m
[self_driving-10] [0m[INFO] [1782501563.507510544] [self_driving]: [1;33m0[0m[0m
[self_driving-10] [0m[INFO] [1782501563.511926470] [self_driving]: objects=1[0m
[self_driving-10] [0m[INFO] [1782501563.513601266] [self_driving]: [DET] crosswalk: cx=382, cy=201, box=array('i', [281, 196, 484, 207]), score=0.82[0m
[self_driving-10] [0m[INFO] [1782501563.514119303] [self_driving]: DEBUG_DRIVE lane_x=139.5, linear=0.15, linear_y=0.00, angular=-0.10, stop=False, crosswalk_distance=0, start_slow_down=True[0m
[self_driving-10] [0m[INFO] [1782501563.521864544] [self_driving]: objects=1[0m
[self_driving-10] [0m[INFO] [1782501563.524530692] [self_driving]: [DET] crosswalk: cx=380, cy=177, box=array('i', [317, 174, 443, 180]), score=0.75[0m
[self_driving-10] [0m[INFO] [1782501563.587978970] [self_driving]: [1;33m177[0m[0m
[self_driving-10] [0m[INFO] [1782501563.590646710] [self_driving]: DEBUG_DRIVE lane_x=127.5, linear=0.15, linear_y=0.00, angular=0.10, stop=False, crosswalk_distance=177, start_slow_down=True[0m
[self_driving-10] [0m[INFO] [1782501563.645834618] [self_driving]: [1;33m177[0m[0m
[self_driving-10] [0m[INFO] [1782501563.650891470] [self_driving]: DEBUG_DRIVE lane_x=147.0, linear=0.15, linear_y=0.00, angular=-0.10, stop=False, crosswalk_distance=177, start_slow_down=True[0m
[self_driving-10] [0m[INFO] [1782501563.713514025] [self_driving]: [1;33m177[0m[0m
[self_driving-10] [0m[INFO] [1782501563.715833951] [self_driving]: DEBUG_DRIVE lane_x=146.5, linear=0.15, linear_y=0.00, angular=-0.10, stop=False, crosswalk_distance=177, start_slow_down=True[0m
[self_driving-10] [0m[INFO] [1782501563.777651766] [self_driving]: [1;33m177[0m[0m
[self_driving-10] [0m[INFO] [1782501563.779554044] [self_driving]: DEBUG_DRIVE lane_x=144.5, linear=0.15, linear_y=0.00, angular=-0.10, stop=False, crosswalk_distance=177, start_slow_down=True[0m
[self_driving-10] [0m[INFO] [1782501563.841545358] [self_driving]: [1;33m177[0m[0m
[self_driving-10] [0m[INFO] [1782501563.842857470] [self_driving]: DEBUG_DRIVE lane_x=150.5, linear=0.15, linear_y=0.00, angular=-0.10, stop=False, crosswalk_distance=177, start_slow_down=True[0m
[self_driving-10] [0m[INFO] [1782501563.912871340] [self_driving]: objects=1[0m
[self_driving-10] [0m[INFO] [1782501563.913675840] [self_driving]: [DET] crosswalk: cx=412, cy=177, box=array('i', [345, 174, 479, 180]), score=0.73[0m
[self_driving-10] [0m[INFO] [1782501563.918413544] [self_driving]: [1;33m177[0m[0m
[self_driving-10] [0m[INFO] [1782501563.930500895] [self_driving]: DEBUG_DRIVE lane_x=145.0, linear=0.15, linear_y=0.00, angular=-0.10, stop=False, crosswalk_distance=177, start_slow_down=True[0m
[self_driving-10] [0m[INFO] [1782501563.986216303] [self_driving]: [1;33m177[0m[0m
[self_driving-10] [0m[INFO] [1782501563.990330877] [self_driving]: DEBUG_DRIVE lane_x=146.5, linear=0.15, linear_y=0.00, angular=-0.10, stop=False, crosswalk_distance=177, start_slow_down=True[0m
[self_driving-10] [0m[INFO] [1782501564.050307581] [self_driving]: [1;33m177[0m[0m
[self_driving-10] [0m[INFO] [1782501564.053357747] [self_driving]: DEBUG_DRIVE lane_x=138.0, linear=0.15, linear_y=0.00, angular=0.10, stop=False, crosswalk_distance=177, start_slow_down=True[0m
[self_driving-10] [0m[INFO] [1782501564.114241173] [self_driving]: [1;33m177[0m[0m
[self_driving-10] [0m[INFO] [1782501564.115882062] [self_driving]: DEBUG_DRIVE lane_x=137.5, linear=0.15, linear_y=0.00, angular=-0.10, stop=False, crosswalk_distance=177, start_slow_down=True[0m
[self_driving-10] [0m[INFO] [1782501564.168450210] [self_driving]: [1;33m177[0m[0m
[self_driving-10] [0m[INFO] [1782501564.169662803] [self_driving]: DEBUG_DRIVE lane_x=132.5, linear=0.15, linear_y=0.00, angular=0.10, stop=False, crosswalk_distance=177, start_slow_down=True[0m
[self_driving-10] [0m[INFO] [1782501564.243033599] [self_driving]: [1;33m177[0m[0m
[self_driving-10] [0m[INFO] [1782501564.245177025] [self_driving]: DEBUG_DRIVE lane_x=133.0, linear=0.15, linear_y=0.00, angular=-0.10, stop=False, crosswalk_distance=177, start_slow_down=True[0m
[self_driving-10] [0m[INFO] [1782501564.312878099] [self_driving]: [1;33m177[0m[0m
[self_driving-10] [0m[INFO] [1782501564.314183914] [self_driving]: DEBUG_DRIVE lane_x=128.5, linear=0.15, linear_y=0.00, angular=0.10, stop=False, crosswalk_distance=177, start_slow_down=True[0m
[self_driving-10] [0m[INFO] [1782501564.320218395] [self_driving]: objects=1[0m
[self_driving-10] [0m[INFO] [1782501564.321205432] [self_driving]: [DET] crosswalk: cx=412, cy=175, box=array('i', [343, 172, 482, 178]), score=0.69[0m
[self_driving-10] [0m[INFO] [1782501564.380007599] [self_driving]: [1;33m175[0m[0m
[self_driving-10] [0m[INFO] [1782501564.383524599] [self_driving]: DEBUG_DRIVE lane_x=129.5, linear=0.15, linear_y=0.00, angular=-0.10, stop=False, crosswalk_distance=175, start_slow_down=True[0m
[self_driving-10] [0m[INFO] [1782501564.462304395] [self_driving]: [1;33m175[0m[0m
[self_driving-10] [0m[INFO] [1782501564.464741636] [self_driving]: DEBUG_DRIVE lane_x=126.5, linear=0.15, linear_y=0.00, angular=0.10, stop=False, crosswalk_distance=175, start_slow_down=True[0m
[self_driving-10] [0m[INFO] [1782501564.522406469] [self_driving]: [1;33m175[0m[0m
[self_driving-10] [0m[INFO] [1782501564.525611191] [self_driving]: DEBUG_DRIVE lane_x=132.5, linear=0.15, linear_y=0.00, angular=-0.10, stop=False, crosswalk_distance=175, start_slow_down=True[0m
[self_driving-10] [0m[INFO] [1782501564.573450765] [self_driving]: [1;33m175[0m[0m
[self_driving-10] [0m[INFO] [1782501564.576174969] [self_driving]: DEBUG_DRIVE lane_x=136.0, linear=0.15, linear_y=0.00, angular=-0.10, stop=False, crosswalk_distance=175, start_slow_down=True[0m
[self_driving-10] [0m[INFO] [1782501564.652052062] [self_driving]: [1;33m175[0m[0m
[self_driving-10] [0m[INFO] [1782501564.656839654] [self_driving]: DEBUG_DRIVE lane_x=140.0, linear=0.15, linear_y=0.00, angular=-0.10, stop=False, crosswalk_distance=175, start_slow_down=True[0m
[self_driving-10] [0m[INFO] [1782501564.710254562] [self_driving]: [1;33m175[0m[0m
[self_driving-10] [0m[INFO] [1782501564.712494451] [self_driving]: DEBUG_DRIVE lane_x=143.5, linear=0.15, linear_y=0.00, angular=-0.10, stop=False, crosswalk_distance=175, start_slow_down=True[0m
[self_driving-10] [0m[INFO] [1782501564.724345636] [self_driving]: objects=1[0m
[self_driving-10] [0m[INFO] [1782501564.725429710] [self_driving]: [DET] crosswalk: cx=437, cy=207, box=array('i', [310, 199, 565, 216]), score=0.88[0m
[self_driving-10] [0m[INFO] [1782501564.732250469] [self_driving]: objects=1[0m
[self_driving-10] [0m[INFO] [1782501564.733302839] [self_driving]: [DET] crosswalk: cx=428, cy=177, box=array('i', [356, 173, 501, 181]), score=0.74[0m
[self_driving-10] [0m[INFO] [1782501564.803353043] [self_driving]: [1;33m177[0m[0m
[self_driving-10] [0m[INFO] [1782501564.806708932] [self_driving]: DEBUG_DRIVE lane_x=149.0, linear=0.15, linear_y=0.00, angular=-0.10, stop=False, crosswalk_distance=177, start_slow_down=True[0m
[self_driving-10] [0m[INFO] [1782501564.845153080] [self_driving]: [1;33m177[0m[0m
[self_driving-10] [0m[INFO] [1782501564.846930062] [self_driving]: DEBUG_DRIVE lane_x=145.0, linear=0.15, linear_y=0.00, angular=-0.10, stop=False, crosswalk_distance=177, start_slow_down=True[0m
[self_driving-10] [0m[INFO] [1782501564.919339487] [self_driving]: [1;33m177[0m[0m
[self_driving-10] [0m[INFO] [1782501564.920630543] [self_driving]: DEBUG_DRIVE lane_x=141.0, linear=0.15, linear_y=0.00, angular=-0.10, stop=False, crosswalk_distance=177, start_slow_down=True[0m
[self_driving-10] [0m[INFO] [1782501564.996727376] [self_driving]: [1;33m177[0m[0m
[self_driving-10] [0m[INFO] [1782501564.997843098] [self_driving]: DEBUG_DRIVE lane_x=140.5, linear=0.15, linear_y=0.00, angular=-0.10, stop=False, crosswalk_distance=177, start_slow_down=True[0m
[self_driving-10] [0m[INFO] [1782501565.055730673] [self_driving]: [1;33m177[0m[0m
[self_driving-10] [0m[INFO] [1782501565.060073395] [self_driving]: DEBUG_DRIVE lane_x=134.5, linear=0.15, linear_y=0.00, angular=0.10, stop=False, crosswalk_distance=177, start_slow_down=True[0m
[self_driving-10] [0m[INFO] [1782501565.108705450] [self_driving]: [1;33m177[0m[0m
[self_driving-10] [0m[INFO] [1782501565.111910821] [self_driving]: DEBUG_DRIVE lane_x=134.5, linear=0.15, linear_y=0.00, angular=-0.10, stop=False, crosswalk_distance=177, start_slow_down=True[0m
[self_driving-10] [0m[INFO] [1782501565.139561710] [self_driving]: objects=1[0m
[self_driving-10] [0m[INFO] [1782501565.140780635] [self_driving]: [DET] crosswalk: cx=437, cy=210, box=array('i', [299, 202, 575, 219]), score=0.87[0m
[self_driving-10] [0m[INFO] [1782501565.149192469] [self_driving]: objects=1[0m
[self_driving-10] [0m[INFO] [1782501565.150049987] [self_driving]: [DET] crosswalk: cx=419, cy=176, box=array('i', [343, 173, 495, 180]), score=0.70[0m
[self_driving-10] [0m[INFO] [1782501565.207522339] [self_driving]: [1;33m176[0m[0m
[self_driving-10] [0m[INFO] [1782501565.209863802] [self_driving]: DEBUG_DRIVE lane_x=136.5, linear=0.15, linear_y=0.00, angular=-0.10, stop=False, crosswalk_distance=176, start_slow_down=True[0m
[self_driving-10] [0m[INFO] [1782501565.259246580] [self_driving]: [1;33m176[0m[0m
[self_driving-10] [0m[INFO] [1782501565.262013006] [self_driving]: DEBUG_DRIVE lane_x=138.5, linear=0.15, linear_y=0.00, angular=-0.10, stop=False, crosswalk_distance=176, start_slow_down=True[0m
[self_driving-10] [0m[INFO] [1782501565.325731117] [self_driving]: [1;33m176[0m[0m
[self_driving-10] [0m[INFO] [1782501565.328761858] [self_driving]: DEBUG_DRIVE lane_x=139.5, linear=0.15, linear_y=0.00, angular=-0.10, stop=False, crosswalk_distance=176, start_slow_down=True[0m
[self_driving-10] [0m[INFO] [1782501565.382416228] [self_driving]: [1;33m176[0m[0m
[self_driving-10] [0m[INFO] [1782501565.385324061] [self_driving]: DEBUG_DRIVE lane_x=139.5, linear=0.15, linear_y=0.00, angular=-0.10, stop=False, crosswalk_distance=176, start_slow_down=True[0m
[self_driving-10] [0m[INFO] [1782501565.461179895] [self_driving]: [1;33m176[0m[0m
[self_driving-10] [0m[INFO] [1782501565.463952524] [self_driving]: DEBUG_DRIVE lane_x=140.5, linear=0.15, linear_y=0.00, angular=-0.10, stop=False, crosswalk_distance=176, start_slow_down=True[0m
[self_driving-10] [0m[INFO] [1782501565.508947191] [self_driving]: [1;33m176[0m[0m
[self_driving-10] [0m[INFO] [1782501565.511143265] [self_driving]: DEBUG_DRIVE lane_x=135.5, linear=0.15, linear_y=0.00, angular=0.10, stop=False, crosswalk_distance=176, start_slow_down=True[0m
[self_driving-10] [0m[INFO] [1782501565.548167469] [self_driving]: objects=1[0m
[self_driving-10] [0m[INFO] [1782501565.550019506] [self_driving]: [DET] crosswalk: cx=441, cy=218, box=array('i', [292, 210, 591, 227]), score=0.85[0m
[self_driving-10] [0m[INFO] [1782501565.555359561] [self_driving]: objects=1[0m
[self_driving-10] [0m[INFO] [1782501565.556227543] [self_driving]: [DET] crosswalk: cx=422, cy=180, box=array('i', [339, 177, 505, 184]), score=0.72[0m
[self_driving-10] [0m[INFO] [1782501565.599128857] [self_driving]: [1;33m180[0m[0m
[self_driving-10] [0m[INFO] [1782501565.604449561] [self_driving]: DEBUG_DRIVE lane_x=134.5, linear=0.15, linear_y=0.00, angular=-0.10, stop=False, crosswalk_distance=180, start_slow_down=False[0m
[self_driving-10] [0m[INFO] [1782501565.645190302] [self_driving]: [1;33m180[0m[0m
[self_driving-10] [0m[INFO] [1782501565.647839617] [self_driving]: DEBUG_DRIVE lane_x=133.5, linear=0.15, linear_y=0.00, angular=-0.10, stop=False, crosswalk_distance=180, start_slow_down=False[0m
[self_driving-10] [0m[INFO] [1782501565.723823357] [self_driving]: [1;33m180[0m[0m
[self_driving-10] [0m[INFO] [1782501565.726682005] [self_driving]: DEBUG_DRIVE lane_x=134.5, linear=0.15, linear_y=0.00, angular=-0.10, stop=False, crosswalk_distance=180, start_slow_down=False[0m
[self_driving-10] [0m[INFO] [1782501565.800177765] [self_driving]: [1;33m180[0m[0m
[self_driving-10] [0m[INFO] [1782501565.801714450] [self_driving]: DEBUG_DRIVE lane_x=133.0, linear=0.15, linear_y=0.00, angular=-0.10, stop=False, crosswalk_distance=180, start_slow_down=True[0m
[self_driving-10] [0m[INFO] [1782501565.866054524] [self_driving]: [1;33m180[0m[0m
[self_driving-10] [0m[INFO] [1782501565.867798968] [self_driving]: DEBUG_DRIVE lane_x=129.5, linear=0.15, linear_y=0.00, angular=0.10, stop=False, crosswalk_distance=180, start_slow_down=True[0m
[self_driving-10] [0m[INFO] [1782501565.915909487] [self_driving]: [1;33m180[0m[0m
[self_driving-10] [0m[INFO] [1782501565.917682339] [self_driving]: DEBUG_DRIVE lane_x=126.0, linear=0.15, linear_y=0.00, angular=0.10, stop=False, crosswalk_distance=180, start_slow_down=True[0m
[self_driving-10] [0m[INFO] [1782501565.934678135] [self_driving]: objects=1[0m
[self_driving-10] [0m[INFO] [1782501565.935680968] [self_driving]: [DET] crosswalk: cx=446, cy=228, box=array('i', [278, 218, 614, 238]), score=0.84[0m
[self_driving-10] [0m[INFO] [1782501565.941814579] [self_driving]: objects=1[0m
[self_driving-10] [0m[INFO] [1782501565.943961431] [self_driving]: [DET] crosswalk: cx=421, cy=184, box=array('i', [337, 181, 506, 188]), score=0.77[0m
[self_driving-10] [0m[INFO] [1782501566.003341172] [self_driving]: [1;33m184[0m[0m
[self_driving-10] [0m[INFO] [1782501566.014218228] [self_driving]: DEBUG_DRIVE lane_x=123.5, linear=0.15, linear_y=0.00, angular=0.10, stop=False, crosswalk_distance=184, start_slow_down=True[0m
[self_driving-10] [0m[INFO] [1782501566.072952765] [self_driving]: [1;33m184[0m[0m
[self_driving-10] [0m[INFO] [1782501566.077932079] [self_driving]: DEBUG_DRIVE lane_x=124.0, linear=0.15, linear_y=0.00, angular=0.10, stop=False, crosswalk_distance=184, start_slow_down=True[0m
[self_driving-10] [0m[INFO] [1782501566.131252894] [self_driving]: [1;33m184[0m[0m
[self_driving-10] [0m[INFO] [1782501566.135938561] [self_driving]: DEBUG_DRIVE lane_x=127.5, linear=0.15, linear_y=0.00, angular=-0.10, stop=False, crosswalk_distance=184, start_slow_down=True[0m
[self_driving-10] [0m[INFO] [1782501566.184636876] [self_driving]: [1;33m184[0m[0m
[self_driving-10] [0m[INFO] [1782501566.185850339] [self_driving]: DEBUG_DRIVE lane_x=132.5, linear=0.15, linear_y=0.00, angular=-0.10, stop=False, crosswalk_distance=184, start_slow_down=True[0m
[self_driving-10] [0m[INFO] [1782501566.262868709] [self_driving]: [1;33m184[0m[0m
[self_driving-10] [0m[INFO] [1782501566.265605672] [self_driving]: DEBUG_DRIVE lane_x=137.5, linear=0.15, linear_y=0.00, angular=-0.10, stop=False, crosswalk_distance=184, start_slow_down=True[0m
[self_driving-10] [0m[INFO] [1782501566.332773968] [self_driving]: [1;33m184[0m[0m
[self_driving-10] [0m[INFO] [1782501566.334270913] [self_driving]: DEBUG_DRIVE lane_x=137.0, linear=0.15, linear_y=0.00, angular=-0.10, stop=False, crosswalk_distance=184, start_slow_down=True[0m
[self_driving-10] [0m[INFO] [1782501566.370038172] [self_driving]: objects=1[0m
[self_driving-10] [0m[INFO] [1782501566.371825338] [self_driving]: [DET] crosswalk: cx=438, cy=238, box=array('i', [259, 227, 618, 249]), score=0.86[0m
[self_driving-10] [0m[INFO] [1782501566.379106524] [self_driving]: objects=1[0m
[self_driving-10] [0m[INFO] [1782501566.382340338] [self_driving]: [DET] crosswalk: cx=407, cy=189, box=array('i', [316, 185, 499, 193]), score=0.79[0m
[self_driving-10] [0m[INFO] [1782501566.410402394] [self_driving]: [1;33m189[0m[0m
[self_driving-10] [0m[INFO] [1782501566.415338579] [self_driving]: DEBUG_DRIVE lane_x=135.0, linear=0.15, linear_y=0.00, angular=-0.10, stop=False, crosswalk_distance=189, start_slow_down=True[0m
[self_driving-10] [0m[INFO] [1782501566.468171579] [self_driving]: [1;33m189[0m[0m
[self_driving-10] [0m[INFO] [1782501566.469879894] [self_driving]: DEBUG_DRIVE lane_x=132.0, linear=0.15, linear_y=0.00, angular=0.10, stop=False, crosswalk_distance=189, start_slow_down=True[0m
[self_driving-10] [0m[INFO] [1782501566.531037301] [self_driving]: [1;33m189[0m[0m
[self_driving-10] [0m[INFO] [1782501566.533817116] [self_driving]: DEBUG_DRIVE lane_x=129.5, linear=0.15, linear_y=0.00, angular=0.10, stop=False, crosswalk_distance=189, start_slow_down=True[0m
[self_driving-10] [0m[INFO] [1782501566.597724468] [self_driving]: [1;33m189[0m[0m
[self_driving-10] [0m[INFO] [1782501566.600242209] [self_driving]: DEBUG_DRIVE lane_x=125.0, linear=0.15, linear_y=0.00, angular=0.10, stop=False, crosswalk_distance=189, start_slow_down=True[0m
[self_driving-10] [0m[INFO] [1782501566.668266412] [self_driving]: [1;33m189[0m[0m
[self_driving-10] [0m[INFO] [1782501566.671550764] [self_driving]: DEBUG_DRIVE lane_x=125.5, linear=0.15, linear_y=0.00, angular=0.10, stop=False, crosswalk_distance=189, start_slow_down=True[0m
[self_driving-10] [0m[INFO] [1782501566.722310320] [self_driving]: [1;33m189[0m[0m
[self_driving-10] [0m[INFO] [1782501566.725436875] [self_driving]: DEBUG_DRIVE lane_x=127.0, linear=0.15, linear_y=0.00, angular=0.10, stop=False, crosswalk_distance=189, start_slow_down=True[0m
[self_driving-10] [0m[INFO] [1782501566.784499542] [self_driving]: objects=1[0m
[self_driving-10] [0m[INFO] [1782501566.785927671] [self_driving]: [DET] crosswalk: cx=430, cy=252, box=array('i', [230, 238, 631, 267]), score=0.89[0m
[self_driving-10] [0m[INFO] [1782501566.791308486] [self_driving]: objects=1[0m
[self_driving-10] [0m[INFO] [1782501566.792151746] [self_driving]: [DET] crosswalk: cx=389, cy=192, box=array('i', [298, 188, 481, 197]), score=0.80[0m
[self_driving-10] [0m[INFO] [1782501566.825664671] [self_driving]: [1;33m192[0m[0m
[self_driving-10] [0m[INFO] [1782501566.834200634] [self_driving]: DEBUG_DRIVE lane_x=140.0, linear=0.15, linear_y=0.00, angular=-0.10, stop=False, crosswalk_distance=192, start_slow_down=True[0m
[self_driving-10] [0m[INFO] [1782501566.871228301] [self_driving]: [1;33m192[0m[0m
[self_driving-10] [0m[INFO] [1782501566.873023486] [self_driving]: DEBUG_DRIVE lane_x=141.5, linear=0.15, linear_y=0.00, angular=-0.10, stop=False, crosswalk_distance=192, start_slow_down=True[0m
[self_driving-10] [0m[INFO] [1782501566.922545227] [self_driving]: [1;33m192[0m[0m
[self_driving-10] [0m[INFO] [1782501566.926148283] [self_driving]: DEBUG_DRIVE lane_x=142.5, linear=0.15, linear_y=0.00, angular=-0.10, stop=False, crosswalk_distance=192, start_slow_down=True[0m
[self_driving-10] [0m[INFO] [1782501566.993928320] [self_driving]: [1;33m192[0m[0m
[self_driving-10] [0m[INFO] [1782501566.995527042] [self_driving]: DEBUG_DRIVE lane_x=146.5, linear=0.15, linear_y=0.00, angular=-0.10, stop=False, crosswalk_distance=192, start_slow_down=True[0m
[self_driving-10] [0m[INFO] [1782501567.065287375] [self_driving]: [1;33m192[0m[0m
[self_driving-10] [0m[INFO] [1782501567.067219005] [self_driving]: DEBUG_DRIVE lane_x=144.5, linear=0.15, linear_y=0.00, angular=-0.10, stop=False, crosswalk_distance=192, start_slow_down=True[0m
[self_driving-10] [0m[INFO] [1782501567.133191690] [self_driving]: [1;33m192[0m[0m
[self_driving-10] [0m[INFO] [1782501567.135941394] [self_driving]: DEBUG_DRIVE lane_x=144.5, linear=0.15, linear_y=0.00, angular=-0.10, stop=False, crosswalk_distance=192, start_slow_down=True[0m
[self_driving-10] [0m[INFO] [1782501567.171759097] [self_driving]: objects=1[0m
[self_driving-10] [0m[INFO] [1782501567.173090893] [self_driving]: [DET] crosswalk: cx=432, cy=263, box=array('i', [225, 247, 640, 280]), score=0.91[0m
[self_driving-10] [0m[INFO] [1782501567.180131264] [self_driving]: objects=1[0m
[self_driving-10] [0m[INFO] [1782501567.183483301] [self_driving]: [DET] crosswalk: cx=394, cy=193, box=array('i', [297, 189, 491, 198]), score=0.82[0m
[self_driving-10] [0m[INFO] [1782501567.228372782] [self_driving]: [1;33m193[0m[0m
[self_driving-10] [0m[INFO] [1782501567.230930949] [self_driving]: DEBUG_DRIVE lane_x=142.0, linear=0.15, linear_y=0.00, angular=-0.10, stop=False, crosswalk_distance=193, start_slow_down=True[0m
[self_driving-10] [0m[INFO] [1782501567.271300245] [self_driving]: [1;33m193[0m[0m
[self_driving-10] [0m[INFO] [1782501567.274795838] [self_driving]: DEBUG_DRIVE lane_x=136.0, linear=0.15, linear_y=0.00, angular=0.10, stop=False, crosswalk_distance=193, start_slow_down=True[0m
[self_driving-10] [0m[INFO] [1782501567.342715338] [self_driving]: [1;33m193[0m[0m
[self_driving-10] [0m[INFO] [1782501567.344116616] [self_driving]: DEBUG_DRIVE lane_x=133.0, linear=0.15, linear_y=0.00, angular=0.10, stop=False, crosswalk_distance=193, start_slow_down=True[0m
[self_driving-10] [0m[INFO] [1782501567.399992671] [self_driving]: [1;33m193[0m[0m
[self_driving-10] [0m[INFO] [1782501567.404565893] [self_driving]: DEBUG_DRIVE lane_x=129.5, linear=0.15, linear_y=0.00, angular=0.10, stop=False, crosswalk_distance=193, start_slow_down=True[0m
[self_driving-10] [0m[INFO] [1782501567.484284634] [self_driving]: [1;33m193[0m[0m
[self_driving-10] [0m[INFO] [1782501567.487573578] [self_driving]: DEBUG_DRIVE lane_x=129.5, linear=0.15, linear_y=0.00, angular=0.10, stop=False, crosswalk_distance=193, start_slow_down=True[0m
[self_driving-10] [0m[INFO] [1782501567.544355356] [self_driving]: [1;33m193[0m[0m
[self_driving-10] [0m[INFO] [1782501567.545784078] [self_driving]: DEBUG_DRIVE lane_x=132.5, linear=0.15, linear_y=0.00, angular=-0.10, stop=False, crosswalk_distance=193, start_slow_down=True[0m
[self_driving-10] [0m[INFO] [1782501567.571724412] [self_driving]: objects=1[0m
[self_driving-10] [0m[INFO] [1782501567.573983597] [self_driving]: [DET] crosswalk: cx=420, cy=279, box=array('i', [201, 260, 640, 298]), score=0.90[0m
[self_driving-10] [0m[INFO] [1782501567.583752690] [self_driving]: objects=1[0m
[self_driving-10] [0m[INFO] [1782501567.585161467] [self_driving]: [DET] crosswalk: cx=392, cy=197, box=array('i', [291, 193, 493, 202]), score=0.84[0m
[self_driving-10] [0m[INFO] [1782501567.626423208] [self_driving]: [1;33m197[0m[0m
[self_driving-10] [0m[INFO] [1782501567.627624838] [self_driving]: DEBUG_DRIVE lane_x=135.0, linear=0.15, linear_y=0.00, angular=-0.10, stop=False, crosswalk_distance=197, start_slow_down=True[0m
[self_driving-10] [0m[INFO] [1782501567.668423930] [self_driving]: [1;33m197[0m[0m
[self_driving-10] [0m[INFO] [1782501567.670882930] [self_driving]: DEBUG_DRIVE lane_x=135.0, linear=0.15, linear_y=0.00, angular=-0.10, stop=False, crosswalk_distance=197, start_slow_down=True[0m
[self_driving-10] [0m[INFO] [1782501567.742278245] [self_driving]: [1;33m197[0m[0m
[self_driving-10] [0m[INFO] [1782501567.744408652] [self_driving]: DEBUG_DRIVE lane_x=134.0, linear=0.15, linear_y=0.00, angular=-0.10, stop=False, crosswalk_distance=197, start_slow_down=True[0m
[self_driving-10] [0m[INFO] [1782501567.808109726] [self_driving]: [1;33m197[0m[0m
[self_driving-10] [0m[INFO] [1782501567.811698763] [self_driving]: DEBUG_DRIVE lane_x=134.0, linear=0.15, linear_y=0.00, angular=-0.10, stop=False, crosswalk_distance=197, start_slow_down=True[0m
[self_driving-10] [0m[INFO] [1782501567.874683967] [self_driving]: [1;33m197[0m[0m
[self_driving-10] [0m[INFO] [1782501567.877320671] [self_driving]: DEBUG_DRIVE lane_x=130.5, linear=0.15, linear_y=0.00, angular=0.10, stop=False, crosswalk_distance=197, start_slow_down=True[0m
[self_driving-10] [0m[INFO] [1782501567.933552263] [self_driving]: [1;33m197[0m[0m
[self_driving-10] [0m[INFO] [1782501567.935190837] [self_driving]: DEBUG_DRIVE lane_x=125.5, linear=0.15, linear_y=0.00, angular=0.10, stop=False, crosswalk_distance=197, start_slow_down=True[0m
[self_driving-10] [0m[INFO] [1782501567.962573615] [self_driving]: objects=1[0m
[self_driving-10] [0m[INFO] [1782501567.964381800] [self_driving]: [DET] crosswalk: cx=410, cy=302, box=array('i', [180, 278, 640, 327]), score=0.90[0m
[self_driving-10] [0m[INFO] [1782501567.970038708] [self_driving]: objects=1[0m
[self_driving-10] [0m[INFO] [1782501567.972728578] [self_driving]: [DET] crosswalk: cx=403, cy=202, box=array('i', [291, 197, 515, 208]), score=0.85[0m
[self_driving-10] [0m[INFO] [1782501568.024943282] [self_driving]: [1;33m202[0m[0m
[self_driving-10] [0m[INFO] [1782501568.031042004] [self_driving]: DEBUG_DRIVE lane_x=118.5, linear=0.15, linear_y=0.00, angular=0.10, stop=False, crosswalk_distance=202, start_slow_down=True[0m
[self_driving-10] [0m[INFO] [1782501568.069899578] [self_driving]: [1;33m202[0m[0m
[self_driving-10] [0m[INFO] [1782501568.077000041] [self_driving]: DEBUG_DRIVE lane_x=121.0, linear=0.15, linear_y=0.00, angular=0.10, stop=False, crosswalk_distance=202, start_slow_down=True[0m
[self_driving-10] [0m[INFO] [1782501568.133848560] [self_driving]: [1;33m202[0m[0m
[self_driving-10] [0m[INFO] [1782501568.136167171] [self_driving]: DEBUG_DRIVE lane_x=120.5, linear=0.15, linear_y=0.00, angular=0.10, stop=False, crosswalk_distance=202, start_slow_down=True[0m
[self_driving-10] [0m[INFO] [1782501568.214890171] [self_driving]: [1;33m202[0m[0m
[self_driving-10] [0m[INFO] [1782501568.216598300] [self_driving]: DEBUG_DRIVE lane_x=124.0, linear=0.15, linear_y=0.00, angular=0.10, stop=False, crosswalk_distance=202, start_slow_down=True[0m
[self_driving-10] [0m[INFO] [1782501568.286376319] [self_driving]: [1;33m202[0m[0m
[self_driving-10] [0m[INFO] [1782501568.289885634] [self_driving]: DEBUG_DRIVE lane_x=127.5, linear=0.15, linear_y=0.00, angular=-0.10, stop=False, crosswalk_distance=202, start_slow_down=True[0m
[self_driving-10] [0m[INFO] [1782501568.352646522] [self_driving]: [1;33m202[0m[0m
[self_driving-10] [0m[INFO] [1782501568.354923596] [self_driving]: DEBUG_DRIVE lane_x=131.0, linear=0.15, linear_y=0.00, angular=-0.10, stop=False, crosswalk_distance=202, start_slow_down=True[0m
[self_driving-10] [0m[INFO] [1782501568.374703763] [self_driving]: objects=1[0m
[self_driving-10] [0m[INFO] [1782501568.375744319] [self_driving]: [DET] crosswalk: cx=389, cy=332, box=array('i', [141, 300, 637, 364]), score=0.89[0m
[self_driving-10] [0m[INFO] [1782501568.381981004] [self_driving]: objects=1[0m
[self_driving-10] [0m[INFO] [1782501568.383131504] [self_driving]: [DET] crosswalk: cx=396, cy=206, box=array('i', [277, 201, 515, 211]), score=0.81[0m
[self_driving-10] [0m[INFO] [1782501568.439312671] [self_driving]: [1;33m206[0m[0m
[self_driving-10] [0m[INFO] [1782501568.441896282] [self_driving]: DEBUG_DRIVE lane_x=136.5, linear=0.15, linear_y=0.00, angular=-0.10, stop=False, crosswalk_distance=206, start_slow_down=True[0m
[self_driving-10] [0m[INFO] [1782501568.483055115] [self_driving]: [1;33m206[0m[0m
[self_driving-10] [0m[INFO] [1782501568.486838041] [self_driving]: DEBUG_DRIVE lane_x=136.5, linear=0.15, linear_y=0.00, angular=-0.10, stop=False, crosswalk_distance=206, start_slow_down=False[0m
[self_driving-10] [0m[INFO] [1782501568.552659596] [self_driving]: [1;33m206[0m[0m
[self_driving-10] [0m[INFO] [1782501568.555056263] [self_driving]: DEBUG_DRIVE lane_x=141.5, linear=0.15, linear_y=0.00, angular=-0.10, stop=False, crosswalk_distance=206, start_slow_down=False[0m
[self_driving-10] [0m[INFO] [1782501568.612798430] [self_driving]: [1;33m206[0m[0m
[self_driving-10] [0m[INFO] [1782501568.615120744] [self_driving]: DEBUG_DRIVE lane_x=139.5, linear=0.15, linear_y=0.00, angular=-0.10, stop=False, crosswalk_distance=206, start_slow_down=False[0m
[self_driving-10] [0m[INFO] [1782501568.684708541] [self_driving]: [1;33m206[0m[0m
[self_driving-10] [0m[INFO] [1782501568.686069948] [self_driving]: DEBUG_DRIVE lane_x=137.0, linear=0.15, linear_y=0.00, angular=-0.10, stop=False, crosswalk_distance=206, start_slow_down=True[0m
[self_driving-10] [0m[INFO] [1782501568.736567041] [self_driving]: [1;33m206[0m[0m
[self_driving-10] [0m[INFO] [1782501568.739037022] [self_driving]: DEBUG_DRIVE lane_x=134.0, linear=0.15, linear_y=0.00, angular=0.10, stop=False, crosswalk_distance=206, start_slow_down=True[0m
[self_driving-10] [0m[INFO] [1782501568.797017430] [self_driving]: objects=1[0m
[self_driving-10] [0m[INFO] [1782501568.799777837] [self_driving]: [DET] crosswalk: cx=367, cy=375, box=array('i', [99, 328, 636, 422]), score=0.89[0m
[self_driving-10] [0m[INFO] [1782501568.805626004] [self_driving]: objects=1[0m
[self_driving-10] [0m[INFO] [1782501568.807009689] [self_driving]: [DET] crosswalk: cx=408, cy=207, box=array('i', [281, 201, 536, 213]), score=0.84[0m
[self_driving-10] [0m[INFO] [1782501568.848295115] [self_driving]: [1;33m207[0m[0m
[self_driving-10] [0m[INFO] [1782501568.849587022] [self_driving]: DEBUG_DRIVE lane_x=129.5, linear=0.15, linear_y=0.00, angular=0.10, stop=False, crosswalk_distance=207, start_slow_down=True[0m
[self_driving-10] [0m[INFO] [1782501568.892682578] [self_driving]: [1;33m207[0m[0m
[self_driving-10] [0m[INFO] [1782501568.894054337] [self_driving]: DEBUG_DRIVE lane_x=126.5, linear=0.15, linear_y=0.00, angular=0.10, stop=False, crosswalk_distance=207, start_slow_down=True[0m
[self_driving-10] [0m[INFO] [1782501568.954952670] [self_driving]: [1;33m207[0m[0m
[self_driving-10] [0m[INFO] [1782501568.956426578] [self_driving]: DEBUG_DRIVE lane_x=131.0, linear=0.15, linear_y=0.00, angular=-0.10, stop=False, crosswalk_distance=207, start_slow_down=True[0m
[self_driving-10] [0m[INFO] [1782501569.010025059] [self_driving]: [1;33m207[0m[0m
[self_driving-10] [0m[INFO] [1782501569.012414707] [self_driving]: DEBUG_DRIVE lane_x=136.0, linear=0.15, linear_y=0.00, angular=-0.10, stop=False, crosswalk_distance=207, start_slow_down=True[0m
[self_driving-10] [0m[INFO] [1782501569.081466559] [self_driving]: [1;33m207[0m[0m
[self_driving-10] [0m[INFO] [1782501569.083179689] [self_driving]: DEBUG_DRIVE lane_x=134.0, linear=0.15, linear_y=0.00, angular=-0.10, stop=False, crosswalk_distance=207, start_slow_down=True[0m
[self_driving-10] [0m[INFO] [1782501569.149353503] [self_driving]: [1;33m207[0m[0m
[self_driving-10] [0m[INFO] [1782501569.154641985] [self_driving]: DEBUG_DRIVE lane_x=135.5, linear=0.15, linear_y=0.00, angular=-0.10, stop=False, crosswalk_distance=207, start_slow_down=True[0m
[self_driving-10] [0m[INFO] [1782501569.210829411] [self_driving]: objects=1[0m
[self_driving-10] [0m[INFO] [1782501569.211812374] [self_driving]: [DET] crosswalk: cx=322, cy=379, box=array('i', [23, 367, 622, 392]), score=0.30[0m
[self_driving-10] [0m[INFO] [1782501569.212546948] [self_driving]: [1;33m207[0m[0m
[self_driving-10] [0m[INFO] [1782501569.214325429] [self_driving]: DEBUG_DRIVE lane_x=124.0, linear=0.15, linear_y=0.00, angular=0.10, stop=False, crosswalk_distance=379, start_slow_down=True[0m
[self_driving-10] [0m[INFO] [1782501569.277388670] [self_driving]: [1;33m379[0m[0m
[self_driving-10] [0m[INFO] [1782501569.279321651] [self_driving]: DEBUG_DRIVE lane_x=100.5, linear=0.15, linear_y=0.00, angular=0.10, stop=False, crosswalk_distance=379, start_slow_down=True[0m
[self_driving-10] [0m[INFO] [1782501569.348080670] [self_driving]: [1;33m379[0m[0m
[self_driving-10] [0m[INFO] [1782501569.352878133] [self_driving]: DEBUG_DRIVE lane_x=92.0, linear=0.15, linear_y=0.00, angular=0.10, stop=False, crosswalk_distance=379, start_slow_down=True[0m
[self_driving-10] [0m[INFO] [1782501569.415574485] [self_driving]: [1;33m379[0m[0m
[self_driving-10] [0m[INFO] [1782501569.416909688] [self_driving]: DEBUG_DRIVE lane_x=106.5, linear=0.15, linear_y=0.00, angular=0.10, stop=False, crosswalk_distance=379, start_slow_down=True[0m
[self_driving-10] [0m[INFO] [1782501569.487003040] [self_driving]: [1;33m379[0m[0m
[self_driving-10] [0m[INFO] [1782501569.489533707] [self_driving]: DEBUG_DRIVE lane_x=121.5, linear=0.15, linear_y=0.00, angular=-0.10, stop=False, crosswalk_distance=379, start_slow_down=True[0m
[self_driving-10] [0m[INFO] [1782501569.562813040] [self_driving]: [1;33m379[0m[0m
[self_driving-10] [0m[INFO] [1782501569.567402003] [self_driving]: DEBUG_DRIVE lane_x=107.5, linear=0.15, linear_y=0.00, angular=0.10, stop=False, crosswalk_distance=379, start_slow_down=True[0m
[self_driving-10] [0m[INFO] [1782501569.599241559] [self_driving]: objects=1[0m
[self_driving-10] [0m[INFO] [1782501569.600392485] [self_driving]: [DET] crosswalk: cx=429, cy=221, box=array('i', [280, 211, 579, 231]), score=0.87[0m
[self_driving-10] [0m[INFO] [1782501569.604329503] [self_driving]: objects=1[0m
[self_driving-10] [0m[INFO] [1782501569.605648948] [self_driving]: [DET] crosswalk: cx=320, cy=456, box=array('i', [0, 435, 640, 478]), score=0.68[0m
[self_driving-10] [0m[INFO] [1782501569.634252985] [self_driving]: [1;33m456[0m[0m
[self_driving-10] [0m[INFO] [1782501569.638117688] [self_driving]: DEBUG_DRIVE lane_x=69.0, linear=0.15, linear_y=0.00, angular=0.10, stop=False, crosswalk_distance=456, start_slow_down=True[0m
[self_driving-10] [0m[INFO] [1782501569.696531485] [self_driving]: [1;33m456[0m[0m
[self_driving-10] [0m[INFO] [1782501569.699013873] [self_driving]: DEBUG_DRIVE lane_x=104.0, linear=0.15, linear_y=0.00, angular=-0.10, stop=False, crosswalk_distance=456, start_slow_down=True[0m
[self_driving-10] [0m[INFO] [1782501569.758192577] [self_driving]: [1;33m456[0m[0m
[self_driving-10] [0m[INFO] [1782501569.760925633] [self_driving]: DEBUG_DRIVE lane_x=166.5, linear=0.15, linear_y=0.00, angular=-0.10, stop=False, crosswalk_distance=456, start_slow_down=True[0m
[self_driving-10] [0m[INFO] [1782501569.826333503] [self_driving]: [1;33m456[0m[0m
[self_driving-10] [0m[INFO] [1782501569.829511836] [self_driving]: DEBUG_DRIVE lane_x=203.0, linear=0.15, linear_y=0.00, angular=-0.45, stop=False, crosswalk_distance=456, start_slow_down=True[0m
[self_driving-10] [0m[INFO] [1782501569.893339614] [self_driving]: [1;33m456[0m[0m
[self_driving-10] [0m[INFO] [1782501569.895283929] [self_driving]: DEBUG_DRIVE lane_x=166.0, linear=0.15, linear_y=0.00, angular=-0.10, stop=False, crosswalk_distance=456, start_slow_down=True[0m
[self_driving-10] [0m[INFO] [1782501569.954121281] [self_driving]: [1;33m456[0m[0m
[self_driving-10] [0m[INFO] [1782501569.955650244] [self_driving]: DEBUG_DRIVE lane_x=88.5, linear=0.15, linear_y=0.00, angular=0.10, stop=False, crosswalk_distance=456, start_slow_down=True[0m
[self_driving-10] [0m[INFO] [1782501569.988537114] [self_driving]: objects=1[0m
[self_driving-10] [0m[INFO] [1782501569.990388799] [self_driving]: [DET] crosswalk: cx=435, cy=227, box=array('i', [265, 216, 605, 239]), score=0.89[0m
[self_driving-10] [0m[INFO] [1782501570.041436262] [self_driving]: [1;33m227[0m[0m
[self_driving-10] [0m[INFO] [1782501570.043784095] [self_driving]: DEBUG_DRIVE lane_x=25.0, linear=0.15, linear_y=0.00, angular=0.10, stop=False, crosswalk_distance=227, start_slow_down=True[0m
[self_driving-10] [0m[INFO] [1782501570.101059910] [self_driving]: [1;33m227[0m[0m
[self_driving-10] [0m[INFO] [1782501570.103279762] [self_driving]: DEBUG_DRIVE lane_x=20.0, linear=0.15, linear_y=0.00, angular=0.10, stop=False, crosswalk_distance=227, start_slow_down=True[0m
[self_driving-10] [0m[INFO] [1782501570.161683095] [self_driving]: [1;33m227[0m[0m
[self_driving-10] [0m[INFO] [1782501570.164388299] [self_driving]: DEBUG_DRIVE lane_x=31.0, linear=0.15, linear_y=0.00, angular=0.10, stop=False, crosswalk_distance=227, start_slow_down=True[0m
[self_driving-10] [0m[INFO] [1782501570.225742244] [self_driving]: [1;33m227[0m[0m
[self_driving-10] [0m[INFO] [1782501570.231444688] [self_driving]: DEBUG_DRIVE lane_x=44.5, linear=0.15, linear_y=0.00, angular=0.10, stop=False, crosswalk_distance=227, start_slow_down=True[0m
[self_driving-10] [0m[INFO] [1782501570.298613169] [self_driving]: [1;33m227[0m[0m
[self_driving-10] [0m[INFO] [1782501570.300672799] [self_driving]: DEBUG_DRIVE lane_x=47.0, linear=0.15, linear_y=0.00, angular=0.10, stop=False, crosswalk_distance=227, start_slow_down=True[0m
[self_driving-10] [0m[INFO] [1782501570.349305706] [self_driving]: [1;33m227[0m[0m
[self_driving-10] [0m[INFO] [1782501570.353289892] [self_driving]: DEBUG_DRIVE lane_x=50.0, linear=0.15, linear_y=0.00, angular=0.10, stop=False, crosswalk_distance=227, start_slow_down=True[0m
[self_driving-10] [0m[INFO] [1782501570.378855929] [self_driving]: objects=1[0m
[self_driving-10] [0m[INFO] [1782501570.379776743] [self_driving]: [DET] crosswalk: cx=407, cy=234, box=array('i', [227, 222, 588, 246]), score=0.90[0m
[self_driving-10] [0m[INFO] [1782501570.434828188] [self_driving]: [1;33m234[0m[0m
[self_driving-10] [0m[INFO] [1782501570.437381669] [self_driving]: DEBUG_DRIVE lane_x=39.5, linear=0.15, linear_y=0.00, angular=0.10, stop=False, crosswalk_distance=234, start_slow_down=True[0m
[self_driving-10] [0m[INFO] [1782501570.501611114] [self_driving]: [1;33m234[0m[0m
[self_driving-10] [0m[INFO] [1782501570.503194725] [self_driving]: DEBUG_DRIVE lane_x=28.0, linear=0.15, linear_y=0.00, angular=0.10, stop=False, crosswalk_distance=234, start_slow_down=True[0m
[self_driving-10] [0m[INFO] [1782501570.571173910] [self_driving]: [1;33m234[0m[0m
[self_driving-10] [0m[INFO] [1782501570.573795410] [self_driving]: DEBUG_DRIVE lane_x=34.5, linear=0.15, linear_y=0.00, angular=0.10, stop=False, crosswalk_distance=234, start_slow_down=True[0m
[self_driving-10] [0m[INFO] [1782501570.620583058] [self_driving]: [1;33m234[0m[0m
[self_driving-10] [0m[INFO] [1782501570.622539243] [self_driving]: DEBUG_DRIVE lane_x=61.0, linear=0.15, linear_y=0.00, angular=0.10, stop=False, crosswalk_distance=234, start_slow_down=True[0m
[self_driving-10] [0m[INFO] [1782501570.700952836] [self_driving]: [1;33m234[0m[0m
[self_driving-10] [0m[INFO] [1782501570.702394780] [self_driving]: DEBUG_DRIVE lane_x=82.0, linear=0.15, linear_y=0.00, angular=0.10, stop=False, crosswalk_distance=234, start_slow_down=True[0m
[self_driving-10] [0m[INFO] [1782501570.761469410] [self_driving]: [1;33m234[0m[0m
[self_driving-10] [0m[INFO] [1782501570.764526873] [self_driving]: DEBUG_DRIVE lane_x=71.0, linear=0.15, linear_y=0.00, angular=0.10, stop=False, crosswalk_distance=234, start_slow_down=True[0m
[self_driving-10] [0m[INFO] [1782501570.804570651] [self_driving]: objects=1[0m
[self_driving-10] [0m[INFO] [1782501570.811038817] [self_driving]: [DET] crosswalk: cx=392, cy=259, box=array('i', [236, 244, 548, 275]), score=0.91[0m
[self_driving-10] [0m[INFO] [1782501570.845963410] [self_driving]: [1;33m259[0m[0m
[self_driving-10] [0m[INFO] [1782501570.849648262] [self_driving]: DEBUG_DRIVE lane_x=30.5, linear=0.15, linear_y=0.00, angular=0.10, stop=False, crosswalk_distance=259, start_slow_down=True[0m
[self_driving-10] [0m[INFO] [1782501570.903843243] [self_driving]: [1;33m259[0m[0m
[self_driving-10] [0m[INFO] [1782501570.904832076] [self_driving]: DEBUG_DRIVE lane_x=11.0, linear=0.15, linear_y=0.00, angular=0.10, stop=False, crosswalk_distance=259, start_slow_down=True[0m
[self_driving-10] [0m[INFO] [1782501570.981683354] [self_driving]: [1;33m259[0m[0m
[self_driving-10] [0m[INFO] [1782501570.984847465] [self_driving]: DEBUG_DRIVE lane_x=81.0, linear=0.15, linear_y=0.00, angular=-0.10, stop=False, crosswalk_distance=259, start_slow_down=True[0m
[self_driving-10] [0m[INFO] [1782501571.015227984] [self_driving]: [1;33m259[0m[0m
[self_driving-10] [0m[INFO] [1782501571.017756410] [self_driving]: DEBUG_DRIVE lane_x=123.5, linear=0.15, linear_y=0.00, angular=-0.10, stop=False, crosswalk_distance=259, start_slow_down=True[0m
[self_driving-10] [0m[INFO] [1782501571.091485687] [self_driving]: [1;33m259[0m[0m
[self_driving-10] [0m[INFO] [1782501571.094911706] [self_driving]: DEBUG_DRIVE lane_x=128.0, linear=0.15, linear_y=0.00, angular=-0.10, stop=False, crosswalk_distance=259, start_slow_down=True[0m
[self_driving-10] [0m[INFO] [1782501571.167310650] [self_driving]: [1;33m259[0m[0m
[self_driving-10] [0m[INFO] [1782501571.169491558] [self_driving]: DEBUG_DRIVE lane_x=125.5, linear=0.15, linear_y=0.00, angular=0.10, stop=False, crosswalk_distance=259, start_slow_down=True[0m
[self_driving-10] [0m[INFO] [1782501571.192220965] [self_driving]: objects=1[0m
[self_driving-10] [0m[INFO] [1782501571.193046058] [self_driving]: [DET] crosswalk: cx=275, cy=257, box=array('i', [94, 216, 456, 298]), score=0.87[0m
[self_driving-10] [0m[INFO] [1782501571.196433298] [self_driving]: objects=1[0m
[self_driving-10] [0m[INFO] [1782501571.197266428] [self_driving]: [DET] crosswalk: cx=272, cy=118, box=array('i', [180, 104, 364, 132]), score=0.86[0m
[self_driving-10] [0m[INFO] [1782501571.251450317] [self_driving]: [1;33m118[0m[0m
[self_driving-10] [0m[INFO] [1782501571.259777632] [self_driving]: DEBUG_DRIVE lane_x=120.0, linear=0.15, linear_y=0.00, angular=0.10, stop=False, crosswalk_distance=118, start_slow_down=True[0m
[self_driving-10] [0m[INFO] [1782501571.311241354] [self_driving]: [1;33m118[0m[0m
[self_driving-10] [0m[INFO] [1782501571.312460465] [self_driving]: DEBUG_DRIVE lane_x=116.0, linear=0.15, linear_y=0.00, angular=0.10, stop=False, crosswalk_distance=118, start_slow_down=True[0m
[self_driving-10] [0m[INFO] [1782501571.356916280] [self_driving]: [1;33m118[0m[0m
[self_driving-10] [0m[INFO] [1782501571.359076780] [self_driving]: DEBUG_DRIVE lane_x=120.0, linear=0.15, linear_y=0.00, angular=0.10, stop=False, crosswalk_distance=118, start_slow_down=False[0m
[self_driving-10] [0m[INFO] [1782501571.423067465] [self_driving]: [1;33m118[0m[0m
[self_driving-10] [0m[INFO] [1782501571.424594632] [self_driving]: DEBUG_DRIVE lane_x=126.0, linear=0.30, linear_y=0.00, angular=-0.10, stop=False, crosswalk_distance=118, start_slow_down=False[0m
[self_driving-10] [0m[INFO] [1782501571.513214446] [self_driving]: [1;33m118[0m[0m
[self_driving-10] [0m[INFO] [1782501571.514752076] [self_driving]: DEBUG_DRIVE lane_x=128.0, linear=0.30, linear_y=0.00, angular=0.09, stop=False, crosswalk_distance=118, start_slow_down=False[0m
[self_driving-10] [0m[INFO] [1782501571.562102002] [self_driving]: [1;33m118[0m[0m
[self_driving-10] [0m[INFO] [1782501571.563977835] [self_driving]: DEBUG_DRIVE lane_x=133.5, linear=0.15, linear_y=0.00, angular=-0.10, stop=False, crosswalk_distance=118, start_slow_down=True[0m
[self_driving-10] [0m[INFO] [1782501571.576354743] [self_driving]: objects=1[0m
[self_driving-10] [0m[INFO] [1782501571.577193317] [self_driving]: [DET] crosswalk: cx=276, cy=109, box=array('i', [204, 100, 349, 118]), score=0.84[0m
[self_driving-10] [0m[INFO] [1782501571.580472076] [self_driving]: objects=1[0m
[self_driving-10] [0m[INFO] [1782501571.581396483] [self_driving]: [DET] crosswalk: cx=285, cy=167, box=array('i', [170, 146, 401, 188]), score=0.82[0m
[self_driving-10] [0m[INFO] [1782501571.639962372] [self_driving]: [1;33m167[0m[0m
[self_driving-10] [0m[INFO] [1782501571.645383224] [self_driving]: DEBUG_DRIVE lane_x=136.5, linear=0.15, linear_y=0.00, angular=-0.10, stop=False, crosswalk_distance=167, start_slow_down=True[0m
[self_driving-10] [0m[INFO] [1782501571.695479372] [self_driving]: [1;33m167[0m[0m
[self_driving-10] [0m[INFO] [1782501571.698174094] [self_driving]: DEBUG_DRIVE lane_x=126.0, linear=0.15, linear_y=0.00, angular=0.10, stop=False, crosswalk_distance=167, start_slow_down=True[0m
[self_driving-10] [0m[INFO] [1782501571.777772502] [self_driving]: [1;33m167[0m[0m
[self_driving-10] [0m[INFO] [1782501571.779252965] [self_driving]: DEBUG_DRIVE lane_x=134.0, linear=0.15, linear_y=0.00, angular=-0.10, stop=False, crosswalk_distance=167, start_slow_down=True[0m
[self_driving-10] [0m[INFO] [1782501571.846251483] [self_driving]: [1;33m167[0m[0m
[self_driving-10] [0m[INFO] [1782501571.847668094] [self_driving]: DEBUG_DRIVE lane_x=137.0, linear=0.15, linear_y=0.00, angular=-0.10, stop=False, crosswalk_distance=167, start_slow_down=True[0m
[self_driving-10] [0m[INFO] [1782501571.892712965] [self_driving]: [1;33m167[0m[0m
[self_driving-10] [0m[INFO] [1782501571.895201835] [self_driving]: DEBUG_DRIVE lane_x=137.0, linear=0.15, linear_y=0.00, angular=-0.10, stop=False, crosswalk_distance=167, start_slow_down=True[0m
[self_driving-10] [0m[INFO] [1782501571.950468594] [self_driving]: objects=1[0m
[self_driving-10] [0m[INFO] [1782501571.952935335] [self_driving]: [DET] crosswalk: cx=368, cy=191, box=array('i', [267, 180, 470, 202]), score=0.64[0m
[self_driving-10] [0m[INFO] [1782501571.998402983] [self_driving]: [1;33m191[0m[0m
[self_driving-10] [0m[INFO] [1782501572.001283891] [self_driving]: DEBUG_DRIVE lane_x=148.5, linear=0.15, linear_y=0.00, angular=-0.10, stop=False, crosswalk_distance=191, start_slow_down=True[0m
[self_driving-10] [0m[INFO] [1782501572.041294113] [self_driving]: [1;33m191[0m[0m
[self_driving-10] [0m[INFO] [1782501572.042431446] [self_driving]: DEBUG_DRIVE lane_x=153.0, linear=0.15, linear_y=0.00, angular=-0.10, stop=False, crosswalk_distance=191, start_slow_down=True[0m
[self_driving-10] [0m[INFO] [1782501572.107041613] [self_driving]: [1;33m191[0m[0m
[self_driving-10] [0m[INFO] [1782501572.109899687] [self_driving]: DEBUG_DRIVE lane_x=150.0, linear=0.15, linear_y=0.00, angular=-0.10, stop=False, crosswalk_distance=191, start_slow_down=True[0m
[self_driving-10] [0m[INFO] [1782501572.171317613] [self_driving]: [1;33m191[0m[0m
[self_driving-10] [0m[INFO] [1782501572.172907353] [self_driving]: DEBUG_DRIVE lane_x=139.5, linear=0.15, linear_y=0.00, angular=0.10, stop=False, crosswalk_distance=191, start_slow_down=True[0m
[self_driving-10] [0m[INFO] [1782501572.239695798] [self_driving]: [1;33m191[0m[0m
[self_driving-10] [0m[INFO] [1782501572.242200742] [self_driving]: DEBUG_DRIVE lane_x=130.0, linear=0.15, linear_y=0.00, angular=0.10, stop=False, crosswalk_distance=191, start_slow_down=True[0m
[self_driving-10] [0m[INFO] [1782501572.312191427] [self_driving]: [1;33m191[0m[0m
[self_driving-10] [0m[INFO] [1782501572.313566131] [self_driving]: DEBUG_DRIVE lane_x=120.0, linear=0.15, linear_y=0.00, angular=0.10, stop=False, crosswalk_distance=191, start_slow_down=True[0m
[self_driving-10] [0m[INFO] [1782501572.348368576] [self_driving]: objects=1[0m
[self_driving-10] [0m[INFO] [1782501572.353180279] [self_driving]: [DET] crosswalk: cx=388, cy=205, box=array('i', [276, 199, 500, 212]), score=0.84[0m
[self_driving-10] [0m[INFO] [1782501572.377611816] [self_driving]: objects=1[0m
[self_driving-10] [0m[INFO] [1782501572.384232242] [self_driving]: [1;33m205[0m[0m
[self_driving-10] [0m[INFO] [1782501572.390757650] [self_driving]: [DET] crosswalk: cx=379, cy=179, box=array('i', [314, 176, 444, 182]), score=0.72[0m
[self_driving-10] [0m[INFO] [1782501572.391694909] [self_driving]: DEBUG_DRIVE lane_x=120.5, linear=0.15, linear_y=0.00, angular=0.10, stop=False, crosswalk_distance=205, start_slow_down=True[0m
[self_driving-10] [0m[INFO] [1782501572.457779224] [self_driving]: [1;33m179[0m[0m
[self_driving-10] [0m[INFO] [1782501572.462095446] [self_driving]: DEBUG_DRIVE lane_x=117.5, linear=0.15, linear_y=0.00, angular=0.10, stop=False, crosswalk_distance=179, start_slow_down=True[0m
[self_driving-10] [0m[INFO] [1782501572.515474409] [self_driving]: [1;33m179[0m[0m
[self_driving-10] [0m[INFO] [1782501572.517347113] [self_driving]: DEBUG_DRIVE lane_x=120.5, linear=0.15, linear_y=0.00, angular=0.10, stop=False, crosswalk_distance=179, start_slow_down=True[0m
[self_driving-10] [0m[INFO] [1782501572.584820964] [self_driving]: [1;33m179[0m[0m
[self_driving-10] [0m[INFO] [1782501572.587036001] [self_driving]: DEBUG_DRIVE lane_x=122.0, linear=0.15, linear_y=0.00, angular=0.10, stop=False, crosswalk_distance=179, start_slow_down=True[0m
[self_driving-10] [0m[INFO] [1782501572.633045983] [self_driving]: [1;33m179[0m[0m
[self_driving-10] [0m[INFO] [1782501572.636830131] [self_driving]: DEBUG_DRIVE lane_x=130.0, linear=0.15, linear_y=0.00, angular=-0.10, stop=False, crosswalk_distance=179, start_slow_down=True[0m
[self_driving-10] [0m[INFO] [1782501572.724301112] [self_driving]: [1;33m179[0m[0m
[self_driving-10] [0m[INFO] [1782501572.726624483] [self_driving]: DEBUG_DRIVE lane_x=145.5, linear=0.15, linear_y=0.00, angular=-0.10, stop=False, crosswalk_distance=179, start_slow_down=True[0m
[self_driving-10] [0m[INFO] [1782501572.772753316] [self_driving]: [1;33m179[0m[0m
[self_driving-10] [0m[INFO] [1782501572.774498205] [self_driving]: DEBUG_DRIVE lane_x=142.5, linear=0.15, linear_y=0.00, angular=-0.10, stop=False, crosswalk_distance=179, start_slow_down=True[0m
[self_driving-10] [0m[INFO] [1782501572.795638594] [self_driving]: objects=1[0m
[self_driving-10] [0m[INFO] [1782501572.796560483] [self_driving]: [DET] crosswalk: cx=424, cy=205, box=array('i', [302, 198, 547, 213]), score=0.87[0m
[self_driving-10] [0m[INFO] [1782501572.799411001] [self_driving]: objects=1[0m
[self_driving-10] [0m[INFO] [1782501572.802380094] [self_driving]: [DET] crosswalk: cx=408, cy=175, box=array('i', [335, 172, 481, 178]), score=0.69[0m
[self_driving-10] [0m[INFO] [1782501572.852948427] [self_driving]: [1;33m175[0m[0m
[self_driving-10] [0m[INFO] [1782501572.855845223] [self_driving]: DEBUG_DRIVE lane_x=147.5, linear=0.15, linear_y=0.00, angular=-0.10, stop=False, crosswalk_distance=175, start_slow_down=True[0m
[self_driving-10] [0m[INFO] [1782501572.915452335] [self_driving]: [1;33m175[0m[0m
[self_driving-10] [0m[INFO] [1782501572.917716335] [self_driving]: DEBUG_DRIVE lane_x=147.0, linear=0.15, linear_y=0.00, angular=-0.10, stop=False, crosswalk_distance=175, start_slow_down=True[0m
[self_driving-10] [0m[INFO] [1782501572.990858186] [self_driving]: [1;33m175[0m[0m
[self_driving-10] [0m[INFO] [1782501572.992978334] [self_driving]: DEBUG_DRIVE lane_x=147.0, linear=0.15, linear_y=0.00, angular=-0.10, stop=False, crosswalk_distance=175, start_slow_down=True[0m
[self_driving-10] [0m[INFO] [1782501573.050045038] [self_driving]: [1;33m175[0m[0m
[self_driving-10] [0m[INFO] [1782501573.052371205] [self_driving]: DEBUG_DRIVE lane_x=146.5, linear=0.15, linear_y=0.00, angular=-0.10, stop=False, crosswalk_distance=175, start_slow_down=True[0m
[self_driving-10] [0m[INFO] [1782501573.110191038] [self_driving]: [1;33m175[0m[0m
[self_driving-10] [0m[INFO] [1782501573.112496390] [self_driving]: DEBUG_DRIVE lane_x=140.0, linear=0.15, linear_y=0.00, angular=-0.10, stop=False, crosswalk_distance=175, start_slow_down=True[0m
[self_driving-10] [0m[INFO] [1782501573.174282445] [self_driving]: [1;33m175[0m[0m
[self_driving-10] [0m[INFO] [1782501573.177166705] [self_driving]: DEBUG_DRIVE lane_x=137.5, linear=0.15, linear_y=0.00, angular=-0.10, stop=False, crosswalk_distance=175, start_slow_down=True[0m
[self_driving-10] [0m[INFO] [1782501573.208772797] [self_driving]: objects=1[0m
[self_driving-10] [0m[INFO] [1782501573.211094834] [self_driving]: [DET] crosswalk: cx=430, cy=208, box=array('i', [299, 201, 562, 216]), score=0.81[0m
[self_driving-10] [0m[INFO] [1782501573.217024427] [self_driving]: objects=1[0m
[self_driving-10] [0m[INFO] [1782501573.219779168] [self_driving]: [DET] crosswalk: cx=412, cy=175, box=array('i', [337, 172, 487, 179]), score=0.58[0m
[self_driving-10] [0m[INFO] [1782501573.272438742] [self_driving]: [1;33m175[0m[0m
[self_driving-10] [0m[INFO] [1782501573.273643908] [self_driving]: DEBUG_DRIVE lane_x=136.5, linear=0.15, linear_y=0.00, angular=-0.10, stop=False, crosswalk_distance=175, start_slow_down=True[0m
[self_driving-10] [0m[INFO] [1782501573.326235019] [self_driving]: [1;33m175[0m[0m
[self_driving-10] [0m[INFO] [1782501573.328049575] [self_driving]: DEBUG_DRIVE lane_x=134.5, linear=0.15, linear_y=0.00, angular=-0.10, stop=False, crosswalk_distance=175, start_slow_down=True[0m
[self_driving-10] [0m[INFO] [1782501573.385005371] [self_driving]: [1;33m175[0m[0m
[self_driving-10] [0m[INFO] [1782501573.388446501] [self_driving]: DEBUG_DRIVE lane_x=131.5, linear=0.15, linear_y=0.00, angular=0.10, stop=False, crosswalk_distance=175, start_slow_down=True[0m
[self_driving-10] [0m[INFO] [1782501573.448338853] [self_driving]: [1;33m175[0m[0m
[self_driving-10] [0m[INFO] [1782501573.451508464] [self_driving]: DEBUG_DRIVE lane_x=133.5, linear=0.15, linear_y=0.00, angular=-0.10, stop=False, crosswalk_distance=175, start_slow_down=True[0m
[self_driving-10] [0m[INFO] [1782501573.533888038] [self_driving]: [1;33m175[0m[0m
[self_driving-10] [0m[INFO] [1782501573.535386538] [self_driving]: DEBUG_DRIVE lane_x=130.5, linear=0.15, linear_y=0.00, angular=0.10, stop=False, crosswalk_distance=175, start_slow_down=True[0m
[self_driving-10] [0m[INFO] [1782501573.593979279] [self_driving]: [1;33m175[0m[0m
[self_driving-10] [0m[INFO] [1782501573.597089242] [self_driving]: DEBUG_DRIVE lane_x=136.0, linear=0.15, linear_y=0.00, angular=-0.10, stop=False, crosswalk_distance=175, start_slow_down=True[0m
[self_driving-10] [0m[INFO] [1782501573.613974593] [self_driving]: objects=1[0m
[self_driving-10] [0m[INFO] [1782501573.615295186] [self_driving]: [DET] crosswalk: cx=423, cy=216, box=array('i', [280, 208, 566, 225]), score=0.85[0m
[self_driving-10] [0m[INFO] [1782501573.618739853] [self_driving]: objects=1[0m
[self_driving-10] [0m[INFO] [1782501573.620882204] [self_driving]: [DET] crosswalk: cx=403, cy=180, box=array('i', [321, 176, 486, 184]), score=0.72[0m
[self_driving-10] [0m[INFO] [1782501573.677943130] [self_driving]: [1;33m180[0m[0m
[self_driving-10] [0m[INFO] [1782501573.684028964] [self_driving]: DEBUG_DRIVE lane_x=133.5, linear=0.15, linear_y=0.00, angular=-0.10, stop=False, crosswalk_distance=180, start_slow_down=True[0m
[self_driving-10] [0m[INFO] [1782501573.721006260] [self_driving]: [1;33m180[0m[0m
[self_driving-10] [0m[INFO] [1782501573.724106723] [self_driving]: DEBUG_DRIVE lane_x=138.5, linear=0.15, linear_y=0.00, angular=-0.10, stop=False, crosswalk_distance=180, start_slow_down=True[0m
[self_driving-10] [0m[INFO] [1782501573.781323630] [self_driving]: [1;33m180[0m[0m
[self_driving-10] [0m[INFO] [1782501573.786067834] [self_driving]: DEBUG_DRIVE lane_x=136.5, linear=0.15, linear_y=0.00, angular=-0.10, stop=False, crosswalk_distance=180, start_slow_down=True[0m
[self_driving-10] [0m[INFO] [1782501573.853602223] [self_driving]: [1;33m180[0m[0m
[self_driving-10] [0m[INFO] [1782501573.856418389] [self_driving]: DEBUG_DRIVE lane_x=136.0, linear=0.15, linear_y=0.00, angular=-0.10, stop=False, crosswalk_distance=180, start_slow_down=True[0m
[self_driving-10] [0m[INFO] [1782501573.919633612] [self_driving]: [1;33m180[0m[0m
[self_driving-10] [0m[INFO] [1782501573.920633723] [self_driving]: DEBUG_DRIVE lane_x=129.5, linear=0.15, linear_y=0.00, angular=0.10, stop=False, crosswalk_distance=180, start_slow_down=True[0m
[self_driving-10] [0m[INFO] [1782501573.987349371] [self_driving]: [1;33m180[0m[0m
[self_driving-10] [0m[INFO] [1782501573.988987889] [self_driving]: DEBUG_DRIVE lane_x=126.0, linear=0.15, linear_y=0.00, angular=0.10, stop=False, crosswalk_distance=180, start_slow_down=True[0m
[self_driving-10] [0m[INFO] [1782501574.025236575] [self_driving]: objects=1[0m
[self_driving-10] [0m[INFO] [1782501574.026358630] [self_driving]: [DET] crosswalk: cx=445, cy=225, box=array('i', [286, 216, 604, 235]), score=0.84[0m
[self_driving-10] [0m[INFO] [1782501574.029455834] [self_driving]: objects=1[0m
[self_driving-10] [0m[INFO] [1782501574.029973593] [self_driving]: [DET] crosswalk: cx=419, cy=183, box=array('i', [335, 180, 504, 187]), score=0.76[0m
[self_driving-10] [0m[INFO] [1782501574.047850149] [self_driving]: [1;33m183[0m[0m
[self_driving-10] [0m[INFO] [1782501574.052190704] [self_driving]: DEBUG_DRIVE lane_x=124.5, linear=0.15, linear_y=0.00, angular=0.10, stop=False, crosswalk_distance=183, start_slow_down=True[0m
[self_driving-10] [0m[INFO] [1782501574.126395056] [self_driving]: [1;33m183[0m[0m
[self_driving-10] [0m[INFO] [1782501574.128193945] [self_driving]: DEBUG_DRIVE lane_x=124.5, linear=0.15, linear_y=0.00, angular=0.10, stop=False, crosswalk_distance=183, start_slow_down=True[0m
[self_driving-10] [0m[INFO] [1782501574.197970445] [self_driving]: [1;33m183[0m[0m
[self_driving-10] [0m[INFO] [1782501574.200654760] [self_driving]: DEBUG_DRIVE lane_x=128.0, linear=0.15, linear_y=0.00, angular=-0.10, stop=False, crosswalk_distance=183, start_slow_down=True[0m
[self_driving-10] [0m[INFO] [1782501574.246228611] [self_driving]: [1;33m183[0m[0m
[self_driving-10] [0m[INFO] [1782501574.248123574] [self_driving]: DEBUG_DRIVE lane_x=128.5, linear=0.15, linear_y=0.00, angular=0.10, stop=False, crosswalk_distance=183, start_slow_down=False[0m
[self_driving-10] [0m[INFO] [1782501574.319011926] [self_driving]: [1;33m183[0m[0m
[self_driving-10] [0m[INFO] [1782501574.320941000] [self_driving]: DEBUG_DRIVE lane_x=135.5, linear=0.15, linear_y=0.00, angular=-0.10, stop=False, crosswalk_distance=183, start_slow_down=False[0m
[self_driving-10] [0m[INFO] [1782501574.401239834] [self_driving]: [1;33m183[0m[0m
[self_driving-10] [0m[INFO] [1782501574.403948482] [self_driving]: DEBUG_DRIVE lane_x=136.0, linear=0.15, linear_y=0.00, angular=-0.10, stop=False, crosswalk_distance=183, start_slow_down=False[0m
[self_driving-10] [0m[INFO] [1782501574.443418852] [self_driving]: objects=1[0m
[self_driving-10] [0m[INFO] [1782501574.444608889] [self_driving]: [DET] crosswalk: cx=397, cy=187, box=array('i', [311, 184, 484, 191]), score=0.74[0m
[self_driving-10] [0m[INFO] [1782501574.493806315] [self_driving]: [1;33m187[0m[0m
[self_driving-10] [0m[INFO] [1782501574.496116297] [self_driving]: DEBUG_DRIVE lane_x=143.0, linear=0.15, linear_y=0.00, angular=-0.10, stop=False, crosswalk_distance=187, start_slow_down=True[0m
[self_driving-10] [0m[INFO] [1782501574.538625148] [self_driving]: [1;33m187[0m[0m
[self_driving-10] [0m[INFO] [1782501574.539864019] [self_driving]: DEBUG_DRIVE lane_x=141.5, linear=0.15, linear_y=0.00, angular=-0.10, stop=False, crosswalk_distance=187, start_slow_down=True[0m
[self_driving-10] [0m[INFO] [1782501574.599451834] [self_driving]: [1;33m187[0m[0m
[self_driving-10] [0m[INFO] [1782501574.601092408] [self_driving]: DEBUG_DRIVE lane_x=136.5, linear=0.15, linear_y=0.00, angular=0.10, stop=False, crosswalk_distance=187, start_slow_down=True[0m
[self_driving-10] [0m[INFO] [1782501574.668831482] [self_driving]: [1;33m187[0m[0m
[self_driving-10] [0m[INFO] [1782501574.672250630] [self_driving]: DEBUG_DRIVE lane_x=133.0, linear=0.15, linear_y=0.00, angular=0.10, stop=False, crosswalk_distance=187, start_slow_down=True[0m
[self_driving-10] [0m[INFO] [1782501574.735080167] [self_driving]: [1;33m187[0m[0m
[self_driving-10] [0m[INFO] [1782501574.736527778] [self_driving]: DEBUG_DRIVE lane_x=128.5, linear=0.15, linear_y=0.00, angular=0.10, stop=False, crosswalk_distance=187, start_slow_down=True[0m
[self_driving-10] [0m[INFO] [1782501574.796363093] [self_driving]: [1;33m187[0m[0m
[self_driving-10] [0m[INFO] [1782501574.801656204] [self_driving]: DEBUG_DRIVE lane_x=128.5, linear=0.15, linear_y=0.00, angular=0.10, stop=False, crosswalk_distance=187, start_slow_down=True[0m
[self_driving-10] [0m[INFO] [1782501574.869779556] [self_driving]: [1;33m187[0m[0m
[self_driving-10] [0m[INFO] [1782501574.872219204] [self_driving]: DEBUG_DRIVE lane_x=133.0, linear=0.15, linear_y=0.00, angular=-0.10, stop=False, crosswalk_distance=187, start_slow_down=True[0m
[self_driving-10] [0m[INFO] [1782501574.886321704] [self_driving]: objects=1[0m
[self_driving-10] [0m[INFO] [1782501574.888280037] [self_driving]: [DET] crosswalk: cx=430, cy=246, box=array('i', [241, 233, 620, 259]), score=0.91[0m
[self_driving-10] [0m[INFO] [1782501574.893041500] [self_driving]: objects=1[0m
[self_driving-10] [0m[INFO] [1782501574.895986130] [self_driving]: [DET] crosswalk: cx=387, cy=190, box=array('i', [298, 187, 477, 194]), score=0.79[0m
[self_driving-10] [0m[INFO] [1782501574.945918037] [self_driving]: [1;33m190[0m[0m
[self_driving-10] [0m[INFO] [1782501574.948299093] [self_driving]: DEBUG_DRIVE lane_x=141.0, linear=0.15, linear_y=0.00, angular=-0.10, stop=False, crosswalk_distance=190, start_slow_down=True[0m
[self_driving-10] [0m[INFO] [1782501575.003744593] [self_driving]: [1;33m190[0m[0m
[self_driving-10] [0m[INFO] [1782501575.005276593] [self_driving]: DEBUG_DRIVE lane_x=144.5, linear=0.15, linear_y=0.00, angular=-0.10, stop=False, crosswalk_distance=190, start_slow_down=True[0m
[self_driving-10] [0m[INFO] [1782501575.065483389] [self_driving]: [1;33m190[0m[0m
[self_driving-10] [0m[INFO] [1782501575.066832333] [self_driving]: DEBUG_DRIVE lane_x=143.0, linear=0.15, linear_y=0.00, angular=-0.10, stop=False, crosswalk_distance=190, start_slow_down=True[0m
[self_driving-10] [0m[INFO] [1782501575.132933278] [self_driving]: [1;33m190[0m[0m
[self_driving-10] [0m[INFO] [1782501575.134996241] [self_driving]: DEBUG_DRIVE lane_x=143.5, linear=0.15, linear_y=0.00, angular=-0.10, stop=False, crosswalk_distance=190, start_slow_down=True[0m
[self_driving-10] [0m[INFO] [1782501575.207149074] [self_driving]: [1;33m190[0m[0m
[self_driving-10] [0m[INFO] [1782501575.209701333] [self_driving]: DEBUG_DRIVE lane_x=137.5, linear=0.15, linear_y=0.00, angular=-0.10, stop=False, crosswalk_distance=190, start_slow_down=True[0m
[self_driving-10] [0m[INFO] [1782501575.265740148] [self_driving]: [1;33m190[0m[0m
[self_driving-10] [0m[INFO] [1782501575.267333222] [self_driving]: DEBUG_DRIVE lane_x=137.0, linear=0.15, linear_y=0.00, angular=-0.10, stop=False, crosswalk_distance=190, start_slow_down=True[0m
[self_driving-10] [0m[INFO] [1782501575.287256222] [self_driving]: objects=1[0m
[self_driving-10] [0m[INFO] [1782501575.288114537] [self_driving]: [DET] crosswalk: cx=427, cy=261, box=array('i', [216, 246, 639, 276]), score=0.89[0m
[self_driving-10] [0m[INFO] [1782501575.292191981] [self_driving]: objects=1[0m
[self_driving-10] [0m[INFO] [1782501575.293678852] [self_driving]: [DET] crosswalk: cx=384, cy=194, box=array('i', [289, 190, 479, 199]), score=0.81[0m
[self_driving-10] [0m[INFO] [1782501575.350173444] [self_driving]: [1;33m194[0m[0m
[self_driving-10] [0m[INFO] [1782501575.359967907] [self_driving]: DEBUG_DRIVE lane_x=131.0, linear=0.15, linear_y=0.00, angular=0.10, stop=False, crosswalk_distance=194, start_slow_down=True[0m
[self_driving-10] [0m[INFO] [1782501575.411867352] [self_driving]: [1;33m194[0m[0m
[self_driving-10] [0m[INFO] [1782501575.413434240] [self_driving]: DEBUG_DRIVE lane_x=127.0, linear=0.15, linear_y=0.00, angular=0.10, stop=False, crosswalk_distance=194, start_slow_down=True[0m
[self_driving-10] [0m[INFO] [1782501575.453760444] [self_driving]: [1;33m194[0m[0m
[self_driving-10] [0m[INFO] [1782501575.455683944] [self_driving]: DEBUG_DRIVE lane_x=123.0, linear=0.15, linear_y=0.00, angular=0.10, stop=False, crosswalk_distance=194, start_slow_down=True[0m
[self_driving-10] [0m[INFO] [1782501575.537838222] [self_driving]: [1;33m194[0m[0m
[self_driving-10] [0m[INFO] [1782501575.539644703] [self_driving]: DEBUG_DRIVE lane_x=121.5, linear=0.15, linear_y=0.00, angular=0.10, stop=False, crosswalk_distance=194, start_slow_down=True[0m
[self_driving-10] [0m[INFO] [1782501575.604349259] [self_driving]: [1;33m194[0m[0m
[self_driving-10] [0m[INFO] [1782501575.606202685] [self_driving]: DEBUG_DRIVE lane_x=125.0, linear=0.15, linear_y=0.00, angular=0.10, stop=False, crosswalk_distance=194, start_slow_down=True[0m
[self_driving-10] [0m[INFO] [1782501575.691570555] [self_driving]: [1;33m194[0m[0m
[self_driving-10] [0m[INFO] [1782501575.692567111] [self_driving]: DEBUG_DRIVE lane_x=126.0, linear=0.15, linear_y=0.00, angular=0.10, stop=False, crosswalk_distance=194, start_slow_down=True[0m
[self_driving-10] [0m[INFO] [1782501575.726143518] [self_driving]: [1;33m194[0m[0m
[self_driving-10] [0m[INFO] [1782501575.728230870] [self_driving]: DEBUG_DRIVE lane_x=127.0, linear=0.15, linear_y=0.00, angular=0.10, stop=False, crosswalk_distance=194, start_slow_down=True[0m
[self_driving-10] [0m[INFO] [1782501575.732462592] [self_driving]: objects=1[0m
[self_driving-10] [0m[INFO] [1782501575.733156370] [self_driving]: [DET] crosswalk: cx=423, cy=278, box=array('i', [207, 259, 640, 297]), score=0.91[0m
[self_driving-10] [0m[INFO] [1782501575.737087499] [self_driving]: objects=1[0m
[self_driving-10] [0m[INFO] [1782501575.738118148] [self_driving]: [DET] crosswalk: cx=391, cy=198, box=array('i', [289, 193, 493, 203]), score=0.84[0m
[self_driving-10] [0m[INFO] [1782501575.812044611] [self_driving]: [1;33m198[0m[0m
[self_driving-10] [0m[INFO] [1782501575.813718148] [self_driving]: DEBUG_DRIVE lane_x=130.5, linear=0.15, linear_y=0.00, angular=-0.10, stop=False, crosswalk_distance=198, start_slow_down=True[0m
[self_driving-10] [0m[INFO] [1782501575.862081425] [self_driving]: [1;33m198[0m[0m
[self_driving-10] [0m[INFO] [1782501575.866279259] [self_driving]: DEBUG_DRIVE lane_x=136.5, linear=0.15, linear_y=0.00, angular=-0.10, stop=False, crosswalk_distance=198, start_slow_down=True[0m
[self_driving-10] [0m[INFO] [1782501575.946278833] [self_driving]: [1;33m198[0m[0m
[self_driving-10] [0m[INFO] [1782501575.949646851] [self_driving]: DEBUG_DRIVE lane_x=140.5, linear=0.15, linear_y=0.00, angular=-0.10, stop=False, crosswalk_distance=198, start_slow_down=True[0m
[self_driving-10] [0m[INFO] [1782501576.009068944] [self_driving]: [1;33m198[0m[0m
[self_driving-10] [0m[INFO] [1782501576.010356370] [self_driving]: DEBUG_DRIVE lane_x=136.5, linear=0.15, linear_y=0.00, angular=-0.10, stop=False, crosswalk_distance=198, start_slow_down=True[0m
[self_driving-10] [0m[INFO] [1782501576.073543740] [self_driving]: [1;33m198[0m[0m
[self_driving-10] [0m[INFO] [1782501576.075304370] [self_driving]: DEBUG_DRIVE lane_x=133.5, linear=0.15, linear_y=0.00, angular=0.10, stop=False, crosswalk_distance=198, start_slow_down=True[0m
[self_driving-10] [0m[INFO] [1782501576.121663073] [self_driving]: objects=1[0m
[self_driving-10] [0m[INFO] [1782501576.122788073] [self_driving]: [DET] crosswalk: cx=408, cy=306, box=array('i', [177, 282, 640, 330]), score=0.90[0m
[self_driving-10] [0m[INFO] [1782501576.129620370] [self_driving]: objects=1[0m
[self_driving-10] [0m[INFO] [1782501576.130263184] [self_driving]: [DET] crosswalk: cx=397, cy=203, box=array('i', [287, 199, 507, 208]), score=0.82[0m
[self_driving-10] [0m[INFO] [1782501576.168538610] [self_driving]: [1;33m203[0m[0m
[self_driving-10] [0m[INFO] [1782501576.172333018] [self_driving]: DEBUG_DRIVE lane_x=131.5, linear=0.15, linear_y=0.00, angular=0.10, stop=False, crosswalk_distance=203, start_slow_down=True[0m
[self_driving-10] [0m[INFO] [1782501576.212151907] [self_driving]: [1;33m203[0m[0m
[self_driving-10] [0m[INFO] [1782501576.213715740] [self_driving]: DEBUG_DRIVE lane_x=128.0, linear=0.15, linear_y=0.00, angular=0.10, stop=False, crosswalk_distance=203, start_slow_down=True[0m
[self_driving-10] [0m[INFO] [1782501576.275582573] [self_driving]: [1;33m203[0m[0m
[self_driving-10] [0m[INFO] [1782501576.276688851] [self_driving]: DEBUG_DRIVE lane_x=133.5, linear=0.15, linear_y=0.00, angular=-0.10, stop=False, crosswalk_distance=203, start_slow_down=True[0m
[self_driving-10] [0m[INFO] [1782501576.345778888] [self_driving]: [1;33m203[0m[0m
[self_driving-10] [0m[INFO] [1782501576.348404073] [self_driving]: DEBUG_DRIVE lane_x=133.0, linear=0.15, linear_y=0.00, angular=-0.10, stop=False, crosswalk_distance=203, start_slow_down=True[0m
[self_driving-10] [0m[INFO] [1782501576.403749092] [self_driving]: [1;33m203[0m[0m
[self_driving-10] [0m[INFO] [1782501576.404830258] [self_driving]: DEBUG_DRIVE lane_x=137.5, linear=0.15, linear_y=0.00, angular=-0.10, stop=False, crosswalk_distance=203, start_slow_down=True[0m
[self_driving-10] [0m[INFO] [1782501576.480041036] [self_driving]: [1;33m203[0m[0m
[self_driving-10] [0m[INFO] [1782501576.481194110] [self_driving]: DEBUG_DRIVE lane_x=132.5, linear=0.15, linear_y=0.00, angular=0.10, stop=False, crosswalk_distance=203, start_slow_down=True[0m
[self_driving-10] [0m[INFO] [1782501576.520658166] [self_driving]: objects=1[0m
[self_driving-10] [0m[INFO] [1782501576.521657740] [self_driving]: [DET] crosswalk: cx=381, cy=334, box=array('i', [123, 303, 640, 365]), score=0.89[0m
[self_driving-10] [0m[INFO] [1782501576.525249332] [self_driving]: objects=1[0m
[self_driving-10] [0m[INFO] [1782501576.528879425] [self_driving]: [DET] crosswalk: cx=382, cy=206, box=array('i', [263, 201, 501, 211]), score=0.82[0m
[self_driving-10] [0m[INFO] [1782501576.545644777] [self_driving]: [1;33m206[0m[0m
[self_driving-10] [0m[INFO] [1782501576.552522740] [self_driving]: DEBUG_DRIVE lane_x=135.5, linear=0.15, linear_y=0.00, angular=-0.10, stop=False, crosswalk_distance=206, start_slow_down=True[0m
[self_driving-10] [0m[INFO] [1782501576.614196258] [self_driving]: [1;33m206[0m[0m
[self_driving-10] [0m[INFO] [1782501576.615867721] [self_driving]: DEBUG_DRIVE lane_x=131.5, linear=0.15, linear_y=0.00, angular=0.10, stop=False, crosswalk_distance=206, start_slow_down=True[0m
[self_driving-10] [0m[INFO] [1782501576.682020147] [self_driving]: [1;33m206[0m[0m
[self_driving-10] [0m[INFO] [1782501576.684663277] [self_driving]: DEBUG_DRIVE lane_x=139.0, linear=0.15, linear_y=0.00, angular=-0.10, stop=False, crosswalk_distance=206, start_slow_down=True[0m
[self_driving-10] [0m[INFO] [1782501576.749406999] [self_driving]: [1;33m206[0m[0m
[self_driving-10] [0m[INFO] [1782501576.754451832] [self_driving]: DEBUG_DRIVE lane_x=153.0, linear=0.15, linear_y=0.00, angular=-0.10, stop=False, crosswalk_distance=206, start_slow_down=True[0m
[self_driving-10] [0m[INFO] [1782501576.807838295] [self_driving]: [1;33m206[0m[0m
[self_driving-10] [0m[INFO] [1782501576.812646591] [self_driving]: DEBUG_DRIVE lane_x=107.0, linear=0.15, linear_y=0.00, angular=0.10, stop=False, crosswalk_distance=206, start_slow_down=True[0m
[self_driving-10] [0m[INFO] [1782501576.871289703] [self_driving]: [1;33m206[0m[0m
[self_driving-10] [0m[INFO] [1782501576.873695721] [self_driving]: DEBUG_DRIVE lane_x=106.0, linear=0.15, linear_y=0.00, angular=0.10, stop=False, crosswalk_distance=206, start_slow_down=True[0m
[self_driving-10] [0m[INFO] [1782501576.940965221] [self_driving]: objects=1[0m
[self_driving-10] [0m[INFO] [1782501576.947845110] [self_driving]: [DET] crosswalk: cx=412, cy=206, box=array('i', [283, 200, 542, 213]), score=0.82[0m
[self_driving-10] [0m[INFO] [1782501576.953127147] [self_driving]: [1;33m206[0m[0m
[self_driving-10] [0m[INFO] [1782501576.973722202] [self_driving]: DEBUG_DRIVE lane_x=180.5, linear=0.15, linear_y=0.00, angular=-0.10, stop=False, crosswalk_distance=206, start_slow_down=True[0m
[self_driving-10] [0m[INFO] [1782501577.015557647] [self_driving]: [1;33m206[0m[0m
[self_driving-10] [0m[INFO] [1782501577.018446277] [self_driving]: DEBUG_DRIVE lane_x=239.5, linear=0.15, linear_y=0.00, angular=-0.45, stop=False, crosswalk_distance=206, start_slow_down=True[0m
[self_driving-10] [0m[INFO] [1782501577.088484536] [self_driving]: [1;33m206[0m[0m
[self_driving-10] [0m[INFO] [1782501577.093849591] [self_driving]: DEBUG_DRIVE lane_x=236.0, linear=0.15, linear_y=0.00, angular=-0.45, stop=False, crosswalk_distance=206, start_slow_down=True[0m
[self_driving-10] [0m[INFO] [1782501577.154060295] [self_driving]: [1;33m206[0m[0m
[self_driving-10] [0m[INFO] [1782501577.155866813] [self_driving]: DEBUG_DRIVE lane_x=240.5, linear=0.15, linear_y=0.00, angular=-0.45, stop=False, crosswalk_distance=206, start_slow_down=True[0m
[self_driving-10] [0m[INFO] [1782501577.220442128] [self_driving]: [1;33m206[0m[0m
[self_driving-10] [0m[INFO] [1782501577.222538443] [self_driving]: DEBUG_DRIVE lane_x=235.5, linear=0.15, linear_y=0.00, angular=-0.45, stop=False, crosswalk_distance=206, start_slow_down=False[0m
[self_driving-10] [0m[INFO] [1782501577.290170036] [self_driving]: [1;33m206[0m[0m
[self_driving-10] [0m[INFO] [1782501577.292926054] [self_driving]: DEBUG_DRIVE lane_x=223.0, linear=0.15, linear_y=0.00, angular=-0.45, stop=False, crosswalk_distance=206, start_slow_down=False[0m
[self_driving-10] [0m[INFO] [1782501577.329222702] [self_driving]: objects=1[0m
[self_driving-10] [0m[INFO] [1782501577.329730554] [self_driving]: [DET] crosswalk: cx=324, cy=429, box=array('i', [8, 379, 640, 480]), score=0.88[0m
[self_driving-10] [0m[INFO] [1782501577.334722850] [self_driving]: objects=1[0m
[self_driving-10] [0m[INFO] [1782501577.335942813] [self_driving]: [DET] crosswalk: cx=319, cy=373, box=array('i', [15, 360, 623, 387]), score=0.28[0m
[self_driving-10] [0m[INFO] [1782501577.368072443] [self_driving]: [1;33m373[0m[0m
[self_driving-10] [0m[INFO] [1782501577.370543239] [self_driving]: DEBUG_DRIVE lane_x=214.0, linear=0.15, linear_y=0.00, angular=-0.45, stop=False, crosswalk_distance=373, start_slow_down=False[0m
[self_driving-10] [0m[INFO] [1782501577.412254591] [self_driving]: [1;33m373[0m[0m
[self_driving-10] [0m[INFO] [1782501577.414097813] [self_driving]: DEBUG_DRIVE lane_x=272.0, linear=0.15, linear_y=0.00, angular=-0.45, stop=False, crosswalk_distance=373, start_slow_down=True[0m
[self_driving-10] [0m[INFO] [1782501577.474494369] [self_driving]: [1;33m373[0m[0m
[self_driving-10] [0m[INFO] [1782501577.476214498] [self_driving]: DEBUG_DRIVE lane_x=190.0, linear=0.15, linear_y=0.00, angular=0.00, stop=False, crosswalk_distance=373, start_slow_down=True[0m
[self_driving-10] [0m[INFO] [1782501577.556078554] [self_driving]: [1;33m373[0m[0m
[self_driving-10] [0m[INFO] [1782501577.557328165] [self_driving]: DEBUG_DRIVE lane_x=185.5, linear=0.15, linear_y=0.00, angular=0.00, stop=False, crosswalk_distance=373, start_slow_down=True[0m
[self_driving-10] [0m[INFO] [1782501577.614792517] [self_driving]: [1;33m373[0m[0m
[self_driving-10] [0m[INFO] [1782501577.616616647] [self_driving]: DEBUG_DRIVE lane_x=143.5, linear=0.15, linear_y=0.00, angular=0.00, stop=False, crosswalk_distance=373, start_slow_down=True[0m
[self_driving-10] [0m[INFO] [1782501577.685888406] [self_driving]: [1;33m373[0m[0m
[self_driving-10] [0m[INFO] [1782501577.688215961] [self_driving]: DEBUG_DRIVE lane_x=68.0, linear=0.15, linear_y=0.00, angular=0.00, stop=False, crosswalk_distance=373, start_slow_down=True[0m
[self_driving-10] [0m[INFO] [1782501577.721560313] [self_driving]: objects=1[0m
[self_driving-10] [0m[INFO] [1782501577.722544961] [self_driving]: [DET] crosswalk: cx=437, cy=212, box=array('i', [281, 202, 594, 222]), score=0.89[0m
[self_driving-10] [0m[INFO] [1782501577.729317813] [self_driving]: objects=1[0m
[self_driving-10] [0m[INFO] [1782501577.731764165] [self_driving]: [DET] crosswalk: cx=351, cy=442, box=array('i', [63, 416, 640, 469]), score=0.80[0m
[self_driving-10] [0m[INFO] [1782501577.760523628] [self_driving]: [1;33m442[0m[0m
[self_driving-10] [0m[INFO] [1782501577.825644924] [self_driving]: [1;33m442[0m[0m
[self_driving-10] [0m[INFO] [1782501577.878262554] [self_driving]: [1;33m442[0m[0m
[self_driving-10] [0m[INFO] [1782501577.957090146] [self_driving]: [1;33m442[0m[0m
[self_driving-10] [0m[INFO] [1782501578.019415794] [self_driving]: [1;33m442[0m[0m
[self_driving-10] [0m[INFO] [1782501578.095473350] [self_driving]: [1;33m442[0m[0m
[self_driving-10] [0m[INFO] [1782501578.096885702] [self_driving]: DEBUG_DRIVE lane_x=46.5, linear=0.15, linear_y=0.00, angular=0.00, stop=False, crosswalk_distance=442, start_slow_down=True[0m
[self_driving-10] [0m[INFO] [1782501578.114128831] [self_driving]: objects=1[0m
[self_driving-10] [0m[INFO] [1782501578.115662035] [self_driving]: [DET] crosswalk: cx=369, cy=354, box=array('i', [252, 336, 486, 372]), score=0.89[0m
[self_driving-10] [0m[INFO] [1782501578.169672461] [self_driving]: [1;33m354[0m[0m
[self_driving-10] [0m[INFO] [1782501578.172294850] [self_driving]: DEBUG_DRIVE lane_x=45.5, linear=0.15, linear_y=0.00, angular=0.00, stop=False, crosswalk_distance=354, start_slow_down=True[0m
[self_driving-10] [0m[INFO] [1782501578.216788165] [self_driving]: [1;33m354[0m[0m
[self_driving-10] [0m[INFO] [1782501578.221054794] [self_driving]: DEBUG_DRIVE lane_x=48.0, linear=0.15, linear_y=0.00, angular=0.00, stop=False, crosswalk_distance=354, start_slow_down=True[0m
[self_driving-10] [0m[INFO] [1782501578.293269202] [self_driving]: [1;33m354[0m[0m
[self_driving-10] [0m[INFO] [1782501578.295637368] [self_driving]: DEBUG_DRIVE lane_x=52.0, linear=0.15, linear_y=0.00, angular=0.00, stop=False, crosswalk_distance=354, start_slow_down=True[0m
[self_driving-10] [0m[INFO] [1782501578.356745702] [self_driving]: [1;33m354[0m[0m
[self_driving-10] [0m[INFO] [1782501578.358580646] [self_driving]: DEBUG_DRIVE lane_x=49.5, linear=0.15, linear_y=0.00, angular=0.00, stop=False, crosswalk_distance=354, start_slow_down=True[0m
[self_driving-10] [0m[INFO] [1782501578.422274053] [self_driving]: [1;33m354[0m[0m
[self_driving-10] [0m[INFO] [1782501578.424184905] [self_driving]: DEBUG_DRIVE lane_x=50.0, linear=0.15, linear_y=0.00, angular=0.00, stop=False, crosswalk_distance=354, start_slow_down=True[0m
[self_driving-10] [0m[INFO] [1782501578.493307053] [self_driving]: [1;33m354[0m[0m
[self_driving-10] [0m[INFO] [1782501578.495357109] [self_driving]: DEBUG_DRIVE lane_x=50.5, linear=0.15, linear_y=0.00, angular=0.00, stop=False, crosswalk_distance=354, start_slow_down=True[0m
[self_driving-10] [0m[INFO] [1782501578.504215683] [self_driving]: objects=1[0m
[self_driving-10] [0m[INFO] [1782501578.506680850] [self_driving]: [DET] crosswalk: cx=275, cy=347, box=array('i', [199, 325, 352, 369]), score=0.90[0m
[self_driving-10] [0m[INFO] [1782501578.515209905] [self_driving]: objects=1[0m
[self_driving-10] [0m[INFO] [1782501578.516027572] [self_driving]: [DET] crosswalk: cx=287, cy=460, box=array('i', [150, 441, 425, 480]), score=0.86[0m
[self_driving-10] [0m[INFO] [1782501578.572732035] [self_driving]: [1;33m460[0m[0m
[self_driving-10] [0m[INFO] [1782501578.579773664] [self_driving]: DEBUG_DRIVE lane_x=51.5, linear=0.15, linear_y=0.00, angular=0.00, stop=False, crosswalk_distance=460, start_slow_down=True[0m
[self_driving-10] [0m[INFO] [1782501578.630929683] [self_driving]: [1;33m460[0m[0m
[self_driving-10] [0m[INFO] [1782501578.635438831] [self_driving]: DEBUG_DRIVE lane_x=50.0, linear=0.15, linear_y=0.00, angular=0.00, stop=False, crosswalk_distance=460, start_slow_down=True[0m
[self_driving-10] [0m[INFO] [1782501578.693736794] [self_driving]: [1;33m460[0m[0m
[self_driving-10] [0m[INFO] [1782501578.696977535] [self_driving]: DEBUG_DRIVE lane_x=52.0, linear=0.15, linear_y=0.00, angular=0.00, stop=False, crosswalk_distance=460, start_slow_down=True[0m
[self_driving-10] [0m[INFO] [1782501578.765340238] [self_driving]: [1;33m460[0m[0m
[self_driving-10] [0m[INFO] [1782501578.769096201] [self_driving]: DEBUG_DRIVE lane_x=52.0, linear=0.15, linear_y=0.00, angular=0.00, stop=False, crosswalk_distance=460, start_slow_down=True[0m
[self_driving-10] [0m[INFO] [1782501578.831792812] [self_driving]: [1;33m460[0m[0m
[self_driving-10] [0m[INFO] [1782501578.833164701] [self_driving]: DEBUG_DRIVE lane_x=51.5, linear=0.15, linear_y=0.00, angular=0.00, stop=False, crosswalk_distance=460, start_slow_down=True[0m
[self_driving-10] [0m[INFO] [1782501578.885350127] [self_driving]: [1;33m460[0m[0m
[self_driving-10] [0m[INFO] [1782501578.886545849] [self_driving]: DEBUG_DRIVE lane_x=52.5, linear=0.15, linear_y=0.00, angular=0.00, stop=False, crosswalk_distance=460, start_slow_down=True[0m
[self_driving-10] [0m[INFO] [1782501578.892375886] [self_driving]: objects=1[0m
[self_driving-10] [0m[INFO] [1782501578.893963294] [self_driving]: [DET] crosswalk: cx=300, cy=55, box=array('i', [196, 49, 404, 62]), score=0.82[0m
[self_driving-10] [0m[INFO] [1782501578.897749738] [self_driving]: objects=1[0m
[self_driving-10] [0m[INFO] [1782501578.900386942] [self_driving]: [DET] crosswalk: cx=301, cy=27, box=array('i', [236, 22, 366, 32]), score=0.72[0m
[self_driving-10] [0m[INFO] [1782501578.954228498] [self_driving]: [1;33m27[0m[0m
[self_driving-10] [0m[INFO] [1782501578.959485572] [self_driving]: DEBUG_DRIVE lane_x=52.0, linear=0.15, linear_y=0.00, angular=0.00, stop=False, crosswalk_distance=27, start_slow_down=True[0m
[self_driving-10] [0m[INFO] [1782501579.030300368] [self_driving]: [1;33m27[0m[0m
[self_driving-10] [0m[INFO] [1782501579.033061627] [self_driving]: DEBUG_DRIVE lane_x=53.0, linear=0.15, linear_y=0.00, angular=0.00, stop=False, crosswalk_distance=27, start_slow_down=True[0m
[self_driving-10] [0m[INFO] [1782501579.089965053] [self_driving]: [1;33m27[0m[0m
[self_driving-10] [0m[INFO] [1782501579.093030516] [self_driving]: DEBUG_DRIVE lane_x=53.5, linear=0.15, linear_y=0.00, angular=0.00, stop=False, crosswalk_distance=27, start_slow_down=True[0m
[self_driving-10] [0m[INFO] [1782501579.169587183] [self_driving]: [1;33m27[0m[0m
[self_driving-10] [0m[INFO] [1782501579.171395590] [self_driving]: DEBUG_DRIVE lane_x=58.0, linear=0.15, linear_y=0.00, angular=0.00, stop=False, crosswalk_distance=27, start_slow_down=True[0m
[self_driving-10] [0m[INFO] [1782501579.228479590] [self_driving]: [1;33m27[0m[0m
[self_driving-10] [0m[INFO] [1782501579.229625034] [self_driving]: DEBUG_DRIVE lane_x=56.5, linear=0.15, linear_y=0.00, angular=0.00, stop=False, crosswalk_distance=27, start_slow_down=True[0m
[self_driving-10] [0m[INFO] [1782501579.301134405] [self_driving]: [1;33m27[0m[0m
[self_driving-10] [0m[INFO] [1782501579.302534090] [self_driving]: DEBUG_DRIVE lane_x=51.0, linear=0.15, linear_y=0.00, angular=0.00, stop=False, crosswalk_distance=27, start_slow_down=True[0m
[self_driving-10] [0m[INFO] [1782501579.327810608] [self_driving]: objects=1[0m
[self_driving-10] [0m[INFO] [1782501579.328391534] [self_driving]: [DET] crosswalk: cx=336, cy=199, box=array('i', [241, 194, 432, 204]), score=0.80[0m
[self_driving-10] [0m[INFO] [1782501579.332070368] [self_driving]: objects=1[0m
[self_driving-10] [0m[INFO] [1782501579.334249275] [self_driving]: [DET] green: cx=571, cy=134, box=array('i', [559, 123, 584, 145]), score=0.31[0m
[self_driving-10] [0m[INFO] [1782501579.373535368] [self_driving]: [1;33m0[0m[0m
[self_driving-10] [0m[INFO] [1782501579.380622868] [self_driving]: DEBUG_DRIVE lane_x=51.0, linear=0.15, linear_y=0.00, angular=0.10, stop=False, crosswalk_distance=0, start_slow_down=True[0m
[self_driving-10] [0m[INFO] [1782501579.425238757] [self_driving]: [1;33m0[0m[0m
[self_driving-10] [0m[INFO] [1782501579.426487775] [self_driving]: DEBUG_DRIVE lane_x=50.5, linear=0.15, linear_y=0.00, angular=0.10, stop=False, crosswalk_distance=0, start_slow_down=True[0m
[self_driving-10] [0m[INFO] [1782501579.491702257] [self_driving]: [1;33m0[0m[0m
[self_driving-10] [0m[INFO] [1782501579.493798664] [self_driving]: DEBUG_DRIVE lane_x=49.5, linear=0.15, linear_y=0.00, angular=0.10, stop=False, crosswalk_distance=0, start_slow_down=True[0m
[self_driving-10] [0m[INFO] [1782501579.568639682] [self_driving]: [1;33m0[0m[0m
[self_driving-10] [0m[INFO] [1782501579.570809405] [self_driving]: DEBUG_DRIVE lane_x=49.0, linear=0.15, linear_y=0.00, angular=0.10, stop=False, crosswalk_distance=0, start_slow_down=True[0m
[self_driving-10] [0m[INFO] [1782501579.635474590] [self_driving]: [1;33m0[0m[0m
[self_driving-10] [0m[INFO] [1782501579.637775682] [self_driving]: DEBUG_DRIVE lane_x=54.0, linear=0.15, linear_y=0.00, angular=0.10, stop=False, crosswalk_distance=0, start_slow_down=True[0m
[self_driving-10] [0m[INFO] [1782501579.704984664] [self_driving]: [1;33m0[0m[0m
[self_driving-10] [0m[INFO] [1782501579.707361386] [self_driving]: DEBUG_DRIVE lane_x=61.5, linear=0.15, linear_y=0.00, angular=0.10, stop=False, crosswalk_distance=0, start_slow_down=True[0m
[self_driving-10] [0m[INFO] [1782501579.728525442] [self_driving]: objects=1[0m
[self_driving-10] [0m[INFO] [1782501579.730723960] [self_driving]: [DET] crosswalk: cx=337, cy=201, box=array('i', [234, 196, 440, 207]), score=0.82[0m
[self_driving-10] [0m[INFO] [1782501579.733472534] [self_driving]: objects=1[0m
[self_driving-10] [0m[INFO] [1782501579.734718590] [self_driving]: [DET] green: cx=593, cy=131, box=array('i', [579, 120, 607, 143]), score=0.60[0m
[self_driving-10] [0m[INFO] [1782501579.740582164] [self_driving]: objects=1[0m
[self_driving-10] [0m[INFO] [1782501579.741471886] [self_driving]: [DET] crosswalk: cx=362, cy=418, box=array('i', [220, 412, 505, 425]), score=0.28[0m
[self_driving-10] [0m[INFO] [1782501579.789254275] [self_driving]: [1;33m418[0m[0m
[self_driving-10] [0m[INFO] [1782501579.790810997] [self_driving]: DEBUG_DRIVE lane_x=62.5, linear=0.15, linear_y=0.00, angular=0.10, stop=False, crosswalk_distance=418, start_slow_down=True[0m
[self_driving-10] [0m[INFO] [1782501579.829443127] [self_driving]: [1;33m418[0m[0m
[self_driving-10] [0m[INFO] [1782501579.831802293] [self_driving]: DEBUG_DRIVE lane_x=59.0, linear=0.15, linear_y=0.00, angular=0.10, stop=False, crosswalk_distance=418, start_slow_down=True[0m
[self_driving-10] [0m[INFO] [1782501579.901291516] [self_driving]: [1;33m418[0m[0m
[self_driving-10] [0m[INFO] [1782501579.903208497] [self_driving]: DEBUG_DRIVE lane_x=63.5, linear=0.15, linear_y=0.00, angular=0.10, stop=False, crosswalk_distance=418, start_slow_down=True[0m
[self_driving-10] [0m[INFO] [1782501579.964899775] [self_driving]: [1;33m418[0m[0m
[self_driving-10] [0m[INFO] [1782501579.966258738] [self_driving]: DEBUG_DRIVE lane_x=66.0, linear=0.15, linear_y=0.00, angular=0.10, stop=False, crosswalk_distance=418, start_slow_down=True[0m
[self_driving-10] [0m[INFO] [1782501580.023793941] [self_driving]: [1;33m418[0m[0m
[self_driving-10] [0m[INFO] [1782501580.024824201] [self_driving]: DEBUG_DRIVE lane_x=74.5, linear=0.15, linear_y=0.00, angular=0.10, stop=False, crosswalk_distance=418, start_slow_down=True[0m
[self_driving-10] [0m[INFO] [1782501580.107058923] [self_driving]: [1;33m418[0m[0m
[self_driving-10] [0m[INFO] [1782501580.108132867] [self_driving]: DEBUG_DRIVE lane_x=73.0, linear=0.15, linear_y=0.00, angular=0.10, stop=False, crosswalk_distance=418, start_slow_down=False[0m
[self_driving-10] [0m[INFO] [1782501580.130168256] [self_driving]: objects=1[0m
[self_driving-10] [0m[INFO] [1782501580.130700793] [self_driving]: [DET] crosswalk: cx=344, cy=204, box=array('i', [233, 199, 455, 209]), score=0.81[0m
[self_driving-10] [0m[INFO] [1782501580.136200589] [self_driving]: objects=1[0m
[self_driving-10] [0m[INFO] [1782501580.139734867] [self_driving]: [DET] green: cx=621, cy=131, box=array('i', [607, 118, 636, 145]), score=0.54[0m
[self_driving-10] [0m[INFO] [1782501580.184758441] [self_driving]: [1;33m0[0m[0m
[self_driving-10] [0m[INFO] [1782501580.186020182] [self_driving]: DEBUG_DRIVE lane_x=81.0, linear=0.30, linear_y=0.00, angular=0.10, stop=False, crosswalk_distance=0, start_slow_down=False[0m
[self_driving-10] [0m[INFO] [1782501580.246075386] [self_driving]: [1;33m0[0m[0m
[self_driving-10] [0m[INFO] [1782501580.249405201] [self_driving]: DEBUG_DRIVE lane_x=86.0, linear=0.30, linear_y=0.00, angular=0.10, stop=False, crosswalk_distance=0, start_slow_down=False[0m
[self_driving-10] [0m[INFO] [1782501580.292805645] [self_driving]: [1;33m0[0m[0m
[self_driving-10] [0m[INFO] [1782501580.294590015] [self_driving]: DEBUG_DRIVE lane_x=87.5, linear=0.30, linear_y=0.00, angular=0.10, stop=False, crosswalk_distance=0, start_slow_down=False[0m
[self_driving-10] [0m[INFO] [1782501580.379898737] [self_driving]: [1;33m0[0m[0m
[self_driving-10] [0m[INFO] [1782501580.383088793] [self_driving]: DEBUG_DRIVE lane_x=92.5, linear=0.30, linear_y=0.00, angular=0.10, stop=False, crosswalk_distance=0, start_slow_down=False[0m
[self_driving-10] [0m[INFO] [1782501580.429128163] [self_driving]: [1;33m0[0m[0m
[self_driving-10] [0m[INFO] [1782501580.434351015] [self_driving]: DEBUG_DRIVE lane_x=92.5, linear=0.30, linear_y=0.00, angular=0.10, stop=False, crosswalk_distance=0, start_slow_down=False[0m
[self_driving-10] [0m[INFO] [1782501580.509557386] [self_driving]: [1;33m0[0m[0m
[self_driving-10] [0m[INFO] [1782501580.511688719] [self_driving]: DEBUG_DRIVE lane_x=105.0, linear=0.30, linear_y=0.00, angular=0.10, stop=False, crosswalk_distance=0, start_slow_down=False[0m
[self_driving-10] [0m[INFO] [1782501580.534742793] [self_driving]: objects=1[0m
[self_driving-10] [0m[INFO] [1782501580.535895608] [self_driving]: [DET] crosswalk: cx=347, cy=206, box=array('i', [229, 201, 466, 212]), score=0.82[0m
[self_driving-10] [0m[INFO] [1782501580.539487663] [self_driving]: objects=1[0m
[self_driving-10] [0m[INFO] [1782501580.540758274] [self_driving]: [DET] crosswalk: cx=347, cy=177, box=array('i', [278, 174, 416, 180]), score=0.74[0m
[self_driving-10] [0m[INFO] [1782501580.586093960] [self_driving]: [1;33m177[0m[0m
[self_driving-10] [0m[INFO] [1782501580.592666126] [self_driving]: DEBUG_DRIVE lane_x=120.5, linear=0.15, linear_y=0.00, angular=-0.10, stop=False, crosswalk_distance=177, start_slow_down=False[0m
[self_driving-10] [0m[INFO] [1782501580.644786330] [self_driving]: [1;33m177[0m[0m
[self_driving-10] [0m[INFO] [1782501580.646394052] [self_driving]: DEBUG_DRIVE lane_x=135.0, linear=0.15, linear_y=0.00, angular=-0.10, stop=False, crosswalk_distance=177, start_slow_down=False[0m
[self_driving-10] [0m[INFO] [1782501580.710442348] [self_driving]: [1;33m177[0m[0m
[self_driving-10] [0m[INFO] [1782501580.714902719] [self_driving]: DEBUG_DRIVE lane_x=138.0, linear=0.15, linear_y=0.00, angular=-0.10, stop=False, crosswalk_distance=177, start_slow_down=True[0m
[self_driving-10] [0m[INFO] [1782501580.777534052] [self_driving]: [1;33m177[0m[0m
[self_driving-10] [0m[INFO] [1782501580.780070959] [self_driving]: DEBUG_DRIVE lane_x=146.0, linear=0.15, linear_y=0.00, angular=-0.10, stop=False, crosswalk_distance=177, start_slow_down=True[0m
[self_driving-10] [0m[INFO] [1782501580.840082571] [self_driving]: [1;33m177[0m[0m
[self_driving-10] [0m[INFO] [1782501580.842060145] [self_driving]: DEBUG_DRIVE lane_x=147.5, linear=0.15, linear_y=0.00, angular=-0.10, stop=False, crosswalk_distance=177, start_slow_down=True[0m
[self_driving-10] [0m[INFO] [1782501580.902095033] [self_driving]: [1;33m177[0m[0m
[self_driving-10] [0m[INFO] [1782501580.903837145] [self_driving]: DEBUG_DRIVE lane_x=145.5, linear=0.15, linear_y=0.00, angular=-0.10, stop=False, crosswalk_distance=177, start_slow_down=True[0m
[self_driving-10] [0m[INFO] [1782501580.935584570] [self_driving]: objects=1[0m
[self_driving-10] [0m[INFO] [1782501580.938458682] [self_driving]: [DET] crosswalk: cx=375, cy=205, box=array('i', [247, 199, 504, 212]), score=0.82[0m
[self_driving-10] [0m[INFO] [1782501580.943808700] [self_driving]: objects=1[0m
[self_driving-10] [0m[INFO] [1782501580.944543052] [self_driving]: [DET] crosswalk: cx=372, cy=173, box=array('i', [298, 170, 446, 177]), score=0.76[0m
[self_driving-10] [0m[INFO] [1782501580.986249145] [self_driving]: [1;33m173[0m[0m
[self_driving-10] [0m[INFO] [1782501580.990471033] [self_driving]: DEBUG_DRIVE lane_x=144.0, linear=0.15, linear_y=0.00, angular=-0.10, stop=False, crosswalk_distance=173, start_slow_down=True[0m
[self_driving-10] [0m[INFO] [1782501581.053844644] [self_driving]: [1;33m173[0m[0m
[self_driving-10] [0m[INFO] [1782501581.057613719] [self_driving]: DEBUG_DRIVE lane_x=147.0, linear=0.15, linear_y=0.00, angular=-0.10, stop=False, crosswalk_distance=173, start_slow_down=True[0m
[self_driving-10] [0m[INFO] [1782501581.112948385] [self_driving]: [1;33m173[0m[0m
[self_driving-10] [0m[INFO] [1782501581.114722496] [self_driving]: DEBUG_DRIVE lane_x=143.0, linear=0.15, linear_y=0.00, angular=-0.10, stop=False, crosswalk_distance=173, start_slow_down=True[0m
[self_driving-10] [0m[INFO] [1782501581.179776552] [self_driving]: [1;33m173[0m[0m
[self_driving-10] [0m[INFO] [1782501581.181073756] [self_driving]: DEBUG_DRIVE lane_x=145.5, linear=0.15, linear_y=0.00, angular=-0.10, stop=False, crosswalk_distance=173, start_slow_down=True[0m
[self_driving-10] [0m[INFO] [1782501581.253353904] [self_driving]: [1;33m173[0m[0m
[self_driving-10] [0m[INFO] [1782501581.254507218] [self_driving]: DEBUG_DRIVE lane_x=142.5, linear=0.15, linear_y=0.00, angular=-0.10, stop=False, crosswalk_distance=173, start_slow_down=True[0m
[self_driving-10] [0m[INFO] [1782501581.324056941] [self_driving]: [1;33m173[0m[0m
[self_driving-10] [0m[INFO] [1782501581.327840681] [self_driving]: DEBUG_DRIVE lane_x=137.5, linear=0.15, linear_y=0.00, angular=-0.10, stop=False, crosswalk_distance=173, start_slow_down=True[0m
[self_driving-10] [0m[INFO] [1782501581.378190533] [self_driving]: objects=1[0m
[self_driving-10] [0m[INFO] [1782501581.379719607] [self_driving]: [DET] crosswalk: cx=403, cy=212, box=array('i', [263, 204, 543, 220]), score=0.86[0m
[self_driving-10] [0m[INFO] [1782501581.385875885] [self_driving]: [1;33m212[0m[0m
[self_driving-10] [0m[INFO] [1782501581.387075292] [self_driving]: objects=1[0m
[self_driving-10] [0m[INFO] [1782501581.387798070] [self_driving]: [DET] crosswalk: cx=395, cy=177, box=array('i', [317, 173, 473, 181]), score=0.74[0m
[self_driving-10] [0m[INFO] [1782501581.392120459] [self_driving]: DEBUG_DRIVE lane_x=138.0, linear=0.15, linear_y=0.00, angular=-0.10, stop=False, crosswalk_distance=177, start_slow_down=True[0m
[self_driving-10] [0m[INFO] [1782501581.460406533] [self_driving]: [1;33m177[0m[0m
[self_driving-10] [0m[INFO] [1782501581.462093718] [self_driving]: DEBUG_DRIVE lane_x=135.0, linear=0.15, linear_y=0.00, angular=-0.10, stop=False, crosswalk_distance=177, start_slow_down=True[0m
[self_driving-10] [0m[INFO] [1782501581.525849237] [self_driving]: [1;33m177[0m[0m
[self_driving-10] [0m[INFO] [1782501581.527813607] [self_driving]: DEBUG_DRIVE lane_x=131.0, linear=0.15, linear_y=0.00, angular=0.10, stop=False, crosswalk_distance=177, start_slow_down=True[0m
[self_driving-10] [0m[INFO] [1782501581.577269977] [self_driving]: [1;33m177[0m[0m
[self_driving-10] [0m[INFO] [1782501581.581057126] [self_driving]: DEBUG_DRIVE lane_x=126.5, linear=0.15, linear_y=0.00, angular=0.10, stop=False, crosswalk_distance=177, start_slow_down=True[0m
[self_driving-10] [0m[INFO] [1782501581.647378959] [self_driving]: [1;33m177[0m[0m
[self_driving-10] [0m[INFO] [1782501581.650027903] [self_driving]: DEBUG_DRIVE lane_x=122.5, linear=0.15, linear_y=0.00, angular=0.10, stop=False, crosswalk_distance=177, start_slow_down=True[0m
[self_driving-10] [0m[INFO] [1782501581.720456014] [self_driving]: [1;33m177[0m[0m
[self_driving-10] [0m[INFO] [1782501581.724061255] [self_driving]: DEBUG_DRIVE lane_x=124.0, linear=0.15, linear_y=0.00, angular=0.10, stop=False, crosswalk_distance=177, start_slow_down=True[0m
[self_driving-10] [0m[INFO] [1782501581.783364274] [self_driving]: objects=1[0m
[self_driving-10] [0m[INFO] [1782501581.784176070] [self_driving]: [DET] crosswalk: cx=440, cy=187, box=array('i', [349, 183, 531, 191]), score=0.79[0m
[self_driving-10] [0m[INFO] [1782501581.788847496] [self_driving]: [1;33m187[0m[0m
[self_driving-10] [0m[INFO] [1782501581.790238700] [self_driving]: DEBUG_DRIVE lane_x=127.5, linear=0.15, linear_y=0.00, angular=-0.10, stop=False, crosswalk_distance=187, start_slow_down=True[0m
[self_driving-10] [0m[INFO] [1782501581.873854700] [self_driving]: [1;33m187[0m[0m
[self_driving-10] [0m[INFO] [1782501581.875915088] [self_driving]: DEBUG_DRIVE lane_x=128.5, linear=0.15, linear_y=0.00, angular=0.10, stop=False, crosswalk_distance=187, start_slow_down=True[0m
[self_driving-10] [0m[INFO] [1782501581.924682588] [self_driving]: [1;33m187[0m[0m
[self_driving-10] [0m[INFO] [1782501581.926643662] [self_driving]: DEBUG_DRIVE lane_x=137.0, linear=0.15, linear_y=0.00, angular=-0.10, stop=False, crosswalk_distance=187, start_slow_down=True[0m
[self_driving-10] [0m[INFO] [1782501581.992034885] [self_driving]: [1;33m187[0m[0m
[self_driving-10] [0m[INFO] [1782501581.993319496] [self_driving]: DEBUG_DRIVE lane_x=137.0, linear=0.15, linear_y=0.00, angular=-0.10, stop=False, crosswalk_distance=187, start_slow_down=True[0m
[self_driving-10] [0m[INFO] [1782501582.042756144] [self_driving]: [1;33m187[0m[0m
[self_driving-10] [0m[INFO] [1782501582.045493162] [self_driving]: DEBUG_DRIVE lane_x=139.5, linear=0.15, linear_y=0.00, angular=-0.10, stop=False, crosswalk_distance=187, start_slow_down=True[0m
[self_driving-10] [0m[INFO] [1782501582.113118922] [self_driving]: [1;33m187[0m[0m
[self_driving-10] [0m[INFO] [1782501582.115292292] [self_driving]: DEBUG_DRIVE lane_x=136.5, linear=0.15, linear_y=0.00, angular=-0.10, stop=False, crosswalk_distance=187, start_slow_down=True[0m
[self_driving-10] [0m[INFO] [1782501582.154768977] [self_driving]: objects=1[0m
[self_driving-10] [0m[INFO] [1782501582.156915681] [self_driving]: [DET] crosswalk: cx=448, cy=243, box=array('i', [256, 231, 640, 256]), score=0.87[0m
[self_driving-10] [0m[INFO] [1782501582.161579662] [self_driving]: objects=1[0m
[self_driving-10] [0m[INFO] [1782501582.162820662] [self_driving]: [DET] crosswalk: cx=421, cy=190, box=array('i', [329, 186, 513, 194]), score=0.80[0m
[self_driving-10] [0m[INFO] [1782501582.205833014] [self_driving]: [1;33m190[0m[0m
[self_driving-10] [0m[INFO] [1782501582.209508847] [self_driving]: DEBUG_DRIVE lane_x=133.0, linear=0.15, linear_y=0.00, angular=0.05, stop=False, crosswalk_distance=190, start_slow_down=True[0m
[self_driving-10] [0m[INFO] [1782501582.262298051] [self_driving]: [1;33m190[0m[0m
[self_driving-10] [0m[INFO] [1782501582.271127199] [self_driving]: DEBUG_DRIVE lane_x=131.0, linear=0.15, linear_y=0.00, angular=0.10, stop=False, crosswalk_distance=190, start_slow_down=True[0m
[self_driving-10] [0m[INFO] [1782501582.322712070] [self_driving]: [1;33m190[0m[0m
[self_driving-10] [0m[INFO] [1782501582.324585366] [self_driving]: DEBUG_DRIVE lane_x=129.0, linear=0.15, linear_y=0.00, angular=0.10, stop=False, crosswalk_distance=190, start_slow_down=True[0m
[self_driving-10] [0m[INFO] [1782501582.386511866] [self_driving]: [1;33m190[0m[0m
[self_driving-10] [0m[INFO] [1782501582.388596792] [self_driving]: DEBUG_DRIVE lane_x=127.5, linear=0.15, linear_y=0.00, angular=0.10, stop=False, crosswalk_distance=190, start_slow_down=True[0m
[self_driving-10] [0m[INFO] [1782501582.447821273] [self_driving]: [1;33m190[0m[0m
[self_driving-10] [0m[INFO] [1782501582.449609921] [self_driving]: DEBUG_DRIVE lane_x=133.5, linear=0.15, linear_y=0.00, angular=-0.10, stop=False, crosswalk_distance=190, start_slow_down=True[0m
[self_driving-10] [0m[INFO] [1782501582.532618625] [self_driving]: [1;33m190[0m[0m
[self_driving-10] [0m[INFO] [1782501582.533926218] [self_driving]: DEBUG_DRIVE lane_x=137.5, linear=0.15, linear_y=0.00, angular=-0.10, stop=False, crosswalk_distance=190, start_slow_down=True[0m
[self_driving-10] [0m[INFO] [1782501582.550705477] [self_driving]: objects=1[0m
[self_driving-10] [0m[INFO] [1782501582.551606199] [self_driving]: [DET] crosswalk: cx=433, cy=254, box=array('i', [229, 240, 637, 268]), score=0.88[0m
[self_driving-10] [0m[INFO] [1782501582.555033014] [self_driving]: objects=1[0m
[self_driving-10] [0m[INFO] [1782501582.556162032] [self_driving]: [DET] crosswalk: cx=399, cy=193, box=array('i', [309, 189, 490, 197]), score=0.81[0m
[self_driving-10] [0m[INFO] [1782501582.608317051] [self_driving]: [1;33m193[0m[0m
[self_driving-10] [0m[INFO] [1782501582.609707551] [self_driving]: DEBUG_DRIVE lane_x=141.0, linear=0.15, linear_y=0.00, angular=-0.10, stop=False, crosswalk_distance=193, start_slow_down=True[0m
[self_driving-10] [0m[INFO] [1782501582.668408440] [self_driving]: [1;33m193[0m[0m
[self_driving-10] [0m[INFO] [1782501582.670251495] [self_driving]: DEBUG_DRIVE lane_x=138.5, linear=0.15, linear_y=0.00, angular=-0.10, stop=False, crosswalk_distance=193, start_slow_down=True[0m
[self_driving-10] [0m[INFO] [1782501582.727079866] [self_driving]: [1;33m193[0m[0m
[self_driving-10] [0m[INFO] [1782501582.728802014] [self_driving]: DEBUG_DRIVE lane_x=138.5, linear=0.15, linear_y=0.00, angular=-0.10, stop=False, crosswalk_distance=193, start_slow_down=True[0m
[self_driving-10] [0m[INFO] [1782501582.805316180] [self_driving]: [1;33m193[0m[0m
[self_driving-10] [0m[INFO] [1782501582.806892069] [self_driving]: DEBUG_DRIVE lane_x=137.0, linear=0.15, linear_y=0.00, angular=-0.10, stop=False, crosswalk_distance=193, start_slow_down=True[0m
[self_driving-10] [0m[INFO] [1782501582.856094940] [self_driving]: [1;33m193[0m[0m
[self_driving-10] [0m[INFO] [1782501582.858990977] [self_driving]: DEBUG_DRIVE lane_x=132.0, linear=0.15, linear_y=0.00, angular=0.10, stop=False, crosswalk_distance=193, start_slow_down=True[0m
[self_driving-10] [0m[INFO] [1782501582.929978051] [self_driving]: [1;33m193[0m[0m
[self_driving-10] [0m[INFO] [1782501582.933068940] [self_driving]: DEBUG_DRIVE lane_x=125.5, linear=0.15, linear_y=0.00, angular=0.10, stop=False, crosswalk_distance=193, start_slow_down=True[0m
[self_driving-10] [0m[INFO] [1782501582.962111162] [self_driving]: objects=1[0m
[self_driving-10] [0m[INFO] [1782501582.963554514] [self_driving]: [DET] crosswalk: cx=430, cy=268, box=array('i', [221, 251, 640, 286]), score=0.91[0m
[self_driving-10] [0m[INFO] [1782501582.968784680] [self_driving]: objects=1[0m
[self_driving-10] [0m[INFO] [1782501582.973325125] [self_driving]: [DET] crosswalk: cx=402, cy=196, box=array('i', [304, 192, 501, 200]), score=0.82[0m
[self_driving-10] [0m[INFO] [1782501583.004568514] [self_driving]: [1;33m196[0m[0m
[self_driving-10] [0m[INFO] [1782501583.007633940] [self_driving]: DEBUG_DRIVE lane_x=124.0, linear=0.15, linear_y=0.00, angular=0.10, stop=False, crosswalk_distance=196, start_slow_down=True[0m
[self_driving-10] [0m[INFO] [1782501583.067067532] [self_driving]: [1;33m196[0m[0m
[self_driving-10] [0m[INFO] [1782501583.069675625] [self_driving]: DEBUG_DRIVE lane_x=123.5, linear=0.15, linear_y=0.00, angular=0.10, stop=False, crosswalk_distance=196, start_slow_down=True[0m
[self_driving-10] [0m[INFO] [1782501583.136154051] [self_driving]: [1;33m196[0m[0m
[self_driving-10] [0m[INFO] [1782501583.139903125] [self_driving]: DEBUG_DRIVE lane_x=125.5, linear=0.15, linear_y=0.00, angular=0.10, stop=False, crosswalk_distance=196, start_slow_down=True[0m
[self_driving-10] [0m[INFO] [1782501583.195020032] [self_driving]: [1;33m196[0m[0m
[self_driving-10] [0m[INFO] [1782501583.196109828] [self_driving]: DEBUG_DRIVE lane_x=128.0, linear=0.15, linear_y=0.00, angular=-0.10, stop=False, crosswalk_distance=196, start_slow_down=True[0m
[self_driving-10] [0m[INFO] [1782501583.247284476] [self_driving]: [1;33m196[0m[0m
[self_driving-10] [0m[INFO] [1782501583.250106736] [self_driving]: DEBUG_DRIVE lane_x=131.5, linear=0.15, linear_y=0.00, angular=-0.10, stop=False, crosswalk_distance=196, start_slow_down=True[0m
[self_driving-10] [0m[INFO] [1782501583.331230588] [self_driving]: [1;33m196[0m[0m
[self_driving-10] [0m[INFO] [1782501583.332870347] [self_driving]: DEBUG_DRIVE lane_x=134.0, linear=0.15, linear_y=0.00, angular=-0.10, stop=False, crosswalk_distance=196, start_slow_down=True[0m
[self_driving-10] [0m[INFO] [1782501583.362919088] [self_driving]: objects=1[0m
[self_driving-10] [0m[INFO] [1782501583.363836550] [self_driving]: [DET] crosswalk: cx=411, cy=283, box=array('i', [183, 263, 640, 304]), score=0.90[0m
[self_driving-10] [0m[INFO] [1782501583.365767921] [self_driving]: objects=1[0m
[self_driving-10] [0m[INFO] [1782501583.366384032] [self_driving]: [DET] crosswalk: cx=400, cy=198, box=array('i', [295, 193, 506, 203]), score=0.83[0m
[self_driving-10] [0m[INFO] [1782501583.421592828] [self_driving]: [1;33m198[0m[0m
[self_driving-10] [0m[INFO] [1782501583.423892939] [self_driving]: DEBUG_DRIVE lane_x=134.5, linear=0.15, linear_y=0.00, angular=-0.10, stop=False, crosswalk_distance=198, start_slow_down=False[0m
[self_driving-10] [0m[INFO] [1782501583.457144421] [self_driving]: [1;33m198[0m[0m
[self_driving-10] [0m[INFO] [1782501583.460624328] [self_driving]: DEBUG_DRIVE lane_x=132.5, linear=0.15, linear_y=0.00, angular=0.10, stop=False, crosswalk_distance=198, start_slow_down=False[0m
[self_driving-10] [0m[INFO] [1782501583.522222828] [self_driving]: [1;33m198[0m[0m
[self_driving-10] [0m[INFO] [1782501583.524540810] [self_driving]: DEBUG_DRIVE lane_x=131.0, linear=0.15, linear_y=0.00, angular=0.10, stop=False, crosswalk_distance=198, start_slow_down=False[0m
[self_driving-10] [0m[INFO] [1782501583.591457199] [self_driving]: [1;33m198[0m[0m
[self_driving-10] [0m[INFO] [1782501583.593386513] [self_driving]: DEBUG_DRIVE lane_x=125.5, linear=0.15, linear_y=0.00, angular=0.10, stop=False, crosswalk_distance=198, start_slow_down=True[0m
[self_driving-10] [0m[INFO] [1782501583.665874365] [self_driving]: [1;33m198[0m[0m
[self_driving-10] [0m[INFO] [1782501583.667080847] [self_driving]: DEBUG_DRIVE lane_x=125.5, linear=0.15, linear_y=0.00, angular=0.10, stop=False, crosswalk_distance=198, start_slow_down=True[0m
[self_driving-10] [0m[INFO] [1782501583.738169587] [self_driving]: [1;33m198[0m[0m
[self_driving-10] [0m[INFO] [1782501583.740084643] [self_driving]: DEBUG_DRIVE lane_x=132.0, linear=0.15, linear_y=0.00, angular=-0.10, stop=False, crosswalk_distance=198, start_slow_down=True[0m
[self_driving-10] [0m[INFO] [1782501583.778402884] [self_driving]: objects=1[0m
[self_driving-10] [0m[INFO] [1782501583.781144328] [self_driving]: [DET] crosswalk: cx=399, cy=310, box=array('i', [160, 284, 639, 337]), score=0.91[0m
[self_driving-10] [0m[INFO] [1782501583.805252458] [self_driving]: objects=1[0m
[self_driving-10] [0m[INFO] [1782501583.812874847] [self_driving]: [DET] crosswalk: cx=405, cy=203, box=array('i', [290, 198, 520, 208]), score=0.82[0m
[self_driving-10] [0m[INFO] [1782501583.817873624] [self_driving]: [1;33m203[0m[0m
[self_driving-10] [0m[INFO] [1782501583.826934958] [self_driving]: DEBUG_DRIVE lane_x=132.5, linear=0.15, linear_y=0.00, angular=-0.10, stop=False, crosswalk_distance=203, start_slow_down=True[0m
[self_driving-10] [0m[INFO] [1782501583.876623624] [self_driving]: [1;33m203[0m[0m
[self_driving-10] [0m[INFO] [1782501583.877701365] [self_driving]: DEBUG_DRIVE lane_x=135.5, linear=0.15, linear_y=0.00, angular=-0.10, stop=False, crosswalk_distance=203, start_slow_down=True[0m
[self_driving-10] [0m[INFO] [1782501583.940489902] [self_driving]: [1;33m203[0m[0m
[self_driving-10] [0m[INFO] [1782501583.942167883] [self_driving]: DEBUG_DRIVE lane_x=132.5, linear=0.15, linear_y=0.00, angular=0.10, stop=False, crosswalk_distance=203, start_slow_down=True[0m
[self_driving-10] [0m[INFO] [1782501584.009637069] [self_driving]: [1;33m203[0m[0m
[self_driving-10] [0m[INFO] [1782501584.010924976] [self_driving]: DEBUG_DRIVE lane_x=131.0, linear=0.15, linear_y=0.00, angular=0.10, stop=False, crosswalk_distance=203, start_slow_down=True[0m
[self_driving-10] [0m[INFO] [1782501584.076598328] [self_driving]: [1;33m203[0m[0m
[self_driving-10] [0m[INFO] [1782501584.078536569] [self_driving]: DEBUG_DRIVE lane_x=127.5, linear=0.15, linear_y=0.00, angular=0.10, stop=False, crosswalk_distance=203, start_slow_down=True[0m
[self_driving-10] [0m[INFO] [1782501584.136705791] [self_driving]: [1;33m203[0m[0m
[self_driving-10] [0m[INFO] [1782501584.140504272] [self_driving]: DEBUG_DRIVE lane_x=133.5, linear=0.15, linear_y=0.00, angular=-0.10, stop=False, crosswalk_distance=203, start_slow_down=True[0m
[self_driving-10] [0m[INFO] [1782501584.168035420] [self_driving]: objects=1[0m
[self_driving-10] [0m[INFO] [1782501584.169252957] [self_driving]: [DET] crosswalk: cx=369, cy=349, box=array('i', [100, 312, 638, 387]), score=0.90[0m
[self_driving-10] [0m[INFO] [1782501584.172731069] [self_driving]: objects=1[0m
[self_driving-10] [0m[INFO] [1782501584.173821976] [self_driving]: [DET] crosswalk: cx=403, cy=207, box=array('i', [280, 202, 527, 213]), score=0.82[0m
[self_driving-10] [0m[INFO] [1782501584.212477754] [self_driving]: [1;33m207[0m[0m
[self_driving-10] [0m[INFO] [1782501584.214769735] [self_driving]: DEBUG_DRIVE lane_x=139.0, linear=0.15, linear_y=0.00, angular=-0.10, stop=False, crosswalk_distance=207, start_slow_down=True[0m
[self_driving-10] [0m[INFO] [1782501584.276891698] [self_driving]: [1;33m207[0m[0m
[self_driving-10] [0m[INFO] [1782501584.280386994] [self_driving]: DEBUG_DRIVE lane_x=140.0, linear=0.15, linear_y=0.00, angular=-0.10, stop=False, crosswalk_distance=207, start_slow_down=True[0m
[self_driving-10] [0m[INFO] [1782501584.336755291] [self_driving]: [1;33m207[0m[0m
[self_driving-10] [0m[INFO] [1782501584.338857068] [self_driving]: DEBUG_DRIVE lane_x=140.5, linear=0.15, linear_y=0.00, angular=-0.10, stop=False, crosswalk_distance=207, start_slow_down=True[0m
[self_driving-10] [0m[INFO] [1782501584.412326124] [self_driving]: [1;33m207[0m[0m
[self_driving-10] [0m[INFO] [1782501584.414629698] [self_driving]: DEBUG_DRIVE lane_x=138.5, linear=0.15, linear_y=0.00, angular=-0.10, stop=False, crosswalk_distance=207, start_slow_down=True[0m
[self_driving-10] [0m[INFO] [1782501584.474276346] [self_driving]: [1;33m207[0m[0m
[self_driving-10] [0m[INFO] [1782501584.477388698] [self_driving]: DEBUG_DRIVE lane_x=136.5, linear=0.15, linear_y=0.00, angular=-0.10, stop=False, crosswalk_distance=207, start_slow_down=True[0m
[self_driving-10] [0m[INFO] [1782501584.534709105] [self_driving]: [1;33m207[0m[0m
[self_driving-10] [0m[INFO] [1782501584.537367550] [self_driving]: DEBUG_DRIVE lane_x=134.5, linear=0.15, linear_y=0.00, angular=-0.10, stop=False, crosswalk_distance=207, start_slow_down=True[0m
[self_driving-10] [0m[INFO] [1782501584.584400253] [self_driving]: objects=1[0m
[self_driving-10] [0m[INFO] [1782501584.585149920] [self_driving]: [DET] crosswalk: cx=347, cy=396, box=array('i', [59, 342, 635, 450]), score=0.89[0m
[self_driving-10] [0m[INFO] [1782501584.590214346] [self_driving]: objects=1[0m
[self_driving-10] [0m[INFO] [1782501584.591047883] [self_driving]: [DET] crosswalk: cx=412, cy=209, box=array('i', [280, 203, 544, 216]), score=0.83[0m
[self_driving-10] [0m[INFO] [1782501584.621128124] [self_driving]: [1;33m209[0m[0m
[self_driving-10] [0m[INFO] [1782501584.624914902] [self_driving]: DEBUG_DRIVE lane_x=129.5, linear=0.15, linear_y=0.00, angular=0.10, stop=False, crosswalk_distance=209, start_slow_down=True[0m
[self_driving-10] [0m[INFO] [1782501584.680081235] [self_driving]: [1;33m209[0m[0m
[self_driving-10] [0m[INFO] [1782501584.681246827] [self_driving]: DEBUG_DRIVE lane_x=126.0, linear=0.15, linear_y=0.00, angular=0.10, stop=False, crosswalk_distance=209, start_slow_down=True[0m
[self_driving-10] [0m[INFO] [1782501584.733578716] [self_driving]: [1;33m209[0m[0m
[self_driving-10] [0m[INFO] [1782501584.735177235] [self_driving]: DEBUG_DRIVE lane_x=121.5, linear=0.15, linear_y=0.00, angular=0.10, stop=False, crosswalk_distance=209, start_slow_down=True[0m
[self_driving-10] [0m[INFO] [1782501584.797073457] [self_driving]: [1;33m209[0m[0m
[self_driving-10] [0m[INFO] [1782501584.798266624] [self_driving]: DEBUG_DRIVE lane_x=114.5, linear=0.15, linear_y=0.00, angular=0.10, stop=False, crosswalk_distance=209, start_slow_down=True[0m
[self_driving-10] [0m[INFO] [1782501584.870746124] [self_driving]: [1;33m209[0m[0m
[self_driving-10] [0m[INFO] [1782501584.871965476] [self_driving]: DEBUG_DRIVE lane_x=97.0, linear=0.15, linear_y=0.00, angular=0.10, stop=False, crosswalk_distance=209, start_slow_down=True[0m
[self_driving-10] [0m[INFO] [1782501584.940772364] [self_driving]: [1;33m209[0m[0m
[self_driving-10] [0m[INFO] [1782501584.942945716] [self_driving]: DEBUG_DRIVE lane_x=37.5, linear=0.15, linear_y=0.00, angular=0.10, stop=False, crosswalk_distance=209, start_slow_down=True[0m
[self_driving-10] [0m[INFO] [1782501584.973026327] [self_driving]: objects=1[0m
[self_driving-10] [0m[INFO] [1782501584.974116901] [self_driving]: [DET] crosswalk: cx=425, cy=215, box=array('i', [283, 206, 567, 224]), score=0.86[0m
[self_driving-10] [0m[INFO] [1782501584.978367716] [self_driving]: objects=1[0m
[self_driving-10] [0m[INFO] [1782501584.979837920] [self_driving]: [DET] crosswalk: cx=297, cy=397, box=array('i', [2, 383, 592, 412]), score=0.32[0m
[self_driving-10] [0m[INFO] [1782501585.028629531] [self_driving]: [1;33m397[0m[0m
[self_driving-10] [0m[INFO] [1782501585.032167272] [self_driving]: DEBUG_DRIVE lane_x=60.0, linear=0.15, linear_y=0.00, angular=0.10, stop=False, crosswalk_distance=397, start_slow_down=True[0m
[self_driving-10] [0m[INFO] [1782501585.084839624] [self_driving]: [1;33m397[0m[0m
[self_driving-10] [0m[INFO] [1782501585.087293698] [self_driving]: DEBUG_DRIVE lane_x=112.0, linear=0.15, linear_y=0.00, angular=-0.10, stop=False, crosswalk_distance=397, start_slow_down=True[0m
[self_driving-10] [0m[INFO] [1782501585.147219975] [self_driving]: [1;33m397[0m[0m
[self_driving-10] [0m[INFO] [1782501585.149198938] [self_driving]: DEBUG_DRIVE lane_x=145.0, linear=0.15, linear_y=0.00, angular=-0.10, stop=False, crosswalk_distance=397, start_slow_down=True[0m
[self_driving-10] [0m[INFO] [1782501585.206303309] [self_driving]: [1;33m397[0m[0m
[self_driving-10] [0m[INFO] [1782501585.208430420] [self_driving]: DEBUG_DRIVE lane_x=167.5, linear=0.15, linear_y=0.00, angular=-0.10, stop=False, crosswalk_distance=397, start_slow_down=True[0m
[self_driving-10] [0m[INFO] [1782501585.278716179] [self_driving]: [1;33m397[0m[0m
[self_driving-10] [0m[INFO] [1782501585.279871253] [self_driving]: DEBUG_DRIVE lane_x=167.0, linear=0.15, linear_y=0.00, angular=-0.10, stop=False, crosswalk_distance=397, start_slow_down=True[0m
[self_driving-10] [0m[INFO] [1782501585.348377735] [self_driving]: [1;33m397[0m[0m
[self_driving-10] [0m[INFO] [1782501585.349878068] [self_driving]: DEBUG_DRIVE lane_x=174.5, linear=0.15, linear_y=0.00, angular=-0.10, stop=False, crosswalk_distance=397, start_slow_down=True[0m
[self_driving-10] [0m[INFO] [1782501585.374983697] [self_driving]: objects=1[0m
[self_driving-10] [0m[INFO] [1782501585.377376549] [self_driving]: [DET] crosswalk: cx=436, cy=222, box=array('i', [282, 212, 591, 232]), score=0.84[0m
[self_driving-10] [0m[INFO] [1782501585.383669994] [self_driving]: objects=1[0m
[self_driving-10] [0m[INFO] [1782501585.384602105] [self_driving]: [DET] crosswalk: cx=318, cy=461, box=array('i', [3, 444, 633, 479]), score=0.77[0m
[self_driving-10] [0m[INFO] [1782501585.437769790] [self_driving]: [1;33m461[0m[0m
[self_driving-10] [0m[INFO] [1782501585.443093901] [self_driving]: DEBUG_DRIVE lane_x=195.0, linear=0.15, linear_y=0.00, angular=-0.10, stop=False, crosswalk_distance=461, start_slow_down=True[0m
[self_driving-10] [0m[INFO] [1782501585.492111920] [self_driving]: [1;33m461[0m[0m
[self_driving-10] [0m[INFO] [1782501585.494620327] [self_driving]: DEBUG_DRIVE lane_x=194.0, linear=0.15, linear_y=0.00, angular=-0.10, stop=False, crosswalk_distance=461, start_slow_down=True[0m
[self_driving-10] [0m[INFO] [1782501585.538383901] [self_driving]: [1;33m461[0m[0m
[self_driving-10] [0m[INFO] [1782501585.541974438] [self_driving]: DEBUG_DRIVE lane_x=298.5, linear=0.15, linear_y=0.00, angular=-0.45, stop=False, crosswalk_distance=461, start_slow_down=True[0m
[self_driving-10] [0m[INFO] [1782501585.610327845] [self_driving]: [1;33m461[0m[0m
[self_driving-10] [0m[INFO] [1782501585.613487623] [self_driving]: DEBUG_DRIVE lane_x=185.5, linear=0.15, linear_y=0.00, angular=-0.10, stop=False, crosswalk_distance=461, start_slow_down=True[0m
[self_driving-10] [0m[INFO] [1782501585.681558401] [self_driving]: [1;33m461[0m[0m
[self_driving-10] [0m[INFO] [1782501585.687209845] [self_driving]: DEBUG_DRIVE lane_x=163.5, linear=0.15, linear_y=0.00, angular=-0.10, stop=False, crosswalk_distance=461, start_slow_down=True[0m
[self_driving-10] [0m[INFO] [1782501585.740010234] [self_driving]: [1;33m461[0m[0m
[self_driving-10] [0m[INFO] [1782501585.742211531] [self_driving]: DEBUG_DRIVE lane_x=161.0, linear=0.15, linear_y=0.00, angular=-0.10, stop=False, crosswalk_distance=461, start_slow_down=True[0m
[self_driving-10] [0m[INFO] [1782501585.803432734] [self_driving]: [1;33m461[0m[0m
[self_driving-10] [0m[INFO] [1782501585.805437049] [self_driving]: DEBUG_DRIVE lane_x=159.0, linear=0.15, linear_y=0.00, angular=-0.10, stop=False, crosswalk_distance=461, start_slow_down=True[0m
[self_driving-10] [0m[INFO] [1782501585.816824179] [self_driving]: objects=1[0m
[self_driving-10] [0m[INFO] [1782501585.818331160] [self_driving]: [DET] crosswalk: cx=420, cy=231, box=array('i', [252, 220, 588, 242]), score=0.89[0m
[self_driving-10] [0m[INFO] [1782501585.886092030] [self_driving]: [1;33m231[0m[0m
[self_driving-10] [0m[INFO] [1782501585.888712271] [self_driving]: DEBUG_DRIVE lane_x=151.5, linear=0.15, linear_y=0.00, angular=-0.10, stop=False, crosswalk_distance=231, start_slow_down=True[0m
[self_driving-10] [0m[INFO] [1782501585.957974290] [self_driving]: [1;33m231[0m[0m
[self_driving-10] [0m[INFO] [1782501585.959861105] [self_driving]: DEBUG_DRIVE lane_x=131.0, linear=0.15, linear_y=0.00, angular=0.10, stop=False, crosswalk_distance=231, start_slow_down=True[0m
[self_driving-10] [0m[INFO] [1782501586.015394290] [self_driving]: [1;33m231[0m[0m
[self_driving-10] [0m[INFO] [1782501586.017547530] [self_driving]: DEBUG_DRIVE lane_x=86.5, linear=0.15, linear_y=0.00, angular=0.10, stop=False, crosswalk_distance=231, start_slow_down=True[0m
[self_driving-10] [0m[INFO] [1782501586.082750067] [self_driving]: [1;33m231[0m[0m
[self_driving-10] [0m[INFO] [1782501586.086004160] [self_driving]: DEBUG_DRIVE lane_x=55.0, linear=0.15, linear_y=0.00, angular=0.10, stop=False, crosswalk_distance=231, start_slow_down=True[0m
[self_driving-10] [0m[INFO] [1782501586.153927141] [self_driving]: [1;33m231[0m[0m
[self_driving-10] [0m[INFO] [1782501586.155565308] [self_driving]: DEBUG_DRIVE lane_x=65.5, linear=0.15, linear_y=0.00, angular=0.10, stop=False, crosswalk_distance=231, start_slow_down=True[0m
[self_driving-10] [0m[INFO] [1782501586.212044975] [self_driving]: objects=1[0m
[self_driving-10] [0m[INFO] [1782501586.213035938] [self_driving]: [DET] crosswalk: cx=298, cy=301, box=array('i', [176, 284, 421, 318]), score=0.89[0m
[self_driving-10] [0m[INFO] [1782501586.216615493] [self_driving]: [1;33m301[0m[0m
[self_driving-10] [0m[INFO] [1782501586.218889141] [self_driving]: DEBUG_DRIVE lane_x=84.0, linear=0.15, linear_y=0.00, angular=0.10, stop=False, crosswalk_distance=301, start_slow_down=True[0m
[self_driving-10] [0m[INFO] [1782501586.287908734] [self_driving]: [1;33m301[0m[0m
[self_driving-10] [0m[INFO] [1782501586.289705586] [self_driving]: DEBUG_DRIVE lane_x=90.5, linear=0.15, linear_y=0.00, angular=0.10, stop=False, crosswalk_distance=301, start_slow_down=False[0m
[self_driving-10] [0m[INFO] [1782501586.349223808] [self_driving]: [1;33m301[0m[0m
[self_driving-10] [0m[INFO] [1782501586.350298734] [self_driving]: DEBUG_DRIVE lane_x=29.0, linear=0.15, linear_y=0.00, angular=0.10, stop=False, crosswalk_distance=301, start_slow_down=False[0m
[self_driving-10] [0m[INFO] [1782501586.419426752] [self_driving]: [1;33m301[0m[0m
[self_driving-10] [0m[INFO] [1782501586.487751549] [self_driving]: [1;33m301[0m[0m
[self_driving-10] [0m[INFO] [1782501586.488910363] [self_driving]: DEBUG_DRIVE lane_x=31.0, linear=0.15, linear_y=0.00, angular=0.10, stop=False, crosswalk_distance=301, start_slow_down=True[0m
[self_driving-10] [0m[INFO] [1782501586.558185752] [self_driving]: [1;33m301[0m[0m
[self_driving-10] [0m[INFO] [1782501586.559851437] [self_driving]: DEBUG_DRIVE lane_x=44.0, linear=0.15, linear_y=0.00, angular=0.10, stop=False, crosswalk_distance=301, start_slow_down=True[0m
[self_driving-10] [0m[INFO] [1782501586.588260937] [self_driving]: objects=1[0m
[self_driving-10] [0m[INFO] [1782501586.588791975] [self_driving]: [DET] crosswalk: cx=276, cy=347, box=array('i', [200, 326, 352, 369]), score=0.79[0m
[self_driving-10] [0m[INFO] [1782501586.591395623] [self_driving]: objects=1[0m
[self_driving-10] [0m[INFO] [1782501586.592552752] [self_driving]: [DET] crosswalk: cx=301, cy=465, box=array('i', [157, 451, 445, 479]), score=0.54[0m
[self_driving-10] [0m[INFO] [1782501586.645230252] [self_driving]: [1;33m465[0m[0m
[self_driving-10] [0m[INFO] [1782501586.647817826] [self_driving]: DEBUG_DRIVE lane_x=45.0, linear=0.15, linear_y=0.00, angular=0.10, stop=False, crosswalk_distance=465, start_slow_down=True[0m
[self_driving-10] [0m[INFO] [1782501586.693701141] [self_driving]: [1;33m465[0m[0m
[self_driving-10] [0m[INFO] [1782501586.696744604] [self_driving]: DEBUG_DRIVE lane_x=44.5, linear=0.15, linear_y=0.00, angular=0.10, stop=False, crosswalk_distance=465, start_slow_down=True[0m
[self_driving-10] [0m[INFO] [1782501586.757232123] [self_driving]: [1;33m465[0m[0m
[self_driving-10] [0m[INFO] [1782501586.758836363] [self_driving]: DEBUG_DRIVE lane_x=47.5, linear=0.15, linear_y=0.00, angular=0.10, stop=False, crosswalk_distance=465, start_slow_down=True[0m
[self_driving-10] [0m[INFO] [1782501586.815052789] [self_driving]: [1;33m465[0m[0m
[self_driving-10] [0m[INFO] [1782501586.817113160] [self_driving]: DEBUG_DRIVE lane_x=48.0, linear=0.15, linear_y=0.00, angular=0.10, stop=False, crosswalk_distance=465, start_slow_down=True[0m
[self_driving-10] [0m[INFO] [1782501586.877985863] [self_driving]: [1;33m465[0m[0m
[self_driving-10] [0m[INFO] [1782501586.880655511] [self_driving]: DEBUG_DRIVE lane_x=50.0, linear=0.15, linear_y=0.00, angular=0.10, stop=False, crosswalk_distance=465, start_slow_down=True[0m
[self_driving-10] [0m[INFO] [1782501586.966420141] [self_driving]: [1;33m465[0m[0m
[self_driving-10] [0m[INFO] [1782501586.968994937] [self_driving]: DEBUG_DRIVE lane_x=58.0, linear=0.15, linear_y=0.00, angular=0.10, stop=False, crosswalk_distance=465, start_slow_down=True[0m
[self_driving-10] [0m[INFO] [1782501586.978434400] [self_driving]: objects=1[0m
[self_driving-10] [0m[INFO] [1782501586.980256326] [self_driving]: [DET] crosswalk: cx=277, cy=231, box=array('i', [182, 206, 372, 257]), score=0.90[0m
[self_driving-10] [0m[INFO] [1782501586.983096548] [self_driving]: objects=1[0m
[self_driving-10] [0m[INFO] [1782501586.984427567] [self_driving]: [DET] crosswalk: cx=269, cy=167, box=array('i', [206, 154, 332, 180]), score=0.81[0m
[self_driving-10] [0m[INFO] [1782501587.038023808] [self_driving]: [1;33m167[0m[0m
[self_driving-10] [0m[INFO] [1782501587.046364326] [self_driving]: DEBUG_DRIVE lane_x=63.5, linear=0.15, linear_y=0.00, angular=0.10, stop=False, crosswalk_distance=167, start_slow_down=True[0m
[self_driving-10] [0m[INFO] [1782501587.104259474] [self_driving]: [1;33m167[0m[0m
[self_driving-10] [0m[INFO] [1782501587.106358382] [self_driving]: DEBUG_DRIVE lane_x=67.5, linear=0.15, linear_y=0.00, angular=0.10, stop=False, crosswalk_distance=167, start_slow_down=True[0m
[self_driving-10] [0m[INFO] [1782501587.162287085] [self_driving]: [1;33m167[0m[0m
[self_driving-10] [0m[INFO] [1782501587.165015548] [self_driving]: DEBUG_DRIVE lane_x=72.5, linear=0.15, linear_y=0.00, angular=0.10, stop=False, crosswalk_distance=167, start_slow_down=True[0m
[self_driving-10] [0m[INFO] [1782501587.232971215] [self_driving]: [1;33m167[0m[0m
[self_driving-10] [0m[INFO] [1782501587.234747696] [self_driving]: DEBUG_DRIVE lane_x=73.5, linear=0.15, linear_y=0.00, angular=0.10, stop=False, crosswalk_distance=167, start_slow_down=True[0m
[self_driving-10] [0m[INFO] [1782501587.305808030] [self_driving]: [1;33m167[0m[0m
[self_driving-10] [0m[INFO] [1782501587.309571104] [self_driving]: DEBUG_DRIVE lane_x=78.0, linear=0.15, linear_y=0.00, angular=0.10, stop=False, crosswalk_distance=167, start_slow_down=True[0m
[self_driving-10] [0m[INFO] [1782501587.353203048] [self_driving]: [1;33m167[0m[0m
[self_driving-10] [0m[INFO] [1782501587.355232659] [self_driving]: DEBUG_DRIVE lane_x=79.5, linear=0.15, linear_y=0.00, angular=0.10, stop=False, crosswalk_distance=167, start_slow_down=True[0m
[self_driving-10] [0m[INFO] [1782501587.379441122] [self_driving]: objects=1[0m
[self_driving-10] [0m[INFO] [1782501587.380146326] [self_driving]: [DET] crosswalk: cx=348, cy=152, box=array('i', [259, 146, 437, 159]), score=0.80[0m
[self_driving-10] [0m[INFO] [1782501587.386104011] [self_driving]: objects=1[0m
[self_driving-10] [0m[INFO] [1782501587.389471863] [self_driving]: [DET] crosswalk: cx=348, cy=130, box=array('i', [287, 126, 410, 135]), score=0.55[0m
[self_driving-10] [0m[INFO] [1782501587.444493178] [self_driving]: [1;33m130[0m[0m
[self_driving-10] [0m[INFO] [1782501587.451676733] [self_driving]: DEBUG_DRIVE lane_x=85.5, linear=0.15, linear_y=0.00, angular=0.10, stop=False, crosswalk_distance=130, start_slow_down=True[0m
[self_driving-10] [0m[INFO] [1782501587.501329141] [self_driving]: [1;33m130[0m[0m
[self_driving-10] [0m[INFO] [1782501587.504414455] [self_driving]: DEBUG_DRIVE lane_x=90.5, linear=0.15, linear_y=0.00, angular=0.10, stop=False, crosswalk_distance=130, start_slow_down=True[0m
[self_driving-10] [0m[INFO] [1782501587.565759344] [self_driving]: [1;33m130[0m[0m
[self_driving-10] [0m[INFO] [1782501587.567971104] [self_driving]: DEBUG_DRIVE lane_x=92.5, linear=0.15, linear_y=0.00, angular=0.10, stop=False, crosswalk_distance=130, start_slow_down=True[0m
[self_driving-10] [0m[INFO] [1782501587.629501641] [self_driving]: [1;33m130[0m[0m
[self_driving-10] [0m[INFO] [1782501587.630840011] [self_driving]: DEBUG_DRIVE lane_x=104.0, linear=0.15, linear_y=0.00, angular=0.10, stop=False, crosswalk_distance=130, start_slow_down=True[0m
[self_driving-10] [0m[INFO] [1782501587.699643585] [self_driving]: [1;33m130[0m[0m
[self_driving-10] [0m[INFO] [1782501587.701007344] [self_driving]: DEBUG_DRIVE lane_x=113.5, linear=0.15, linear_y=0.00, angular=0.10, stop=False, crosswalk_distance=130, start_slow_down=True[0m
[self_driving-10] [0m[INFO] [1782501587.769354474] [self_driving]: [1;33m130[0m[0m
[self_driving-10] [0m[INFO] [1782501587.771852455] [self_driving]: DEBUG_DRIVE lane_x=118.0, linear=0.15, linear_y=0.00, angular=0.10, stop=False, crosswalk_distance=130, start_slow_down=True[0m
[self_driving-10] [0m[INFO] [1782501587.798375585] [self_driving]: objects=1[0m
[self_driving-10] [0m[INFO] [1782501587.799121937] [self_driving]: [DET] crosswalk: cx=329, cy=195, box=array('i', [239, 192, 419, 199]), score=0.80[0m
[self_driving-10] [0m[INFO] [1782501587.803212955] [self_driving]: objects=1[0m
[self_driving-10] [0m[INFO] [1782501587.804452511] [self_driving]: [DET] crosswalk: cx=329, cy=174, box=array('i', [271, 172, 388, 177]), score=0.63[0m
[self_driving-10] [0m[INFO] [1782501587.844726437] [self_driving]: [1;33m174[0m[0m
[self_driving-10] [0m[INFO] [1782501587.852384326] [self_driving]: DEBUG_DRIVE lane_x=122.0, linear=0.15, linear_y=0.00, angular=0.10, stop=False, crosswalk_distance=174, start_slow_down=True[0m
[self_driving-10] [0m[INFO] [1782501587.889785011] [self_driving]: [1;33m174[0m[0m
[self_driving-10] [0m[INFO] [1782501587.893509529] [self_driving]: DEBUG_DRIVE lane_x=124.5, linear=0.15, linear_y=0.00, angular=0.10, stop=False, crosswalk_distance=174, start_slow_down=True[0m
[self_driving-10] [0m[INFO] [1782501587.971335288] [self_driving]: [1;33m174[0m[0m
[self_driving-10] [0m[INFO] [1782501587.973465566] [self_driving]: DEBUG_DRIVE lane_x=130.0, linear=0.15, linear_y=0.00, angular=-0.10, stop=False, crosswalk_distance=174, start_slow_down=True[0m
[self_driving-10] [0m[INFO] [1782501588.039278566] [self_driving]: [1;33m174[0m[0m
[self_driving-10] [0m[INFO] [1782501588.040973344] [self_driving]: DEBUG_DRIVE lane_x=136.5, linear=0.15, linear_y=0.00, angular=-0.10, stop=False, crosswalk_distance=174, start_slow_down=True[0m
[self_driving-10] [0m[INFO] [1782501588.112663974] [self_driving]: [1;33m174[0m[0m
[self_driving-10] [0m[INFO] [1782501588.114718659] [self_driving]: DEBUG_DRIVE lane_x=139.0, linear=0.15, linear_y=0.00, angular=-0.10, stop=False, crosswalk_distance=174, start_slow_down=True[0m
[self_driving-10] [0m[INFO] [1782501588.175758344] [self_driving]: objects=1[0m
[self_driving-10] [0m[INFO] [1782501588.177581751] [self_driving]: [1;33m174[0m[0m
[self_driving-10] [0m[INFO] [1782501588.179408918] [self_driving]: [DET] crosswalk: cx=356, cy=197, box=array('i', [262, 193, 450, 202]), score=0.82[0m
[self_driving-10] [0m[INFO] [1782501588.191140751] [self_driving]: DEBUG_DRIVE lane_x=140.0, linear=0.15, linear_y=0.00, angular=-0.10, stop=False, crosswalk_distance=197, start_slow_down=True[0m
[self_driving-10] [0m[INFO] [1782501588.197092511] [self_driving]: objects=1[0m
[self_driving-10] [0m[INFO] [1782501588.199003677] [self_driving]: [DET] green: cx=594, cy=132, box=array('i', [580, 120, 608, 144]), score=0.55[0m
[self_driving-10] [0m[INFO] [1782501588.256015325] [self_driving]: [1;33m0[0m[0m
[self_driving-10] [0m[INFO] [1782501588.258101807] [self_driving]: DEBUG_DRIVE lane_x=139.0, linear=0.15, linear_y=0.00, angular=-0.10, stop=False, crosswalk_distance=0, start_slow_down=True[0m
[self_driving-10] [0m[INFO] [1782501588.304501085] [self_driving]: [1;33m0[0m[0m
[self_driving-10] [0m[INFO] [1782501588.306020548] [self_driving]: DEBUG_DRIVE lane_x=137.5, linear=0.15, linear_y=0.00, angular=-0.10, stop=False, crosswalk_distance=0, start_slow_down=True[0m
[self_driving-10] [0m[INFO] [1782501588.368268677] [self_driving]: [1;33m0[0m[0m
[self_driving-10] [0m[INFO] [1782501588.370633733] [self_driving]: DEBUG_DRIVE lane_x=134.5, linear=0.15, linear_y=0.00, angular=-0.10, stop=False, crosswalk_distance=0, start_slow_down=True[0m
[self_driving-10] [0m[INFO] [1782501588.438155103] [self_driving]: [1;33m0[0m[0m
[self_driving-10] [0m[INFO] [1782501588.439637992] [self_driving]: DEBUG_DRIVE lane_x=134.5, linear=0.15, linear_y=0.00, angular=-0.10, stop=False, crosswalk_distance=0, start_slow_down=True[0m
[self_driving-10] [0m[INFO] [1782501588.489041122] [self_driving]: [1;33m0[0m[0m
[self_driving-10] [0m[INFO] [1782501588.490583251] [self_driving]: DEBUG_DRIVE lane_x=133.0, linear=0.15, linear_y=0.00, angular=-0.10, stop=False, crosswalk_distance=0, start_slow_down=True[0m
[self_driving-10] [0m[INFO] [1782501588.564728492] [self_driving]: [1;33m0[0m[0m
[self_driving-10] [0m[INFO] [1782501588.566027918] [self_driving]: DEBUG_DRIVE lane_x=133.0, linear=0.15, linear_y=0.00, angular=-0.10, stop=False, crosswalk_distance=0, start_slow_down=True[0m
[self_driving-10] [0m[INFO] [1782501588.579659918] [self_driving]: objects=1[0m
[self_driving-10] [0m[INFO] [1782501588.580271584] [self_driving]: [DET] crosswalk: cx=379, cy=200, box=array('i', [279, 195, 480, 205]), score=0.83[0m
[self_driving-10] [0m[INFO] [1782501588.582012955] [self_driving]: objects=1[0m
[self_driving-10] [0m[INFO] [1782501588.585583455] [self_driving]: [DET] crosswalk: cx=378, cy=176, box=array('i', [315, 174, 441, 179]), score=0.73[0m
[self_driving-10] [0m[INFO] [1782501588.590945233] [self_driving]: objects=1[0m
[self_driving-10] [0m[INFO] [1782501588.591830307] [self_driving]: [DET] green: cx=634, cy=132, box=array('i', [629, 118, 639, 146]), score=0.34[0m
[self_driving-10] [0m[INFO] [1782501588.649115362] [self_driving]: [1;33m0[0m[0m
[self_driving-10] [0m[INFO] [1782501588.656110844] [self_driving]: DEBUG_DRIVE lane_x=125.5, linear=0.15, linear_y=0.00, angular=0.10, stop=False, crosswalk_distance=0, start_slow_down=True[0m
[self_driving-10] [0m[INFO] [1782501588.719056992] [self_driving]: [1;33m0[0m[0m
[self_driving-10] [0m[INFO] [1782501588.720714529] [self_driving]: DEBUG_DRIVE lane_x=123.0, linear=0.15, linear_y=0.00, angular=0.10, stop=False, crosswalk_distance=0, start_slow_down=True[0m
[self_driving-10] [0m[INFO] [1782501588.777585584] [self_driving]: [1;33m0[0m[0m
[self_driving-10] [0m[INFO] [1782501588.779357751] [self_driving]: DEBUG_DRIVE lane_x=120.0, linear=0.15, linear_y=0.00, angular=0.10, stop=False, crosswalk_distance=0, start_slow_down=True[0m
[self_driving-10] [0m[INFO] [1782501588.834990955] [self_driving]: [1;33m0[0m[0m
[self_driving-10] [0m[INFO] [1782501588.838670362] [self_driving]: DEBUG_DRIVE lane_x=118.0, linear=0.15, linear_y=0.00, angular=0.10, stop=False, crosswalk_distance=0, start_slow_down=True[0m
[self_driving-10] [0m[INFO] [1782501588.903843806] [self_driving]: [1;33m0[0m[0m
[self_driving-10] [0m[INFO] [1782501588.905314492] [self_driving]: DEBUG_DRIVE lane_x=126.0, linear=0.15, linear_y=0.00, angular=-0.10, stop=False, crosswalk_distance=0, start_slow_down=True[0m
[self_driving-10] [0m[INFO] [1782501588.961276362] [self_driving]: objects=1[0m
[self_driving-10] [0m[INFO] [1782501588.963221214] [self_driving]: [DET] crosswalk: cx=415, cy=202, box=array('i', [306, 196, 524, 208]), score=0.84[0m
[self_driving-10] [0m[INFO] [1782501588.978507380] [self_driving]: objects=1[0m
[self_driving-10] [0m[INFO] [1782501588.982031677] [self_driving]: [1;33m202[0m[0m
[self_driving-10] [0m[INFO] [1782501588.989575936] [self_driving]: [DET] crosswalk: cx=411, cy=176, box=array('i', [342, 173, 480, 179]), score=0.73[0m
[self_driving-10] [0m[INFO] [1782501588.994693695] [self_driving]: DEBUG_DRIVE lane_x=123.5, linear=0.15, linear_y=0.00, angular=0.10, stop=False, crosswalk_distance=202, start_slow_down=True[0m
[self_driving-10] [0m[INFO] [1782501589.047617658] [self_driving]: [1;33m176[0m[0m
[self_driving-10] [0m[INFO] [1782501589.049605343] [self_driving]: DEBUG_DRIVE lane_x=129.5, linear=0.15, linear_y=0.00, angular=-0.10, stop=False, crosswalk_distance=176, start_slow_down=True[0m
[self_driving-10] [0m[INFO] [1782501589.119755640] [self_driving]: [1;33m176[0m[0m
[self_driving-10] [0m[INFO] [1782501589.120872195] [self_driving]: DEBUG_DRIVE lane_x=127.0, linear=0.15, linear_y=0.00, angular=0.10, stop=False, crosswalk_distance=176, start_slow_down=True[0m
[self_driving-10] [0m[INFO] [1782501589.178053491] [self_driving]: [1;33m176[0m[0m
[self_driving-10] [0m[INFO] [1782501589.180597288] [self_driving]: DEBUG_DRIVE lane_x=131.0, linear=0.15, linear_y=0.00, angular=-0.10, stop=False, crosswalk_distance=176, start_slow_down=False[0m
[self_driving-10] [0m[INFO] [1782501589.256354695] [self_driving]: [1;33m176[0m[0m
[self_driving-10] [0m[INFO] [1782501589.258675547] [self_driving]: DEBUG_DRIVE lane_x=127.0, linear=0.15, linear_y=0.00, angular=0.10, stop=False, crosswalk_distance=176, start_slow_down=False[0m
[self_driving-10] [0m[INFO] [1782501589.310996177] [self_driving]: [1;33m176[0m[0m
[self_driving-10] [0m[INFO] [1782501589.314116769] [self_driving]: DEBUG_DRIVE lane_x=124.5, linear=0.15, linear_y=0.00, angular=0.10, stop=False, crosswalk_distance=176, start_slow_down=False[0m
[self_driving-10] [0m[INFO] [1782501589.364153806] [self_driving]: objects=1[0m
[self_driving-10] [0m[INFO] [1782501589.364681251] [self_driving]: [DET] crosswalk: cx=422, cy=205, box=array('i', [304, 198, 541, 212]), score=0.84[0m
[self_driving-10] [0m[INFO] [1782501589.373042140] [self_driving]: objects=1[0m
[self_driving-10] [0m[INFO] [1782501589.375377399] [self_driving]: [DET] crosswalk: cx=414, cy=177, box=array('i', [345, 174, 484, 180]), score=0.72[0m
[self_driving-10] [0m[INFO] [1782501589.412953565] [self_driving]: [1;33m177[0m[0m
[self_driving-10] [0m[INFO] [1782501589.419691677] [self_driving]: DEBUG_DRIVE lane_x=121.0, linear=0.15, linear_y=0.00, angular=0.10, stop=False, crosswalk_distance=177, start_slow_down=True[0m
[self_driving-10] [0m[INFO] [1782501589.452644139] [self_driving]: [1;33m177[0m[0m
[self_driving-10] [0m[INFO] [1782501589.455450195] [self_driving]: DEBUG_DRIVE lane_x=122.5, linear=0.15, linear_y=0.00, angular=0.10, stop=False, crosswalk_distance=177, start_slow_down=True[0m
[self_driving-10] [0m[INFO] [1782501589.504916510] [self_driving]: [1;33m177[0m[0m
[self_driving-10] [0m[INFO] [1782501589.509498139] [self_driving]: DEBUG_DRIVE lane_x=122.5, linear=0.15, linear_y=0.00, angular=0.10, stop=False, crosswalk_distance=177, start_slow_down=True[0m
[self_driving-10] [0m[INFO] [1782501589.576918713] [self_driving]: [1;33m177[0m[0m
[self_driving-10] [0m[INFO] [1782501589.578104713] [self_driving]: DEBUG_DRIVE lane_x=122.0, linear=0.15, linear_y=0.00, angular=0.10, stop=False, crosswalk_distance=177, start_slow_down=True[0m
[self_driving-10] [0m[INFO] [1782501589.638486954] [self_driving]: [1;33m177[0m[0m
[self_driving-10] [0m[INFO] [1782501589.641162602] [self_driving]: DEBUG_DRIVE lane_x=125.0, linear=0.15, linear_y=0.00, angular=0.10, stop=False, crosswalk_distance=177, start_slow_down=True[0m
[self_driving-10] [0m[INFO] [1782501589.702112621] [self_driving]: [1;33m177[0m[0m
[self_driving-10] [0m[INFO] [1782501589.705383547] [self_driving]: DEBUG_DRIVE lane_x=142.0, linear=0.15, linear_y=0.00, angular=-0.10, stop=False, crosswalk_distance=177, start_slow_down=True[0m
[self_driving-10] [0m[INFO] [1782501589.759430139] [self_driving]: objects=1[0m
[self_driving-10] [0m[INFO] [1782501589.760267676] [self_driving]: [DET] crosswalk: cx=404, cy=177, box=array('i', [332, 174, 476, 180]), score=0.73[0m
[self_driving-10] [0m[INFO] [1782501589.800349454] [self_driving]: [1;33m177[0m[0m
[self_driving-10] [0m[INFO] [1782501589.809370639] [self_driving]: DEBUG_DRIVE lane_x=152.0, linear=0.15, linear_y=0.00, angular=-0.10, stop=False, crosswalk_distance=177, start_slow_down=True[0m
[self_driving-10] [0m[INFO] [1782501589.851047102] [self_driving]: [1;33m177[0m[0m
[self_driving-10] [0m[INFO] [1782501589.852119528] [self_driving]: DEBUG_DRIVE lane_x=156.5, linear=0.15, linear_y=0.00, angular=-0.10, stop=False, crosswalk_distance=177, start_slow_down=True[0m
[self_driving-10] [0m[INFO] [1782501589.909483176] [self_driving]: [1;33m177[0m[0m
[self_driving-10] [0m[INFO] [1782501589.913663435] [self_driving]: DEBUG_DRIVE lane_x=160.0, linear=0.15, linear_y=0.00, angular=-0.10, stop=False, crosswalk_distance=177, start_slow_down=True[0m
[self_driving-10] [0m[INFO] [1782501589.988308398] [self_driving]: [1;33m177[0m[0m
[self_driving-10] [0m[INFO] [1782501589.992829250] [self_driving]: DEBUG_DRIVE lane_x=157.0, linear=0.15, linear_y=0.00, angular=-0.10, stop=False, crosswalk_distance=177, start_slow_down=True[0m
[self_driving-10] [0m[INFO] [1782501590.051930787] [self_driving]: [1;33m177[0m[0m
[self_driving-10] [0m[INFO] [1782501590.053197584] [self_driving]: DEBUG_DRIVE lane_x=156.0, linear=0.15, linear_y=0.00, angular=-0.10, stop=False, crosswalk_distance=177, start_slow_down=True[0m
[self_driving-10] [0m[INFO] [1782501590.116687009] [self_driving]: [1;33m177[0m[0m
[self_driving-10] [0m[INFO] [1782501590.120056213] [self_driving]: DEBUG_DRIVE lane_x=156.5, linear=0.15, linear_y=0.00, angular=-0.10, stop=False, crosswalk_distance=177, start_slow_down=True[0m
[self_driving-10] [0m[INFO] [1782501590.179474417] [self_driving]: [1;33m177[0m[0m
[self_driving-10] [0m[INFO] [1782501590.181696158] [self_driving]: DEBUG_DRIVE lane_x=154.5, linear=0.15, linear_y=0.00, angular=-0.10, stop=False, crosswalk_distance=177, start_slow_down=True[0m
[self_driving-10] [0m[INFO] [1782501590.199191602] [self_driving]: objects=1[0m
[self_driving-10] [0m[INFO] [1782501590.200399880] [self_driving]: [DET] crosswalk: cx=429, cy=211, box=array('i', [295, 204, 563, 219]), score=0.86[0m
[self_driving-10] [0m[INFO] [1782501590.205216009] [self_driving]: objects=1[0m
[self_driving-10] [0m[INFO] [1782501590.206189139] [self_driving]: [DET] crosswalk: cx=414, cy=177, box=array('i', [339, 174, 489, 181]), score=0.74[0m
[self_driving-10] [0m[INFO] [1782501590.255645954] [self_driving]: [1;33m177[0m[0m
[self_driving-10] [0m[INFO] [1782501590.256918583] [self_driving]: DEBUG_DRIVE lane_x=150.0, linear=0.15, linear_y=0.00, angular=-0.10, stop=False, crosswalk_distance=177, start_slow_down=True[0m
[self_driving-10] [0m[INFO] [1782501590.324259083] [self_driving]: [1;33m177[0m[0m
[self_driving-10] [0m[INFO] [1782501590.326692398] [self_driving]: DEBUG_DRIVE lane_x=151.5, linear=0.15, linear_y=0.00, angular=-0.10, stop=False, crosswalk_distance=177, start_slow_down=True[0m
[self_driving-10] [0m[INFO] [1782501590.389911324] [self_driving]: [1;33m177[0m[0m
[self_driving-10] [0m[INFO] [1782501590.391750935] [self_driving]: DEBUG_DRIVE lane_x=152.0, linear=0.15, linear_y=0.00, angular=-0.10, stop=False, crosswalk_distance=177, start_slow_down=True[0m
[self_driving-10] [0m[INFO] [1782501590.455918917] [self_driving]: [1;33m177[0m[0m
[self_driving-10] [0m[INFO] [1782501590.457890528] [self_driving]: DEBUG_DRIVE lane_x=157.5, linear=0.15, linear_y=0.00, angular=-0.10, stop=False, crosswalk_distance=177, start_slow_down=True[0m
[self_driving-10] [0m[INFO] [1782501590.517949602] [self_driving]: [1;33m177[0m[0m
[self_driving-10] [0m[INFO] [1782501590.521255676] [self_driving]: DEBUG_DRIVE lane_x=157.5, linear=0.15, linear_y=0.00, angular=-0.10, stop=False, crosswalk_distance=177, start_slow_down=True[0m
[self_driving-10] [0m[INFO] [1782501590.574441620] [self_driving]: [1;33m177[0m[0m
[self_driving-10] [0m[INFO] [1782501590.575725620] [self_driving]: DEBUG_DRIVE lane_x=157.5, linear=0.15, linear_y=0.00, angular=-0.10, stop=False, crosswalk_distance=177, start_slow_down=True[0m
[self_driving-10] [0m[INFO] [1782501590.597856750] [self_driving]: objects=1[0m
[self_driving-10] [0m[INFO] [1782501590.599770935] [self_driving]: [DET] crosswalk: cx=433, cy=219, box=array('i', [284, 210, 582, 228]), score=0.85[0m
[self_driving-10] [0m[INFO] [1782501590.602912417] [self_driving]: objects=1[0m
[self_driving-10] [0m[INFO] [1782501590.604063120] [self_driving]: [DET] crosswalk: cx=414, cy=181, box=array('i', [330, 177, 498, 185]), score=0.78[0m
[self_driving-10] [0m[INFO] [1782501590.664660009] [self_driving]: [1;33m181[0m[0m
[self_driving-10] [0m[INFO] [1782501590.671509398] [self_driving]: DEBUG_DRIVE lane_x=152.5, linear=0.15, linear_y=0.00, angular=-0.10, stop=False, crosswalk_distance=181, start_slow_down=True[0m
[self_driving-10] [0m[INFO] [1782501590.736831787] [self_driving]: [1;33m181[0m[0m
[self_driving-10] [0m[INFO] [1782501590.738225435] [self_driving]: DEBUG_DRIVE lane_x=149.0, linear=0.15, linear_y=0.00, angular=-0.10, stop=False, crosswalk_distance=181, start_slow_down=True[0m
[self_driving-10] [0m[INFO] [1782501590.791926731] [self_driving]: [1;33m181[0m[0m
[self_driving-10] [0m[INFO] [1782501590.793223342] [self_driving]: DEBUG_DRIVE lane_x=144.5, linear=0.15, linear_y=0.00, angular=-0.10, stop=False, crosswalk_distance=181, start_slow_down=True[0m
[self_driving-10] [0m[INFO] [1782501590.860353453] [self_driving]: [1;33m181[0m[0m
[self_driving-10] [0m[INFO] [1782501590.861629009] [self_driving]: DEBUG_DRIVE lane_x=144.5, linear=0.15, linear_y=0.00, angular=-0.10, stop=False, crosswalk_distance=181, start_slow_down=True[0m
[self_driving-10] [0m[INFO] [1782501590.922490213] [self_driving]: [1;33m181[0m[0m
[self_driving-10] [0m[INFO] [1782501590.924849342] [self_driving]: DEBUG_DRIVE lane_x=137.0, linear=0.15, linear_y=0.00, angular=0.10, stop=False, crosswalk_distance=181, start_slow_down=True[0m
[self_driving-10] [0m[INFO] [1782501590.991585305] [self_driving]: [1;33m181[0m[0m
[self_driving-10] [0m[INFO] [1782501590.992657972] [self_driving]: DEBUG_DRIVE lane_x=131.5, linear=0.15, linear_y=0.00, angular=0.10, stop=False, crosswalk_distance=181, start_slow_down=True[0m
[self_driving-10] [0m[INFO] [1782501591.003722750] [self_driving]: objects=1[0m
[self_driving-10] [0m[INFO] [1782501591.004747713] [self_driving]: [DET] crosswalk: cx=461, cy=229, box=array('i', [298, 219, 624, 239]), score=0.86[0m
[self_driving-10] [0m[INFO] [1782501591.008840435] [self_driving]: objects=1[0m
[self_driving-10] [0m[INFO] [1782501591.010333842] [self_driving]: [DET] crosswalk: cx=434, cy=185, box=array('i', [347, 182, 522, 189]), score=0.75[0m
[self_driving-10] [0m[INFO] [1782501591.061692435] [self_driving]: [1;33m185[0m[0m
[self_driving-10] [0m[INFO] [1782501591.064797361] [self_driving]: DEBUG_DRIVE lane_x=127.5, linear=0.15, linear_y=0.00, angular=0.10, stop=False, crosswalk_distance=185, start_slow_down=True[0m
[self_driving-10] [0m[INFO] [1782501591.127181231] [self_driving]: [1;33m185[0m[0m
[self_driving-10] [0m[INFO] [1782501591.130098509] [self_driving]: DEBUG_DRIVE lane_x=128.5, linear=0.15, linear_y=0.00, angular=0.10, stop=False, crosswalk_distance=185, start_slow_down=True[0m
[self_driving-10] [0m[INFO] [1782501591.181273509] [self_driving]: [1;33m185[0m[0m
[self_driving-10] [0m[INFO] [1782501591.184885379] [self_driving]: DEBUG_DRIVE lane_x=131.5, linear=0.15, linear_y=0.00, angular=-0.10, stop=False, crosswalk_distance=185, start_slow_down=True[0m
[self_driving-10] [0m[INFO] [1782501591.247951083] [self_driving]: [1;33m185[0m[0m
[self_driving-10] [0m[INFO] [1782501591.249136694] [self_driving]: DEBUG_DRIVE lane_x=139.5, linear=0.15, linear_y=0.00, angular=-0.10, stop=False, crosswalk_distance=185, start_slow_down=True[0m
[self_driving-10] [0m[INFO] [1782501591.321136305] [self_driving]: [1;33m185[0m[0m
[self_driving-10] [0m[INFO] [1782501591.323833324] [self_driving]: DEBUG_DRIVE lane_x=143.0, linear=0.15, linear_y=0.00, angular=-0.10, stop=False, crosswalk_distance=185, start_slow_down=True[0m
[self_driving-10] [0m[INFO] [1782501591.390959953] [self_driving]: objects=1[0m
[self_driving-10] [0m[INFO] [1782501591.395690768] [self_driving]: [DET] crosswalk: cx=458, cy=238, box=array('i', [276, 226, 640, 251]), score=0.89[0m
[self_driving-10] [0m[INFO] [1782501591.397069398] [self_driving]: [1;33m185[0m[0m
[self_driving-10] [0m[INFO] [1782501591.403628046] [self_driving]: DEBUG_DRIVE lane_x=140.5, linear=0.15, linear_y=0.00, angular=-0.10, stop=False, crosswalk_distance=238, start_slow_down=True[0m
[self_driving-10] [0m[INFO] [1782501591.406711675] [self_driving]: objects=1[0m
[self_driving-10] [0m[INFO] [1782501591.407939175] [self_driving]: [DET] crosswalk: cx=423, cy=189, box=array('i', [331, 185, 516, 193]), score=0.79[0m
[self_driving-10] [0m[INFO] [1782501591.453131564] [self_driving]: [1;33m189[0m[0m
[self_driving-10] [0m[INFO] [1782501591.457236786] [self_driving]: DEBUG_DRIVE lane_x=138.0, linear=0.15, linear_y=0.00, angular=-0.10, stop=False, crosswalk_distance=189, start_slow_down=True[0m
[self_driving-10] [0m[INFO] [1782501591.538189027] [self_driving]: [1;33m189[0m[0m
[self_driving-10] [0m[INFO] [1782501591.540639009] [self_driving]: DEBUG_DRIVE lane_x=133.5, linear=0.15, linear_y=0.00, angular=0.10, stop=False, crosswalk_distance=189, start_slow_down=True[0m
[self_driving-10] [0m[INFO] [1782501591.587868916] [self_driving]: [1;33m189[0m[0m
[self_driving-10] [0m[INFO] [1782501591.591814453] [self_driving]: DEBUG_DRIVE lane_x=129.5, linear=0.15, linear_y=0.00, angular=0.10, stop=False, crosswalk_distance=189, start_slow_down=True[0m
[self_driving-10] [0m[INFO] [1782501591.661333397] [self_driving]: [1;33m189[0m[0m
[self_driving-10] [0m[INFO] [1782501591.664114286] [self_driving]: DEBUG_DRIVE lane_x=129.0, linear=0.15, linear_y=0.00, angular=0.10, stop=False, crosswalk_distance=189, start_slow_down=True[0m
[self_driving-10] [0m[INFO] [1782501591.721435953] [self_driving]: [1;33m189[0m[0m
[self_driving-10] [0m[INFO] [1782501591.723819231] [self_driving]: DEBUG_DRIVE lane_x=128.0, linear=0.15, linear_y=0.00, angular=0.10, stop=False, crosswalk_distance=189, start_slow_down=True[0m
[self_driving-10] [0m[INFO] [1782501591.786796268] [self_driving]: objects=1[0m
[self_driving-10] [0m[INFO] [1782501591.791738768] [self_driving]: [1;33m189[0m[0m
[self_driving-10] [0m[INFO] [1782501591.794797083] [self_driving]: [DET] crosswalk: cx=404, cy=189, box=array('i', [311, 186, 498, 193]), score=0.79[0m
[self_driving-10] [0m[INFO] [1782501591.800025768] [self_driving]: DEBUG_DRIVE lane_x=137.5, linear=0.15, linear_y=0.00, angular=-0.10, stop=False, crosswalk_distance=189, start_slow_down=True[0m
[self_driving-10] [0m[INFO] [1782501591.871913045] [self_driving]: [1;33m189[0m[0m
[self_driving-10] [0m[INFO] [1782501591.873142101] [self_driving]: DEBUG_DRIVE lane_x=139.5, linear=0.15, linear_y=0.00, angular=-0.10, stop=False, crosswalk_distance=189, start_slow_down=True[0m
[self_driving-10] [0m[INFO] [1782501591.940001379] [self_driving]: [1;33m189[0m[0m
[self_driving-10] [0m[INFO] [1782501591.941531342] [self_driving]: DEBUG_DRIVE lane_x=144.5, linear=0.15, linear_y=0.00, angular=-0.10, stop=False, crosswalk_distance=189, start_slow_down=True[0m
[self_driving-10] [0m[INFO] [1782501591.998764564] [self_driving]: [1;33m189[0m[0m
[self_driving-10] [0m[INFO] [1782501592.000259842] [self_driving]: DEBUG_DRIVE lane_x=145.0, linear=0.15, linear_y=0.00, angular=-0.10, stop=False, crosswalk_distance=189, start_slow_down=True[0m
[self_driving-10] [0m[INFO] [1782501592.074305379] [self_driving]: [1;33m189[0m[0m
[self_driving-10] [0m[INFO] [1782501592.076377249] [self_driving]: DEBUG_DRIVE lane_x=143.5, linear=0.15, linear_y=0.00, angular=-0.10, stop=False, crosswalk_distance=189, start_slow_down=True[0m
[self_driving-10] [0m[INFO] [1782501592.134338638] [self_driving]: [1;33m189[0m[0m
[self_driving-10] [0m[INFO] [1782501592.136420916] [self_driving]: DEBUG_DRIVE lane_x=138.5, linear=0.15, linear_y=0.00, angular=-0.10, stop=False, crosswalk_distance=189, start_slow_down=False[0m
[self_driving-10] [0m[INFO] [1782501592.200622323] [self_driving]: [1;33m189[0m[0m
[self_driving-10] [0m[INFO] [1782501592.201649749] [self_driving]: DEBUG_DRIVE lane_x=136.0, linear=0.15, linear_y=0.00, angular=-0.10, stop=False, crosswalk_distance=189, start_slow_down=False[0m
[self_driving-10] [0m[INFO] [1782501592.222800842] [self_driving]: objects=1[0m
[self_driving-10] [0m[INFO] [1782501592.223894119] [self_driving]: [DET] crosswalk: cx=431, cy=263, box=array('i', [222, 248, 640, 279]), score=0.90[0m
[self_driving-10] [0m[INFO] [1782501592.227231897] [self_driving]: objects=1[0m
[self_driving-10] [0m[INFO] [1782501592.228072286] [self_driving]: [DET] crosswalk: cx=390, cy=194, box=array('i', [294, 190, 487, 199]), score=0.81[0m
[self_driving-10] [0m[INFO] [1782501592.285487138] [self_driving]: [1;33m194[0m[0m
[self_driving-10] [0m[INFO] [1782501592.287440323] [self_driving]: DEBUG_DRIVE lane_x=134.5, linear=0.15, linear_y=0.00, angular=-0.10, stop=False, crosswalk_distance=194, start_slow_down=False[0m
[self_driving-10] [0m[INFO] [1782501592.350809360] [self_driving]: [1;33m194[0m[0m
[self_driving-10] [0m[INFO] [1782501592.352487582] [self_driving]: DEBUG_DRIVE lane_x=128.5, linear=0.15, linear_y=0.00, angular=0.10, stop=False, crosswalk_distance=194, start_slow_down=True[0m
[self_driving-10] [0m[INFO] [1782501592.392606638] [self_driving]: [1;33m194[0m[0m
[self_driving-10] [0m[INFO] [1782501592.394702304] [self_driving]: DEBUG_DRIVE lane_x=122.0, linear=0.15, linear_y=0.00, angular=0.10, stop=False, crosswalk_distance=194, start_slow_down=True[0m
[self_driving-10] [0m[INFO] [1782501592.476459804] [self_driving]: [1;33m194[0m[0m
[self_driving-10] [0m[INFO] [1782501592.477985656] [self_driving]: DEBUG_DRIVE lane_x=114.5, linear=0.15, linear_y=0.00, angular=0.10, stop=False, crosswalk_distance=194, start_slow_down=True[0m
[self_driving-10] [0m[INFO] [1782501592.532693341] [self_driving]: [1;33m194[0m[0m
[self_driving-10] [0m[INFO] [1782501592.535552952] [self_driving]: DEBUG_DRIVE lane_x=117.0, linear=0.15, linear_y=0.00, angular=0.10, stop=False, crosswalk_distance=194, start_slow_down=True[0m
[self_driving-10] [0m[INFO] [1782501592.598113693] [self_driving]: [1;33m194[0m[0m
[self_driving-10] [0m[INFO] [1782501592.600310471] [self_driving]: DEBUG_DRIVE lane_x=118.5, linear=0.15, linear_y=0.00, angular=0.10, stop=False, crosswalk_distance=194, start_slow_down=True[0m
[self_driving-10] [0m[INFO] [1782501592.617548601] [self_driving]: objects=1[0m
[self_driving-10] [0m[INFO] [1782501592.620454730] [self_driving]: [DET] crosswalk: cx=422, cy=281, box=array('i', [204, 262, 640, 300]), score=0.90[0m
[self_driving-10] [0m[INFO] [1782501592.625558471] [self_driving]: objects=1[0m
[self_driving-10] [0m[INFO] [1782501592.627300212] [self_driving]: [DET] crosswalk: cx=391, cy=198, box=array('i', [289, 193, 494, 203]), score=0.83[0m
[self_driving-10] [0m[INFO] [1782501592.676557434] [self_driving]: [1;33m198[0m[0m
[self_driving-10] [0m[INFO] [1782501592.681251712] [self_driving]: DEBUG_DRIVE lane_x=118.5, linear=0.15, linear_y=0.00, angular=0.10, stop=False, crosswalk_distance=198, start_slow_down=True[0m
[self_driving-10] [0m[INFO] [1782501592.753329452] [self_driving]: [1;33m198[0m[0m
[self_driving-10] [0m[INFO] [1782501592.755105508] [self_driving]: DEBUG_DRIVE lane_x=124.0, linear=0.15, linear_y=0.00, angular=-0.01, stop=False, crosswalk_distance=198, start_slow_down=True[0m
[self_driving-10] [0m[INFO] [1782501592.794787767] [self_driving]: [1;33m198[0m[0m
[self_driving-10] [0m[INFO] [1782501592.796449323] [self_driving]: DEBUG_DRIVE lane_x=125.5, linear=0.15, linear_y=0.00, angular=0.10, stop=False, crosswalk_distance=198, start_slow_down=True[0m
[self_driving-10] [0m[INFO] [1782501592.861357100] [self_driving]: [1;33m198[0m[0m
[self_driving-10] [0m[INFO] [1782501592.863798156] [self_driving]: DEBUG_DRIVE lane_x=127.5, linear=0.15, linear_y=0.00, angular=0.01, stop=False, crosswalk_distance=198, start_slow_down=True[0m
[self_driving-10] [0m[INFO] [1782501592.940291878] [self_driving]: [1;33m198[0m[0m
[self_driving-10] [0m[INFO] [1782501592.941498952] [self_driving]: DEBUG_DRIVE lane_x=128.5, linear=0.15, linear_y=0.00, angular=0.10, stop=False, crosswalk_distance=198, start_slow_down=True[0m
[self_driving-10] [0m[INFO] [1782501593.004121360] [self_driving]: objects=1[0m
[self_driving-10] [0m[INFO] [1782501593.005762211] [self_driving]: [DET] crosswalk: cx=399, cy=203, box=array('i', [288, 199, 511, 208]), score=0.82[0m
[self_driving-10] [0m[INFO] [1782501593.009371656] [self_driving]: [1;33m203[0m[0m
[self_driving-10] [0m[INFO] [1782501593.015909378] [self_driving]: DEBUG_DRIVE lane_x=128.5, linear=0.15, linear_y=0.00, angular=0.10, stop=False, crosswalk_distance=203, start_slow_down=True[0m
[self_driving-10] [0m[INFO] [1782501593.075179248] [self_driving]: [1;33m203[0m[0m
[self_driving-10] [0m[INFO] [1782501593.077954267] [self_driving]: DEBUG_DRIVE lane_x=133.0, linear=0.15, linear_y=0.00, angular=-0.10, stop=False, crosswalk_distance=203, start_slow_down=True[0m
[self_driving-10] [0m[INFO] [1782501593.149815711] [self_driving]: [1;33m203[0m[0m
[self_driving-10] [0m[INFO] [1782501593.151974656] [self_driving]: DEBUG_DRIVE lane_x=138.0, linear=0.15, linear_y=0.00, angular=-0.10, stop=False, crosswalk_distance=203, start_slow_down=True[0m
[self_driving-10] [0m[INFO] [1782501593.205013137] [self_driving]: [1;33m203[0m[0m
[self_driving-10] [0m[INFO] [1782501593.206580785] [self_driving]: DEBUG_DRIVE lane_x=137.0, linear=0.15, linear_y=0.00, angular=-0.10, stop=False, crosswalk_distance=203, start_slow_down=True[0m
[self_driving-10] [0m[INFO] [1782501593.273389730] [self_driving]: [1;33m203[0m[0m
[self_driving-10] [0m[INFO] [1782501593.275189656] [self_driving]: DEBUG_DRIVE lane_x=138.0, linear=0.15, linear_y=0.00, angular=-0.10, stop=False, crosswalk_distance=203, start_slow_down=True[0m
[self_driving-10] [0m[INFO] [1782501593.340249378] [self_driving]: [1;33m203[0m[0m
[self_driving-10] [0m[INFO] [1782501593.342762933] [self_driving]: DEBUG_DRIVE lane_x=140.5, linear=0.15, linear_y=0.00, angular=-0.10, stop=False, crosswalk_distance=203, start_slow_down=True[0m
[self_driving-10] [0m[INFO] [1782501593.381158156] [self_driving]: objects=1[0m
[self_driving-10] [0m[INFO] [1782501593.382034582] [self_driving]: [DET] crosswalk: cx=380, cy=333, box=array('i', [122, 302, 638, 364]), score=0.89[0m
[self_driving-10] [0m[INFO] [1782501593.386337007] [self_driving]: objects=1[0m
[self_driving-10] [0m[INFO] [1782501593.389069804] [self_driving]: [DET] crosswalk: cx=386, cy=206, box=array('i', [267, 201, 505, 212]), score=0.81[0m
[self_driving-10] [0m[INFO] [1782501593.436895007] [self_driving]: [1;33m206[0m[0m
[self_driving-10] [0m[INFO] [1782501593.438497915] [self_driving]: DEBUG_DRIVE lane_x=140.0, linear=0.15, linear_y=0.00, angular=-0.10, stop=False, crosswalk_distance=206, start_slow_down=True[0m
[self_driving-10] [0m[INFO] [1782501593.482797748] [self_driving]: [1;33m206[0m[0m
[self_driving-10] [0m[INFO] [1782501593.484578156] [self_driving]: DEBUG_DRIVE lane_x=140.0, linear=0.15, linear_y=0.00, angular=-0.10, stop=False, crosswalk_distance=206, start_slow_down=True[0m
[self_driving-10] [0m[INFO] [1782501593.550830859] [self_driving]: [1;33m206[0m[0m
[self_driving-10] [0m[INFO] [1782501593.552505507] [self_driving]: DEBUG_DRIVE lane_x=138.0, linear=0.15, linear_y=0.00, angular=-0.10, stop=False, crosswalk_distance=206, start_slow_down=True[0m
[self_driving-10] [0m[INFO] [1782501593.604706248] [self_driving]: [1;33m206[0m[0m
[self_driving-10] [0m[INFO] [1782501593.606081063] [self_driving]: DEBUG_DRIVE lane_x=126.5, linear=0.15, linear_y=0.00, angular=0.10, stop=False, crosswalk_distance=206, start_slow_down=True[0m
[self_driving-10] [0m[INFO] [1782501593.679344044] [self_driving]: [1;33m206[0m[0m
[self_driving-10] [0m[INFO] [1782501593.684345841] [self_driving]: DEBUG_DRIVE lane_x=118.0, linear=0.15, linear_y=0.00, angular=0.10, stop=False, crosswalk_distance=206, start_slow_down=True[0m
[self_driving-10] [0m[INFO] [1782501593.745079896] [self_driving]: [1;33m206[0m[0m
[self_driving-10] [0m[INFO] [1782501593.746772507] [self_driving]: DEBUG_DRIVE lane_x=96.0, linear=0.15, linear_y=0.00, angular=0.10, stop=False, crosswalk_distance=206, start_slow_down=True[0m
[self_driving-10] [0m[INFO] [1782501593.777492526] [self_driving]: objects=1[0m
[self_driving-10] [0m[INFO] [1782501593.779341637] [self_driving]: [DET] crosswalk: cx=362, cy=367, box=array('i', [84, 327, 640, 408]), score=0.92[0m
[self_driving-10] [0m[INFO] [1782501593.782007211] [self_driving]: objects=1[0m
[self_driving-10] [0m[INFO] [1782501593.783251952] [self_driving]: [DET] crosswalk: cx=398, cy=207, box=array('i', [273, 201, 523, 213]), score=0.76[0m
[self_driving-10] [0m[INFO] [1782501593.832539433] [self_driving]: [1;33m207[0m[0m
[self_driving-10] [0m[INFO] [1782501593.835448415] [self_driving]: DEBUG_DRIVE lane_x=125.0, linear=0.15, linear_y=0.00, angular=-0.10, stop=False, crosswalk_distance=207, start_slow_down=True[0m
[self_driving-10] [0m[INFO] [1782501593.871562600] [self_driving]: [1;33m207[0m[0m
[self_driving-10] [0m[INFO] [1782501593.874467452] [self_driving]: DEBUG_DRIVE lane_x=184.0, linear=0.15, linear_y=0.00, angular=-0.10, stop=False, crosswalk_distance=207, start_slow_down=True[0m
[self_driving-10] [0m[INFO] [1782501593.942534063] [self_driving]: [1;33m207[0m[0m
[self_driving-10] [0m[INFO] [1782501593.944191581] [self_driving]: DEBUG_DRIVE lane_x=216.0, linear=0.15, linear_y=0.00, angular=-0.45, stop=False, crosswalk_distance=207, start_slow_down=True[0m
[self_driving-10] [0m[INFO] [1782501594.006029637] [self_driving]: [1;33m207[0m[0m
[self_driving-10] [0m[INFO] [1782501594.010400637] [self_driving]: DEBUG_DRIVE lane_x=232.0, linear=0.15, linear_y=0.00, angular=-0.45, stop=False, crosswalk_distance=207, start_slow_down=True[0m
[self_driving-10] [0m[INFO] [1782501594.075124303] [self_driving]: [1;33m207[0m[0m
[self_driving-10] [0m[INFO] [1782501594.078166803] [self_driving]: DEBUG_DRIVE lane_x=234.5, linear=0.15, linear_y=0.00, angular=-0.45, stop=False, crosswalk_distance=207, start_slow_down=True[0m
[self_driving-10] [0m[INFO] [1782501594.149277711] [self_driving]: [1;33m207[0m[0m
[self_driving-10] [0m[INFO] [1782501594.151051285] [self_driving]: DEBUG_DRIVE lane_x=205.5, linear=0.15, linear_y=0.00, angular=-0.45, stop=False, crosswalk_distance=207, start_slow_down=True[0m
[self_driving-10] [0m[INFO] [1782501594.190602081] [self_driving]: objects=1[0m
[self_driving-10] [0m[INFO] [1782501594.191225896] [self_driving]: [DET] crosswalk: cx=322, cy=420, box=array('i', [5, 360, 640, 480]), score=0.89[0m
[self_driving-10] [0m[INFO] [1782501594.201458711] [self_driving]: objects=1[0m
[self_driving-10] [0m[INFO] [1782501594.203166063] [self_driving]: [DET] crosswalk: cx=418, cy=213, box=array('i', [284, 205, 553, 221]), score=0.84[0m
[self_driving-10] [0m[INFO] [1782501594.244502970] [self_driving]: [1;33m213[0m[0m
[self_driving-10] [0m[INFO] [1782501594.251347118] [self_driving]: DEBUG_DRIVE lane_x=204.5, linear=0.15, linear_y=0.00, angular=-0.45, stop=False, crosswalk_distance=213, start_slow_down=True[0m
[self_driving-10] [0m[INFO] [1782501594.294289637] [self_driving]: [1;33m213[0m[0m
[self_driving-10] [0m[INFO] [1782501594.296059803] [self_driving]: DEBUG_DRIVE lane_x=198.0, linear=0.15, linear_y=0.00, angular=-0.10, stop=False, crosswalk_distance=213, start_slow_down=True[0m
[self_driving-10] [0m[INFO] [1782501594.351912914] [self_driving]: [1;33m213[0m[0m
[self_driving-10] [0m[INFO] [1782501594.354021562] [self_driving]: DEBUG_DRIVE lane_x=155.0, linear=0.15, linear_y=0.00, angular=0.10, stop=False, crosswalk_distance=213, start_slow_down=True[0m
[self_driving-10] [0m[INFO] [1782501594.417303099] [self_driving]: [1;33m213[0m[0m
[self_driving-10] [0m[INFO] [1782501594.419039840] [self_driving]: DEBUG_DRIVE lane_x=220.0, linear=0.15, linear_y=0.00, angular=-0.45, stop=False, crosswalk_distance=213, start_slow_down=True[0m
[self_driving-10] [0m[INFO] [1782501594.484253229] [self_driving]: [1;33m213[0m[0m
[self_driving-10] [0m[INFO] [1782501594.485654970] [self_driving]: DEBUG_DRIVE lane_x=237.0, linear=0.15, linear_y=0.00, angular=-0.45, stop=False, crosswalk_distance=213, start_slow_down=True[0m
[self_driving-10] [0m[INFO] [1782501594.551079859] [self_driving]: [1;33m213[0m[0m
[self_driving-10] [0m[INFO] [1782501594.552659322] [self_driving]: DEBUG_DRIVE lane_x=163.5, linear=0.15, linear_y=0.00, angular=-0.10, stop=False, crosswalk_distance=213, start_slow_down=True[0m
[self_driving-10] [0m[INFO] [1782501594.577588692] [self_driving]: objects=1[0m
[self_driving-10] [0m[INFO] [1782501594.579160173] [self_driving]: [DET] crosswalk: cx=422, cy=219, box=array('i', [277, 210, 568, 228]), score=0.86[0m
[self_driving-10] [0m[INFO] [1782501594.583177099] [self_driving]: objects=1[0m
[self_driving-10] [0m[INFO] [1782501594.583874951] [self_driving]: [DET] crosswalk: cx=328, cy=430, box=array('i', [26, 401, 631, 459]), score=0.71[0m
[self_driving-10] [0m[INFO] [1782501594.636899581] [self_driving]: [1;33m430[0m[0m
[self_driving-10] [0m[INFO] [1782501594.639777025] [self_driving]: DEBUG_DRIVE lane_x=176.0, linear=0.15, linear_y=0.00, angular=-0.10, stop=False, crosswalk_distance=430, start_slow_down=True[0m
[self_driving-10] [0m[INFO] [1782501594.680046433] [self_driving]: [1;33m430[0m[0m
[self_driving-10] [0m[INFO] [1782501594.681813673] [self_driving]: DEBUG_DRIVE lane_x=192.0, linear=0.15, linear_y=0.00, angular=-0.10, stop=False, crosswalk_distance=430, start_slow_down=True[0m
[self_driving-10] [0m[INFO] [1782501594.757083488] [self_driving]: [1;33m430[0m[0m
[self_driving-10] [0m[INFO] [1782501594.760104729] [self_driving]: DEBUG_DRIVE lane_x=192.0, linear=0.15, linear_y=0.00, angular=-0.10, stop=False, crosswalk_distance=430, start_slow_down=True[0m
[self_driving-10] [0m[INFO] [1782501594.828135821] [self_driving]: [1;33m430[0m[0m
[self_driving-10] [0m[INFO] [1782501594.831515858] [self_driving]: DEBUG_DRIVE lane_x=188.5, linear=0.15, linear_y=0.00, angular=-0.10, stop=False, crosswalk_distance=430, start_slow_down=True[0m
[self_driving-10] [0m[INFO] [1782501594.890176821] [self_driving]: [1;33m430[0m[0m
[self_driving-10] [0m[INFO] [1782501594.893085599] [self_driving]: DEBUG_DRIVE lane_x=169.5, linear=0.15, linear_y=0.00, angular=-0.10, stop=False, crosswalk_distance=430, start_slow_down=True[0m
[self_driving-10] [0m[INFO] [1782501594.945420636] [self_driving]: [1;33m430[0m[0m
[self_driving-10] [0m[INFO] [1782501594.946522766] [self_driving]: DEBUG_DRIVE lane_x=133.5, linear=0.15, linear_y=0.00, angular=0.10, stop=False, crosswalk_distance=430, start_slow_down=True[0m
[self_driving-10] [0m[INFO] [1782501594.977433488] [self_driving]: objects=1[0m
[self_driving-10] [0m[INFO] [1782501594.978182729] [self_driving]: [DET] crosswalk: cx=368, cy=299, box=array('i', [230, 282, 506, 316]), score=0.89[0m
[self_driving-10] [0m[INFO] [1782501595.042812081] [self_driving]: [1;33m299[0m[0m
[self_driving-10] [0m[INFO] [1782501595.047326506] [self_driving]: DEBUG_DRIVE lane_x=97.0, linear=0.15, linear_y=0.00, angular=0.10, stop=False, crosswalk_distance=299, start_slow_down=False[0m
[self_driving-10] [0m[INFO] [1782501595.082918044] [self_driving]: [1;33m299[0m[0m
[self_driving-10] [0m[INFO] [1782501595.085696136] [self_driving]: DEBUG_DRIVE lane_x=63.0, linear=0.15, linear_y=0.00, angular=0.10, stop=False, crosswalk_distance=299, start_slow_down=False[0m
[self_driving-10] [0m[INFO] [1782501595.155104118] [self_driving]: [1;33m299[0m[0m
[self_driving-10] [0m[INFO] [1782501595.156171451] [self_driving]: DEBUG_DRIVE lane_x=32.5, linear=0.15, linear_y=0.00, angular=0.10, stop=False, crosswalk_distance=299, start_slow_down=False[0m
[self_driving-10] [0m[INFO] [1782501595.225438692] [self_driving]: [1;33m299[0m[0m
[self_driving-10] [0m[INFO] [1782501595.227840525] [self_driving]: DEBUG_DRIVE lane_x=21.5, linear=0.15, linear_y=0.00, angular=0.10, stop=False, crosswalk_distance=299, start_slow_down=True[0m
[self_driving-10] [0m[INFO] [1782501595.294216340] [self_driving]: [1;33m299[0m[0m
[self_driving-10] [0m[INFO] [1782501595.356760358] [self_driving]: objects=1[0m
[self_driving-10] [0m[INFO] [1782501595.362983895] [self_driving]: [DET] crosswalk: cx=250, cy=442, box=array('i', [150, 412, 351, 472]), score=0.88[0m
[self_driving-10] [0m[INFO] [1782501595.380837969] [self_driving]: [1;33m442[0m[0m
[self_driving-10] [0m[INFO] [1782501595.382843710] [self_driving]: DEBUG_DRIVE lane_x=29.5, linear=0.15, linear_y=0.00, angular=0.10, stop=False, crosswalk_distance=442, start_slow_down=True[0m
[self_driving-10] [0m[INFO] [1782501595.427211136] [self_driving]: [1;33m442[0m[0m
[self_driving-10] [0m[INFO] [1782501595.430072617] [self_driving]: DEBUG_DRIVE lane_x=44.0, linear=0.15, linear_y=0.00, angular=0.10, stop=False, crosswalk_distance=442, start_slow_down=True[0m
[self_driving-10] [0m[INFO] [1782501595.504069117] [self_driving]: [1;33m442[0m[0m
[self_driving-10] [0m[INFO] [1782501595.506975654] [self_driving]: DEBUG_DRIVE lane_x=44.5, linear=0.15, linear_y=0.00, angular=0.10, stop=False, crosswalk_distance=442, start_slow_down=True[0m
[self_driving-10] [0m[INFO] [1782501595.551797247] [self_driving]: [1;33m442[0m[0m
[self_driving-10] [0m[INFO] [1782501595.553665747] [self_driving]: DEBUG_DRIVE lane_x=46.0, linear=0.15, linear_y=0.00, angular=0.10, stop=False, crosswalk_distance=442, start_slow_down=True[0m
[self_driving-10] [0m[INFO] [1782501595.625349988] [self_driving]: [1;33m442[0m[0m
[self_driving-10] [0m[INFO] [1782501595.628436117] [self_driving]: DEBUG_DRIVE lane_x=49.0, linear=0.15, linear_y=0.00, angular=0.10, stop=False, crosswalk_distance=442, start_slow_down=True[0m
[self_driving-10] [0m[INFO] [1782501595.706399914] [self_driving]: [1;33m442[0m[0m
[self_driving-10] [0m[INFO] [1782501595.707683006] [self_driving]: DEBUG_DRIVE lane_x=53.0, linear=0.15, linear_y=0.00, angular=0.10, stop=False, crosswalk_distance=442, start_slow_down=True[0m
[self_driving-10] [0m[INFO] [1782501595.753775376] [self_driving]: [1;33m442[0m[0m
[self_driving-10] [0m[INFO] [1782501595.755813265] [self_driving]: DEBUG_DRIVE lane_x=60.0, linear=0.15, linear_y=0.00, angular=0.10, stop=False, crosswalk_distance=442, start_slow_down=True[0m
[self_driving-10] [0m[INFO] [1782501595.760084562] [self_driving]: objects=1[0m
[self_driving-10] [0m[INFO] [1782501595.764178506] [self_driving]: [DET] crosswalk: cx=258, cy=436, box=array('i', [139, 397, 378, 476]), score=0.91[0m
[self_driving-10] [0m[INFO] [1782501595.768330321] [self_driving]: objects=1[0m
[self_driving-10] [0m[INFO] [1782501595.769031543] [self_driving]: [DET] red: cx=523, cy=263, box=array('i', [513, 252, 533, 274]), score=0.40[0m
[self_driving-10] [0m[INFO] [1782501595.821938469] [self_driving]: [1;33m0[0m[0m
[self_driving-10] [0m[INFO] [1782501595.891739876] [self_driving]: [1;33m0[0m[0m
[self_driving-10] [0m[INFO] [1782501595.965876987] [self_driving]: [1;33m0[0m[0m
[self_driving-10] [0m[INFO] [1782501596.031196006] [self_driving]: [1;33m0[0m[0m
[self_driving-10] [0m[INFO] [1782501596.103233302] [self_driving]: [1;33m0[0m[0m
[self_driving-10] [0m[INFO] [1782501596.147911098] [self_driving]: objects=1[0m
[self_driving-10] [0m[INFO] [1782501596.148962487] [self_driving]: [DET] crosswalk: cx=305, cy=154, box=array('i', [212, 148, 399, 161]), score=0.84[0m
[self_driving-10] [0m[INFO] [1782501596.157108080] [self_driving]: objects=1[0m
[self_driving-10] [0m[INFO] [1782501596.158356098] [self_driving]: [DET] crosswalk: cx=309, cy=122, box=array('i', [247, 119, 371, 126]), score=0.80[0m
[self_driving-10] [0m[INFO] [1782501596.180957098] [self_driving]: [1;33m122[0m[0m
[self_driving-10] [0m[INFO] [1782501596.231418580] [self_driving]: [1;33m122[0m[0m
[self_driving-10] [0m[INFO] [1782501596.303901950] [self_driving]: [1;33m122[0m[0m
[self_driving-10] [0m[INFO] [1782501596.357855765] [self_driving]: [1;33m122[0m[0m
[self_driving-10] [0m[INFO] [1782501596.430137580] [self_driving]: [1;33m122[0m[0m
[self_driving-10] [0m[INFO] [1782501596.498772728] [self_driving]: [1;33m122[0m[0m
[self_driving-10] [0m[INFO] [1782501596.559752932] [self_driving]: [1;33m122[0m[0m
[self_driving-10] [0m[INFO] [1782501596.599408228] [self_driving]: objects=1[0m
[self_driving-10] [0m[INFO] [1782501596.605027746] [self_driving]: [DET] crosswalk: cx=346, cy=174, box=array('i', [288, 172, 404, 177]), score=0.66[0m
[self_driving-10] [0m[INFO] [1782501596.645555061] [self_driving]: [1;33m174[0m[0m
[self_driving-10] [0m[INFO] [1782501596.705117968] [self_driving]: [1;33m174[0m[0m
[self_driving-10] [0m[INFO] [1782501596.768160894] [self_driving]: [1;33m174[0m[0m
[self_driving-10] [0m[INFO] [1782501596.832748524] [self_driving]: [1;33m174[0m[0m
[self_driving-10] [0m[INFO] [1782501596.892401394] [self_driving]: [1;33m174[0m[0m
[self_driving-10] [0m[INFO] [1782501596.960092005] [self_driving]: [1;33m174[0m[0m
[self_driving-10] [0m[INFO] [1782501597.007885653] [self_driving]: objects=1[0m
[self_driving-10] [0m[INFO] [1782501597.008477746] [self_driving]: [DET] crosswalk: cx=369, cy=198, box=array('i', [272, 194, 467, 203]), score=0.81[0m
[self_driving-10] [0m[INFO] [1782501597.011778228] [self_driving]: objects=1[0m
[self_driving-10] [0m[INFO] [1782501597.012939857] [self_driving]: [DET] crosswalk: cx=370, cy=176, box=array('i', [310, 174, 431, 179]), score=0.73[0m
[self_driving-10] [0m[INFO] [1782501597.020259116] [self_driving]: objects=1[0m
[self_driving-10] [0m[INFO] [1782501597.021104283] [self_driving]: [DET] crosswalk: cx=371, cy=194, box=array('i', [292, 190, 451, 198]), score=0.33[0m
[self_driving-10] [0m[INFO] [1782501597.064729968] [self_driving]: [1;33m194[0m[0m
[self_driving-10] [0m[INFO] [1782501597.111519820] [self_driving]: [1;33m194[0m[0m
[self_driving-10] [0m[INFO] [1782501597.183821505] [self_driving]: [1;33m194[0m[0m
[self_driving-10] [0m[INFO] [1782501597.235228950] [self_driving]: [1;33m194[0m[0m
[self_driving-10] [0m[INFO] [1782501597.308275764] [self_driving]: [1;33m194[0m[0m
[self_driving-10] [0m[INFO] [1782501597.377502413] [self_driving]: [1;33m194[0m[0m
[self_driving-10] [0m[INFO] [1782501597.432656690] [self_driving]: objects=1[0m
[self_driving-10] [0m[INFO] [1782501597.433387894] [self_driving]: [DET] crosswalk: cx=371, cy=199, box=array('i', [272, 195, 471, 204]), score=0.79[0m
[self_driving-10] [0m[INFO] [1782501597.440019338] [self_driving]: objects=1[0m
[self_driving-10] [0m[INFO] [1782501597.441697320] [self_driving]: [DET] crosswalk: cx=372, cy=176, box=array('i', [312, 174, 433, 179]), score=0.71[0m
[self_driving-10] [0m[INFO] [1782501597.443891968] [self_driving]: [1;33m199[0m[0m
[self_driving-10] [0m[INFO] [1782501597.521152931] [self_driving]: [1;33m176[0m[0m
[self_driving-10] [0m[INFO] [1782501597.585129727] [self_driving]: [1;33m176[0m[0m
[self_driving-10] [0m[INFO] [1782501597.633669209] [self_driving]: [1;33m176[0m[0m
[self_driving-10] [0m[INFO] [1782501597.712610931] [self_driving]: [1;33m176[0m[0m
[self_driving-10] [0m[INFO] [1782501597.781543468] [self_driving]: [1;33m176[0m[0m
[self_driving-10] [0m[INFO] [1782501597.813949264] [self_driving]: objects=1[0m
[self_driving-10] [0m[INFO] [1782501597.814423746] [self_driving]: [DET] red: cx=627, cy=37, box=array('i', [617, 27, 637, 48]), score=0.83[0m
[self_driving-10] [0m[INFO] [1782501597.817147264] [self_driving]: objects=1[0m
[self_driving-10] [0m[INFO] [1782501597.819247134] [self_driving]: [DET] crosswalk: cx=371, cy=199, box=array('i', [272, 195, 471, 204]), score=0.79[0m
[self_driving-10] [0m[INFO] [1782501597.825411505] [self_driving]: objects=1[0m
[self_driving-10] [0m[INFO] [1782501597.827377820] [self_driving]: [DET] crosswalk: cx=372, cy=176, box=array('i', [312, 174, 433, 179]), score=0.71[0m
[self_driving-10] [0m[INFO] [1782501597.866117764] [self_driving]: [1;33m176[0m[0m
[self_driving-10] [0m[INFO] [1782501597.915966134] [self_driving]: [1;33m176[0m[0m
[self_driving-10] [0m[INFO] [1782501597.973293486] [self_driving]: [1;33m176[0m[0m
[self_driving-10] [0m[INFO] [1782501598.039156801] [self_driving]: [1;33m176[0m[0m
[self_driving-10] [0m[INFO] [1782501598.117593931] [self_driving]: [1;33m176[0m[0m
[self_driving-10] [0m[INFO] [1782501598.177004412] [self_driving]: [1;33m176[0m[0m
[self_driving-10] [0m[INFO] [1782501598.235743782] [self_driving]: [1;33m176[0m[0m
[self_driving-10] [0m[INFO] [1782501598.239566727] [self_driving]: objects=1[0m
[self_driving-10] [0m[INFO] [1782501598.240739968] [self_driving]: [DET] crosswalk: cx=372, cy=176, box=array('i', [311, 174, 433, 179]), score=0.71[0m
[self_driving-10] [0m[INFO] [1782501598.310274134] [self_driving]: [1;33m176[0m[0m
[self_driving-10] [0m[INFO] [1782501598.390726467] [self_driving]: [1;33m176[0m[0m
[self_driving-10] [0m[INFO] [1782501598.442162967] [self_driving]: [1;33m176[0m[0m
[self_driving-10] [0m[INFO] [1782501598.514977467] [self_driving]: [1;33m176[0m[0m
[self_driving-10] [0m[INFO] [1782501598.570038560] [self_driving]: [1;33m176[0m[0m
[self_driving-10] [0m[INFO] [1782501598.643891023] [self_driving]: [1;33m176[0m[0m
[self_driving-10] [0m[INFO] [1782501598.667211375] [self_driving]: objects=1[0m
[self_driving-10] [0m[INFO] [1782501598.667725578] [self_driving]: [DET] red: cx=627, cy=37, box=array('i', [617, 27, 637, 48]), score=0.84[0m
[self_driving-10] [0m[INFO] [1782501598.671285578] [self_driving]: objects=1[0m
[self_driving-10] [0m[INFO] [1782501598.673699171] [self_driving]: [DET] crosswalk: cx=371, cy=199, box=array('i', [272, 195, 471, 204]), score=0.78[0m
[self_driving-10] [0m[INFO] [1782501598.682317578] [self_driving]: objects=1[0m
[self_driving-10] [0m[INFO] [1782501598.698496023] [self_driving]: [DET] crosswalk: cx=372, cy=176, box=array('i', [312, 174, 433, 179]), score=0.72[0m
[self_driving-10] [0m[INFO] [1782501598.748601245] [self_driving]: [1;33m176[0m[0m
[self_driving-10] [0m[INFO] [1782501598.784732282] [self_driving]: [1;33m176[0m[0m
[self_driving-10] [0m[INFO] [1782501598.860051912] [self_driving]: [1;33m176[0m[0m
[self_driving-10] [0m[INFO] [1782501598.921717263] [self_driving]: [1;33m176[0m[0m
[self_driving-10] [0m[INFO] [1782501598.984689819] [self_driving]: [1;33m176[0m[0m
[self_driving-10] [0m[INFO] [1782501599.055679004] [self_driving]: [1;33m176[0m[0m
[self_driving-10] [0m[INFO] [1782501599.080975597] [self_driving]: objects=1[0m
[self_driving-10] [0m[INFO] [1782501599.081458726] [self_driving]: [DET] red: cx=626, cy=37, box=array('i', [616, 27, 637, 48]), score=0.83[0m
[self_driving-10] [0m[INFO] [1782501599.084019560] [self_driving]: objects=1[0m
[self_driving-10] [0m[INFO] [1782501599.086128837] [self_driving]: [DET] crosswalk: cx=371, cy=199, box=array('i', [272, 195, 471, 204]), score=0.78[0m
[self_driving-10] [0m[INFO] [1782501599.092009986] [self_driving]: objects=1[0m
[self_driving-10] [0m[INFO] [1782501599.095035782] [self_driving]: [DET] crosswalk: cx=372, cy=176, box=array('i', [311, 174, 434, 179]), score=0.72[0m
[self_driving-10] [0m[INFO] [1782501599.144891763] [self_driving]: [1;33m176[0m[0m
[self_driving-10] [0m[INFO] [1782501599.208396689] [self_driving]: [1;33m176[0m[0m
[self_driving-10] [0m[INFO] [1782501599.264111671] [self_driving]: [1;33m176[0m[0m
[self_driving-10] [0m[INFO] [1782501599.329037819] [self_driving]: [1;33m176[0m[0m
[self_driving-10] [0m[INFO] [1782501599.394809559] [self_driving]: [1;33m176[0m[0m
[self_driving-10] [0m[INFO] [1782501599.463486615] [self_driving]: [1;33m176[0m[0m
[self_driving-10] [0m[INFO] [1782501599.491034467] [self_driving]: objects=1[0m
[self_driving-10] [0m[INFO] [1782501599.491803282] [self_driving]: [DET] red: cx=627, cy=37, box=array('i', [617, 27, 637, 47]), score=0.82[0m
[self_driving-10] [0m[INFO] [1782501599.494359059] [self_driving]: objects=1[0m
[self_driving-10] [0m[INFO] [1782501599.495648448] [self_driving]: [DET] crosswalk: cx=372, cy=176, box=array('i', [311, 174, 434, 179]), score=0.71[0m
[self_driving-10] [0m[INFO] [1782501599.544749393] [self_driving]: [1;33m176[0m[0m
[self_driving-10] [0m[INFO] [1782501599.596921374] [self_driving]: [1;33m176[0m[0m
[self_driving-10] [0m[INFO] [1782501599.658299041] [self_driving]: [1;33m176[0m[0m
[self_driving-10] [0m[INFO] [1782501599.731306319] [self_driving]: [1;33m176[0m[0m
[self_driving-10] [0m[INFO] [1782501599.796727115] [self_driving]: [1;33m176[0m[0m
[self_driving-10] [0m[INFO] [1782501599.866461355] [self_driving]: [1;33m176[0m[0m
[self_driving-10] [0m[INFO] [1782501599.908903689] [self_driving]: objects=1[0m
[self_driving-10] [0m[INFO] [1782501599.909991707] [self_driving]: [DET] red: cx=626, cy=36, box=array('i', [616, 26, 636, 47]), score=0.81[0m
[self_driving-10] [0m[INFO] [1782501599.912442578] [self_driving]: objects=1[0m
[self_driving-10] [0m[INFO] [1782501599.913455763] [self_driving]: [DET] crosswalk: cx=371, cy=199, box=array('i', [272, 195, 470, 203]), score=0.80[0m
[self_driving-10] [0m[INFO] [1782501599.919980781] [self_driving]: objects=1[0m
[self_driving-10] [0m[INFO] [1782501599.920746578] [self_driving]: [DET] crosswalk: cx=371, cy=176, box=array('i', [311, 174, 432, 179]), score=0.71[0m
[self_driving-10] [0m[INFO] [1782501599.928848504] [self_driving]: [1;33m176[0m[0m
[self_driving-10] [0m[INFO] [1782501600.011466448] [self_driving]: [1;33m176[0m[0m
[self_driving-10] [0m[INFO] [1782501600.053269318] [self_driving]: [1;33m176[0m[0m
[self_driving-10] [0m[INFO] [1782501600.133131152] [self_driving]: [1;33m176[0m[0m
[self_driving-10] [0m[INFO] [1782501600.194164244] [self_driving]: [1;33m176[0m[0m
[self_driving-10] [0m[INFO] [1782501600.268838318] [self_driving]: [1;33m176[0m[0m
[self_driving-10] [0m[INFO] [1782501600.315936670] [self_driving]: objects=1[0m
[self_driving-10] [0m[INFO] [1782501600.316781281] [self_driving]: [DET] red: cx=626, cy=36, box=array('i', [616, 26, 636, 47]), score=0.83[0m
[self_driving-10] [0m[INFO] [1782501600.319564059] [self_driving]: objects=1[0m
[self_driving-10] [0m[INFO] [1782501600.324545411] [self_driving]: [DET] crosswalk: cx=370, cy=199, box=array('i', [270, 195, 470, 204]), score=0.79[0m
[self_driving-10] [0m[INFO] [1782501600.352206207] [self_driving]: objects=1[0m
[self_driving-10] [0m[INFO] [1782501600.353413503] [self_driving]: [DET] crosswalk: cx=371, cy=176, box=array('i', [310, 174, 433, 179]), score=0.71[0m
[self_driving-10] [0m[INFO] [1782501600.361099614] [self_driving]: [1;33m176[0m[0m
[self_driving-10] [0m[INFO] [1782501600.409705226] [self_driving]: [1;33m176[0m[0m
[self_driving-10] [0m[INFO] [1782501600.470964929] [self_driving]: [1;33m176[0m[0m
[self_driving-10] [0m[INFO] [1782501600.539475911] [self_driving]: [1;33m176[0m[0m
[self_driving-10] [0m[INFO] [1782501600.602835596] [self_driving]: [1;33m176[0m[0m
[self_driving-10] [0m[INFO] [1782501600.663520040] [self_driving]: [1;33m176[0m[0m
[self_driving-10] [0m[INFO] [1782501600.737437725] [self_driving]: [1;33m176[0m[0m
[self_driving-10] [0m[INFO] [1782501600.771907688] [self_driving]: objects=1[0m
[self_driving-10] [0m[INFO] [1782501600.772692003] [self_driving]: [DET] red: cx=626, cy=36, box=array('i', [616, 26, 636, 47]), score=0.81[0m
[self_driving-10] [0m[INFO] [1782501600.776046244] [self_driving]: objects=1[0m
[self_driving-10] [0m[INFO] [1782501600.776588429] [self_driving]: [DET] crosswalk: cx=371, cy=176, box=array('i', [310, 174, 433, 179]), score=0.71[0m
[self_driving-10] [0m[INFO] [1782501600.821423910] [self_driving]: [1;33m176[0m[0m
[self_driving-10] [0m[INFO] [1782501600.868869910] [self_driving]: [1;33m176[0m[0m
[self_driving-10] [0m[INFO] [1782501600.939209651] [self_driving]: [1;33m176[0m[0m
[self_driving-10] [0m[INFO] [1782501601.003376799] [self_driving]: [1;33m176[0m[0m
[self_driving-10] [0m[INFO] [1782501601.067506392] [self_driving]: [1;33m176[0m[0m
[self_driving-10] [0m[INFO] [1782501601.128494984] [self_driving]: [1;33m176[0m[0m
[self_driving-10] [0m[INFO] [1782501601.177863818] [self_driving]: objects=1[0m
[self_driving-10] [0m[INFO] [1782501601.178361466] [self_driving]: [DET] red: cx=626, cy=36, box=array('i', [616, 26, 636, 46]), score=0.83[0m
[self_driving-10] [0m[INFO] [1782501601.185898799] [self_driving]: objects=1[0m
[self_driving-10] [0m[INFO] [1782501601.187643003] [self_driving]: [DET] crosswalk: cx=371, cy=176, box=array('i', [309, 174, 433, 179]), score=0.70[0m
[self_driving-10] [0m[INFO] [1782501601.234984262] [self_driving]: [1;33m176[0m[0m
[self_driving-10] [0m[INFO] [1782501601.274904392] [self_driving]: [1;33m176[0m[0m
[self_driving-10] [0m[INFO] [1782501601.349250299] [self_driving]: [1;33m176[0m[0m
[self_driving-10] [0m[INFO] [1782501601.413788521] [self_driving]: [1;33m176[0m[0m
[self_driving-10] [0m[INFO] [1782501601.487503262] [self_driving]: [1;33m176[0m[0m
[self_driving-10] [0m[INFO] [1782501601.547069188] [self_driving]: [1;33m176[0m[0m
[self_driving-10] [0m[INFO] [1782501601.580749132] [self_driving]: objects=1[0m
[self_driving-10] [0m[INFO] [1782501601.582872058] [self_driving]: [DET] crosswalk: cx=370, cy=198, box=array('i', [270, 193, 471, 204]), score=0.83[0m
[self_driving-10] [0m[INFO] [1782501601.589379780] [self_driving]: objects=1[0m
[self_driving-10] [0m[INFO] [1782501601.592023317] [self_driving]: [DET] crosswalk: cx=372, cy=176, box=array('i', [310, 173, 434, 179]), score=0.70[0m
[self_driving-10] [0m[INFO] [1782501601.595212114] [self_driving]: objects=1[0m
[self_driving-10] [0m[INFO] [1782501601.596022040] [self_driving]: [DET] crosswalk: cx=372, cy=188, box=array('i', [300, 184, 444, 192]), score=0.32[0m
[self_driving-10] [0m[INFO] [1782501601.643072966] [self_driving]: [1;33m188[0m[0m
[self_driving-10] [0m[INFO] [1782501601.684017391] [self_driving]: [1;33m188[0m[0m
[self_driving-10] [0m[INFO] [1782501601.757662132] [self_driving]: [1;33m188[0m[0m
[self_driving-10] [0m[INFO] [1782501601.811823502] [self_driving]: [1;33m188[0m[0m
[self_driving-10] [0m[INFO] [1782501601.879388947] [self_driving]: [1;33m188[0m[0m
[self_driving-10] [0m[INFO] [1782501601.952316336] [self_driving]: [1;33m188[0m[0m
[self_driving-10] [0m[INFO] [1782501601.999832669] [self_driving]: [1;33m188[0m[0m
[self_driving-10] [0m[INFO] [1782501602.082480021] [self_driving]: [1;33m188[0m[0m
[self_driving-10] [0m[INFO] [1782501602.146424743] [self_driving]: [1;33m188[0m[0m
[self_driving-10] [0m[INFO] [1782501602.201956410] [self_driving]: [1;33m188[0m[0m
[self_driving-10] [0m[INFO] [1782501602.284170502] [self_driving]: [1;33m188[0m[0m
[self_driving-10] [0m[INFO] [1782501602.347749280] [self_driving]: [1;33m188[0m[0m
[self_driving-10] [0m[INFO] [1782501602.408207872] [self_driving]: [1;33m188[0m[0m
[self_driving-10] [0m[INFO] [1782501602.488486761] [self_driving]: [1;33m188[0m[0m
[self_driving-10] [0m[INFO] [1782501602.547967224] [self_driving]: [1;33m188[0m[0m
[self_driving-10] [0m[INFO] [1782501602.616944446] [self_driving]: [1;33m188[0m[0m
[self_driving-10] [0m[INFO] [1782501602.692747243] [self_driving]: [1;33m188[0m[0m
[self_driving-10] [0m[INFO] [1782501602.751698520] [self_driving]: [1;33m188[0m[0m
[self_driving-10] [0m[INFO] [1782501602.823350150] [self_driving]: [1;33m188[0m[0m
[self_driving-10] [0m[INFO] [1782501602.897567206] [self_driving]: [1;33m188[0m[0m
[self_driving-10] [0m[INFO] [1782501602.943807335] [self_driving]: [1;33m188[0m[0m
[self_driving-10] [0m[INFO] [1782501603.017658076] [self_driving]: [1;33m188[0m[0m
[self_driving-10] [0m[INFO] [1782501603.077994354] [self_driving]: [1;33m188[0m[0m
[self_driving-10] [0m[INFO] [1782501603.155049576] [self_driving]: [1;33m188[0m[0m
[self_driving-10] [0m[INFO] [1782501603.215690557] [self_driving]: [1;33m188[0m[0m
[self_driving-10] [0m[INFO] [1782501603.315609576] [self_driving]: [1;33m188[0m[0m
[self_driving-10] [0m[INFO] [1782501603.369957779] [self_driving]: [1;33m188[0m[0m
[self_driving-10] [0m[INFO] [1782501603.413280631] [self_driving]: [1;33m188[0m[0m
[self_driving-10] [0m[INFO] [1782501603.501385538] [self_driving]: [1;33m188[0m[0m
[self_driving-10] [0m[INFO] [1782501603.547436742] [self_driving]: [1;33m188[0m[0m
[self_driving-10] [0m[INFO] [1782501603.634797372] [self_driving]: [1;33m188[0m[0m
[self_driving-10] [0m[INFO] [1782501603.650662650] [self_driving]: objects=1[0m
[self_driving-10] [0m[INFO] [1782501603.651625316] [self_driving]: [DET] crosswalk: cx=386, cy=6, box=array('i', [285, 0, 488, 13]), score=0.87[0m
[self_driving-10] [0m[INFO] [1782501603.693988279] [self_driving]: [1;33m6[0m[0m
[self_driving-10] [0m[INFO] [1782501603.774857242] [self_driving]: [1;33m6[0m[0m
[self_driving-10] [0m[INFO] [1782501603.819746298] [self_driving]: [1;33m6[0m[0m
[self_driving-10] [0m[INFO] [1782501603.882006205] [self_driving]: [1;33m6[0m[0m
[self_driving-10] [0m[INFO] [1782501603.960759631] [self_driving]: [1;33m6[0m[0m
[self_driving-10] [0m[INFO] [1782501604.025950797] [self_driving]: [1;33m6[0m[0m
[self_driving-10] [0m[INFO] [1782501604.046727205] [self_driving]: objects=1[0m
[self_driving-10] [0m[INFO] [1782501604.049065001] [self_driving]: [DET] crosswalk: cx=516, cy=63, box=array('i', [398, 0, 634, 127]), score=0.68[0m
[self_driving-10] [0m[INFO] [1782501604.108751797] [self_driving]: [1;33m63[0m[0m
[self_driving-10] [0m[INFO] [1782501604.175796779] [self_driving]: [1;33m63[0m[0m
[self_driving-10] [0m[INFO] [1782501604.231085408] [self_driving]: [1;33m63[0m[0m
[self_driving-10] [0m[INFO] [1782501604.295011186] [self_driving]: [1;33m63[0m[0m
[self_driving-10] [0m[INFO] [1782501604.354979019] [self_driving]: [1;33m63[0m[0m
[self_driving-10] [0m[INFO] [1782501604.437295742] [self_driving]: [1;33m63[0m[0m
[self_driving-10] [0m[INFO] [1782501604.446143668] [self_driving]: objects=1[0m
[self_driving-10] [0m[INFO] [1782501604.447101093] [self_driving]: [DET] crosswalk: cx=394, cy=14, box=array('i', [326, 0, 462, 28]), score=0.84[0m
[self_driving-10] [0m[INFO] [1782501604.503585464] [self_driving]: [1;33m14[0m[0m
[self_driving-10] [0m[INFO] [1782501604.581019482] [self_driving]: [1;33m14[0m[0m
[self_driving-10] [0m[INFO] [1782501604.635715742] [self_driving]: [1;33m14[0m[0m
[self_driving-10] [0m[INFO] [1782501604.699252241] [self_driving]: [1;33m14[0m[0m
[self_driving-10] [0m[INFO] [1782501604.780115149] [self_driving]: [1;33m14[0m[0m
[self_driving-10] [0m[INFO] [1782501604.837993908] [self_driving]: [1;33m14[0m[0m
[self_driving-10] [0m[INFO] [1782501604.867009778] [self_driving]: objects=1[0m
[self_driving-10] [0m[INFO] [1782501604.867925130] [self_driving]: [DET] crosswalk: cx=387, cy=198, box=array('i', [293, 194, 481, 203]), score=0.81[0m
[self_driving-10] [0m[INFO] [1782501604.872013408] [self_driving]: objects=1[0m
[self_driving-10] [0m[INFO] [1782501604.874061075] [self_driving]: [DET] crosswalk: cx=387, cy=175, box=array('i', [326, 173, 448, 178]), score=0.70[0m
[self_driving-10] [0m[INFO] [1782501604.914954797] [self_driving]: [1;33m175[0m[0m
[self_driving-10] [0m[INFO] [1782501604.977108519] [self_driving]: [1;33m175[0m[0m
[self_driving-10] [0m[INFO] [1782501605.040773001] [self_driving]: [1;33m175[0m[0m
[self_driving-10] [0m[INFO] [1782501605.098112167] [self_driving]: [1;33m175[0m[0m
[self_driving-10] [0m[INFO] [1782501605.168548315] [self_driving]: [1;33m175[0m[0m
[self_driving-10] [0m[INFO] [1782501605.226234741] [self_driving]: [1;33m175[0m[0m
[self_driving-10] [0m[INFO] [1782501605.268498167] [self_driving]: objects=1[0m
[self_driving-10] [0m[INFO] [1782501605.269885352] [self_driving]: [DET] crosswalk: cx=387, cy=197, box=array('i', [292, 193, 483, 202]), score=0.80[0m
[self_driving-10] [0m[INFO] [1782501605.273615723] [self_driving]: objects=1[0m
[self_driving-10] [0m[INFO] [1782501605.274365371] [self_driving]: [DET] crosswalk: cx=387, cy=175, box=array('i', [324, 173, 450, 178]), score=0.57[0m
[self_driving-10] [0m[INFO] [1782501605.337357019] [self_driving]: [1;33m175[0m[0m
[self_driving-10] [0m[INFO] [1782501605.380052019] [self_driving]: [1;33m175[0m[0m
[self_driving-10] [0m[INFO] [1782501605.440566723] [self_driving]: [1;33m175[0m[0m
[self_driving-10] [0m[INFO] [1782501605.505551908] [self_driving]: [1;33m175[0m[0m
[self_driving-10] [0m[INFO] [1782501605.577729167] [self_driving]: [1;33m175[0m[0m
[self_driving-10] [0m[INFO] [1782501605.644683611] [self_driving]: [1;33m175[0m[0m
[self_driving-10] [0m[INFO] [1782501605.689800685] [self_driving]: objects=1[0m
[self_driving-10] [0m[INFO] [1782501605.690842037] [self_driving]: [DET] crosswalk: cx=387, cy=197, box=array('i', [292, 193, 482, 202]), score=0.80[0m
[self_driving-10] [0m[INFO] [1782501605.721498519] [self_driving]: objects=1[0m
[self_driving-10] [0m[INFO] [1782501605.724716704] [self_driving]: [DET] crosswalk: cx=387, cy=175, box=array('i', [324, 173, 450, 178]), score=0.58[0m
[self_driving-10] [0m[INFO] [1782501605.731394463] [self_driving]: [1;33m175[0m[0m
[self_driving-10] [0m[INFO] [1782501605.765055611] [self_driving]: [1;33m175[0m[0m
[self_driving-10] [0m[INFO] [1782501605.830185722] [self_driving]: [1;33m175[0m[0m
[self_driving-10] [0m[INFO] [1782501605.912621778] [self_driving]: [1;33m175[0m[0m
[self_driving-10] [0m[INFO] [1782501605.981238352] [self_driving]: [1;33m175[0m[0m
[self_driving-10] [0m[INFO] [1782501606.048363833] [self_driving]: [1;33m175[0m[0m
[self_driving-10] [0m[INFO] [1782501606.095795037] [self_driving]: objects=1[0m
[self_driving-10] [0m[INFO] [1782501606.096629444] [self_driving]: [DET] crosswalk: cx=387, cy=197, box=array('i', [292, 193, 483, 202]), score=0.80[0m
[self_driving-10] [0m[INFO] [1782501606.107969352] [self_driving]: objects=1[0m
[self_driving-10] [0m[INFO] [1782501606.108864185] [self_driving]: [DET] crosswalk: cx=387, cy=175, box=array('i', [324, 173, 450, 178]), score=0.56[0m
[self_driving-10] [0m[INFO] [1782501606.128503333] [self_driving]: [1;33m175[0m[0m
[self_driving-10] [0m[INFO] [1782501606.191090315] [self_driving]: [1;33m175[0m[0m
[self_driving-10] [0m[INFO] [1782501606.247223537] [self_driving]: [1;33m175[0m[0m
[self_driving-10] [0m[INFO] [1782501606.312918389] [self_driving]: [1;33m175[0m[0m
[self_driving-10] [0m[INFO] [1782501606.374238278] [self_driving]: [1;33m175[0m[0m
[self_driving-10] [0m[INFO] [1782501606.457163018] [self_driving]: [1;33m175[0m[0m
[self_driving-10] [0m[INFO] [1782501606.484465703] [self_driving]: objects=1[0m
[self_driving-10] [0m[INFO] [1782501606.488296463] [self_driving]: [DET] crosswalk: cx=387, cy=197, box=array('i', [293, 193, 482, 202]), score=0.80[0m
[self_driving-10] [0m[INFO] [1782501606.491735814] [self_driving]: objects=1[0m
[self_driving-10] [0m[INFO] [1782501606.493035926] [self_driving]: [DET] crosswalk: cx=387, cy=175, box=array('i', [324, 173, 450, 178]), score=0.59[0m
[self_driving-10] [0m[INFO] [1782501606.542673500] [self_driving]: [1;33m175[0m[0m
[self_driving-10] [0m[INFO] [1782501606.594057074] [self_driving]: [1;33m175[0m[0m
[self_driving-10] [0m[INFO] [1782501606.652296000] [self_driving]: [1;33m175[0m[0m
[self_driving-10] [0m[INFO] [1782501606.719214555] [self_driving]: [1;33m175[0m[0m
[self_driving-10] [0m[INFO] [1782501606.775447648] [self_driving]: [1;33m175[0m[0m
[self_driving-10] [0m[INFO] [1782501606.857136592] [self_driving]: [1;33m175[0m[0m
[self_driving-10] [0m[INFO] [1782501606.903915611] [self_driving]: [1;33m175[0m[0m
[self_driving-10] [0m[INFO] [1782501606.942460240] [self_driving]: objects=1[0m
[self_driving-10] [0m[INFO] [1782501606.945781444] [self_driving]: [DET] crosswalk: cx=387, cy=197, box=array('i', [293, 193, 482, 202]), score=0.79[0m
[self_driving-10] [0m[INFO] [1782501606.950678499] [self_driving]: objects=1[0m
[self_driving-10] [0m[INFO] [1782501606.952481481] [self_driving]: [DET] crosswalk: cx=387, cy=175, box=array('i', [324, 173, 450, 178]), score=0.57[0m
[self_driving-10] [0m[INFO] [1782501607.002874610] [self_driving]: [1;33m175[0m[0m
[self_driving-10] [0m[INFO] [1782501607.059022944] [self_driving]: [1;33m175[0m[0m
[self_driving-10] [0m[INFO] [1782501607.120405629] [self_driving]: [1;33m175[0m[0m
[self_driving-10] [0m[INFO] [1782501607.181948833] [self_driving]: [1;33m175[0m[0m
[self_driving-10] [0m[INFO] [1782501607.244191277] [self_driving]: [1;33m175[0m[0m
[self_driving-10] [0m[INFO] [1782501607.317890592] [self_driving]: [1;33m175[0m[0m
[self_driving-10] [0m[INFO] [1782501607.366431629] [self_driving]: objects=1[0m
[self_driving-10] [0m[INFO] [1782501607.369813055] [self_driving]: [DET] crosswalk: cx=387, cy=197, box=array('i', [293, 193, 482, 202]), score=0.79[0m
[self_driving-10] [0m[INFO] [1782501607.374516258] [self_driving]: objects=1[0m
[self_driving-10] [0m[INFO] [1782501607.375658684] [self_driving]: [DET] crosswalk: cx=387, cy=175, box=array('i', [325, 173, 450, 178]), score=0.55[0m
[self_driving-10] [0m[INFO] [1782501607.413862610] [self_driving]: [1;33m175[0m[0m
[self_driving-10] [0m[INFO] [1782501607.459784462] [self_driving]: [1;33m175[0m[0m
[self_driving-10] [0m[INFO] [1782501607.528178073] [self_driving]: [1;33m175[0m[0m
[self_driving-10] [0m[INFO] [1782501607.597041055] [self_driving]: [1;33m175[0m[0m
[self_driving-10] [0m[INFO] [1782501607.658385647] [self_driving]: [1;33m175[0m[0m
[self_driving-10] [0m[INFO] [1782501607.714967629] [self_driving]: [1;33m175[0m[0m
[self_driving-10] [0m[INFO] [1782501607.788266258] [self_driving]: objects=1[0m
[self_driving-10] [0m[INFO] [1782501607.801971443] [self_driving]: [1;33m175[0m[0m
[self_driving-10] [0m[INFO] [1782501607.814222814] [self_driving]: [DET] crosswalk: cx=386, cy=175, box=array('i', [324, 173, 449, 178]), score=0.57[0m
[self_driving-10] [0m[INFO] [1782501607.867440943] [self_driving]: [1;33m175[0m[0m
[self_driving-10] [0m[INFO] [1782501607.926484832] [self_driving]: [1;33m175[0m[0m
[self_driving-10] [0m[INFO] [1782501607.996260165] [self_driving]: [1;33m175[0m[0m
[self_driving-10] [0m[INFO] [1782501608.062511147] [self_driving]: [1;33m175[0m[0m
[self_driving-10] [0m[INFO] [1782501608.123122110] [self_driving]: [1;33m175[0m[0m
[self_driving-10] [0m[INFO] [1782501608.194870684] [self_driving]: [1;33m175[0m[0m
[self_driving-10] [0m[INFO] [1782501608.208638702] [self_driving]: objects=1[0m
[self_driving-10] [0m[INFO] [1782501608.209404813] [self_driving]: [DET] crosswalk: cx=387, cy=198, box=array('i', [294, 194, 481, 203]), score=0.78[0m
[self_driving-10] [0m[INFO] [1782501608.214101369] [self_driving]: objects=1[0m
[self_driving-10] [0m[INFO] [1782501608.217996999] [self_driving]: [DET] crosswalk: cx=386, cy=176, box=array('i', [325, 174, 448, 179]), score=0.67[0m
[self_driving-10] [0m[INFO] [1782501608.285127739] [self_driving]: [1;33m176[0m[0m
[self_driving-10] [0m[INFO] [1782501608.332736054] [self_driving]: [1;33m176[0m[0m
[self_driving-10] [0m[INFO] [1782501608.384819906] [self_driving]: [1;33m176[0m[0m
[self_driving-10] [0m[INFO] [1782501608.452439795] [self_driving]: [1;33m176[0m[0m
[self_driving-10] [0m[INFO] [1782501608.525665998] [self_driving]: [1;33m176[0m[0m
[self_driving-10] [0m[INFO] [1782501608.590297276] [self_driving]: objects=1[0m
[self_driving-10] [0m[INFO] [1782501608.592463850] [self_driving]: [DET] crosswalk: cx=388, cy=199, box=array('i', [294, 195, 482, 203]), score=0.77[0m
[self_driving-10] [0m[INFO] [1782501608.635449832] [self_driving]: objects=1[0m
[self_driving-10] [0m[INFO] [1782501608.636977406] [self_driving]: [DET] crosswalk: cx=387, cy=192, box=array('i', [311, 188, 464, 196]), score=0.27[0m
[self_driving-10] [0m[INFO] [1782501608.669353572] [self_driving]: [1;33m192[0m[0m
[self_driving-10] [0m[INFO] [1782501608.683244887] [self_driving]: [1;33m192[0m[0m
[self_driving-10] [0m[INFO] [1782501608.741373091] [self_driving]: [1;33m192[0m[0m
[self_driving-10] [0m[INFO] [1782501608.795603535] [self_driving]: [1;33m192[0m[0m
[self_driving-10] [0m[INFO] [1782501608.864685183] [self_driving]: [1;33m192[0m[0m
[self_driving-10] [0m[INFO] [1782501608.929853813] [self_driving]: [1;33m192[0m[0m
[self_driving-10] [0m[INFO] [1782501608.988667276] [self_driving]: [1;33m192[0m[0m
[self_driving-10] [0m[INFO] [1782501609.024162220] [self_driving]: objects=1[0m
[self_driving-10] [0m[INFO] [1782501609.028182702] [self_driving]: [DET] crosswalk: cx=400, cy=190, box=array('i', [298, 183, 502, 197]), score=0.81[0m
[self_driving-10] [0m[INFO] [1782501609.035246146] [self_driving]: objects=1[0m
[self_driving-10] [0m[INFO] [1782501609.036283202] [self_driving]: [DET] crosswalk: cx=391, cy=164, box=array('i', [326, 160, 457, 168]), score=0.71[0m
[self_driving-10] [0m[INFO] [1782501609.097145035] [self_driving]: [1;33m164[0m[0m
[self_driving-10] [0m[INFO] [1782501609.142660220] [self_driving]: [1;33m164[0m[0m
[self_driving-10] [0m[INFO] [1782501609.201049683] [self_driving]: [1;33m164[0m[0m
[self_driving-10] [0m[INFO] [1782501609.273680535] [self_driving]: [1;33m164[0m[0m
[self_driving-10] [0m[INFO] [1782501609.339277757] [self_driving]: [1;33m164[0m[0m
[self_driving-10] [0m[INFO] [1782501609.411898553] [self_driving]: [1;33m164[0m[0m
[self_driving-10] [0m[INFO] [1782501609.460479516] [self_driving]: [1;33m164[0m[0m
[self_driving-10] [0m[INFO] [1782501609.469618942] [self_driving]: objects=1[0m
[self_driving-10] [0m[INFO] [1782501609.471570720] [self_driving]: [DET] crosswalk: cx=393, cy=204, box=array('i', [270, 197, 516, 211]), score=0.85[0m
[self_driving-10] [0m[INFO] [1782501609.475942553] [self_driving]: objects=1[0m
[self_driving-10] [0m[INFO] [1782501609.477136924] [self_driving]: [DET] crosswalk: cx=388, cy=173, box=array('i', [312, 170, 464, 177]), score=0.74[0m
[self_driving-10] [0m[INFO] [1782501609.554429146] [self_driving]: [1;33m173[0m[0m
[self_driving-10] [0m[INFO] [1782501609.596409220] [self_driving]: [1;33m173[0m[0m
[self_driving-10] [0m[INFO] [1782501609.666918739] [self_driving]: [1;33m173[0m[0m
[self_driving-10] [0m[INFO] [1782501609.736312238] [self_driving]: [1;33m173[0m[0m
[self_driving-10] [0m[INFO] [1782501609.811237442] [self_driving]: [1;33m173[0m[0m
[self_driving-10] [0m[INFO] [1782501609.874106109] [self_driving]: [1;33m173[0m[0m
[self_driving-10] [0m[INFO] [1782501609.884349442] [self_driving]: objects=1[0m
[self_driving-10] [0m[INFO] [1782501609.884826368] [self_driving]: [DET] crosswalk: cx=390, cy=208, box=array('i', [266, 201, 515, 215]), score=0.85[0m
[self_driving-10] [0m[INFO] [1782501609.889690535] [self_driving]: objects=1[0m
[self_driving-10] [0m[INFO] [1782501609.893613331] [self_driving]: [DET] crosswalk: cx=387, cy=177, box=array('i', [314, 174, 461, 180]), score=0.72[0m
[self_driving-10] [0m[INFO] [1782501609.953729553] [self_driving]: [1;33m177[0m[0m
[self_driving-10] [0m[INFO] [1782501610.011712905] [self_driving]: [1;33m177[0m[0m
[self_driving-10] [0m[INFO] [1782501610.069297572] [self_driving]: [1;33m177[0m[0m
[self_driving-10] [0m[INFO] [1782501610.134175460] [self_driving]: [1;33m177[0m[0m
[self_driving-10] [0m[INFO] [1782501610.203998331] [self_driving]: [1;33m177[0m[0m
[self_driving-10] [0m[INFO] [1782501610.282063294] [self_driving]: [1;33m177[0m[0m
[self_driving-10] [0m[INFO] [1782501610.292147923] [self_driving]: objects=1[0m
[self_driving-10] [0m[INFO] [1782501610.294030942] [self_driving]: [DET] crosswalk: cx=390, cy=208, box=array('i', [265, 201, 515, 215]), score=0.84[0m
[self_driving-10] [0m[INFO] [1782501610.297626238] [self_driving]: objects=1[0m
[self_driving-10] [0m[INFO] [1782501610.299185997] [self_driving]: [DET] crosswalk: cx=387, cy=177, box=array('i', [315, 174, 460, 180]), score=0.72[0m
[self_driving-10] [0m[INFO] [1782501610.363859738] [self_driving]: [1;33m177[0m[0m
[self_driving-10] [0m[INFO] [1782501610.408716220] [self_driving]: [1;33m177[0m[0m
[self_driving-10] [0m[INFO] [1782501610.480171979] [self_driving]: [1;33m177[0m[0m
[self_driving-10] [0m[INFO] [1782501610.550313516] [self_driving]: [1;33m177[0m[0m
[self_driving-10] [0m[INFO] [1782501610.612756405] [self_driving]: [1;33m177[0m[0m
[self_driving-10] [0m[INFO] [1782501610.682441997] [self_driving]: objects=1[0m
[self_driving-10] [0m[INFO] [1782501610.685059719] [self_driving]: [DET] crosswalk: cx=390, cy=208, box=array('i', [266, 201, 515, 215]), score=0.85[0m
[self_driving-10] [0m[INFO] [1782501610.685765534] [self_driving]: [1;33m177[0m[0m
[self_driving-10] [0m[INFO] [1782501610.691694479] [self_driving]: objects=1[0m
[self_driving-10] [0m[INFO] [1782501610.693740923] [self_driving]: [DET] crosswalk: cx=387, cy=177, box=array('i', [314, 174, 461, 180]), score=0.72[0m
[self_driving-10] [0m[INFO] [1782501610.772746867] [self_driving]: [1;33m177[0m[0m
[self_driving-10] [0m[INFO] [1782501610.820423793] [self_driving]: [1;33m177[0m[0m
[self_driving-10] [0m[INFO] [1782501610.875489404] [self_driving]: [1;33m177[0m[0m
[self_driving-10] [0m[INFO] [1782501610.948654312] [self_driving]: [1;33m177[0m[0m
[self_driving-10] [0m[INFO] [1782501611.022327756] [self_driving]: [1;33m177[0m[0m
[self_driving-10] [0m[INFO] [1782501611.093541719] [self_driving]: [1;33m177[0m[0m
[self_driving-10] [0m[INFO] [1782501611.106284978] [self_driving]: objects=1[0m
[self_driving-10] [0m[INFO] [1782501611.109440330] [self_driving]: [DET] crosswalk: cx=391, cy=208, box=array('i', [266, 201, 516, 215]), score=0.85[0m
[self_driving-10] [0m[INFO] [1782501611.117055719] [self_driving]: objects=1[0m
[self_driving-10] [0m[INFO] [1782501611.119027515] [self_driving]: [DET] crosswalk: cx=387, cy=177, box=array('i', [313, 174, 461, 180]), score=0.71[0m
[self_driving-10] [0m[INFO] [1782501611.171764238] [self_driving]: [1;33m177[0m[0m
[self_driving-10] [0m[INFO] [1782501611.224871960] [self_driving]: [1;33m177[0m[0m
[self_driving-10] [0m[INFO] [1782501611.307823312] [self_driving]: [1;33m177[0m[0m
[self_driving-10] [0m[INFO] [1782501611.360283200] [self_driving]: [1;33m177[0m[0m
[self_driving-10] [0m[INFO] [1782501611.422753682] [self_driving]: [1;33m177[0m[0m
[self_driving-10] [0m[INFO] [1782501611.493195182] [self_driving]: [1;33m177[0m[0m
[self_driving-10] [0m[INFO] [1782501611.552772904] [self_driving]: objects=1[0m
[self_driving-10] [0m[INFO] [1782501611.559003608] [self_driving]: [1;33m177[0m[0m
[self_driving-10] [0m[INFO] [1782501611.561892571] [self_driving]: [DET] crosswalk: cx=390, cy=208, box=array('i', [266, 201, 515, 215]), score=0.84[0m
[self_driving-10] [0m[INFO] [1782501611.575085626] [self_driving]: objects=1[0m
[self_driving-10] [0m[INFO] [1782501611.588766497] [self_driving]: [DET] crosswalk: cx=387, cy=177, box=array('i', [313, 174, 462, 180]), score=0.71[0m
[self_driving-10] [0m[INFO] [1782501611.630969071] [self_driving]: [1;33m177[0m[0m
[self_driving-10] [0m[INFO] [1782501611.696881589] [self_driving]: [1;33m177[0m[0m
[self_driving-10] [0m[INFO] [1782501611.758176108] [self_driving]: [1;33m177[0m[0m
[self_driving-10] [0m[INFO] [1782501611.816631552] [self_driving]: [1;33m177[0m[0m
[self_driving-10] [0m[INFO] [1782501611.897092645] [self_driving]: [1;33m177[0m[0m
[self_driving-10] [0m[INFO] [1782501611.952495700] [self_driving]: [1;33m177[0m[0m
[self_driving-10] [0m[INFO] [1782501611.968538645] [self_driving]: objects=1[0m
[self_driving-10] [0m[INFO] [1782501611.969713608] [self_driving]: [DET] crosswalk: cx=391, cy=208, box=array('i', [266, 201, 516, 215]), score=0.84[0m
[self_driving-10] [0m[INFO] [1782501611.974796756] [self_driving]: objects=1[0m
[self_driving-10] [0m[INFO] [1782501611.979679330] [self_driving]: [DET] crosswalk: cx=387, cy=177, box=array('i', [314, 174, 461, 180]), score=0.71[0m
[self_driving-10] [0m[INFO] [1782501612.034418811] [self_driving]: [1;33m177[0m[0m
[self_driving-10] [0m[INFO] [1782501612.100320867] [self_driving]: [1;33m177[0m[0m
[self_driving-10] [0m[INFO] [1782501612.166471663] [self_driving]: [1;33m177[0m[0m
[self_driving-10] [0m[INFO] [1782501612.223897293] [self_driving]: [1;33m177[0m[0m
[self_driving-10] [0m[INFO] [1782501612.289466700] [self_driving]: [1;33m177[0m[0m
[self_driving-10] [0m[INFO] [1782501612.362121885] [self_driving]: [1;33m177[0m[0m
[self_driving-10] [0m[INFO] [1782501612.379981089] [self_driving]: objects=1[0m
[self_driving-10] [0m[INFO] [1782501612.381860941] [self_driving]: [DET] crosswalk: cx=390, cy=207, box=array('i', [266, 201, 514, 214]), score=0.84[0m
[self_driving-10] [0m[INFO] [1782501612.391764496] [self_driving]: objects=1[0m
[self_driving-10] [0m[INFO] [1782501612.393908904] [self_driving]: [DET] crosswalk: cx=387, cy=177, box=array('i', [314, 174, 461, 180]), score=0.72[0m
[self_driving-10] [0m[INFO] [1782501612.450477070] [self_driving]: [1;33m177[0m[0m
[self_driving-10] [0m[INFO] [1782501612.498330292] [self_driving]: [1;33m177[0m[0m
[self_driving-10] [0m[INFO] [1782501612.563448811] [self_driving]: [1;33m177[0m[0m
[self_driving-10] [0m[INFO] [1782501612.628741200] [self_driving]: [1;33m177[0m[0m
[self_driving-10] [0m[INFO] [1782501612.695085903] [self_driving]: [1;33m177[0m[0m
[self_driving-10] [0m[INFO] [1782501612.767495070] [self_driving]: [1;33m177[0m[0m
[self_driving-10] [0m[INFO] [1782501612.777573422] [self_driving]: objects=1[0m
[self_driving-10] [0m[INFO] [1782501612.778675255] [self_driving]: [DET] crosswalk: cx=390, cy=207, box=array('i', [265, 201, 515, 214]), score=0.83[0m
[self_driving-10] [0m[INFO] [1782501612.790330385] [self_driving]: objects=1[0m
[self_driving-10] [0m[INFO] [1782501612.792179200] [self_driving]: [DET] crosswalk: cx=387, cy=177, box=array('i', [313, 174, 461, 180]), score=0.71[0m
[self_driving-10] [0m[INFO] [1782501612.839170848] [self_driving]: [1;33m177[0m[0m
[self_driving-10] [0m[INFO] [1782501612.892149922] [self_driving]: [1;33m177[0m[0m
[self_driving-10] [0m[INFO] [1782501612.964700107] [self_driving]: [1;33m177[0m[0m
[self_driving-10] [0m[INFO] [1782501613.042643014] [self_driving]: [1;33m177[0m[0m
[self_driving-10] [0m[INFO] [1782501613.101275607] [self_driving]: [1;33m177[0m[0m
[self_driving-10] [0m[INFO] [1782501613.158782236] [self_driving]: [1;33m177[0m[0m
[self_driving-10] [0m[INFO] [1782501613.180156570] [self_driving]: objects=1[0m
[self_driving-10] [0m[INFO] [1782501613.182040811] [self_driving]: [DET] crosswalk: cx=390, cy=208, box=array('i', [266, 201, 515, 215]), score=0.85[0m
[self_driving-10] [0m[INFO] [1782501613.185462070] [self_driving]: objects=1[0m
[self_driving-10] [0m[INFO] [1782501613.186146736] [self_driving]: [DET] crosswalk: cx=387, cy=177, box=array('i', [314, 174, 461, 180]), score=0.72[0m
[self_driving-10] [0m[INFO] [1782501613.246811459] [self_driving]: [1;33m177[0m[0m
[self_driving-10] [0m[INFO] [1782501613.292447662] [self_driving]: [1;33m177[0m[0m
[self_driving-10] [0m[INFO] [1782501613.359991292] [self_driving]: [1;33m177[0m[0m
[self_driving-10] [0m[INFO] [1782501613.430991384] [self_driving]: [1;33m177[0m[0m
[self_driving-10] [0m[INFO] [1782501613.499558810] [self_driving]: [1;33m177[0m[0m
[self_driving-10] [0m[INFO] [1782501613.572227551] [self_driving]: [1;33m177[0m[0m
[self_driving-10] [0m[INFO] [1782501613.635591310] [self_driving]: [1;33m177[0m[0m
[self_driving-10] [0m[INFO] [1782501613.644685958] [self_driving]: objects=1[0m
[self_driving-10] [0m[INFO] [1782501613.646274699] [self_driving]: [DET] crosswalk: cx=390, cy=208, box=array('i', [266, 201, 515, 215]), score=0.85[0m
[self_driving-10] [0m[INFO] [1782501613.649805866] [self_driving]: objects=1[0m
[self_driving-10] [0m[INFO] [1782501613.652411551] [self_driving]: [DET] crosswalk: cx=387, cy=177, box=array('i', [314, 174, 461, 180]), score=0.71[0m
[self_driving-10] [0m[INFO] [1782501613.730687162] [self_driving]: [1;33m177[0m[0m
[self_driving-10] [0m[INFO] [1782501613.778903032] [self_driving]: [1;33m177[0m[0m
[self_driving-10] [0m[INFO] [1782501613.847791588] [self_driving]: [1;33m177[0m[0m
[self_driving-10] [0m[INFO] [1782501613.902523366] [self_driving]: [1;33m177[0m[0m
[self_driving-10] [0m[INFO] [1782501613.969923384] [self_driving]: [1;33m177[0m[0m
[self_driving-10] [0m[INFO] [1782501614.034883995] [self_driving]: [1;33m177[0m[0m
[self_driving-10] [0m[INFO] [1782501614.059884384] [self_driving]: objects=1[0m
[self_driving-10] [0m[INFO] [1782501614.060820995] [self_driving]: [DET] crosswalk: cx=390, cy=207, box=array('i', [266, 201, 515, 214]), score=0.84[0m
[self_driving-10] [0m[INFO] [1782501614.065024440] [self_driving]: objects=1[0m
[self_driving-10] [0m[INFO] [1782501614.067994199] [self_driving]: [DET] crosswalk: cx=388, cy=177, box=array('i', [314, 174, 462, 180]), score=0.71[0m
[self_driving-10] [0m[INFO] [1782501614.123531477] [self_driving]: [1;33m177[0m[0m
[self_driving-10] [0m[INFO] [1782501614.179678699] [self_driving]: [1;33m177[0m[0m
[self_driving-10] [0m[INFO] [1782501614.250461365] [self_driving]: [1;33m177[0m[0m
[self_driving-10] [0m[INFO] [1782501614.296792717] [self_driving]: [1;33m177[0m[0m
[self_driving-10] [0m[INFO] [1782501614.388266384] [self_driving]: [1;33m177[0m[0m
[self_driving-10] [0m[INFO] [1782501614.445301125] [self_driving]: [1;33m177[0m[0m
[self_driving-10] [0m[INFO] [1782501614.470777588] [self_driving]: objects=1[0m
[self_driving-10] [0m[INFO] [1782501614.471913976] [self_driving]: [DET] crosswalk: cx=390, cy=208, box=array('i', [266, 201, 515, 215]), score=0.84[0m
[self_driving-10] [0m[INFO] [1782501614.474348495] [self_driving]: objects=1[0m
[self_driving-10] [0m[INFO] [1782501614.475418773] [self_driving]: [DET] crosswalk: cx=387, cy=177, box=array('i', [314, 174, 461, 180]), score=0.73[0m
[self_driving-10] [0m[INFO] [1782501614.536852291] [self_driving]: [1;33m177[0m[0m
[self_driving-10] [0m[INFO] [1782501614.577962865] [self_driving]: [1;33m177[0m[0m
[self_driving-10] [0m[INFO] [1782501614.653115532] [self_driving]: [1;33m177[0m[0m
[self_driving-10] [0m[INFO] [1782501614.713947236] [self_driving]: [1;33m177[0m[0m
[self_driving-10] [0m[INFO] [1782501614.778162902] [self_driving]: [1;33m177[0m[0m
[self_driving-10] [0m[INFO] [1782501614.845871069] [self_driving]: [1;33m177[0m[0m
[self_driving-10] [0m[INFO] [1782501614.891158235] [self_driving]: objects=1[0m
[self_driving-10] [0m[INFO] [1782501614.895891680] [self_driving]: [DET] crosswalk: cx=390, cy=208, box=array('i', [266, 201, 515, 215]), score=0.85[0m
[self_driving-10] [0m[INFO] [1782501614.901931513] [self_driving]: objects=1[0m
[self_driving-10] [0m[INFO] [1782501614.902598569] [self_driving]: [DET] crosswalk: cx=387, cy=177, box=array('i', [313, 174, 462, 180]), score=0.71[0m
[self_driving-10] [0m[INFO] [1782501614.947280791] [self_driving]: [1;33m177[0m[0m
[ekf_node-8] Failed to meet update rate! Took 0.010675258999999999443seconds. Try decreasing the rate, limiting sensor output frequency, or limiting the number of sensors.
[self_driving-10] [0m[INFO] [1782501614.996624754] [self_driving]: [1;33m177[0m[0m
[self_driving-10] [0m[INFO] [1782501615.056965309] [self_driving]: [1;33m177[0m[0m
[self_driving-10] [0m[INFO] [1782501615.125399698] [self_driving]: [1;33m177[0m[0m
[self_driving-10] [0m[INFO] [1782501615.185967124] [self_driving]: [1;33m177[0m[0m
[self_driving-10] [0m[INFO] [1782501615.255480531] [self_driving]: [1;33m177[0m[0m
[self_driving-10] [0m[INFO] [1782501615.312085143] [self_driving]: [1;33m177[0m[0m
[self_driving-10] [0m[INFO] [1782501615.365892994] [self_driving]: objects=1[0m
[self_driving-10] [0m[INFO] [1782501615.366470531] [self_driving]: [DET] crosswalk: cx=390, cy=208, box=array('i', [266, 201, 515, 215]), score=0.84[0m
[self_driving-10] [0m[INFO] [1782501615.379317346] [self_driving]: objects=1[0m
[self_driving-10] [0m[INFO] [1782501615.384305809] [self_driving]: [DET] crosswalk: cx=387, cy=177, box=array('i', [314, 174, 461, 181]), score=0.72[0m
[self_driving-10] [0m[INFO] [1782501615.387803476] [self_driving]: [1;33m208[0m[0m
[self_driving-10] [0m[INFO] [1782501615.453654717] [self_driving]: [1;33m177[0m[0m
[self_driving-10] [0m[INFO] [1782501615.531402439] [self_driving]: [1;33m177[0m[0m
[self_driving-10] [0m[INFO] [1782501615.586408513] [self_driving]: [1;33m177[0m[0m
[self_driving-10] [0m[INFO] [1782501615.655328920] [self_driving]: [1;33m177[0m[0m
[self_driving-10] [0m[INFO] [1782501615.721006624] [self_driving]: [1;33m177[0m[0m
[self_driving-10] [0m[INFO] [1782501615.787512253] [self_driving]: [1;33m177[0m[0m
[self_driving-10] [0m[INFO] [1782501615.814717790] [self_driving]: objects=1[0m
[self_driving-10] [0m[INFO] [1782501615.815639957] [self_driving]: [DET] crosswalk: cx=390, cy=208, box=array('i', [265, 201, 515, 215]), score=0.85[0m
[self_driving-10] [0m[INFO] [1782501615.818632290] [self_driving]: objects=1[0m
[self_driving-10] [0m[INFO] [1782501615.819875679] [self_driving]: [DET] crosswalk: cx=387, cy=177, box=array('i', [313, 174, 462, 181]), score=0.71[0m
[self_driving-10] [0m[INFO] [1782501615.880896957] [self_driving]: [1;33m177[0m[0m
[self_driving-10] [0m[INFO] [1782501615.928501809] [self_driving]: [1;33m177[0m[0m
[self_driving-10] [0m[INFO] [1782501615.991694994] [self_driving]: [1;33m177[0m[0m
[self_driving-10] [0m[INFO] [1782501616.058357050] [self_driving]: [1;33m177[0m[0m
[self_driving-10] [0m[INFO] [1782501616.126005864] [self_driving]: [1;33m177[0m[0m
[self_driving-10] [0m[INFO] [1782501616.191862735] [self_driving]: [1;33m177[0m[0m
[self_driving-10] [0m[INFO] [1782501616.234638383] [self_driving]: objects=1[0m
[self_driving-10] [0m[INFO] [1782501616.237028679] [self_driving]: [DET] crosswalk: cx=390, cy=208, box=array('i', [265, 201, 515, 215]), score=0.85[0m
[self_driving-10] [0m[INFO] [1782501616.244761290] [self_driving]: objects=1[0m
[self_driving-10] [0m[INFO] [1782501616.252626235] [self_driving]: [DET] crosswalk: cx=388, cy=178, box=array('i', [314, 175, 462, 181]), score=0.71[0m
[self_driving-10] [0m[INFO] [1782501616.257533049] [self_driving]: [1;33m178[0m[0m
[self_driving-10] [0m[INFO] [1782501616.324942549] [self_driving]: [1;33m178[0m[0m
[self_driving-10] [0m[INFO] [1782501616.400653401] [self_driving]: [1;33m178[0m[0m
[self_driving-10] [0m[INFO] [1782501616.456781790] [self_driving]: [1;33m178[0m[0m
[self_driving-10] [0m[INFO] [1782501616.519409086] [self_driving]: [1;33m178[0m[0m
[self_driving-10] [0m[INFO] [1782501616.595683308] [self_driving]: [1;33m178[0m[0m
[self_driving-10] [0m[INFO] [1782501616.625852401] [self_driving]: objects=1[0m
[self_driving-10] [0m[INFO] [1782501616.627039697] [self_driving]: [DET] crosswalk: cx=390, cy=208, box=array('i', [265, 201, 515, 215]), score=0.84[0m
[self_driving-10] [0m[INFO] [1782501616.629837345] [self_driving]: objects=1[0m
[self_driving-10] [0m[INFO] [1782501616.631712086] [self_driving]: [DET] crosswalk: cx=388, cy=178, box=array('i', [314, 175, 462, 181]), score=0.71[0m
[self_driving-10] [0m[INFO] [1782501616.677724753] [self_driving]: [1;33m178[0m[0m
[self_driving-10] [0m[INFO] [1782501616.723170031] [self_driving]: [1;33m178[0m[0m
[self_driving-10] [0m[INFO] [1782501616.792811475] [self_driving]: [1;33m178[0m[0m
[self_driving-10] [0m[INFO] [1782501616.853344382] [self_driving]: [1;33m178[0m[0m
[self_driving-10] [0m[INFO] [1782501616.927665771] [self_driving]: [1;33m178[0m[0m
[self_driving-10] [0m[INFO] [1782501617.003292753] [self_driving]: [1;33m178[0m[0m
[self_driving-10] [0m[INFO] [1782501617.033355512] [self_driving]: objects=1[0m
[self_driving-10] [0m[INFO] [1782501617.035211734] [self_driving]: [DET] crosswalk: cx=389, cy=207, box=array('i', [265, 201, 514, 214]), score=0.84[0m
[self_driving-10] [0m[INFO] [1782501617.039514771] [self_driving]: objects=1[0m
[self_driving-10] [0m[INFO] [1782501617.040469401] [self_driving]: [DET] crosswalk: cx=387, cy=177, box=array('i', [314, 174, 460, 180]), score=0.73[0m
[self_driving-10] [0m[INFO] [1782501617.085429234] [self_driving]: [1;33m177[0m[0m
[self_driving-10] [0m[INFO] [1782501617.129857179] [self_driving]: [1;33m177[0m[0m
[self_driving-10] [0m[INFO] [1782501617.205512919] [self_driving]: [1;33m177[0m[0m
[self_driving-10] [0m[INFO] [1782501617.267097456] [self_driving]: [1;33m177[0m[0m
[self_driving-10] [0m[INFO] [1782501617.340972215] [self_driving]: [1;33m177[0m[0m
[self_driving-10] [0m[INFO] [1782501617.389784178] [self_driving]: [1;33m177[0m[0m
[self_driving-10] [0m[INFO] [1782501617.444885234] [self_driving]: objects=1[0m
[self_driving-10] [0m[INFO] [1782501617.445893419] [self_driving]: [DET] crosswalk: cx=390, cy=207, box=array('i', [265, 201, 515, 214]), score=0.84[0m
[self_driving-10] [0m[INFO] [1782501617.454404456] [self_driving]: objects=1[0m
[self_driving-10] [0m[INFO] [1782501617.455685160] [self_driving]: [DET] crosswalk: cx=387, cy=177, box=array('i', [315, 174, 460, 180]), score=0.72[0m
[self_driving-10] [0m[INFO] [1782501617.496987845] [self_driving]: [1;33m177[0m[0m
[self_driving-10] [0m[INFO] [1782501617.539573160] [self_driving]: [1;33m177[0m[0m
[self_driving-10] [0m[INFO] [1782501617.606369382] [self_driving]: [1;33m177[0m[0m
[self_driving-10] [0m[INFO] [1782501617.665633419] [self_driving]: [1;33m177[0m[0m
[self_driving-10] [0m[INFO] [1782501617.743596011] [self_driving]: [1;33m177[0m[0m
[self_driving-10] [0m[INFO] [1782501617.800290530] [self_driving]: [1;33m177[0m[0m
[self_driving-10] [0m[INFO] [1782501617.861649585] [self_driving]: [1;33m177[0m[0m
[self_driving-10] [0m[INFO] [1782501617.915277900] [self_driving]: objects=1[0m
[self_driving-10] [0m[INFO] [1782501617.917673345] [self_driving]: [DET] crosswalk: cx=387, cy=177, box=array('i', [315, 174, 460, 180]), score=0.71[0m
[self_driving-10] [0m[INFO] [1782501617.949918067] [self_driving]: [1;33m177[0m[0m
[self_driving-10] [0m[INFO] [1782501618.012285382] [self_driving]: [1;33m177[0m[0m
[self_driving-10] [0m[INFO] [1782501618.075478530] [self_driving]: [1;33m177[0m[0m
[self_driving-10] [0m[INFO] [1782501618.139379419] [self_driving]: [1;33m177[0m[0m
[self_driving-10] [0m[INFO] [1782501618.194844067] [self_driving]: [1;33m177[0m[0m
[self_driving-10] [0m[INFO] [1782501618.268975085] [self_driving]: [1;33m177[0m[0m
[self_driving-10] [0m[INFO] [1782501618.312054807] [self_driving]: objects=1[0m
[self_driving-10] [0m[INFO] [1782501618.312785789] [self_driving]: [DET] crosswalk: cx=389, cy=207, box=array('i', [264, 201, 514, 214]), score=0.84[0m
[self_driving-10] [0m[INFO] [1782501618.318323011] [self_driving]: objects=1[0m
[self_driving-10] [0m[INFO] [1782501618.321097382] [self_driving]: [DET] crosswalk: cx=387, cy=177, box=array('i', [315, 174, 460, 180]), score=0.71[0m
[self_driving-10] [0m[INFO] [1782501618.348853974] [self_driving]: [1;33m177[0m[0m
[self_driving-10] [0m[INFO] [1782501618.415850067] [self_driving]: [1;33m177[0m[0m
[self_driving-10] [0m[INFO] [1782501618.467386789] [self_driving]: [1;33m177[0m[0m
[self_driving-10] [0m[INFO] [1782501618.543818030] [self_driving]: [1;33m177[0m[0m
[self_driving-10] [0m[INFO] [1782501618.615020122] [self_driving]: [1;33m177[0m[0m
[self_driving-10] [0m[INFO] [1782501618.681420511] [self_driving]: [1;33m177[0m[0m
[self_driving-10] [0m[INFO] [1782501618.718698344] [self_driving]: objects=1[0m
[self_driving-10] [0m[INFO] [1782501618.719549233] [self_driving]: [DET] crosswalk: cx=388, cy=178, box=array('i', [314, 175, 462, 181]), score=0.71[0m
[self_driving-10] [0m[INFO] [1782501618.766280789] [self_driving]: [1;33m178[0m[0m
[self_driving-10] [0m[INFO] [1782501618.823061529] [self_driving]: [1;33m178[0m[0m
[self_driving-10] [0m[INFO] [1782501618.886674696] [self_driving]: [1;33m178[0m[0m
[self_driving-10] [0m[INFO] [1782501618.948462529] [self_driving]: [1;33m178[0m[0m
[self_driving-10] [0m[INFO] [1782501619.011145140] [self_driving]: [1;33m178[0m[0m
[self_driving-10] [0m[INFO] [1782501619.092455974] [self_driving]: [1;33m178[0m[0m
[self_driving-10] [0m[INFO] [1782501619.131250251] [self_driving]: objects=1[0m
[self_driving-10] [0m[INFO] [1782501619.131971900] [self_driving]: [DET] crosswalk: cx=293, cy=288, box=array('i', [177, 231, 409, 346]), score=0.61[0m
[self_driving-10] [0m[INFO] [1782501619.170728585] [self_driving]: [1;33m288[0m[0m
[self_driving-10] [0m[INFO] [1782501619.215937881] [self_driving]: [1;33m288[0m[0m
[self_driving-10] [0m[INFO] [1782501619.273443159] [self_driving]: [1;33m288[0m[0m
[self_driving-10] [0m[INFO] [1782501619.354234529] [self_driving]: [1;33m288[0m[0m
[self_driving-10] [0m[INFO] [1782501619.406910603] [self_driving]: [1;33m288[0m[0m
[self_driving-10] [0m[INFO] [1782501619.495097085] [self_driving]: [1;33m288[0m[0m
[self_driving-10] [0m[INFO] [1782501619.544446659] [self_driving]: [1;33m288[0m[0m
[self_driving-10] [0m[INFO] [1782501619.616645566] [self_driving]: [1;33m288[0m[0m
[self_driving-10] [0m[INFO] [1782501619.683722547] [self_driving]: [1;33m288[0m[0m
[self_driving-10] [0m[INFO] [1782501619.761367121] [self_driving]: [1;33m288[0m[0m
[self_driving-10] [0m[INFO] [1782501619.821043270] [self_driving]: [1;33m288[0m[0m
[self_driving-10] [0m[INFO] [1782501619.890107732] [self_driving]: [1;33m288[0m[0m
[self_driving-10] [0m[INFO] [1782501619.961374510] [self_driving]: [1;33m288[0m[0m
[self_driving-10] [0m[INFO] [1782501620.039832214] [self_driving]: [1;33m288[0m[0m
[self_driving-10] [0m[INFO] [1782501620.089061177] [self_driving]: [1;33m288[0m[0m
[self_driving-10] [0m[INFO] [1782501620.160029195] [self_driving]: [1;33m288[0m[0m
[self_driving-10] [0m[INFO] [1782501620.222640806] [self_driving]: [1;33m288[0m[0m
[self_driving-10] [0m[INFO] [1782501620.290921214] [self_driving]: [1;33m288[0m[0m
[self_driving-10] [0m[INFO] [1782501620.347233769] [self_driving]: [1;33m288[0m[0m
[self_driving-10] [0m[INFO] [1782501620.444841584] [self_driving]: [1;33m288[0m[0m
[self_driving-10] [0m[INFO] [1782501620.487817639] [self_driving]: [1;33m288[0m[0m
[self_driving-10] [0m[INFO] [1782501620.571082658] [self_driving]: [1;33m288[0m[0m
[self_driving-10] [0m[INFO] [1782501620.629865658] [self_driving]: [1;33m288[0m[0m
[self_driving-10] [0m[INFO] [1782501620.681508195] [self_driving]: [1;33m288[0m[0m
[self_driving-10] [0m[INFO] [1782501620.764913176] [self_driving]: [1;33m288[0m[0m
[self_driving-10] [0m[INFO] [1782501620.848724695] [self_driving]: [1;33m288[0m[0m
[self_driving-10] [0m[INFO] [1782501620.902055676] [self_driving]: [1;33m288[0m[0m
[self_driving-10] [0m[INFO] [1782501620.967501750] [self_driving]: [1;33m288[0m[0m
[self_driving-10] [0m[INFO] [1782501621.036683769] [self_driving]: [1;33m288[0m[0m
[self_driving-10] [0m[INFO] [1782501621.088759806] [self_driving]: [1;33m288[0m[0m
[self_driving-10] [0m[INFO] [1782501621.149954639] [self_driving]: [1;33m288[0m[0m
[self_driving-10] [0m[INFO] [1782501621.233520287] [self_driving]: [1;33m288[0m[0m
[self_driving-10] [0m[INFO] [1782501621.288813213] [self_driving]: [1;33m288[0m[0m
[self_driving-10] [0m[INFO] [1782501621.357806713] [self_driving]: [1;33m288[0m[0m
[self_driving-10] [0m[INFO] [1782501621.418118528] [self_driving]: [1;33m288[0m[0m
[self_driving-10] [0m[INFO] [1782501621.500434565] [self_driving]: [1;33m288[0m[0m
[self_driving-10] [0m[INFO] [1782501621.558554880] [self_driving]: [1;33m288[0m[0m
[self_driving-10] [0m[INFO] [1782501621.650796065] [self_driving]: [1;33m288[0m[0m
[self_driving-10] [0m[INFO] [1782501621.702789083] [self_driving]: [1;33m288[0m[0m
[self_driving-10] [0m[INFO] [1782501621.773544157] [self_driving]: [1;33m288[0m[0m
[self_driving-10] [0m[INFO] [1782501621.835435491] [self_driving]: [1;33m288[0m[0m
[self_driving-10] [0m[INFO] [1782501621.912015268] [self_driving]: [1;33m288[0m[0m
[self_driving-10] [0m[INFO] [1782501621.973057453] [self_driving]: [1;33m288[0m[0m
[self_driving-10] [0m[INFO] [1782501622.027754602] [self_driving]: [1;33m288[0m[0m
[self_driving-10] [0m[INFO] [1782501622.105661064] [self_driving]: [1;33m288[0m[0m
[self_driving-10] [0m[INFO] [1782501622.176915472] [self_driving]: [1;33m288[0m[0m
[self_driving-10] [0m[INFO] [1782501622.226437046] [self_driving]: [1;33m288[0m[0m
[self_driving-10] [0m[INFO] [1782501622.291082027] [self_driving]: [1;33m288[0m[0m
[self_driving-10] [0m[INFO] [1782501622.358614731] [self_driving]: [1;33m288[0m[0m
[self_driving-10] [0m[INFO] [1782501622.464960416] [self_driving]: [1;33m288[0m[0m
[self_driving-10] [0m[INFO] [1782501622.526259935] [self_driving]: [1;33m288[0m[0m
[self_driving-10] [0m[INFO] [1782501622.571898101] [self_driving]: [1;33m288[0m[0m
[self_driving-10] [0m[INFO] [1782501622.637141212] [self_driving]: [1;33m288[0m[0m
[self_driving-10] [0m[INFO] [1782501622.708133990] [self_driving]: [1;33m288[0m[0m
[self_driving-10] [0m[INFO] [1782501622.781361194] [self_driving]: [1;33m288[0m[0m
[self_driving-10] [0m[INFO] [1782501622.873863342] [self_driving]: [1;33m288[0m[0m
[self_driving-10] [0m[INFO] [1782501622.913973860] [self_driving]: [1;33m288[0m[0m
[self_driving-10] [0m[INFO] [1782501622.985859768] [self_driving]: [1;33m288[0m[0m
[self_driving-10] [0m[INFO] [1782501623.040195694] [self_driving]: [1;33m288[0m[0m
[self_driving-10] [0m[INFO] [1782501623.122276731] [self_driving]: [1;33m288[0m[0m
[self_driving-10] [0m[INFO] [1782501623.185510786] [self_driving]: [1;33m288[0m[0m
[self_driving-10] [0m[INFO] [1782501623.257632527] [self_driving]: [1;33m288[0m[0m
[self_driving-10] [0m[INFO] [1782501623.300723008] [self_driving]: [1;33m288[0m[0m
[self_driving-10] [0m[INFO] [1782501623.386793490] [self_driving]: [1;33m288[0m[0m
[self_driving-10] [0m[INFO] [1782501623.450996638] [self_driving]: [1;33m288[0m[0m
[self_driving-10] [0m[INFO] [1782501623.519080286] [self_driving]: [1;33m288[0m[0m
[self_driving-10] [0m[INFO] [1782501623.573141193] [self_driving]: [1;33m288[0m[0m
[self_driving-10] [0m[INFO] [1782501623.662990286] [self_driving]: [1;33m288[0m[0m
[self_driving-10] [0m[INFO] [1782501623.716462619] [self_driving]: [1;33m288[0m[0m
[self_driving-10] [0m[INFO] [1782501623.792676119] [self_driving]: [1;33m288[0m[0m
[self_driving-10] [0m[INFO] [1782501623.840752675] [self_driving]: [1;33m288[0m[0m
[self_driving-10] [0m[INFO] [1782501623.924729174] [self_driving]: [1;33m288[0m[0m
[self_driving-10] [0m[INFO] [1782501623.991976434] [self_driving]: [1;33m288[0m[0m
[self_driving-10] [0m[INFO] [1782501624.072863156] [self_driving]: [1;33m288[0m[0m
[self_driving-10] [0m[INFO] [1782501624.131352637] [self_driving]: [1;33m288[0m[0m
[self_driving-10] [0m[INFO] [1782501624.198241452] [self_driving]: [1;33m288[0m[0m
[self_driving-10] [0m[INFO] [1782501624.251578619] [self_driving]: [1;33m288[0m[0m
[self_driving-10] [0m[INFO] [1782501624.322818582] [self_driving]: [1;33m288[0m[0m
[self_driving-10] [0m[INFO] [1782501624.392193193] [self_driving]: [1;33m288[0m[0m
[self_driving-10] [0m[INFO] [1782501624.479433730] [self_driving]: [1;33m288[0m[0m
[self_driving-10] [0m[INFO] [1782501624.532954193] [self_driving]: [1;33m288[0m[0m
[self_driving-10] [0m[INFO] [1782501624.593614674] [self_driving]: [1;33m288[0m[0m
[self_driving-10] [0m[INFO] [1782501624.654158193] [self_driving]: [1;33m288[0m[0m
[self_driving-10] [0m[INFO] [1782501624.727230618] [self_driving]: [1;33m288[0m[0m
[self_driving-10] [0m[INFO] [1782501624.802300174] [self_driving]: [1;33m288[0m[0m
[self_driving-10] [0m[INFO] [1782501624.885587766] [self_driving]: [1;33m288[0m[0m
[self_driving-10] [0m[INFO] [1782501624.941541563] [self_driving]: [1;33m288[0m[0m
[self_driving-10] [0m[INFO] [1782501625.004351248] [self_driving]: [1;33m288[0m[0m
[self_driving-10] [0m[INFO] [1782501625.064924285] [self_driving]: [1;33m288[0m[0m
[self_driving-10] [0m[INFO] [1782501625.128929470] [self_driving]: [1;33m288[0m[0m
[self_driving-10] [0m[INFO] [1782501625.193298822] [self_driving]: [1;33m288[0m[0m
[self_driving-10] [0m[INFO] [1782501625.252025692] [self_driving]: [1;33m288[0m[0m
[self_driving-10] [0m[INFO] [1782501625.281091192] [self_driving]: objects=1[0m
[self_driving-10] [0m[INFO] [1782501625.282454266] [self_driving]: [DET] crosswalk: cx=581, cy=17, box=array('i', [523, 0, 639, 34]), score=0.30[0m
[self_driving-10] [0m[INFO] [1782501625.336273692] [self_driving]: [1;33m17[0m[0m
[self_driving-10] [0m[INFO] [1782501625.406450600] [self_driving]: [1;33m17[0m[0m
[self_driving-10] [0m[INFO] [1782501625.461036525] [self_driving]: [1;33m17[0m[0m
[self_driving-10] [0m[INFO] [1782501625.537658859] [self_driving]: [1;33m17[0m[0m
[self_driving-10] [0m[INFO] [1782501625.596180562] [self_driving]: [1;33m17[0m[0m
[self_driving-10] [0m[INFO] [1782501625.679525414] [self_driving]: objects=1[0m
[self_driving-10] [0m[INFO] [1782501625.685914062] [self_driving]: [1;33m17[0m[0m
[self_driving-10] [0m[INFO] [1782501625.686358155] [self_driving]: [DET] crosswalk: cx=606, cy=128, box=array('i', [575, 87, 638, 169]), score=0.59[0m
[self_driving-10] [0m[INFO] [1782501625.764625581] [self_driving]: [1;33m128[0m[0m
[self_driving-10] [0m[INFO] [1782501625.841640914] [self_driving]: [1;33m128[0m[0m
[self_driving-10] [0m[INFO] [1782501625.913647525] [self_driving]: [1;33m128[0m[0m
[self_driving-10] [0m[INFO] [1782501625.998844932] [self_driving]: [1;33m128[0m[0m
[self_driving-10] [0m[INFO] [1782501626.097331210] [self_driving]: [1;33m128[0m[0m
[self_driving-10] [0m[INFO] [1782501626.171828358] [self_driving]: [1;33m128[0m[0m
[self_driving-10] [0m[INFO] [1782501626.244846099] [self_driving]: [1;33m128[0m[0m
[self_driving-10] [0m[INFO] [1782501626.320138821] [self_driving]: [1;33m128[0m[0m
[self_driving-10] [0m[INFO] [1782501626.383519340] [self_driving]: [1;33m128[0m[0m
[self_driving-10] [0m[INFO] [1782501626.448056691] [self_driving]: [1;33m128[0m[0m
[self_driving-10] [0m[INFO] [1782501626.526349080] [self_driving]: [1;33m128[0m[0m
[self_driving-10] [0m[INFO] [1782501626.578268191] [self_driving]: [1;33m128[0m[0m
[self_driving-10] [0m[INFO] [1782501626.646057154] [self_driving]: [1;33m128[0m[0m
[self_driving-10] [0m[INFO] [1782501626.712219228] [self_driving]: [1;33m128[0m[0m
[self_driving-10] [0m[INFO] [1782501626.766806302] [self_driving]: [1;33m128[0m[0m
[self_driving-10] [0m[INFO] [1782501626.861670525] [self_driving]: [1;33m128[0m[0m
[self_driving-10] [0m[INFO] [1782501626.915731043] [self_driving]: [1;33m128[0m[0m
[self_driving-10] [0m[INFO] [1782501626.996164654] [self_driving]: [1;33m128[0m[0m
[self_driving-10] [0m[INFO] [1782501627.056372321] [self_driving]: [1;33m128[0m[0m
[self_driving-10] [0m[INFO] [1782501627.125214006] [self_driving]: [1;33m128[0m[0m
[self_driving-10] [0m[INFO] [1782501627.186730747] [self_driving]: [1;33m128[0m[0m
[self_driving-10] [0m[INFO] [1782501627.245474821] [self_driving]: [1;33m128[0m[0m
[self_driving-10] [0m[INFO] [1782501627.322541043] [self_driving]: [1;33m128[0m[0m
[self_driving-10] [0m[INFO] [1782501627.391194302] [self_driving]: [1;33m128[0m[0m
[self_driving-10] [0m[INFO] [1782501627.463683135] [self_driving]: [1;33m128[0m[0m
[self_driving-10] [0m[INFO] [1782501627.524145283] [self_driving]: [1;33m128[0m[0m
[self_driving-10] [0m[INFO] [1782501627.587606191] [self_driving]: [1;33m128[0m[0m
[self_driving-10] [0m[INFO] [1782501627.654218950] [self_driving]: [1;33m128[0m[0m
[self_driving-10] [0m[INFO] [1782501627.707875413] [self_driving]: objects=1[0m
[self_driving-10] [0m[INFO] [1782501627.709584672] [self_driving]: [DET] red: cx=575, cy=20, box=array('i', [535, 0, 616, 41]), score=0.43[0m
[self_driving-10] [0m[INFO] [1782501627.727247135] [self_driving]: [1;33m0[0m[0m
[self_driving-10] [0m[INFO] [1782501627.797649376] [self_driving]: [1;33m0[0m[0m
[self_driving-10] [0m[INFO] [1782501627.860410654] [self_driving]: [1;33m0[0m[0m
[self_driving-10] [0m[INFO] [1782501627.934689191] [self_driving]: [1;33m0[0m[0m
[self_driving-10] [0m[INFO] [1782501627.977137783] [self_driving]: [1;33m0[0m[0m
[self_driving-10] [0m[INFO] [1782501628.060176061] [self_driving]: [1;33m0[0m[0m
[self_driving-10] [0m[INFO] [1782501628.150546579] [self_driving]: [1;33m0[0m[0m
[self_driving-10] [0m[INFO] [1782501628.208439765] [self_driving]: [1;33m0[0m[0m
[self_driving-10] [0m[INFO] [1782501628.266107283] [self_driving]: [1;33m0[0m[0m
[self_driving-10] [0m[INFO] [1782501628.336572246] [self_driving]: [1;33m0[0m[0m
[self_driving-10] [0m[INFO] [1782501628.396918079] [self_driving]: [1;33m0[0m[0m
[self_driving-10] [0m[INFO] [1782501628.467298172] [self_driving]: [1;33m0[0m[0m
[self_driving-10] [0m[INFO] [1782501628.531663598] [self_driving]: [1;33m0[0m[0m
[self_driving-10] [0m[INFO] [1782501628.616174875] [self_driving]: [1;33m0[0m[0m
[self_driving-10] [0m[INFO] [1782501628.672786968] [self_driving]: [1;33m0[0m[0m
[self_driving-10] [0m[INFO] [1782501628.743821523] [self_driving]: [1;33m0[0m[0m
[self_driving-10] [0m[INFO] [1782501628.783986283] [self_driving]: [1;33m0[0m[0m
[self_driving-10] [0m[INFO] [1782501628.859139986] [self_driving]: [1;33m0[0m[0m
[self_driving-10] [0m[INFO] [1782501628.919331838] [self_driving]: [1;33m0[0m[0m
[self_driving-10] [0m[INFO] [1782501629.012224431] [self_driving]: [1;33m0[0m[0m
[self_driving-10] [0m[INFO] [1782501629.072209597] [self_driving]: [1;33m0[0m[0m
[self_driving-10] [0m[INFO] [1782501629.141373616] [self_driving]: [1;33m0[0m[0m
[self_driving-10] [0m[INFO] [1782501629.208873171] [self_driving]: [1;33m0[0m[0m
[self_driving-10] [0m[INFO] [1782501629.274056801] [self_driving]: [1;33m0[0m[0m
[self_driving-10] [0m[INFO] [1782501629.334169912] [self_driving]: [1;33m0[0m[0m
[self_driving-10] [0m[INFO] [1782501629.402326227] [self_driving]: [1;33m0[0m[0m
[self_driving-10] [0m[INFO] [1782501629.481388190] [self_driving]: [1;33m0[0m[0m
[self_driving-10] [0m[INFO] [1782501629.544071356] [self_driving]: [1;33m0[0m[0m
[self_driving-10] [0m[INFO] [1782501629.609257653] [self_driving]: [1;33m0[0m[0m
[self_driving-10] [0m[INFO] [1782501629.664473634] [self_driving]: [1;33m0[0m[0m
[self_driving-10] [0m[INFO] [1782501629.739479930] [self_driving]: [1;33m0[0m[0m
[self_driving-10] [0m[INFO] [1782501629.809723912] [self_driving]: [1;33m0[0m[0m
[self_driving-10] [0m[INFO] [1782501629.872185208] [self_driving]: [1;33m0[0m[0m
[self_driving-10] [0m[INFO] [1782501629.935822912] [self_driving]: [1;33m0[0m[0m
[self_driving-10] [0m[INFO] [1782501630.011926800] [self_driving]: [1;33m0[0m[0m
[self_driving-10] [0m[INFO] [1782501630.069067726] [self_driving]: [1;33m0[0m[0m
[self_driving-10] [0m[INFO] [1782501630.132219967] [self_driving]: [1;33m0[0m[0m
[self_driving-10] [0m[INFO] [1782501630.224252171] [self_driving]: [1;33m0[0m[0m
[self_driving-10] [0m[INFO] [1782501630.273090930] [self_driving]: [1;33m0[0m[0m
[self_driving-10] [0m[INFO] [1782501630.333974078] [self_driving]: [1;33m0[0m[0m
[self_driving-10] [0m[INFO] [1782501630.393975078] [self_driving]: [1;33m0[0m[0m
[self_driving-10] [0m[INFO] [1782501630.479316467] [self_driving]: [1;33m0[0m[0m
[self_driving-10] [0m[INFO] [1782501630.539269745] [self_driving]: [1;33m0[0m[0m
[self_driving-10] [0m[INFO] [1782501630.628738337] [self_driving]: [1;33m0[0m[0m
[self_driving-10] [0m[INFO] [1782501630.690299911] [self_driving]: [1;33m0[0m[0m
[self_driving-10] [0m[INFO] [1782501630.740369763] [self_driving]: [1;33m0[0m[0m
[self_driving-10] [0m[INFO] [1782501630.818336578] [self_driving]: [1;33m0[0m[0m
