[INFO] [launch]: All log files can be found below /home/ubuntu/.ros/log/2026-06-27-10-38-06-497403-raspberrypi-215252
[INFO] [launch]: Default logging verbosity is set to INFO
[INFO] [ascamera_node-1]: process started with pid [215268]
[INFO] [static_transform_publisher-2]: process started with pid [215270]
[INFO] [static_transform_publisher-3]: process started with pid [215272]
[INFO] [joint_state_publisher-4]: process started with pid [215274]
[INFO] [robot_state_publisher-5]: process started with pid [215276]
[INFO] [ros_robot_controller-6]: process started with pid [215278]
[INFO] [odom_publisher-7]: process started with pid [215283]
[INFO] [ekf_node-8]: process started with pid [215288]
[INFO] [yolo_detect-9]: process started with pid [215301]
[INFO] [self_driving-10]: process started with pid [215305]
[ascamera_node-1] [0m[INFO] [1782556687.243283149] [as_logger]: hello world angstrong camera ros2 node[0m
[static_transform_publisher-2] [33m[WARN] [1782556687.224709112] []: Old-style arguments are deprecated; see --help for new-style arguments[0m
[static_transform_publisher-3] [33m[WARN] [1782556687.228759038] []: Old-style arguments are deprecated; see --help for new-style arguments[0m
[static_transform_publisher-3] [0m[INFO] [1782556687.261302834] [static_transform_publisher_LUxXBrmsqekkscmn]: Spinning until stopped - publishing transform
[static_transform_publisher-3] translation: ('0.000000', '0.000000', '0.000000')
[static_transform_publisher-3] rotation: ('-0.500000', '0.499602', '-0.500000', '0.500398')
[static_transform_publisher-3] from 'depth_cam' to 'ascamera_color_0'[0m
[static_transform_publisher-2] [0m[INFO] [1782556687.264185353] [static_transform_publisher_xPwzdPEBNjxPWXlW]: Spinning until stopped - publishing transform
[static_transform_publisher-2] translation: ('0.000000', '0.000000', '0.000000')
[static_transform_publisher-2] rotation: ('-0.500000', '0.499602', '-0.500000', '0.500398')
[static_transform_publisher-2] from 'depth_cam' to 'ascamera_camera_link_0'[0m
[robot_state_publisher-5] [0m[INFO] [1782556687.336372019] [robot_state_publisher]: got segment base_footprint[0m
[ascamera_node-1] 2026-06-27 10:38:07[INFO] [CameraPublisher.cpp] [1558] [printLaunchParams] get depth_width 640
[ascamera_node-1] 2026-06-27 10:38:07[INFO] [CameraPublisher.cpp] [1559] [printLaunchParams] get depth_height 480
[ascamera_node-1] 2026-06-27 10:38:07[INFO] [CameraPublisher.cpp] [1561] [printLaunchParams] get rgb_width 640
[ascamera_node-1] 2026-06-27 10:38:07[INFO] [CameraPublisher.cpp] [1562] [printLaunchParams] get rgb_height 480
[ascamera_node-1] 2026-06-27 10:38:07[INFO] [CameraPublisher.cpp] [1570] [printLaunchParams] get set_fps 15
[ascamera_node-1] 2026-06-27 10:38:07[INFO] [CameraPublisher.cpp] [1578] [printLaunchParams] get color_pcl 1
[ascamera_node-1] 2026-06-27 10:38:07[INFO] [CameraPublisher.cpp] [1582] [printLaunchParams] get pub_tfTree 1
[ascamera_node-1] 2026-06-27 10:38:07[INFO] [CameraSrv.cpp] [35] [CameraSrv] Angstrong camera server
[ascamera_node-1] 2026-06-27 10:38:07[INFO] [CameraSrv.cpp] [45] [CameraSrv] Angstrong camera sdk version:v1.2.22.20240516
[robot_state_publisher-5] [0m[INFO] [1782556687.345963112] [robot_state_publisher]: got segment base_link[0m
[robot_state_publisher-5] [0m[INFO] [1782556687.345989242] [robot_state_publisher]: got segment depth_cam[0m
[robot_state_publisher-5] [0m[INFO] [1782556687.346102149] [robot_state_publisher]: got segment imu_link[0m
[robot_state_publisher-5] [0m[INFO] [1782556687.346115667] [robot_state_publisher]: got segment lidar_frame[0m
[robot_state_publisher-5] [0m[INFO] [1782556687.346126538] [robot_state_publisher]: got segment wheel_lb_Link[0m
[robot_state_publisher-5] [0m[INFO] [1782556687.346136242] [robot_state_publisher]: got segment wheel_lf_Link[0m
[robot_state_publisher-5] [0m[INFO] [1782556687.346143853] [robot_state_publisher]: got segment wheel_rb_Link[0m
[robot_state_publisher-5] [0m[INFO] [1782556687.346164519] [robot_state_publisher]: got segment wheel_rf_Link[0m
[joint_state_publisher-4] [0m[INFO] [1782556688.113772797] [joint_state_publisher]: Waiting for robot_description to be published on the robot_description topic...[0m
[odom_publisher-7] [0m[INFO] [1782556688.313503741] [odom_publisher]: [1;32m0.930000 1.010000[0m[0m
[odom_publisher-7] [0m[INFO] [1782556688.332338611] [odom_publisher]: [1;32mstart[0m[0m
[ascamera_node-1] 2026-06-27 10:38:08[INFO] [CameraSrv.cpp] [114] [onAttached] attached
[ascamera_node-1] 2026-06-27 10:38:08[INFO] [CameraSrv.cpp] [145] [onAttached] this is a new attach device, create and open it
[ros_robot_controller-6] [0m[INFO] [1782556688.814350130] [ros_robot_controller]: 已设置舵机 1 的偏移量为 0[0m
[ros_robot_controller-6] [0m[INFO] [1782556688.816240907] [ros_robot_controller]: 已设置舵机 2 的偏移量为 0[0m
[ros_robot_controller-6] [0m[INFO] [1782556688.817759092] [ros_robot_controller]: 已设置舵机 3 的偏移量为 4[0m
[ros_robot_controller-6] [0m[INFO] [1782556688.819692963] [ros_robot_controller]: 已设置舵机 4 的偏移量为 0[0m
[ros_robot_controller-6] [0m[INFO] [1782556688.825221759] [ros_robot_controller]: [1;32mstart[0m[0m
[self_driving-10] [0m[INFO] [1782556688.908663018] [self_driving]: [INIT] init_process started[0m
[self_driving-10] [0m[INFO] [1782556688.909321685] [self_driving]: [INIT] only_line_follow=False[0m
[self_driving-10] [0m[INFO] [1782556688.909980037] [self_driving]: [INIT] request /yolov5/start[0m
[ascamera_node-1] 2026-06-27 10:38:09[INFO] [CameraSrv.cpp] [154] [onAttached] get model type 9
[ascamera_node-1] 2026-06-27 10:38:09[INFO] [CameraSrv.cpp] [342] [getConfigFile] get file: /home/ubuntu/third_party_ros2/third_party_ws/src/ascamera/configurationfiles/hp60c_v2_00_20230704_configEncrypt.json
[ascamera_node-1] 2026-06-27 10:38:09[INFO] [CameraPublisher.cpp] [1501] [logCameraPathInfo] usb camera
[ascamera_node-1] 2026-06-27 10:38:09[INFO] [CameraPublisher.cpp] [1502] [logCameraPathInfo] bnum:1
[ascamera_node-1] 2026-06-27 10:38:09[INFO] [CameraPublisher.cpp] [1503] [logCameraPathInfo] dnum:3
[ascamera_node-1] 2026-06-27 10:38:09[INFO] [CameraPublisher.cpp] [1504] [logCameraPathInfo] port_numbers:2
[ascamera_node-1] 2026-06-27 10:38:09[INFO] [CameraPublisher.cpp] [171] [onCameraAttached] create a new publisher info set
[ascamera_node-1] 2026-06-27 10:38:09[INFO] [TfTreeFrameIdInfo.cpp] [11] [TfTreeFrameIdInfo] Namespace /ascamera
[ascamera_node-1] 2026-06-27 10:38:09[INFO] [CameraHp60c.cpp] [128] [open] according to the configuration file.
[ascamera_node-1] 2026-06-27 10:38:09[INFO] [CameraHp60c.cpp] [1528] [parseConfigFileParameter] moduleName:AS_CAM_HP60C
[ascamera_node-1] 2026-06-27 10:38:09[INFO] [CameraHp60c.cpp] [1555] [parseConfigFileParameter] Parsing config file /home/ubuntu/third_party_ros2/third_party_ws/src/ascamera/configurationfiles/hp60c_v2_00_20230704_configEncrypt.json
[ascamera_node-1] 2026-06-27 10:38:09[INFO] [CameraHp60c.cpp] [1620] [parseConfigFileParameter] configuration protocol Version: v2.x
[ascamera_node-1] 2026-06-27 10:38:09[INFO] [CameraHp60c.cpp] [1631] [parseConfigFileParameter] configuration Version: v2.0.0.20230704
[ascamera_node-1] 2026-06-27 10:38:09[INFO] [CameraHp60c.cpp] [1796] [setParamersAfterOpenCam] Camera confiParaEnable true, setting configuration parameter
[self_driving-10] [33m[WARN] [1782556690.913344443] [self_driving]: [YOLO_SERVICE] service not ready, continue without blocking[0m
[ascamera_node-1] 2026-06-27 10:38:11[ERROR] [XuCmdCameraHp60c.cpp] [454] [getMjpegSize] get mjpeg from xu command failed
[ascamera_node-1] 2026-06-27 10:38:11[INFO] [XuCmdCameraHp60c.cpp] [458] [getMjpegSize] mjpeg size:640x480
[ascamera_node-1] 2026-06-27 10:38:11[INFO] [CameraPublisher.cpp] [356] [onCameraOpen] camera opened
[ascamera_node-1] 2026-06-27 10:38:11[INFO] [CameraPublisher.cpp] [370] [onCameraOpen] get config info, ret 0, is_Registration 1
[ascamera_node-1] 2026-06-27 10:38:11[INFO] [Camera.cpp] [61] [init] #camera[0x55558faca710] SN[ASC60CF08000515]'s firmware version:DLS_VERc20865=:V01.09_2024110714:V01.19_2024110714:L01
[ascamera_node-1] 2026-06-27 10:38:11[INFO] [CameraPublisher.cpp] [1183] [setResolution] set depth resolution: 640 x 480 @ 15fps
[ascamera_node-1] 2026-06-27 10:38:11[INFO] [CameraPublisher.cpp] [1197] [setResolution] set rgb resolution: 640 x 480 @ 15fps
[ascamera_node-1] 2026-06-27 10:38:11[INFO] [CameraHp60c.cpp] [260] [startStreaming] start streaming
[ascamera_node-1] 2026-06-27 10:38:11[INFO] [CameraSrv.cpp] [202] [onAttached] attached end
[self_driving-10] [0m[INFO] [1782556691.414226887] [self_driving]: [INIT] enter + set_running start[0m
[self_driving-10] [0m[INFO] [1782556691.414767535] [self_driving]: [1;32mself driving enter[0m[0m
[self_driving-10] [0m[INFO] [1782556691.423595017] [self_driving]: [SUB] image=/ascamera/camera_publisher/rgb0/image object=/yolov5_ros2/object_detect[0m
[self_driving-10] [0m[INFO] [1782556691.424603221] [self_driving]: [1;32mset_running[0m[0m
[self_driving-10] [0m[INFO] [1782556691.427858998] [self_driving]: [1;32m[START] hybrid self_driving start: auto LINE_FOLLOW[0m[0m
[INFO] [apply_calib-11]: process started with pid [215448]
[INFO] [complementary_filter_node-12]: process started with pid [215450]
[apply_calib-11] [0m[INFO] [1782556692.267726850] [imu_calib]: Calibrating gyros; do not move the IMU[0m
[complementary_filter_node-12] [0m[INFO] [1782556692.282507776] [imu_filter]: Starting ComplementaryFilterROS[0m
[ascamera_node-1] 2026-06-27 10:38:12[INFO] [CameraHp60c.cpp] [912] [setInternalParameter] mjpeg info: size(640x480)
[ascamera_node-1] 2026-06-27 10:38:13[INFO] [Camera.cpp] [127] [backgroundThread] SN [ ASC60CF08000515 ]'s parameter:
[ascamera_node-1] 2026-06-27 10:38:13[INFO] [Camera.cpp] [128] [backgroundThread] irfx: 426.962
[ascamera_node-1] 2026-06-27 10:38:13[INFO] [Camera.cpp] [129] [backgroundThread] irfy: 426.374
[ascamera_node-1] 2026-06-27 10:38:13[INFO] [Camera.cpp] [130] [backgroundThread] ircx: 315.403
[ascamera_node-1] 2026-06-27 10:38:13[INFO] [Camera.cpp] [131] [backgroundThread] ircy: 240.933
[ascamera_node-1] 2026-06-27 10:38:13[INFO] [Camera.cpp] [132] [backgroundThread] rgbfx: 570.48
[ascamera_node-1] 2026-06-27 10:38:13[INFO] [Camera.cpp] [133] [backgroundThread] rgbfy: 569.949
[ascamera_node-1] 2026-06-27 10:38:13[INFO] [Camera.cpp] [134] [backgroundThread] rgbcx: 329.75
[ascamera_node-1] 2026-06-27 10:38:13[INFO] [Camera.cpp] [135] [backgroundThread] rgbcy: 238.406
[ascamera_node-1] 
[ascamera_node-1] 2026-06-27 10:38:13[INFO] [CameraHp60c.cpp] [1149] [streamCallback] set gain ret 0, gain 4
[self_driving-10] [0m[INFO] [1782556693.167777220] [self_driving]: [IMAGE] received count=1 shape=(480, 640, 3) queue=0[0m
[self_driving-10] [33m[WARN] [1782556693.367482608] [self_driving]: [LANE_LOST] raw_lane_x=-1 lane_x=-1 filter=lost stop=False state=LINE_FOLLOW safe_linear=0.00 right_ready=False right_done=False[0m
[self_driving-10] [0m[INFO] [1782556693.368097145] [self_driving]: [DEBUG_DRIVE] state=LINE_FOLLOW raw_lane_x=-1 lane_x=-1 filter=lost linear=0.30 angular=0.00 cw_y=0 park_x=-1 park_approach=False park_fb_count=0 park_boot_go=0 right_done=False start_turn=False count_turn=0 traffic=None stop=False[0m
[self_driving-10] [33m[WARN] [1782556693.889323127] [self_driving]: [LANE_LOST] raw_lane_x=-1 lane_x=-1 filter=lost stop=False state=LINE_FOLLOW safe_linear=0.00 right_ready=False right_done=False[0m
[self_driving-10] [0m[INFO] [1782556693.889926015] [self_driving]: [DEBUG_DRIVE] state=LINE_FOLLOW raw_lane_x=-1 lane_x=-1 filter=lost linear=0.30 angular=0.00 cw_y=0 park_x=-1 park_approach=False park_fb_count=0 park_boot_go=0 right_done=False start_turn=False count_turn=0 traffic=None stop=False[0m
[yolo_detect-9] [0m[INFO] [1782556694.255466756] [yolov5_ros2]: Current ROS 2 distribution: humble[0m
[apply_calib-11] [0m[INFO] [1782556694.302956830] [imu_calib]: Gyro calibration complete! (bias = [0.084, 0.137, 0.081])[0m
[self_driving-10] [0m[INFO] [1782556694.453828663] [self_driving]: [DEBUG_DRIVE] state=LINE_FOLLOW raw_lane_x=12.0 lane_x=12.0 filter=stable linear=0.30 angular=0.10 cw_y=0 park_x=-1 park_approach=False park_fb_count=0 park_boot_go=0 right_done=False start_turn=False count_turn=0 traffic=None stop=False[0m
[self_driving-10] [33m[WARN] [1782556694.856954348] [self_driving]: [LANE_LOST] raw_lane_x=-1 lane_x=-1 filter=lost stop=False state=LINE_FOLLOW safe_linear=0.00 right_ready=False right_done=False[0m
[self_driving-10] [0m[INFO] [1782556695.034461533] [self_driving]: [DEBUG_DRIVE] state=LINE_FOLLOW raw_lane_x=-1 lane_x=-1 filter=lost linear=0.30 angular=0.00 cw_y=0 park_x=-1 park_approach=False park_fb_count=0 park_boot_go=0 right_done=False start_turn=False count_turn=0 traffic=None stop=False[0m
[self_driving-10] [0m[INFO] [1782556695.193333163] [self_driving]: [IMAGE] received count=26 shape=(480, 640, 3) queue=0[0m
[self_driving-10] [33m[WARN] [1782556695.460383903] [self_driving]: [LANE_LOST] raw_lane_x=-1 lane_x=-1 filter=lost stop=False state=LINE_FOLLOW safe_linear=0.00 right_ready=False right_done=False[0m
[self_driving-10] [0m[INFO] [1782556695.588809366] [self_driving]: [DEBUG_DRIVE] state=LINE_FOLLOW raw_lane_x=-1 lane_x=-1 filter=lost linear=0.30 angular=0.00 cw_y=0 park_x=-1 park_approach=False park_fb_count=0 park_boot_go=0 right_done=False start_turn=False count_turn=0 traffic=None stop=False[0m
[self_driving-10] [33m[WARN] [1782556696.005799922] [self_driving]: [LANE_LOST] raw_lane_x=-1 lane_x=-1 filter=lost stop=False state=LINE_FOLLOW safe_linear=0.00 right_ready=False right_done=False[0m
[self_driving-10] [0m[INFO] [1782556696.163017292] [self_driving]: [DEBUG_DRIVE] state=LINE_FOLLOW raw_lane_x=-1 lane_x=-1 filter=lost linear=0.30 angular=0.00 cw_y=0 park_x=-1 park_approach=False park_fb_count=0 park_boot_go=0 right_done=False start_turn=False count_turn=0 traffic=None stop=False[0m
[self_driving-10] [33m[WARN] [1782556696.539688477] [self_driving]: [LANE_LOST] raw_lane_x=-1 lane_x=-1 filter=lost stop=False state=LINE_FOLLOW safe_linear=0.00 right_ready=False right_done=False[0m
[self_driving-10] [0m[INFO] [1782556696.683172736] [self_driving]: [DEBUG_DRIVE] state=LINE_FOLLOW raw_lane_x=-1 lane_x=-1 filter=lost linear=0.30 angular=0.00 cw_y=0 park_x=-1 park_approach=False park_fb_count=0 park_boot_go=0 right_done=False start_turn=False count_turn=0 traffic=None stop=False[0m
[self_driving-10] [0m[INFO] [1782556696.691895199] [self_driving]: [ALL_CLASSES] ['crosswalk'][0m
[self_driving-10] [0m[INFO] [1782556696.692694051] [self_driving]: [OBJECTS] msg_count=1 n=1 names=['crosswalk'][0m
[self_driving-10] [33m[WARN] [1782556697.089428180] [self_driving]: [LANE_LOST] raw_lane_x=-1 lane_x=-1 filter=lost stop=False state=LINE_FOLLOW safe_linear=0.00 right_ready=False right_done=False[0m
[self_driving-10] [0m[INFO] [1782556697.216193291] [self_driving]: [IMAGE] received count=53 shape=(480, 640, 3) queue=0[0m
[self_driving-10] [0m[INFO] [1782556697.223334587] [self_driving]: [CROSSWALK_IGNORE] y=68 < th=180[0m
[self_driving-10] [0m[INFO] [1782556697.225033532] [self_driving]: [DEBUG_DRIVE] state=LINE_FOLLOW raw_lane_x=-1 lane_x=-1 filter=lost linear=0.30 angular=0.00 cw_y=68 park_x=-1 park_approach=False park_fb_count=0 park_boot_go=0 right_done=False start_turn=False count_turn=0 traffic=None stop=False[0m
[self_driving-10] [33m[WARN] [1782556697.614785939] [self_driving]: [LANE_LOST] raw_lane_x=-1 lane_x=-1 filter=lost stop=False state=LINE_FOLLOW safe_linear=0.00 right_ready=False right_done=False[0m
[self_driving-10] [0m[INFO] [1782556697.747187050] [self_driving]: [CROSSWALK_IGNORE] y=68 < th=180[0m
[self_driving-10] [0m[INFO] [1782556697.747877291] [self_driving]: [DEBUG_DRIVE] state=LINE_FOLLOW raw_lane_x=-1 lane_x=-1 filter=lost linear=0.30 angular=0.00 cw_y=68 park_x=-1 park_approach=False park_fb_count=0 park_boot_go=0 right_done=False start_turn=False count_turn=0 traffic=None stop=False[0m
[self_driving-10] [33m[WARN] [1782556698.153354291] [self_driving]: [LANE_LOST] raw_lane_x=-1 lane_x=-1 filter=lost stop=False state=LINE_FOLLOW safe_linear=0.00 right_ready=False right_done=False[0m
[self_driving-10] [33m[WARN] [1782556698.300628142] [self_driving]: [LANE_X_JUMP_REJECT] raw=271.5 last=12.0 diff=259.5 candidate=271.5 cnt=1/4[0m
[self_driving-10] [0m[INFO] [1782556698.301238402] [self_driving]: [CROSSWALK_IGNORE] y=68 < th=180[0m
[self_driving-10] [0m[INFO] [1782556698.302191865] [self_driving]: [DEBUG_DRIVE] state=LINE_FOLLOW raw_lane_x=271.5 lane_x=12.0 filter=jump_reject linear=0.30 angular=0.10 cw_y=68 park_x=-1 park_approach=False park_fb_count=0 park_boot_go=0 right_done=False start_turn=False count_turn=0 traffic=None stop=False[0m
[self_driving-10] [33m[WARN] [1782556698.691982124] [self_driving]: [LANE_LOST] raw_lane_x=-1 lane_x=-1 filter=lost stop=False state=LINE_FOLLOW safe_linear=0.00 right_ready=False right_done=False[0m
[self_driving-10] [0m[INFO] [1782556698.826291512] [self_driving]: [CROSSWALK_IGNORE] y=68 < th=180[0m
[self_driving-10] [0m[INFO] [1782556698.827814512] [self_driving]: [DEBUG_DRIVE] state=LINE_FOLLOW raw_lane_x=-1 lane_x=-1 filter=lost linear=0.30 angular=0.00 cw_y=68 park_x=-1 park_approach=False park_fb_count=0 park_boot_go=0 right_done=False start_turn=False count_turn=0 traffic=None stop=False[0m
[self_driving-10] [0m[INFO] [1782556699.231605086] [self_driving]: [IMAGE] received count=83 shape=(480, 640, 3) queue=0[0m
[self_driving-10] [33m[WARN] [1782556699.236637346] [self_driving]: [LANE_LOST] raw_lane_x=-1 lane_x=-1 filter=lost stop=False state=LINE_FOLLOW safe_linear=0.00 right_ready=False right_done=False[0m
[self_driving-10] [0m[INFO] [1782556699.364948105] [self_driving]: [CROSSWALK_IGNORE] y=68 < th=180[0m
[self_driving-10] [0m[INFO] [1782556699.366062697] [self_driving]: [DEBUG_DRIVE] state=LINE_FOLLOW raw_lane_x=-1 lane_x=-1 filter=lost linear=0.30 angular=0.00 cw_y=68 park_x=-1 park_approach=False park_fb_count=0 park_boot_go=0 right_done=False start_turn=False count_turn=0 traffic=None stop=False[0m
[self_driving-10] [33m[WARN] [1782556699.780248401] [self_driving]: [LANE_LOST] raw_lane_x=-1 lane_x=-1 filter=lost stop=False state=LINE_FOLLOW safe_linear=0.00 right_ready=False right_done=False[0m
[self_driving-10] [0m[INFO] [1782556699.912843419] [self_driving]: [CROSSWALK_IGNORE] y=68 < th=180[0m
[self_driving-10] [0m[INFO] [1782556699.913994716] [self_driving]: [DEBUG_DRIVE] state=LINE_FOLLOW raw_lane_x=-1 lane_x=-1 filter=lost linear=0.30 angular=0.00 cw_y=68 park_x=-1 park_approach=False park_fb_count=0 park_boot_go=0 right_done=False start_turn=False count_turn=0 traffic=None stop=False[0m
[self_driving-10] [33m[WARN] [1782556700.309139993] [self_driving]: [LANE_LOST] raw_lane_x=-1 lane_x=-1 filter=lost stop=False state=LINE_FOLLOW safe_linear=0.00 right_ready=False right_done=False[0m
[self_driving-10] [0m[INFO] [1782556700.464639697] [self_driving]: [CROSSWALK_IGNORE] y=68 < th=180[0m
[self_driving-10] [0m[INFO] [1782556700.466944049] [self_driving]: [DEBUG_DRIVE] state=LINE_FOLLOW raw_lane_x=-1 lane_x=-1 filter=lost linear=0.30 angular=0.00 cw_y=68 park_x=-1 park_approach=False park_fb_count=0 park_boot_go=0 right_done=False start_turn=False count_turn=0 traffic=None stop=False[0m
[self_driving-10] [33m[WARN] [1782556700.840196974] [self_driving]: [LANE_LOST] raw_lane_x=-1 lane_x=-1 filter=lost stop=False state=LINE_FOLLOW safe_linear=0.00 right_ready=False right_done=False[0m
[self_driving-10] [0m[INFO] [1782556700.983093770] [self_driving]: [CROSSWALK_IGNORE] y=68 < th=180[0m
[self_driving-10] [0m[INFO] [1782556700.984124567] [self_driving]: [DEBUG_DRIVE] state=LINE_FOLLOW raw_lane_x=-1 lane_x=-1 filter=lost linear=0.30 angular=0.00 cw_y=68 park_x=-1 park_approach=False park_fb_count=0 park_boot_go=0 right_done=False start_turn=False count_turn=0 traffic=None stop=False[0m
[self_driving-10] [33m[WARN] [1782556701.184254474] [self_driving]: [LANE_X_JUMP_REJECT] raw=313.5 last=12.0 diff=301.5 candidate=311.0 cnt=2/4[0m
[self_driving-10] [0m[INFO] [1782556701.240713844] [self_driving]: [IMAGE] received count=113 shape=(480, 640, 3) queue=0[0m
[self_driving-10] [33m[WARN] [1782556701.386518178] [self_driving]: [LANE_LOST] raw_lane_x=-1 lane_x=-1 filter=lost stop=False state=LINE_FOLLOW safe_linear=0.00 right_ready=False right_done=False[0m
[self_driving-10] [0m[INFO] [1782556701.514765548] [self_driving]: [CROSSWALK_IGNORE] y=68 < th=180[0m
[self_driving-10] [0m[INFO] [1782556701.515504011] [self_driving]: [DEBUG_DRIVE] state=LINE_FOLLOW raw_lane_x=-1 lane_x=-1 filter=lost linear=0.30 angular=0.00 cw_y=68 park_x=-1 park_approach=False park_fb_count=0 park_boot_go=0 right_done=False start_turn=False count_turn=0 traffic=None stop=False[0m
[self_driving-10] [33m[WARN] [1782556701.918941899] [self_driving]: [LANE_LOST] raw_lane_x=-1 lane_x=-1 filter=lost stop=False state=LINE_FOLLOW safe_linear=0.00 right_ready=False right_done=False[0m
[self_driving-10] [0m[INFO] [1782556702.057048751] [self_driving]: [CROSSWALK_IGNORE] y=68 < th=180[0m
[self_driving-10] [0m[INFO] [1782556702.059434177] [self_driving]: [DEBUG_DRIVE] state=LINE_FOLLOW raw_lane_x=-1 lane_x=-1 filter=lost linear=0.30 angular=0.00 cw_y=68 park_x=-1 park_approach=False park_fb_count=0 park_boot_go=0 right_done=False start_turn=False count_turn=0 traffic=None stop=False[0m
[self_driving-10] [33m[WARN] [1782556702.451846510] [self_driving]: [LANE_LOST] raw_lane_x=-1 lane_x=-1 filter=lost stop=False state=LINE_FOLLOW safe_linear=0.00 right_ready=False right_done=False[0m
[self_driving-10] [0m[INFO] [1782556702.452252955] [self_driving]: [ALL_CLASSES] ['crosswalk'][0m
[self_driving-10] [0m[INFO] [1782556702.452860066] [self_driving]: [OBJECTS] msg_count=2 n=1 names=['crosswalk'][0m
[self_driving-10] [0m[INFO] [1782556702.600336455] [self_driving]: [CROSSWALK_IGNORE] y=22 < th=180[0m
[self_driving-10] [0m[INFO] [1782556702.601386214] [self_driving]: [DEBUG_DRIVE] state=LINE_FOLLOW raw_lane_x=1.5 lane_x=1.5 filter=stable linear=0.30 angular=0.10 cw_y=22 park_x=-1 park_approach=False park_fb_count=0 park_boot_go=0 right_done=False start_turn=False count_turn=0 traffic=None stop=False[0m
[self_driving-10] [33m[WARN] [1782556702.998178436] [self_driving]: [LANE_LOST] raw_lane_x=-1 lane_x=-1 filter=lost stop=False state=LINE_FOLLOW safe_linear=0.00 right_ready=False right_done=False[0m
[self_driving-10] [0m[INFO] [1782556703.140044714] [self_driving]: [CROSSWALK_IGNORE] y=22 < th=180[0m
[self_driving-10] [0m[INFO] [1782556703.140992677] [self_driving]: [DEBUG_DRIVE] state=LINE_FOLLOW raw_lane_x=-1 lane_x=-1 filter=lost linear=0.30 angular=0.00 cw_y=22 park_x=-1 park_approach=False park_fb_count=0 park_boot_go=0 right_done=False start_turn=False count_turn=0 traffic=None stop=False[0m
[self_driving-10] [0m[INFO] [1782556703.267229158] [self_driving]: [IMAGE] received count=143 shape=(480, 640, 3) queue=0[0m
[self_driving-10] [33m[WARN] [1782556703.537096899] [self_driving]: [LANE_LOST] raw_lane_x=-1 lane_x=-1 filter=lost stop=False state=LINE_FOLLOW safe_linear=0.00 right_ready=False right_done=False[0m
[self_driving-10] [0m[INFO] [1782556703.674929806] [self_driving]: [CROSSWALK_IGNORE] y=22 < th=180[0m
[self_driving-10] [0m[INFO] [1782556703.676031435] [self_driving]: [DEBUG_DRIVE] state=LINE_FOLLOW raw_lane_x=-1 lane_x=-1 filter=lost linear=0.30 angular=0.00 cw_y=22 park_x=-1 park_approach=False park_fb_count=0 park_boot_go=0 right_done=False start_turn=False count_turn=0 traffic=None stop=False[0m
[self_driving-10] [33m[WARN] [1782556704.063191065] [self_driving]: [LANE_LOST] raw_lane_x=-1 lane_x=-1 filter=lost stop=False state=LINE_FOLLOW safe_linear=0.00 right_ready=False right_done=False[0m
[self_driving-10] [0m[INFO] [1782556704.223179843] [self_driving]: [CROSSWALK_IGNORE] y=22 < th=180[0m
[self_driving-10] [0m[INFO] [1782556704.229895731] [self_driving]: [DEBUG_DRIVE] state=LINE_FOLLOW raw_lane_x=-1 lane_x=-1 filter=lost linear=0.30 angular=0.00 cw_y=22 park_x=-1 park_approach=False park_fb_count=0 park_boot_go=0 right_done=False start_turn=False count_turn=0 traffic=None stop=False[0m
[self_driving-10] [33m[WARN] [1782556704.616623102] [self_driving]: [LANE_LOST] raw_lane_x=-1 lane_x=-1 filter=lost stop=False state=LINE_FOLLOW safe_linear=0.00 right_ready=False right_done=False[0m
[self_driving-10] [0m[INFO] [1782556704.753048639] [self_driving]: [CROSSWALK_IGNORE] y=22 < th=180[0m
[self_driving-10] [0m[INFO] [1782556704.755293972] [self_driving]: [DEBUG_DRIVE] state=LINE_FOLLOW raw_lane_x=-1 lane_x=-1 filter=lost linear=0.30 angular=0.00 cw_y=22 park_x=-1 park_approach=False park_fb_count=0 park_boot_go=0 right_done=False start_turn=False count_turn=0 traffic=None stop=False[0m
[self_driving-10] [33m[WARN] [1782556705.155557823] [self_driving]: [LANE_LOST] raw_lane_x=-1 lane_x=-1 filter=lost stop=False state=LINE_FOLLOW safe_linear=0.00 right_ready=False right_done=False[0m
[self_driving-10] [0m[INFO] [1782556705.282966897] [self_driving]: [IMAGE] received count=173 shape=(480, 640, 3) queue=0[0m
[self_driving-10] [0m[INFO] [1782556705.295286268] [self_driving]: [CROSSWALK_IGNORE] y=22 < th=180[0m
[self_driving-10] [0m[INFO] [1782556705.296164972] [self_driving]: [DEBUG_DRIVE] state=LINE_FOLLOW raw_lane_x=-1 lane_x=-1 filter=lost linear=0.30 angular=0.00 cw_y=22 park_x=-1 park_approach=False park_fb_count=0 park_boot_go=0 right_done=False start_turn=False count_turn=0 traffic=None stop=False[0m
[self_driving-10] [33m[WARN] [1782556705.691197082] [self_driving]: [LANE_LOST] raw_lane_x=-1 lane_x=-1 filter=lost stop=False state=LINE_FOLLOW safe_linear=0.00 right_ready=False right_done=False[0m
[self_driving-10] [0m[INFO] [1782556705.820121638] [self_driving]: [CROSSWALK_IGNORE] y=22 < th=180[0m
[self_driving-10] [0m[INFO] [1782556705.822632490] [self_driving]: [DEBUG_DRIVE] state=LINE_FOLLOW raw_lane_x=-1 lane_x=-1 filter=lost linear=0.30 angular=0.00 cw_y=22 park_x=-1 park_approach=False park_fb_count=0 park_boot_go=0 right_done=False start_turn=False count_turn=0 traffic=None stop=False[0m
[self_driving-10] [33m[WARN] [1782556706.231637508] [self_driving]: [LANE_LOST] raw_lane_x=-1 lane_x=-1 filter=lost stop=False state=LINE_FOLLOW safe_linear=0.00 right_ready=False right_done=False[0m
[self_driving-10] [0m[INFO] [1782556706.363093545] [self_driving]: [CROSSWALK_IGNORE] y=22 < th=180[0m
[self_driving-10] [0m[INFO] [1782556706.364916397] [self_driving]: [DEBUG_DRIVE] state=LINE_FOLLOW raw_lane_x=-1 lane_x=-1 filter=lost linear=0.30 angular=0.00 cw_y=22 park_x=-1 park_approach=False park_fb_count=0 park_boot_go=0 right_done=False start_turn=False count_turn=0 traffic=None stop=False[0m
[self_driving-10] [33m[WARN] [1782556706.753317841] [self_driving]: [LANE_LOST] raw_lane_x=-1 lane_x=-1 filter=lost stop=False state=LINE_FOLLOW safe_linear=0.00 right_ready=False right_done=False[0m
[self_driving-10] [0m[INFO] [1782556706.902563119] [self_driving]: [CROSSWALK_IGNORE] y=22 < th=180[0m
[self_driving-10] [0m[INFO] [1782556706.903304915] [self_driving]: [DEBUG_DRIVE] state=LINE_FOLLOW raw_lane_x=-1 lane_x=-1 filter=lost linear=0.30 angular=0.00 cw_y=22 park_x=-1 park_approach=False park_fb_count=0 park_boot_go=0 right_done=False start_turn=False count_turn=0 traffic=None stop=False[0m
[self_driving-10] [33m[WARN] [1782556707.261309359] [self_driving]: [LANE_LOST] raw_lane_x=-1 lane_x=-1 filter=lost stop=False state=LINE_FOLLOW safe_linear=0.00 right_ready=False right_done=False[0m
[self_driving-10] [0m[INFO] [1782556707.301452304] [self_driving]: [IMAGE] received count=203 shape=(480, 640, 3) queue=0[0m
[self_driving-10] [0m[INFO] [1782556707.437861396] [self_driving]: [CROSSWALK_IGNORE] y=22 < th=180[0m
[self_driving-10] [0m[INFO] [1782556707.438679211] [self_driving]: [DEBUG_DRIVE] state=LINE_FOLLOW raw_lane_x=-1 lane_x=-1 filter=lost linear=0.30 angular=0.00 cw_y=22 park_x=-1 park_approach=False park_fb_count=0 park_boot_go=0 right_done=False start_turn=False count_turn=0 traffic=None stop=False[0m
[self_driving-10] [33m[WARN] [1782556707.782511285] [self_driving]: [LANE_LOST] raw_lane_x=-1 lane_x=-1 filter=lost stop=False state=LINE_FOLLOW safe_linear=0.00 right_ready=False right_done=False[0m
[self_driving-10] [0m[INFO] [1782556707.979597100] [self_driving]: [CROSSWALK_IGNORE] y=22 < th=180[0m
[self_driving-10] [0m[INFO] [1782556707.980356637] [self_driving]: [DEBUG_DRIVE] state=LINE_FOLLOW raw_lane_x=-1 lane_x=-1 filter=lost linear=0.30 angular=0.00 cw_y=22 park_x=-1 park_approach=False park_fb_count=0 park_boot_go=0 right_done=False start_turn=False count_turn=0 traffic=None stop=False[0m
[self_driving-10] [33m[WARN] [1782556708.307798914] [self_driving]: [LANE_LOST] raw_lane_x=-1 lane_x=-1 filter=lost stop=False state=LINE_FOLLOW safe_linear=0.00 right_ready=False right_done=False[0m
[self_driving-10] [0m[INFO] [1782556708.522932118] [self_driving]: [CROSSWALK_IGNORE] y=22 < th=180[0m
[self_driving-10] [0m[INFO] [1782556708.527503173] [self_driving]: [DEBUG_DRIVE] state=LINE_FOLLOW raw_lane_x=-1 lane_x=-1 filter=lost linear=0.30 angular=0.00 cw_y=22 park_x=-1 park_approach=False park_fb_count=0 park_boot_go=0 right_done=False start_turn=False count_turn=0 traffic=None stop=False[0m
[self_driving-10] [33m[WARN] [1782556708.841146747] [self_driving]: [LANE_LOST] raw_lane_x=-1 lane_x=-1 filter=lost stop=False state=LINE_FOLLOW safe_linear=0.00 right_ready=False right_done=False[0m
[self_driving-10] [0m[INFO] [1782556709.050962303] [self_driving]: [CROSSWALK_IGNORE] y=22 < th=180[0m
[self_driving-10] [0m[INFO] [1782556709.052550692] [self_driving]: [DEBUG_DRIVE] state=LINE_FOLLOW raw_lane_x=-1 lane_x=-1 filter=lost linear=0.30 angular=0.00 cw_y=22 park_x=-1 park_approach=False park_fb_count=0 park_boot_go=0 right_done=False start_turn=False count_turn=0 traffic=None stop=False[0m
[self_driving-10] [0m[INFO] [1782556709.368177414] [self_driving]: [IMAGE] received count=234 shape=(480, 640, 3) queue=0[0m
[self_driving-10] [33m[WARN] [1782556709.374294543] [self_driving]: [LANE_X_JUMP_REJECT] raw=315.5 last=1.5 diff=314.0 candidate=315.5 cnt=1/4[0m
[self_driving-10] [0m[INFO] [1782556709.584283358] [self_driving]: [CROSSWALK_IGNORE] y=22 < th=180[0m
[self_driving-10] [33m[WARN] [1782556709.587000988] [self_driving]: [LANE_LOST] raw_lane_x=-1 lane_x=-1 filter=lost stop=False state=LINE_FOLLOW safe_linear=0.00 right_ready=False right_done=False[0m
[self_driving-10] [0m[INFO] [1782556709.588661413] [self_driving]: [DEBUG_DRIVE] state=LINE_FOLLOW raw_lane_x=-1 lane_x=-1 filter=lost linear=0.30 angular=0.00 cw_y=22 park_x=-1 park_approach=False park_fb_count=0 park_boot_go=0 right_done=False start_turn=False count_turn=0 traffic=None stop=False[0m
[self_driving-10] [33m[WARN] [1782556709.916789839] [self_driving]: [LANE_X_JUMP_REJECT] raw=244.0 last=1.5 diff=242.5 candidate=244.0 cnt=1/4[0m
[self_driving-10] [0m[INFO] [1782556710.125320654] [self_driving]: [CROSSWALK_IGNORE] y=22 < th=180[0m
[self_driving-10] [33m[WARN] [1782556710.127308321] [self_driving]: [LANE_LOST] raw_lane_x=-1 lane_x=-1 filter=lost stop=False state=LINE_FOLLOW safe_linear=0.00 right_ready=False right_done=False[0m
[self_driving-10] [0m[INFO] [1782556710.128022209] [self_driving]: [DEBUG_DRIVE] state=LINE_FOLLOW raw_lane_x=-1 lane_x=-1 filter=lost linear=0.30 angular=0.00 cw_y=22 park_x=-1 park_approach=False park_fb_count=0 park_boot_go=0 right_done=False start_turn=False count_turn=0 traffic=None stop=False[0m
[self_driving-10] [0m[INFO] [1782556710.495241265] [self_driving]: [ALL_CLASSES] ['red'][0m
[self_driving-10] [0m[INFO] [1782556710.496062005] [self_driving]: [OBJECTS] msg_count=3 n=1 names=['red'][0m
[self_driving-10] [0m[INFO] [1782556710.496620598] [self_driving]: [TRAFFIC_CANDIDATE] name=red valid=False cx=586 cy=469 area=1480 score=0.34 min_area=800[0m
[self_driving-10] [33m[WARN] [1782556710.664791505] [self_driving]: [LANE_LOST] raw_lane_x=-1 lane_x=-1 filter=lost stop=False state=LINE_FOLLOW safe_linear=0.00 right_ready=False right_done=False[0m
[self_driving-10] [0m[INFO] [1782556710.665355709] [self_driving]: [DEBUG_DRIVE] state=LINE_FOLLOW raw_lane_x=-1 lane_x=-1 filter=lost linear=0.30 angular=0.00 cw_y=0 park_x=-1 park_approach=False park_fb_count=0 park_boot_go=0 right_done=False start_turn=False count_turn=0 traffic=None stop=False[0m
[self_driving-10] [0m[INFO] [1782556710.830910098] [self_driving]: [ALL_CLASSES] ['red'][0m
[self_driving-10] [33m[WARN] [1782556711.132580727] [self_driving]: [LANE_X_JUMP_REJECT] raw=164.0 last=22.0 diff=142.0 candidate=164.0 cnt=1/4[0m
[self_driving-10] [0m[INFO] [1782556711.197112542] [self_driving]: [DEBUG_DRIVE] state=LINE_FOLLOW raw_lane_x=155.5 lane_x=22.0 filter=jump_reject linear=0.30 angular=0.10 cw_y=0 park_x=-1 park_approach=False park_fb_count=0 park_boot_go=0 right_done=False start_turn=False count_turn=0 traffic=red stop=False[0m
[self_driving-10] [0m[INFO] [1782556711.381442820] [self_driving]: [IMAGE] received count=264 shape=(480, 640, 3) queue=0[0m
[self_driving-10] [33m[WARN] [1782556711.474001301] [self_driving]: [LANE_LOST] raw_lane_x=-1 lane_x=-1 filter=lost stop=False state=LINE_FOLLOW safe_linear=0.00 right_ready=False right_done=False[0m
[self_driving-10] [0m[INFO] [1782556711.746112838] [self_driving]: [DEBUG_DRIVE] state=LINE_FOLLOW raw_lane_x=102.0 lane_x=102.0 filter=stable linear=0.30 angular=0.10 cw_y=0 park_x=-1 park_approach=False park_fb_count=0 park_boot_go=0 right_done=False start_turn=False count_turn=0 traffic=red stop=False[0m
[self_driving-10] [33m[WARN] [1782556712.149435671] [self_driving]: [LANE_LOST] raw_lane_x=-1 lane_x=-1 filter=lost stop=False state=LINE_FOLLOW safe_linear=0.00 right_ready=False right_done=False[0m
[self_driving-10] [0m[INFO] [1782556712.272404301] [self_driving]: [DEBUG_DRIVE] state=LINE_FOLLOW raw_lane_x=-1 lane_x=-1 filter=lost linear=0.30 angular=0.00 cw_y=0 park_x=-1 park_approach=False park_fb_count=0 park_boot_go=0 right_done=False start_turn=False count_turn=0 traffic=red stop=False[0m
[self_driving-10] [33m[WARN] [1782556712.670232171] [self_driving]: [LANE_LOST] raw_lane_x=-1 lane_x=-1 filter=lost stop=False state=LINE_FOLLOW safe_linear=0.00 right_ready=False right_done=False[0m
[self_driving-10] [0m[INFO] [1782556712.802829986] [self_driving]: [DEBUG_DRIVE] state=LINE_FOLLOW raw_lane_x=-1 lane_x=-1 filter=lost linear=0.30 angular=0.00 cw_y=0 park_x=-1 park_approach=False park_fb_count=0 park_boot_go=0 right_done=False start_turn=False count_turn=0 traffic=red stop=False[0m
[self_driving-10] [33m[WARN] [1782556713.017901485] [self_driving]: [LANE_X_JUMP_REJECT] raw=275.5 last=145.5 diff=130.0 candidate=275.5 cnt=1/4[0m
[self_driving-10] [0m[INFO] [1782556713.363846559] [self_driving]: [DEBUG_DRIVE] state=LINE_FOLLOW raw_lane_x=184.0 lane_x=184.0 filter=stable linear=0.30 angular=-0.10 cw_y=0 park_x=-1 park_approach=False park_fb_count=0 park_boot_go=0 right_done=False start_turn=False count_turn=0 traffic=red stop=False[0m
[self_driving-10] [0m[INFO] [1782556713.439624374] [self_driving]: [IMAGE] received count=294 shape=(480, 640, 3) queue=0[0m
[self_driving-10] [0m[INFO] [1782556713.706894226] [self_driving]: [ALL_CLASSES] ['crosswalk'][0m
[self_driving-10] [0m[INFO] [1782556713.707820522] [self_driving]: [OBJECTS] msg_count=5 n=1 names=['crosswalk'][0m
[self_driving-10] [0m[INFO] [1782556713.712086448] [self_driving]: [TRAFFIC_CLEAR] no valid red/green in current object msg -> clear stale traffic[0m
[self_driving-10] [0m[INFO] [1782556713.713243504] [self_driving]: [FOUR_TO_FIVE_CANDIDATE] big_cw_y=451 th=350[0m
[self_driving-10] [33m[WARN] [1782556713.827450466] [self_driving]: [LANE_X_JUMP_REJECT] raw=311.0 last=200.0 diff=111.0 candidate=311.0 cnt=1/4[0m
[self_driving-10] [0m[INFO] [1782556713.889964152] [self_driving]: [DEBUG_DRIVE] state=LINE_FOLLOW raw_lane_x=183.5 lane_x=183.5 filter=stable linear=0.30 angular=-0.10 cw_y=451 park_x=-1 park_approach=False park_fb_count=0 park_boot_go=0 right_done=False start_turn=False count_turn=0 traffic=None stop=False[0m
[self_driving-10] [0m[INFO] [1782556713.943321392] [self_driving]: [CROSSWALK_SLOW] y=451 th=180 confirm=4[0m
[self_driving-10] [33m[WARN] [1782556714.439936818] [self_driving]: [LANE_X_JUMP_REJECT] raw=168.0 last=85.0 diff=83.0 candidate=168.0 cnt=1/4[0m
[self_driving-10] [0m[INFO] [1782556714.441009374] [self_driving]: [DEBUG_DRIVE] state=LINE_FOLLOW raw_lane_x=168.0 lane_x=85.0 filter=jump_reject linear=0.15 angular=0.10 cw_y=451 park_x=-1 park_approach=False park_fb_count=0 park_boot_go=0 right_done=False start_turn=False count_turn=0 traffic=None stop=False[0m
[self_driving-10] [0m[INFO] [1782556714.956333892] [self_driving]: [DEBUG_DRIVE] state=LINE_FOLLOW raw_lane_x=122.0 lane_x=122.0 filter=stable linear=0.15 angular=-0.10 cw_y=451 park_x=-1 park_approach=False park_fb_count=0 park_boot_go=0 right_done=False start_turn=False count_turn=0 traffic=None stop=False[0m
[self_driving-10] [0m[INFO] [1782556715.375149651] [self_driving]: [ALL_CLASSES] ['crosswalk'][0m
[self_driving-10] [0m[INFO] [1782556715.376547021] [self_driving]: [OBJECTS] msg_count=6 n=1 names=['crosswalk'][0m
[self_driving-10] [0m[INFO] [1782556715.380221410] [self_driving]: [ALL_CLASSES] ['crosswalk'][0m
[self_driving-10] [0m[INFO] [1782556715.382731114] [self_driving]: [FOUR_TO_FIVE_CANDIDATE] big_cw_y=365 th=350[0m
[self_driving-10] [0m[INFO] [1782556715.496319465] [self_driving]: [IMAGE] received count=325 shape=(480, 640, 3) queue=0[0m
[self_driving-10] [0m[INFO] [1782556715.508988595] [self_driving]: [DEBUG_DRIVE] state=LINE_FOLLOW raw_lane_x=75.0 lane_x=75.0 filter=stable linear=0.15 angular=0.10 cw_y=365 park_x=-1 park_approach=False park_fb_count=0 park_boot_go=0 right_done=False start_turn=False count_turn=0 traffic=None stop=False[0m
[self_driving-10] [0m[INFO] [1782556715.723655891] [self_driving]: [ALL_CLASSES] ['crosswalk'][0m
[self_driving-10] [0m[INFO] [1782556715.727509113] [self_driving]: [ALL_CLASSES] ['crosswalk'][0m
[self_driving-10] [0m[INFO] [1782556715.728577595] [self_driving]: [FOUR_TO_FIVE_CANDIDATE] big_cw_y=442 th=350[0m
[self_driving-10] [0m[INFO] [1782556716.044151798] [self_driving]: [DEBUG_DRIVE] state=LINE_FOLLOW raw_lane_x=105.5 lane_x=105.5 filter=stable linear=0.15 angular=0.10 cw_y=442 park_x=-1 park_approach=False park_fb_count=0 park_boot_go=0 right_done=False start_turn=False count_turn=0 traffic=None stop=False[0m
[self_driving-10] [0m[INFO] [1782556716.067656224] [self_driving]: [ALL_CLASSES] ['crosswalk'][0m
[self_driving-10] [0m[INFO] [1782556716.068235613] [self_driving]: [OBJECTS] msg_count=10 n=1 names=['crosswalk'][0m
[self_driving-10] [0m[INFO] [1782556716.072556410] [self_driving]: [ALL_CLASSES] ['crosswalk'][0m
[self_driving-10] [0m[INFO] [1782556716.413336891] [self_driving]: [ALL_CLASSES] ['crosswalk'][0m
[self_driving-10] [0m[INFO] [1782556716.418457613] [self_driving]: [ALL_CLASSES] ['crosswalk'][0m
[self_driving-10] [0m[INFO] [1782556716.581362965] [self_driving]: [CROSSWALK_IGNORE] y=166 < th=180[0m
[self_driving-10] [0m[INFO] [1782556716.582383872] [self_driving]: [DEBUG_DRIVE] state=LINE_FOLLOW raw_lane_x=130.5 lane_x=130.5 filter=stable linear=0.15 angular=0.10 cw_y=166 park_x=-1 park_approach=False park_fb_count=0 park_boot_go=0 right_done=False start_turn=False count_turn=0 traffic=None stop=False[0m
[self_driving-10] [0m[INFO] [1782556716.630557909] [self_driving]: [CROSSWALK_SLOW_DONE] return normal speed[0m
[self_driving-10] [0m[INFO] [1782556716.760745391] [self_driving]: [ALL_CLASSES] ['crosswalk'][0m
[self_driving-10] [0m[INFO] [1782556716.761972965] [self_driving]: [OBJECTS] msg_count=14 n=1 names=['crosswalk'][0m
[self_driving-10] [0m[INFO] [1782556716.767675372] [self_driving]: [ALL_CLASSES] ['crosswalk'][0m
[self_driving-10] [0m[INFO] [1782556717.083914279] [self_driving]: [ALL_CLASSES] ['crosswalk'][0m
[self_driving-10] [0m[INFO] [1782556717.087672113] [self_driving]: [ALL_CLASSES] ['crosswalk'][0m
[self_driving-10] [0m[INFO] [1782556717.131191316] [self_driving]: [CROSSWALK_IGNORE] y=171 < th=180[0m
[self_driving-10] [0m[INFO] [1782556717.131944113] [self_driving]: [DEBUG_DRIVE] state=LINE_FOLLOW raw_lane_x=139.5 lane_x=139.5 filter=stable linear=0.30 angular=-0.10 cw_y=171 park_x=-1 park_approach=False park_fb_count=0 park_boot_go=0 right_done=False start_turn=False count_turn=0 traffic=None stop=False[0m
[self_driving-10] [0m[INFO] [1782556717.487442835] [self_driving]: [ALL_CLASSES] ['crosswalk'][0m
[self_driving-10] [0m[INFO] [1782556717.489370520] [self_driving]: [OBJECTS] msg_count=18 n=1 names=['crosswalk'][0m
[self_driving-10] [0m[INFO] [1782556717.493768964] [self_driving]: [ALL_CLASSES] ['crosswalk'][0m
[self_driving-10] [0m[INFO] [1782556717.530171427] [self_driving]: [IMAGE] received count=355 shape=(480, 640, 3) queue=0[0m
[self_driving-10] [0m[INFO] [1782556717.643562446] [self_driving]: [CROSSWALK_IGNORE] y=168 < th=180[0m
[self_driving-10] [0m[INFO] [1782556717.645399242] [self_driving]: [DEBUG_DRIVE] state=LINE_FOLLOW raw_lane_x=134.5 lane_x=134.5 filter=stable linear=0.30 angular=-0.10 cw_y=168 park_x=-1 park_approach=False park_fb_count=0 park_boot_go=0 right_done=False start_turn=False count_turn=0 traffic=None stop=False[0m
[self_driving-10] [0m[INFO] [1782556717.913336779] [self_driving]: [ALL_CLASSES] ['crosswalk'][0m
[self_driving-10] [0m[INFO] [1782556717.918430390] [self_driving]: [ALL_CLASSES] ['crosswalk'][0m
[self_driving-10] [0m[INFO] [1782556718.189894038] [self_driving]: [CROSSWALK_IGNORE] y=174 < th=180[0m
[self_driving-10] [0m[INFO] [1782556718.190644001] [self_driving]: [DEBUG_DRIVE] state=LINE_FOLLOW raw_lane_x=125.5 lane_x=125.5 filter=stable linear=0.30 angular=0.10 cw_y=174 park_x=-1 park_approach=False park_fb_count=0 park_boot_go=0 right_done=False start_turn=False count_turn=0 traffic=None stop=False[0m
[self_driving-10] [0m[INFO] [1782556718.239720945] [self_driving]: [ALL_CLASSES] ['crosswalk'][0m
[self_driving-10] [0m[INFO] [1782556718.240669538] [self_driving]: [OBJECTS] msg_count=22 n=1 names=['crosswalk'][0m
[self_driving-10] [0m[INFO] [1782556718.243006686] [self_driving]: [ALL_CLASSES] ['crosswalk'][0m
[self_driving-10] [0m[INFO] [1782556718.444369686] [self_driving]: [CROSSWALK_SLOW] y=180 th=180 confirm=4[0m
[self_driving-10] [0m[INFO] [1782556718.574916408] [self_driving]: [ALL_CLASSES] ['crosswalk'][0m
[self_driving-10] [0m[INFO] [1782556718.578330427] [self_driving]: [ALL_CLASSES] ['crosswalk'][0m
[self_driving-10] [0m[INFO] [1782556718.723012538] [self_driving]: [DEBUG_DRIVE] state=LINE_FOLLOW raw_lane_x=130.5 lane_x=130.5 filter=stable linear=0.15 angular=-0.10 cw_y=188 park_x=-1 park_approach=False park_fb_count=0 park_boot_go=0 right_done=False start_turn=False count_turn=0 traffic=None stop=False[0m
[self_driving-10] [0m[INFO] [1782556718.909217834] [self_driving]: [ALL_CLASSES] ['crosswalk'][0m
[self_driving-10] [0m[INFO] [1782556718.911753000] [self_driving]: [OBJECTS] msg_count=26 n=1 names=['crosswalk'][0m
[self_driving-10] [0m[INFO] [1782556719.233171093] [self_driving]: [ALL_CLASSES] ['crosswalk'][0m
[self_driving-10] [0m[INFO] [1782556719.236797241] [self_driving]: [ALL_CLASSES] ['crosswalk'][0m
[self_driving-10] [0m[INFO] [1782556719.277602352] [self_driving]: [DEBUG_DRIVE] state=LINE_FOLLOW raw_lane_x=121.0 lane_x=121.0 filter=stable linear=0.15 angular=0.10 cw_y=200 park_x=-1 park_approach=False park_fb_count=0 park_boot_go=0 right_done=False start_turn=False count_turn=0 traffic=None stop=False[0m
[self_driving-10] [0m[INFO] [1782556719.530955370] [self_driving]: [IMAGE] received count=385 shape=(480, 640, 3) queue=0[0m
[self_driving-10] [0m[INFO] [1782556719.620415741] [self_driving]: [ALL_CLASSES] ['crosswalk'][0m
[self_driving-10] [0m[INFO] [1782556719.621435111] [self_driving]: [OBJECTS] msg_count=29 n=1 names=['crosswalk'][0m
[self_driving-10] [0m[INFO] [1782556719.622291204] [self_driving]: [FOUR_TO_FIVE_CANDIDATE] big_cw_y=403 th=350[0m
[self_driving-10] [0m[INFO] [1782556719.625882333] [self_driving]: [ALL_CLASSES] ['crosswalk'][0m
[self_driving-10] [0m[INFO] [1782556719.785933574] [self_driving]: [DEBUG_DRIVE] state=LINE_FOLLOW raw_lane_x=132.0 lane_x=132.0 filter=stable linear=0.15 angular=-0.10 cw_y=202 park_x=-1 park_approach=False park_fb_count=0 park_boot_go=0 right_done=False start_turn=False count_turn=0 traffic=None stop=False[0m
[self_driving-10] [0m[INFO] [1782556719.966116796] [self_driving]: [ALL_CLASSES] ['crosswalk'][0m
[self_driving-10] [0m[INFO] [1782556719.968710074] [self_driving]: [ALL_CLASSES] ['crosswalk'][0m
[self_driving-10] [0m[INFO] [1782556719.969326944] [self_driving]: [FOUR_TO_FIVE_CANDIDATE] big_cw_y=426 th=350[0m
[self_driving-10] [0m[INFO] [1782556719.975670463] [self_driving]: [ALL_CLASSES] ['crosswalk'][0m
[self_driving-10] [0m[INFO] [1782556719.976708685] [self_driving]: [FOUR_TO_FIVE_CANDIDATE] big_cw_y=374 th=350[0m
[self_driving-10] [0m[INFO] [1782556720.300695426] [self_driving]: [ALL_CLASSES] ['crosswalk'][0m
[self_driving-10] [0m[INFO] [1782556720.301463259] [self_driving]: [OBJECTS] msg_count=34 n=1 names=['crosswalk'][0m
[self_driving-10] [0m[INFO] [1782556720.303909889] [self_driving]: [FOUR_TO_FIVE_CANDIDATE] big_cw_y=444 th=350[0m
[self_driving-10] [0m[INFO] [1782556720.307730611] [self_driving]: [ALL_CLASSES] ['crosswalk'][0m
[self_driving-10] [0m[INFO] [1782556720.351683129] [self_driving]: [DEBUG_DRIVE] state=LINE_FOLLOW raw_lane_x=122.0 lane_x=122.0 filter=stable linear=0.15 angular=0.10 cw_y=213 park_x=-1 park_approach=False park_fb_count=0 park_boot_go=0 right_done=False start_turn=False count_turn=0 traffic=None stop=False[0m
[self_driving-10] [0m[INFO] [1782556720.653447222] [self_driving]: [ALL_CLASSES] ['crosswalk'][0m
[self_driving-10] [0m[INFO] [1782556720.871914184] [self_driving]: [DEBUG_DRIVE] state=LINE_FOLLOW raw_lane_x=131.0 lane_x=131.0 filter=stable linear=0.15 angular=0.10 cw_y=219 park_x=-1 park_approach=False park_fb_count=0 park_boot_go=0 right_done=False start_turn=False count_turn=0 traffic=None stop=False[0m
[self_driving-10] [0m[INFO] [1782556720.973659759] [self_driving]: [ALL_CLASSES] ['crosswalk'][0m
[self_driving-10] [0m[INFO] [1782556720.979014259] [self_driving]: [OBJECTS] msg_count=37 n=1 names=['crosswalk'][0m
[self_driving-10] [0m[INFO] [1782556721.151667055] [self_driving]: [CROSSWALK_SLOW_DONE] return normal speed[0m
[self_driving-10] [0m[INFO] [1782556721.333071999] [self_driving]: [ALL_CLASSES] ['crosswalk'][0m
[self_driving-10] [0m[INFO] [1782556721.413742166] [self_driving]: [CROSSWALK_SLOW] y=234 th=180 confirm=4[0m
[self_driving-10] [0m[INFO] [1782556721.414506295] [self_driving]: [DEBUG_DRIVE] state=LINE_FOLLOW raw_lane_x=150.5 lane_x=150.5 filter=stable linear=0.15 angular=-0.10 cw_y=234 park_x=-1 park_approach=False park_fb_count=0 park_boot_go=0 right_done=False start_turn=False count_turn=0 traffic=None stop=False[0m
[self_driving-10] [0m[INFO] [1782556721.541210647] [self_driving]: [IMAGE] received count=415 shape=(480, 640, 3) queue=0[0m
[self_driving-10] [0m[INFO] [1782556721.901147499] [self_driving]: [ALL_CLASSES] ['crosswalk'][0m
[self_driving-10] [0m[INFO] [1782556721.901782443] [self_driving]: [OBJECTS] msg_count=39 n=1 names=['crosswalk'][0m
[self_driving-10] [0m[INFO] [1782556721.969352332] [self_driving]: [DEBUG_DRIVE] state=LINE_FOLLOW raw_lane_x=167.5 lane_x=167.5 filter=stable linear=0.15 angular=-0.10 cw_y=243 park_x=-1 park_approach=False park_fb_count=0 park_boot_go=0 right_done=False start_turn=False count_turn=0 traffic=None stop=False[0m
[self_driving-10] [0m[INFO] [1782556722.226000887] [self_driving]: [ALL_CLASSES] ['crosswalk'][0m
[self_driving-10] [0m[INFO] [1782556722.498348091] [self_driving]: [DEBUG_DRIVE] state=LINE_FOLLOW raw_lane_x=159.0 lane_x=159.0 filter=stable linear=0.15 angular=-0.10 cw_y=266 park_x=-1 park_approach=False park_fb_count=0 park_boot_go=0 right_done=False start_turn=False count_turn=0 traffic=None stop=False[0m
[self_driving-10] [0m[INFO] [1782556722.570187961] [self_driving]: [ALL_CLASSES] ['crosswalk'][0m
[self_driving-10] [0m[INFO] [1782556722.570745072] [self_driving]: [OBJECTS] msg_count=41 n=1 names=['crosswalk'][0m
[self_driving-10] [0m[INFO] [1782556722.901905257] [self_driving]: [ALL_CLASSES] ['crosswalk'][0m
[self_driving-10] [0m[INFO] [1782556723.024096017] [self_driving]: [DEBUG_DRIVE] state=LINE_FOLLOW raw_lane_x=115.0 lane_x=115.0 filter=stable linear=0.15 angular=0.10 cw_y=344 park_x=-1 park_approach=False park_fb_count=0 park_boot_go=0 right_done=False start_turn=False count_turn=0 traffic=None stop=False[0m
[self_driving-10] [0m[INFO] [1782556723.239953739] [self_driving]: [ALL_CLASSES] ['crosswalk'][0m
[self_driving-10] [0m[INFO] [1782556723.240397850] [self_driving]: [OBJECTS] msg_count=43 n=1 names=['crosswalk'][0m
[self_driving-10] [0m[INFO] [1782556723.240797387] [self_driving]: [FOUR_TO_FIVE_CANDIDATE] big_cw_y=397 th=350[0m
[self_driving-10] [0m[INFO] [1782556723.549771072] [self_driving]: [IMAGE] received count=445 shape=(480, 640, 3) queue=0[0m
[self_driving-10] [0m[INFO] [1782556723.555999424] [self_driving]: [DEBUG_DRIVE] state=LINE_FOLLOW raw_lane_x=121.0 lane_x=121.0 filter=stable linear=0.15 angular=0.10 cw_y=397 park_x=-1 park_approach=False park_fb_count=0 park_boot_go=0 right_done=False start_turn=False count_turn=0 traffic=None stop=False[0m
[self_driving-10] [0m[INFO] [1782556723.580423757] [self_driving]: [ALL_CLASSES] ['crosswalk'][0m
[self_driving-10] [0m[INFO] [1782556723.581406868] [self_driving]: [FOUR_TO_FIVE_CANDIDATE] big_cw_y=420 th=350[0m
[self_driving-10] [0m[INFO] [1782556723.935966886] [self_driving]: [ALL_CLASSES] ['crosswalk'][0m
[self_driving-10] [0m[INFO] [1782556723.936780775] [self_driving]: [OBJECTS] msg_count=45 n=1 names=['crosswalk'][0m
[self_driving-10] [0m[INFO] [1782556723.937572220] [self_driving]: [FOUR_TO_FIVE_CANDIDATE] big_cw_y=436 th=350[0m
[self_driving-10] [0m[INFO] [1782556724.100587053] [self_driving]: [CROSSWALK_SLOW_DONE] return normal speed[0m
[self_driving-10] [0m[INFO] [1782556724.101379016] [self_driving]: [DEBUG_DRIVE] state=LINE_FOLLOW raw_lane_x=135.0 lane_x=135.0 filter=stable linear=0.15 angular=-0.10 cw_y=436 park_x=-1 park_approach=False park_fb_count=0 park_boot_go=0 right_done=False start_turn=False count_turn=0 traffic=None stop=False[0m
[self_driving-10] [0m[INFO] [1782556724.271555516] [self_driving]: [ALL_CLASSES] ['crosswalk'][0m
[self_driving-10] [0m[INFO] [1782556724.275316942] [self_driving]: [FOUR_TO_FIVE_CANDIDATE] big_cw_y=464 th=350[0m
[self_driving-10] [0m[INFO] [1782556724.365243127] [self_driving]: [CROSSWALK_SLOW] y=464 th=180 confirm=4[0m
[self_driving-10] [0m[INFO] [1782556724.640317942] [self_driving]: [DEBUG_DRIVE] state=LINE_FOLLOW raw_lane_x=131.0 lane_x=131.0 filter=stable linear=0.15 angular=0.10 cw_y=464 park_x=-1 park_approach=False park_fb_count=0 park_boot_go=0 right_done=False start_turn=False count_turn=0 traffic=None stop=False[0m
[self_driving-10] [0m[INFO] [1782556725.173449219] [self_driving]: [DEBUG_DRIVE] state=LINE_FOLLOW raw_lane_x=139.5 lane_x=139.5 filter=stable linear=0.15 angular=-0.10 cw_y=464 park_x=-1 park_approach=False park_fb_count=0 park_boot_go=0 right_done=False start_turn=False count_turn=0 traffic=None stop=False[0m
[self_driving-10] [0m[INFO] [1782556725.575005645] [self_driving]: [IMAGE] received count=475 shape=(480, 640, 3) queue=0[0m
[self_driving-10] [0m[INFO] [1782556725.603634052] [self_driving]: [ALL_CLASSES] ['crosswalk'][0m
[self_driving-10] [0m[INFO] [1782556725.604707422] [self_driving]: [OBJECTS] msg_count=47 n=1 names=['crosswalk'][0m
[self_driving-10] [0m[INFO] [1782556725.712630885] [self_driving]: [DEBUG_DRIVE] state=LINE_FOLLOW raw_lane_x=129.0 lane_x=129.0 filter=stable linear=0.15 angular=-0.10 cw_y=311 park_x=-1 park_approach=False park_fb_count=0 park_boot_go=0 right_done=False start_turn=False count_turn=0 traffic=None stop=False[0m
[self_driving-10] [0m[INFO] [1782556726.255689348] [self_driving]: [DEBUG_DRIVE] state=LINE_FOLLOW raw_lane_x=129.5 lane_x=129.5 filter=stable linear=0.15 angular=-0.10 cw_y=311 park_x=-1 park_approach=False park_fb_count=0 park_boot_go=0 right_done=False start_turn=False count_turn=0 traffic=None stop=False[0m
[self_driving-10] [0m[INFO] [1782556726.787891311] [self_driving]: [DEBUG_DRIVE] state=LINE_FOLLOW raw_lane_x=135.5 lane_x=135.5 filter=stable linear=0.15 angular=0.10 cw_y=311 park_x=-1 park_approach=False park_fb_count=0 park_boot_go=0 right_done=False start_turn=False count_turn=0 traffic=None stop=False[0m
[self_driving-10] [0m[INFO] [1782556727.051698792] [self_driving]: [CROSSWALK_SLOW_DONE] return normal speed[0m
[self_driving-10] [0m[INFO] [1782556727.330633829] [self_driving]: [CROSSWALK_SLOW] y=311 th=180 confirm=4[0m
[self_driving-10] [0m[INFO] [1782556727.335176644] [self_driving]: [DEBUG_DRIVE] state=LINE_FOLLOW raw_lane_x=152.0 lane_x=152.0 filter=stable linear=0.15 angular=-0.10 cw_y=311 park_x=-1 park_approach=False park_fb_count=0 park_boot_go=0 right_done=False start_turn=False count_turn=0 traffic=None stop=False[0m
[self_driving-10] [0m[INFO] [1782556727.579123495] [self_driving]: [IMAGE] received count=505 shape=(480, 640, 3) queue=0[0m
[self_driving-10] [0m[INFO] [1782556727.863748569] [self_driving]: [DEBUG_DRIVE] state=LINE_FOLLOW raw_lane_x=279.0 lane_x=279.0 filter=stable linear=0.15 angular=-0.45 cw_y=311 park_x=-1 park_approach=False park_fb_count=0 park_boot_go=0 right_done=False start_turn=True count_turn=2 traffic=None stop=False[0m
[self_driving-10] [0m[INFO] [1782556728.397641773] [self_driving]: [DEBUG_DRIVE] state=LINE_FOLLOW raw_lane_x=264.5 lane_x=264.5 filter=stable linear=0.15 angular=-0.45 cw_y=311 park_x=-1 park_approach=False park_fb_count=0 park_boot_go=0 right_done=False start_turn=True count_turn=10 traffic=None stop=False[0m
[self_driving-10] [33m[WARN] [1782556728.535996550] [self_driving]: [LANE_X_JUMP_REJECT] raw=159.5 last=286.0 diff=126.5 candidate=159.5 cnt=1/4[0m
[self_driving-10] [0m[INFO] [1782556728.730285884] [self_driving]: [LANE_X_JUMP_ACCEPT] raw=160.0 last=160.0 cnt=4/4[0m
[self_driving-10] [0m[INFO] [1782556728.730831735] [self_driving]: [POST_RIGHT_CHECK] cw_y=311 big_cw_recent=True big_cw_age=4.46s th=350 start_turn=True lane_x=160.0 raw_lane_x=160.0 filter=jump_accept[0m
[self_driving-10] [0m[INFO] [1782556728.731229198] [self_driving]: [POST_RIGHT_FORWARD_START] reason=line_turn_recover_4to5 duration=1.20s speed=0.18 angular=0.05[0m
[self_driving-10] [0m[INFO] [1782556728.795629272] [self_driving]: [POST_RIGHT_FORWARD] remain=1.14s reason=line_turn_recover_4to5 park_x=-1 cw_y=311[0m
[self_driving-10] [0m[INFO] [1782556729.008564069] [self_driving]: [POST_RIGHT_FORWARD] remain=0.92s reason=line_turn_recover_4to5 park_x=-1 cw_y=311[0m
[self_driving-10] [0m[INFO] [1782556729.284686013] [self_driving]: [POST_RIGHT_FORWARD] remain=0.65s reason=line_turn_recover_4to5 park_x=-1 cw_y=311[0m
[self_driving-10] [33m[WARN] [1782556729.330543050] [self_driving]: [LANE_X_JUMP_REJECT] raw=170.0 last=306.0 diff=136.0 candidate=170.0 cnt=1/4[0m
[self_driving-10] [0m[INFO] [1782556729.547606661] [self_driving]: [POST_RIGHT_FORWARD] remain=0.38s reason=line_turn_recover_4to5 park_x=-1 cw_y=311[0m
[self_driving-10] [0m[INFO] [1782556729.612327772] [self_driving]: [IMAGE] received count=535 shape=(480, 640, 3) queue=0[0m
[self_driving-10] [0m[INFO] [1782556729.800073994] [self_driving]: [POST_RIGHT_FORWARD] remain=0.13s reason=line_turn_recover_4to5 park_x=-1 cw_y=311[0m
[self_driving-10] [0m[INFO] [1782556729.954886142] [self_driving]: [PARK_APPROACH_WAIT] reason=need_cw_clear_and_big_go cw_y=311 cw_cleared=False big_go_recent=False big_go_age=-1.00s big_go=None[0m
[self_driving-10] [0m[INFO] [1782556729.958252531] [self_driving]: [DEBUG_DRIVE] state=LINE_FOLLOW raw_lane_x=-1 lane_x=290.5 filter=hold_last linear=0.15 angular=-0.45 cw_y=311 park_x=-1 park_approach=False park_fb_count=0 park_boot_go=0 right_done=False start_turn=False count_turn=1 traffic=None stop=False[0m
[self_driving-10] [0m[INFO] [1782556730.017268642] [self_driving]: [PARK_APPROACH_WAIT] reason=need_cw_clear_and_big_go cw_y=311 cw_cleared=False big_go_recent=False big_go_age=-1.00s big_go=None[0m
[self_driving-10] [0m[INFO] [1782556730.019034346] [self_driving]: [CROSSWALK_SLOW_DONE] return normal speed[0m
[self_driving-10] [33m[WARN] [1782556730.019758809] [self_driving]: [LANE_LOST] raw_lane_x=-1 lane_x=-1 filter=lost stop=False state=LINE_FOLLOW safe_linear=0.00 right_ready=False right_done=False[0m
[self_driving-10] [0m[INFO] [1782556730.087907346] [self_driving]: [PARK_APPROACH_WAIT] reason=need_cw_clear_and_big_go cw_y=311 cw_cleared=False big_go_recent=False big_go_age=-1.00s big_go=None[0m
[self_driving-10] [0m[INFO] [1782556730.139568346] [self_driving]: [PARK_APPROACH_WAIT] reason=need_cw_clear_and_big_go cw_y=311 cw_cleared=False big_go_recent=False big_go_age=-1.00s big_go=None[0m
[self_driving-10] [0m[INFO] [1782556730.217955123] [self_driving]: [PARK_APPROACH_WAIT] reason=need_cw_clear_and_big_go cw_y=311 cw_cleared=False big_go_recent=False big_go_age=-1.00s big_go=None[0m
[self_driving-10] [0m[INFO] [1782556730.269486531] [self_driving]: [PARK_APPROACH_WAIT] reason=need_cw_clear_and_big_go cw_y=311 cw_cleared=False big_go_recent=False big_go_age=-1.00s big_go=None[0m
[self_driving-10] [0m[INFO] [1782556730.270320457] [self_driving]: [CROSSWALK_SLOW] y=311 th=180 confirm=4[0m
[self_driving-10] [0m[INFO] [1782556730.343166438] [self_driving]: [PARK_APPROACH_WAIT] reason=need_cw_clear_and_big_go cw_y=311 cw_cleared=False big_go_recent=False big_go_age=-1.00s big_go=None[0m
[self_driving-10] [0m[INFO] [1782556730.418252549] [self_driving]: [PARK_APPROACH_WAIT] reason=need_cw_clear_and_big_go cw_y=311 cw_cleared=False big_go_recent=False big_go_age=-1.00s big_go=None[0m
[self_driving-10] [0m[INFO] [1782556730.484645031] [self_driving]: [PARK_APPROACH_WAIT] reason=need_cw_clear_and_big_go cw_y=311 cw_cleared=False big_go_recent=False big_go_age=-1.00s big_go=None[0m
[self_driving-10] [0m[INFO] [1782556730.485443457] [self_driving]: [DEBUG_DRIVE] state=LINE_FOLLOW raw_lane_x=-1 lane_x=-1 filter=lost linear=0.15 angular=0.00 cw_y=311 park_x=-1 park_approach=False park_fb_count=0 park_boot_go=0 right_done=False start_turn=False count_turn=1 traffic=None stop=False[0m
[self_driving-10] [0m[INFO] [1782556730.549543234] [self_driving]: [PARK_APPROACH_WAIT] reason=need_cw_clear_and_big_go cw_y=311 cw_cleared=False big_go_recent=False big_go_age=-1.00s big_go=None[0m
[self_driving-10] [33m[WARN] [1782556730.550494512] [self_driving]: [LANE_LOST] raw_lane_x=-1 lane_x=-1 filter=lost stop=False state=LINE_FOLLOW safe_linear=0.00 right_ready=False right_done=False[0m
[self_driving-10] [0m[INFO] [1782556730.613500734] [self_driving]: [PARK_APPROACH_WAIT] reason=need_cw_clear_and_big_go cw_y=311 cw_cleared=False big_go_recent=False big_go_age=-1.00s big_go=None[0m
[self_driving-10] [0m[INFO] [1782556730.683264808] [self_driving]: [PARK_APPROACH_WAIT] reason=need_cw_clear_and_big_go cw_y=311 cw_cleared=False big_go_recent=False big_go_age=-1.00s big_go=None[0m
[self_driving-10] [0m[INFO] [1782556730.740455827] [self_driving]: [PARK_APPROACH_WAIT] reason=need_cw_clear_and_big_go cw_y=311 cw_cleared=False big_go_recent=False big_go_age=-1.00s big_go=None[0m
[self_driving-10] [0m[INFO] [1782556730.820158030] [self_driving]: [PARK_APPROACH_WAIT] reason=need_cw_clear_and_big_go cw_y=311 cw_cleared=False big_go_recent=False big_go_age=-1.00s big_go=None[0m
[self_driving-10] [0m[INFO] [1782556730.889351845] [self_driving]: [PARK_APPROACH_WAIT] reason=need_cw_clear_and_big_go cw_y=311 cw_cleared=False big_go_recent=False big_go_age=-1.00s big_go=None[0m
[self_driving-10] [0m[INFO] [1782556730.950778345] [self_driving]: [PARK_APPROACH_WAIT] reason=need_cw_clear_and_big_go cw_y=311 cw_cleared=False big_go_recent=False big_go_age=-1.00s big_go=None[0m
[self_driving-10] [0m[INFO] [1782556731.037309623] [self_driving]: [PARK_APPROACH_WAIT] reason=need_cw_clear_and_big_go cw_y=311 cw_cleared=False big_go_recent=False big_go_age=-1.00s big_go=None[0m
[self_driving-10] [0m[INFO] [1782556731.038953641] [self_driving]: [DEBUG_DRIVE] state=LINE_FOLLOW raw_lane_x=-1 lane_x=-1 filter=lost linear=0.15 angular=0.00 cw_y=311 park_x=-1 park_approach=False park_fb_count=0 park_boot_go=0 right_done=False start_turn=False count_turn=1 traffic=None stop=False[0m
[self_driving-10] [0m[INFO] [1782556731.093915456] [self_driving]: [PARK_APPROACH_WAIT] reason=need_cw_clear_and_big_go cw_y=311 cw_cleared=False big_go_recent=False big_go_age=-1.00s big_go=None[0m
[self_driving-10] [33m[WARN] [1782556731.096527604] [self_driving]: [LANE_LOST] raw_lane_x=-1 lane_x=-1 filter=lost stop=False state=LINE_FOLLOW safe_linear=0.00 right_ready=False right_done=False[0m
[self_driving-10] [0m[INFO] [1782556731.158560030] [self_driving]: [PARK_APPROACH_WAIT] reason=need_cw_clear_and_big_go cw_y=311 cw_cleared=False big_go_recent=False big_go_age=-1.00s big_go=None[0m
[self_driving-10] [0m[INFO] [1782556731.226395456] [self_driving]: [PARK_APPROACH_WAIT] reason=need_cw_clear_and_big_go cw_y=311 cw_cleared=False big_go_recent=False big_go_age=-1.00s big_go=None[0m
[self_driving-10] [0m[INFO] [1782556731.284997438] [self_driving]: [PARK_APPROACH_WAIT] reason=need_cw_clear_and_big_go cw_y=311 cw_cleared=False big_go_recent=False big_go_age=-1.00s big_go=None[0m
[self_driving-10] [0m[INFO] [1782556731.365023215] [self_driving]: [PARK_APPROACH_WAIT] reason=need_cw_clear_and_big_go cw_y=311 cw_cleared=False big_go_recent=False big_go_age=-1.00s big_go=None[0m
[self_driving-10] [0m[INFO] [1782556731.431188400] [self_driving]: [PARK_APPROACH_WAIT] reason=need_cw_clear_and_big_go cw_y=311 cw_cleared=False big_go_recent=False big_go_age=-1.00s big_go=None[0m
[self_driving-10] [0m[INFO] [1782556731.479711400] [self_driving]: [PARK_APPROACH_WAIT] reason=need_cw_clear_and_big_go cw_y=311 cw_cleared=False big_go_recent=False big_go_age=-1.00s big_go=None[0m
[self_driving-10] [0m[INFO] [1782556731.547226326] [self_driving]: [PARK_APPROACH_WAIT] reason=need_cw_clear_and_big_go cw_y=311 cw_cleared=False big_go_recent=False big_go_age=-1.00s big_go=None[0m
[self_driving-10] [0m[INFO] [1782556731.549031048] [self_driving]: [DEBUG_DRIVE] state=LINE_FOLLOW raw_lane_x=-1 lane_x=-1 filter=lost linear=0.15 angular=0.00 cw_y=311 park_x=-1 park_approach=False park_fb_count=0 park_boot_go=0 right_done=False start_turn=False count_turn=1 traffic=None stop=False[0m
[self_driving-10] [0m[INFO] [1782556731.610445141] [self_driving]: [PARK_APPROACH_WAIT] reason=need_cw_clear_and_big_go cw_y=311 cw_cleared=False big_go_recent=False big_go_age=-1.00s big_go=None[0m
[self_driving-10] [33m[WARN] [1782556731.611373030] [self_driving]: [LANE_LOST] raw_lane_x=-1 lane_x=-1 filter=lost stop=False state=LINE_FOLLOW safe_linear=0.00 right_ready=False right_done=False[0m
[self_driving-10] [0m[INFO] [1782556731.691509826] [self_driving]: [IMAGE] received count=566 shape=(480, 640, 3) queue=0[0m
[self_driving-10] [0m[INFO] [1782556731.699835808] [self_driving]: [PARK_APPROACH_WAIT] reason=need_cw_clear_and_big_go cw_y=311 cw_cleared=False big_go_recent=False big_go_age=-1.00s big_go=None[0m
[self_driving-10] [0m[INFO] [1782556731.749368456] [self_driving]: [PARK_APPROACH_WAIT] reason=need_cw_clear_and_big_go cw_y=311 cw_cleared=False big_go_recent=False big_go_age=-1.00s big_go=None[0m
[self_driving-10] [0m[INFO] [1782556731.814553974] [self_driving]: [PARK_APPROACH_WAIT] reason=need_cw_clear_and_big_go cw_y=311 cw_cleared=False big_go_recent=False big_go_age=-1.00s big_go=None[0m
[self_driving-10] [0m[INFO] [1782556731.882223641] [self_driving]: [PARK_APPROACH_WAIT] reason=need_cw_clear_and_big_go cw_y=311 cw_cleared=False big_go_recent=False big_go_age=-1.00s big_go=None[0m
[self_driving-10] [0m[INFO] [1782556731.954911474] [self_driving]: [PARK_APPROACH_WAIT] reason=need_cw_clear_and_big_go cw_y=311 cw_cleared=False big_go_recent=False big_go_age=-1.00s big_go=None[0m
[self_driving-10] [0m[INFO] [1782556732.044312511] [self_driving]: [PARK_APPROACH_WAIT] reason=need_cw_clear_and_big_go cw_y=311 cw_cleared=False big_go_recent=False big_go_age=-1.00s big_go=None[0m
[self_driving-10] [0m[INFO] [1782556732.052034215] [self_driving]: [DEBUG_DRIVE] state=LINE_FOLLOW raw_lane_x=-1 lane_x=-1 filter=lost linear=0.15 angular=0.00 cw_y=311 park_x=-1 park_approach=False park_fb_count=0 park_boot_go=0 right_done=False start_turn=False count_turn=1 traffic=None stop=False[0m
[self_driving-10] [0m[INFO] [1782556732.092562974] [self_driving]: [PARK_APPROACH_WAIT] reason=need_cw_clear_and_big_go cw_y=311 cw_cleared=False big_go_recent=False big_go_age=-1.00s big_go=None[0m
[self_driving-10] [0m[INFO] [1782556732.154854437] [self_driving]: [PARK_APPROACH_WAIT] reason=need_cw_clear_and_big_go cw_y=311 cw_cleared=False big_go_recent=False big_go_age=-1.00s big_go=None[0m
[self_driving-10] [33m[WARN] [1782556732.159453659] [self_driving]: [LANE_LOST] raw_lane_x=-1 lane_x=-1 filter=lost stop=False state=LINE_FOLLOW safe_linear=0.00 right_ready=False right_done=False[0m
[self_driving-10] [0m[INFO] [1782556732.221425122] [self_driving]: [PARK_APPROACH_WAIT] reason=need_cw_clear_and_big_go cw_y=311 cw_cleared=False big_go_recent=False big_go_age=-1.00s big_go=None[0m
[self_driving-10] [0m[INFO] [1782556732.290423863] [self_driving]: [PARK_APPROACH_WAIT] reason=need_cw_clear_and_big_go cw_y=311 cw_cleared=False big_go_recent=False big_go_age=-1.00s big_go=None[0m
[self_driving-10] [0m[INFO] [1782556732.378290844] [self_driving]: [PARK_APPROACH_WAIT] reason=need_cw_clear_and_big_go cw_y=311 cw_cleared=False big_go_recent=False big_go_age=-1.00s big_go=None[0m
[self_driving-10] [0m[INFO] [1782556732.426243511] [self_driving]: [PARK_APPROACH_WAIT] reason=need_cw_clear_and_big_go cw_y=311 cw_cleared=False big_go_recent=False big_go_age=-1.00s big_go=None[0m
[self_driving-10] [0m[INFO] [1782556732.491196678] [self_driving]: [PARK_APPROACH_WAIT] reason=need_cw_clear_and_big_go cw_y=311 cw_cleared=False big_go_recent=False big_go_age=-1.00s big_go=None[0m
[self_driving-10] [0m[INFO] [1782556732.565335289] [self_driving]: [PARK_APPROACH_WAIT] reason=need_cw_clear_and_big_go cw_y=311 cw_cleared=False big_go_recent=False big_go_age=-1.00s big_go=None[0m
[self_driving-10] [0m[INFO] [1782556732.566106863] [self_driving]: [DEBUG_DRIVE] state=LINE_FOLLOW raw_lane_x=-1 lane_x=-1 filter=lost linear=0.15 angular=0.00 cw_y=311 park_x=-1 park_approach=False park_fb_count=0 park_boot_go=0 right_done=False start_turn=False count_turn=1 traffic=None stop=False[0m
[self_driving-10] [0m[INFO] [1782556732.625166881] [self_driving]: [PARK_APPROACH_WAIT] reason=need_cw_clear_and_big_go cw_y=311 cw_cleared=False big_go_recent=False big_go_age=-1.00s big_go=None[0m
[self_driving-10] [0m[INFO] [1782556732.713053659] [self_driving]: [PARK_APPROACH_WAIT] reason=need_cw_clear_and_big_go cw_y=311 cw_cleared=False big_go_recent=False big_go_age=-1.00s big_go=None[0m
[self_driving-10] [33m[WARN] [1782556732.714248492] [self_driving]: [LANE_LOST] raw_lane_x=-1 lane_x=-1 filter=lost stop=False state=LINE_FOLLOW safe_linear=0.00 right_ready=False right_done=False[0m
[self_driving-10] [0m[INFO] [1782556732.773558548] [self_driving]: [PARK_APPROACH_WAIT] reason=need_cw_clear_and_big_go cw_y=311 cw_cleared=False big_go_recent=False big_go_age=-1.00s big_go=None[0m
[self_driving-10] [0m[INFO] [1782556732.842943418] [self_driving]: [PARK_APPROACH_WAIT] reason=need_cw_clear_and_big_go cw_y=311 cw_cleared=False big_go_recent=False big_go_age=-1.00s big_go=None[0m
[self_driving-10] [0m[INFO] [1782556732.909537733] [self_driving]: [PARK_APPROACH_WAIT] reason=need_cw_clear_and_big_go cw_y=311 cw_cleared=False big_go_recent=False big_go_age=-1.00s big_go=None[0m
[self_driving-10] [0m[INFO] [1782556732.958398196] [self_driving]: [PARK_APPROACH_WAIT] reason=need_cw_clear_and_big_go cw_y=311 cw_cleared=False big_go_recent=False big_go_age=-1.00s big_go=None[0m
[self_driving-10] [0m[INFO] [1782556732.959126381] [self_driving]: [CROSSWALK_SLOW_DONE] return normal speed[0m
[self_driving-10] [0m[INFO] [1782556733.045066603] [self_driving]: [PARK_APPROACH_WAIT] reason=need_cw_clear_and_big_go cw_y=311 cw_cleared=False big_go_recent=False big_go_age=-1.00s big_go=None[0m
[self_driving-10] [0m[INFO] [1782556733.102123066] [self_driving]: [PARK_APPROACH_WAIT] reason=need_cw_clear_and_big_go cw_y=311 cw_cleared=False big_go_recent=False big_go_age=-1.00s big_go=None[0m
[self_driving-10] [0m[INFO] [1782556733.103431455] [self_driving]: [DEBUG_DRIVE] state=LINE_FOLLOW raw_lane_x=-1 lane_x=-1 filter=lost linear=0.30 angular=0.00 cw_y=311 park_x=-1 park_approach=False park_fb_count=0 park_boot_go=0 right_done=False start_turn=False count_turn=1 traffic=None stop=False[0m
[self_driving-10] [0m[INFO] [1782556733.172718362] [self_driving]: [PARK_APPROACH_WAIT] reason=need_cw_clear_and_big_go cw_y=311 cw_cleared=False big_go_recent=False big_go_age=-1.00s big_go=None[0m
[self_driving-10] [33m[WARN] [1782556733.227162159] [self_driving]: [LANE_X_JUMP_REJECT] raw=131.0 last=307.0 diff=176.0 candidate=131.0 cnt=1/4[0m
[self_driving-10] [0m[INFO] [1782556733.228085103] [self_driving]: [PARK_APPROACH_WAIT] reason=need_cw_clear_and_big_go cw_y=311 cw_cleared=False big_go_recent=False big_go_age=-1.00s big_go=None[0m
[self_driving-10] [0m[INFO] [1782556733.228869492] [self_driving]: [CROSSWALK_SLOW] y=311 th=180 confirm=4[0m
[self_driving-10] [0m[INFO] [1782556733.290520233] [self_driving]: [PARK_APPROACH_WAIT] reason=need_cw_clear_and_big_go cw_y=311 cw_cleared=False big_go_recent=False big_go_age=-1.00s big_go=None[0m
[self_driving-10] [0m[INFO] [1782556733.387092159] [self_driving]: [PARK_APPROACH_WAIT] reason=need_cw_clear_and_big_go cw_y=311 cw_cleared=False big_go_recent=False big_go_age=-1.00s big_go=None[0m
[self_driving-10] [0m[INFO] [1782556733.432748844] [self_driving]: [PARK_APPROACH_WAIT] reason=need_cw_clear_and_big_go cw_y=311 cw_cleared=False big_go_recent=False big_go_age=-1.00s big_go=None[0m
[self_driving-10] [0m[INFO] [1782556733.503746158] [self_driving]: [LANE_X_JUMP_ACCEPT] raw=98.5 last=98.5 cnt=4/4[0m
[self_driving-10] [0m[INFO] [1782556733.504587936] [self_driving]: [PARK_APPROACH_WAIT] reason=need_cw_clear_and_big_go cw_y=311 cw_cleared=False big_go_recent=False big_go_age=-1.00s big_go=None[0m
[self_driving-10] [0m[INFO] [1782556733.559275177] [self_driving]: [PARK_APPROACH_WAIT] reason=need_cw_clear_and_big_go cw_y=311 cw_cleared=False big_go_recent=False big_go_age=-1.00s big_go=None[0m
[self_driving-10] [0m[INFO] [1782556733.643001769] [self_driving]: [PARK_APPROACH_WAIT] reason=need_cw_clear_and_big_go cw_y=311 cw_cleared=False big_go_recent=False big_go_age=-1.00s big_go=None[0m
[self_driving-10] [0m[INFO] [1782556733.643736881] [self_driving]: [DEBUG_DRIVE] state=LINE_FOLLOW raw_lane_x=66.0 lane_x=66.0 filter=stable linear=0.15 angular=0.00 cw_y=311 park_x=-1 park_approach=False park_fb_count=0 park_boot_go=0 right_done=False start_turn=True count_turn=0 traffic=None stop=False[0m
[self_driving-10] [0m[INFO] [1782556733.712211158] [self_driving]: [IMAGE] received count=596 shape=(480, 640, 3) queue=0[0m
[self_driving-10] [0m[INFO] [1782556733.724654288] [self_driving]: [PARK_APPROACH_WAIT] reason=need_cw_clear_and_big_go cw_y=311 cw_cleared=False big_go_recent=False big_go_age=-1.00s big_go=None[0m
[self_driving-10] [0m[INFO] [1782556733.785564621] [self_driving]: [PARK_APPROACH_WAIT] reason=need_cw_clear_and_big_go cw_y=311 cw_cleared=False big_go_recent=False big_go_age=-1.00s big_go=None[0m
[self_driving-10] [0m[INFO] [1782556733.856638640] [self_driving]: [PARK_APPROACH_WAIT] reason=need_cw_clear_and_big_go cw_y=311 cw_cleared=False big_go_recent=False big_go_age=-1.00s big_go=None[0m
[self_driving-10] [0m[INFO] [1782556733.902664992] [self_driving]: [PARK_APPROACH_WAIT] reason=need_cw_clear_and_big_go cw_y=311 cw_cleared=False big_go_recent=False big_go_age=-1.00s big_go=None[0m
[self_driving-10] [0m[INFO] [1782556733.903331788] [self_driving]: [POST_RIGHT_CHECK] cw_y=311 big_cw_recent=False big_cw_age=9.63s th=350 start_turn=True lane_x=64.5 raw_lane_x=64.5 filter=stable[0m
[self_driving-10] [0m[INFO] [1782556733.903783769] [self_driving]: [POST_RIGHT_SKIP] reason=not_4to5_big_cw_candidate cw_y=311 th=350 big_cw_recent=False[0m
[self_driving-10] [0m[INFO] [1782556733.967014677] [self_driving]: [PARK_APPROACH_WAIT] reason=need_cw_clear_and_big_go cw_y=311 cw_cleared=False big_go_recent=False big_go_age=-1.00s big_go=None[0m
[self_driving-10] [0m[INFO] [1782556733.967694084] [self_driving]: [POST_RIGHT_CHECK] cw_y=311 big_cw_recent=False big_cw_age=9.70s th=350 start_turn=True lane_x=65.5 raw_lane_x=65.5 filter=stable[0m
[self_driving-10] [0m[INFO] [1782556733.968522269] [self_driving]: [POST_RIGHT_SKIP] reason=not_4to5_big_cw_candidate cw_y=311 th=350 big_cw_recent=False[0m
[self_driving-10] [0m[INFO] [1782556734.047608140] [self_driving]: [PARK_APPROACH_WAIT] reason=need_cw_clear_and_big_go cw_y=311 cw_cleared=False big_go_recent=False big_go_age=-1.00s big_go=None[0m
[self_driving-10] [0m[INFO] [1782556734.048270528] [self_driving]: [POST_RIGHT_CHECK] cw_y=311 big_cw_recent=False big_cw_age=9.78s th=350 start_turn=True lane_x=70.0 raw_lane_x=70.0 filter=stable[0m
[self_driving-10] [0m[INFO] [1782556734.048763436] [self_driving]: [POST_RIGHT_SKIP] reason=not_4to5_big_cw_candidate cw_y=311 th=350 big_cw_recent=False[0m
[self_driving-10] [0m[INFO] [1782556734.117639880] [self_driving]: [PARK_APPROACH_WAIT] reason=need_cw_clear_and_big_go cw_y=311 cw_cleared=False big_go_recent=False big_go_age=-1.00s big_go=None[0m
[self_driving-10] [0m[INFO] [1782556734.118685010] [self_driving]: [POST_RIGHT_CHECK] cw_y=311 big_cw_recent=False big_cw_age=9.85s th=350 start_turn=True lane_x=70.0 raw_lane_x=70.0 filter=stable[0m
[self_driving-10] [0m[INFO] [1782556734.119298677] [self_driving]: [POST_RIGHT_SKIP] reason=not_4to5_big_cw_candidate cw_y=311 th=350 big_cw_recent=False[0m
[self_driving-10] [0m[INFO] [1782556734.181160862] [self_driving]: [PARK_APPROACH_WAIT] reason=need_cw_clear_and_big_go cw_y=311 cw_cleared=False big_go_recent=False big_go_age=-1.00s big_go=None[0m
[self_driving-10] [0m[INFO] [1782556734.182030454] [self_driving]: [POST_RIGHT_CHECK] cw_y=311 big_cw_recent=False big_cw_age=9.91s th=350 start_turn=True lane_x=71.0 raw_lane_x=71.0 filter=stable[0m
[self_driving-10] [0m[INFO] [1782556734.182562565] [self_driving]: [POST_RIGHT_SKIP] reason=not_4to5_big_cw_candidate cw_y=311 th=350 big_cw_recent=False[0m
[self_driving-10] [0m[INFO] [1782556734.183467769] [self_driving]: [DEBUG_DRIVE] state=LINE_FOLLOW raw_lane_x=71.0 lane_x=71.0 filter=stable linear=0.15 angular=0.00 cw_y=311 park_x=-1 park_approach=False park_fb_count=0 park_boot_go=0 right_done=False start_turn=True count_turn=0 traffic=None stop=False[0m
[self_driving-10] [0m[INFO] [1782556734.262229288] [self_driving]: [PARK_APPROACH_WAIT] reason=need_cw_clear_and_big_go cw_y=311 cw_cleared=False big_go_recent=False big_go_age=-1.00s big_go=None[0m
[self_driving-10] [0m[INFO] [1782556734.262989121] [self_driving]: [POST_RIGHT_CHECK] cw_y=311 big_cw_recent=False big_cw_age=9.99s th=350 start_turn=True lane_x=73.0 raw_lane_x=73.0 filter=stable[0m
[self_driving-10] [0m[INFO] [1782556734.264872065] [self_driving]: [POST_RIGHT_SKIP] reason=not_4to5_big_cw_candidate cw_y=311 th=350 big_cw_recent=False[0m
[self_driving-10] [0m[INFO] [1782556734.305118732] [self_driving]: [PARK_APPROACH_WAIT] reason=need_cw_clear_and_big_go cw_y=311 cw_cleared=False big_go_recent=False big_go_age=-1.00s big_go=None[0m
[self_driving-10] [0m[INFO] [1782556734.305758825] [self_driving]: [POST_RIGHT_CHECK] cw_y=311 big_cw_recent=False big_cw_age=10.03s th=350 start_turn=True lane_x=72.5 raw_lane_x=72.5 filter=stable[0m
[self_driving-10] [0m[INFO] [1782556734.306721584] [self_driving]: [POST_RIGHT_SKIP] reason=not_4to5_big_cw_candidate cw_y=311 th=350 big_cw_recent=False[0m
[self_driving-10] [0m[INFO] [1782556734.379618788] [self_driving]: [PARK_APPROACH_WAIT] reason=need_cw_clear_and_big_go cw_y=311 cw_cleared=False big_go_recent=False big_go_age=-1.00s big_go=None[0m
[self_driving-10] [0m[INFO] [1782556734.380163399] [self_driving]: [POST_RIGHT_CHECK] cw_y=311 big_cw_recent=False big_cw_age=10.11s th=350 start_turn=True lane_x=73.0 raw_lane_x=73.0 filter=stable[0m
[self_driving-10] [0m[INFO] [1782556734.380753436] [self_driving]: [POST_RIGHT_SKIP] reason=not_4to5_big_cw_candidate cw_y=311 th=350 big_cw_recent=False[0m
[self_driving-10] [0m[INFO] [1782556734.409579399] [self_driving]: [ALL_CLASSES] ['go'][0m
[self_driving-10] [0m[INFO] [1782556734.410140973] [self_driving]: [OBJECTS] msg_count=48 n=1 names=['go'][0m
[self_driving-10] [0m[INFO] [1782556734.411112269] [self_driving]: [GO_CANDIDATE] cx=258 cy=117 area=1026 score=0.85[0m
[self_driving-10] [0m[INFO] [1782556734.411591528] [self_driving]: [BIG_GO_FOR_PARK] cx=258 cy=117 area=1026 score=0.85 min_score=0.75 min_area=1000[0m
[self_driving-10] [0m[INFO] [1782556734.414992158] [self_driving]: [ALL_CLASSES] ['crosswalk'][0m
[self_driving-10] [0m[INFO] [1782556734.472610658] [self_driving]: [PARK_APPROACH_START] reason=big_cw_line_turn_post_forward_big_go hold=12.0s fallback_delay=3.0s[0m
[self_driving-10] [0m[INFO] [1782556734.473106473] [self_driving]: [PARK_APPROACH_TRIGGER] reason=big_cw_line_turn_post_forward_big_go cw_y=12 cw_th=250 big_go_age=0.06s big_go={'cx': 258, 'cy': 117, 'area': 1026, 'score': 0.8500000238418579} right_done=True[0m
[self_driving-10] [0m[INFO] [1782556734.473586621] [self_driving]: [PARK_APPROACH_CW_BYPASS] clear crosswalk slow stop=False cw_y=12[0m
[self_driving-10] [0m[INFO] [1782556734.474868658] [self_driving]: [POST_RIGHT_CHECK] cw_y=12 big_cw_recent=False big_cw_age=10.20s th=350 start_turn=True lane_x=70.0 raw_lane_x=70.0 filter=stable[0m
[self_driving-10] [0m[INFO] [1782556734.476880954] [self_driving]: [POST_RIGHT_SKIP] reason=not_4to5_big_cw_candidate cw_y=12 th=350 big_cw_recent=False[0m
[self_driving-10] [0m[INFO] [1782556734.519263584] [self_driving]: [POST_RIGHT_CHECK] cw_y=12 big_cw_recent=False big_cw_age=10.25s th=350 start_turn=True lane_x=78.0 raw_lane_x=78.0 filter=stable[0m
[self_driving-10] [0m[INFO] [1782556734.519826250] [self_driving]: [POST_RIGHT_SKIP] reason=not_4to5_big_cw_candidate cw_y=12 th=350 big_cw_recent=False[0m
[self_driving-10] [0m[INFO] [1782556734.571046195] [self_driving]: [POST_RIGHT_CHECK] cw_y=12 big_cw_recent=False big_cw_age=10.30s th=350 start_turn=True lane_x=74.0 raw_lane_x=74.0 filter=stable[0m
[self_driving-10] [0m[INFO] [1782556734.571561343] [self_driving]: [POST_RIGHT_SKIP] reason=not_4to5_big_cw_candidate cw_y=12 th=350 big_cw_recent=False[0m
[self_driving-10] [0m[INFO] [1782556734.649845899] [self_driving]: [POST_RIGHT_CHECK] cw_y=12 big_cw_recent=False big_cw_age=10.38s th=350 start_turn=True lane_x=81.5 raw_lane_x=81.5 filter=stable[0m
[self_driving-10] [0m[INFO] [1782556734.650350361] [self_driving]: [POST_RIGHT_SKIP] reason=not_4to5_big_cw_candidate cw_y=12 th=350 big_cw_recent=False[0m
[self_driving-10] [0m[INFO] [1782556734.723466435] [self_driving]: [POST_RIGHT_CHECK] cw_y=12 big_cw_recent=False big_cw_age=10.45s th=350 start_turn=True lane_x=82.5 raw_lane_x=82.5 filter=stable[0m
[self_driving-10] [0m[INFO] [1782556734.724202417] [self_driving]: [POST_RIGHT_SKIP] reason=not_4to5_big_cw_candidate cw_y=12 th=350 big_cw_recent=False[0m
[self_driving-10] [0m[INFO] [1782556734.724896639] [self_driving]: [DEBUG_DRIVE] state=LINE_FOLLOW raw_lane_x=82.5 lane_x=82.5 filter=stable linear=0.30 angular=0.00 cw_y=12 park_x=-1 park_approach=True park_fb_count=0 park_boot_go=0 right_done=True start_turn=True count_turn=0 traffic=None stop=False[0m
[self_driving-10] [0m[INFO] [1782556734.784082213] [self_driving]: [ALL_CLASSES] ['crosswalk'][0m
[self_driving-10] [0m[INFO] [1782556734.789931510] [self_driving]: [POST_RIGHT_CHECK] cw_y=187 big_cw_recent=False big_cw_age=10.52s th=350 start_turn=True lane_x=82.5 raw_lane_x=82.5 filter=stable[0m
[self_driving-10] [0m[INFO] [1782556734.790726084] [self_driving]: [POST_RIGHT_SKIP] reason=not_4to5_big_cw_candidate cw_y=187 th=350 big_cw_recent=False[0m
[self_driving-10] [0m[INFO] [1782556734.861398491] [self_driving]: [POST_RIGHT_CHECK] cw_y=187 big_cw_recent=False big_cw_age=10.59s th=350 start_turn=True lane_x=90.5 raw_lane_x=90.5 filter=stable[0m
[self_driving-10] [0m[INFO] [1782556734.863245361] [self_driving]: [POST_RIGHT_SKIP] reason=not_4to5_big_cw_candidate cw_y=187 th=350 big_cw_recent=False[0m
[self_driving-10] [0m[INFO] [1782556734.926264213] [self_driving]: [POST_RIGHT_CHECK] cw_y=187 big_cw_recent=False big_cw_age=10.65s th=350 start_turn=True lane_x=89.5 raw_lane_x=89.5 filter=stable[0m
[self_driving-10] [0m[INFO] [1782556734.926821084] [self_driving]: [POST_RIGHT_SKIP] reason=not_4to5_big_cw_candidate cw_y=187 th=350 big_cw_recent=False[0m
[self_driving-10] [0m[INFO] [1782556734.975100250] [self_driving]: [POST_RIGHT_CHECK] cw_y=187 big_cw_recent=False big_cw_age=10.70s th=350 start_turn=True lane_x=90.0 raw_lane_x=90.0 filter=stable[0m
[self_driving-10] [0m[INFO] [1782556734.975791269] [self_driving]: [POST_RIGHT_SKIP] reason=not_4to5_big_cw_candidate cw_y=187 th=350 big_cw_recent=False[0m
[self_driving-10] [0m[INFO] [1782556735.045148324] [self_driving]: [POST_RIGHT_CHECK] cw_y=187 big_cw_recent=False big_cw_age=10.77s th=350 start_turn=True lane_x=92.5 raw_lane_x=92.5 filter=stable[0m
[self_driving-10] [0m[INFO] [1782556735.046903324] [self_driving]: [POST_RIGHT_SKIP] reason=not_4to5_big_cw_candidate cw_y=187 th=350 big_cw_recent=False[0m
[self_driving-10] [0m[INFO] [1782556735.119754528] [self_driving]: [ALL_CLASSES] ['go'][0m
[self_driving-10] [0m[INFO] [1782556735.122928083] [self_driving]: [OBJECTS] msg_count=51 n=1 names=['go'][0m
[self_driving-10] [0m[INFO] [1782556735.124018713] [self_driving]: [POST_RIGHT_CHECK] cw_y=187 big_cw_recent=False big_cw_age=10.85s th=350 start_turn=True lane_x=96.5 raw_lane_x=96.5 filter=stable[0m
[self_driving-10] [0m[INFO] [1782556735.125448602] [self_driving]: [POST_RIGHT_SKIP] reason=not_4to5_big_cw_candidate cw_y=187 th=350 big_cw_recent=False[0m
[self_driving-10] [0m[INFO] [1782556735.133583028] [self_driving]: [GO_CANDIDATE] cx=175 cy=118 area=1050 score=0.87[0m
[self_driving-10] [0m[INFO] [1782556735.134352676] [self_driving]: [BIG_GO_FOR_PARK] cx=175 cy=118 area=1050 score=0.87 min_score=0.75 min_area=1000[0m
[self_driving-10] [0m[INFO] [1782556735.139201695] [self_driving]: [ALL_CLASSES] ['crosswalk'][0m
[self_driving-10] [0m[INFO] [1782556735.203689083] [self_driving]: [POST_RIGHT_CHECK] cw_y=12 big_cw_recent=False big_cw_age=10.93s th=350 start_turn=True lane_x=99.5 raw_lane_x=99.5 filter=stable[0m
[self_driving-10] [0m[INFO] [1782556735.204189546] [self_driving]: [POST_RIGHT_SKIP] reason=not_4to5_big_cw_candidate cw_y=12 th=350 big_cw_recent=False[0m
[self_driving-10] [0m[INFO] [1782556735.246028731] [self_driving]: [POST_RIGHT_CHECK] cw_y=12 big_cw_recent=False big_cw_age=10.97s th=350 start_turn=True lane_x=99.5 raw_lane_x=99.5 filter=stable[0m
[self_driving-10] [0m[INFO] [1782556735.246707361] [self_driving]: [POST_RIGHT_SKIP] reason=not_4to5_big_cw_candidate cw_y=12 th=350 big_cw_recent=False[0m
[self_driving-10] [0m[INFO] [1782556735.251811435] [self_driving]: [DEBUG_DRIVE] state=LINE_FOLLOW raw_lane_x=99.5 lane_x=99.5 filter=stable linear=0.30 angular=0.00 cw_y=12 park_x=-1 park_approach=True park_fb_count=0 park_boot_go=0 right_done=True start_turn=True count_turn=0 traffic=None stop=False[0m
[self_driving-10] [0m[INFO] [1782556735.323205843] [self_driving]: [POST_RIGHT_CHECK] cw_y=12 big_cw_recent=False big_cw_age=11.05s th=350 start_turn=True lane_x=101.5 raw_lane_x=101.5 filter=stable[0m
[self_driving-10] [0m[INFO] [1782556735.323773898] [self_driving]: [POST_RIGHT_SKIP] reason=not_4to5_big_cw_candidate cw_y=12 th=350 big_cw_recent=False[0m
[self_driving-10] [0m[INFO] [1782556735.393225861] [self_driving]: [POST_RIGHT_CHECK] cw_y=12 big_cw_recent=False big_cw_age=11.12s th=350 start_turn=True lane_x=103.5 raw_lane_x=103.5 filter=stable[0m
[self_driving-10] [0m[INFO] [1782556735.393773417] [self_driving]: [POST_RIGHT_SKIP] reason=not_4to5_big_cw_candidate cw_y=12 th=350 big_cw_recent=False[0m
[self_driving-10] [0m[INFO] [1782556735.459759917] [self_driving]: [POST_RIGHT_CHECK] cw_y=12 big_cw_recent=False big_cw_age=11.19s th=350 start_turn=True lane_x=108.0 raw_lane_x=108.0 filter=stable[0m
[self_driving-10] [0m[INFO] [1782556735.460342176] [self_driving]: [POST_RIGHT_SKIP] reason=not_4to5_big_cw_candidate cw_y=12 th=350 big_cw_recent=False[0m
[self_driving-10] [0m[INFO] [1782556735.466763731] [self_driving]: [ALL_CLASSES] ['crosswalk'][0m
[self_driving-10] [0m[INFO] [1782556735.468469509] [self_driving]: [ALL_CLASSES] ['go'][0m
[self_driving-10] [0m[INFO] [1782556735.470638954] [self_driving]: [GO_CANDIDATE] cx=166 cy=116 area=1118 score=0.85[0m
[self_driving-10] [0m[INFO] [1782556735.471596509] [self_driving]: [BIG_GO_FOR_PARK] cx=166 cy=116 area=1118 score=0.85 min_score=0.75 min_area=1000[0m
[self_driving-10] [0m[INFO] [1782556735.475140305] [self_driving]: [ALL_CLASSES] ['crosswalk'][0m
[self_driving-10] [0m[INFO] [1782556735.716776953] [self_driving]: [IMAGE] received count=626 shape=(480, 640, 3) queue=0[0m
[self_driving-10] [0m[INFO] [1782556735.797471731] [self_driving]: [DEBUG_DRIVE] state=LINE_FOLLOW raw_lane_x=131.5 lane_x=131.5 filter=stable linear=0.30 angular=0.10 cw_y=11 park_x=-1 park_approach=True park_fb_count=0 park_boot_go=0 right_done=True start_turn=False count_turn=0 traffic=None stop=False[0m
[self_driving-10] [0m[INFO] [1782556735.816167139] [self_driving]: [ALL_CLASSES] ['crosswalk'][0m
[self_driving-10] [0m[INFO] [1782556735.817368861] [self_driving]: [OBJECTS] msg_count=56 n=1 names=['crosswalk'][0m
[self_driving-10] [0m[INFO] [1782556735.820530009] [self_driving]: [ALL_CLASSES] ['crosswalk'][0m
[self_driving-10] [0m[INFO] [1782556736.163258398] [self_driving]: [ALL_CLASSES] ['crosswalk'][0m
[self_driving-10] [0m[INFO] [1782556736.164296731] [self_driving]: [FOUR_TO_FIVE_CANDIDATE] big_cw_y=354 th=350[0m
[self_driving-10] [0m[INFO] [1782556736.166930749] [self_driving]: [ALL_CLASSES] ['crosswalk'][0m
[self_driving-10] [0m[INFO] [1782556736.170171935] [self_driving]: [ALL_CLASSES] ['crosswalk'][0m
[self_driving-10] [0m[INFO] [1782556736.340882786] [self_driving]: [DEBUG_DRIVE] state=LINE_FOLLOW raw_lane_x=148.0 lane_x=148.0 filter=stable linear=0.30 angular=-0.10 cw_y=7 park_x=-1 park_approach=True park_fb_count=0 park_boot_go=0 right_done=True start_turn=False count_turn=0 traffic=None stop=False[0m
[self_driving-10] [0m[INFO] [1782556736.547873434] [self_driving]: [ALL_CLASSES] ['crosswalk'][0m
[self_driving-10] [0m[INFO] [1782556736.549039990] [self_driving]: [OBJECTS] msg_count=61 n=1 names=['crosswalk'][0m
[self_driving-10] [0m[INFO] [1782556736.549892175] [self_driving]: [FOUR_TO_FIVE_CANDIDATE] big_cw_y=431 th=350[0m
[self_driving-10] [0m[INFO] [1782556736.552762416] [self_driving]: [ALL_CLASSES] ['go'][0m
[self_driving-10] [0m[INFO] [1782556736.553360231] [self_driving]: [GO_CANDIDATE] cx=82 cy=105 area=2294 score=0.87[0m
[self_driving-10] [0m[INFO] [1782556736.553945323] [self_driving]: [BIG_GO_FOR_PARK] cx=82 cy=105 area=2294 score=0.87 min_score=0.75 min_area=1000[0m
[self_driving-10] [0m[INFO] [1782556736.557633620] [self_driving]: [ALL_CLASSES] ['crosswalk'][0m
[self_driving-10] [0m[INFO] [1782556736.868109749] [self_driving]: [DEBUG_DRIVE] state=LINE_FOLLOW raw_lane_x=132.5 lane_x=132.5 filter=stable linear=0.30 angular=0.10 cw_y=4 park_x=-1 park_approach=True park_fb_count=0 park_boot_go=0 right_done=True start_turn=False count_turn=0 traffic=None stop=False[0m
[self_driving-10] [0m[INFO] [1782556736.919784693] [self_driving]: [ALL_CLASSES] ['go'][0m
[self_driving-10] [0m[INFO] [1782556736.922883675] [self_driving]: [GO_CANDIDATE] cx=14 cy=92 area=2436 score=0.77[0m
[self_driving-10] [0m[INFO] [1782556736.924564916] [self_driving]: [BIG_GO_FOR_PARK] cx=14 cy=92 area=2436 score=0.77 min_score=0.75 min_area=1000[0m
[self_driving-10] [0m[INFO] [1782556737.251252323] [self_driving]: [ALL_CLASSES] ['crosswalk'][0m
[self_driving-10] [0m[INFO] [1782556737.252281971] [self_driving]: [OBJECTS] msg_count=65 n=1 names=['crosswalk'][0m
[self_driving-10] [0m[INFO] [1782556737.407657675] [self_driving]: [DEBUG_DRIVE] state=LINE_FOLLOW raw_lane_x=135.5 lane_x=135.5 filter=stable linear=0.30 angular=0.02 cw_y=253 park_x=-1 park_approach=True park_fb_count=0 park_boot_go=0 right_done=True start_turn=False count_turn=0 traffic=None stop=False[0m
[self_driving-10] [0m[INFO] [1782556737.543309675] [self_driving]: [PARK_FALLBACK_COUNT] count=1/10 elapsed=3.07 cw_y=253 go_recent=True go_candidate={'cx': 14, 'cy': 92, 'area': 2436, 'score': 0.7699999809265137}[0m
[self_driving-10] [0m[INFO] [1782556737.595713193] [self_driving]: [ALL_CLASSES] ['crosswalk'][0m
[self_driving-10] [0m[INFO] [1782556737.619310026] [self_driving]: [PARK_FALLBACK_COUNT] count=2/10 elapsed=3.15 cw_y=282 go_recent=True go_candidate={'cx': 14, 'cy': 92, 'area': 2436, 'score': 0.7699999809265137}[0m
[self_driving-10] [0m[INFO] [1782556737.675967730] [self_driving]: [PARK_FALLBACK_COUNT] count=3/10 elapsed=3.20 cw_y=282 go_recent=True go_candidate={'cx': 14, 'cy': 92, 'area': 2436, 'score': 0.7699999809265137}[0m
[self_driving-10] [0m[INFO] [1782556737.728473563] [self_driving]: [IMAGE] received count=656 shape=(480, 640, 3) queue=0[0m
[self_driving-10] [0m[INFO] [1782556737.736773563] [self_driving]: [PARK_FALLBACK_COUNT] count=4/10 elapsed=3.26 cw_y=282 go_recent=True go_candidate={'cx': 14, 'cy': 92, 'area': 2436, 'score': 0.7699999809265137}[0m
[self_driving-10] [0m[INFO] [1782556737.812307730] [self_driving]: [PARK_FALLBACK_COUNT] count=5/10 elapsed=3.34 cw_y=282 go_recent=True go_candidate={'cx': 14, 'cy': 92, 'area': 2436, 'score': 0.7699999809265137}[0m
[self_driving-10] [0m[INFO] [1782556737.866440026] [self_driving]: [PARK_FALLBACK_COUNT] count=6/10 elapsed=3.39 cw_y=282 go_recent=True go_candidate={'cx': 14, 'cy': 92, 'area': 2436, 'score': 0.7699999809265137}[0m
[self_driving-10] [0m[INFO] [1782556737.943103785] [self_driving]: [PARK_FALLBACK_COUNT] count=7/10 elapsed=3.47 cw_y=282 go_recent=True go_candidate={'cx': 14, 'cy': 92, 'area': 2436, 'score': 0.7699999809265137}[0m
[self_driving-10] [0m[INFO] [1782556737.950275822] [self_driving]: [ALL_CLASSES] ['crosswalk'][0m
[self_driving-10] [0m[INFO] [1782556737.950915897] [self_driving]: [OBJECTS] msg_count=67 n=1 names=['crosswalk'][0m
[self_driving-10] [0m[INFO] [1782556737.951843285] [self_driving]: [DEBUG_DRIVE] state=LINE_FOLLOW raw_lane_x=128.0 lane_x=128.0 filter=stable linear=0.30 angular=0.10 cw_y=282 park_x=-1 park_approach=True park_fb_count=7 park_boot_go=0 right_done=True start_turn=False count_turn=0 traffic=None stop=False[0m
[self_driving-10] [0m[INFO] [1782556738.019091841] [self_driving]: [PARK_FALLBACK_COUNT] count=8/10 elapsed=3.55 cw_y=325 go_recent=True go_candidate={'cx': 14, 'cy': 92, 'area': 2436, 'score': 0.7699999809265137}[0m
[self_driving-10] [0m[INFO] [1782556738.082667748] [self_driving]: [PARK_FALLBACK_COUNT] count=9/10 elapsed=3.61 cw_y=325 go_recent=True go_candidate={'cx': 14, 'cy': 92, 'area': 2436, 'score': 0.7699999809265137}[0m
[self_driving-10] [0m[INFO] [1782556738.145872470] [self_driving]: [PARK_FALLBACK_COUNT] count=10/10 elapsed=3.67 cw_y=325 go_recent=True go_candidate={'cx': 14, 'cy': 92, 'area': 2436, 'score': 0.7699999809265137}[0m
[self_driving-10] [33m[WARN] [1782556738.146520693] [self_driving]: [PARK_FALLBACK_START] park class not detected -> run park_action by 5→6 fallback[0m
[self_driving-10] [0m[INFO] [1782556738.148039137] [self_driving]: [1;36m[FSM] LINE_FOLLOW -> PARKING[0m[0m
[self_driving-10] [0m[INFO] [1782556738.304155989] [self_driving]: [ALL_CLASSES] ['crosswalk'][0m
[self_driving-10] [0m[INFO] [1782556738.308329248] [self_driving]: [FOUR_TO_FIVE_CANDIDATE] big_cw_y=407 th=350[0m
[self_driving-10] [0m[INFO] [1782556738.650150044] [self_driving]: [ALL_CLASSES] ['crosswalk'][0m
[self_driving-10] [0m[INFO] [1782556738.650895952] [self_driving]: [OBJECTS] msg_count=69 n=1 names=['crosswalk'][0m
[self_driving-10] [0m[INFO] [1782556738.654248600] [self_driving]: [FOUR_TO_FIVE_CANDIDATE] big_cw_y=465 th=350[0m
[self_driving-10] [0m[INFO] [1782556739.754541951] [self_driving]: [IMAGE] received count=686 shape=(480, 640, 3) queue=0[0m
[self_driving-10] [0m[INFO] [1782556740.058609395] [self_driving]: [PARK_DONE] park_action complete -> DONE[0m
[self_driving-10] [0m[INFO] [1782556740.059854562] [self_driving]: [1;36m[FSM] PARKING -> LINE_FOLLOW[0m[0m
[self_driving-10] [0m[INFO] [1782556740.091496803] [self_driving]: [PARK_APPROACH_CW_BYPASS] clear crosswalk slow stop=True cw_y=465[0m
[self_driving-10] [0m[INFO] [1782556740.094402303] [self_driving]: [PARK_FALLBACK_COUNT] count=11/10 elapsed=5.62 cw_y=465 go_recent=False go_candidate={'cx': 14, 'cy': 92, 'area': 2436, 'score': 0.7699999809265137}[0m
[self_driving-10] [33m[WARN] [1782556740.097626377] [self_driving]: [PARK_FALLBACK_START] park class not detected -> run park_action by 5→6 fallback[0m
[self_driving-10] [0m[INFO] [1782556740.100179358] [self_driving]: [1;36m[FSM] LINE_FOLLOW -> PARKING[0m[0m
[self_driving-10] [0m[INFO] [1782556740.383329543] [self_driving]: [ALL_CLASSES] ['crosswalk'][0m
[self_driving-10] [0m[INFO] [1782556740.386100914] [self_driving]: [OBJECTS] msg_count=70 n=1 names=['crosswalk'][0m
[self_driving-10] [0m[INFO] [1782556741.775663561] [self_driving]: [IMAGE] received count=716 shape=(480, 640, 3) queue=0[0m
[self_driving-10] [0m[INFO] [1782556742.004836227] [self_driving]: [PARK_DONE] park_action complete -> DONE[0m
[self_driving-10] [0m[INFO] [1782556742.005432431] [self_driving]: [1;36m[FSM] PARKING -> LINE_FOLLOW[0m[0m
[self_driving-10] [0m[INFO] [1782556742.043094764] [self_driving]: [PARK_APPROACH_CW_BYPASS] clear crosswalk slow stop=True cw_y=242[0m
[self_driving-10] [0m[INFO] [1782556742.045608190] [self_driving]: [PARK_FALLBACK_COUNT] count=12/10 elapsed=7.57 cw_y=242 go_recent=False go_candidate={'cx': 14, 'cy': 92, 'area': 2436, 'score': 0.7699999809265137}[0m
[self_driving-10] [33m[WARN] [1782556742.046559042] [self_driving]: [PARK_FALLBACK_START] park class not detected -> run park_action by 5→6 fallback[0m
[self_driving-10] [0m[INFO] [1782556742.057157079] [self_driving]: [1;36m[FSM] LINE_FOLLOW -> PARKING[0m[0m
[self_driving-10] [0m[INFO] [1782556743.841738060] [self_driving]: [IMAGE] received count=747 shape=(480, 640, 3) queue=0[0m
[self_driving-10] [0m[INFO] [1782556743.959650115] [self_driving]: [PARK_DONE] park_action complete -> DONE[0m
[self_driving-10] [0m[INFO] [1782556743.960133967] [self_driving]: [1;36m[FSM] PARKING -> LINE_FOLLOW[0m[0m
[self_driving-10] [0m[INFO] [1782556744.009894634] [self_driving]: [PARK_APPROACH_CW_BYPASS] clear crosswalk slow stop=True cw_y=242[0m
[self_driving-10] [0m[INFO] [1782556744.011357523] [self_driving]: [PARK_FALLBACK_COUNT] count=13/10 elapsed=9.54 cw_y=242 go_recent=False go_candidate={'cx': 14, 'cy': 92, 'area': 2436, 'score': 0.7699999809265137}[0m
[self_driving-10] [33m[WARN] [1782556744.013560448] [self_driving]: [PARK_FALLBACK_START] park class not detected -> run park_action by 5→6 fallback[0m
[self_driving-10] [0m[INFO] [1782556744.017088745] [self_driving]: [1;36m[FSM] LINE_FOLLOW -> PARKING[0m[0m
[self_driving-10] [0m[INFO] [1782556745.858176392] [self_driving]: [IMAGE] received count=777 shape=(480, 640, 3) queue=0[0m
[self_driving-10] [0m[INFO] [1782556745.918466151] [self_driving]: [PARK_DONE] park_action complete -> DONE[0m
[self_driving-10] [0m[INFO] [1782556745.919157336] [self_driving]: [1;36m[FSM] PARKING -> LINE_FOLLOW[0m[0m
[self_driving-10] [33m[WARN] [1782556745.942028095] [self_driving]: [LANE_X_JUMP_REJECT] raw=28.0 last=113.0 diff=85.0 candidate=28.0 cnt=1/4[0m
[self_driving-10] [0m[INFO] [1782556745.943123873] [self_driving]: [PARK_APPROACH_CW_BYPASS] clear crosswalk slow stop=True cw_y=242[0m
[self_driving-10] [0m[INFO] [1782556745.945235429] [self_driving]: [PARK_FALLBACK_COUNT] count=14/10 elapsed=11.47 cw_y=242 go_recent=False go_candidate={'cx': 14, 'cy': 92, 'area': 2436, 'score': 0.7699999809265137}[0m
[self_driving-10] [33m[WARN] [1782556745.948024077] [self_driving]: [PARK_FALLBACK_START] park class not detected -> run park_action by 5→6 fallback[0m
[self_driving-10] [0m[INFO] [1782556745.950590966] [self_driving]: [1;36m[FSM] LINE_FOLLOW -> PARKING[0m[0m
[self_driving-10] [0m[INFO] [1782556746.982097817] [self_driving]: [ALL_CLASSES] ['crosswalk'][0m
[self_driving-10] [0m[INFO] [1782556746.982802706] [self_driving]: [OBJECTS] msg_count=71 n=1 names=['crosswalk'][0m
[self_driving-10] [0m[INFO] [1782556747.319011706] [self_driving]: [ALL_CLASSES] ['crosswalk'][0m
[self_driving-10] [0m[INFO] [1782556747.632226669] [self_driving]: [ALL_CLASSES] ['crosswalk'][0m
[self_driving-10] [0m[INFO] [1782556747.632686057] [self_driving]: [OBJECTS] msg_count=73 n=1 names=['crosswalk'][0m
[self_driving-10] [0m[INFO] [1782556747.854483817] [self_driving]: [PARK_DONE] park_action complete -> DONE[0m
[self_driving-10] [0m[INFO] [1782556747.855009502] [self_driving]: [1;36m[FSM] PARKING -> LINE_FOLLOW[0m[0m
[self_driving-10] [0m[INFO] [1782556747.883885391] [self_driving]: [IMAGE] received count=807 shape=(480, 640, 3) queue=0[0m
[self_driving-10] [0m[INFO] [1782556747.892108317] [self_driving]: [PARK_APPROACH_END] timeout -> normal crosswalk/lane behavior[0m
[self_driving-10] [0m[INFO] [1782556747.894817520] [self_driving]: [DEBUG_DRIVE] state=LINE_FOLLOW raw_lane_x=132.5 lane_x=132.5 filter=stable linear=0.30 angular=-0.10 cw_y=248 park_x=-1 park_approach=False park_fb_count=0 park_boot_go=0 right_done=True start_turn=False count_turn=0 traffic=None stop=False[0m
[self_driving-10] [0m[INFO] [1782556747.974786409] [self_driving]: [ALL_CLASSES] ['crosswalk'][0m
[self_driving-10] [0m[INFO] [1782556748.093156261] [self_driving]: [CROSSWALK_SLOW] y=248 th=180 confirm=4[0m
[self_driving-10] [33m[WARN] [1782556748.436167446] [self_driving]: [LANE_X_JUMP_REJECT] raw=47.5 last=138.0 diff=90.5 candidate=47.5 cnt=1/4[0m
[self_driving-10] [0m[INFO] [1782556748.439028316] [self_driving]: [DEBUG_DRIVE] state=LINE_FOLLOW raw_lane_x=47.5 lane_x=138.0 filter=jump_reject linear=0.15 angular=-0.10 cw_y=248 park_x=-1 park_approach=False park_fb_count=0 park_boot_go=0 right_done=True start_turn=False count_turn=0 traffic=None stop=False[0m
[self_driving-10] [33m[WARN] [1782556748.964008760] [self_driving]: [LANE_X_JUMP_REJECT] raw=296.5 last=133.5 diff=163.0 candidate=296.5 cnt=1/4[0m
[self_driving-10] [0m[INFO] [1782556748.966904686] [self_driving]: [DEBUG_DRIVE] state=LINE_FOLLOW raw_lane_x=296.5 lane_x=133.5 filter=jump_reject linear=0.15 angular=-0.10 cw_y=248 park_x=-1 park_approach=False park_fb_count=0 park_boot_go=0 right_done=True start_turn=False count_turn=0 traffic=None stop=False[0m
[self_driving-10] [0m[INFO] [1782556749.172680945] [self_driving]: [LANE_X_JUMP_ACCEPT] raw=311.5 last=311.5 cnt=4/4[0m
[self_driving-10] [0m[INFO] [1782556749.514643538] [self_driving]: [DEBUG_DRIVE] state=LINE_FOLLOW raw_lane_x=-1 lane_x=311.5 filter=hold_last linear=0.15 angular=-0.45 cw_y=248 park_x=-1 park_approach=False park_fb_count=0 park_boot_go=0 right_done=True start_turn=True count_turn=0 traffic=None stop=False[0m
[self_driving-10] [33m[WARN] [1782556749.559601112] [self_driving]: [LANE_LOST] raw_lane_x=-1 lane_x=-1 filter=lost stop=False state=LINE_FOLLOW safe_linear=0.00 right_ready=False right_done=True[0m
[self_driving-10] [0m[INFO] [1782556749.895794778] [self_driving]: [IMAGE] received count=837 shape=(480, 640, 3) queue=0[0m
[self_driving-10] [0m[INFO] [1782556750.027791389] [self_driving]: [DEBUG_DRIVE] state=LINE_FOLLOW raw_lane_x=-1 lane_x=-1 filter=lost linear=0.15 angular=0.00 cw_y=248 park_x=-1 park_approach=False park_fb_count=0 park_boot_go=0 right_done=True start_turn=True count_turn=0 traffic=None stop=False[0m
[self_driving-10] [33m[WARN] [1782556750.247119389] [self_driving]: [LANE_X_JUMP_REJECT] raw=143.0 last=238.5 diff=95.5 candidate=143.0 cnt=1/4[0m
[self_driving-10] [0m[INFO] [1782556750.533003778] [self_driving]: [DEBUG_DRIVE] state=LINE_FOLLOW raw_lane_x=13.5 lane_x=238.5 filter=jump_reject linear=0.15 angular=-0.45 cw_y=248 park_x=-1 park_approach=False park_fb_count=0 park_boot_go=0 right_done=True start_turn=True count_turn=7 traffic=None stop=False[0m
[self_driving-10] [0m[INFO] [1782556750.635829000] [self_driving]: [LANE_X_JUMP_ACCEPT] raw=23.0 last=23.0 cnt=4/4[0m
[self_driving-10] [0m[INFO] [1782556750.638538722] [self_driving]: [POST_RIGHT_CHECK] cw_y=248 big_cw_recent=False big_cw_age=11.99s th=350 start_turn=True lane_x=23.0 raw_lane_x=23.0 filter=jump_accept[0m
[self_driving-10] [0m[INFO] [1782556750.639458259] [self_driving]: [POST_RIGHT_SKIP] reason=not_4to5_big_cw_candidate cw_y=248 th=350 big_cw_recent=False[0m
[self_driving-10] [0m[INFO] [1782556750.703091630] [self_driving]: [POST_RIGHT_CHECK] cw_y=248 big_cw_recent=False big_cw_age=12.05s th=350 start_turn=True lane_x=18.0 raw_lane_x=18.0 filter=stable[0m
[self_driving-10] [0m[INFO] [1782556750.704133870] [self_driving]: [POST_RIGHT_SKIP] reason=not_4to5_big_cw_candidate cw_y=248 th=350 big_cw_recent=False[0m
[self_driving-10] [0m[INFO] [1782556750.778704037] [self_driving]: [CROSSWALK_SLOW_DONE] return normal speed[0m
[self_driving-10] [0m[INFO] [1782556750.779267500] [self_driving]: [POST_RIGHT_CHECK] cw_y=248 big_cw_recent=False big_cw_age=12.13s th=350 start_turn=True lane_x=36.0 raw_lane_x=36.0 filter=stable[0m
[self_driving-10] [0m[INFO] [1782556750.779690148] [self_driving]: [POST_RIGHT_SKIP] reason=not_4to5_big_cw_candidate cw_y=248 th=350 big_cw_recent=False[0m
[self_driving-10] [0m[INFO] [1782556750.849248037] [self_driving]: [POST_RIGHT_CHECK] cw_y=248 big_cw_recent=False big_cw_age=12.20s th=350 start_turn=True lane_x=48.5 raw_lane_x=48.5 filter=stable[0m
[self_driving-10] [0m[INFO] [1782556750.850474759] [self_driving]: [POST_RIGHT_SKIP] reason=not_4to5_big_cw_candidate cw_y=248 th=350 big_cw_recent=False[0m
[self_driving-10] [0m[INFO] [1782556750.917809537] [self_driving]: [POST_RIGHT_CHECK] cw_y=248 big_cw_recent=False big_cw_age=12.27s th=350 start_turn=True lane_x=52.5 raw_lane_x=52.5 filter=stable[0m
[self_driving-10] [0m[INFO] [1782556750.918285037] [self_driving]: [POST_RIGHT_SKIP] reason=not_4to5_big_cw_candidate cw_y=248 th=350 big_cw_recent=False[0m
[self_driving-10] [0m[INFO] [1782556750.996564241] [self_driving]: [POST_RIGHT_CHECK] cw_y=248 big_cw_recent=False big_cw_age=12.34s th=350 start_turn=True lane_x=53.5 raw_lane_x=53.5 filter=stable[0m
[self_driving-10] [0m[INFO] [1782556750.997236889] [self_driving]: [POST_RIGHT_SKIP] reason=not_4to5_big_cw_candidate cw_y=248 th=350 big_cw_recent=False[0m
[self_driving-10] [0m[INFO] [1782556751.051083111] [self_driving]: [CROSSWALK_SLOW] y=248 th=180 confirm=4[0m
[self_driving-10] [0m[INFO] [1782556751.051614870] [self_driving]: [POST_RIGHT_CHECK] cw_y=248 big_cw_recent=False big_cw_age=12.40s th=350 start_turn=True lane_x=54.5 raw_lane_x=54.5 filter=stable[0m
[self_driving-10] [0m[INFO] [1782556751.052067055] [self_driving]: [POST_RIGHT_SKIP] reason=not_4to5_big_cw_candidate cw_y=248 th=350 big_cw_recent=False[0m
[self_driving-10] [0m[INFO] [1782556751.056897870] [self_driving]: [DEBUG_DRIVE] state=LINE_FOLLOW raw_lane_x=54.5 lane_x=54.5 filter=stable linear=0.15 angular=0.00 cw_y=248 park_x=-1 park_approach=False park_fb_count=0 park_boot_go=0 right_done=True start_turn=True count_turn=0 traffic=None stop=False[0m
[self_driving-10] [0m[INFO] [1782556751.124971833] [self_driving]: [POST_RIGHT_CHECK] cw_y=248 big_cw_recent=False big_cw_age=12.47s th=350 start_turn=True lane_x=54.0 raw_lane_x=54.0 filter=stable[0m
[self_driving-10] [0m[INFO] [1782556751.125643092] [self_driving]: [POST_RIGHT_SKIP] reason=not_4to5_big_cw_candidate cw_y=248 th=350 big_cw_recent=False[0m
[self_driving-10] [0m[INFO] [1782556751.183715555] [self_driving]: [POST_RIGHT_CHECK] cw_y=248 big_cw_recent=False big_cw_age=12.53s th=350 start_turn=True lane_x=54.5 raw_lane_x=54.5 filter=stable[0m
[self_driving-10] [0m[INFO] [1782556751.184242555] [self_driving]: [POST_RIGHT_SKIP] reason=not_4to5_big_cw_candidate cw_y=248 th=350 big_cw_recent=False[0m
[self_driving-10] [0m[INFO] [1782556751.268192037] [self_driving]: [POST_RIGHT_CHECK] cw_y=248 big_cw_recent=False big_cw_age=12.61s th=350 start_turn=True lane_x=58.5 raw_lane_x=58.5 filter=stable[0m
[self_driving-10] [0m[INFO] [1782556751.269212277] [self_driving]: [POST_RIGHT_SKIP] reason=not_4to5_big_cw_candidate cw_y=248 th=350 big_cw_recent=False[0m
[self_driving-10] [0m[INFO] [1782556751.314875518] [self_driving]: [POST_RIGHT_CHECK] cw_y=248 big_cw_recent=False big_cw_age=12.66s th=350 start_turn=True lane_x=62.0 raw_lane_x=62.0 filter=stable[0m
[self_driving-10] [0m[INFO] [1782556751.315556537] [self_driving]: [POST_RIGHT_SKIP] reason=not_4to5_big_cw_candidate cw_y=248 th=350 big_cw_recent=False[0m
[self_driving-10] [0m[INFO] [1782556751.374545796] [self_driving]: [POST_RIGHT_CHECK] cw_y=248 big_cw_recent=False big_cw_age=12.72s th=350 start_turn=True lane_x=56.0 raw_lane_x=56.0 filter=stable[0m
[self_driving-10] [0m[INFO] [1782556751.375827000] [self_driving]: [POST_RIGHT_SKIP] reason=not_4to5_big_cw_candidate cw_y=248 th=350 big_cw_recent=False[0m
[self_driving-10] [0m[INFO] [1782556751.452736240] [self_driving]: [POST_RIGHT_CHECK] cw_y=248 big_cw_recent=False big_cw_age=12.80s th=350 start_turn=True lane_x=59.0 raw_lane_x=59.0 filter=stable[0m
[self_driving-10] [0m[INFO] [1782556751.453210926] [self_driving]: [POST_RIGHT_SKIP] reason=not_4to5_big_cw_candidate cw_y=248 th=350 big_cw_recent=False[0m
[self_driving-10] [0m[INFO] [1782556751.523764963] [self_driving]: [POST_RIGHT_CHECK] cw_y=248 big_cw_recent=False big_cw_age=12.87s th=350 start_turn=True lane_x=60.5 raw_lane_x=60.5 filter=stable[0m
[self_driving-10] [0m[INFO] [1782556751.526950129] [self_driving]: [POST_RIGHT_SKIP] reason=not_4to5_big_cw_candidate cw_y=248 th=350 big_cw_recent=False[0m
[self_driving-10] [0m[INFO] [1782556751.607553462] [self_driving]: [DEBUG_DRIVE] state=LINE_FOLLOW raw_lane_x=63.5 lane_x=63.5 filter=stable linear=0.15 angular=0.10 cw_y=248 park_x=-1 park_approach=False park_fb_count=0 park_boot_go=0 right_done=True start_turn=False count_turn=0 traffic=None stop=False[0m
[self_driving-10] [0m[INFO] [1782556751.926302888] [self_driving]: [IMAGE] received count=867 shape=(480, 640, 3) queue=0[0m
[self_driving-10] [0m[INFO] [1782556752.113277573] [self_driving]: [DEBUG_DRIVE] state=LINE_FOLLOW raw_lane_x=101.0 lane_x=101.0 filter=stable linear=0.15 angular=0.10 cw_y=248 park_x=-1 park_approach=False park_fb_count=0 park_boot_go=0 right_done=True start_turn=False count_turn=0 traffic=None stop=False[0m
[self_driving-10] [0m[INFO] [1782556752.667215906] [self_driving]: [DEBUG_DRIVE] state=LINE_FOLLOW raw_lane_x=197.5 lane_x=197.5 filter=stable linear=0.15 angular=-0.10 cw_y=248 park_x=-1 park_approach=False park_fb_count=0 park_boot_go=0 right_done=True start_turn=False count_turn=0 traffic=None stop=False[0m
[self_driving-10] [0m[INFO] [1782556753.185243721] [self_driving]: [DEBUG_DRIVE] state=LINE_FOLLOW raw_lane_x=199.0 lane_x=199.0 filter=stable linear=0.15 angular=-0.10 cw_y=248 park_x=-1 park_approach=False park_fb_count=0 park_boot_go=0 right_done=True start_turn=False count_turn=0 traffic=None stop=False[0m
[self_driving-10] [33m[WARN] [1782556753.458026313] [self_driving]: [LANE_X_JUMP_REJECT] raw=67.0 last=260.0 diff=193.0 candidate=67.0 cnt=1/4[0m
[self_driving-10] [0m[INFO] [1782556753.740612980] [self_driving]: [CROSSWALK_SLOW_DONE] return normal speed[0m
[self_driving-10] [0m[INFO] [1782556753.743885628] [self_driving]: [DEBUG_DRIVE] state=LINE_FOLLOW raw_lane_x=141.0 lane_x=260.0 filter=jump_reject linear=0.15 angular=-0.45 cw_y=248 park_x=-1 park_approach=False park_fb_count=0 park_boot_go=0 right_done=True start_turn=True count_turn=2 traffic=None stop=False[0m
[self_driving-10] [0m[INFO] [1782556753.870200313] [self_driving]: [LANE_X_JUMP_ACCEPT] raw=159.5 last=159.5 cnt=4/4[0m
[self_driving-10] [0m[INFO] [1782556753.945848128] [self_driving]: [IMAGE] received count=897 shape=(480, 640, 3) queue=0[0m
[self_driving-10] [0m[INFO] [1782556754.012506239] [self_driving]: [CROSSWALK_SLOW] y=248 th=180 confirm=4[0m
[self_driving-10] [33m[WARN] [1782556754.207883165] [self_driving]: [LANE_X_JUMP_REJECT] raw=159.5 last=290.0 diff=130.5 candidate=159.5 cnt=1/4[0m
[self_driving-10] [0m[INFO] [1782556754.273207628] [self_driving]: [DEBUG_DRIVE] state=LINE_FOLLOW raw_lane_x=194.0 lane_x=290.0 filter=jump_reject linear=0.15 angular=-0.45 cw_y=248 park_x=-1 park_approach=False park_fb_count=0 park_boot_go=0 right_done=True start_turn=True count_turn=5 traffic=None stop=False[0m
[self_driving-10] [0m[INFO] [1782556754.805602312] [self_driving]: [DEBUG_DRIVE] state=LINE_FOLLOW raw_lane_x=277.0 lane_x=277.0 filter=stable linear=0.15 angular=-0.45 cw_y=248 park_x=-1 park_approach=False park_fb_count=0 park_boot_go=0 right_done=True start_turn=True count_turn=13 traffic=None stop=False[0m
[self_driving-10] [0m[INFO] [1782556755.357103923] [self_driving]: [DEBUG_DRIVE] state=LINE_FOLLOW raw_lane_x=295.0 lane_x=295.0 filter=stable linear=0.15 angular=-0.45 cw_y=248 park_x=-1 park_approach=False park_fb_count=0 park_boot_go=0 right_done=True start_turn=True count_turn=21 traffic=None stop=False[0m
[self_driving-10] [0m[INFO] [1782556755.886668127] [self_driving]: [DEBUG_DRIVE] state=LINE_FOLLOW raw_lane_x=264.5 lane_x=264.5 filter=stable linear=0.15 angular=-0.45 cw_y=248 park_x=-1 park_approach=False park_fb_count=0 park_boot_go=0 right_done=True start_turn=True count_turn=29 traffic=None stop=False[0m
[self_driving-10] [0m[INFO] [1782556755.948889627] [self_driving]: [IMAGE] received count=927 shape=(480, 640, 3) queue=0[0m
[self_driving-10] [0m[INFO] [1782556756.418646997] [self_driving]: [DEBUG_DRIVE] state=LINE_FOLLOW raw_lane_x=290.5 lane_x=290.5 filter=stable linear=0.15 angular=-0.45 cw_y=248 park_x=-1 park_approach=False park_fb_count=0 park_boot_go=0 right_done=True start_turn=True count_turn=37 traffic=None stop=False[0m
[self_driving-10] [0m[INFO] [1782556756.671627793] [self_driving]: [ALL_CLASSES] ['red'][0m
[self_driving-10] [0m[INFO] [1782556756.672341978] [self_driving]: [OBJECTS] msg_count=75 n=1 names=['red'][0m
[self_driving-10] [0m[INFO] [1782556756.672906515] [self_driving]: [TRAFFIC_CANDIDATE] name=red valid=False cx=619 cy=128 area=552 score=0.69 min_area=800[0m
[self_driving-10] [0m[INFO] [1782556756.706800052] [self_driving]: [CROSSWALK_SLOW_DONE] return normal speed[0m
[self_driving-10] [0m[INFO] [1782556756.825877867] [self_driving]: [POST_RIGHT_CHECK] cw_y=0 big_cw_recent=False big_cw_age=18.17s th=350 start_turn=True lane_x=188.5 raw_lane_x=188.5 filter=stable[0m
[self_driving-10] [0m[INFO] [1782556756.826429867] [self_driving]: [POST_RIGHT_SKIP] reason=not_4to5_big_cw_candidate cw_y=0 th=350 big_cw_recent=False[0m
[self_driving-10] [0m[INFO] [1782556756.962866848] [self_driving]: [DEBUG_DRIVE] state=LINE_FOLLOW raw_lane_x=149.0 lane_x=149.0 filter=stable linear=0.30 angular=0.10 cw_y=0 park_x=-1 park_approach=False park_fb_count=0 park_boot_go=0 right_done=True start_turn=False count_turn=0 traffic=None stop=False[0m
[self_driving-10] [0m[INFO] [1782556756.997086348] [self_driving]: [ALL_CLASSES] ['crosswalk'][0m
[self_driving-10] [0m[INFO] [1782556756.999922367] [self_driving]: [ALL_CLASSES] ['crosswalk'][0m
[self_driving-10] [0m[INFO] [1782556757.241158292] [self_driving]: [CROSSWALK_SLOW] y=197 th=180 confirm=4[0m
[self_driving-10] [0m[INFO] [1782556757.383609237] [self_driving]: [ALL_CLASSES] ['crosswalk'][0m
[self_driving-10] [0m[INFO] [1782556757.384103792] [self_driving]: [OBJECTS] msg_count=78 n=1 names=['crosswalk'][0m
[self_driving-10] [0m[INFO] [1782556757.386537496] [self_driving]: [ALL_CLASSES] ['crosswalk'][0m
[self_driving-10] [0m[INFO] [1782556757.394116663] [self_driving]: [ALL_CLASSES] ['go'][0m
[self_driving-10] [0m[INFO] [1782556757.396517774] [self_driving]: [GO_CANDIDATE] cx=434 cy=130 area=361 score=0.26[0m
[self_driving-10] [0m[INFO] [1782556757.502358570] [self_driving]: [DEBUG_DRIVE] state=LINE_FOLLOW raw_lane_x=121.0 lane_x=121.0 filter=stable linear=0.15 angular=0.10 cw_y=0 park_x=-1 park_approach=False park_fb_count=0 park_boot_go=0 right_done=True start_turn=False count_turn=0 traffic=None stop=False[0m
[self_driving-10] [0m[INFO] [1782556757.731706681] [self_driving]: [ALL_CLASSES] ['crosswalk'][0m
[self_driving-10] [0m[INFO] [1782556757.734324514] [self_driving]: [ALL_CLASSES] ['crosswalk'][0m
[self_driving-10] [0m[INFO] [1782556757.737153014] [self_driving]: [ALL_CLASSES] ['go'][0m
[self_driving-10] [0m[INFO] [1782556757.737743366] [self_driving]: [GO_CANDIDATE] cx=313 cy=130 area=400 score=0.54[0m
[self_driving-10] [0m[INFO] [1782556757.741630533] [self_driving]: [ALL_CLASSES] ['park'][0m
[self_driving-10] [0m[INFO] [1782556757.744007829] [self_driving]: [PARK_DET_RAW] cx=313 cy=129 area=462 score=0.32 right_done=True cw_y=0[0m
[self_driving-10] [0m[INFO] [1782556757.745208681] [self_driving]: [PARK_CANDIDATE] valid=False reject=['far_cy'] cx=313 cy=129 area=462 score=0.32 right_done=True park_done=False[0m
[self_driving-10] [0m[INFO] [1782556757.966659236] [self_driving]: [IMAGE] received count=957 shape=(480, 640, 3) queue=0[0m
[self_driving-10] [0m[INFO] [1782556758.032495903] [self_driving]: [DEBUG_DRIVE] state=LINE_FOLLOW raw_lane_x=143.0 lane_x=143.0 filter=stable linear=0.15 angular=-0.10 cw_y=0 park_x=-1 park_approach=False park_fb_count=0 park_boot_go=0 right_done=True start_turn=False count_turn=0 traffic=None stop=False[0m
[self_driving-10] [0m[INFO] [1782556758.086736922] [self_driving]: [ALL_CLASSES] ['go'][0m
[self_driving-10] [0m[INFO] [1782556758.090522477] [self_driving]: [OBJECTS] msg_count=85 n=1 names=['go'][0m
[self_driving-10] [0m[INFO] [1782556758.091755088] [self_driving]: [GO_CANDIDATE] cx=250 cy=129 area=368 score=0.87[0m
[self_driving-10] [0m[INFO] [1782556758.100620810] [self_driving]: [ALL_CLASSES] ['crosswalk'][0m
[self_driving-10] [0m[INFO] [1782556758.428408755] [self_driving]: [ALL_CLASSES] ['crosswalk'][0m
[self_driving-10] [0m[INFO] [1782556758.435768329] [self_driving]: [ALL_CLASSES] ['crosswalk'][0m
[self_driving-10] [0m[INFO] [1782556758.592214921] [self_driving]: [DEBUG_DRIVE] state=LINE_FOLLOW raw_lane_x=132.0 lane_x=132.0 filter=stable linear=0.15 angular=-0.10 cw_y=181 park_x=-1 park_approach=False park_fb_count=0 park_boot_go=0 right_done=True start_turn=False count_turn=0 traffic=None stop=False[0m
[self_driving-10] [0m[INFO] [1782556758.784383180] [self_driving]: [ALL_CLASSES] ['go'][0m
[self_driving-10] [0m[INFO] [1782556758.784906143] [self_driving]: [OBJECTS] msg_count=89 n=1 names=['go'][0m
[self_driving-10] [0m[INFO] [1782556758.785644403] [self_driving]: [GO_CANDIDATE] cx=257 cy=130 area=408 score=0.88[0m
[self_driving-10] [0m[INFO] [1782556758.788949792] [self_driving]: [ALL_CLASSES] ['crosswalk'][0m
[self_driving-10] [0m[INFO] [1782556759.113940328] [self_driving]: [DEBUG_DRIVE] state=LINE_FOLLOW raw_lane_x=134.0 lane_x=134.0 filter=stable linear=0.15 angular=0.10 cw_y=184 park_x=-1 park_approach=False park_fb_count=0 park_boot_go=0 right_done=True start_turn=False count_turn=0 traffic=None stop=False[0m
[self_driving-10] [0m[INFO] [1782556759.130264865] [self_driving]: [ALL_CLASSES] ['crosswalk'][0m
[self_driving-10] [0m[INFO] [1782556759.133663902] [self_driving]: [ALL_CLASSES] ['go'][0m
[self_driving-10] [0m[INFO] [1782556759.135320273] [self_driving]: [GO_CANDIDATE] cx=250 cy=127 area=468 score=0.88[0m
[self_driving-10] [0m[INFO] [1782556759.141148365] [self_driving]: [ALL_CLASSES] ['crosswalk'][0m
[self_driving-10] [0m[INFO] [1782556759.513093865] [self_driving]: [ALL_CLASSES] ['crosswalk'][0m
[self_driving-10] [0m[INFO] [1782556759.514248217] [self_driving]: [OBJECTS] msg_count=94 n=1 names=['crosswalk'][0m
[self_driving-10] [0m[INFO] [1782556759.521442643] [self_driving]: [ALL_CLASSES] ['crosswalk'][0m
[self_driving-10] [0m[INFO] [1782556759.652330958] [self_driving]: [DEBUG_DRIVE] state=LINE_FOLLOW raw_lane_x=129.5 lane_x=129.5 filter=stable linear=0.15 angular=0.10 cw_y=186 park_x=-1 park_approach=False park_fb_count=0 park_boot_go=0 right_done=True start_turn=False count_turn=0 traffic=None stop=False[0m
[self_driving-10] [0m[INFO] [1782556759.872598439] [self_driving]: [ALL_CLASSES] ['crosswalk'][0m
[self_driving-10] [0m[INFO] [1782556759.874448198] [self_driving]: [ALL_CLASSES] ['go'][0m
[self_driving-10] [0m[INFO] [1782556759.874957421] [self_driving]: [GO_CANDIDATE] cx=240 cy=128 area=580 score=0.85[0m
[self_driving-10] [0m[INFO] [1782556759.880855032] [self_driving]: [ALL_CLASSES] ['crosswalk'][0m
[self_driving-10] [0m[INFO] [1782556759.929658902] [self_driving]: [CROSSWALK_SLOW_DONE] return normal speed[0m
[self_driving-10] [0m[INFO] [1782556760.039186309] [self_driving]: [IMAGE] received count=988 shape=(480, 640, 3) queue=0[0m
[self_driving-10] [0m[INFO] [1782556760.194167717] [self_driving]: [CROSSWALK_SLOW] y=190 th=180 confirm=4[0m
[self_driving-10] [0m[INFO] [1782556760.194931402] [self_driving]: [DEBUG_DRIVE] state=LINE_FOLLOW raw_lane_x=131.5 lane_x=131.5 filter=stable linear=0.15 angular=0.10 cw_y=190 park_x=-1 park_approach=False park_fb_count=0 park_boot_go=0 right_done=True start_turn=False count_turn=0 traffic=None stop=False[0m
[self_driving-10] [0m[INFO] [1782556760.218245568] [self_driving]: [ALL_CLASSES] ['go'][0m
[self_driving-10] [0m[INFO] [1782556760.219584402] [self_driving]: [OBJECTS] msg_count=99 n=1 names=['go'][0m
[self_driving-10] [0m[INFO] [1782556760.220120402] [self_driving]: [GO_CANDIDATE] cx=220 cy=127 area=532 score=0.88[0m
[self_driving-10] [0m[INFO] [1782556760.223520365] [self_driving]: [ALL_CLASSES] ['crosswalk'][0m
[self_driving-10] [0m[INFO] [1782556760.603024346] [self_driving]: [ALL_CLASSES] ['crosswalk'][0m
[self_driving-10] [0m[INFO] [1782556760.605816365] [self_driving]: [ALL_CLASSES] ['go'][0m
[self_driving-10] [0m[INFO] [1782556760.607316272] [self_driving]: [GO_CANDIDATE] cx=230 cy=126 area=570 score=0.86[0m
[self_driving-10] [0m[INFO] [1782556760.611541420] [self_driving]: [ALL_CLASSES] ['crosswalk'][0m
[self_driving-10] [0m[INFO] [1782556760.731499179] [self_driving]: [DEBUG_DRIVE] state=LINE_FOLLOW raw_lane_x=130.0 lane_x=130.0 filter=stable linear=0.15 angular=-0.10 cw_y=192 park_x=-1 park_approach=False park_fb_count=0 park_boot_go=0 right_done=True start_turn=False count_turn=0 traffic=None stop=False[0m
[self_driving-10] [0m[INFO] [1782556760.963542420] [self_driving]: [ALL_CLASSES] ['crosswalk'][0m
[self_driving-10] [0m[INFO] [1782556760.964769827] [self_driving]: [OBJECTS] msg_count=104 n=1 names=['crosswalk'][0m
[self_driving-10] [0m[INFO] [1782556760.971404827] [self_driving]: [ALL_CLASSES] ['crosswalk'][0m
[self_driving-10] [0m[INFO] [1782556761.260727994] [self_driving]: [DEBUG_DRIVE] state=LINE_FOLLOW raw_lane_x=124.0 lane_x=124.0 filter=stable linear=0.15 angular=0.10 cw_y=197 park_x=-1 park_approach=False park_fb_count=0 park_boot_go=0 right_done=True start_turn=False count_turn=0 traffic=None stop=False[0m
[self_driving-10] [0m[INFO] [1782556761.313130364] [self_driving]: [ALL_CLASSES] ['crosswalk'][0m
[self_driving-10] [0m[INFO] [1782556761.673418512] [self_driving]: [ALL_CLASSES] ['crosswalk'][0m
[self_driving-10] [0m[INFO] [1782556761.675085123] [self_driving]: [OBJECTS] msg_count=107 n=1 names=['crosswalk'][0m
[self_driving-10] [0m[INFO] [1782556761.678440734] [self_driving]: [ALL_CLASSES] ['crosswalk'][0m
[self_driving-10] [0m[INFO] [1782556761.803674253] [self_driving]: [DEBUG_DRIVE] state=LINE_FOLLOW raw_lane_x=119.0 lane_x=119.0 filter=stable linear=0.15 angular=0.10 cw_y=331 park_x=-1 park_approach=False park_fb_count=0 park_boot_go=0 right_done=True start_turn=False count_turn=0 traffic=None stop=False[0m
[self_driving-10] [0m[INFO] [1782556762.008159438] [self_driving]: [ALL_CLASSES] ['crosswalk'][0m
[self_driving-10] [0m[INFO] [1782556762.013853290] [self_driving]: [FOUR_TO_FIVE_CANDIDATE] big_cw_y=373 th=350[0m
[self_driving-10] [0m[INFO] [1782556762.070598845] [self_driving]: [IMAGE] received count=1018 shape=(480, 640, 3) queue=0[0m
[self_driving-10] [0m[INFO] [1782556762.324193567] [self_driving]: [ALL_CLASSES] ['crosswalk'][0m
[self_driving-10] [0m[INFO] [1782556762.326544382] [self_driving]: [OBJECTS] msg_count=110 n=1 names=['crosswalk'][0m
[self_driving-10] [0m[INFO] [1782556762.331039938] [self_driving]: [DEBUG_DRIVE] state=LINE_FOLLOW raw_lane_x=124.5 lane_x=124.5 filter=stable linear=0.15 angular=0.10 cw_y=214 park_x=-1 park_approach=False park_fb_count=0 park_boot_go=0 right_done=True start_turn=False count_turn=0 traffic=None stop=False[0m
[self_driving-10] [0m[INFO] [1782556762.351602863] [self_driving]: [ALL_CLASSES] ['crosswalk'][0m
[self_driving-10] [0m[INFO] [1782556762.353493493] [self_driving]: [FOUR_TO_FIVE_CANDIDATE] big_cw_y=401 th=350[0m
[self_driving-10] [0m[INFO] [1782556762.667889067] [self_driving]: [ALL_CLASSES] ['crosswalk'][0m
[self_driving-10] [0m[INFO] [1782556762.669878252] [self_driving]: [FOUR_TO_FIVE_CANDIDATE] big_cw_y=433 th=350[0m
[self_driving-10] [0m[INFO] [1782556762.680355419] [self_driving]: [ALL_CLASSES] ['crosswalk'][0m
[self_driving-10] [0m[INFO] [1782556762.882319345] [self_driving]: [CROSSWALK_SLOW_DONE] return normal speed[0m
[self_driving-10] [0m[INFO] [1782556762.884183604] [self_driving]: [DEBUG_DRIVE] state=LINE_FOLLOW raw_lane_x=139.5 lane_x=139.5 filter=stable linear=0.15 angular=-0.10 cw_y=211 park_x=-1 park_approach=False park_fb_count=0 park_boot_go=0 right_done=True start_turn=False count_turn=0 traffic=None stop=False[0m
[self_driving-10] [0m[INFO] [1782556762.993339585] [self_driving]: [ALL_CLASSES] ['crosswalk'][0m
[self_driving-10] [0m[INFO] [1782556762.994449382] [self_driving]: [OBJECTS] msg_count=114 n=1 names=['crosswalk'][0m
[self_driving-10] [0m[INFO] [1782556762.997756752] [self_driving]: [ALL_CLASSES] ['crosswalk'][0m
[self_driving-10] [0m[INFO] [1782556762.998723456] [self_driving]: [FOUR_TO_FIVE_CANDIDATE] big_cw_y=462 th=350[0m
[self_driving-10] [0m[INFO] [1782556763.149012863] [self_driving]: [CROSSWALK_SLOW] y=462 th=180 confirm=4[0m
[self_driving-10] [0m[INFO] [1782556763.331470641] [self_driving]: [ALL_CLASSES] ['crosswalk'][0m
[self_driving-10] [0m[INFO] [1782556763.335075807] [self_driving]: [ALL_CLASSES] ['go'][0m
[self_driving-10] [0m[INFO] [1782556763.335804530] [self_driving]: [GO_CANDIDATE] cx=210 cy=105 area=1100 score=0.89[0m
[self_driving-10] [0m[INFO] [1782556763.336523085] [self_driving]: [BIG_GO_FOR_PARK] cx=210 cy=105 area=1100 score=0.89 min_score=0.75 min_area=1000[0m
[self_driving-10] [0m[INFO] [1782556763.414615678] [self_driving]: [DEBUG_DRIVE] state=LINE_FOLLOW raw_lane_x=118.0 lane_x=118.0 filter=stable linear=0.15 angular=0.10 cw_y=0 park_x=-1 park_approach=False park_fb_count=0 park_boot_go=0 right_done=True start_turn=False count_turn=0 traffic=None stop=False[0m
[self_driving-10] [0m[INFO] [1782556763.700353029] [self_driving]: [ALL_CLASSES] ['go'][0m
[self_driving-10] [0m[INFO] [1782556763.700871566] [self_driving]: [OBJECTS] msg_count=118 n=1 names=['go'][0m
[self_driving-10] [0m[INFO] [1782556763.701352326] [self_driving]: [GO_CANDIDATE] cx=195 cy=111 area=1118 score=0.88[0m
[self_driving-10] [0m[INFO] [1782556763.706299455] [self_driving]: [BIG_GO_FOR_PARK] cx=195 cy=111 area=1118 score=0.88 min_score=0.75 min_area=1000[0m
[self_driving-10] [0m[INFO] [1782556763.952205177] [self_driving]: [DEBUG_DRIVE] state=LINE_FOLLOW raw_lane_x=162.0 lane_x=162.0 filter=stable linear=0.15 angular=-0.10 cw_y=0 park_x=-1 park_approach=False park_fb_count=0 park_boot_go=0 right_done=True start_turn=False count_turn=0 traffic=None stop=False[0m
[self_driving-10] [0m[INFO] [1782556764.027836603] [self_driving]: [ALL_CLASSES] ['crosswalk'][0m
[self_driving-10] [0m[INFO] [1782556764.031391696] [self_driving]: [ALL_CLASSES] ['go'][0m
[self_driving-10] [0m[INFO] [1782556764.032111103] [self_driving]: [GO_CANDIDATE] cx=167 cy=110 area=1175 score=0.88[0m
[self_driving-10] [0m[INFO] [1782556764.033100585] [self_driving]: [BIG_GO_FOR_PARK] cx=167 cy=110 area=1175 score=0.88 min_score=0.75 min_area=1000[0m
[self_driving-10] [0m[INFO] [1782556764.079444325] [self_driving]: [IMAGE] received count=1048 shape=(480, 640, 3) queue=0[0m
[self_driving-10] [0m[INFO] [1782556764.364979325] [self_driving]: [ALL_CLASSES] ['crosswalk'][0m
[self_driving-10] [0m[INFO] [1782556764.366415696] [self_driving]: [OBJECTS] msg_count=121 n=1 names=['crosswalk'][0m
[self_driving-10] [0m[INFO] [1782556764.369418899] [self_driving]: [ALL_CLASSES] ['go'][0m
[self_driving-10] [0m[INFO] [1782556764.370216066] [self_driving]: [GO_CANDIDATE] cx=119 cy=103 area=1792 score=0.90[0m
[self_driving-10] [0m[INFO] [1782556764.370803270] [self_driving]: [BIG_GO_FOR_PARK] cx=119 cy=103 area=1792 score=0.90 min_score=0.75 min_area=1000[0m
[self_driving-10] [0m[INFO] [1782556764.478727621] [self_driving]: [DEBUG_DRIVE] state=LINE_FOLLOW raw_lane_x=123.5 lane_x=123.5 filter=stable linear=0.15 angular=0.10 cw_y=0 park_x=-1 park_approach=False park_fb_count=0 park_boot_go=0 right_done=True start_turn=False count_turn=0 traffic=None stop=False[0m
[self_driving-10] [0m[INFO] [1782556764.705188936] [self_driving]: [ALL_CLASSES] ['crosswalk'][0m
[self_driving-10] [0m[INFO] [1782556764.709034510] [self_driving]: [ALL_CLASSES] ['go'][0m
[self_driving-10] [0m[INFO] [1782556764.713892344] [self_driving]: [GO_CANDIDATE] cx=115 cy=103 area=1947 score=0.92[0m
[self_driving-10] [0m[INFO] [1782556764.714666214] [self_driving]: [BIG_GO_FOR_PARK] cx=115 cy=103 area=1947 score=0.92 min_score=0.75 min_area=1000[0m
[self_driving-10] [0m[INFO] [1782556765.016752436] [self_driving]: [DEBUG_DRIVE] state=LINE_FOLLOW raw_lane_x=130.0 lane_x=130.0 filter=stable linear=0.15 angular=-0.10 cw_y=0 park_x=-1 park_approach=False park_fb_count=0 park_boot_go=0 right_done=True start_turn=False count_turn=0 traffic=None stop=False[0m
[self_driving-10] [0m[INFO] [1782556765.041394899] [self_driving]: [ALL_CLASSES] ['crosswalk'][0m
[self_driving-10] [0m[INFO] [1782556765.042291269] [self_driving]: [OBJECTS] msg_count=125 n=1 names=['crosswalk'][0m
[self_driving-10] [0m[INFO] [1782556765.046985991] [self_driving]: [ALL_CLASSES] ['go'][0m
[self_driving-10] [0m[INFO] [1782556765.049850306] [self_driving]: [GO_CANDIDATE] cx=110 cy=99 area=2275 score=0.88[0m
[self_driving-10] [0m[INFO] [1782556765.050757843] [self_driving]: [BIG_GO_FOR_PARK] cx=110 cy=99 area=2275 score=0.88 min_score=0.75 min_area=1000[0m
[self_driving-10] [0m[INFO] [1782556765.379283454] [self_driving]: [ALL_CLASSES] ['crosswalk'][0m
[self_driving-10] [0m[INFO] [1782556765.383258732] [self_driving]: [ALL_CLASSES] ['go'][0m
[self_driving-10] [0m[INFO] [1782556765.384163528] [self_driving]: [GO_CANDIDATE] cx=59 cy=94 area=2774 score=0.89[0m
[self_driving-10] [0m[INFO] [1782556765.385623380] [self_driving]: [BIG_GO_FOR_PARK] cx=59 cy=94 area=2774 score=0.89 min_score=0.75 min_area=1000[0m
[self_driving-10] [0m[INFO] [1782556765.565324287] [self_driving]: [DEBUG_DRIVE] state=LINE_FOLLOW raw_lane_x=129.5 lane_x=129.5 filter=stable linear=0.15 angular=-0.10 cw_y=0 park_x=-1 park_approach=False park_fb_count=0 park_boot_go=0 right_done=True start_turn=False count_turn=0 traffic=None stop=False[0m
[self_driving-10] [0m[INFO] [1782556765.766785565] [self_driving]: [ALL_CLASSES] ['go'][0m
[self_driving-10] [0m[INFO] [1782556765.767561343] [self_driving]: [OBJECTS] msg_count=129 n=1 names=['go'][0m
[self_driving-10] [0m[INFO] [1782556765.769772565] [self_driving]: [GO_CANDIDATE] cx=15 cy=87 area=2610 score=0.84[0m
[self_driving-10] [0m[INFO] [1782556765.771054565] [self_driving]: [BIG_GO_FOR_PARK] cx=15 cy=87 area=2610 score=0.84 min_score=0.75 min_area=1000[0m
[self_driving-10] [0m[INFO] [1782556765.841229491] [self_driving]: [CROSSWALK_SLOW_DONE] return normal speed[0m
[self_driving-10] [0m[INFO] [1782556766.080514917] [self_driving]: [IMAGE] received count=1078 shape=(480, 640, 3) queue=0[0m
[self_driving-10] [0m[INFO] [1782556766.091450565] [self_driving]: [DEBUG_DRIVE] state=LINE_FOLLOW raw_lane_x=126.5 lane_x=126.5 filter=stable linear=0.30 angular=0.10 cw_y=0 park_x=-1 park_approach=False park_fb_count=0 park_boot_go=0 right_done=True start_turn=False count_turn=0 traffic=None stop=False[0m
[self_driving-10] [0m[INFO] [1782556766.103052620] [self_driving]: [ALL_CLASSES] ['crosswalk'][0m
[self_driving-10] [0m[INFO] [1782556766.103846806] [self_driving]: [FOUR_TO_FIVE_CANDIDATE] big_cw_y=413 th=350[0m
[self_driving-10] [0m[INFO] [1782556766.370620620] [self_driving]: [CROSSWALK_SLOW] y=413 th=180 confirm=4[0m
[self_driving-10] [0m[INFO] [1782556766.432137731] [self_driving]: [ALL_CLASSES] ['crosswalk'][0m
[self_driving-10] [0m[INFO] [1782556766.446767676] [self_driving]: [OBJECTS] msg_count=131 n=1 names=['crosswalk'][0m
[self_driving-10] [0m[INFO] [1782556766.447833731] [self_driving]: [FOUR_TO_FIVE_CANDIDATE] big_cw_y=434 th=350[0m
[self_driving-10] [0m[INFO] [1782556766.641863491] [self_driving]: [DEBUG_DRIVE] state=LINE_FOLLOW raw_lane_x=146.0 lane_x=146.0 filter=stable linear=0.15 angular=-0.10 cw_y=434 park_x=-1 park_approach=False park_fb_count=0 park_boot_go=0 right_done=True start_turn=False count_turn=0 traffic=None stop=False[0m
[self_driving-10] [0m[INFO] [1782556766.753613490] [self_driving]: [ALL_CLASSES] ['crosswalk'][0m
[self_driving-10] [0m[INFO] [1782556766.757038898] [self_driving]: [FOUR_TO_FIVE_CANDIDATE] big_cw_y=469 th=350[0m
[self_driving-10] [0m[INFO] [1782556767.179968009] [self_driving]: [DEBUG_DRIVE] state=LINE_FOLLOW raw_lane_x=128.5 lane_x=128.5 filter=stable linear=0.15 angular=-0.10 cw_y=469 park_x=-1 park_approach=False park_fb_count=0 park_boot_go=0 right_done=True start_turn=False count_turn=0 traffic=None stop=False[0m
[self_driving-10] [0m[INFO] [1782556767.410986935] [self_driving]: [ALL_CLASSES] ['crosswalk'][0m
[self_driving-10] [0m[INFO] [1782556767.412240472] [self_driving]: [OBJECTS] msg_count=133 n=1 names=['crosswalk'][0m
[self_driving-10] [0m[INFO] [1782556767.712933453] [self_driving]: [DEBUG_DRIVE] state=LINE_FOLLOW raw_lane_x=130.5 lane_x=130.5 filter=stable linear=0.15 angular=0.10 cw_y=305 park_x=-1 park_approach=False park_fb_count=0 park_boot_go=0 right_done=True start_turn=False count_turn=0 traffic=None stop=False[0m
[self_driving-10] [0m[INFO] [1782556768.096537267] [self_driving]: [IMAGE] received count=1108 shape=(480, 640, 3) queue=0[0m
[self_driving-10] [0m[INFO] [1782556768.251589878] [self_driving]: [DEBUG_DRIVE] state=LINE_FOLLOW raw_lane_x=125.5 lane_x=125.5 filter=stable linear=0.15 angular=0.10 cw_y=305 park_x=-1 park_approach=False park_fb_count=0 park_boot_go=0 right_done=True start_turn=False count_turn=0 traffic=None stop=False[0m
[self_driving-10] [0m[INFO] [1782556768.784771341] [self_driving]: [DEBUG_DRIVE] state=LINE_FOLLOW raw_lane_x=143.0 lane_x=143.0 filter=stable linear=0.15 angular=-0.10 cw_y=305 park_x=-1 park_approach=False park_fb_count=0 park_boot_go=0 right_done=True start_turn=False count_turn=0 traffic=None stop=False[0m
[self_driving-10] [0m[INFO] [1782556769.044533897] [self_driving]: [CROSSWALK_SLOW_DONE] return normal speed[0m
[self_driving-10] [0m[INFO] [1782556769.345028359] [self_driving]: [CROSSWALK_SLOW] y=305 th=180 confirm=4[0m
[self_driving-10] [0m[INFO] [1782556769.347808674] [self_driving]: [DEBUG_DRIVE] state=LINE_FOLLOW raw_lane_x=207.5 lane_x=207.5 filter=stable linear=0.15 angular=-0.45 cw_y=305 park_x=-1 park_approach=False park_fb_count=0 park_boot_go=0 right_done=True start_turn=False count_turn=2 traffic=None stop=False[0m
[self_driving-10] [33m[WARN] [1782556769.716135433] [self_driving]: [LANE_X_JUMP_REJECT] raw=93.5 last=258.0 diff=164.5 candidate=93.5 cnt=1/4[0m
[self_driving-10] [0m[INFO] [1782556769.864989637] [self_driving]: [DEBUG_DRIVE] state=LINE_FOLLOW raw_lane_x=112.5 lane_x=258.0 filter=jump_reject linear=0.15 angular=-0.45 cw_y=305 park_x=-1 park_approach=False park_fb_count=0 park_boot_go=0 right_done=True start_turn=True count_turn=4 traffic=None stop=False[0m
[self_driving-10] [0m[INFO] [1782556770.118646951] [self_driving]: [IMAGE] received count=1138 shape=(480, 640, 3) queue=0[0m
[self_driving-10] [0m[INFO] [1782556770.124780377] [self_driving]: [LANE_X_JUMP_ACCEPT] raw=158.0 last=158.0 cnt=4/4[0m
[self_driving-10] [0m[INFO] [1782556770.125482340] [self_driving]: [POST_RIGHT_CHECK] cw_y=305 big_cw_recent=True big_cw_age=3.37s th=350 start_turn=True lane_x=158.0 raw_lane_x=158.0 filter=jump_accept[0m
[self_driving-10] [0m[INFO] [1782556770.125955007] [self_driving]: [POST_RIGHT_FORWARD_START] reason=line_turn_recover_4to5 duration=1.20s speed=0.18 angular=0.05[0m
[self_driving-10] [0m[INFO] [1782556770.190963692] [self_driving]: [POST_RIGHT_FORWARD] remain=1.14s reason=line_turn_recover_4to5 park_x=-1 cw_y=305[0m
[self_driving-10] [0m[INFO] [1782556770.409258229] [self_driving]: [POST_RIGHT_FORWARD] remain=0.92s reason=line_turn_recover_4to5 park_x=-1 cw_y=305[0m
[self_driving-10] [0m[INFO] [1782556770.703331414] [self_driving]: [POST_RIGHT_FORWARD] remain=0.63s reason=line_turn_recover_4to5 park_x=-1 cw_y=305[0m
[self_driving-10] [33m[WARN] [1782556770.745661581] [self_driving]: [LANE_X_JUMP_REJECT] raw=159.0 last=287.5 diff=128.5 candidate=159.0 cnt=1/4[0m
[self_driving-10] [0m[INFO] [1782556770.941159081] [self_driving]: [POST_RIGHT_FORWARD] remain=0.39s reason=line_turn_recover_4to5 park_x=-1 cw_y=305[0m
[self_driving-10] [0m[INFO] [1782556771.210319895] [self_driving]: [POST_RIGHT_FORWARD] remain=0.12s reason=line_turn_recover_4to5 park_x=-1 cw_y=305[0m
[self_driving-10] [0m[INFO] [1782556771.330017043] [self_driving]: [PARK_APPROACH_WAIT] reason=need_cw_clear_and_big_go cw_y=305 cw_cleared=False big_go_recent=False big_go_age=5.56s big_go={'cx': 15, 'cy': 87, 'area': 2610, 'score': 0.8399999737739563}[0m
[self_driving-10] [0m[INFO] [1782556771.330794247] [self_driving]: [DEBUG_DRIVE] state=LINE_FOLLOW raw_lane_x=-1 lane_x=287.0 filter=hold_last linear=0.15 angular=-0.45 cw_y=305 park_x=-1 park_approach=False park_fb_count=0 park_boot_go=0 right_done=True start_turn=False count_turn=1 traffic=None stop=False[0m
[self_driving-10] [0m[INFO] [1782556771.415317006] [self_driving]: [PARK_APPROACH_WAIT] reason=need_cw_clear_and_big_go cw_y=305 cw_cleared=False big_go_recent=False big_go_age=5.64s big_go={'cx': 15, 'cy': 87, 'area': 2610, 'score': 0.8399999737739563}[0m
[self_driving-10] [0m[INFO] [1782556771.482053580] [self_driving]: [PARK_APPROACH_WAIT] reason=need_cw_clear_and_big_go cw_y=305 cw_cleared=False big_go_recent=False big_go_age=5.71s big_go={'cx': 15, 'cy': 87, 'area': 2610, 'score': 0.8399999737739563}[0m
[self_driving-10] [33m[WARN] [1782556771.484934340] [self_driving]: [LANE_LOST] raw_lane_x=-1 lane_x=-1 filter=lost stop=False state=LINE_FOLLOW safe_linear=0.00 right_ready=False right_done=True[0m
[self_driving-10] [0m[INFO] [1782556771.541169599] [self_driving]: [PARK_APPROACH_WAIT] reason=need_cw_clear_and_big_go cw_y=305 cw_cleared=False big_go_recent=False big_go_age=5.77s big_go={'cx': 15, 'cy': 87, 'area': 2610, 'score': 0.8399999737739563}[0m
[self_driving-10] [0m[INFO] [1782556771.615642525] [self_driving]: [PARK_APPROACH_WAIT] reason=need_cw_clear_and_big_go cw_y=305 cw_cleared=False big_go_recent=False big_go_age=5.84s big_go={'cx': 15, 'cy': 87, 'area': 2610, 'score': 0.8399999737739563}[0m
[self_driving-10] [0m[INFO] [1782556771.676124988] [self_driving]: [PARK_APPROACH_WAIT] reason=need_cw_clear_and_big_go cw_y=305 cw_cleared=False big_go_recent=False big_go_age=5.91s big_go={'cx': 15, 'cy': 87, 'area': 2610, 'score': 0.8399999737739563}[0m
[self_driving-10] [0m[INFO] [1782556771.740591117] [self_driving]: [PARK_APPROACH_WAIT] reason=need_cw_clear_and_big_go cw_y=305 cw_cleared=False big_go_recent=False big_go_age=5.97s big_go={'cx': 15, 'cy': 87, 'area': 2610, 'score': 0.8399999737739563}[0m
[self_driving-10] [0m[INFO] [1782556771.817770710] [self_driving]: [PARK_APPROACH_WAIT] reason=need_cw_clear_and_big_go cw_y=305 cw_cleared=False big_go_recent=False big_go_age=6.05s big_go={'cx': 15, 'cy': 87, 'area': 2610, 'score': 0.8399999737739563}[0m
[self_driving-10] [0m[INFO] [1782556771.884160228] [self_driving]: [PARK_APPROACH_WAIT] reason=need_cw_clear_and_big_go cw_y=305 cw_cleared=False big_go_recent=False big_go_age=6.11s big_go={'cx': 15, 'cy': 87, 'area': 2610, 'score': 0.8399999737739563}[0m
[self_driving-10] [0m[INFO] [1782556771.885722321] [self_driving]: [DEBUG_DRIVE] state=LINE_FOLLOW raw_lane_x=-1 lane_x=-1 filter=lost linear=0.15 angular=0.00 cw_y=305 park_x=-1 park_approach=False park_fb_count=0 park_boot_go=0 right_done=True start_turn=False count_turn=2 traffic=None stop=False[0m
[self_driving-10] [0m[INFO] [1782556771.947594932] [self_driving]: [PARK_APPROACH_WAIT] reason=need_cw_clear_and_big_go cw_y=305 cw_cleared=False big_go_recent=False big_go_age=6.18s big_go={'cx': 15, 'cy': 87, 'area': 2610, 'score': 0.8399999737739563}[0m
[self_driving-10] [0m[INFO] [1782556771.996729543] [self_driving]: [PARK_APPROACH_WAIT] reason=need_cw_clear_and_big_go cw_y=305 cw_cleared=False big_go_recent=False big_go_age=6.23s big_go={'cx': 15, 'cy': 87, 'area': 2610, 'score': 0.8399999737739563}[0m
[self_driving-10] [33m[WARN] [1782556771.997649858] [self_driving]: [LANE_LOST] raw_lane_x=-1 lane_x=-1 filter=lost stop=False state=LINE_FOLLOW safe_linear=0.00 right_ready=False right_done=True[0m
[self_driving-10] [0m[INFO] [1782556772.069635506] [self_driving]: [PARK_APPROACH_WAIT] reason=need_cw_clear_and_big_go cw_y=305 cw_cleared=False big_go_recent=False big_go_age=6.30s big_go={'cx': 15, 'cy': 87, 'area': 2610, 'score': 0.8399999737739563}[0m
[self_driving-10] [0m[INFO] [1782556772.072062765] [self_driving]: [CROSSWALK_SLOW_DONE] return normal speed[0m
[self_driving-10] [0m[INFO] [1782556772.132097950] [self_driving]: [IMAGE] received count=1168 shape=(480, 640, 3) queue=0[0m
[self_driving-10] [0m[INFO] [1782556772.139282932] [self_driving]: [PARK_APPROACH_WAIT] reason=need_cw_clear_and_big_go cw_y=305 cw_cleared=False big_go_recent=False big_go_age=6.37s big_go={'cx': 15, 'cy': 87, 'area': 2610, 'score': 0.8399999737739563}[0m
[self_driving-10] [0m[INFO] [1782556772.201133395] [self_driving]: [PARK_APPROACH_WAIT] reason=need_cw_clear_and_big_go cw_y=305 cw_cleared=False big_go_recent=False big_go_age=6.43s big_go={'cx': 15, 'cy': 87, 'area': 2610, 'score': 0.8399999737739563}[0m
[self_driving-10] [0m[INFO] [1782556772.282682746] [self_driving]: [PARK_APPROACH_WAIT] reason=need_cw_clear_and_big_go cw_y=305 cw_cleared=False big_go_recent=False big_go_age=6.51s big_go={'cx': 15, 'cy': 87, 'area': 2610, 'score': 0.8399999737739563}[0m
[self_driving-10] [0m[INFO] [1782556772.352126024] [self_driving]: [PARK_APPROACH_WAIT] reason=need_cw_clear_and_big_go cw_y=305 cw_cleared=False big_go_recent=False big_go_age=6.58s big_go={'cx': 15, 'cy': 87, 'area': 2610, 'score': 0.8399999737739563}[0m
[self_driving-10] [0m[INFO] [1782556772.352729950] [self_driving]: [CROSSWALK_SLOW] y=305 th=180 confirm=4[0m
[self_driving-10] [0m[INFO] [1782556772.437722413] [self_driving]: [PARK_APPROACH_WAIT] reason=need_cw_clear_and_big_go cw_y=305 cw_cleared=False big_go_recent=False big_go_age=6.66s big_go={'cx': 15, 'cy': 87, 'area': 2610, 'score': 0.8399999737739563}[0m
[self_driving-10] [0m[INFO] [1782556772.439509580] [self_driving]: [DEBUG_DRIVE] state=LINE_FOLLOW raw_lane_x=-1 lane_x=-1 filter=lost linear=0.15 angular=0.00 cw_y=305 park_x=-1 park_approach=False park_fb_count=0 park_boot_go=0 right_done=True start_turn=False count_turn=2 traffic=None stop=False[0m
[self_driving-10] [0m[INFO] [1782556772.477605135] [self_driving]: [PARK_APPROACH_WAIT] reason=need_cw_clear_and_big_go cw_y=305 cw_cleared=False big_go_recent=False big_go_age=6.71s big_go={'cx': 15, 'cy': 87, 'area': 2610, 'score': 0.8399999737739563}[0m
[self_driving-10] [0m[INFO] [1782556772.552467654] [self_driving]: [PARK_APPROACH_WAIT] reason=need_cw_clear_and_big_go cw_y=305 cw_cleared=False big_go_recent=False big_go_age=6.78s big_go={'cx': 15, 'cy': 87, 'area': 2610, 'score': 0.8399999737739563}[0m
[self_driving-10] [33m[WARN] [1782556772.556919506] [self_driving]: [LANE_LOST] raw_lane_x=-1 lane_x=-1 filter=lost stop=False state=LINE_FOLLOW safe_linear=0.00 right_ready=False right_done=True[0m
[self_driving-10] [0m[INFO] [1782556772.620040191] [self_driving]: [PARK_APPROACH_WAIT] reason=need_cw_clear_and_big_go cw_y=305 cw_cleared=False big_go_recent=False big_go_age=6.85s big_go={'cx': 15, 'cy': 87, 'area': 2610, 'score': 0.8399999737739563}[0m
[self_driving-10] [0m[INFO] [1782556772.688749228] [self_driving]: [PARK_APPROACH_WAIT] reason=need_cw_clear_and_big_go cw_y=305 cw_cleared=False big_go_recent=False big_go_age=6.92s big_go={'cx': 15, 'cy': 87, 'area': 2610, 'score': 0.8399999737739563}[0m
[self_driving-10] [0m[INFO] [1782556772.776174839] [self_driving]: [PARK_APPROACH_WAIT] reason=need_cw_clear_and_big_go cw_y=305 cw_cleared=False big_go_recent=False big_go_age=7.01s big_go={'cx': 15, 'cy': 87, 'area': 2610, 'score': 0.8399999737739563}[0m
[self_driving-10] [0m[INFO] [1782556772.836549079] [self_driving]: [PARK_APPROACH_WAIT] reason=need_cw_clear_and_big_go cw_y=305 cw_cleared=False big_go_recent=False big_go_age=7.07s big_go={'cx': 15, 'cy': 87, 'area': 2610, 'score': 0.8399999737739563}[0m
[self_driving-10] [0m[INFO] [1782556772.894249894] [self_driving]: [PARK_APPROACH_WAIT] reason=need_cw_clear_and_big_go cw_y=305 cw_cleared=False big_go_recent=False big_go_age=7.12s big_go={'cx': 15, 'cy': 87, 'area': 2610, 'score': 0.8399999737739563}[0m
[self_driving-10] [0m[INFO] [1782556772.943992005] [self_driving]: [PARK_APPROACH_WAIT] reason=need_cw_clear_and_big_go cw_y=305 cw_cleared=False big_go_recent=False big_go_age=7.17s big_go={'cx': 15, 'cy': 87, 'area': 2610, 'score': 0.8399999737739563}[0m
[self_driving-10] [0m[INFO] [1782556772.945852450] [self_driving]: [DEBUG_DRIVE] state=LINE_FOLLOW raw_lane_x=-1 lane_x=-1 filter=lost linear=0.15 angular=0.00 cw_y=305 park_x=-1 park_approach=False park_fb_count=0 park_boot_go=0 right_done=True start_turn=False count_turn=2 traffic=None stop=False[0m
[self_driving-10] [0m[INFO] [1782556773.011614098] [self_driving]: [PARK_APPROACH_WAIT] reason=need_cw_clear_and_big_go cw_y=305 cw_cleared=False big_go_recent=False big_go_age=7.24s big_go={'cx': 15, 'cy': 87, 'area': 2610, 'score': 0.8399999737739563}[0m
[self_driving-10] [0m[INFO] [1782556773.076629024] [self_driving]: [PARK_APPROACH_WAIT] reason=need_cw_clear_and_big_go cw_y=305 cw_cleared=False big_go_recent=False big_go_age=7.31s big_go={'cx': 15, 'cy': 87, 'area': 2610, 'score': 0.8399999737739563}[0m
[self_driving-10] [33m[WARN] [1782556773.077621079] [self_driving]: [LANE_LOST] raw_lane_x=-1 lane_x=-1 filter=lost stop=False state=LINE_FOLLOW safe_linear=0.00 right_ready=False right_done=True[0m
[self_driving-10] [0m[INFO] [1782556773.150487561] [self_driving]: [PARK_APPROACH_WAIT] reason=need_cw_clear_and_big_go cw_y=305 cw_cleared=False big_go_recent=False big_go_age=7.38s big_go={'cx': 15, 'cy': 87, 'area': 2610, 'score': 0.8399999737739563}[0m
[self_driving-10] [0m[INFO] [1782556773.213221172] [self_driving]: [PARK_APPROACH_WAIT] reason=need_cw_clear_and_big_go cw_y=305 cw_cleared=False big_go_recent=False big_go_age=7.44s big_go={'cx': 15, 'cy': 87, 'area': 2610, 'score': 0.8399999737739563}[0m
[self_driving-10] [0m[INFO] [1782556773.279919450] [self_driving]: [PARK_APPROACH_WAIT] reason=need_cw_clear_and_big_go cw_y=305 cw_cleared=False big_go_recent=False big_go_age=7.51s big_go={'cx': 15, 'cy': 87, 'area': 2610, 'score': 0.8399999737739563}[0m
[self_driving-10] [0m[INFO] [1782556773.346410079] [self_driving]: [PARK_APPROACH_WAIT] reason=need_cw_clear_and_big_go cw_y=305 cw_cleared=False big_go_recent=False big_go_age=7.58s big_go={'cx': 15, 'cy': 87, 'area': 2610, 'score': 0.8399999737739563}[0m
[self_driving-10] [0m[INFO] [1782556773.412295079] [self_driving]: [PARK_APPROACH_WAIT] reason=need_cw_clear_and_big_go cw_y=305 cw_cleared=False big_go_recent=False big_go_age=7.64s big_go={'cx': 15, 'cy': 87, 'area': 2610, 'score': 0.8399999737739563}[0m
[self_driving-10] [0m[INFO] [1782556773.503363561] [self_driving]: [PARK_APPROACH_WAIT] reason=need_cw_clear_and_big_go cw_y=305 cw_cleared=False big_go_recent=False big_go_age=7.73s big_go={'cx': 15, 'cy': 87, 'area': 2610, 'score': 0.8399999737739563}[0m
[self_driving-10] [0m[INFO] [1782556773.504976968] [self_driving]: [DEBUG_DRIVE] state=LINE_FOLLOW raw_lane_x=-1 lane_x=-1 filter=lost linear=0.15 angular=0.00 cw_y=305 park_x=-1 park_approach=False park_fb_count=0 park_boot_go=0 right_done=True start_turn=False count_turn=2 traffic=None stop=False[0m
[self_driving-10] [0m[INFO] [1782556773.552153727] [self_driving]: [PARK_APPROACH_WAIT] reason=need_cw_clear_and_big_go cw_y=305 cw_cleared=False big_go_recent=False big_go_age=7.78s big_go={'cx': 15, 'cy': 87, 'area': 2610, 'score': 0.8399999737739563}[0m
[self_driving-10] [0m[INFO] [1782556773.614043801] [self_driving]: [PARK_APPROACH_WAIT] reason=need_cw_clear_and_big_go cw_y=305 cw_cleared=False big_go_recent=False big_go_age=7.84s big_go={'cx': 15, 'cy': 87, 'area': 2610, 'score': 0.8399999737739563}[0m
[self_driving-10] [33m[WARN] [1782556773.616008283] [self_driving]: [LANE_LOST] raw_lane_x=-1 lane_x=-1 filter=lost stop=False state=LINE_FOLLOW safe_linear=0.00 right_ready=False right_done=True[0m
[self_driving-10] [0m[INFO] [1782556773.685181560] [self_driving]: [PARK_APPROACH_WAIT] reason=need_cw_clear_and_big_go cw_y=305 cw_cleared=False big_go_recent=False big_go_age=7.91s big_go={'cx': 15, 'cy': 87, 'area': 2610, 'score': 0.8399999737739563}[0m
[self_driving-10] [0m[INFO] [1782556773.744623357] [self_driving]: [PARK_APPROACH_WAIT] reason=need_cw_clear_and_big_go cw_y=305 cw_cleared=False big_go_recent=False big_go_age=7.97s big_go={'cx': 15, 'cy': 87, 'area': 2610, 'score': 0.8399999737739563}[0m
[self_driving-10] [0m[INFO] [1782556773.827878505] [self_driving]: [PARK_APPROACH_WAIT] reason=need_cw_clear_and_big_go cw_y=305 cw_cleared=False big_go_recent=False big_go_age=8.06s big_go={'cx': 15, 'cy': 87, 'area': 2610, 'score': 0.8399999737739563}[0m
[self_driving-10] [0m[INFO] [1782556773.895517671] [self_driving]: [PARK_APPROACH_WAIT] reason=need_cw_clear_and_big_go cw_y=305 cw_cleared=False big_go_recent=False big_go_age=8.12s big_go={'cx': 15, 'cy': 87, 'area': 2610, 'score': 0.8399999737739563}[0m
[self_driving-10] [0m[INFO] [1782556773.958840542] [self_driving]: [PARK_APPROACH_WAIT] reason=need_cw_clear_and_big_go cw_y=305 cw_cleared=False big_go_recent=False big_go_age=8.19s big_go={'cx': 15, 'cy': 87, 'area': 2610, 'score': 0.8399999737739563}[0m
[self_driving-10] [0m[INFO] [1782556774.036189319] [self_driving]: [PARK_APPROACH_WAIT] reason=need_cw_clear_and_big_go cw_y=305 cw_cleared=False big_go_recent=False big_go_age=8.27s big_go={'cx': 15, 'cy': 87, 'area': 2610, 'score': 0.8399999737739563}[0m
[self_driving-10] [0m[INFO] [1782556774.036970282] [self_driving]: [DEBUG_DRIVE] state=LINE_FOLLOW raw_lane_x=-1 lane_x=-1 filter=lost linear=0.15 angular=0.00 cw_y=305 park_x=-1 park_approach=False park_fb_count=0 park_boot_go=0 right_done=True start_turn=False count_turn=2 traffic=None stop=False[0m
[self_driving-10] [0m[INFO] [1782556774.085223782] [self_driving]: [PARK_APPROACH_WAIT] reason=need_cw_clear_and_big_go cw_y=305 cw_cleared=False big_go_recent=False big_go_age=8.31s big_go={'cx': 15, 'cy': 87, 'area': 2610, 'score': 0.8399999737739563}[0m
[self_driving-10] [0m[INFO] [1782556774.169956671] [self_driving]: [IMAGE] received count=1198 shape=(480, 640, 3) queue=0[0m
[self_driving-10] [0m[INFO] [1782556774.177873116] [self_driving]: [PARK_APPROACH_WAIT] reason=need_cw_clear_and_big_go cw_y=305 cw_cleared=False big_go_recent=False big_go_age=8.41s big_go={'cx': 15, 'cy': 87, 'area': 2610, 'score': 0.8399999737739563}[0m
[self_driving-10] [33m[WARN] [1782556774.181329227] [self_driving]: [LANE_LOST] raw_lane_x=-1 lane_x=-1 filter=lost stop=False state=LINE_FOLLOW safe_linear=0.00 right_ready=False right_done=True[0m
[self_driving-10] [0m[INFO] [1782556774.226143412] [self_driving]: [PARK_APPROACH_WAIT] reason=need_cw_clear_and_big_go cw_y=305 cw_cleared=False big_go_recent=False big_go_age=8.45s big_go={'cx': 15, 'cy': 87, 'area': 2610, 'score': 0.8399999737739563}[0m
[self_driving-10] [0m[INFO] [1782556774.302979967] [self_driving]: [PARK_APPROACH_WAIT] reason=need_cw_clear_and_big_go cw_y=305 cw_cleared=False big_go_recent=False big_go_age=8.53s big_go={'cx': 15, 'cy': 87, 'area': 2610, 'score': 0.8399999737739563}[0m
[self_driving-10] [0m[INFO] [1782556774.355320912] [self_driving]: [PARK_APPROACH_WAIT] reason=need_cw_clear_and_big_go cw_y=305 cw_cleared=False big_go_recent=False big_go_age=8.58s big_go={'cx': 15, 'cy': 87, 'area': 2610, 'score': 0.8399999737739563}[0m
[self_driving-10] [0m[INFO] [1782556774.418974486] [self_driving]: [PARK_APPROACH_WAIT] reason=need_cw_clear_and_big_go cw_y=305 cw_cleared=False big_go_recent=False big_go_age=8.65s big_go={'cx': 15, 'cy': 87, 'area': 2610, 'score': 0.8399999737739563}[0m
[self_driving-10] [0m[INFO] [1782556774.510287875] [self_driving]: [PARK_APPROACH_WAIT] reason=need_cw_clear_and_big_go cw_y=305 cw_cleared=False big_go_recent=False big_go_age=8.74s big_go={'cx': 15, 'cy': 87, 'area': 2610, 'score': 0.8399999737739563}[0m
[self_driving-10] [0m[INFO] [1782556774.569307171] [self_driving]: [PARK_APPROACH_WAIT] reason=need_cw_clear_and_big_go cw_y=305 cw_cleared=False big_go_recent=False big_go_age=8.80s big_go={'cx': 15, 'cy': 87, 'area': 2610, 'score': 0.8399999737739563}[0m
[self_driving-10] [0m[INFO] [1782556774.571770708] [self_driving]: [DEBUG_DRIVE] state=LINE_FOLLOW raw_lane_x=-1 lane_x=-1 filter=lost linear=0.15 angular=0.00 cw_y=305 park_x=-1 park_approach=False park_fb_count=0 park_boot_go=0 right_done=True start_turn=False count_turn=2 traffic=None stop=False[0m
[self_driving-10] [0m[INFO] [1782556774.632608967] [self_driving]: [PARK_APPROACH_WAIT] reason=need_cw_clear_and_big_go cw_y=305 cw_cleared=False big_go_recent=False big_go_age=8.86s big_go={'cx': 15, 'cy': 87, 'area': 2610, 'score': 0.8399999737739563}[0m
[self_driving-10] [0m[INFO] [1782556774.688000541] [self_driving]: [PARK_APPROACH_WAIT] reason=need_cw_clear_and_big_go cw_y=305 cw_cleared=False big_go_recent=False big_go_age=8.92s big_go={'cx': 15, 'cy': 87, 'area': 2610, 'score': 0.8399999737739563}[0m
[self_driving-10] [33m[WARN] [1782556774.689411004] [self_driving]: [LANE_LOST] raw_lane_x=-1 lane_x=-1 filter=lost stop=False state=LINE_FOLLOW safe_linear=0.00 right_ready=False right_done=True[0m
[self_driving-10] [0m[INFO] [1782556774.769557356] [self_driving]: [PARK_APPROACH_WAIT] reason=need_cw_clear_and_big_go cw_y=305 cw_cleared=False big_go_recent=False big_go_age=9.00s big_go={'cx': 15, 'cy': 87, 'area': 2610, 'score': 0.8399999737739563}[0m
[self_driving-10] [0m[INFO] [1782556774.853375189] [self_driving]: [PARK_APPROACH_WAIT] reason=need_cw_clear_and_big_go cw_y=305 cw_cleared=False big_go_recent=False big_go_age=9.08s big_go={'cx': 15, 'cy': 87, 'area': 2610, 'score': 0.8399999737739563}[0m
[self_driving-10] [0m[INFO] [1782556774.889532282] [self_driving]: [PARK_APPROACH_WAIT] reason=need_cw_clear_and_big_go cw_y=305 cw_cleared=False big_go_recent=False big_go_age=9.12s big_go={'cx': 15, 'cy': 87, 'area': 2610, 'score': 0.8399999737739563}[0m
[self_driving-10] [0m[INFO] [1782556774.961253319] [self_driving]: [PARK_APPROACH_WAIT] reason=need_cw_clear_and_big_go cw_y=305 cw_cleared=False big_go_recent=False big_go_age=9.19s big_go={'cx': 15, 'cy': 87, 'area': 2610, 'score': 0.8399999737739563}[0m
[self_driving-10] [0m[INFO] [1782556775.039176356] [self_driving]: [PARK_APPROACH_WAIT] reason=need_cw_clear_and_big_go cw_y=305 cw_cleared=False big_go_recent=False big_go_age=9.27s big_go={'cx': 15, 'cy': 87, 'area': 2610, 'score': 0.8399999737739563}[0m
[self_driving-10] [0m[INFO] [1782556775.039823319] [self_driving]: [CROSSWALK_SLOW_DONE] return normal speed[0m
[self_driving-10] [0m[INFO] [1782556775.101474467] [self_driving]: [PARK_APPROACH_WAIT] reason=need_cw_clear_and_big_go cw_y=305 cw_cleared=False big_go_recent=False big_go_age=9.33s big_go={'cx': 15, 'cy': 87, 'area': 2610, 'score': 0.8399999737739563}[0m
[self_driving-10] [0m[INFO] [1782556775.103814041] [self_driving]: [DEBUG_DRIVE] state=LINE_FOLLOW raw_lane_x=-1 lane_x=-1 filter=lost linear=0.30 angular=0.00 cw_y=305 park_x=-1 park_approach=False park_fb_count=0 park_boot_go=0 right_done=True start_turn=False count_turn=2 traffic=None stop=False[0m
[self_driving-10] [0m[INFO] [1782556775.190409560] [self_driving]: [PARK_APPROACH_WAIT] reason=need_cw_clear_and_big_go cw_y=305 cw_cleared=False big_go_recent=False big_go_age=9.42s big_go={'cx': 15, 'cy': 87, 'area': 2610, 'score': 0.8399999737739563}[0m
[self_driving-10] [33m[WARN] [1782556775.195428022] [self_driving]: [LANE_LOST] raw_lane_x=-1 lane_x=-1 filter=lost stop=False state=LINE_FOLLOW safe_linear=0.00 right_ready=False right_done=True[0m
[self_driving-10] [0m[INFO] [1782556775.236236745] [self_driving]: [PARK_APPROACH_WAIT] reason=need_cw_clear_and_big_go cw_y=305 cw_cleared=False big_go_recent=False big_go_age=9.47s big_go={'cx': 15, 'cy': 87, 'area': 2610, 'score': 0.8399999737739563}[0m
[self_driving-10] [0m[INFO] [1782556775.309752448] [self_driving]: [PARK_APPROACH_WAIT] reason=need_cw_clear_and_big_go cw_y=305 cw_cleared=False big_go_recent=False big_go_age=9.54s big_go={'cx': 15, 'cy': 87, 'area': 2610, 'score': 0.8399999737739563}[0m
[self_driving-10] [0m[INFO] [1782556775.310358874] [self_driving]: [CROSSWALK_SLOW] y=305 th=180 confirm=4[0m
[self_driving-10] [0m[INFO] [1782556775.376492282] [self_driving]: [PARK_APPROACH_WAIT] reason=need_cw_clear_and_big_go cw_y=305 cw_cleared=False big_go_recent=False big_go_age=9.61s big_go={'cx': 15, 'cy': 87, 'area': 2610, 'score': 0.8399999737739563}[0m
[self_driving-10] [0m[INFO] [1782556775.438324522] [self_driving]: [PARK_APPROACH_WAIT] reason=need_cw_clear_and_big_go cw_y=305 cw_cleared=False big_go_recent=False big_go_age=9.67s big_go={'cx': 15, 'cy': 87, 'area': 2610, 'score': 0.8399999737739563}[0m
[self_driving-10] [0m[INFO] [1782556775.500615782] [self_driving]: [PARK_APPROACH_WAIT] reason=need_cw_clear_and_big_go cw_y=305 cw_cleared=False big_go_recent=False big_go_age=9.73s big_go={'cx': 15, 'cy': 87, 'area': 2610, 'score': 0.8399999737739563}[0m
[self_driving-10] [0m[INFO] [1782556775.570712837] [self_driving]: [PARK_APPROACH_WAIT] reason=need_cw_clear_and_big_go cw_y=305 cw_cleared=False big_go_recent=False big_go_age=9.80s big_go={'cx': 15, 'cy': 87, 'area': 2610, 'score': 0.8399999737739563}[0m
[self_driving-10] [0m[INFO] [1782556775.632066800] [self_driving]: [PARK_APPROACH_WAIT] reason=need_cw_clear_and_big_go cw_y=305 cw_cleared=False big_go_recent=False big_go_age=9.86s big_go={'cx': 15, 'cy': 87, 'area': 2610, 'score': 0.8399999737739563}[0m
[self_driving-10] [0m[INFO] [1782556775.634068874] [self_driving]: [DEBUG_DRIVE] state=LINE_FOLLOW raw_lane_x=-1 lane_x=-1 filter=lost linear=0.15 angular=0.00 cw_y=305 park_x=-1 park_approach=False park_fb_count=0 park_boot_go=0 right_done=True start_turn=False count_turn=2 traffic=None stop=False[0m
[self_driving-10] [0m[INFO] [1782556775.705037911] [self_driving]: [PARK_APPROACH_WAIT] reason=need_cw_clear_and_big_go cw_y=305 cw_cleared=False big_go_recent=False big_go_age=9.93s big_go={'cx': 15, 'cy': 87, 'area': 2610, 'score': 0.8399999737739563}[0m
[self_driving-10] [33m[WARN] [1782556775.705935596] [self_driving]: [LANE_LOST] raw_lane_x=-1 lane_x=-1 filter=lost stop=False state=LINE_FOLLOW safe_linear=0.00 right_ready=False right_done=True[0m
[self_driving-10] [0m[INFO] [1782556775.778572355] [self_driving]: [PARK_APPROACH_WAIT] reason=need_cw_clear_and_big_go cw_y=305 cw_cleared=False big_go_recent=False big_go_age=10.01s big_go={'cx': 15, 'cy': 87, 'area': 2610, 'score': 0.8399999737739563}[0m
[self_driving-10] [0m[INFO] [1782556775.832951911] [self_driving]: [PARK_APPROACH_WAIT] reason=need_cw_clear_and_big_go cw_y=305 cw_cleared=False big_go_recent=False big_go_age=10.06s big_go={'cx': 15, 'cy': 87, 'area': 2610, 'score': 0.8399999737739563}[0m
[self_driving-10] [0m[INFO] [1782556775.912786207] [self_driving]: [PARK_APPROACH_WAIT] reason=need_cw_clear_and_big_go cw_y=305 cw_cleared=False big_go_recent=False big_go_age=10.14s big_go={'cx': 15, 'cy': 87, 'area': 2610, 'score': 0.8399999737739563}[0m
[self_driving-10] [0m[INFO] [1782556775.988550800] [self_driving]: [PARK_APPROACH_WAIT] reason=need_cw_clear_and_big_go cw_y=305 cw_cleared=False big_go_recent=False big_go_age=10.22s big_go={'cx': 15, 'cy': 87, 'area': 2610, 'score': 0.8399999737739563}[0m
[self_driving-10] [0m[INFO] [1782556776.051318133] [self_driving]: [PARK_APPROACH_WAIT] reason=need_cw_clear_and_big_go cw_y=305 cw_cleared=False big_go_recent=False big_go_age=10.28s big_go={'cx': 15, 'cy': 87, 'area': 2610, 'score': 0.8399999737739563}[0m
[self_driving-10] [0m[INFO] [1782556776.110156522] [self_driving]: [PARK_APPROACH_WAIT] reason=need_cw_clear_and_big_go cw_y=305 cw_cleared=False big_go_recent=False big_go_age=10.34s big_go={'cx': 15, 'cy': 87, 'area': 2610, 'score': 0.8399999737739563}[0m
[self_driving-10] [0m[INFO] [1782556776.178482614] [self_driving]: [IMAGE] received count=1228 shape=(480, 640, 3) queue=0[0m
[self_driving-10] [0m[INFO] [1782556776.186484596] [self_driving]: [PARK_APPROACH_WAIT] reason=need_cw_clear_and_big_go cw_y=305 cw_cleared=False big_go_recent=False big_go_age=10.42s big_go={'cx': 15, 'cy': 87, 'area': 2610, 'score': 0.8399999737739563}[0m
[self_driving-10] [0m[INFO] [1782556776.187158818] [self_driving]: [DEBUG_DRIVE] state=LINE_FOLLOW raw_lane_x=-1 lane_x=-1 filter=lost linear=0.15 angular=0.00 cw_y=305 park_x=-1 park_approach=False park_fb_count=0 park_boot_go=0 right_done=True start_turn=False count_turn=2 traffic=None stop=False[0m
[self_driving-10] [0m[INFO] [1782556776.250813837] [self_driving]: [PARK_APPROACH_WAIT] reason=need_cw_clear_and_big_go cw_y=305 cw_cleared=False big_go_recent=False big_go_age=10.48s big_go={'cx': 15, 'cy': 87, 'area': 2610, 'score': 0.8399999737739563}[0m
[self_driving-10] [33m[WARN] [1782556776.254065818] [self_driving]: [LANE_LOST] raw_lane_x=-1 lane_x=-1 filter=lost stop=False state=LINE_FOLLOW safe_linear=0.00 right_ready=False right_done=True[0m
[self_driving-10] [0m[INFO] [1782556776.316465355] [self_driving]: [PARK_APPROACH_WAIT] reason=need_cw_clear_and_big_go cw_y=305 cw_cleared=False big_go_recent=False big_go_age=10.55s big_go={'cx': 15, 'cy': 87, 'area': 2610, 'score': 0.8399999737739563}[0m
[self_driving-10] [0m[INFO] [1782556776.365465596] [self_driving]: [PARK_APPROACH_WAIT] reason=need_cw_clear_and_big_go cw_y=305 cw_cleared=False big_go_recent=False big_go_age=10.59s big_go={'cx': 15, 'cy': 87, 'area': 2610, 'score': 0.8399999737739563}[0m
[self_driving-10] [0m[INFO] [1782556776.447537466] [self_driving]: [PARK_APPROACH_WAIT] reason=need_cw_clear_and_big_go cw_y=305 cw_cleared=False big_go_recent=False big_go_age=10.68s big_go={'cx': 15, 'cy': 87, 'area': 2610, 'score': 0.8399999737739563}[0m
[self_driving-10] [0m[INFO] [1782556776.516657374] [self_driving]: [PARK_APPROACH_WAIT] reason=need_cw_clear_and_big_go cw_y=305 cw_cleared=False big_go_recent=False big_go_age=10.75s big_go={'cx': 15, 'cy': 87, 'area': 2610, 'score': 0.8399999737739563}[0m
[self_driving-10] [0m[INFO] [1782556776.595047133] [self_driving]: [PARK_APPROACH_WAIT] reason=need_cw_clear_and_big_go cw_y=305 cw_cleared=False big_go_recent=False big_go_age=10.82s big_go={'cx': 15, 'cy': 87, 'area': 2610, 'score': 0.8399999737739563}[0m
[self_driving-10] [0m[INFO] [1782556776.638205577] [self_driving]: [PARK_APPROACH_WAIT] reason=need_cw_clear_and_big_go cw_y=305 cw_cleared=False big_go_recent=False big_go_age=10.87s big_go={'cx': 15, 'cy': 87, 'area': 2610, 'score': 0.8399999737739563}[0m
[self_driving-10] [0m[INFO] [1782556776.705334596] [self_driving]: [PARK_APPROACH_WAIT] reason=need_cw_clear_and_big_go cw_y=305 cw_cleared=False big_go_recent=False big_go_age=10.93s big_go={'cx': 15, 'cy': 87, 'area': 2610, 'score': 0.8399999737739563}[0m
[self_driving-10] [0m[INFO] [1782556776.706180818] [self_driving]: [DEBUG_DRIVE] state=LINE_FOLLOW raw_lane_x=-1 lane_x=-1 filter=lost linear=0.15 angular=0.00 cw_y=305 park_x=-1 park_approach=False park_fb_count=0 park_boot_go=0 right_done=True start_turn=False count_turn=2 traffic=None stop=False[0m
[self_driving-10] [0m[INFO] [1782556776.789971540] [self_driving]: [PARK_APPROACH_WAIT] reason=need_cw_clear_and_big_go cw_y=305 cw_cleared=False big_go_recent=False big_go_age=11.02s big_go={'cx': 15, 'cy': 87, 'area': 2610, 'score': 0.8399999737739563}[0m
[self_driving-10] [33m[WARN] [1782556776.791015318] [self_driving]: [LANE_LOST] raw_lane_x=-1 lane_x=-1 filter=lost stop=False state=LINE_FOLLOW safe_linear=0.00 right_ready=False right_done=True[0m
[self_driving-10] [0m[INFO] [1782556776.840251910] [self_driving]: [PARK_APPROACH_WAIT] reason=need_cw_clear_and_big_go cw_y=305 cw_cleared=False big_go_recent=False big_go_age=11.07s big_go={'cx': 15, 'cy': 87, 'area': 2610, 'score': 0.8399999737739563}[0m
[self_driving-10] [0m[INFO] [1782556776.924341299] [self_driving]: [PARK_APPROACH_WAIT] reason=need_cw_clear_and_big_go cw_y=305 cw_cleared=False big_go_recent=False big_go_age=11.15s big_go={'cx': 15, 'cy': 87, 'area': 2610, 'score': 0.8399999737739563}[0m
[self_driving-10] [0m[INFO] [1782556776.993890614] [self_driving]: [PARK_APPROACH_WAIT] reason=need_cw_clear_and_big_go cw_y=305 cw_cleared=False big_go_recent=False big_go_age=11.22s big_go={'cx': 15, 'cy': 87, 'area': 2610, 'score': 0.8399999737739563}[0m
[self_driving-10] [0m[INFO] [1782556777.044819151] [self_driving]: [PARK_APPROACH_WAIT] reason=need_cw_clear_and_big_go cw_y=305 cw_cleared=False big_go_recent=False big_go_age=11.27s big_go={'cx': 15, 'cy': 87, 'area': 2610, 'score': 0.8399999737739563}[0m
[self_driving-10] [0m[INFO] [1782556777.115265188] [self_driving]: [PARK_APPROACH_WAIT] reason=need_cw_clear_and_big_go cw_y=305 cw_cleared=False big_go_recent=False big_go_age=11.34s big_go={'cx': 15, 'cy': 87, 'area': 2610, 'score': 0.8399999737739563}[0m
[self_driving-10] [0m[INFO] [1782556777.187436410] [self_driving]: [PARK_APPROACH_WAIT] reason=need_cw_clear_and_big_go cw_y=305 cw_cleared=False big_go_recent=False big_go_age=11.42s big_go={'cx': 15, 'cy': 87, 'area': 2610, 'score': 0.8399999737739563}[0m
[self_driving-10] [0m[INFO] [1782556777.267820818] [self_driving]: [PARK_APPROACH_WAIT] reason=need_cw_clear_and_big_go cw_y=305 cw_cleared=False big_go_recent=False big_go_age=11.49s big_go={'cx': 15, 'cy': 87, 'area': 2610, 'score': 0.8399999737739563}[0m
[self_driving-10] [0m[INFO] [1782556777.268822688] [self_driving]: [DEBUG_DRIVE] state=LINE_FOLLOW raw_lane_x=-1 lane_x=-1 filter=lost linear=0.15 angular=0.00 cw_y=305 park_x=-1 park_approach=False park_fb_count=0 park_boot_go=0 right_done=True start_turn=False count_turn=2 traffic=None stop=False[0m
[self_driving-10] [0m[INFO] [1782556777.315134651] [self_driving]: [PARK_APPROACH_WAIT] reason=need_cw_clear_and_big_go cw_y=305 cw_cleared=False big_go_recent=False big_go_age=11.54s big_go={'cx': 15, 'cy': 87, 'area': 2610, 'score': 0.8399999737739563}[0m
[self_driving-10] [33m[WARN] [1782556777.315993466] [self_driving]: [LANE_LOST] raw_lane_x=-1 lane_x=-1 filter=lost stop=False state=LINE_FOLLOW safe_linear=0.00 right_ready=False right_done=True[0m
[self_driving-10] [0m[INFO] [1782556777.391958743] [self_driving]: [PARK_APPROACH_WAIT] reason=need_cw_clear_and_big_go cw_y=305 cw_cleared=False big_go_recent=False big_go_age=11.62s big_go={'cx': 15, 'cy': 87, 'area': 2610, 'score': 0.8399999737739563}[0m
[self_driving-10] [0m[INFO] [1782556777.444579262] [self_driving]: [PARK_APPROACH_WAIT] reason=need_cw_clear_and_big_go cw_y=305 cw_cleared=False big_go_recent=False big_go_age=11.67s big_go={'cx': 15, 'cy': 87, 'area': 2610, 'score': 0.8399999737739563}[0m
[self_driving-10] [0m[INFO] [1782556777.528665373] [self_driving]: [PARK_APPROACH_WAIT] reason=need_cw_clear_and_big_go cw_y=305 cw_cleared=False big_go_recent=False big_go_age=11.76s big_go={'cx': 15, 'cy': 87, 'area': 2610, 'score': 0.8399999737739563}[0m
[self_driving-10] [0m[INFO] [1782556777.608816799] [self_driving]: [PARK_APPROACH_WAIT] reason=need_cw_clear_and_big_go cw_y=305 cw_cleared=False big_go_recent=False big_go_age=11.83s big_go={'cx': 15, 'cy': 87, 'area': 2610, 'score': 0.8399999737739563}[0m
[self_driving-10] [0m[INFO] [1782556777.655079928] [self_driving]: [PARK_APPROACH_WAIT] reason=need_cw_clear_and_big_go cw_y=305 cw_cleared=False big_go_recent=False big_go_age=11.88s big_go={'cx': 15, 'cy': 87, 'area': 2610, 'score': 0.8399999737739563}[0m
[self_driving-10] [0m[INFO] [1782556777.714902762] [self_driving]: [PARK_APPROACH_WAIT] reason=need_cw_clear_and_big_go cw_y=305 cw_cleared=False big_go_recent=False big_go_age=11.94s big_go={'cx': 15, 'cy': 87, 'area': 2610, 'score': 0.8399999737739563}[0m
[self_driving-10] [0m[INFO] [1782556777.791667447] [self_driving]: [PARK_APPROACH_WAIT] reason=need_cw_clear_and_big_go cw_y=305 cw_cleared=False big_go_recent=False big_go_age=12.02s big_go={'cx': 15, 'cy': 87, 'area': 2610, 'score': 0.8399999737739563}[0m
[self_driving-10] [0m[INFO] [1782556777.793438188] [self_driving]: [DEBUG_DRIVE] state=LINE_FOLLOW raw_lane_x=-1 lane_x=-1 filter=lost linear=0.15 angular=0.00 cw_y=305 park_x=-1 park_approach=False park_fb_count=0 park_boot_go=0 right_done=True start_turn=False count_turn=2 traffic=None stop=False[0m
[self_driving-10] [0m[INFO] [1782556777.856393780] [self_driving]: [PARK_APPROACH_WAIT] reason=need_cw_clear_and_big_go cw_y=305 cw_cleared=False big_go_recent=False big_go_age=12.09s big_go={'cx': 15, 'cy': 87, 'area': 2610, 'score': 0.8399999737739563}[0m
[self_driving-10] [33m[WARN] [1782556777.857414151] [self_driving]: [LANE_LOST] raw_lane_x=-1 lane_x=-1 filter=lost stop=False state=LINE_FOLLOW safe_linear=0.00 right_ready=False right_done=True[0m
[self_driving-10] [0m[INFO] [1782556777.927224558] [self_driving]: [PARK_APPROACH_WAIT] reason=need_cw_clear_and_big_go cw_y=305 cw_cleared=False big_go_recent=False big_go_age=12.16s big_go={'cx': 15, 'cy': 87, 'area': 2610, 'score': 0.8399999737739563}[0m
[self_driving-10] [0m[INFO] [1782556778.001184317] [self_driving]: [PARK_APPROACH_WAIT] reason=need_cw_clear_and_big_go cw_y=305 cw_cleared=False big_go_recent=False big_go_age=12.23s big_go={'cx': 15, 'cy': 87, 'area': 2610, 'score': 0.8399999737739563}[0m
[self_driving-10] [0m[INFO] [1782556778.006728373] [self_driving]: [CROSSWALK_SLOW_DONE] return normal speed[0m
[self_driving-10] [0m[INFO] [1782556778.053814447] [self_driving]: [PARK_APPROACH_WAIT] reason=need_cw_clear_and_big_go cw_y=305 cw_cleared=False big_go_recent=False big_go_age=12.28s big_go={'cx': 15, 'cy': 87, 'area': 2610, 'score': 0.8399999737739563}[0m
[self_driving-10] [0m[INFO] [1782556778.127220910] [self_driving]: [PARK_APPROACH_WAIT] reason=need_cw_clear_and_big_go cw_y=305 cw_cleared=False big_go_recent=False big_go_age=12.36s big_go={'cx': 15, 'cy': 87, 'area': 2610, 'score': 0.8399999737739563}[0m
[self_driving-10] [0m[INFO] [1782556778.189057984] [self_driving]: [IMAGE] received count=1258 shape=(480, 640, 3) queue=0[0m
[self_driving-10] [0m[INFO] [1782556778.194576687] [self_driving]: [PARK_APPROACH_WAIT] reason=need_cw_clear_and_big_go cw_y=305 cw_cleared=False big_go_recent=False big_go_age=12.42s big_go={'cx': 15, 'cy': 87, 'area': 2610, 'score': 0.8399999737739563}[0m
[self_driving-10] [0m[INFO] [1782556778.259380317] [self_driving]: [PARK_APPROACH_WAIT] reason=need_cw_clear_and_big_go cw_y=305 cw_cleared=False big_go_recent=False big_go_age=12.49s big_go={'cx': 15, 'cy': 87, 'area': 2610, 'score': 0.8399999737739563}[0m
[self_driving-10] [0m[INFO] [1782556778.259951002] [self_driving]: [CROSSWALK_SLOW] y=305 th=180 confirm=4[0m
[self_driving-10] [0m[INFO] [1782556778.326949113] [self_driving]: [PARK_APPROACH_WAIT] reason=need_cw_clear_and_big_go cw_y=305 cw_cleared=False big_go_recent=False big_go_age=12.56s big_go={'cx': 15, 'cy': 87, 'area': 2610, 'score': 0.8399999737739563}[0m
[self_driving-10] [0m[INFO] [1782556778.327815854] [self_driving]: [DEBUG_DRIVE] state=LINE_FOLLOW raw_lane_x=-1 lane_x=-1 filter=lost linear=0.15 angular=0.00 cw_y=305 park_x=-1 park_approach=False park_fb_count=0 park_boot_go=0 right_done=True start_turn=False count_turn=2 traffic=None stop=False[0m
[self_driving-10] [0m[INFO] [1782556778.401125317] [self_driving]: [PARK_APPROACH_WAIT] reason=need_cw_clear_and_big_go cw_y=305 cw_cleared=False big_go_recent=False big_go_age=12.63s big_go={'cx': 15, 'cy': 87, 'area': 2610, 'score': 0.8399999737739563}[0m
[self_driving-10] [33m[WARN] [1782556778.402318002] [self_driving]: [LANE_LOST] raw_lane_x=-1 lane_x=-1 filter=lost stop=False state=LINE_FOLLOW safe_linear=0.00 right_ready=False right_done=True[0m
[self_driving-10] [0m[INFO] [1782556778.460102798] [self_driving]: [PARK_APPROACH_WAIT] reason=need_cw_clear_and_big_go cw_y=305 cw_cleared=False big_go_recent=False big_go_age=12.69s big_go={'cx': 15, 'cy': 87, 'area': 2610, 'score': 0.8399999737739563}[0m
[self_driving-10] [0m[INFO] [1782556778.520886076] [self_driving]: [PARK_APPROACH_WAIT] reason=need_cw_clear_and_big_go cw_y=305 cw_cleared=False big_go_recent=False big_go_age=12.75s big_go={'cx': 15, 'cy': 87, 'area': 2610, 'score': 0.8399999737739563}[0m
[self_driving-10] [0m[INFO] [1782556778.592597354] [self_driving]: [PARK_APPROACH_WAIT] reason=need_cw_clear_and_big_go cw_y=305 cw_cleared=False big_go_recent=False big_go_age=12.82s big_go={'cx': 15, 'cy': 87, 'area': 2610, 'score': 0.8399999737739563}[0m
[self_driving-10] [0m[INFO] [1782556778.664443817] [self_driving]: [PARK_APPROACH_WAIT] reason=need_cw_clear_and_big_go cw_y=305 cw_cleared=False big_go_recent=False big_go_age=12.89s big_go={'cx': 15, 'cy': 87, 'area': 2610, 'score': 0.8399999737739563}[0m
[self_driving-10] [0m[INFO] [1782556778.725049335] [self_driving]: [PARK_APPROACH_WAIT] reason=need_cw_clear_and_big_go cw_y=305 cw_cleared=False big_go_recent=False big_go_age=12.95s big_go={'cx': 15, 'cy': 87, 'area': 2610, 'score': 0.8399999737739563}[0m
[self_driving-10] [0m[INFO] [1782556778.803110150] [self_driving]: [PARK_APPROACH_WAIT] reason=need_cw_clear_and_big_go cw_y=305 cw_cleared=False big_go_recent=False big_go_age=13.03s big_go={'cx': 15, 'cy': 87, 'area': 2610, 'score': 0.8399999737739563}[0m
[self_driving-10] [0m[INFO] [1782556778.856885965] [self_driving]: [PARK_APPROACH_WAIT] reason=need_cw_clear_and_big_go cw_y=305 cw_cleared=False big_go_recent=False big_go_age=13.09s big_go={'cx': 15, 'cy': 87, 'area': 2610, 'score': 0.8399999737739563}[0m
[self_driving-10] [0m[INFO] [1782556778.858991391] [self_driving]: [DEBUG_DRIVE] state=LINE_FOLLOW raw_lane_x=-1 lane_x=-1 filter=lost linear=0.15 angular=0.00 cw_y=305 park_x=-1 park_approach=False park_fb_count=0 park_boot_go=0 right_done=True start_turn=False count_turn=2 traffic=None stop=False[0m
[self_driving-10] [0m[INFO] [1782556778.941298391] [self_driving]: [PARK_APPROACH_WAIT] reason=need_cw_clear_and_big_go cw_y=305 cw_cleared=False big_go_recent=False big_go_age=13.17s big_go={'cx': 15, 'cy': 87, 'area': 2610, 'score': 0.8399999737739563}[0m
[self_driving-10] [33m[WARN] [1782556778.942925687] [self_driving]: [LANE_LOST] raw_lane_x=-1 lane_x=-1 filter=lost stop=False state=LINE_FOLLOW safe_linear=0.00 right_ready=False right_done=True[0m
[self_driving-10] [0m[INFO] [1782556779.005862724] [self_driving]: [PARK_APPROACH_WAIT] reason=need_cw_clear_and_big_go cw_y=305 cw_cleared=False big_go_recent=False big_go_age=13.23s big_go={'cx': 15, 'cy': 87, 'area': 2610, 'score': 0.8399999737739563}[0m
[self_driving-10] [0m[INFO] [1782556779.072430594] [self_driving]: [PARK_APPROACH_WAIT] reason=need_cw_clear_and_big_go cw_y=305 cw_cleared=False big_go_recent=False big_go_age=13.30s big_go={'cx': 15, 'cy': 87, 'area': 2610, 'score': 0.8399999737739563}[0m
[self_driving-10] [0m[INFO] [1782556779.134615187] [self_driving]: [PARK_APPROACH_WAIT] reason=need_cw_clear_and_big_go cw_y=305 cw_cleared=False big_go_recent=False big_go_age=13.36s big_go={'cx': 15, 'cy': 87, 'area': 2610, 'score': 0.8399999737739563}[0m
[self_driving-10] [0m[INFO] [1782556779.213892298] [self_driving]: [PARK_APPROACH_WAIT] reason=need_cw_clear_and_big_go cw_y=305 cw_cleared=False big_go_recent=False big_go_age=13.44s big_go={'cx': 15, 'cy': 87, 'area': 2610, 'score': 0.8399999737739563}[0m
[self_driving-10] [0m[INFO] [1782556779.258017631] [self_driving]: [PARK_APPROACH_WAIT] reason=need_cw_clear_and_big_go cw_y=305 cw_cleared=False big_go_recent=False big_go_age=13.49s big_go={'cx': 15, 'cy': 87, 'area': 2610, 'score': 0.8399999737739563}[0m
[self_driving-10] [0m[INFO] [1782556779.361638464] [self_driving]: [PARK_APPROACH_WAIT] reason=need_cw_clear_and_big_go cw_y=305 cw_cleared=False big_go_recent=False big_go_age=13.59s big_go={'cx': 15, 'cy': 87, 'area': 2610, 'score': 0.8399999737739563}[0m
[self_driving-10] [0m[INFO] [1782556779.363719205] [self_driving]: [DEBUG_DRIVE] state=LINE_FOLLOW raw_lane_x=-1 lane_x=-1 filter=lost linear=0.15 angular=0.00 cw_y=305 park_x=-1 park_approach=False park_fb_count=0 park_boot_go=0 right_done=True start_turn=False count_turn=2 traffic=None stop=False[0m
[self_driving-10] [0m[INFO] [1782556779.398431631] [self_driving]: [PARK_APPROACH_WAIT] reason=need_cw_clear_and_big_go cw_y=305 cw_cleared=False big_go_recent=False big_go_age=13.63s big_go={'cx': 15, 'cy': 87, 'area': 2610, 'score': 0.8399999737739563}[0m
[self_driving-10] [0m[INFO] [1782556779.468684927] [self_driving]: [PARK_APPROACH_WAIT] reason=need_cw_clear_and_big_go cw_y=305 cw_cleared=False big_go_recent=False big_go_age=13.70s big_go={'cx': 15, 'cy': 87, 'area': 2610, 'score': 0.8399999737739563}[0m
[self_driving-10] [33m[WARN] [1782556779.469430446] [self_driving]: [LANE_LOST] raw_lane_x=-1 lane_x=-1 filter=lost stop=False state=LINE_FOLLOW safe_linear=0.00 right_ready=False right_done=True[0m
[self_driving-10] [0m[INFO] [1782556779.524911964] [self_driving]: [PARK_APPROACH_WAIT] reason=need_cw_clear_and_big_go cw_y=305 cw_cleared=False big_go_recent=False big_go_age=13.75s big_go={'cx': 15, 'cy': 87, 'area': 2610, 'score': 0.8399999737739563}[0m
[self_driving-10] [0m[INFO] [1782556779.607249298] [self_driving]: [PARK_APPROACH_WAIT] reason=need_cw_clear_and_big_go cw_y=305 cw_cleared=False big_go_recent=False big_go_age=13.84s big_go={'cx': 15, 'cy': 87, 'area': 2610, 'score': 0.8399999737739563}[0m
[self_driving-10] [0m[INFO] [1782556779.687552038] [self_driving]: [PARK_APPROACH_WAIT] reason=need_cw_clear_and_big_go cw_y=305 cw_cleared=False big_go_recent=False big_go_age=13.92s big_go={'cx': 15, 'cy': 87, 'area': 2610, 'score': 0.8399999737739563}[0m
[self_driving-10] [0m[INFO] [1782556779.733073409] [self_driving]: [PARK_APPROACH_WAIT] reason=need_cw_clear_and_big_go cw_y=305 cw_cleared=False big_go_recent=False big_go_age=13.96s big_go={'cx': 15, 'cy': 87, 'area': 2610, 'score': 0.8399999737739563}[0m
[self_driving-10] [0m[INFO] [1782556779.820233372] [self_driving]: [PARK_APPROACH_WAIT] reason=need_cw_clear_and_big_go cw_y=305 cw_cleared=False big_go_recent=False big_go_age=14.05s big_go={'cx': 15, 'cy': 87, 'area': 2610, 'score': 0.8399999737739563}[0m
[self_driving-10] [0m[INFO] [1782556779.875146057] [self_driving]: [PARK_APPROACH_WAIT] reason=need_cw_clear_and_big_go cw_y=305 cw_cleared=False big_go_recent=False big_go_age=14.10s big_go={'cx': 15, 'cy': 87, 'area': 2610, 'score': 0.8399999737739563}[0m
[self_driving-10] [0m[INFO] [1782556779.877771297] [self_driving]: [DEBUG_DRIVE] state=LINE_FOLLOW raw_lane_x=-1 lane_x=-1 filter=lost linear=0.15 angular=0.00 cw_y=305 park_x=-1 park_approach=False park_fb_count=0 park_boot_go=0 right_done=True start_turn=False count_turn=2 traffic=None stop=False[0m
[self_driving-10] [0m[INFO] [1782556779.939961353] [self_driving]: [PARK_APPROACH_WAIT] reason=need_cw_clear_and_big_go cw_y=305 cw_cleared=False big_go_recent=False big_go_age=14.17s big_go={'cx': 15, 'cy': 87, 'area': 2610, 'score': 0.8399999737739563}[0m
[self_driving-10] [0m[INFO] [1782556780.011933446] [self_driving]: [PARK_APPROACH_WAIT] reason=need_cw_clear_and_big_go cw_y=305 cw_cleared=False big_go_recent=False big_go_age=14.24s big_go={'cx': 15, 'cy': 87, 'area': 2610, 'score': 0.8399999737739563}[0m
[self_driving-10] [33m[WARN] [1782556780.017646149] [self_driving]: [LANE_LOST] raw_lane_x=-1 lane_x=-1 filter=lost stop=False state=LINE_FOLLOW safe_linear=0.00 right_ready=False right_done=True[0m
[self_driving-10] [0m[INFO] [1782556780.078616316] [self_driving]: [PARK_APPROACH_WAIT] reason=need_cw_clear_and_big_go cw_y=305 cw_cleared=False big_go_recent=False big_go_age=14.31s big_go={'cx': 15, 'cy': 87, 'area': 2610, 'score': 0.8399999737739563}[0m
[self_driving-10] [0m[INFO] [1782556780.150955427] [self_driving]: [PARK_APPROACH_WAIT] reason=need_cw_clear_and_big_go cw_y=305 cw_cleared=False big_go_recent=False big_go_age=14.38s big_go={'cx': 15, 'cy': 87, 'area': 2610, 'score': 0.8399999737739563}[0m
[self_driving-10] [0m[INFO] [1782556780.202335501] [self_driving]: [IMAGE] received count=1288 shape=(480, 640, 3) queue=0[0m
[self_driving-10] [0m[INFO] [1782556780.210207094] [self_driving]: [PARK_APPROACH_WAIT] reason=need_cw_clear_and_big_go cw_y=305 cw_cleared=False big_go_recent=False big_go_age=14.44s big_go={'cx': 15, 'cy': 87, 'area': 2610, 'score': 0.8399999737739563}[0m
[self_driving-10] [0m[INFO] [1782556780.283771890] [self_driving]: [PARK_APPROACH_WAIT] reason=need_cw_clear_and_big_go cw_y=305 cw_cleared=False big_go_recent=False big_go_age=14.51s big_go={'cx': 15, 'cy': 87, 'area': 2610, 'score': 0.8399999737739563}[0m
[self_driving-10] [0m[INFO] [1782556780.347269427] [self_driving]: [PARK_APPROACH_WAIT] reason=need_cw_clear_and_big_go cw_y=305 cw_cleared=False big_go_recent=False big_go_age=14.58s big_go={'cx': 15, 'cy': 87, 'area': 2610, 'score': 0.8399999737739563}[0m
[self_driving-10] [0m[INFO] [1782556780.417520223] [self_driving]: [PARK_APPROACH_WAIT] reason=need_cw_clear_and_big_go cw_y=305 cw_cleared=False big_go_recent=False big_go_age=14.65s big_go={'cx': 15, 'cy': 87, 'area': 2610, 'score': 0.8399999737739563}[0m
[self_driving-10] [0m[INFO] [1782556780.418461390] [self_driving]: [DEBUG_DRIVE] state=LINE_FOLLOW raw_lane_x=-1 lane_x=-1 filter=lost linear=0.15 angular=0.00 cw_y=305 park_x=-1 park_approach=False park_fb_count=0 park_boot_go=0 right_done=True start_turn=False count_turn=2 traffic=None stop=False[0m
[self_driving-10] [0m[INFO] [1782556780.479469371] [self_driving]: [PARK_APPROACH_WAIT] reason=need_cw_clear_and_big_go cw_y=305 cw_cleared=False big_go_recent=False big_go_age=14.71s big_go={'cx': 15, 'cy': 87, 'area': 2610, 'score': 0.8399999737739563}[0m
[self_driving-10] [0m[INFO] [1782556780.546642779] [self_driving]: [PARK_APPROACH_WAIT] reason=need_cw_clear_and_big_go cw_y=305 cw_cleared=False big_go_recent=False big_go_age=14.78s big_go={'cx': 15, 'cy': 87, 'area': 2610, 'score': 0.8399999737739563}[0m
[self_driving-10] [33m[WARN] [1782556780.547978149] [self_driving]: [LANE_LOST] raw_lane_x=-1 lane_x=-1 filter=lost stop=False state=LINE_FOLLOW safe_linear=0.00 right_ready=False right_done=True[0m
[self_driving-10] [0m[INFO] [1782556780.614094890] [self_driving]: [PARK_APPROACH_WAIT] reason=need_cw_clear_and_big_go cw_y=305 cw_cleared=False big_go_recent=False big_go_age=14.84s big_go={'cx': 15, 'cy': 87, 'area': 2610, 'score': 0.8399999737739563}[0m
[self_driving-10] [0m[INFO] [1782556780.667639760] [self_driving]: [PARK_APPROACH_WAIT] reason=need_cw_clear_and_big_go cw_y=305 cw_cleared=False big_go_recent=False big_go_age=14.90s big_go={'cx': 15, 'cy': 87, 'area': 2610, 'score': 0.8399999737739563}[0m
[self_driving-10] [0m[INFO] [1782556780.767660871] [self_driving]: [PARK_APPROACH_WAIT] reason=need_cw_clear_and_big_go cw_y=305 cw_cleared=False big_go_recent=False big_go_age=15.00s big_go={'cx': 15, 'cy': 87, 'area': 2610, 'score': 0.8399999737739563}[0m
[self_driving-10] [0m[INFO] [1782556780.823486704] [self_driving]: [PARK_APPROACH_WAIT] reason=need_cw_clear_and_big_go cw_y=305 cw_cleared=False big_go_recent=False big_go_age=15.05s big_go={'cx': 15, 'cy': 87, 'area': 2610, 'score': 0.8399999737739563}[0m
[self_driving-10] [0m[INFO] [1782556780.880875501] [self_driving]: [PARK_APPROACH_WAIT] reason=need_cw_clear_and_big_go cw_y=305 cw_cleared=False big_go_recent=False big_go_age=15.11s big_go={'cx': 15, 'cy': 87, 'area': 2610, 'score': 0.8399999737739563}[0m
[self_driving-10] [0m[INFO] [1782556780.938146297] [self_driving]: [PARK_APPROACH_WAIT] reason=need_cw_clear_and_big_go cw_y=305 cw_cleared=False big_go_recent=False big_go_age=15.17s big_go={'cx': 15, 'cy': 87, 'area': 2610, 'score': 0.8399999737739563}[0m
[self_driving-10] [0m[INFO] [1782556780.938668186] [self_driving]: [CROSSWALK_SLOW_DONE] return normal speed[0m
[self_driving-10] [0m[INFO] [1782556780.939231130] [self_driving]: [DEBUG_DRIVE] state=LINE_FOLLOW raw_lane_x=-1 lane_x=-1 filter=lost linear=0.15 angular=0.00 cw_y=305 park_x=-1 park_approach=False park_fb_count=0 park_boot_go=0 right_done=True start_turn=False count_turn=2 traffic=None stop=False[0m
[self_driving-10] [0m[INFO] [1782556781.005326778] [self_driving]: [PARK_APPROACH_WAIT] reason=need_cw_clear_and_big_go cw_y=305 cw_cleared=False big_go_recent=False big_go_age=15.23s big_go={'cx': 15, 'cy': 87, 'area': 2610, 'score': 0.8399999737739563}[0m
[self_driving-10] [0m[INFO] [1782556781.091071482] [self_driving]: [PARK_APPROACH_WAIT] reason=need_cw_clear_and_big_go cw_y=305 cw_cleared=False big_go_recent=False big_go_age=15.32s big_go={'cx': 15, 'cy': 87, 'area': 2610, 'score': 0.8399999737739563}[0m
[self_driving-10] [33m[WARN] [1782556781.094394945] [self_driving]: [LANE_LOST] raw_lane_x=-1 lane_x=-1 filter=lost stop=False state=LINE_FOLLOW safe_linear=0.00 right_ready=False right_done=True[0m
[self_driving-10] [0m[INFO] [1782556781.164404186] [self_driving]: [PARK_APPROACH_WAIT] reason=need_cw_clear_and_big_go cw_y=305 cw_cleared=False big_go_recent=False big_go_age=15.39s big_go={'cx': 15, 'cy': 87, 'area': 2610, 'score': 0.8399999737739563}[0m
[self_driving-10] [0m[INFO] [1782556781.206905889] [self_driving]: [PARK_APPROACH_WAIT] reason=need_cw_clear_and_big_go cw_y=305 cw_cleared=False big_go_recent=False big_go_age=15.44s big_go={'cx': 15, 'cy': 87, 'area': 2610, 'score': 0.8399999737739563}[0m
[self_driving-10] [0m[INFO] [1782556781.208706260] [self_driving]: [CROSSWALK_SLOW] y=305 th=180 confirm=4[0m
[self_driving-10] [0m[INFO] [1782556781.290527908] [self_driving]: [PARK_APPROACH_WAIT] reason=need_cw_clear_and_big_go cw_y=305 cw_cleared=False big_go_recent=False big_go_age=15.52s big_go={'cx': 15, 'cy': 87, 'area': 2610, 'score': 0.8399999737739563}[0m
[self_driving-10] [0m[INFO] [1782556781.355838130] [self_driving]: [PARK_APPROACH_WAIT] reason=need_cw_clear_and_big_go cw_y=305 cw_cleared=False big_go_recent=False big_go_age=15.59s big_go={'cx': 15, 'cy': 87, 'area': 2610, 'score': 0.8399999737739563}[0m
[self_driving-10] [0m[INFO] [1782556781.406332519] [self_driving]: [PARK_APPROACH_WAIT] reason=need_cw_clear_and_big_go cw_y=305 cw_cleared=False big_go_recent=False big_go_age=15.64s big_go={'cx': 15, 'cy': 87, 'area': 2610, 'score': 0.8399999737739563}[0m
[self_driving-10] [0m[INFO] [1782556781.488119259] [self_driving]: [PARK_APPROACH_WAIT] reason=need_cw_clear_and_big_go cw_y=305 cw_cleared=False big_go_recent=False big_go_age=15.72s big_go={'cx': 15, 'cy': 87, 'area': 2610, 'score': 0.8399999737739563}[0m
[self_driving-10] [0m[INFO] [1782556781.489567648] [self_driving]: [DEBUG_DRIVE] state=LINE_FOLLOW raw_lane_x=-1 lane_x=-1 filter=lost linear=0.15 angular=0.00 cw_y=305 park_x=-1 park_approach=False park_fb_count=0 park_boot_go=0 right_done=True start_turn=False count_turn=2 traffic=None stop=False[0m
[self_driving-10] [0m[INFO] [1782556781.562792871] [self_driving]: [PARK_APPROACH_WAIT] reason=need_cw_clear_and_big_go cw_y=305 cw_cleared=False big_go_recent=False big_go_age=15.79s big_go={'cx': 15, 'cy': 87, 'area': 2610, 'score': 0.8399999737739563}[0m
[self_driving-10] [0m[INFO] [1782556781.624230093] [self_driving]: [PARK_APPROACH_WAIT] reason=need_cw_clear_and_big_go cw_y=305 cw_cleared=False big_go_recent=False big_go_age=15.85s big_go={'cx': 15, 'cy': 87, 'area': 2610, 'score': 0.8399999737739563}[0m
[self_driving-10] [33m[WARN] [1782556781.625060111] [self_driving]: [LANE_LOST] raw_lane_x=-1 lane_x=-1 filter=lost stop=False state=LINE_FOLLOW safe_linear=0.00 right_ready=False right_done=True[0m
[self_driving-10] [0m[INFO] [1782556781.699880556] [self_driving]: [PARK_APPROACH_WAIT] reason=need_cw_clear_and_big_go cw_y=305 cw_cleared=False big_go_recent=False big_go_age=15.93s big_go={'cx': 15, 'cy': 87, 'area': 2610, 'score': 0.8399999737739563}[0m
[self_driving-10] [0m[INFO] [1782556781.742617056] [self_driving]: [PARK_APPROACH_WAIT] reason=need_cw_clear_and_big_go cw_y=305 cw_cleared=False big_go_recent=False big_go_age=15.97s big_go={'cx': 15, 'cy': 87, 'area': 2610, 'score': 0.8399999737739563}[0m
[self_driving-10] [0m[INFO] [1782556781.837246370] [self_driving]: [PARK_APPROACH_WAIT] reason=need_cw_clear_and_big_go cw_y=305 cw_cleared=False big_go_recent=False big_go_age=16.06s big_go={'cx': 15, 'cy': 87, 'area': 2610, 'score': 0.8399999737739563}[0m
[self_driving-10] [0m[INFO] [1782556781.900566556] [self_driving]: [PARK_APPROACH_WAIT] reason=need_cw_clear_and_big_go cw_y=305 cw_cleared=False big_go_recent=False big_go_age=16.13s big_go={'cx': 15, 'cy': 87, 'area': 2610, 'score': 0.8399999737739563}[0m
[self_driving-10] [0m[INFO] [1782556781.953112611] [self_driving]: [PARK_APPROACH_WAIT] reason=need_cw_clear_and_big_go cw_y=305 cw_cleared=False big_go_recent=False big_go_age=16.18s big_go={'cx': 15, 'cy': 87, 'area': 2610, 'score': 0.8399999737739563}[0m
[self_driving-10] [0m[INFO] [1782556782.031180407] [self_driving]: [PARK_APPROACH_WAIT] reason=need_cw_clear_and_big_go cw_y=305 cw_cleared=False big_go_recent=False big_go_age=16.26s big_go={'cx': 15, 'cy': 87, 'area': 2610, 'score': 0.8399999737739563}[0m
[self_driving-10] [0m[INFO] [1782556782.036780555] [self_driving]: [DEBUG_DRIVE] state=LINE_FOLLOW raw_lane_x=-1 lane_x=-1 filter=lost linear=0.15 angular=0.00 cw_y=305 park_x=-1 park_approach=False park_fb_count=0 park_boot_go=0 right_done=True start_turn=False count_turn=2 traffic=None stop=False[0m
[self_driving-10] [0m[INFO] [1782556782.089646592] [self_driving]: [PARK_APPROACH_WAIT] reason=need_cw_clear_and_big_go cw_y=305 cw_cleared=False big_go_recent=False big_go_age=16.32s big_go={'cx': 15, 'cy': 87, 'area': 2610, 'score': 0.8399999737739563}[0m
[self_driving-10] [0m[INFO] [1782556782.169585537] [self_driving]: [PARK_APPROACH_WAIT] reason=need_cw_clear_and_big_go cw_y=305 cw_cleared=False big_go_recent=False big_go_age=16.40s big_go={'cx': 15, 'cy': 87, 'area': 2610, 'score': 0.8399999737739563}[0m
[self_driving-10] [33m[WARN] [1782556782.174187018] [self_driving]: [LANE_LOST] raw_lane_x=-1 lane_x=-1 filter=lost stop=False state=LINE_FOLLOW safe_linear=0.00 right_ready=False right_done=True[0m
[self_driving-10] [0m[INFO] [1782556782.214054389] [self_driving]: [IMAGE] received count=1318 shape=(480, 640, 3) queue=0[0m
[self_driving-10] [0m[INFO] [1782556782.221888926] [self_driving]: [PARK_APPROACH_WAIT] reason=need_cw_clear_and_big_go cw_y=305 cw_cleared=False big_go_recent=False big_go_age=16.45s big_go={'cx': 15, 'cy': 87, 'area': 2610, 'score': 0.8399999737739563}[0m
[self_driving-10] [0m[INFO] [1782556782.290523463] [self_driving]: [PARK_APPROACH_WAIT] reason=need_cw_clear_and_big_go cw_y=305 cw_cleared=False big_go_recent=False big_go_age=16.52s big_go={'cx': 15, 'cy': 87, 'area': 2610, 'score': 0.8399999737739563}[0m
[self_driving-10] [0m[INFO] [1782556782.360673129] [self_driving]: [PARK_APPROACH_WAIT] reason=need_cw_clear_and_big_go cw_y=305 cw_cleared=False big_go_recent=False big_go_age=16.59s big_go={'cx': 15, 'cy': 87, 'area': 2610, 'score': 0.8399999737739563}[0m
[self_driving-10] [0m[INFO] [1782556782.428204352] [self_driving]: [PARK_APPROACH_WAIT] reason=need_cw_clear_and_big_go cw_y=305 cw_cleared=False big_go_recent=False big_go_age=16.66s big_go={'cx': 15, 'cy': 87, 'area': 2610, 'score': 0.8399999737739563}[0m
[self_driving-10] [0m[INFO] [1782556782.483329963] [self_driving]: [PARK_APPROACH_WAIT] reason=need_cw_clear_and_big_go cw_y=305 cw_cleared=False big_go_recent=False big_go_age=16.71s big_go={'cx': 15, 'cy': 87, 'area': 2610, 'score': 0.8399999737739563}[0m
[self_driving-10] [0m[INFO] [1782556782.550553259] [self_driving]: [PARK_APPROACH_WAIT] reason=need_cw_clear_and_big_go cw_y=305 cw_cleared=False big_go_recent=False big_go_age=16.78s big_go={'cx': 15, 'cy': 87, 'area': 2610, 'score': 0.8399999737739563}[0m
[self_driving-10] [0m[INFO] [1782556782.551529148] [self_driving]: [DEBUG_DRIVE] state=LINE_FOLLOW raw_lane_x=-1 lane_x=-1 filter=lost linear=0.15 angular=0.00 cw_y=305 park_x=-1 park_approach=False park_fb_count=0 park_boot_go=0 right_done=True start_turn=False count_turn=2 traffic=None stop=False[0m
[self_driving-10] [0m[INFO] [1782556782.620171259] [self_driving]: [PARK_APPROACH_WAIT] reason=need_cw_clear_and_big_go cw_y=305 cw_cleared=False big_go_recent=False big_go_age=16.85s big_go={'cx': 15, 'cy': 87, 'area': 2610, 'score': 0.8399999737739563}[0m
[self_driving-10] [0m[INFO] [1782556782.694024388] [self_driving]: [PARK_APPROACH_WAIT] reason=need_cw_clear_and_big_go cw_y=305 cw_cleared=False big_go_recent=False big_go_age=16.92s big_go={'cx': 15, 'cy': 87, 'area': 2610, 'score': 0.8399999737739563}[0m
[self_driving-10] [33m[WARN] [1782556782.695794259] [self_driving]: [LANE_LOST] raw_lane_x=-1 lane_x=-1 filter=lost stop=False state=LINE_FOLLOW safe_linear=0.00 right_ready=False right_done=True[0m
[self_driving-10] [0m[INFO] [1782556782.756572111] [self_driving]: [PARK_APPROACH_WAIT] reason=need_cw_clear_and_big_go cw_y=305 cw_cleared=False big_go_recent=False big_go_age=16.99s big_go={'cx': 15, 'cy': 87, 'area': 2610, 'score': 0.8399999737739563}[0m
[self_driving-10] [0m[INFO] [1782556782.843620407] [self_driving]: [PARK_APPROACH_WAIT] reason=need_cw_clear_and_big_go cw_y=305 cw_cleared=False big_go_recent=False big_go_age=17.07s big_go={'cx': 15, 'cy': 87, 'area': 2610, 'score': 0.8399999737739563}[0m
[self_driving-10] [0m[INFO] [1782556782.916079296] [self_driving]: [PARK_APPROACH_WAIT] reason=need_cw_clear_and_big_go cw_y=305 cw_cleared=False big_go_recent=False big_go_age=17.14s big_go={'cx': 15, 'cy': 87, 'area': 2610, 'score': 0.8399999737739563}[0m
[self_driving-10] [0m[INFO] [1782556782.969881185] [self_driving]: [PARK_APPROACH_WAIT] reason=need_cw_clear_and_big_go cw_y=305 cw_cleared=False big_go_recent=False big_go_age=17.20s big_go={'cx': 15, 'cy': 87, 'area': 2610, 'score': 0.8399999737739563}[0m
[self_driving-10] [0m[INFO] [1782556783.039523351] [self_driving]: [PARK_APPROACH_WAIT] reason=need_cw_clear_and_big_go cw_y=305 cw_cleared=False big_go_recent=False big_go_age=17.27s big_go={'cx': 15, 'cy': 87, 'area': 2610, 'score': 0.8399999737739563}[0m
[self_driving-10] [0m[INFO] [1782556783.087640481] [self_driving]: [PARK_APPROACH_WAIT] reason=need_cw_clear_and_big_go cw_y=305 cw_cleared=False big_go_recent=False big_go_age=17.32s big_go={'cx': 15, 'cy': 87, 'area': 2610, 'score': 0.8399999737739563}[0m
[self_driving-10] [0m[INFO] [1782556783.089323407] [self_driving]: [DEBUG_DRIVE] state=LINE_FOLLOW raw_lane_x=-1 lane_x=-1 filter=lost linear=0.15 angular=0.00 cw_y=305 park_x=-1 park_approach=False park_fb_count=0 park_boot_go=0 right_done=True start_turn=False count_turn=2 traffic=None stop=False[0m
[self_driving-10] [0m[INFO] [1782556783.170606221] [self_driving]: [PARK_APPROACH_WAIT] reason=need_cw_clear_and_big_go cw_y=305 cw_cleared=False big_go_recent=False big_go_age=17.40s big_go={'cx': 15, 'cy': 87, 'area': 2610, 'score': 0.8399999737739563}[0m
[self_driving-10] [0m[INFO] [1782556783.260179536] [self_driving]: [PARK_APPROACH_WAIT] reason=need_cw_clear_and_big_go cw_y=305 cw_cleared=False big_go_recent=False big_go_age=17.49s big_go={'cx': 15, 'cy': 87, 'area': 2610, 'score': 0.8399999737739563}[0m
[self_driving-10] [33m[WARN] [1782556783.262764721] [self_driving]: [LANE_LOST] raw_lane_x=-1 lane_x=-1 filter=lost stop=False state=LINE_FOLLOW safe_linear=0.00 right_ready=False right_done=True[0m
[self_driving-10] [0m[INFO] [1782556783.295646036] [self_driving]: [PARK_APPROACH_WAIT] reason=need_cw_clear_and_big_go cw_y=305 cw_cleared=False big_go_recent=False big_go_age=17.52s big_go={'cx': 15, 'cy': 87, 'area': 2610, 'score': 0.8399999737739563}[0m
[self_driving-10] [0m[INFO] [1782556783.360744481] [self_driving]: [PARK_APPROACH_WAIT] reason=need_cw_clear_and_big_go cw_y=305 cw_cleared=False big_go_recent=False big_go_age=17.59s big_go={'cx': 15, 'cy': 87, 'area': 2610, 'score': 0.8399999737739563}[0m
[self_driving-10] [0m[INFO] [1782556783.428529166] [self_driving]: [PARK_APPROACH_WAIT] reason=need_cw_clear_and_big_go cw_y=305 cw_cleared=False big_go_recent=False big_go_age=17.66s big_go={'cx': 15, 'cy': 87, 'area': 2610, 'score': 0.8399999737739563}[0m
[self_driving-10] [0m[INFO] [1782556783.497411092] [self_driving]: [PARK_APPROACH_WAIT] reason=need_cw_clear_and_big_go cw_y=305 cw_cleared=False big_go_recent=False big_go_age=17.73s big_go={'cx': 15, 'cy': 87, 'area': 2610, 'score': 0.8399999737739563}[0m
[self_driving-10] [0m[INFO] [1782556783.568000814] [self_driving]: [PARK_APPROACH_WAIT] reason=need_cw_clear_and_big_go cw_y=305 cw_cleared=False big_go_recent=False big_go_age=17.80s big_go={'cx': 15, 'cy': 87, 'area': 2610, 'score': 0.8399999737739563}[0m
[self_driving-10] [0m[INFO] [1782556783.636189017] [self_driving]: [PARK_APPROACH_WAIT] reason=need_cw_clear_and_big_go cw_y=305 cw_cleared=False big_go_recent=False big_go_age=17.87s big_go={'cx': 15, 'cy': 87, 'area': 2610, 'score': 0.8399999737739563}[0m
[self_driving-10] [0m[INFO] [1782556783.638956443] [self_driving]: [DEBUG_DRIVE] state=LINE_FOLLOW raw_lane_x=-1 lane_x=-1 filter=lost linear=0.15 angular=0.00 cw_y=305 park_x=-1 park_approach=False park_fb_count=0 park_boot_go=0 right_done=True start_turn=False count_turn=2 traffic=None stop=False[0m
[self_driving-10] [0m[INFO] [1782556783.710889036] [self_driving]: [PARK_APPROACH_WAIT] reason=need_cw_clear_and_big_go cw_y=305 cw_cleared=False big_go_recent=False big_go_age=17.94s big_go={'cx': 15, 'cy': 87, 'area': 2610, 'score': 0.8399999737739563}[0m
[self_driving-10] [0m[INFO] [1782556783.772423554] [self_driving]: [PARK_APPROACH_WAIT] reason=need_cw_clear_and_big_go cw_y=305 cw_cleared=False big_go_recent=False big_go_age=18.00s big_go={'cx': 15, 'cy': 87, 'area': 2610, 'score': 0.8399999737739563}[0m
[self_driving-10] [33m[WARN] [1782556783.773316851] [self_driving]: [LANE_LOST] raw_lane_x=-1 lane_x=-1 filter=lost stop=False state=LINE_FOLLOW safe_linear=0.00 right_ready=False right_done=True[0m
[self_driving-10] [0m[INFO] [1782556783.831563610] [self_driving]: [PARK_APPROACH_WAIT] reason=need_cw_clear_and_big_go cw_y=305 cw_cleared=False big_go_recent=False big_go_age=18.06s big_go={'cx': 15, 'cy': 87, 'area': 2610, 'score': 0.8399999737739563}[0m
[self_driving-10] [0m[INFO] [1782556783.906544147] [self_driving]: [PARK_APPROACH_WAIT] reason=need_cw_clear_and_big_go cw_y=305 cw_cleared=False big_go_recent=False big_go_age=18.14s big_go={'cx': 15, 'cy': 87, 'area': 2610, 'score': 0.8399999737739563}[0m
[self_driving-10] [0m[INFO] [1782556783.907181017] [self_driving]: [CROSSWALK_SLOW_DONE] return normal speed[0m
[self_driving-10] [0m[INFO] [1782556783.979133628] [self_driving]: [PARK_APPROACH_WAIT] reason=need_cw_clear_and_big_go cw_y=305 cw_cleared=False big_go_recent=False big_go_age=18.21s big_go={'cx': 15, 'cy': 87, 'area': 2610, 'score': 0.8399999737739563}[0m
[self_driving-10] [0m[INFO] [1782556784.040924276] [self_driving]: [PARK_APPROACH_WAIT] reason=need_cw_clear_and_big_go cw_y=305 cw_cleared=False big_go_recent=False big_go_age=18.27s big_go={'cx': 15, 'cy': 87, 'area': 2610, 'score': 0.8399999737739563}[0m
[self_driving-10] [0m[INFO] [1782556784.096676702] [self_driving]: [PARK_APPROACH_WAIT] reason=need_cw_clear_and_big_go cw_y=305 cw_cleared=False big_go_recent=False big_go_age=18.33s big_go={'cx': 15, 'cy': 87, 'area': 2610, 'score': 0.8399999737739563}[0m
[self_driving-10] [0m[INFO] [1782556784.180503610] [self_driving]: [PARK_APPROACH_WAIT] reason=need_cw_clear_and_big_go cw_y=305 cw_cleared=False big_go_recent=False big_go_age=18.41s big_go={'cx': 15, 'cy': 87, 'area': 2610, 'score': 0.8399999737739563}[0m
[self_driving-10] [0m[INFO] [1782556784.182988036] [self_driving]: [CROSSWALK_SLOW] y=305 th=180 confirm=4[0m
[self_driving-10] [0m[INFO] [1782556784.185797147] [self_driving]: [DEBUG_DRIVE] state=LINE_FOLLOW raw_lane_x=-1 lane_x=-1 filter=lost linear=0.15 angular=0.00 cw_y=305 park_x=-1 park_approach=False park_fb_count=0 park_boot_go=0 right_done=True start_turn=False count_turn=2 traffic=None stop=False[0m
[self_driving-10] [0m[INFO] [1782556784.228241462] [self_driving]: [IMAGE] received count=1348 shape=(480, 640, 3) queue=0[0m
[self_driving-10] [0m[INFO] [1782556784.237062239] [self_driving]: [PARK_APPROACH_WAIT] reason=need_cw_clear_and_big_go cw_y=305 cw_cleared=False big_go_recent=False big_go_age=18.47s big_go={'cx': 15, 'cy': 87, 'area': 2610, 'score': 0.8399999737739563}[0m
[self_driving-10] [0m[INFO] [1782556784.317043665] [self_driving]: [PARK_APPROACH_WAIT] reason=need_cw_clear_and_big_go cw_y=305 cw_cleared=False big_go_recent=False big_go_age=18.55s big_go={'cx': 15, 'cy': 87, 'area': 2610, 'score': 0.8399999737739563}[0m
[self_driving-10] [33m[WARN] [1782556784.320291017] [self_driving]: [LANE_LOST] raw_lane_x=-1 lane_x=-1 filter=lost stop=False state=LINE_FOLLOW safe_linear=0.00 right_ready=False right_done=True[0m
[self_driving-10] [0m[INFO] [1782556784.378178850] [self_driving]: [PARK_APPROACH_WAIT] reason=need_cw_clear_and_big_go cw_y=305 cw_cleared=False big_go_recent=False big_go_age=18.61s big_go={'cx': 15, 'cy': 87, 'area': 2610, 'score': 0.8399999737739563}[0m
[self_driving-10] [0m[INFO] [1782556784.447253554] [self_driving]: [PARK_APPROACH_WAIT] reason=need_cw_clear_and_big_go cw_y=305 cw_cleared=False big_go_recent=False big_go_age=18.68s big_go={'cx': 15, 'cy': 87, 'area': 2610, 'score': 0.8399999737739563}[0m
[self_driving-10] [0m[INFO] [1782556784.511788591] [self_driving]: [PARK_APPROACH_WAIT] reason=need_cw_clear_and_big_go cw_y=305 cw_cleared=False big_go_recent=False big_go_age=18.74s big_go={'cx': 15, 'cy': 87, 'area': 2610, 'score': 0.8399999737739563}[0m
[self_driving-10] [0m[INFO] [1782556784.575217461] [self_driving]: [PARK_APPROACH_WAIT] reason=need_cw_clear_and_big_go cw_y=305 cw_cleared=False big_go_recent=False big_go_age=18.80s big_go={'cx': 15, 'cy': 87, 'area': 2610, 'score': 0.8399999737739563}[0m
[self_driving-10] [0m[INFO] [1782556784.661492332] [self_driving]: [PARK_APPROACH_WAIT] reason=need_cw_clear_and_big_go cw_y=305 cw_cleared=False big_go_recent=False big_go_age=18.89s big_go={'cx': 15, 'cy': 87, 'area': 2610, 'score': 0.8399999737739563}[0m
[self_driving-10] [0m[INFO] [1782556784.717300109] [self_driving]: [PARK_APPROACH_WAIT] reason=need_cw_clear_and_big_go cw_y=305 cw_cleared=False big_go_recent=False big_go_age=18.95s big_go={'cx': 15, 'cy': 87, 'area': 2610, 'score': 0.8399999737739563}[0m
[self_driving-10] [0m[INFO] [1782556784.718106350] [self_driving]: [DEBUG_DRIVE] state=LINE_FOLLOW raw_lane_x=-1 lane_x=-1 filter=lost linear=0.15 angular=0.00 cw_y=305 park_x=-1 park_approach=False park_fb_count=0 park_boot_go=0 right_done=True start_turn=False count_turn=2 traffic=None stop=False[0m
[self_driving-10] [0m[INFO] [1782556784.777063720] [self_driving]: [PARK_APPROACH_WAIT] reason=need_cw_clear_and_big_go cw_y=305 cw_cleared=False big_go_recent=False big_go_age=19.01s big_go={'cx': 15, 'cy': 87, 'area': 2610, 'score': 0.8399999737739563}[0m
[self_driving-10] [0m[INFO] [1782556784.843836257] [self_driving]: [PARK_APPROACH_WAIT] reason=need_cw_clear_and_big_go cw_y=305 cw_cleared=False big_go_recent=False big_go_age=19.07s big_go={'cx': 15, 'cy': 87, 'area': 2610, 'score': 0.8399999737739563}[0m
[self_driving-10] [33m[WARN] [1782556784.850336517] [self_driving]: [LANE_LOST] raw_lane_x=-1 lane_x=-1 filter=lost stop=False state=LINE_FOLLOW safe_linear=0.00 right_ready=False right_done=True[0m
[self_driving-10] [0m[INFO] [1782556784.915099517] [self_driving]: [PARK_APPROACH_WAIT] reason=need_cw_clear_and_big_go cw_y=305 cw_cleared=False big_go_recent=False big_go_age=19.14s big_go={'cx': 15, 'cy': 87, 'area': 2610, 'score': 0.8399999737739563}[0m
[self_driving-10] [0m[INFO] [1782556784.978826035] [self_driving]: [PARK_APPROACH_WAIT] reason=need_cw_clear_and_big_go cw_y=305 cw_cleared=False big_go_recent=False big_go_age=19.21s big_go={'cx': 15, 'cy': 87, 'area': 2610, 'score': 0.8399999737739563}[0m
[self_driving-10] [0m[INFO] [1782556785.053620128] [self_driving]: [PARK_APPROACH_WAIT] reason=need_cw_clear_and_big_go cw_y=305 cw_cleared=False big_go_recent=False big_go_age=19.28s big_go={'cx': 15, 'cy': 87, 'area': 2610, 'score': 0.8399999737739563}[0m
[self_driving-10] [0m[INFO] [1782556785.118023072] [self_driving]: [PARK_APPROACH_WAIT] reason=need_cw_clear_and_big_go cw_y=305 cw_cleared=False big_go_recent=False big_go_age=19.35s big_go={'cx': 15, 'cy': 87, 'area': 2610, 'score': 0.8399999737739563}[0m
[self_driving-10] [0m[INFO] [1782556785.174221054] [self_driving]: [PARK_APPROACH_WAIT] reason=need_cw_clear_and_big_go cw_y=305 cw_cleared=False big_go_recent=False big_go_age=19.40s big_go={'cx': 15, 'cy': 87, 'area': 2610, 'score': 0.8399999737739563}[0m
[self_driving-10] [0m[INFO] [1782556785.250197294] [self_driving]: [PARK_APPROACH_WAIT] reason=need_cw_clear_and_big_go cw_y=305 cw_cleared=False big_go_recent=False big_go_age=19.48s big_go={'cx': 15, 'cy': 87, 'area': 2610, 'score': 0.8399999737739563}[0m
[self_driving-10] [0m[INFO] [1782556785.251502035] [self_driving]: [DEBUG_DRIVE] state=LINE_FOLLOW raw_lane_x=-1 lane_x=-1 filter=lost linear=0.15 angular=0.00 cw_y=305 park_x=-1 park_approach=False park_fb_count=0 park_boot_go=0 right_done=True start_turn=False count_turn=2 traffic=None stop=False[0m
[self_driving-10] [0m[INFO] [1782556785.338700998] [self_driving]: [PARK_APPROACH_WAIT] reason=need_cw_clear_and_big_go cw_y=305 cw_cleared=False big_go_recent=False big_go_age=19.57s big_go={'cx': 15, 'cy': 87, 'area': 2610, 'score': 0.8399999737739563}[0m
[self_driving-10] [0m[INFO] [1782556785.381193072] [self_driving]: [PARK_APPROACH_WAIT] reason=need_cw_clear_and_big_go cw_y=305 cw_cleared=False big_go_recent=False big_go_age=19.61s big_go={'cx': 15, 'cy': 87, 'area': 2610, 'score': 0.8399999737739563}[0m
[self_driving-10] [33m[WARN] [1782556785.382523350] [self_driving]: [LANE_LOST] raw_lane_x=-1 lane_x=-1 filter=lost stop=False state=LINE_FOLLOW safe_linear=0.00 right_ready=False right_done=True[0m
[self_driving-10] [0m[INFO] [1782556785.449097350] [self_driving]: [PARK_APPROACH_WAIT] reason=need_cw_clear_and_big_go cw_y=305 cw_cleared=False big_go_recent=False big_go_age=19.68s big_go={'cx': 15, 'cy': 87, 'area': 2610, 'score': 0.8399999737739563}[0m
[self_driving-10] [0m[INFO] [1782556785.532867961] [self_driving]: [PARK_APPROACH_WAIT] reason=need_cw_clear_and_big_go cw_y=305 cw_cleared=False big_go_recent=False big_go_age=19.76s big_go={'cx': 15, 'cy': 87, 'area': 2610, 'score': 0.8399999737739563}[0m
[self_driving-10] [0m[INFO] [1782556785.580061924] [self_driving]: [PARK_APPROACH_WAIT] reason=need_cw_clear_and_big_go cw_y=305 cw_cleared=False big_go_recent=False big_go_age=19.81s big_go={'cx': 15, 'cy': 87, 'area': 2610, 'score': 0.8399999737739563}[0m
[self_driving-10] [0m[INFO] [1782556785.648324961] [self_driving]: [PARK_APPROACH_WAIT] reason=need_cw_clear_and_big_go cw_y=305 cw_cleared=False big_go_recent=False big_go_age=19.88s big_go={'cx': 15, 'cy': 87, 'area': 2610, 'score': 0.8399999737739563}[0m
[self_driving-10] [0m[INFO] [1782556785.731978850] [self_driving]: [PARK_APPROACH_WAIT] reason=need_cw_clear_and_big_go cw_y=305 cw_cleared=False big_go_recent=False big_go_age=19.96s big_go={'cx': 15, 'cy': 87, 'area': 2610, 'score': 0.8399999737739563}[0m
[self_driving-10] [0m[INFO] [1782556785.784009350] [self_driving]: [PARK_APPROACH_WAIT] reason=need_cw_clear_and_big_go cw_y=305 cw_cleared=False big_go_recent=False big_go_age=20.01s big_go={'cx': 15, 'cy': 87, 'area': 2610, 'score': 0.8399999737739563}[0m
[self_driving-10] [0m[INFO] [1782556785.784823942] [self_driving]: [DEBUG_DRIVE] state=LINE_FOLLOW raw_lane_x=-1 lane_x=-1 filter=lost linear=0.15 angular=0.00 cw_y=305 park_x=-1 park_approach=False park_fb_count=0 park_boot_go=0 right_done=True start_turn=False count_turn=2 traffic=None stop=False[0m
[self_driving-10] [0m[INFO] [1782556785.840735738] [self_driving]: [PARK_APPROACH_WAIT] reason=need_cw_clear_and_big_go cw_y=305 cw_cleared=False big_go_recent=False big_go_age=20.07s big_go={'cx': 15, 'cy': 87, 'area': 2610, 'score': 0.8399999737739563}[0m
[self_driving-10] [0m[INFO] [1782556785.922911331] [self_driving]: [PARK_APPROACH_WAIT] reason=need_cw_clear_and_big_go cw_y=305 cw_cleared=False big_go_recent=False big_go_age=20.15s big_go={'cx': 15, 'cy': 87, 'area': 2610, 'score': 0.8399999737739563}[0m
[self_driving-10] [33m[WARN] [1782556785.923708886] [self_driving]: [LANE_LOST] raw_lane_x=-1 lane_x=-1 filter=lost stop=False state=LINE_FOLLOW safe_linear=0.00 right_ready=False right_done=True[0m
[self_driving-10] [0m[INFO] [1782556786.011930442] [self_driving]: [PARK_APPROACH_WAIT] reason=need_cw_clear_and_big_go cw_y=305 cw_cleared=False big_go_recent=False big_go_age=20.24s big_go={'cx': 15, 'cy': 87, 'area': 2610, 'score': 0.8399999737739563}[0m
[self_driving-10] [0m[INFO] [1782556786.061465627] [self_driving]: [PARK_APPROACH_WAIT] reason=need_cw_clear_and_big_go cw_y=305 cw_cleared=False big_go_recent=False big_go_age=20.29s big_go={'cx': 15, 'cy': 87, 'area': 2610, 'score': 0.8399999737739563}[0m
[self_driving-10] [0m[INFO] [1782556786.112848479] [self_driving]: [PARK_APPROACH_WAIT] reason=need_cw_clear_and_big_go cw_y=305 cw_cleared=False big_go_recent=False big_go_age=20.34s big_go={'cx': 15, 'cy': 87, 'area': 2610, 'score': 0.8399999737739563}[0m
[self_driving-10] [0m[INFO] [1782556786.191614794] [self_driving]: [PARK_APPROACH_WAIT] reason=need_cw_clear_and_big_go cw_y=305 cw_cleared=False big_go_recent=False big_go_age=20.42s big_go={'cx': 15, 'cy': 87, 'area': 2610, 'score': 0.8399999737739563}[0m
[self_driving-10] [0m[INFO] [1782556786.242420534] [self_driving]: [IMAGE] received count=1378 shape=(480, 640, 3) queue=0[0m
[self_driving-10] [0m[INFO] [1782556786.252094349] [self_driving]: [PARK_APPROACH_WAIT] reason=need_cw_clear_and_big_go cw_y=305 cw_cleared=False big_go_recent=False big_go_age=20.48s big_go={'cx': 15, 'cy': 87, 'area': 2610, 'score': 0.8399999737739563}[0m
[self_driving-10] [0m[INFO] [1782556786.342640145] [self_driving]: [PARK_APPROACH_WAIT] reason=need_cw_clear_and_big_go cw_y=305 cw_cleared=False big_go_recent=False big_go_age=20.57s big_go={'cx': 15, 'cy': 87, 'area': 2610, 'score': 0.8399999737739563}[0m
[self_driving-10] [0m[INFO] [1782556786.347994145] [self_driving]: [DEBUG_DRIVE] state=LINE_FOLLOW raw_lane_x=-1 lane_x=-1 filter=lost linear=0.15 angular=0.00 cw_y=305 park_x=-1 park_approach=False park_fb_count=0 park_boot_go=0 right_done=True start_turn=False count_turn=2 traffic=None stop=False[0m
[self_driving-10] [0m[INFO] [1782556786.393722220] [self_driving]: [PARK_APPROACH_WAIT] reason=need_cw_clear_and_big_go cw_y=305 cw_cleared=False big_go_recent=False big_go_age=20.62s big_go={'cx': 15, 'cy': 87, 'area': 2610, 'score': 0.8399999737739563}[0m
[self_driving-10] [0m[INFO] [1782556786.470609053] [self_driving]: [PARK_APPROACH_WAIT] reason=need_cw_clear_and_big_go cw_y=305 cw_cleared=False big_go_recent=False big_go_age=20.70s big_go={'cx': 15, 'cy': 87, 'area': 2610, 'score': 0.8399999737739563}[0m
[self_driving-10] [33m[WARN] [1782556786.471562368] [self_driving]: [LANE_LOST] raw_lane_x=-1 lane_x=-1 filter=lost stop=False state=LINE_FOLLOW safe_linear=0.00 right_ready=False right_done=True[0m
[self_driving-10] [0m[INFO] [1782556786.515980219] [self_driving]: [PARK_APPROACH_WAIT] reason=need_cw_clear_and_big_go cw_y=305 cw_cleared=False big_go_recent=False big_go_age=20.75s big_go={'cx': 15, 'cy': 87, 'area': 2610, 'score': 0.8399999737739563}[0m
[self_driving-10] [0m[INFO] [1782556786.595460293] [self_driving]: [PARK_APPROACH_WAIT] reason=need_cw_clear_and_big_go cw_y=305 cw_cleared=False big_go_recent=False big_go_age=20.82s big_go={'cx': 15, 'cy': 87, 'area': 2610, 'score': 0.8399999737739563}[0m
[self_driving-10] [0m[INFO] [1782556786.659993923] [self_driving]: [PARK_APPROACH_WAIT] reason=need_cw_clear_and_big_go cw_y=305 cw_cleared=False big_go_recent=False big_go_age=20.89s big_go={'cx': 15, 'cy': 87, 'area': 2610, 'score': 0.8399999737739563}[0m
[self_driving-10] [0m[INFO] [1782556786.728882275] [self_driving]: [PARK_APPROACH_WAIT] reason=need_cw_clear_and_big_go cw_y=305 cw_cleared=False big_go_recent=False big_go_age=20.95s big_go={'cx': 15, 'cy': 87, 'area': 2610, 'score': 0.8399999737739563}[0m
[self_driving-10] [0m[INFO] [1782556786.800583386] [self_driving]: [PARK_APPROACH_WAIT] reason=need_cw_clear_and_big_go cw_y=305 cw_cleared=False big_go_recent=False big_go_age=21.03s big_go={'cx': 15, 'cy': 87, 'area': 2610, 'score': 0.8399999737739563}[0m
[self_driving-10] [0m[INFO] [1782556786.871938127] [self_driving]: [PARK_APPROACH_WAIT] reason=need_cw_clear_and_big_go cw_y=305 cw_cleared=False big_go_recent=False big_go_age=21.10s big_go={'cx': 15, 'cy': 87, 'area': 2610, 'score': 0.8399999737739563}[0m
[self_driving-10] [0m[INFO] [1782556786.872558256] [self_driving]: [CROSSWALK_SLOW_DONE] return normal speed[0m
[self_driving-10] [0m[INFO] [1782556786.873350145] [self_driving]: [DEBUG_DRIVE] state=LINE_FOLLOW raw_lane_x=-1 lane_x=-1 filter=lost linear=0.15 angular=0.00 cw_y=305 park_x=-1 park_approach=False park_fb_count=0 park_boot_go=0 right_done=True start_turn=False count_turn=2 traffic=None stop=False[0m
[self_driving-10] [0m[INFO] [1782556786.930131719] [self_driving]: [PARK_APPROACH_WAIT] reason=need_cw_clear_and_big_go cw_y=305 cw_cleared=False big_go_recent=False big_go_age=21.16s big_go={'cx': 15, 'cy': 87, 'area': 2610, 'score': 0.8399999737739563}[0m
[self_driving-10] [0m[INFO] [1782556786.984655071] [self_driving]: [PARK_APPROACH_WAIT] reason=need_cw_clear_and_big_go cw_y=305 cw_cleared=False big_go_recent=False big_go_age=21.21s big_go={'cx': 15, 'cy': 87, 'area': 2610, 'score': 0.8399999737739563}[0m
[self_driving-10] [33m[WARN] [1782556786.985521738] [self_driving]: [LANE_LOST] raw_lane_x=-1 lane_x=-1 filter=lost stop=False state=LINE_FOLLOW safe_linear=0.00 right_ready=False right_done=True[0m
[self_driving-10] [0m[INFO] [1782556787.081656201] [self_driving]: [PARK_APPROACH_WAIT] reason=need_cw_clear_and_big_go cw_y=305 cw_cleared=False big_go_recent=False big_go_age=21.31s big_go={'cx': 15, 'cy': 87, 'area': 2610, 'score': 0.8399999737739563}[0m
[self_driving-10] [0m[INFO] [1782556787.133338923] [self_driving]: [PARK_APPROACH_WAIT] reason=need_cw_clear_and_big_go cw_y=305 cw_cleared=False big_go_recent=False big_go_age=21.36s big_go={'cx': 15, 'cy': 87, 'area': 2610, 'score': 0.8399999737739563}[0m
[self_driving-10] [0m[INFO] [1782556787.134283071] [self_driving]: [CROSSWALK_SLOW] y=305 th=180 confirm=4[0m
[self_driving-10] [0m[INFO] [1782556787.203506126] [self_driving]: [PARK_APPROACH_WAIT] reason=need_cw_clear_and_big_go cw_y=305 cw_cleared=False big_go_recent=False big_go_age=21.43s big_go={'cx': 15, 'cy': 87, 'area': 2610, 'score': 0.8399999737739563}[0m
[self_driving-10] [0m[INFO] [1782556787.254503052] [self_driving]: [PARK_APPROACH_WAIT] reason=need_cw_clear_and_big_go cw_y=305 cw_cleared=False big_go_recent=False big_go_age=21.48s big_go={'cx': 15, 'cy': 87, 'area': 2610, 'score': 0.8399999737739563}[0m
[self_driving-10] [0m[INFO] [1782556787.332094367] [self_driving]: [PARK_APPROACH_WAIT] reason=need_cw_clear_and_big_go cw_y=305 cw_cleared=False big_go_recent=False big_go_age=21.56s big_go={'cx': 15, 'cy': 87, 'area': 2610, 'score': 0.8399999737739563}[0m
[self_driving-10] [0m[INFO] [1782556787.410675626] [self_driving]: [PARK_APPROACH_WAIT] reason=need_cw_clear_and_big_go cw_y=305 cw_cleared=False big_go_recent=False big_go_age=21.64s big_go={'cx': 15, 'cy': 87, 'area': 2610, 'score': 0.8399999737739563}[0m
[self_driving-10] [0m[INFO] [1782556787.415208923] [self_driving]: [DEBUG_DRIVE] state=LINE_FOLLOW raw_lane_x=-1 lane_x=-1 filter=lost linear=0.15 angular=0.00 cw_y=305 park_x=-1 park_approach=False park_fb_count=0 park_boot_go=0 right_done=True start_turn=False count_turn=2 traffic=None stop=False[0m
[self_driving-10] [0m[INFO] [1782556787.464246182] [self_driving]: [PARK_APPROACH_WAIT] reason=need_cw_clear_and_big_go cw_y=305 cw_cleared=False big_go_recent=False big_go_age=21.69s big_go={'cx': 15, 'cy': 87, 'area': 2610, 'score': 0.8399999737739563}[0m
[self_driving-10] [0m[INFO] [1782556787.526612182] [self_driving]: [PARK_APPROACH_WAIT] reason=need_cw_clear_and_big_go cw_y=305 cw_cleared=False big_go_recent=False big_go_age=21.76s big_go={'cx': 15, 'cy': 87, 'area': 2610, 'score': 0.8399999737739563}[0m
[self_driving-10] [33m[WARN] [1782556787.527596682] [self_driving]: [LANE_LOST] raw_lane_x=-1 lane_x=-1 filter=lost stop=False state=LINE_FOLLOW safe_linear=0.00 right_ready=False right_done=True[0m
[self_driving-10] [0m[INFO] [1782556787.594317978] [self_driving]: [PARK_APPROACH_WAIT] reason=need_cw_clear_and_big_go cw_y=305 cw_cleared=False big_go_recent=False big_go_age=21.82s big_go={'cx': 15, 'cy': 87, 'area': 2610, 'score': 0.8399999737739563}[0m
[self_driving-10] [0m[INFO] [1782556787.674835052] [self_driving]: [PARK_APPROACH_WAIT] reason=need_cw_clear_and_big_go cw_y=305 cw_cleared=False big_go_recent=False big_go_age=21.90s big_go={'cx': 15, 'cy': 87, 'area': 2610, 'score': 0.8399999737739563}[0m
[self_driving-10] [0m[INFO] [1782556787.740562848] [self_driving]: [PARK_APPROACH_WAIT] reason=need_cw_clear_and_big_go cw_y=305 cw_cleared=False big_go_recent=False big_go_age=21.97s big_go={'cx': 15, 'cy': 87, 'area': 2610, 'score': 0.8399999737739563}[0m
[self_driving-10] [0m[INFO] [1782556787.803152330] [self_driving]: [PARK_APPROACH_WAIT] reason=need_cw_clear_and_big_go cw_y=305 cw_cleared=False big_go_recent=False big_go_age=22.03s big_go={'cx': 15, 'cy': 87, 'area': 2610, 'score': 0.8399999737739563}[0m
[self_driving-10] [0m[INFO] [1782556787.877216589] [self_driving]: [PARK_APPROACH_WAIT] reason=need_cw_clear_and_big_go cw_y=305 cw_cleared=False big_go_recent=False big_go_age=22.11s big_go={'cx': 15, 'cy': 87, 'area': 2610, 'score': 0.8399999737739563}[0m
[self_driving-10] [0m[INFO] [1782556787.928060219] [self_driving]: [PARK_APPROACH_WAIT] reason=need_cw_clear_and_big_go cw_y=305 cw_cleared=False big_go_recent=False big_go_age=22.16s big_go={'cx': 15, 'cy': 87, 'area': 2610, 'score': 0.8399999737739563}[0m
[self_driving-10] [0m[INFO] [1782556787.929010774] [self_driving]: [DEBUG_DRIVE] state=LINE_FOLLOW raw_lane_x=-1 lane_x=-1 filter=lost linear=0.15 angular=0.00 cw_y=305 park_x=-1 park_approach=False park_fb_count=0 park_boot_go=0 right_done=True start_turn=False count_turn=2 traffic=None stop=False[0m
[self_driving-10] [0m[INFO] [1782556788.010748293] [self_driving]: [PARK_APPROACH_WAIT] reason=need_cw_clear_and_big_go cw_y=305 cw_cleared=False big_go_recent=False big_go_age=22.24s big_go={'cx': 15, 'cy': 87, 'area': 2610, 'score': 0.8399999737739563}[0m
[self_driving-10] [0m[INFO] [1782556788.079775681] [self_driving]: [PARK_APPROACH_WAIT] reason=need_cw_clear_and_big_go cw_y=305 cw_cleared=False big_go_recent=False big_go_age=22.31s big_go={'cx': 15, 'cy': 87, 'area': 2610, 'score': 0.8399999737739563}[0m
[self_driving-10] [33m[WARN] [1782556788.092762404] [self_driving]: [LANE_LOST] raw_lane_x=-1 lane_x=-1 filter=lost stop=False state=LINE_FOLLOW safe_linear=0.00 right_ready=False right_done=True[0m
[self_driving-10] [0m[INFO] [1782556788.130741681] [self_driving]: [PARK_APPROACH_WAIT] reason=need_cw_clear_and_big_go cw_y=305 cw_cleared=False big_go_recent=False big_go_age=22.36s big_go={'cx': 15, 'cy': 87, 'area': 2610, 'score': 0.8399999737739563}[0m
[self_driving-10] [0m[INFO] [1782556788.200816718] [self_driving]: [PARK_APPROACH_WAIT] reason=need_cw_clear_and_big_go cw_y=305 cw_cleared=False big_go_recent=False big_go_age=22.43s big_go={'cx': 15, 'cy': 87, 'area': 2610, 'score': 0.8399999737739563}[0m
[self_driving-10] [0m[INFO] [1782556788.270795015] [self_driving]: [IMAGE] received count=1408 shape=(480, 640, 3) queue=0[0m
[self_driving-10] [0m[INFO] [1782556788.275634367] [self_driving]: [PARK_APPROACH_WAIT] reason=need_cw_clear_and_big_go cw_y=305 cw_cleared=False big_go_recent=False big_go_age=22.50s big_go={'cx': 15, 'cy': 87, 'area': 2610, 'score': 0.8399999737739563}[0m
[self_driving-10] [0m[INFO] [1782556788.345435441] [self_driving]: [PARK_APPROACH_WAIT] reason=need_cw_clear_and_big_go cw_y=305 cw_cleared=False big_go_recent=False big_go_age=22.57s big_go={'cx': 15, 'cy': 87, 'area': 2610, 'score': 0.8399999737739563}[0m
[self_driving-10] [0m[INFO] [1782556788.421024663] [self_driving]: [PARK_APPROACH_WAIT] reason=need_cw_clear_and_big_go cw_y=305 cw_cleared=False big_go_recent=False big_go_age=22.65s big_go={'cx': 15, 'cy': 87, 'area': 2610, 'score': 0.8399999737739563}[0m
[self_driving-10] [0m[INFO] [1782556788.480585589] [self_driving]: [PARK_APPROACH_WAIT] reason=need_cw_clear_and_big_go cw_y=305 cw_cleared=False big_go_recent=False big_go_age=22.71s big_go={'cx': 15, 'cy': 87, 'area': 2610, 'score': 0.8399999737739563}[0m
[self_driving-10] [0m[INFO] [1782556788.481539533] [self_driving]: [DEBUG_DRIVE] state=LINE_FOLLOW raw_lane_x=-1 lane_x=-1 filter=lost linear=0.15 angular=0.00 cw_y=305 park_x=-1 park_approach=False park_fb_count=0 park_boot_go=0 right_done=True start_turn=False count_turn=2 traffic=None stop=False[0m
[self_driving-10] [0m[INFO] [1782556788.545121107] [self_driving]: [PARK_APPROACH_WAIT] reason=need_cw_clear_and_big_go cw_y=305 cw_cleared=False big_go_recent=False big_go_age=22.77s big_go={'cx': 15, 'cy': 87, 'area': 2610, 'score': 0.8399999737739563}[0m
[self_driving-10] [0m[INFO] [1782556788.599587533] [self_driving]: [PARK_APPROACH_WAIT] reason=need_cw_clear_and_big_go cw_y=305 cw_cleared=False big_go_recent=False big_go_age=22.83s big_go={'cx': 15, 'cy': 87, 'area': 2610, 'score': 0.8399999737739563}[0m
[self_driving-10] [33m[WARN] [1782556788.604058663] [self_driving]: [LANE_LOST] raw_lane_x=-1 lane_x=-1 filter=lost stop=False state=LINE_FOLLOW safe_linear=0.00 right_ready=False right_done=True[0m
[self_driving-10] [0m[INFO] [1782556788.673751607] [self_driving]: [PARK_APPROACH_WAIT] reason=need_cw_clear_and_big_go cw_y=305 cw_cleared=False big_go_recent=False big_go_age=22.90s big_go={'cx': 15, 'cy': 87, 'area': 2610, 'score': 0.8399999737739563}[0m
[self_driving-10] [0m[INFO] [1782556788.743254274] [self_driving]: [PARK_APPROACH_WAIT] reason=need_cw_clear_and_big_go cw_y=305 cw_cleared=False big_go_recent=False big_go_age=22.97s big_go={'cx': 15, 'cy': 87, 'area': 2610, 'score': 0.8399999737739563}[0m
[self_driving-10] [0m[INFO] [1782556788.823524403] [self_driving]: [PARK_APPROACH_WAIT] reason=need_cw_clear_and_big_go cw_y=305 cw_cleared=False big_go_recent=False big_go_age=23.05s big_go={'cx': 15, 'cy': 87, 'area': 2610, 'score': 0.8399999737739563}[0m
[self_driving-10] [0m[INFO] [1782556788.887494551] [self_driving]: [PARK_APPROACH_WAIT] reason=need_cw_clear_and_big_go cw_y=305 cw_cleared=False big_go_recent=False big_go_age=23.12s big_go={'cx': 15, 'cy': 87, 'area': 2610, 'score': 0.8399999737739563}[0m
[self_driving-10] [0m[INFO] [1782556788.944033348] [self_driving]: [PARK_APPROACH_WAIT] reason=need_cw_clear_and_big_go cw_y=305 cw_cleared=False big_go_recent=False big_go_age=23.17s big_go={'cx': 15, 'cy': 87, 'area': 2610, 'score': 0.8399999737739563}[0m
[self_driving-10] [0m[INFO] [1782556789.015997533] [self_driving]: [PARK_APPROACH_WAIT] reason=need_cw_clear_and_big_go cw_y=305 cw_cleared=False big_go_recent=False big_go_age=23.25s big_go={'cx': 15, 'cy': 87, 'area': 2610, 'score': 0.8399999737739563}[0m
[self_driving-10] [0m[INFO] [1782556789.018087422] [self_driving]: [DEBUG_DRIVE] state=LINE_FOLLOW raw_lane_x=-1 lane_x=-1 filter=lost linear=0.15 angular=0.00 cw_y=305 park_x=-1 park_approach=False park_fb_count=0 park_boot_go=0 right_done=True start_turn=False count_turn=2 traffic=None stop=False[0m
[self_driving-10] [0m[INFO] [1782556789.081049885] [self_driving]: [PARK_APPROACH_WAIT] reason=need_cw_clear_and_big_go cw_y=305 cw_cleared=False big_go_recent=False big_go_age=23.31s big_go={'cx': 15, 'cy': 87, 'area': 2610, 'score': 0.8399999737739563}[0m
[self_driving-10] [0m[INFO] [1782556789.156517662] [self_driving]: [PARK_APPROACH_WAIT] reason=need_cw_clear_and_big_go cw_y=305 cw_cleared=False big_go_recent=False big_go_age=23.38s big_go={'cx': 15, 'cy': 87, 'area': 2610, 'score': 0.8399999737739563}[0m
[self_driving-10] [33m[WARN] [1782556789.159770810] [self_driving]: [LANE_LOST] raw_lane_x=-1 lane_x=-1 filter=lost stop=False state=LINE_FOLLOW safe_linear=0.00 right_ready=False right_done=True[0m
[self_driving-10] [0m[INFO] [1782556789.214712699] [self_driving]: [PARK_APPROACH_WAIT] reason=need_cw_clear_and_big_go cw_y=305 cw_cleared=False big_go_recent=False big_go_age=23.44s big_go={'cx': 15, 'cy': 87, 'area': 2610, 'score': 0.8399999737739563}[0m
[self_driving-10] [0m[INFO] [1782556789.289256792] [self_driving]: [PARK_APPROACH_WAIT] reason=need_cw_clear_and_big_go cw_y=305 cw_cleared=False big_go_recent=False big_go_age=23.52s big_go={'cx': 15, 'cy': 87, 'area': 2610, 'score': 0.8399999737739563}[0m
[self_driving-10] [0m[INFO] [1782556789.355872884] [self_driving]: [PARK_APPROACH_WAIT] reason=need_cw_clear_and_big_go cw_y=305 cw_cleared=False big_go_recent=False big_go_age=23.59s big_go={'cx': 15, 'cy': 87, 'area': 2610, 'score': 0.8399999737739563}[0m
[self_driving-10] [0m[INFO] [1782556789.414637533] [self_driving]: [PARK_APPROACH_WAIT] reason=need_cw_clear_and_big_go cw_y=305 cw_cleared=False big_go_recent=False big_go_age=23.64s big_go={'cx': 15, 'cy': 87, 'area': 2610, 'score': 0.8399999737739563}[0m
[self_driving-10] [0m[INFO] [1782556789.479338921] [self_driving]: [PARK_APPROACH_WAIT] reason=need_cw_clear_and_big_go cw_y=305 cw_cleared=False big_go_recent=False big_go_age=23.71s big_go={'cx': 15, 'cy': 87, 'area': 2610, 'score': 0.8399999737739563}[0m
[self_driving-10] [0m[INFO] [1782556789.543607403] [self_driving]: [PARK_APPROACH_WAIT] reason=need_cw_clear_and_big_go cw_y=305 cw_cleared=False big_go_recent=False big_go_age=23.77s big_go={'cx': 15, 'cy': 87, 'area': 2610, 'score': 0.8399999737739563}[0m
[self_driving-10] [0m[INFO] [1782556789.544348366] [self_driving]: [DEBUG_DRIVE] state=LINE_FOLLOW raw_lane_x=-1 lane_x=-1 filter=lost linear=0.15 angular=0.00 cw_y=305 park_x=-1 park_approach=False park_fb_count=0 park_boot_go=0 right_done=True start_turn=False count_turn=2 traffic=None stop=False[0m
[self_driving-10] [0m[INFO] [1782556789.611449662] [self_driving]: [PARK_APPROACH_WAIT] reason=need_cw_clear_and_big_go cw_y=305 cw_cleared=False big_go_recent=False big_go_age=23.84s big_go={'cx': 15, 'cy': 87, 'area': 2610, 'score': 0.8399999737739563}[0m
[self_driving-10] [0m[INFO] [1782556789.672201921] [self_driving]: [PARK_APPROACH_WAIT] reason=need_cw_clear_and_big_go cw_y=305 cw_cleared=False big_go_recent=False big_go_age=23.90s big_go={'cx': 15, 'cy': 87, 'area': 2610, 'score': 0.8399999737739563}[0m
[self_driving-10] [33m[WARN] [1782556789.675868625] [self_driving]: [LANE_LOST] raw_lane_x=-1 lane_x=-1 filter=lost stop=False state=LINE_FOLLOW safe_linear=0.00 right_ready=False right_done=True[0m
[self_driving-10] [0m[INFO] [1782556789.743355477] [self_driving]: [PARK_APPROACH_WAIT] reason=need_cw_clear_and_big_go cw_y=305 cw_cleared=False big_go_recent=False big_go_age=23.97s big_go={'cx': 15, 'cy': 87, 'area': 2610, 'score': 0.8399999737739563}[0m
[self_driving-10] [0m[INFO] [1782556789.837934236] [self_driving]: [PARK_APPROACH_WAIT] reason=need_cw_clear_and_big_go cw_y=305 cw_cleared=False big_go_recent=False big_go_age=24.07s big_go={'cx': 15, 'cy': 87, 'area': 2610, 'score': 0.8399999737739563}[0m
[self_driving-10] [0m[INFO] [1782556789.840230347] [self_driving]: [CROSSWALK_SLOW_DONE] return normal speed[0m
[self_driving-10] [0m[INFO] [1782556789.888825106] [self_driving]: [PARK_APPROACH_WAIT] reason=need_cw_clear_and_big_go cw_y=305 cw_cleared=False big_go_recent=False big_go_age=24.12s big_go={'cx': 15, 'cy': 87, 'area': 2610, 'score': 0.8399999737739563}[0m
[self_driving-10] [0m[INFO] [1782556789.956683884] [self_driving]: [PARK_APPROACH_WAIT] reason=need_cw_clear_and_big_go cw_y=305 cw_cleared=False big_go_recent=False big_go_age=24.19s big_go={'cx': 15, 'cy': 87, 'area': 2610, 'score': 0.8399999737739563}[0m
[self_driving-10] [0m[INFO] [1782556790.022563903] [self_driving]: [PARK_APPROACH_WAIT] reason=need_cw_clear_and_big_go cw_y=305 cw_cleared=False big_go_recent=False big_go_age=24.25s big_go={'cx': 15, 'cy': 87, 'area': 2610, 'score': 0.8399999737739563}[0m
[self_driving-10] [0m[INFO] [1782556790.080826328] [self_driving]: [PARK_APPROACH_WAIT] reason=need_cw_clear_and_big_go cw_y=305 cw_cleared=False big_go_recent=False big_go_age=24.31s big_go={'cx': 15, 'cy': 87, 'area': 2610, 'score': 0.8399999737739563}[0m
[self_driving-10] [0m[INFO] [1782556790.082147754] [self_driving]: [CROSSWALK_SLOW] y=305 th=180 confirm=4[0m
[self_driving-10] [0m[INFO] [1782556790.082953958] [self_driving]: [DEBUG_DRIVE] state=LINE_FOLLOW raw_lane_x=-1 lane_x=-1 filter=lost linear=0.15 angular=0.00 cw_y=305 park_x=-1 park_approach=False park_fb_count=0 park_boot_go=0 right_done=True start_turn=False count_turn=2 traffic=None stop=False[0m
[self_driving-10] [0m[INFO] [1782556790.157506273] [self_driving]: [PARK_APPROACH_WAIT] reason=need_cw_clear_and_big_go cw_y=305 cw_cleared=False big_go_recent=False big_go_age=24.39s big_go={'cx': 15, 'cy': 87, 'area': 2610, 'score': 0.8399999737739563}[0m
[self_driving-10] [0m[INFO] [1782556790.225084810] [self_driving]: [PARK_APPROACH_WAIT] reason=need_cw_clear_and_big_go cw_y=305 cw_cleared=False big_go_recent=False big_go_age=24.45s big_go={'cx': 15, 'cy': 87, 'area': 2610, 'score': 0.8399999737739563}[0m
[self_driving-10] [33m[WARN] [1782556790.225890662] [self_driving]: [LANE_LOST] raw_lane_x=-1 lane_x=-1 filter=lost stop=False state=LINE_FOLLOW safe_linear=0.00 right_ready=False right_done=True[0m
[self_driving-10] [0m[INFO] [1782556790.279928180] [self_driving]: [IMAGE] received count=1438 shape=(480, 640, 3) queue=0[0m
[self_driving-10] [0m[INFO] [1782556790.290061810] [self_driving]: [PARK_APPROACH_WAIT] reason=need_cw_clear_and_big_go cw_y=305 cw_cleared=False big_go_recent=False big_go_age=24.52s big_go={'cx': 15, 'cy': 87, 'area': 2610, 'score': 0.8399999737739563}[0m
[self_driving-10] [0m[INFO] [1782556790.357296217] [self_driving]: [PARK_APPROACH_WAIT] reason=need_cw_clear_and_big_go cw_y=305 cw_cleared=False big_go_recent=False big_go_age=24.59s big_go={'cx': 15, 'cy': 87, 'area': 2610, 'score': 0.8399999737739563}[0m
[self_driving-10] [0m[INFO] [1782556790.420589828] [self_driving]: [PARK_APPROACH_WAIT] reason=need_cw_clear_and_big_go cw_y=305 cw_cleared=False big_go_recent=False big_go_age=24.65s big_go={'cx': 15, 'cy': 87, 'area': 2610, 'score': 0.8399999737739563}[0m
[self_driving-10] [0m[INFO] [1782556790.501614976] [self_driving]: [PARK_APPROACH_WAIT] reason=need_cw_clear_and_big_go cw_y=305 cw_cleared=False big_go_recent=False big_go_age=24.73s big_go={'cx': 15, 'cy': 87, 'area': 2610, 'score': 0.8399999737739563}[0m
[self_driving-10] [0m[INFO] [1782556790.559702180] [self_driving]: [PARK_APPROACH_WAIT] reason=need_cw_clear_and_big_go cw_y=305 cw_cleared=False big_go_recent=False big_go_age=24.79s big_go={'cx': 15, 'cy': 87, 'area': 2610, 'score': 0.8399999737739563}[0m
[self_driving-10] [0m[INFO] [1782556790.638649254] [self_driving]: [PARK_APPROACH_WAIT] reason=need_cw_clear_and_big_go cw_y=305 cw_cleared=False big_go_recent=False big_go_age=24.87s big_go={'cx': 15, 'cy': 87, 'area': 2610, 'score': 0.8399999737739563}[0m
[self_driving-10] [0m[INFO] [1782556790.640173180] [self_driving]: [DEBUG_DRIVE] state=LINE_FOLLOW raw_lane_x=-1 lane_x=-1 filter=lost linear=0.15 angular=0.00 cw_y=305 park_x=-1 park_approach=False park_fb_count=0 park_boot_go=0 right_done=True start_turn=False count_turn=2 traffic=None stop=False[0m
[self_driving-10] [0m[INFO] [1782556790.697264087] [self_driving]: [PARK_APPROACH_WAIT] reason=need_cw_clear_and_big_go cw_y=305 cw_cleared=False big_go_recent=False big_go_age=24.93s big_go={'cx': 15, 'cy': 87, 'area': 2610, 'score': 0.8399999737739563}[0m
[self_driving-10] [0m[INFO] [1782556790.762102291] [self_driving]: [PARK_APPROACH_WAIT] reason=need_cw_clear_and_big_go cw_y=305 cw_cleared=False big_go_recent=False big_go_age=24.99s big_go={'cx': 15, 'cy': 87, 'area': 2610, 'score': 0.8399999737739563}[0m
[self_driving-10] [33m[WARN] [1782556790.763895347] [self_driving]: [LANE_LOST] raw_lane_x=-1 lane_x=-1 filter=lost stop=False state=LINE_FOLLOW safe_linear=0.00 right_ready=False right_done=True[0m
[self_driving-10] [0m[INFO] [1782556790.817247698] [self_driving]: [PARK_APPROACH_WAIT] reason=need_cw_clear_and_big_go cw_y=305 cw_cleared=False big_go_recent=False big_go_age=25.05s big_go={'cx': 15, 'cy': 87, 'area': 2610, 'score': 0.8399999737739563}[0m
[self_driving-10] [0m[INFO] [1782556790.904903439] [self_driving]: [PARK_APPROACH_WAIT] reason=need_cw_clear_and_big_go cw_y=305 cw_cleared=False big_go_recent=False big_go_age=25.13s big_go={'cx': 15, 'cy': 87, 'area': 2610, 'score': 0.8399999737739563}[0m
[self_driving-10] [0m[INFO] [1782556790.968215143] [self_driving]: [PARK_APPROACH_WAIT] reason=need_cw_clear_and_big_go cw_y=305 cw_cleared=False big_go_recent=False big_go_age=25.20s big_go={'cx': 15, 'cy': 87, 'area': 2610, 'score': 0.8399999737739563}[0m
[self_driving-10] [0m[INFO] [1782556791.020722013] [self_driving]: [PARK_APPROACH_WAIT] reason=need_cw_clear_and_big_go cw_y=305 cw_cleared=False big_go_recent=False big_go_age=25.25s big_go={'cx': 15, 'cy': 87, 'area': 2610, 'score': 0.8399999737739563}[0m
[self_driving-10] [0m[INFO] [1782556791.087990050] [self_driving]: [PARK_APPROACH_WAIT] reason=need_cw_clear_and_big_go cw_y=305 cw_cleared=False big_go_recent=False big_go_age=25.32s big_go={'cx': 15, 'cy': 87, 'area': 2610, 'score': 0.8399999737739563}[0m
[self_driving-10] [0m[INFO] [1782556791.152389476] [self_driving]: [PARK_APPROACH_WAIT] reason=need_cw_clear_and_big_go cw_y=305 cw_cleared=False big_go_recent=False big_go_age=25.38s big_go={'cx': 15, 'cy': 87, 'area': 2610, 'score': 0.8399999737739563}[0m
[self_driving-10] [0m[INFO] [1782556791.154805328] [self_driving]: [DEBUG_DRIVE] state=LINE_FOLLOW raw_lane_x=-1 lane_x=-1 filter=lost linear=0.15 angular=0.00 cw_y=305 park_x=-1 park_approach=False park_fb_count=0 park_boot_go=0 right_done=True start_turn=False count_turn=2 traffic=None stop=False[0m
[self_driving-10] [0m[INFO] [1782556791.227300791] [self_driving]: [PARK_APPROACH_WAIT] reason=need_cw_clear_and_big_go cw_y=305 cw_cleared=False big_go_recent=False big_go_age=25.46s big_go={'cx': 15, 'cy': 87, 'area': 2610, 'score': 0.8399999737739563}[0m
[self_driving-10] [0m[INFO] [1782556791.293310920] [self_driving]: [PARK_APPROACH_WAIT] reason=need_cw_clear_and_big_go cw_y=305 cw_cleared=False big_go_recent=False big_go_age=25.52s big_go={'cx': 15, 'cy': 87, 'area': 2610, 'score': 0.8399999737739563}[0m
[self_driving-10] [33m[WARN] [1782556791.295554550] [self_driving]: [LANE_LOST] raw_lane_x=-1 lane_x=-1 filter=lost stop=False state=LINE_FOLLOW safe_linear=0.00 right_ready=False right_done=True[0m
[self_driving-10] [0m[INFO] [1782556791.363918291] [self_driving]: [PARK_APPROACH_WAIT] reason=need_cw_clear_and_big_go cw_y=305 cw_cleared=False big_go_recent=False big_go_age=25.59s big_go={'cx': 15, 'cy': 87, 'area': 2610, 'score': 0.8399999737739563}[0m
[self_driving-10] [0m[INFO] [1782556791.434111457] [self_driving]: [PARK_APPROACH_WAIT] reason=need_cw_clear_and_big_go cw_y=305 cw_cleared=False big_go_recent=False big_go_age=25.66s big_go={'cx': 15, 'cy': 87, 'area': 2610, 'score': 0.8399999737739563}[0m
[self_driving-10] [0m[INFO] [1782556791.511991216] [self_driving]: [PARK_APPROACH_WAIT] reason=need_cw_clear_and_big_go cw_y=305 cw_cleared=False big_go_recent=False big_go_age=25.74s big_go={'cx': 15, 'cy': 87, 'area': 2610, 'score': 0.8399999737739563}[0m
[self_driving-10] [0m[INFO] [1782556791.581383920] [self_driving]: [PARK_APPROACH_WAIT] reason=need_cw_clear_and_big_go cw_y=305 cw_cleared=False big_go_recent=False big_go_age=25.81s big_go={'cx': 15, 'cy': 87, 'area': 2610, 'score': 0.8399999737739563}[0m
[self_driving-10] [0m[INFO] [1782556791.635476809] [self_driving]: [PARK_APPROACH_WAIT] reason=need_cw_clear_and_big_go cw_y=305 cw_cleared=False big_go_recent=False big_go_age=25.86s big_go={'cx': 15, 'cy': 87, 'area': 2610, 'score': 0.8399999737739563}[0m
[self_driving-10] [0m[INFO] [1782556791.701117253] [self_driving]: [PARK_APPROACH_WAIT] reason=need_cw_clear_and_big_go cw_y=305 cw_cleared=False big_go_recent=False big_go_age=25.93s big_go={'cx': 15, 'cy': 87, 'area': 2610, 'score': 0.8399999737739563}[0m
[self_driving-10] [0m[INFO] [1782556791.701980531] [self_driving]: [DEBUG_DRIVE] state=LINE_FOLLOW raw_lane_x=-1 lane_x=-1 filter=lost linear=0.15 angular=0.00 cw_y=305 park_x=-1 park_approach=False park_fb_count=0 park_boot_go=0 right_done=True start_turn=False count_turn=2 traffic=None stop=False[0m
[self_driving-10] [0m[INFO] [1782556791.764056827] [self_driving]: [PARK_APPROACH_WAIT] reason=need_cw_clear_and_big_go cw_y=305 cw_cleared=False big_go_recent=False big_go_age=25.99s big_go={'cx': 15, 'cy': 87, 'area': 2610, 'score': 0.8399999737739563}[0m
[self_driving-10] [0m[INFO] [1782556791.825930827] [self_driving]: [PARK_APPROACH_WAIT] reason=need_cw_clear_and_big_go cw_y=305 cw_cleared=False big_go_recent=False big_go_age=26.06s big_go={'cx': 15, 'cy': 87, 'area': 2610, 'score': 0.8399999737739563}[0m
[self_driving-10] [33m[WARN] [1782556791.828914235] [self_driving]: [LANE_LOST] raw_lane_x=-1 lane_x=-1 filter=lost stop=False state=LINE_FOLLOW safe_linear=0.00 right_ready=False right_done=True[0m
[self_driving-10] [0m[INFO] [1782556791.910653309] [self_driving]: [PARK_APPROACH_WAIT] reason=need_cw_clear_and_big_go cw_y=305 cw_cleared=False big_go_recent=False big_go_age=26.14s big_go={'cx': 15, 'cy': 87, 'area': 2610, 'score': 0.8399999737739563}[0m
[self_driving-10] [0m[INFO] [1782556791.978416901] [self_driving]: [PARK_APPROACH_WAIT] reason=need_cw_clear_and_big_go cw_y=305 cw_cleared=False big_go_recent=False big_go_age=26.21s big_go={'cx': 15, 'cy': 87, 'area': 2610, 'score': 0.8399999737739563}[0m
[self_driving-10] [0m[INFO] [1782556792.040468346] [self_driving]: [PARK_APPROACH_WAIT] reason=need_cw_clear_and_big_go cw_y=305 cw_cleared=False big_go_recent=False big_go_age=26.27s big_go={'cx': 15, 'cy': 87, 'area': 2610, 'score': 0.8399999737739563}[0m
[self_driving-10] [0m[INFO] [1782556792.093064957] [self_driving]: [PARK_APPROACH_WAIT] reason=need_cw_clear_and_big_go cw_y=305 cw_cleared=False big_go_recent=False big_go_age=26.32s big_go={'cx': 15, 'cy': 87, 'area': 2610, 'score': 0.8399999737739563}[0m
[self_driving-10] [0m[INFO] [1782556792.177032827] [self_driving]: [PARK_APPROACH_WAIT] reason=need_cw_clear_and_big_go cw_y=305 cw_cleared=False big_go_recent=False big_go_age=26.41s big_go={'cx': 15, 'cy': 87, 'area': 2610, 'score': 0.8399999737739563}[0m
[self_driving-10] [0m[INFO] [1782556792.225361123] [self_driving]: [PARK_APPROACH_WAIT] reason=need_cw_clear_and_big_go cw_y=305 cw_cleared=False big_go_recent=False big_go_age=26.45s big_go={'cx': 15, 'cy': 87, 'area': 2610, 'score': 0.8399999737739563}[0m
[self_driving-10] [0m[INFO] [1782556792.226593105] [self_driving]: [DEBUG_DRIVE] state=LINE_FOLLOW raw_lane_x=-1 lane_x=-1 filter=lost linear=0.15 angular=0.00 cw_y=305 park_x=-1 park_approach=False park_fb_count=0 park_boot_go=0 right_done=True start_turn=False count_turn=2 traffic=None stop=False[0m
[self_driving-10] [0m[INFO] [1782556792.303740716] [self_driving]: [IMAGE] received count=1468 shape=(480, 640, 3) queue=0[0m
[self_driving-10] [0m[INFO] [1782556792.315243938] [self_driving]: [PARK_APPROACH_WAIT] reason=need_cw_clear_and_big_go cw_y=305 cw_cleared=False big_go_recent=False big_go_age=26.54s big_go={'cx': 15, 'cy': 87, 'area': 2610, 'score': 0.8399999737739563}[0m
[self_driving-10] [0m[INFO] [1782556792.385753494] [self_driving]: [PARK_APPROACH_WAIT] reason=need_cw_clear_and_big_go cw_y=305 cw_cleared=False big_go_recent=False big_go_age=26.62s big_go={'cx': 15, 'cy': 87, 'area': 2610, 'score': 0.8399999737739563}[0m
[self_driving-10] [33m[WARN] [1782556792.388971253] [self_driving]: [LANE_LOST] raw_lane_x=-1 lane_x=-1 filter=lost stop=False state=LINE_FOLLOW safe_linear=0.00 right_ready=False right_done=True[0m
[self_driving-10] [0m[INFO] [1782556792.447466697] [self_driving]: [PARK_APPROACH_WAIT] reason=need_cw_clear_and_big_go cw_y=305 cw_cleared=False big_go_recent=False big_go_age=26.68s big_go={'cx': 15, 'cy': 87, 'area': 2610, 'score': 0.8399999737739563}[0m
[self_driving-10] [0m[INFO] [1782556792.504242290] [self_driving]: [PARK_APPROACH_WAIT] reason=need_cw_clear_and_big_go cw_y=305 cw_cleared=False big_go_recent=False big_go_age=26.73s big_go={'cx': 15, 'cy': 87, 'area': 2610, 'score': 0.8399999737739563}[0m
[self_driving-10] [0m[INFO] [1782556792.592242475] [self_driving]: [PARK_APPROACH_WAIT] reason=need_cw_clear_and_big_go cw_y=305 cw_cleared=False big_go_recent=False big_go_age=26.82s big_go={'cx': 15, 'cy': 87, 'area': 2610, 'score': 0.8399999737739563}[0m
[self_driving-10] [0m[INFO] [1782556792.630945308] [self_driving]: [PARK_APPROACH_WAIT] reason=need_cw_clear_and_big_go cw_y=305 cw_cleared=False big_go_recent=False big_go_age=26.86s big_go={'cx': 15, 'cy': 87, 'area': 2610, 'score': 0.8399999737739563}[0m
[self_driving-10] [0m[INFO] [1782556792.716578975] [self_driving]: [PARK_APPROACH_WAIT] reason=need_cw_clear_and_big_go cw_y=305 cw_cleared=False big_go_recent=False big_go_age=26.95s big_go={'cx': 15, 'cy': 87, 'area': 2610, 'score': 0.8399999737739563}[0m
[self_driving-10] [0m[INFO] [1782556792.787396049] [self_driving]: [PARK_APPROACH_WAIT] reason=need_cw_clear_and_big_go cw_y=305 cw_cleared=False big_go_recent=False big_go_age=27.02s big_go={'cx': 15, 'cy': 87, 'area': 2610, 'score': 0.8399999737739563}[0m
[self_driving-10] [0m[INFO] [1782556792.787965419] [self_driving]: [CROSSWALK_SLOW_DONE] return normal speed[0m
[self_driving-10] [0m[INFO] [1782556792.790416919] [self_driving]: [DEBUG_DRIVE] state=LINE_FOLLOW raw_lane_x=-1 lane_x=-1 filter=lost linear=0.15 angular=0.00 cw_y=305 park_x=-1 park_approach=False park_fb_count=0 park_boot_go=0 right_done=True start_turn=False count_turn=2 traffic=None stop=False[0m
[self_driving-10] [0m[INFO] [1782556792.846049216] [self_driving]: [PARK_APPROACH_WAIT] reason=need_cw_clear_and_big_go cw_y=305 cw_cleared=False big_go_recent=False big_go_age=27.08s big_go={'cx': 15, 'cy': 87, 'area': 2610, 'score': 0.8399999737739563}[0m
[self_driving-10] [0m[INFO] [1782556792.912587549] [self_driving]: [PARK_APPROACH_WAIT] reason=need_cw_clear_and_big_go cw_y=305 cw_cleared=False big_go_recent=False big_go_age=27.14s big_go={'cx': 15, 'cy': 87, 'area': 2610, 'score': 0.8399999737739563}[0m
[self_driving-10] [33m[WARN] [1782556792.914023605] [self_driving]: [LANE_LOST] raw_lane_x=-1 lane_x=-1 filter=lost stop=False state=LINE_FOLLOW safe_linear=0.00 right_ready=False right_done=True[0m
[self_driving-10] [0m[INFO] [1782556792.983829956] [self_driving]: [PARK_APPROACH_WAIT] reason=need_cw_clear_and_big_go cw_y=305 cw_cleared=False big_go_recent=False big_go_age=27.21s big_go={'cx': 15, 'cy': 87, 'area': 2610, 'score': 0.8399999737739563}[0m
[self_driving-10] [0m[INFO] [1782556793.056885623] [self_driving]: [PARK_APPROACH_WAIT] reason=need_cw_clear_and_big_go cw_y=305 cw_cleared=False big_go_recent=False big_go_age=27.29s big_go={'cx': 15, 'cy': 87, 'area': 2610, 'score': 0.8399999737739563}[0m
[self_driving-10] [0m[INFO] [1782556793.059735845] [self_driving]: [CROSSWALK_SLOW] y=305 th=180 confirm=4[0m
[self_driving-10] [0m[INFO] [1782556793.103467938] [self_driving]: [PARK_APPROACH_WAIT] reason=need_cw_clear_and_big_go cw_y=305 cw_cleared=False big_go_recent=False big_go_age=27.33s big_go={'cx': 15, 'cy': 87, 'area': 2610, 'score': 0.8399999737739563}[0m
[self_driving-10] [0m[INFO] [1782556793.179975253] [self_driving]: [PARK_APPROACH_WAIT] reason=need_cw_clear_and_big_go cw_y=305 cw_cleared=False big_go_recent=False big_go_age=27.41s big_go={'cx': 15, 'cy': 87, 'area': 2610, 'score': 0.8399999737739563}[0m
[self_driving-10] [0m[INFO] [1782556793.247297234] [self_driving]: [PARK_APPROACH_WAIT] reason=need_cw_clear_and_big_go cw_y=305 cw_cleared=False big_go_recent=False big_go_age=27.48s big_go={'cx': 15, 'cy': 87, 'area': 2610, 'score': 0.8399999737739563}[0m
[self_driving-10] [0m[INFO] [1782556793.330702401] [self_driving]: [PARK_APPROACH_WAIT] reason=need_cw_clear_and_big_go cw_y=305 cw_cleared=False big_go_recent=False big_go_age=27.56s big_go={'cx': 15, 'cy': 87, 'area': 2610, 'score': 0.8399999737739563}[0m
[self_driving-10] [0m[INFO] [1782556793.334554975] [self_driving]: [DEBUG_DRIVE] state=LINE_FOLLOW raw_lane_x=-1 lane_x=-1 filter=lost linear=0.15 angular=0.00 cw_y=305 park_x=-1 park_approach=False park_fb_count=0 park_boot_go=0 right_done=True start_turn=False count_turn=2 traffic=None stop=False[0m
[self_driving-10] [0m[INFO] [1782556793.381664234] [self_driving]: [PARK_APPROACH_WAIT] reason=need_cw_clear_and_big_go cw_y=305 cw_cleared=False big_go_recent=False big_go_age=27.61s big_go={'cx': 15, 'cy': 87, 'area': 2610, 'score': 0.8399999737739563}[0m
[self_driving-10] [0m[INFO] [1782556793.451391660] [self_driving]: [PARK_APPROACH_WAIT] reason=need_cw_clear_and_big_go cw_y=305 cw_cleared=False big_go_recent=False big_go_age=27.68s big_go={'cx': 15, 'cy': 87, 'area': 2610, 'score': 0.8399999737739563}[0m
[self_driving-10] [33m[WARN] [1782556793.454184067] [self_driving]: [LANE_LOST] raw_lane_x=-1 lane_x=-1 filter=lost stop=False state=LINE_FOLLOW safe_linear=0.00 right_ready=False right_done=True[0m
[self_driving-10] [0m[INFO] [1782556793.521963271] [self_driving]: [PARK_APPROACH_WAIT] reason=need_cw_clear_and_big_go cw_y=305 cw_cleared=False big_go_recent=False big_go_age=27.75s big_go={'cx': 15, 'cy': 87, 'area': 2610, 'score': 0.8399999737739563}[0m
[self_driving-10] [0m[INFO] [1782556793.587904826] [self_driving]: [PARK_APPROACH_WAIT] reason=need_cw_clear_and_big_go cw_y=305 cw_cleared=False big_go_recent=False big_go_age=27.82s big_go={'cx': 15, 'cy': 87, 'area': 2610, 'score': 0.8399999737739563}[0m
[self_driving-10] [0m[INFO] [1782556793.661489141] [self_driving]: [PARK_APPROACH_WAIT] reason=need_cw_clear_and_big_go cw_y=305 cw_cleared=False big_go_recent=False big_go_age=27.89s big_go={'cx': 15, 'cy': 87, 'area': 2610, 'score': 0.8399999737739563}[0m
[self_driving-10] [0m[INFO] [1782556793.726047345] [self_driving]: [PARK_APPROACH_WAIT] reason=need_cw_clear_and_big_go cw_y=305 cw_cleared=False big_go_recent=False big_go_age=27.96s big_go={'cx': 15, 'cy': 87, 'area': 2610, 'score': 0.8399999737739563}[0m
[self_driving-10] [0m[INFO] [1782556793.789413141] [self_driving]: [PARK_APPROACH_WAIT] reason=need_cw_clear_and_big_go cw_y=305 cw_cleared=False big_go_recent=False big_go_age=28.02s big_go={'cx': 15, 'cy': 87, 'area': 2610, 'score': 0.8399999737739563}[0m
[self_driving-10] [0m[INFO] [1782556793.849414141] [self_driving]: [PARK_APPROACH_WAIT] reason=need_cw_clear_and_big_go cw_y=305 cw_cleared=False big_go_recent=False big_go_age=28.08s big_go={'cx': 15, 'cy': 87, 'area': 2610, 'score': 0.8399999737739563}[0m
[self_driving-10] [0m[INFO] [1782556793.850537882] [self_driving]: [DEBUG_DRIVE] state=LINE_FOLLOW raw_lane_x=-1 lane_x=-1 filter=lost linear=0.15 angular=0.00 cw_y=305 park_x=-1 park_approach=False park_fb_count=0 park_boot_go=0 right_done=True start_turn=False count_turn=2 traffic=None stop=False[0m
[self_driving-10] [0m[INFO] [1782556793.926413659] [self_driving]: [PARK_APPROACH_WAIT] reason=need_cw_clear_and_big_go cw_y=305 cw_cleared=False big_go_recent=False big_go_age=28.16s big_go={'cx': 15, 'cy': 87, 'area': 2610, 'score': 0.8399999737739563}[0m
[self_driving-10] [0m[INFO] [1782556793.971538234] [self_driving]: [PARK_APPROACH_WAIT] reason=need_cw_clear_and_big_go cw_y=305 cw_cleared=False big_go_recent=False big_go_age=28.20s big_go={'cx': 15, 'cy': 87, 'area': 2610, 'score': 0.8399999737739563}[0m
[self_driving-10] [33m[WARN] [1782556793.972444474] [self_driving]: [LANE_LOST] raw_lane_x=-1 lane_x=-1 filter=lost stop=False state=LINE_FOLLOW safe_linear=0.00 right_ready=False right_done=True[0m
[self_driving-10] [0m[INFO] [1782556794.052958122] [self_driving]: [PARK_APPROACH_WAIT] reason=need_cw_clear_and_big_go cw_y=305 cw_cleared=False big_go_recent=False big_go_age=28.28s big_go={'cx': 15, 'cy': 87, 'area': 2610, 'score': 0.8399999737739563}[0m
[self_driving-10] [0m[INFO] [1782556794.113131733] [self_driving]: [PARK_APPROACH_WAIT] reason=need_cw_clear_and_big_go cw_y=305 cw_cleared=False big_go_recent=False big_go_age=28.34s big_go={'cx': 15, 'cy': 87, 'area': 2610, 'score': 0.8399999737739563}[0m
[self_driving-10] [0m[INFO] [1782556794.190903604] [self_driving]: [PARK_APPROACH_WAIT] reason=need_cw_clear_and_big_go cw_y=305 cw_cleared=False big_go_recent=False big_go_age=28.42s big_go={'cx': 15, 'cy': 87, 'area': 2610, 'score': 0.8399999737739563}[0m
[self_driving-10] [0m[INFO] [1782556794.261278604] [self_driving]: [PARK_APPROACH_WAIT] reason=need_cw_clear_and_big_go cw_y=305 cw_cleared=False big_go_recent=False big_go_age=28.49s big_go={'cx': 15, 'cy': 87, 'area': 2610, 'score': 0.8399999737739563}[0m
[self_driving-10] [0m[INFO] [1782556794.305533011] [self_driving]: [IMAGE] received count=1498 shape=(480, 640, 3) queue=0[0m
[self_driving-10] [0m[INFO] [1782556794.312532048] [self_driving]: [PARK_APPROACH_WAIT] reason=need_cw_clear_and_big_go cw_y=305 cw_cleared=False big_go_recent=False big_go_age=28.54s big_go={'cx': 15, 'cy': 87, 'area': 2610, 'score': 0.8399999737739563}[0m
[self_driving-10] [0m[INFO] [1782556794.386452585] [self_driving]: [PARK_APPROACH_WAIT] reason=need_cw_clear_and_big_go cw_y=305 cw_cleared=False big_go_recent=False big_go_age=28.62s big_go={'cx': 15, 'cy': 87, 'area': 2610, 'score': 0.8399999737739563}[0m
[self_driving-10] [0m[INFO] [1782556794.387212178] [self_driving]: [DEBUG_DRIVE] state=LINE_FOLLOW raw_lane_x=-1 lane_x=-1 filter=lost linear=0.15 angular=0.00 cw_y=305 park_x=-1 park_approach=False park_fb_count=0 park_boot_go=0 right_done=True start_turn=False count_turn=2 traffic=None stop=False[0m
[self_driving-10] [0m[INFO] [1782556794.463991178] [self_driving]: [PARK_APPROACH_WAIT] reason=need_cw_clear_and_big_go cw_y=305 cw_cleared=False big_go_recent=False big_go_age=28.69s big_go={'cx': 15, 'cy': 87, 'area': 2610, 'score': 0.8399999737739563}[0m
[self_driving-10] [0m[INFO] [1782556794.518520492] [self_driving]: [PARK_APPROACH_WAIT] reason=need_cw_clear_and_big_go cw_y=305 cw_cleared=False big_go_recent=False big_go_age=28.75s big_go={'cx': 15, 'cy': 87, 'area': 2610, 'score': 0.8399999737739563}[0m
[self_driving-10] [33m[WARN] [1782556794.521774567] [self_driving]: [LANE_LOST] raw_lane_x=-1 lane_x=-1 filter=lost stop=False state=LINE_FOLLOW safe_linear=0.00 right_ready=False right_done=True[0m
[self_driving-10] [0m[INFO] [1782556794.590007678] [self_driving]: [PARK_APPROACH_WAIT] reason=need_cw_clear_and_big_go cw_y=305 cw_cleared=False big_go_recent=False big_go_age=28.82s big_go={'cx': 15, 'cy': 87, 'area': 2610, 'score': 0.8399999737739563}[0m
[self_driving-10] [0m[INFO] [1782556794.654647474] [self_driving]: [PARK_APPROACH_WAIT] reason=need_cw_clear_and_big_go cw_y=305 cw_cleared=False big_go_recent=False big_go_age=28.88s big_go={'cx': 15, 'cy': 87, 'area': 2610, 'score': 0.8399999737739563}[0m
[self_driving-10] [0m[INFO] [1782556794.742280048] [self_driving]: [PARK_APPROACH_WAIT] reason=need_cw_clear_and_big_go cw_y=305 cw_cleared=False big_go_recent=False big_go_age=28.97s big_go={'cx': 15, 'cy': 87, 'area': 2610, 'score': 0.8399999737739563}[0m
[self_driving-10] [0m[INFO] [1782556794.785604363] [self_driving]: [PARK_APPROACH_WAIT] reason=need_cw_clear_and_big_go cw_y=305 cw_cleared=False big_go_recent=False big_go_age=29.01s big_go={'cx': 15, 'cy': 87, 'area': 2610, 'score': 0.8399999737739563}[0m
[self_driving-10] [0m[INFO] [1782556794.856511252] [self_driving]: [PARK_APPROACH_WAIT] reason=need_cw_clear_and_big_go cw_y=305 cw_cleared=False big_go_recent=False big_go_age=29.09s big_go={'cx': 15, 'cy': 87, 'area': 2610, 'score': 0.8399999737739563}[0m
[self_driving-10] [0m[INFO] [1782556794.929111788] [self_driving]: [PARK_APPROACH_WAIT] reason=need_cw_clear_and_big_go cw_y=305 cw_cleared=False big_go_recent=False big_go_age=29.16s big_go={'cx': 15, 'cy': 87, 'area': 2610, 'score': 0.8399999737739563}[0m
[self_driving-10] [0m[INFO] [1782556794.930760511] [self_driving]: [DEBUG_DRIVE] state=LINE_FOLLOW raw_lane_x=-1 lane_x=-1 filter=lost linear=0.15 angular=0.00 cw_y=305 park_x=-1 park_approach=False park_fb_count=0 park_boot_go=0 right_done=True start_turn=False count_turn=2 traffic=None stop=False[0m
[self_driving-10] [0m[INFO] [1782556795.003360177] [self_driving]: [PARK_APPROACH_WAIT] reason=need_cw_clear_and_big_go cw_y=305 cw_cleared=False big_go_recent=False big_go_age=29.23s big_go={'cx': 15, 'cy': 87, 'area': 2610, 'score': 0.8399999737739563}[0m
[self_driving-10] [0m[INFO] [1782556795.052653029] [self_driving]: [PARK_APPROACH_WAIT] reason=need_cw_clear_and_big_go cw_y=305 cw_cleared=False big_go_recent=False big_go_age=29.28s big_go={'cx': 15, 'cy': 87, 'area': 2610, 'score': 0.8399999737739563}[0m
[self_driving-10] [33m[WARN] [1782556795.055652714] [self_driving]: [LANE_LOST] raw_lane_x=-1 lane_x=-1 filter=lost stop=False state=LINE_FOLLOW safe_linear=0.00 right_ready=False right_done=True[0m
[self_driving-10] [0m[INFO] [1782556795.135001066] [self_driving]: [PARK_APPROACH_WAIT] reason=need_cw_clear_and_big_go cw_y=305 cw_cleared=False big_go_recent=False big_go_age=29.36s big_go={'cx': 15, 'cy': 87, 'area': 2610, 'score': 0.8399999737739563}[0m
[self_driving-10] [0m[INFO] [1782556795.203196270] [self_driving]: [PARK_APPROACH_WAIT] reason=need_cw_clear_and_big_go cw_y=305 cw_cleared=False big_go_recent=False big_go_age=29.43s big_go={'cx': 15, 'cy': 87, 'area': 2610, 'score': 0.8399999737739563}[0m
[self_driving-10] [0m[INFO] [1782556795.261576992] [self_driving]: [PARK_APPROACH_WAIT] reason=need_cw_clear_and_big_go cw_y=305 cw_cleared=False big_go_recent=False big_go_age=29.49s big_go={'cx': 15, 'cy': 87, 'area': 2610, 'score': 0.8399999737739563}[0m
[self_driving-10] [0m[INFO] [1782556795.323044214] [self_driving]: [PARK_APPROACH_WAIT] reason=need_cw_clear_and_big_go cw_y=305 cw_cleared=False big_go_recent=False big_go_age=29.55s big_go={'cx': 15, 'cy': 87, 'area': 2610, 'score': 0.8399999737739563}[0m
[self_driving-10] [0m[INFO] [1782556795.387908862] [self_driving]: [PARK_APPROACH_WAIT] reason=need_cw_clear_and_big_go cw_y=305 cw_cleared=False big_go_recent=False big_go_age=29.62s big_go={'cx': 15, 'cy': 87, 'area': 2610, 'score': 0.8399999737739563}[0m
[self_driving-10] [0m[INFO] [1782556795.471377029] [self_driving]: [PARK_APPROACH_WAIT] reason=need_cw_clear_and_big_go cw_y=305 cw_cleared=False big_go_recent=False big_go_age=29.70s big_go={'cx': 15, 'cy': 87, 'area': 2610, 'score': 0.8399999737739563}[0m
[self_driving-10] [0m[INFO] [1782556795.472085010] [self_driving]: [DEBUG_DRIVE] state=LINE_FOLLOW raw_lane_x=-1 lane_x=-1 filter=lost linear=0.15 angular=0.00 cw_y=305 park_x=-1 park_approach=False park_fb_count=0 park_boot_go=0 right_done=True start_turn=False count_turn=2 traffic=None stop=False[0m
[self_driving-10] [0m[INFO] [1782556795.521951362] [self_driving]: [PARK_APPROACH_WAIT] reason=need_cw_clear_and_big_go cw_y=305 cw_cleared=False big_go_recent=False big_go_age=29.75s big_go={'cx': 15, 'cy': 87, 'area': 2610, 'score': 0.8399999737739563}[0m
[self_driving-10] [0m[INFO] [1782556795.585293196] [self_driving]: [PARK_APPROACH_WAIT] reason=need_cw_clear_and_big_go cw_y=305 cw_cleared=False big_go_recent=False big_go_age=29.81s big_go={'cx': 15, 'cy': 87, 'area': 2610, 'score': 0.8399999737739563}[0m
[self_driving-10] [33m[WARN] [1782556795.586565121] [self_driving]: [LANE_LOST] raw_lane_x=-1 lane_x=-1 filter=lost stop=False state=LINE_FOLLOW safe_linear=0.00 right_ready=False right_done=True[0m
[self_driving-10] [0m[INFO] [1782556795.667733251] [self_driving]: [PARK_APPROACH_WAIT] reason=need_cw_clear_and_big_go cw_y=305 cw_cleared=False big_go_recent=False big_go_age=29.90s big_go={'cx': 15, 'cy': 87, 'area': 2610, 'score': 0.8399999737739563}[0m
[self_driving-10] [0m[INFO] [1782556795.731352862] [self_driving]: [PARK_APPROACH_WAIT] reason=need_cw_clear_and_big_go cw_y=305 cw_cleared=False big_go_recent=False big_go_age=29.96s big_go={'cx': 15, 'cy': 87, 'area': 2610, 'score': 0.8399999737739563}[0m
[self_driving-10] [0m[INFO] [1782556795.732324640] [self_driving]: [CROSSWALK_SLOW_DONE] return normal speed[0m
[self_driving-10] [0m[INFO] [1782556795.804889232] [self_driving]: [PARK_APPROACH_WAIT] reason=need_cw_clear_and_big_go cw_y=305 cw_cleared=False big_go_recent=False big_go_age=30.03s big_go={'cx': 15, 'cy': 87, 'area': 2610, 'score': 0.8399999737739563}[0m
[self_driving-10] [0m[INFO] [1782556795.870706658] [self_driving]: [PARK_APPROACH_WAIT] reason=need_cw_clear_and_big_go cw_y=305 cw_cleared=False big_go_recent=False big_go_age=30.10s big_go={'cx': 15, 'cy': 87, 'area': 2610, 'score': 0.8399999737739563}[0m
[self_driving-10] [0m[INFO] [1782556795.922321251] [self_driving]: [PARK_APPROACH_WAIT] reason=need_cw_clear_and_big_go cw_y=305 cw_cleared=False big_go_recent=False big_go_age=30.15s big_go={'cx': 15, 'cy': 87, 'area': 2610, 'score': 0.8399999737739563}[0m
[self_driving-10] [0m[INFO] [1782556796.003365621] [self_driving]: [PARK_APPROACH_WAIT] reason=need_cw_clear_and_big_go cw_y=305 cw_cleared=False big_go_recent=False big_go_age=30.23s big_go={'cx': 15, 'cy': 87, 'area': 2610, 'score': 0.8399999737739563}[0m
[self_driving-10] [0m[INFO] [1782556796.004005121] [self_driving]: [CROSSWALK_SLOW] y=305 th=180 confirm=4[0m
[self_driving-10] [0m[INFO] [1782556796.008350973] [self_driving]: [DEBUG_DRIVE] state=LINE_FOLLOW raw_lane_x=-1 lane_x=-1 filter=lost linear=0.15 angular=0.00 cw_y=305 park_x=-1 park_approach=False park_fb_count=0 park_boot_go=0 right_done=True start_turn=False count_turn=2 traffic=None stop=False[0m
[self_driving-10] [0m[INFO] [1782556796.063481714] [self_driving]: [PARK_APPROACH_WAIT] reason=need_cw_clear_and_big_go cw_y=305 cw_cleared=False big_go_recent=False big_go_age=30.29s big_go={'cx': 15, 'cy': 87, 'area': 2610, 'score': 0.8399999737739563}[0m
[self_driving-10] [0m[INFO] [1782556796.131888362] [self_driving]: [PARK_APPROACH_WAIT] reason=need_cw_clear_and_big_go cw_y=305 cw_cleared=False big_go_recent=False big_go_age=30.36s big_go={'cx': 15, 'cy': 87, 'area': 2610, 'score': 0.8399999737739563}[0m
[self_driving-10] [33m[WARN] [1782556796.133999399] [self_driving]: [LANE_LOST] raw_lane_x=-1 lane_x=-1 filter=lost stop=False state=LINE_FOLLOW safe_linear=0.00 right_ready=False right_done=True[0m
[self_driving-10] [0m[INFO] [1782556796.214273195] [self_driving]: [PARK_APPROACH_WAIT] reason=need_cw_clear_and_big_go cw_y=305 cw_cleared=False big_go_recent=False big_go_age=30.44s big_go={'cx': 15, 'cy': 87, 'area': 2610, 'score': 0.8399999737739563}[0m
[self_driving-10] [0m[INFO] [1782556796.263474065] [self_driving]: [PARK_APPROACH_WAIT] reason=need_cw_clear_and_big_go cw_y=305 cw_cleared=False big_go_recent=False big_go_age=30.49s big_go={'cx': 15, 'cy': 87, 'area': 2610, 'score': 0.8399999737739563}[0m
[self_driving-10] [0m[INFO] [1782556796.338606232] [self_driving]: [IMAGE] received count=1528 shape=(480, 640, 3) queue=0[0m
[self_driving-10] [0m[INFO] [1782556796.346720973] [self_driving]: [PARK_APPROACH_WAIT] reason=need_cw_clear_and_big_go cw_y=305 cw_cleared=False big_go_recent=False big_go_age=30.58s big_go={'cx': 15, 'cy': 87, 'area': 2610, 'score': 0.8399999737739563}[0m
[self_driving-10] [0m[INFO] [1782556796.405549436] [self_driving]: [PARK_APPROACH_WAIT] reason=need_cw_clear_and_big_go cw_y=305 cw_cleared=False big_go_recent=False big_go_age=30.64s big_go={'cx': 15, 'cy': 87, 'area': 2610, 'score': 0.8399999737739563}[0m
[self_driving-10] [0m[INFO] [1782556796.483007769] [self_driving]: [PARK_APPROACH_WAIT] reason=need_cw_clear_and_big_go cw_y=305 cw_cleared=False big_go_recent=False big_go_age=30.71s big_go={'cx': 15, 'cy': 87, 'area': 2610, 'score': 0.8399999737739563}[0m
[self_driving-10] [0m[INFO] [1782556796.548846139] [self_driving]: [PARK_APPROACH_WAIT] reason=need_cw_clear_and_big_go cw_y=305 cw_cleared=False big_go_recent=False big_go_age=30.78s big_go={'cx': 15, 'cy': 87, 'area': 2610, 'score': 0.8399999737739563}[0m
[self_driving-10] [0m[INFO] [1782556796.550791399] [self_driving]: [DEBUG_DRIVE] state=LINE_FOLLOW raw_lane_x=-1 lane_x=-1 filter=lost linear=0.15 angular=0.00 cw_y=305 park_x=-1 park_approach=False park_fb_count=0 park_boot_go=0 right_done=True start_turn=False count_turn=2 traffic=None stop=False[0m
[self_driving-10] [0m[INFO] [1782556796.593744102] [self_driving]: [PARK_APPROACH_WAIT] reason=need_cw_clear_and_big_go cw_y=305 cw_cleared=False big_go_recent=False big_go_age=30.82s big_go={'cx': 15, 'cy': 87, 'area': 2610, 'score': 0.8399999737739563}[0m
[self_driving-10] [0m[INFO] [1782556796.675680510] [self_driving]: [PARK_APPROACH_WAIT] reason=need_cw_clear_and_big_go cw_y=305 cw_cleared=False big_go_recent=False big_go_age=30.91s big_go={'cx': 15, 'cy': 87, 'area': 2610, 'score': 0.8399999737739563}[0m
[self_driving-10] [33m[WARN] [1782556796.676622547] [self_driving]: [LANE_LOST] raw_lane_x=-1 lane_x=-1 filter=lost stop=False state=LINE_FOLLOW safe_linear=0.00 right_ready=False right_done=True[0m
[self_driving-10] [0m[INFO] [1782556796.730910010] [self_driving]: [PARK_APPROACH_WAIT] reason=need_cw_clear_and_big_go cw_y=305 cw_cleared=False big_go_recent=False big_go_age=30.96s big_go={'cx': 15, 'cy': 87, 'area': 2610, 'score': 0.8399999737739563}[0m
[self_driving-10] [0m[INFO] [1782556796.810364732] [self_driving]: [PARK_APPROACH_WAIT] reason=need_cw_clear_and_big_go cw_y=305 cw_cleared=False big_go_recent=False big_go_age=31.04s big_go={'cx': 15, 'cy': 87, 'area': 2610, 'score': 0.8399999737739563}[0m
[self_driving-10] [0m[INFO] [1782556796.876166880] [self_driving]: [PARK_APPROACH_WAIT] reason=need_cw_clear_and_big_go cw_y=305 cw_cleared=False big_go_recent=False big_go_age=31.11s big_go={'cx': 15, 'cy': 87, 'area': 2610, 'score': 0.8399999737739563}[0m
[self_driving-10] [0m[INFO] [1782556796.947087769] [self_driving]: [PARK_APPROACH_WAIT] reason=need_cw_clear_and_big_go cw_y=305 cw_cleared=False big_go_recent=False big_go_age=31.18s big_go={'cx': 15, 'cy': 87, 'area': 2610, 'score': 0.8399999737739563}[0m
[self_driving-10] [0m[INFO] [1782556797.009608491] [self_driving]: [PARK_APPROACH_WAIT] reason=need_cw_clear_and_big_go cw_y=305 cw_cleared=False big_go_recent=False big_go_age=31.24s big_go={'cx': 15, 'cy': 87, 'area': 2610, 'score': 0.8399999737739563}[0m
[self_driving-10] [0m[INFO] [1782556797.071575509] [self_driving]: [PARK_APPROACH_WAIT] reason=need_cw_clear_and_big_go cw_y=305 cw_cleared=False big_go_recent=False big_go_age=31.30s big_go={'cx': 15, 'cy': 87, 'area': 2610, 'score': 0.8399999737739563}[0m
[self_driving-10] [0m[INFO] [1782556797.072951232] [self_driving]: [DEBUG_DRIVE] state=LINE_FOLLOW raw_lane_x=-1 lane_x=-1 filter=lost linear=0.15 angular=0.00 cw_y=305 park_x=-1 park_approach=False park_fb_count=0 park_boot_go=0 right_done=True start_turn=False count_turn=2 traffic=None stop=False[0m
[self_driving-10] [0m[INFO] [1782556797.157296417] [self_driving]: [PARK_APPROACH_WAIT] reason=need_cw_clear_and_big_go cw_y=305 cw_cleared=False big_go_recent=False big_go_age=31.39s big_go={'cx': 15, 'cy': 87, 'area': 2610, 'score': 0.8399999737739563}[0m
[self_driving-10] [0m[INFO] [1782556797.221164380] [self_driving]: [PARK_APPROACH_WAIT] reason=need_cw_clear_and_big_go cw_y=305 cw_cleared=False big_go_recent=False big_go_age=31.45s big_go={'cx': 15, 'cy': 87, 'area': 2610, 'score': 0.8399999737739563}[0m
[self_driving-10] [33m[WARN] [1782556797.222178732] [self_driving]: [LANE_LOST] raw_lane_x=-1 lane_x=-1 filter=lost stop=False state=LINE_FOLLOW safe_linear=0.00 right_ready=False right_done=True[0m
[self_driving-10] [0m[INFO] [1782556797.272052565] [self_driving]: [PARK_APPROACH_WAIT] reason=need_cw_clear_and_big_go cw_y=305 cw_cleared=False big_go_recent=False big_go_age=31.50s big_go={'cx': 15, 'cy': 87, 'area': 2610, 'score': 0.8399999737739563}[0m
[self_driving-10] [0m[INFO] [1782556797.340120824] [self_driving]: [PARK_APPROACH_WAIT] reason=need_cw_clear_and_big_go cw_y=305 cw_cleared=False big_go_recent=False big_go_age=31.57s big_go={'cx': 15, 'cy': 87, 'area': 2610, 'score': 0.8399999737739563}[0m
[self_driving-10] [0m[INFO] [1782556797.409331824] [self_driving]: [PARK_APPROACH_WAIT] reason=need_cw_clear_and_big_go cw_y=305 cw_cleared=False big_go_recent=False big_go_age=31.64s big_go={'cx': 15, 'cy': 87, 'area': 2610, 'score': 0.8399999737739563}[0m
[self_driving-10] [0m[INFO] [1782556797.501130880] [self_driving]: [PARK_APPROACH_WAIT] reason=need_cw_clear_and_big_go cw_y=305 cw_cleared=False big_go_recent=False big_go_age=31.73s big_go={'cx': 15, 'cy': 87, 'area': 2610, 'score': 0.8399999737739563}[0m
[self_driving-10] [0m[INFO] [1782556797.544487324] [self_driving]: [PARK_APPROACH_WAIT] reason=need_cw_clear_and_big_go cw_y=305 cw_cleared=False big_go_recent=False big_go_age=31.77s big_go={'cx': 15, 'cy': 87, 'area': 2610, 'score': 0.8399999737739563}[0m
[self_driving-10] [0m[INFO] [1782556797.610904509] [self_driving]: [PARK_APPROACH_WAIT] reason=need_cw_clear_and_big_go cw_y=305 cw_cleared=False big_go_recent=False big_go_age=31.84s big_go={'cx': 15, 'cy': 87, 'area': 2610, 'score': 0.8399999737739563}[0m
[self_driving-10] [0m[INFO] [1782556797.614574120] [self_driving]: [DEBUG_DRIVE] state=LINE_FOLLOW raw_lane_x=-1 lane_x=-1 filter=lost linear=0.15 angular=0.00 cw_y=305 park_x=-1 park_approach=False park_fb_count=0 park_boot_go=0 right_done=True start_turn=False count_turn=2 traffic=None stop=False[0m
[self_driving-10] [0m[INFO] [1782556797.674433842] [self_driving]: [PARK_APPROACH_WAIT] reason=need_cw_clear_and_big_go cw_y=305 cw_cleared=False big_go_recent=False big_go_age=31.90s big_go={'cx': 15, 'cy': 87, 'area': 2610, 'score': 0.8399999737739563}[0m
[self_driving-10] [0m[INFO] [1782556797.750543713] [self_driving]: [PARK_APPROACH_WAIT] reason=need_cw_clear_and_big_go cw_y=305 cw_cleared=False big_go_recent=False big_go_age=31.98s big_go={'cx': 15, 'cy': 87, 'area': 2610, 'score': 0.8399999737739563}[0m
[self_driving-10] [33m[WARN] [1782556797.751346139] [self_driving]: [LANE_LOST] raw_lane_x=-1 lane_x=-1 filter=lost stop=False state=LINE_FOLLOW safe_linear=0.00 right_ready=False right_done=True[0m
[self_driving-10] [0m[INFO] [1782556797.807713639] [self_driving]: [PARK_APPROACH_WAIT] reason=need_cw_clear_and_big_go cw_y=305 cw_cleared=False big_go_recent=False big_go_age=32.04s big_go={'cx': 15, 'cy': 87, 'area': 2610, 'score': 0.8399999737739563}[0m
[self_driving-10] [0m[INFO] [1782556797.891358083] [self_driving]: [PARK_APPROACH_WAIT] reason=need_cw_clear_and_big_go cw_y=305 cw_cleared=False big_go_recent=False big_go_age=32.12s big_go={'cx': 15, 'cy': 87, 'area': 2610, 'score': 0.8399999737739563}[0m
[self_driving-10] [0m[INFO] [1782556797.954906657] [self_driving]: [PARK_APPROACH_WAIT] reason=need_cw_clear_and_big_go cw_y=305 cw_cleared=False big_go_recent=False big_go_age=32.18s big_go={'cx': 15, 'cy': 87, 'area': 2610, 'score': 0.8399999737739563}[0m
[self_driving-10] [0m[INFO] [1782556798.019301342] [self_driving]: [PARK_APPROACH_WAIT] reason=need_cw_clear_and_big_go cw_y=305 cw_cleared=False big_go_recent=False big_go_age=32.25s big_go={'cx': 15, 'cy': 87, 'area': 2610, 'score': 0.8399999737739563}[0m
[self_driving-10] [0m[INFO] [1782556798.080271046] [self_driving]: [PARK_APPROACH_WAIT] reason=need_cw_clear_and_big_go cw_y=305 cw_cleared=False big_go_recent=False big_go_age=32.31s big_go={'cx': 15, 'cy': 87, 'area': 2610, 'score': 0.8399999737739563}[0m
[self_driving-10] [0m[INFO] [1782556798.166409787] [self_driving]: [PARK_APPROACH_WAIT] reason=need_cw_clear_and_big_go cw_y=305 cw_cleared=False big_go_recent=False big_go_age=32.39s big_go={'cx': 15, 'cy': 87, 'area': 2610, 'score': 0.8399999737739563}[0m
[self_driving-10] [0m[INFO] [1782556798.171311324] [self_driving]: [DEBUG_DRIVE] state=LINE_FOLLOW raw_lane_x=-1 lane_x=-1 filter=lost linear=0.15 angular=0.00 cw_y=305 park_x=-1 park_approach=False park_fb_count=0 park_boot_go=0 right_done=True start_turn=False count_turn=2 traffic=None stop=False[0m
[self_driving-10] [0m[INFO] [1782556798.218321083] [self_driving]: [PARK_APPROACH_WAIT] reason=need_cw_clear_and_big_go cw_y=305 cw_cleared=False big_go_recent=False big_go_age=32.45s big_go={'cx': 15, 'cy': 87, 'area': 2610, 'score': 0.8399999737739563}[0m
[self_driving-10] [0m[INFO] [1782556798.285239935] [self_driving]: [PARK_APPROACH_WAIT] reason=need_cw_clear_and_big_go cw_y=305 cw_cleared=False big_go_recent=False big_go_age=32.51s big_go={'cx': 15, 'cy': 87, 'area': 2610, 'score': 0.8399999737739563}[0m
[self_driving-10] [33m[WARN] [1782556798.286356731] [self_driving]: [LANE_LOST] raw_lane_x=-1 lane_x=-1 filter=lost stop=False state=LINE_FOLLOW safe_linear=0.00 right_ready=False right_done=True[0m
[self_driving-10] [0m[INFO] [1782556798.352407009] [self_driving]: [IMAGE] received count=1558 shape=(480, 640, 3) queue=0[0m
[self_driving-10] [0m[INFO] [1782556798.363618361] [self_driving]: [PARK_APPROACH_WAIT] reason=need_cw_clear_and_big_go cw_y=305 cw_cleared=False big_go_recent=False big_go_age=32.59s big_go={'cx': 15, 'cy': 87, 'area': 2610, 'score': 0.8399999737739563}[0m
[self_driving-10] [0m[INFO] [1782556798.430529064] [self_driving]: [PARK_APPROACH_WAIT] reason=need_cw_clear_and_big_go cw_y=305 cw_cleared=False big_go_recent=False big_go_age=32.66s big_go={'cx': 15, 'cy': 87, 'area': 2610, 'score': 0.8399999737739563}[0m
[self_driving-10] [0m[INFO] [1782556798.488762712] [self_driving]: [PARK_APPROACH_WAIT] reason=need_cw_clear_and_big_go cw_y=305 cw_cleared=False big_go_recent=False big_go_age=32.72s big_go={'cx': 15, 'cy': 87, 'area': 2610, 'score': 0.8399999737739563}[0m
[self_driving-10] [0m[INFO] [1782556798.556676175] [self_driving]: [PARK_APPROACH_WAIT] reason=need_cw_clear_and_big_go cw_y=305 cw_cleared=False big_go_recent=False big_go_age=32.79s big_go={'cx': 15, 'cy': 87, 'area': 2610, 'score': 0.8399999737739563}[0m
[self_driving-10] [0m[INFO] [1782556798.625496416] [self_driving]: [PARK_APPROACH_WAIT] reason=need_cw_clear_and_big_go cw_y=305 cw_cleared=False big_go_recent=False big_go_age=32.85s big_go={'cx': 15, 'cy': 87, 'area': 2610, 'score': 0.8399999737739563}[0m
[self_driving-10] [0m[INFO] [1782556798.695867138] [self_driving]: [PARK_APPROACH_WAIT] reason=need_cw_clear_and_big_go cw_y=305 cw_cleared=False big_go_recent=False big_go_age=32.92s big_go={'cx': 15, 'cy': 87, 'area': 2610, 'score': 0.8399999737739563}[0m
[self_driving-10] [0m[INFO] [1782556798.697418712] [self_driving]: [CROSSWALK_SLOW_DONE] return normal speed[0m
[self_driving-10] [0m[INFO] [1782556798.700031916] [self_driving]: [DEBUG_DRIVE] state=LINE_FOLLOW raw_lane_x=-1 lane_x=-1 filter=lost linear=0.15 angular=0.00 cw_y=305 park_x=-1 park_approach=False park_fb_count=0 park_boot_go=0 right_done=True start_turn=False count_turn=2 traffic=None stop=False[0m
[self_driving-10] [0m[INFO] [1782556798.747487675] [self_driving]: [PARK_APPROACH_WAIT] reason=need_cw_clear_and_big_go cw_y=305 cw_cleared=False big_go_recent=False big_go_age=32.98s big_go={'cx': 15, 'cy': 87, 'area': 2610, 'score': 0.8399999737739563}[0m
[self_driving-10] [0m[INFO] [1782556798.828529286] [self_driving]: [PARK_APPROACH_WAIT] reason=need_cw_clear_and_big_go cw_y=305 cw_cleared=False big_go_recent=False big_go_age=33.06s big_go={'cx': 15, 'cy': 87, 'area': 2610, 'score': 0.8399999737739563}[0m
[self_driving-10] [33m[WARN] [1782556798.831608082] [self_driving]: [LANE_LOST] raw_lane_x=-1 lane_x=-1 filter=lost stop=False state=LINE_FOLLOW safe_linear=0.00 right_ready=False right_done=True[0m
[self_driving-10] [0m[INFO] [1782556798.897462860] [self_driving]: [PARK_APPROACH_WAIT] reason=need_cw_clear_and_big_go cw_y=305 cw_cleared=False big_go_recent=False big_go_age=33.13s big_go={'cx': 15, 'cy': 87, 'area': 2610, 'score': 0.8399999737739563}[0m
[self_driving-10] [0m[INFO] [1782556798.953425064] [self_driving]: [PARK_APPROACH_WAIT] reason=need_cw_clear_and_big_go cw_y=305 cw_cleared=False big_go_recent=False big_go_age=33.18s big_go={'cx': 15, 'cy': 87, 'area': 2610, 'score': 0.8399999737739563}[0m
[self_driving-10] [0m[INFO] [1782556798.955863749] [self_driving]: [CROSSWALK_SLOW] y=305 th=180 confirm=4[0m
[self_driving-10] [0m[INFO] [1782556799.030691527] [self_driving]: [PARK_APPROACH_WAIT] reason=need_cw_clear_and_big_go cw_y=305 cw_cleared=False big_go_recent=False big_go_age=33.26s big_go={'cx': 15, 'cy': 87, 'area': 2610, 'score': 0.8399999737739563}[0m
[self_driving-10] [0m[INFO] [1782556799.084419027] [self_driving]: [PARK_APPROACH_WAIT] reason=need_cw_clear_and_big_go cw_y=305 cw_cleared=False big_go_recent=False big_go_age=33.31s big_go={'cx': 15, 'cy': 87, 'area': 2610, 'score': 0.8399999737739563}[0m
[self_driving-10] [0m[INFO] [1782556799.171199545] [self_driving]: [PARK_APPROACH_WAIT] reason=need_cw_clear_and_big_go cw_y=305 cw_cleared=False big_go_recent=False big_go_age=33.40s big_go={'cx': 15, 'cy': 87, 'area': 2610, 'score': 0.8399999737739563}[0m
[self_driving-10] [0m[INFO] [1782556799.217603267] [self_driving]: [PARK_APPROACH_WAIT] reason=need_cw_clear_and_big_go cw_y=305 cw_cleared=False big_go_recent=False big_go_age=33.45s big_go={'cx': 15, 'cy': 87, 'area': 2610, 'score': 0.8399999737739563}[0m
[self_driving-10] [0m[INFO] [1782556799.232817749] [self_driving]: [DEBUG_DRIVE] state=LINE_FOLLOW raw_lane_x=-1 lane_x=-1 filter=lost linear=0.15 angular=0.00 cw_y=305 park_x=-1 park_approach=False park_fb_count=0 park_boot_go=0 right_done=True start_turn=False count_turn=2 traffic=None stop=False[0m
[self_driving-10] [0m[INFO] [1782556799.301321619] [self_driving]: [PARK_APPROACH_WAIT] reason=need_cw_clear_and_big_go cw_y=305 cw_cleared=False big_go_recent=False big_go_age=33.53s big_go={'cx': 15, 'cy': 87, 'area': 2610, 'score': 0.8399999737739563}[0m
[self_driving-10] [0m[INFO] [1782556799.354079119] [self_driving]: [PARK_APPROACH_WAIT] reason=need_cw_clear_and_big_go cw_y=305 cw_cleared=False big_go_recent=False big_go_age=33.58s big_go={'cx': 15, 'cy': 87, 'area': 2610, 'score': 0.8399999737739563}[0m
[self_driving-10] [33m[WARN] [1782556799.355447212] [self_driving]: [LANE_LOST] raw_lane_x=-1 lane_x=-1 filter=lost stop=False state=LINE_FOLLOW safe_linear=0.00 right_ready=False right_done=True[0m
[self_driving-10] [0m[INFO] [1782556799.420358119] [self_driving]: [PARK_APPROACH_WAIT] reason=need_cw_clear_and_big_go cw_y=305 cw_cleared=False big_go_recent=False big_go_age=33.65s big_go={'cx': 15, 'cy': 87, 'area': 2610, 'score': 0.8399999737739563}[0m
[self_driving-10] [0m[INFO] [1782556799.488764841] [self_driving]: [PARK_APPROACH_WAIT] reason=need_cw_clear_and_big_go cw_y=305 cw_cleared=False big_go_recent=False big_go_age=33.72s big_go={'cx': 15, 'cy': 87, 'area': 2610, 'score': 0.8399999737739563}[0m
[self_driving-10] [0m[INFO] [1782556799.564612675] [self_driving]: [PARK_APPROACH_WAIT] reason=need_cw_clear_and_big_go cw_y=305 cw_cleared=False big_go_recent=False big_go_age=33.79s big_go={'cx': 15, 'cy': 87, 'area': 2610, 'score': 0.8399999737739563}[0m
[self_driving-10] [0m[INFO] [1782556799.640814915] [self_driving]: [PARK_APPROACH_WAIT] reason=need_cw_clear_and_big_go cw_y=305 cw_cleared=False big_go_recent=False big_go_age=33.87s big_go={'cx': 15, 'cy': 87, 'area': 2610, 'score': 0.8399999737739563}[0m
[self_driving-10] [0m[INFO] [1782556799.702613915] [self_driving]: [PARK_APPROACH_WAIT] reason=need_cw_clear_and_big_go cw_y=305 cw_cleared=False big_go_recent=False big_go_age=33.93s big_go={'cx': 15, 'cy': 87, 'area': 2610, 'score': 0.8399999737739563}[0m
[self_driving-10] [0m[INFO] [1782556799.762377545] [self_driving]: [PARK_APPROACH_WAIT] reason=need_cw_clear_and_big_go cw_y=305 cw_cleared=False big_go_recent=False big_go_age=33.99s big_go={'cx': 15, 'cy': 87, 'area': 2610, 'score': 0.8399999737739563}[0m
[self_driving-10] [0m[INFO] [1782556799.763384489] [self_driving]: [DEBUG_DRIVE] state=LINE_FOLLOW raw_lane_x=-1 lane_x=-1 filter=lost linear=0.15 angular=0.00 cw_y=305 park_x=-1 park_approach=False park_fb_count=0 park_boot_go=0 right_done=True start_turn=False count_turn=2 traffic=None stop=False[0m
[self_driving-10] [0m[INFO] [1782556799.837173934] [self_driving]: [PARK_APPROACH_WAIT] reason=need_cw_clear_and_big_go cw_y=305 cw_cleared=False big_go_recent=False big_go_age=34.07s big_go={'cx': 15, 'cy': 87, 'area': 2610, 'score': 0.8399999737739563}[0m
[self_driving-10] [0m[INFO] [1782556799.904168137] [self_driving]: [PARK_APPROACH_WAIT] reason=need_cw_clear_and_big_go cw_y=305 cw_cleared=False big_go_recent=False big_go_age=34.13s big_go={'cx': 15, 'cy': 87, 'area': 2610, 'score': 0.8399999737739563}[0m
[self_driving-10] [33m[WARN] [1782556799.907543841] [self_driving]: [LANE_LOST] raw_lane_x=-1 lane_x=-1 filter=lost stop=False state=LINE_FOLLOW safe_linear=0.00 right_ready=False right_done=True[0m
[self_driving-10] [0m[INFO] [1782556799.975872471] [self_driving]: [PARK_APPROACH_WAIT] reason=need_cw_clear_and_big_go cw_y=305 cw_cleared=False big_go_recent=False big_go_age=34.20s big_go={'cx': 15, 'cy': 87, 'area': 2610, 'score': 0.8399999737739563}[0m
[self_driving-10] [0m[INFO] [1782556800.028092952] [self_driving]: [PARK_APPROACH_WAIT] reason=need_cw_clear_and_big_go cw_y=305 cw_cleared=False big_go_recent=False big_go_age=34.26s big_go={'cx': 15, 'cy': 87, 'area': 2610, 'score': 0.8399999737739563}[0m
[self_driving-10] [0m[INFO] [1782556800.094790304] [self_driving]: [PARK_APPROACH_WAIT] reason=need_cw_clear_and_big_go cw_y=305 cw_cleared=False big_go_recent=False big_go_age=34.32s big_go={'cx': 15, 'cy': 87, 'area': 2610, 'score': 0.8399999737739563}[0m
[self_driving-10] [0m[INFO] [1782556800.156238285] [self_driving]: [PARK_APPROACH_WAIT] reason=need_cw_clear_and_big_go cw_y=305 cw_cleared=False big_go_recent=False big_go_age=34.39s big_go={'cx': 15, 'cy': 87, 'area': 2610, 'score': 0.8399999737739563}[0m
[self_driving-10] [0m[INFO] [1782556800.242456582] [self_driving]: [PARK_APPROACH_WAIT] reason=need_cw_clear_and_big_go cw_y=305 cw_cleared=False big_go_recent=False big_go_age=34.47s big_go={'cx': 15, 'cy': 87, 'area': 2610, 'score': 0.8399999737739563}[0m
[self_driving-10] [0m[INFO] [1782556800.305010878] [self_driving]: [PARK_APPROACH_WAIT] reason=need_cw_clear_and_big_go cw_y=305 cw_cleared=False big_go_recent=False big_go_age=34.53s big_go={'cx': 15, 'cy': 87, 'area': 2610, 'score': 0.8399999737739563}[0m
[self_driving-10] [0m[INFO] [1782556800.309442415] [self_driving]: [DEBUG_DRIVE] state=LINE_FOLLOW raw_lane_x=-1 lane_x=-1 filter=lost linear=0.15 angular=0.00 cw_y=305 park_x=-1 park_approach=False park_fb_count=0 park_boot_go=0 right_done=True start_turn=False count_turn=2 traffic=None stop=False[0m
[self_driving-10] [0m[INFO] [1782556800.367803119] [self_driving]: [IMAGE] received count=1588 shape=(480, 640, 3) queue=0[0m
[self_driving-10] [0m[INFO] [1782556800.381813026] [self_driving]: [PARK_APPROACH_WAIT] reason=need_cw_clear_and_big_go cw_y=305 cw_cleared=False big_go_recent=False big_go_age=34.61s big_go={'cx': 15, 'cy': 87, 'area': 2610, 'score': 0.8399999737739563}[0m
[self_driving-10] [0m[INFO] [1782556800.441595933] [self_driving]: [PARK_APPROACH_WAIT] reason=need_cw_clear_and_big_go cw_y=305 cw_cleared=False big_go_recent=False big_go_age=34.67s big_go={'cx': 15, 'cy': 87, 'area': 2610, 'score': 0.8399999737739563}[0m
[self_driving-10] [33m[WARN] [1782556800.442880063] [self_driving]: [LANE_LOST] raw_lane_x=-1 lane_x=-1 filter=lost stop=False state=LINE_FOLLOW safe_linear=0.00 right_ready=False right_done=True[0m
[self_driving-10] [0m[INFO] [1782556800.502966489] [self_driving]: [PARK_APPROACH_WAIT] reason=need_cw_clear_and_big_go cw_y=305 cw_cleared=False big_go_recent=False big_go_age=34.73s big_go={'cx': 15, 'cy': 87, 'area': 2610, 'score': 0.8399999737739563}[0m
[self_driving-10] [0m[INFO] [1782556800.565693452] [self_driving]: [PARK_APPROACH_WAIT] reason=need_cw_clear_and_big_go cw_y=305 cw_cleared=False big_go_recent=False big_go_age=34.80s big_go={'cx': 15, 'cy': 87, 'area': 2610, 'score': 0.8399999737739563}[0m
[self_driving-10] [0m[INFO] [1782556800.650807637] [self_driving]: [PARK_APPROACH_WAIT] reason=need_cw_clear_and_big_go cw_y=305 cw_cleared=False big_go_recent=False big_go_age=34.88s big_go={'cx': 15, 'cy': 87, 'area': 2610, 'score': 0.8399999737739563}[0m
[self_driving-10] [0m[INFO] [1782556800.707577526] [self_driving]: [PARK_APPROACH_WAIT] reason=need_cw_clear_and_big_go cw_y=305 cw_cleared=False big_go_recent=False big_go_age=34.94s big_go={'cx': 15, 'cy': 87, 'area': 2610, 'score': 0.8399999737739563}[0m
[self_driving-10] [0m[INFO] [1782556800.777267655] [self_driving]: [PARK_APPROACH_WAIT] reason=need_cw_clear_and_big_go cw_y=305 cw_cleared=False big_go_recent=False big_go_age=35.01s big_go={'cx': 15, 'cy': 87, 'area': 2610, 'score': 0.8399999737739563}[0m
[self_driving-10] [0m[INFO] [1782556800.842679396] [self_driving]: [PARK_APPROACH_WAIT] reason=need_cw_clear_and_big_go cw_y=305 cw_cleared=False big_go_recent=False big_go_age=35.07s big_go={'cx': 15, 'cy': 87, 'area': 2610, 'score': 0.8399999737739563}[0m
[self_driving-10] [0m[INFO] [1782556800.844399952] [self_driving]: [DEBUG_DRIVE] state=LINE_FOLLOW raw_lane_x=-1 lane_x=-1 filter=lost linear=0.15 angular=0.00 cw_y=305 park_x=-1 park_approach=False park_fb_count=0 park_boot_go=0 right_done=True start_turn=False count_turn=2 traffic=None stop=False[0m
[self_driving-10] [0m[INFO] [1782556800.903741859] [self_driving]: [PARK_APPROACH_WAIT] reason=need_cw_clear_and_big_go cw_y=305 cw_cleared=False big_go_recent=False big_go_age=35.13s big_go={'cx': 15, 'cy': 87, 'area': 2610, 'score': 0.8399999737739563}[0m
[self_driving-10] [0m[INFO] [1782556800.985795618] [self_driving]: [PARK_APPROACH_WAIT] reason=need_cw_clear_and_big_go cw_y=305 cw_cleared=False big_go_recent=False big_go_age=35.21s big_go={'cx': 15, 'cy': 87, 'area': 2610, 'score': 0.8399999737739563}[0m
[self_driving-10] [33m[WARN] [1782556800.986867785] [self_driving]: [LANE_LOST] raw_lane_x=-1 lane_x=-1 filter=lost stop=False state=LINE_FOLLOW safe_linear=0.00 right_ready=False right_done=True[0m
[self_driving-10] [0m[INFO] [1782556801.049588822] [self_driving]: [PARK_APPROACH_WAIT] reason=need_cw_clear_and_big_go cw_y=305 cw_cleared=False big_go_recent=False big_go_age=35.28s big_go={'cx': 15, 'cy': 87, 'area': 2610, 'score': 0.8399999737739563}[0m
[self_driving-10] [0m[INFO] [1782556801.121269637] [self_driving]: [PARK_APPROACH_WAIT] reason=need_cw_clear_and_big_go cw_y=305 cw_cleared=False big_go_recent=False big_go_age=35.35s big_go={'cx': 15, 'cy': 87, 'area': 2610, 'score': 0.8399999737739563}[0m
[self_driving-10] [0m[INFO] [1782556801.171933951] [self_driving]: [PARK_APPROACH_WAIT] reason=need_cw_clear_and_big_go cw_y=305 cw_cleared=False big_go_recent=False big_go_age=35.40s big_go={'cx': 15, 'cy': 87, 'area': 2610, 'score': 0.8399999737739563}[0m
[self_driving-10] [0m[INFO] [1782556801.239849618] [self_driving]: [PARK_APPROACH_WAIT] reason=need_cw_clear_and_big_go cw_y=305 cw_cleared=False big_go_recent=False big_go_age=35.47s big_go={'cx': 15, 'cy': 87, 'area': 2610, 'score': 0.8399999737739563}[0m
[self_driving-10] [0m[INFO] [1782556801.312629488] [self_driving]: [PARK_APPROACH_WAIT] reason=need_cw_clear_and_big_go cw_y=305 cw_cleared=False big_go_recent=False big_go_age=35.54s big_go={'cx': 15, 'cy': 87, 'area': 2610, 'score': 0.8399999737739563}[0m
[self_driving-10] [0m[INFO] [1782556801.383399137] [self_driving]: [PARK_APPROACH_WAIT] reason=need_cw_clear_and_big_go cw_y=305 cw_cleared=False big_go_recent=False big_go_age=35.61s big_go={'cx': 15, 'cy': 87, 'area': 2610, 'score': 0.8399999737739563}[0m
[self_driving-10] [0m[INFO] [1782556801.388639859] [self_driving]: [DEBUG_DRIVE] state=LINE_FOLLOW raw_lane_x=-1 lane_x=-1 filter=lost linear=0.15 angular=0.00 cw_y=305 park_x=-1 park_approach=False park_fb_count=0 park_boot_go=0 right_done=True start_turn=False count_turn=2 traffic=None stop=False[0m
[self_driving-10] [0m[INFO] [1782556801.439580766] [self_driving]: [PARK_APPROACH_WAIT] reason=need_cw_clear_and_big_go cw_y=305 cw_cleared=False big_go_recent=False big_go_age=35.67s big_go={'cx': 15, 'cy': 87, 'area': 2610, 'score': 0.8399999737739563}[0m
[self_driving-10] [0m[INFO] [1782556801.510042951] [self_driving]: [PARK_APPROACH_WAIT] reason=need_cw_clear_and_big_go cw_y=305 cw_cleared=False big_go_recent=False big_go_age=35.74s big_go={'cx': 15, 'cy': 87, 'area': 2610, 'score': 0.8399999737739563}[0m
[self_driving-10] [33m[WARN] [1782556801.511047711] [self_driving]: [LANE_LOST] raw_lane_x=-1 lane_x=-1 filter=lost stop=False state=LINE_FOLLOW safe_linear=0.00 right_ready=False right_done=True[0m
[self_driving-10] [0m[INFO] [1782556801.582320636] [self_driving]: [PARK_APPROACH_WAIT] reason=need_cw_clear_and_big_go cw_y=305 cw_cleared=False big_go_recent=False big_go_age=35.81s big_go={'cx': 15, 'cy': 87, 'area': 2610, 'score': 0.8399999737739563}[0m
[self_driving-10] [0m[INFO] [1782556801.646404303] [self_driving]: [PARK_APPROACH_WAIT] reason=need_cw_clear_and_big_go cw_y=305 cw_cleared=False big_go_recent=False big_go_age=35.88s big_go={'cx': 15, 'cy': 87, 'area': 2610, 'score': 0.8399999737739563}[0m
[self_driving-10] [0m[INFO] [1782556801.646991210] [self_driving]: [CROSSWALK_SLOW_DONE] return normal speed[0m
[self_driving-10] [0m[INFO] [1782556801.721613414] [self_driving]: [PARK_APPROACH_WAIT] reason=need_cw_clear_and_big_go cw_y=305 cw_cleared=False big_go_recent=False big_go_age=35.95s big_go={'cx': 15, 'cy': 87, 'area': 2610, 'score': 0.8399999737739563}[0m
[self_driving-10] [0m[INFO] [1782556801.777197933] [self_driving]: [PARK_APPROACH_WAIT] reason=need_cw_clear_and_big_go cw_y=305 cw_cleared=False big_go_recent=False big_go_age=36.01s big_go={'cx': 15, 'cy': 87, 'area': 2610, 'score': 0.8399999737739563}[0m
[self_driving-10] [0m[INFO] [1782556801.851456877] [self_driving]: [PARK_APPROACH_WAIT] reason=need_cw_clear_and_big_go cw_y=305 cw_cleared=False big_go_recent=False big_go_age=36.08s big_go={'cx': 15, 'cy': 87, 'area': 2610, 'score': 0.8399999737739563}[0m
[self_driving-10] [0m[INFO] [1782556801.916216988] [self_driving]: [PARK_APPROACH_WAIT] reason=need_cw_clear_and_big_go cw_y=305 cw_cleared=False big_go_recent=False big_go_age=36.15s big_go={'cx': 15, 'cy': 87, 'area': 2610, 'score': 0.8399999737739563}[0m
[self_driving-10] [0m[INFO] [1782556801.916790766] [self_driving]: [CROSSWALK_SLOW] y=305 th=180 confirm=4[0m
[self_driving-10] [0m[INFO] [1782556801.917742377] [self_driving]: [DEBUG_DRIVE] state=LINE_FOLLOW raw_lane_x=210.5 lane_x=210.5 filter=stable linear=0.15 angular=-0.45 cw_y=305 park_x=-1 park_approach=False park_fb_count=0 park_boot_go=0 right_done=True start_turn=False count_turn=4 traffic=None stop=False[0m
[self_driving-10] [0m[INFO] [1782556801.984676710] [self_driving]: [PARK_APPROACH_WAIT] reason=need_cw_clear_and_big_go cw_y=305 cw_cleared=False big_go_recent=False big_go_age=36.21s big_go={'cx': 15, 'cy': 87, 'area': 2610, 'score': 0.8399999737739563}[0m
[self_driving-10] [0m[INFO] [1782556802.061539525] [self_driving]: [PARK_APPROACH_WAIT] reason=need_cw_clear_and_big_go cw_y=305 cw_cleared=False big_go_recent=False big_go_age=36.29s big_go={'cx': 15, 'cy': 87, 'area': 2610, 'score': 0.8399999737739563}[0m
[self_driving-10] [0m[INFO] [1782556802.120665025] [self_driving]: [PARK_APPROACH_WAIT] reason=need_cw_clear_and_big_go cw_y=305 cw_cleared=False big_go_recent=False big_go_age=36.35s big_go={'cx': 15, 'cy': 87, 'area': 2610, 'score': 0.8399999737739563}[0m
[self_driving-10] [0m[INFO] [1782556802.182749803] [self_driving]: [PARK_APPROACH_WAIT] reason=need_cw_clear_and_big_go cw_y=305 cw_cleared=False big_go_recent=False big_go_age=36.41s big_go={'cx': 15, 'cy': 87, 'area': 2610, 'score': 0.8399999737739563}[0m
[self_driving-10] [0m[INFO] [1782556802.250632247] [self_driving]: [PARK_APPROACH_WAIT] reason=need_cw_clear_and_big_go cw_y=305 cw_cleared=False big_go_recent=False big_go_age=36.48s big_go={'cx': 15, 'cy': 87, 'area': 2610, 'score': 0.8399999737739563}[0m
[self_driving-10] [0m[INFO] [1782556802.319216543] [self_driving]: [PARK_APPROACH_WAIT] reason=need_cw_clear_and_big_go cw_y=305 cw_cleared=False big_go_recent=False big_go_age=36.55s big_go={'cx': 15, 'cy': 87, 'area': 2610, 'score': 0.8399999737739563}[0m
[self_driving-10] [0m[INFO] [1782556802.394822414] [self_driving]: [IMAGE] received count=1618 shape=(480, 640, 3) queue=0[0m
[self_driving-10] [0m[INFO] [1782556802.408123932] [self_driving]: [PARK_APPROACH_WAIT] reason=need_cw_clear_and_big_go cw_y=305 cw_cleared=False big_go_recent=False big_go_age=36.64s big_go={'cx': 15, 'cy': 87, 'area': 2610, 'score': 0.8399999737739563}[0m
[self_driving-10] [0m[INFO] [1782556802.446811080] [self_driving]: [PARK_APPROACH_WAIT] reason=need_cw_clear_and_big_go cw_y=305 cw_cleared=False big_go_recent=False big_go_age=36.68s big_go={'cx': 15, 'cy': 87, 'area': 2610, 'score': 0.8399999737739563}[0m
[self_driving-10] [0m[INFO] [1782556802.447846432] [self_driving]: [DEBUG_DRIVE] state=LINE_FOLLOW raw_lane_x=56.5 lane_x=56.5 filter=stable linear=0.15 angular=0.10 cw_y=305 park_x=-1 park_approach=False park_fb_count=0 park_boot_go=0 right_done=True start_turn=False count_turn=0 traffic=None stop=False[0m
[self_driving-10] [0m[INFO] [1782556802.528295506] [self_driving]: [PARK_APPROACH_WAIT] reason=need_cw_clear_and_big_go cw_y=305 cw_cleared=False big_go_recent=False big_go_age=36.76s big_go={'cx': 15, 'cy': 87, 'area': 2610, 'score': 0.8399999737739563}[0m
[self_driving-10] [0m[INFO] [1782556802.599676858] [self_driving]: [PARK_APPROACH_WAIT] reason=need_cw_clear_and_big_go cw_y=305 cw_cleared=False big_go_recent=False big_go_age=36.83s big_go={'cx': 15, 'cy': 87, 'area': 2610, 'score': 0.8399999737739563}[0m
[self_driving-10] [0m[INFO] [1782556802.651202580] [self_driving]: [PARK_APPROACH_WAIT] reason=need_cw_clear_and_big_go cw_y=305 cw_cleared=False big_go_recent=False big_go_age=36.88s big_go={'cx': 15, 'cy': 87, 'area': 2610, 'score': 0.8399999737739563}[0m
[self_driving-10] [0m[INFO] [1782556802.726694969] [self_driving]: [PARK_APPROACH_WAIT] reason=need_cw_clear_and_big_go cw_y=305 cw_cleared=False big_go_recent=False big_go_age=36.96s big_go={'cx': 15, 'cy': 87, 'area': 2610, 'score': 0.8399999737739563}[0m
[self_driving-10] [0m[INFO] [1782556802.790951784] [self_driving]: [PARK_APPROACH_WAIT] reason=need_cw_clear_and_big_go cw_y=305 cw_cleared=False big_go_recent=False big_go_age=37.02s big_go={'cx': 15, 'cy': 87, 'area': 2610, 'score': 0.8399999737739563}[0m
[self_driving-10] [0m[INFO] [1782556802.849253895] [self_driving]: [PARK_APPROACH_WAIT] reason=need_cw_clear_and_big_go cw_y=305 cw_cleared=False big_go_recent=False big_go_age=37.08s big_go={'cx': 15, 'cy': 87, 'area': 2610, 'score': 0.8399999737739563}[0m
[self_driving-10] [0m[INFO] [1782556802.926085191] [self_driving]: [PARK_APPROACH_WAIT] reason=need_cw_clear_and_big_go cw_y=305 cw_cleared=False big_go_recent=False big_go_age=37.16s big_go={'cx': 15, 'cy': 87, 'area': 2610, 'score': 0.8399999737739563}[0m
[self_driving-10] [0m[INFO] [1782556802.981454154] [self_driving]: [PARK_APPROACH_WAIT] reason=need_cw_clear_and_big_go cw_y=305 cw_cleared=False big_go_recent=False big_go_age=37.21s big_go={'cx': 15, 'cy': 87, 'area': 2610, 'score': 0.8399999737739563}[0m
[self_driving-10] [0m[INFO] [1782556802.985167747] [self_driving]: [DEBUG_DRIVE] state=LINE_FOLLOW raw_lane_x=122.5 lane_x=122.5 filter=stable linear=0.15 angular=-0.05 cw_y=305 park_x=-1 park_approach=False park_fb_count=0 park_boot_go=0 right_done=True start_turn=False count_turn=0 traffic=None stop=False[0m
[self_driving-10] [0m[INFO] [1782556803.045971561] [self_driving]: [ALL_CLASSES] ['crosswalk'][0m
[self_driving-10] [0m[INFO] [1782556803.048340487] [self_driving]: [OBJECTS] msg_count=134 n=1 names=['crosswalk'][0m
[self_driving-10] [0m[INFO] [1782556803.080067673] [self_driving]: [PARK_APPROACH_WAIT] reason=need_cw_clear_and_big_go cw_y=188 cw_cleared=True big_go_recent=False big_go_age=37.31s big_go={'cx': 15, 'cy': 87, 'area': 2610, 'score': 0.8399999737739563}[0m
[self_driving-10] [0m[INFO] [1782556803.126418673] [self_driving]: [PARK_APPROACH_WAIT] reason=need_cw_clear_and_big_go cw_y=188 cw_cleared=True big_go_recent=False big_go_age=37.36s big_go={'cx': 15, 'cy': 87, 'area': 2610, 'score': 0.8399999737739563}[0m
[self_driving-10] [0m[INFO] [1782556803.211206061] [self_driving]: [PARK_APPROACH_WAIT] reason=need_cw_clear_and_big_go cw_y=188 cw_cleared=True big_go_recent=False big_go_age=37.44s big_go={'cx': 15, 'cy': 87, 'area': 2610, 'score': 0.8399999737739563}[0m
[self_driving-10] [0m[INFO] [1782556803.265987617] [self_driving]: [PARK_APPROACH_WAIT] reason=need_cw_clear_and_big_go cw_y=188 cw_cleared=True big_go_recent=False big_go_age=37.50s big_go={'cx': 15, 'cy': 87, 'area': 2610, 'score': 0.8399999737739563}[0m
[self_driving-10] [0m[INFO] [1782556803.323835358] [self_driving]: [PARK_APPROACH_WAIT] reason=need_cw_clear_and_big_go cw_y=188 cw_cleared=True big_go_recent=False big_go_age=37.55s big_go={'cx': 15, 'cy': 87, 'area': 2610, 'score': 0.8399999737739563}[0m
[self_driving-10] [0m[INFO] [1782556803.393283969] [self_driving]: [PARK_APPROACH_WAIT] reason=need_cw_clear_and_big_go cw_y=188 cw_cleared=True big_go_recent=False big_go_age=37.62s big_go={'cx': 15, 'cy': 87, 'area': 2610, 'score': 0.8399999737739563}[0m
[self_driving-10] [0m[INFO] [1782556803.423067043] [self_driving]: [ALL_CLASSES] ['crosswalk'][0m
[self_driving-10] [0m[INFO] [1782556803.426073228] [self_driving]: [ALL_CLASSES] ['crosswalk'][0m
[self_driving-10] [0m[INFO] [1782556803.476140376] [self_driving]: [PARK_APPROACH_WAIT] reason=need_cw_clear_and_big_go cw_y=173 cw_cleared=True big_go_recent=False big_go_age=37.71s big_go={'cx': 15, 'cy': 87, 'area': 2610, 'score': 0.8399999737739563}[0m
[self_driving-10] [0m[INFO] [1782556803.543598357] [self_driving]: [PARK_APPROACH_WAIT] reason=need_cw_clear_and_big_go cw_y=173 cw_cleared=True big_go_recent=False big_go_age=37.77s big_go={'cx': 15, 'cy': 87, 'area': 2610, 'score': 0.8399999737739563}[0m
[self_driving-10] [0m[INFO] [1782556803.544225783] [self_driving]: [CROSSWALK_IGNORE] y=173 < th=180[0m
[self_driving-10] [0m[INFO] [1782556803.544945413] [self_driving]: [DEBUG_DRIVE] state=LINE_FOLLOW raw_lane_x=134.5 lane_x=134.5 filter=stable linear=0.15 angular=-0.10 cw_y=173 park_x=-1 park_approach=False park_fb_count=0 park_boot_go=0 right_done=True start_turn=False count_turn=0 traffic=None stop=False[0m
[self_driving-10] [0m[INFO] [1782556803.608950524] [self_driving]: [PARK_APPROACH_WAIT] reason=need_cw_clear_and_big_go cw_y=173 cw_cleared=True big_go_recent=False big_go_age=37.84s big_go={'cx': 15, 'cy': 87, 'area': 2610, 'score': 0.8399999737739563}[0m
[self_driving-10] [0m[INFO] [1782556803.665488561] [self_driving]: [PARK_APPROACH_WAIT] reason=need_cw_clear_and_big_go cw_y=173 cw_cleared=True big_go_recent=False big_go_age=37.89s big_go={'cx': 15, 'cy': 87, 'area': 2610, 'score': 0.8399999737739563}[0m
[self_driving-10] [0m[INFO] [1782556803.724987524] [self_driving]: [PARK_APPROACH_WAIT] reason=need_cw_clear_and_big_go cw_y=173 cw_cleared=True big_go_recent=False big_go_age=37.95s big_go={'cx': 15, 'cy': 87, 'area': 2610, 'score': 0.8399999737739563}[0m
[self_driving-10] [0m[INFO] [1782556803.772922135] [self_driving]: [ALL_CLASSES] ['right'][0m
[self_driving-10] [0m[INFO] [1782556803.773393339] [self_driving]: [OBJECTS] msg_count=137 n=1 names=['right'][0m
[self_driving-10] [0m[INFO] [1782556803.775658135] [self_driving]: [RIGHT_CANDIDATE] valid=False reject=['small_area', 'right_done'] cnt=0 cx=276 cy=125 area=588 score=0.85 done=True[0m
[self_driving-10] [0m[INFO] [1782556803.783300135] [self_driving]: [ALL_CLASSES] ['crosswalk'][0m
[self_driving-10] [0m[INFO] [1782556803.817064228] [self_driving]: [PARK_APPROACH_WAIT] reason=need_cw_clear_and_big_go cw_y=176 cw_cleared=True big_go_recent=False big_go_age=38.05s big_go={'cx': 15, 'cy': 87, 'area': 2610, 'score': 0.8399999737739563}[0m
[self_driving-10] [0m[INFO] [1782556803.865299024] [self_driving]: [PARK_APPROACH_WAIT] reason=need_cw_clear_and_big_go cw_y=176 cw_cleared=True big_go_recent=False big_go_age=38.09s big_go={'cx': 15, 'cy': 87, 'area': 2610, 'score': 0.8399999737739563}[0m
[self_driving-10] [0m[INFO] [1782556803.936171246] [self_driving]: [PARK_APPROACH_WAIT] reason=need_cw_clear_and_big_go cw_y=176 cw_cleared=True big_go_recent=False big_go_age=38.17s big_go={'cx': 15, 'cy': 87, 'area': 2610, 'score': 0.8399999737739563}[0m
[self_driving-10] [0m[INFO] [1782556804.000606302] [self_driving]: [PARK_APPROACH_WAIT] reason=need_cw_clear_and_big_go cw_y=176 cw_cleared=True big_go_recent=False big_go_age=38.23s big_go={'cx': 15, 'cy': 87, 'area': 2610, 'score': 0.8399999737739563}[0m
[self_driving-10] [0m[INFO] [1782556804.067767468] [self_driving]: [PARK_APPROACH_WAIT] reason=need_cw_clear_and_big_go cw_y=176 cw_cleared=True big_go_recent=False big_go_age=38.30s big_go={'cx': 15, 'cy': 87, 'area': 2610, 'score': 0.8399999737739563}[0m
[self_driving-10] [0m[INFO] [1782556804.070300690] [self_driving]: [CROSSWALK_IGNORE] y=176 < th=180[0m
[self_driving-10] [0m[INFO] [1782556804.072049209] [self_driving]: [DEBUG_DRIVE] state=LINE_FOLLOW raw_lane_x=129.0 lane_x=129.0 filter=stable linear=0.15 angular=0.10 cw_y=176 park_x=-1 park_approach=False park_fb_count=0 park_boot_go=0 right_done=True start_turn=False count_turn=0 traffic=None stop=False[0m
[self_driving-10] [0m[INFO] [1782556804.122419987] [self_driving]: [ALL_CLASSES] ['right'][0m
[self_driving-10] [0m[INFO] [1782556804.122927765] [self_driving]: [RIGHT_CANDIDATE] valid=False reject=['small_area', 'right_done'] cnt=0 cx=292 cy=125 area=660 score=0.85 done=True[0m
[self_driving-10] [0m[INFO] [1782556804.126237950] [self_driving]: [ALL_CLASSES] ['crosswalk'][0m
[self_driving-10] [0m[INFO] [1782556804.139123764] [self_driving]: [ALL_CLASSES] ['crosswalk'][0m
[self_driving-10] [0m[INFO] [1782556804.155331931] [self_driving]: [PARK_APPROACH_WAIT] reason=need_cw_clear_and_big_go cw_y=18 cw_cleared=True big_go_recent=False big_go_age=38.37s big_go={'cx': 15, 'cy': 87, 'area': 2610, 'score': 0.8399999737739563}[0m
[self_driving-10] [0m[INFO] [1782556804.188418450] [self_driving]: [PARK_APPROACH_WAIT] reason=need_cw_clear_and_big_go cw_y=18 cw_cleared=True big_go_recent=False big_go_age=38.42s big_go={'cx': 15, 'cy': 87, 'area': 2610, 'score': 0.8399999737739563}[0m
[self_driving-10] [0m[INFO] [1782556804.272673450] [self_driving]: [PARK_APPROACH_WAIT] reason=need_cw_clear_and_big_go cw_y=18 cw_cleared=True big_go_recent=False big_go_age=38.50s big_go={'cx': 15, 'cy': 87, 'area': 2610, 'score': 0.8399999737739563}[0m
[self_driving-10] [0m[INFO] [1782556804.335495024] [self_driving]: [PARK_APPROACH_WAIT] reason=need_cw_clear_and_big_go cw_y=18 cw_cleared=True big_go_recent=False big_go_age=38.56s big_go={'cx': 15, 'cy': 87, 'area': 2610, 'score': 0.8399999737739563}[0m
[self_driving-10] [0m[INFO] [1782556804.398895116] [self_driving]: [IMAGE] received count=1648 shape=(480, 640, 3) queue=0[0m
[self_driving-10] [0m[INFO] [1782556804.410007727] [self_driving]: [PARK_APPROACH_WAIT] reason=need_cw_clear_and_big_go cw_y=18 cw_cleared=True big_go_recent=False big_go_age=38.64s big_go={'cx': 15, 'cy': 87, 'area': 2610, 'score': 0.8399999737739563}[0m
[self_driving-10] [0m[INFO] [1782556804.463625709] [self_driving]: [ALL_CLASSES] ['crosswalk'][0m
[self_driving-10] [0m[INFO] [1782556804.464942172] [self_driving]: [OBJECTS] msg_count=142 n=1 names=['crosswalk'][0m
[self_driving-10] [0m[INFO] [1782556804.476672320] [self_driving]: [ALL_CLASSES] ['crosswalk'][0m
[self_driving-10] [0m[INFO] [1782556804.489603061] [self_driving]: [PARK_APPROACH_WAIT] reason=need_cw_clear_and_big_go cw_y=180 cw_cleared=True big_go_recent=False big_go_age=38.71s big_go={'cx': 15, 'cy': 87, 'area': 2610, 'score': 0.8399999737739563}[0m
[self_driving-10] [0m[INFO] [1782556804.547613042] [self_driving]: [PARK_APPROACH_WAIT] reason=need_cw_clear_and_big_go cw_y=180 cw_cleared=True big_go_recent=False big_go_age=38.78s big_go={'cx': 15, 'cy': 87, 'area': 2610, 'score': 0.8399999737739563}[0m
[self_driving-10] [0m[INFO] [1782556804.610112338] [self_driving]: [PARK_APPROACH_WAIT] reason=need_cw_clear_and_big_go cw_y=180 cw_cleared=True big_go_recent=False big_go_age=38.84s big_go={'cx': 15, 'cy': 87, 'area': 2610, 'score': 0.8399999737739563}[0m
[self_driving-10] [0m[INFO] [1782556804.610654301] [self_driving]: [CROSSWALK_SLOW_DONE] return normal speed[0m
[self_driving-10] [0m[INFO] [1782556804.612260949] [self_driving]: [DEBUG_DRIVE] state=LINE_FOLLOW raw_lane_x=131.0 lane_x=131.0 filter=stable linear=0.15 angular=0.10 cw_y=180 park_x=-1 park_approach=False park_fb_count=0 park_boot_go=0 right_done=True start_turn=False count_turn=0 traffic=None stop=False[0m
[self_driving-10] [0m[INFO] [1782556804.676770616] [self_driving]: [PARK_APPROACH_WAIT] reason=need_cw_clear_and_big_go cw_y=180 cw_cleared=True big_go_recent=False big_go_age=38.91s big_go={'cx': 15, 'cy': 87, 'area': 2610, 'score': 0.8399999737739563}[0m
[self_driving-10] [0m[INFO] [1782556804.727418505] [self_driving]: [PARK_APPROACH_WAIT] reason=need_cw_clear_and_big_go cw_y=180 cw_cleared=True big_go_recent=False big_go_age=38.96s big_go={'cx': 15, 'cy': 87, 'area': 2610, 'score': 0.8399999737739563}[0m
[self_driving-10] [0m[INFO] [1782556804.804147820] [self_driving]: [PARK_APPROACH_WAIT] reason=need_cw_clear_and_big_go cw_y=180 cw_cleared=True big_go_recent=False big_go_age=39.03s big_go={'cx': 15, 'cy': 87, 'area': 2610, 'score': 0.8399999737739563}[0m
[self_driving-10] [0m[INFO] [1782556804.828374746] [self_driving]: [ALL_CLASSES] ['right'][0m
[self_driving-10] [0m[INFO] [1782556804.828925709] [self_driving]: [RIGHT_CANDIDATE] valid=False reject=['small_area', 'right_done'] cnt=0 cx=271 cy=124 area=825 score=0.86 done=True[0m
[self_driving-10] [0m[INFO] [1782556804.831612079] [self_driving]: [ALL_CLASSES] ['crosswalk'][0m
[self_driving-10] [0m[INFO] [1782556804.833903986] [self_driving]: [ALL_CLASSES] ['crosswalk'][0m
[self_driving-10] [0m[INFO] [1782556804.878452653] [self_driving]: [PARK_APPROACH_WAIT] reason=need_cw_clear_and_big_go cw_y=181 cw_cleared=True big_go_recent=False big_go_age=39.11s big_go={'cx': 15, 'cy': 87, 'area': 2610, 'score': 0.8399999737739563}[0m
[self_driving-10] [0m[INFO] [1782556804.879090171] [self_driving]: [CROSSWALK_SLOW] y=181 th=180 confirm=4[0m
[self_driving-10] [0m[INFO] [1782556804.942833616] [self_driving]: [PARK_APPROACH_WAIT] reason=need_cw_clear_and_big_go cw_y=181 cw_cleared=True big_go_recent=False big_go_age=39.17s big_go={'cx': 15, 'cy': 87, 'area': 2610, 'score': 0.8399999737739563}[0m
[self_driving-10] [0m[INFO] [1782556805.016190338] [self_driving]: [PARK_APPROACH_WAIT] reason=need_cw_clear_and_big_go cw_y=181 cw_cleared=True big_go_recent=False big_go_age=39.25s big_go={'cx': 15, 'cy': 87, 'area': 2610, 'score': 0.8399999737739563}[0m
[self_driving-10] [0m[INFO] [1782556805.063067282] [self_driving]: [PARK_APPROACH_WAIT] reason=need_cw_clear_and_big_go cw_y=181 cw_cleared=True big_go_recent=False big_go_age=39.29s big_go={'cx': 15, 'cy': 87, 'area': 2610, 'score': 0.8399999737739563}[0m
[self_driving-10] [0m[INFO] [1782556805.144759245] [self_driving]: [PARK_APPROACH_WAIT] reason=need_cw_clear_and_big_go cw_y=181 cw_cleared=True big_go_recent=False big_go_age=39.37s big_go={'cx': 15, 'cy': 87, 'area': 2610, 'score': 0.8399999737739563}[0m
[self_driving-10] [0m[INFO] [1782556805.145439949] [self_driving]: [DEBUG_DRIVE] state=LINE_FOLLOW raw_lane_x=128.5 lane_x=128.5 filter=stable linear=0.15 angular=0.10 cw_y=181 park_x=-1 park_approach=False park_fb_count=0 park_boot_go=0 right_done=True start_turn=False count_turn=0 traffic=None stop=False[0m
[self_driving-10] [0m[INFO] [1782556805.174853949] [self_driving]: [ALL_CLASSES] ['crosswalk'][0m
[self_driving-10] [0m[INFO] [1782556805.176110523] [self_driving]: [OBJECTS] msg_count=147 n=1 names=['crosswalk'][0m
[self_driving-10] [0m[INFO] [1782556805.180124505] [self_driving]: [ALL_CLASSES] ['crosswalk'][0m
[self_driving-10] [0m[INFO] [1782556805.225460005] [self_driving]: [PARK_APPROACH_WAIT] reason=need_cw_clear_and_big_go cw_y=183 cw_cleared=True big_go_recent=False big_go_age=39.45s big_go={'cx': 15, 'cy': 87, 'area': 2610, 'score': 0.8399999737739563}[0m
[self_driving-10] [0m[INFO] [1782556805.274187227] [self_driving]: [PARK_APPROACH_WAIT] reason=need_cw_clear_and_big_go cw_y=183 cw_cleared=True big_go_recent=False big_go_age=39.50s big_go={'cx': 15, 'cy': 87, 'area': 2610, 'score': 0.8399999737739563}[0m
[self_driving-10] [0m[INFO] [1782556805.338580634] [self_driving]: [PARK_APPROACH_WAIT] reason=need_cw_clear_and_big_go cw_y=183 cw_cleared=True big_go_recent=False big_go_age=39.57s big_go={'cx': 15, 'cy': 87, 'area': 2610, 'score': 0.8399999737739563}[0m
[self_driving-10] [0m[INFO] [1782556805.403110134] [self_driving]: [PARK_APPROACH_WAIT] reason=need_cw_clear_and_big_go cw_y=183 cw_cleared=True big_go_recent=False big_go_age=39.63s big_go={'cx': 15, 'cy': 87, 'area': 2610, 'score': 0.8399999737739563}[0m
[self_driving-10] [0m[INFO] [1782556805.479792375] [self_driving]: [PARK_APPROACH_WAIT] reason=need_cw_clear_and_big_go cw_y=183 cw_cleared=True big_go_recent=False big_go_age=39.71s big_go={'cx': 15, 'cy': 87, 'area': 2610, 'score': 0.8399999737739563}[0m
[self_driving-10] [0m[INFO] [1782556805.539823153] [self_driving]: [PARK_APPROACH_WAIT] reason=need_cw_clear_and_big_go cw_y=183 cw_cleared=True big_go_recent=False big_go_age=39.77s big_go={'cx': 15, 'cy': 87, 'area': 2610, 'score': 0.8399999737739563}[0m
[self_driving-10] [0m[INFO] [1782556805.546099523] [self_driving]: [ALL_CLASSES] ['crosswalk'][0m
[self_driving-10] [0m[INFO] [1782556805.549754356] [self_driving]: [ALL_CLASSES] ['crosswalk'][0m
[self_driving-10] [0m[INFO] [1782556805.620551671] [self_driving]: [PARK_APPROACH_WAIT] reason=need_cw_clear_and_big_go cw_y=184 cw_cleared=True big_go_recent=False big_go_age=39.85s big_go={'cx': 15, 'cy': 87, 'area': 2610, 'score': 0.8399999737739563}[0m
[self_driving-10] [0m[INFO] [1782556805.680607523] [self_driving]: [PARK_APPROACH_WAIT] reason=need_cw_clear_and_big_go cw_y=184 cw_cleared=True big_go_recent=False big_go_age=39.91s big_go={'cx': 15, 'cy': 87, 'area': 2610, 'score': 0.8399999737739563}[0m
[self_driving-10] [0m[INFO] [1782556805.682912671] [self_driving]: [DEBUG_DRIVE] state=LINE_FOLLOW raw_lane_x=135.5 lane_x=135.5 filter=stable linear=0.15 angular=0.10 cw_y=184 park_x=-1 park_approach=False park_fb_count=0 park_boot_go=0 right_done=True start_turn=False count_turn=0 traffic=None stop=False[0m
[self_driving-10] [0m[INFO] [1782556805.735408152] [self_driving]: [PARK_APPROACH_WAIT] reason=need_cw_clear_and_big_go cw_y=184 cw_cleared=True big_go_recent=False big_go_age=39.96s big_go={'cx': 15, 'cy': 87, 'area': 2610, 'score': 0.8399999737739563}[0m
[self_driving-10] [0m[INFO] [1782556805.816514208] [self_driving]: [PARK_APPROACH_WAIT] reason=need_cw_clear_and_big_go cw_y=184 cw_cleared=True big_go_recent=False big_go_age=40.05s big_go={'cx': 15, 'cy': 87, 'area': 2610, 'score': 0.8399999737739563}[0m
[self_driving-10] [0m[INFO] [1782556805.871530745] [self_driving]: [PARK_APPROACH_WAIT] reason=need_cw_clear_and_big_go cw_y=184 cw_cleared=True big_go_recent=False big_go_age=40.10s big_go={'cx': 15, 'cy': 87, 'area': 2610, 'score': 0.8399999737739563}[0m
[self_driving-10] [0m[INFO] [1782556805.896318745] [self_driving]: [ALL_CLASSES] ['crosswalk'][0m
[self_driving-10] [0m[INFO] [1782556805.896753671] [self_driving]: [OBJECTS] msg_count=151 n=1 names=['crosswalk'][0m
[self_driving-10] [0m[INFO] [1782556805.900477726] [self_driving]: [ALL_CLASSES] ['crosswalk'][0m
[self_driving-10] [0m[INFO] [1782556805.905012726] [self_driving]: [ALL_CLASSES] ['crosswalk'][0m
[self_driving-10] [0m[INFO] [1782556805.957296134] [self_driving]: [PARK_APPROACH_WAIT] reason=need_cw_clear_and_big_go cw_y=11 cw_cleared=True big_go_recent=False big_go_age=40.18s big_go={'cx': 15, 'cy': 87, 'area': 2610, 'score': 0.8399999737739563}[0m
[self_driving-10] [0m[INFO] [1782556806.013135171] [self_driving]: [PARK_APPROACH_WAIT] reason=need_cw_clear_and_big_go cw_y=11 cw_cleared=True big_go_recent=False big_go_age=40.24s big_go={'cx': 15, 'cy': 87, 'area': 2610, 'score': 0.8399999737739563}[0m
[self_driving-10] [0m[INFO] [1782556806.091127097] [self_driving]: [PARK_APPROACH_WAIT] reason=need_cw_clear_and_big_go cw_y=11 cw_cleared=True big_go_recent=False big_go_age=40.32s big_go={'cx': 15, 'cy': 87, 'area': 2610, 'score': 0.8399999737739563}[0m
[self_driving-10] [0m[INFO] [1782556806.136058504] [self_driving]: [PARK_APPROACH_WAIT] reason=need_cw_clear_and_big_go cw_y=11 cw_cleared=True big_go_recent=False big_go_age=40.37s big_go={'cx': 15, 'cy': 87, 'area': 2610, 'score': 0.8399999737739563}[0m
[self_driving-10] [0m[INFO] [1782556806.209870819] [self_driving]: [PARK_APPROACH_WAIT] reason=need_cw_clear_and_big_go cw_y=11 cw_cleared=True big_go_recent=False big_go_age=40.44s big_go={'cx': 15, 'cy': 87, 'area': 2610, 'score': 0.8399999737739563}[0m
[self_driving-10] [0m[INFO] [1782556806.212087448] [self_driving]: [CROSSWALK_IGNORE] y=11 < th=180[0m
[self_driving-10] [0m[INFO] [1782556806.217567356] [self_driving]: [DEBUG_DRIVE] state=LINE_FOLLOW raw_lane_x=129.5 lane_x=129.5 filter=stable linear=0.15 angular=-0.03 cw_y=11 park_x=-1 park_approach=False park_fb_count=0 park_boot_go=0 right_done=True start_turn=False count_turn=0 traffic=None stop=False[0m
[self_driving-10] [0m[INFO] [1782556806.242420819] [self_driving]: [ALL_CLASSES] ['crosswalk'][0m
[self_driving-10] [0m[INFO] [1782556806.245089485] [self_driving]: [ALL_CLASSES] ['right'][0m
[self_driving-10] [0m[INFO] [1782556806.247612763] [self_driving]: [RIGHT_CANDIDATE] valid=False reject=['small_area', 'right_done'] cnt=0 cx=222 cy=112 area=1452 score=0.83 done=True[0m
[self_driving-10] [0m[INFO] [1782556806.252597726] [self_driving]: [ALL_CLASSES] ['crosswalk'][0m
[self_driving-10] [0m[INFO] [1782556806.308592856] [self_driving]: [PARK_APPROACH_WAIT] reason=need_cw_clear_and_big_go cw_y=185 cw_cleared=True big_go_recent=False big_go_age=40.54s big_go={'cx': 15, 'cy': 87, 'area': 2610, 'score': 0.8399999737739563}[0m
[self_driving-10] [0m[INFO] [1782556806.361569671] [self_driving]: [PARK_APPROACH_WAIT] reason=need_cw_clear_and_big_go cw_y=185 cw_cleared=True big_go_recent=False big_go_age=40.59s big_go={'cx': 15, 'cy': 87, 'area': 2610, 'score': 0.8399999737739563}[0m
[self_driving-10] [0m[INFO] [1782556806.415032541] [self_driving]: [IMAGE] received count=1678 shape=(480, 640, 3) queue=0[0m
[self_driving-10] [0m[INFO] [1782556806.423479578] [self_driving]: [PARK_APPROACH_WAIT] reason=need_cw_clear_and_big_go cw_y=185 cw_cleared=True big_go_recent=False big_go_age=40.65s big_go={'cx': 15, 'cy': 87, 'area': 2610, 'score': 0.8399999737739563}[0m
[self_driving-10] [0m[INFO] [1782556806.485334689] [self_driving]: [PARK_APPROACH_WAIT] reason=need_cw_clear_and_big_go cw_y=185 cw_cleared=True big_go_recent=False big_go_age=40.71s big_go={'cx': 15, 'cy': 87, 'area': 2610, 'score': 0.8399999737739563}[0m
[self_driving-10] [0m[INFO] [1782556806.557889207] [self_driving]: [PARK_APPROACH_WAIT] reason=need_cw_clear_and_big_go cw_y=185 cw_cleared=True big_go_recent=False big_go_age=40.79s big_go={'cx': 15, 'cy': 87, 'area': 2610, 'score': 0.8399999737739563}[0m
[self_driving-10] [0m[INFO] [1782556806.594227578] [self_driving]: [ALL_CLASSES] ['crosswalk'][0m
[self_driving-10] [0m[INFO] [1782556806.594709522] [self_driving]: [OBJECTS] msg_count=157 n=1 names=['crosswalk'][0m
[self_driving-10] [0m[INFO] [1782556806.597819226] [self_driving]: [ALL_CLASSES] ['right'][0m
[self_driving-10] [0m[INFO] [1782556806.599665707] [self_driving]: [RIGHT_CANDIDATE] valid=False reject=['small_area', 'right_done'] cnt=0 cx=217 cy=114 area=1485 score=0.85 done=True[0m
[self_driving-10] [0m[INFO] [1782556806.606152004] [self_driving]: [ALL_CLASSES] ['crosswalk'][0m
[self_driving-10] [0m[INFO] [1782556806.644862819] [self_driving]: [PARK_APPROACH_WAIT] reason=need_cw_clear_and_big_go cw_y=189 cw_cleared=True big_go_recent=False big_go_age=40.87s big_go={'cx': 15, 'cy': 87, 'area': 2610, 'score': 0.8399999737739563}[0m
[self_driving-10] [0m[INFO] [1782556806.696633300] [self_driving]: [PARK_APPROACH_WAIT] reason=need_cw_clear_and_big_go cw_y=189 cw_cleared=True big_go_recent=False big_go_age=40.92s big_go={'cx': 15, 'cy': 87, 'area': 2610, 'score': 0.8399999737739563}[0m
[self_driving-10] [0m[INFO] [1782556806.756211689] [self_driving]: [PARK_APPROACH_WAIT] reason=need_cw_clear_and_big_go cw_y=189 cw_cleared=True big_go_recent=False big_go_age=40.99s big_go={'cx': 15, 'cy': 87, 'area': 2610, 'score': 0.8399999737739563}[0m
[self_driving-10] [0m[INFO] [1782556806.758757652] [self_driving]: [DEBUG_DRIVE] state=LINE_FOLLOW raw_lane_x=136.0 lane_x=136.0 filter=stable linear=0.15 angular=-0.10 cw_y=189 park_x=-1 park_approach=False park_fb_count=0 park_boot_go=0 right_done=True start_turn=False count_turn=0 traffic=None stop=False[0m
[self_driving-10] [0m[INFO] [1782556806.828971337] [self_driving]: [PARK_APPROACH_WAIT] reason=need_cw_clear_and_big_go cw_y=189 cw_cleared=True big_go_recent=False big_go_age=41.06s big_go={'cx': 15, 'cy': 87, 'area': 2610, 'score': 0.8399999737739563}[0m
[self_driving-10] [0m[INFO] [1782556806.893206337] [self_driving]: [PARK_APPROACH_WAIT] reason=need_cw_clear_and_big_go cw_y=189 cw_cleared=True big_go_recent=False big_go_age=41.12s big_go={'cx': 15, 'cy': 87, 'area': 2610, 'score': 0.8399999737739563}[0m
[self_driving-10] [0m[INFO] [1782556806.946238929] [self_driving]: [PARK_APPROACH_WAIT] reason=need_cw_clear_and_big_go cw_y=189 cw_cleared=True big_go_recent=False big_go_age=41.18s big_go={'cx': 15, 'cy': 87, 'area': 2610, 'score': 0.8399999737739563}[0m
[self_driving-10] [0m[INFO] [1782556806.953083967] [self_driving]: [ALL_CLASSES] ['crosswalk'][0m
[self_driving-10] [0m[INFO] [1782556806.954984874] [self_driving]: [ALL_CLASSES] ['right'][0m
[self_driving-10] [0m[INFO] [1782556806.955524689] [self_driving]: [RIGHT_CANDIDATE] valid=False reject=['small_area', 'right_done'] cnt=0 cx=191 cy=112 area=1598 score=0.82 done=True[0m
[self_driving-10] [0m[INFO] [1782556806.958082670] [self_driving]: [ALL_CLASSES] ['crosswalk'][0m
[self_driving-10] [0m[INFO] [1782556806.962517429] [self_driving]: [ALL_CLASSES] ['crosswalk'][0m
[self_driving-10] [0m[INFO] [1782556807.026057781] [self_driving]: [PARK_APPROACH_WAIT] reason=need_cw_clear_and_big_go cw_y=6 cw_cleared=True big_go_recent=False big_go_age=41.26s big_go={'cx': 15, 'cy': 87, 'area': 2610, 'score': 0.8399999737739563}[0m
[self_driving-10] [0m[INFO] [1782556807.092714300] [self_driving]: [PARK_APPROACH_WAIT] reason=need_cw_clear_and_big_go cw_y=6 cw_cleared=True big_go_recent=False big_go_age=41.32s big_go={'cx': 15, 'cy': 87, 'area': 2610, 'score': 0.8399999737739563}[0m
[self_driving-10] [0m[INFO] [1782556807.165992540] [self_driving]: [PARK_APPROACH_WAIT] reason=need_cw_clear_and_big_go cw_y=6 cw_cleared=True big_go_recent=False big_go_age=41.39s big_go={'cx': 15, 'cy': 87, 'area': 2610, 'score': 0.8399999737739563}[0m
[self_driving-10] [0m[INFO] [1782556807.227944744] [self_driving]: [PARK_APPROACH_WAIT] reason=need_cw_clear_and_big_go cw_y=6 cw_cleared=True big_go_recent=False big_go_age=41.46s big_go={'cx': 15, 'cy': 87, 'area': 2610, 'score': 0.8399999737739563}[0m
[self_driving-10] [0m[INFO] [1782556807.295670651] [self_driving]: [PARK_APPROACH_WAIT] reason=need_cw_clear_and_big_go cw_y=6 cw_cleared=True big_go_recent=False big_go_age=41.53s big_go={'cx': 15, 'cy': 87, 'area': 2610, 'score': 0.8399999737739563}[0m
[self_driving-10] [0m[INFO] [1782556807.296211485] [self_driving]: [CROSSWALK_IGNORE] y=6 < th=180[0m
[self_driving-10] [0m[INFO] [1782556807.296810374] [self_driving]: [DEBUG_DRIVE] state=LINE_FOLLOW raw_lane_x=137.0 lane_x=137.0 filter=stable linear=0.15 angular=-0.10 cw_y=6 park_x=-1 park_approach=False park_fb_count=0 park_boot_go=0 right_done=True start_turn=False count_turn=0 traffic=None stop=False[0m
[self_driving-10] [0m[INFO] [1782556807.305694633] [self_driving]: [ALL_CLASSES] ['crosswalk'][0m
[self_driving-10] [0m[INFO] [1782556807.306182466] [self_driving]: [OBJECTS] msg_count=164 n=1 names=['crosswalk'][0m
[self_driving-10] [0m[INFO] [1782556807.309111170] [self_driving]: [ALL_CLASSES] ['crosswalk'][0m
[self_driving-10] [0m[INFO] [1782556807.312139744] [self_driving]: [ALL_CLASSES] ['crosswalk'][0m
[self_driving-10] [0m[INFO] [1782556807.313815392] [self_driving]: [FOUR_TO_FIVE_CANDIDATE] big_cw_y=467 th=350[0m
[self_driving-10] [0m[INFO] [1782556807.383067355] [self_driving]: [PARK_APPROACH_WAIT] reason=need_cw_clear_and_big_go cw_y=467 cw_cleared=False big_go_recent=False big_go_age=41.61s big_go={'cx': 15, 'cy': 87, 'area': 2610, 'score': 0.8399999737739563}[0m
[self_driving-10] [0m[INFO] [1782556807.429462448] [self_driving]: [PARK_APPROACH_WAIT] reason=need_cw_clear_and_big_go cw_y=467 cw_cleared=False big_go_recent=False big_go_age=41.66s big_go={'cx': 15, 'cy': 87, 'area': 2610, 'score': 0.8399999737739563}[0m
[self_driving-10] [0m[INFO] [1782556807.501355633] [self_driving]: [PARK_APPROACH_WAIT] reason=need_cw_clear_and_big_go cw_y=467 cw_cleared=False big_go_recent=False big_go_age=41.73s big_go={'cx': 15, 'cy': 87, 'area': 2610, 'score': 0.8399999737739563}[0m
[self_driving-10] [0m[INFO] [1782556807.567396411] [self_driving]: [PARK_APPROACH_WAIT] reason=need_cw_clear_and_big_go cw_y=467 cw_cleared=False big_go_recent=False big_go_age=41.80s big_go={'cx': 15, 'cy': 87, 'area': 2610, 'score': 0.8399999737739563}[0m
[self_driving-10] [0m[INFO] [1782556807.567970577] [self_driving]: [CROSSWALK_SLOW_DONE] return normal speed[0m
[self_driving-10] [0m[INFO] [1782556807.632615225] [self_driving]: [PARK_APPROACH_WAIT] reason=need_cw_clear_and_big_go cw_y=467 cw_cleared=False big_go_recent=False big_go_age=41.86s big_go={'cx': 15, 'cy': 87, 'area': 2610, 'score': 0.8399999737739563}[0m
[self_driving-10] [0m[INFO] [1782556807.683096411] [self_driving]: [PARK_APPROACH_WAIT] reason=need_cw_clear_and_big_go cw_y=467 cw_cleared=False big_go_recent=False big_go_age=41.91s big_go={'cx': 15, 'cy': 87, 'area': 2610, 'score': 0.8399999737739563}[0m
[self_driving-10] [0m[INFO] [1782556807.689291003] [self_driving]: [ALL_CLASSES] ['crosswalk'][0m
[self_driving-10] [0m[INFO] [1782556807.692494633] [self_driving]: [ALL_CLASSES] ['crosswalk'][0m
[self_driving-10] [0m[INFO] [1782556807.769759059] [self_driving]: [PARK_APPROACH_WAIT] reason=need_cw_clear_and_big_go cw_y=200 cw_cleared=True big_go_recent=False big_go_age=42.00s big_go={'cx': 15, 'cy': 87, 'area': 2610, 'score': 0.8399999737739563}[0m
[self_driving-10] [0m[INFO] [1782556807.825311410] [self_driving]: [PARK_APPROACH_WAIT] reason=need_cw_clear_and_big_go cw_y=200 cw_cleared=True big_go_recent=False big_go_age=42.05s big_go={'cx': 15, 'cy': 87, 'area': 2610, 'score': 0.8399999737739563}[0m
[self_driving-10] [0m[INFO] [1782556807.825953003] [self_driving]: [CROSSWALK_SLOW] y=200 th=180 confirm=4[0m
[self_driving-10] [0m[INFO] [1782556807.826816429] [self_driving]: [DEBUG_DRIVE] state=LINE_FOLLOW raw_lane_x=145.5 lane_x=145.5 filter=stable linear=0.15 angular=-0.10 cw_y=200 park_x=-1 park_approach=False park_fb_count=0 park_boot_go=0 right_done=True start_turn=False count_turn=0 traffic=None stop=False[0m
[self_driving-10] [0m[INFO] [1782556807.898630836] [self_driving]: [PARK_APPROACH_WAIT] reason=need_cw_clear_and_big_go cw_y=200 cw_cleared=True big_go_recent=False big_go_age=42.13s big_go={'cx': 15, 'cy': 87, 'area': 2610, 'score': 0.8399999737739563}[0m
[self_driving-10] [0m[INFO] [1782556807.959792762] [self_driving]: [PARK_APPROACH_WAIT] reason=need_cw_clear_and_big_go cw_y=200 cw_cleared=True big_go_recent=False big_go_age=42.19s big_go={'cx': 15, 'cy': 87, 'area': 2610, 'score': 0.8399999737739563}[0m
[self_driving-10] [0m[INFO] [1782556808.021557744] [self_driving]: [PARK_APPROACH_WAIT] reason=need_cw_clear_and_big_go cw_y=200 cw_cleared=True big_go_recent=False big_go_age=42.25s big_go={'cx': 15, 'cy': 87, 'area': 2610, 'score': 0.8399999737739563}[0m
[self_driving-10] [0m[INFO] [1782556808.026242558] [self_driving]: [ALL_CLASSES] ['crosswalk'][0m
[self_driving-10] [0m[INFO] [1782556808.026814429] [self_driving]: [OBJECTS] msg_count=169 n=1 names=['crosswalk'][0m
[self_driving-10] [0m[INFO] [1782556808.027347299] [self_driving]: [FOUR_TO_FIVE_CANDIDATE] big_cw_y=364 th=350[0m
[self_driving-10] [0m[INFO] [1782556808.031267447] [self_driving]: [ALL_CLASSES] ['crosswalk'][0m
[self_driving-10] [0m[INFO] [1782556808.104074670] [self_driving]: [PARK_APPROACH_WAIT] reason=need_cw_clear_and_big_go cw_y=205 cw_cleared=True big_go_recent=False big_go_age=42.33s big_go={'cx': 15, 'cy': 87, 'area': 2610, 'score': 0.8399999737739563}[0m
[self_driving-10] [0m[INFO] [1782556808.180258577] [self_driving]: [PARK_APPROACH_WAIT] reason=need_cw_clear_and_big_go cw_y=205 cw_cleared=True big_go_recent=False big_go_age=42.41s big_go={'cx': 15, 'cy': 87, 'area': 2610, 'score': 0.8399999737739563}[0m
[self_driving-10] [0m[INFO] [1782556808.217987021] [self_driving]: [PARK_APPROACH_WAIT] reason=need_cw_clear_and_big_go cw_y=205 cw_cleared=True big_go_recent=False big_go_age=42.45s big_go={'cx': 15, 'cy': 87, 'area': 2610, 'score': 0.8399999737739563}[0m
[self_driving-10] [0m[INFO] [1782556808.299294818] [self_driving]: [PARK_APPROACH_WAIT] reason=need_cw_clear_and_big_go cw_y=205 cw_cleared=True big_go_recent=False big_go_age=42.53s big_go={'cx': 15, 'cy': 87, 'area': 2610, 'score': 0.8399999737739563}[0m
[self_driving-10] [0m[INFO] [1782556808.359042910] [self_driving]: [ALL_CLASSES] ['crosswalk'][0m
[self_driving-10] [0m[INFO] [1782556808.359561040] [self_driving]: [FOUR_TO_FIVE_CANDIDATE] big_cw_y=410 th=350[0m
[self_driving-10] [0m[INFO] [1782556808.363631855] [self_driving]: [ALL_CLASSES] ['crosswalk'][0m
[self_driving-10] [0m[INFO] [1782556808.386492669] [self_driving]: [PARK_APPROACH_WAIT] reason=need_cw_clear_and_big_go cw_y=210 cw_cleared=True big_go_recent=False big_go_age=42.61s big_go={'cx': 15, 'cy': 87, 'area': 2610, 'score': 0.8399999737739563}[0m
[self_driving-10] [0m[INFO] [1782556808.388087706] [self_driving]: [DEBUG_DRIVE] state=LINE_FOLLOW raw_lane_x=127.5 lane_x=127.5 filter=stable linear=0.15 angular=-0.10 cw_y=210 park_x=-1 park_approach=False park_fb_count=0 park_boot_go=0 right_done=True start_turn=False count_turn=0 traffic=None stop=False[0m
[self_driving-10] [0m[INFO] [1782556808.423717577] [self_driving]: [IMAGE] received count=1708 shape=(480, 640, 3) queue=0[0m
[self_driving-10] [0m[INFO] [1782556808.433022521] [self_driving]: [PARK_APPROACH_WAIT] reason=need_cw_clear_and_big_go cw_y=210 cw_cleared=True big_go_recent=False big_go_age=42.66s big_go={'cx': 15, 'cy': 87, 'area': 2610, 'score': 0.8399999737739563}[0m
[self_driving-10] [0m[INFO] [1782556808.512176169] [self_driving]: [PARK_APPROACH_WAIT] reason=need_cw_clear_and_big_go cw_y=210 cw_cleared=True big_go_recent=False big_go_age=42.74s big_go={'cx': 15, 'cy': 87, 'area': 2610, 'score': 0.8399999737739563}[0m
[self_driving-10] [0m[INFO] [1782556808.556750373] [self_driving]: [PARK_APPROACH_WAIT] reason=need_cw_clear_and_big_go cw_y=210 cw_cleared=True big_go_recent=False big_go_age=42.79s big_go={'cx': 15, 'cy': 87, 'area': 2610, 'score': 0.8399999737739563}[0m
[self_driving-10] [0m[INFO] [1782556808.623298299] [self_driving]: [PARK_APPROACH_WAIT] reason=need_cw_clear_and_big_go cw_y=210 cw_cleared=True big_go_recent=False big_go_age=42.85s big_go={'cx': 15, 'cy': 87, 'area': 2610, 'score': 0.8399999737739563}[0m
[self_driving-10] [0m[INFO] [1782556808.694343299] [self_driving]: [ALL_CLASSES] ['crosswalk'][0m
[self_driving-10] [0m[INFO] [1782556808.694813243] [self_driving]: [OBJECTS] msg_count=173 n=1 names=['crosswalk'][0m
[self_driving-10] [0m[INFO] [1782556808.695497151] [self_driving]: [FOUR_TO_FIVE_CANDIDATE] big_cw_y=434 th=350[0m
[self_driving-10] [0m[INFO] [1782556808.701316280] [self_driving]: [ALL_CLASSES] ['right'][0m
[self_driving-10] [0m[INFO] [1782556808.702414373] [self_driving]: [RIGHT_CANDIDATE] valid=True reject=['right_done'] cnt=0 cx=84 cy=100 area=3692 score=0.86 done=True[0m
[self_driving-10] [0m[INFO] [1782556808.708202910] [self_driving]: [PARK_APPROACH_WAIT] reason=need_cw_clear_and_big_go cw_y=0 cw_cleared=True big_go_recent=False big_go_age=42.94s big_go={'cx': 15, 'cy': 87, 'area': 2610, 'score': 0.8399999737739563}[0m
[self_driving-10] [0m[INFO] [1782556808.779006243] [self_driving]: [PARK_APPROACH_WAIT] reason=need_cw_clear_and_big_go cw_y=0 cw_cleared=True big_go_recent=False big_go_age=43.01s big_go={'cx': 15, 'cy': 87, 'area': 2610, 'score': 0.8399999737739563}[0m
[self_driving-10] [0m[INFO] [1782556808.842841521] [self_driving]: [PARK_APPROACH_WAIT] reason=need_cw_clear_and_big_go cw_y=0 cw_cleared=True big_go_recent=False big_go_age=43.07s big_go={'cx': 15, 'cy': 87, 'area': 2610, 'score': 0.8399999737739563}[0m
[self_driving-10] [0m[INFO] [1782556808.894250910] [self_driving]: [PARK_APPROACH_WAIT] reason=need_cw_clear_and_big_go cw_y=0 cw_cleared=True big_go_recent=False big_go_age=43.12s big_go={'cx': 15, 'cy': 87, 'area': 2610, 'score': 0.8399999737739563}[0m
[self_driving-10] [0m[INFO] [1782556808.895582262] [self_driving]: [DEBUG_DRIVE] state=LINE_FOLLOW raw_lane_x=136.0 lane_x=136.0 filter=stable linear=0.15 angular=0.10 cw_y=0 park_x=-1 park_approach=False park_fb_count=0 park_boot_go=0 right_done=True start_turn=False count_turn=0 traffic=None stop=False[0m
[self_driving-10] [0m[INFO] [1782556808.987716317] [self_driving]: [PARK_APPROACH_WAIT] reason=need_cw_clear_and_big_go cw_y=0 cw_cleared=True big_go_recent=False big_go_age=43.22s big_go={'cx': 15, 'cy': 87, 'area': 2610, 'score': 0.8399999737739563}[0m
[self_driving-10] [0m[INFO] [1782556809.032180484] [self_driving]: [PARK_APPROACH_WAIT] reason=need_cw_clear_and_big_go cw_y=0 cw_cleared=True big_go_recent=False big_go_age=43.26s big_go={'cx': 15, 'cy': 87, 'area': 2610, 'score': 0.8399999737739563}[0m
[self_driving-10] [0m[INFO] [1782556809.055582632] [self_driving]: [ALL_CLASSES] ['crosswalk'][0m
[self_driving-10] [0m[INFO] [1782556809.058444465] [self_driving]: [ALL_CLASSES] ['right'][0m
[self_driving-10] [0m[INFO] [1782556809.059304613] [self_driving]: [RIGHT_CANDIDATE] valid=True reject=['right_done'] cnt=0 cx=18 cy=86 area=3404 score=0.81 done=True[0m
[self_driving-10] [0m[INFO] [1782556809.111996206] [self_driving]: [PARK_APPROACH_WAIT] reason=need_cw_clear_and_big_go cw_y=0 cw_cleared=True big_go_recent=False big_go_age=43.34s big_go={'cx': 15, 'cy': 87, 'area': 2610, 'score': 0.8399999737739563}[0m
[self_driving-10] [0m[INFO] [1782556809.183133817] [self_driving]: [PARK_APPROACH_WAIT] reason=need_cw_clear_and_big_go cw_y=0 cw_cleared=True big_go_recent=False big_go_age=43.41s big_go={'cx': 15, 'cy': 87, 'area': 2610, 'score': 0.8399999737739563}[0m
[self_driving-10] [0m[INFO] [1782556809.241726076] [self_driving]: [PARK_APPROACH_WAIT] reason=need_cw_clear_and_big_go cw_y=0 cw_cleared=True big_go_recent=False big_go_age=43.47s big_go={'cx': 15, 'cy': 87, 'area': 2610, 'score': 0.8399999737739563}[0m
[self_driving-10] [0m[INFO] [1782556809.317896724] [self_driving]: [PARK_APPROACH_WAIT] reason=need_cw_clear_and_big_go cw_y=0 cw_cleared=True big_go_recent=False big_go_age=43.55s big_go={'cx': 15, 'cy': 87, 'area': 2610, 'score': 0.8399999737739563}[0m
[self_driving-10] [0m[INFO] [1782556809.379802261] [self_driving]: [PARK_APPROACH_WAIT] reason=need_cw_clear_and_big_go cw_y=0 cw_cleared=True big_go_recent=False big_go_age=43.61s big_go={'cx': 15, 'cy': 87, 'area': 2610, 'score': 0.8399999737739563}[0m
[self_driving-10] [0m[INFO] [1782556809.399235891] [self_driving]: [ALL_CLASSES] ['crosswalk'][0m
[self_driving-10] [0m[INFO] [1782556809.400929576] [self_driving]: [OBJECTS] msg_count=177 n=1 names=['crosswalk'][0m
[self_driving-10] [0m[INFO] [1782556809.406771206] [self_driving]: [ALL_CLASSES] ['right'][0m
[self_driving-10] [0m[INFO] [1782556809.407947280] [self_driving]: [RIGHT_CANDIDATE] valid=False reject=['small_area', 'right_done'] cnt=0 cx=11 cy=79 area=2277 score=0.69 done=True[0m
[self_driving-10] [0m[INFO] [1782556809.454233428] [self_driving]: [PARK_APPROACH_WAIT] reason=need_cw_clear_and_big_go cw_y=0 cw_cleared=True big_go_recent=False big_go_age=43.68s big_go={'cx': 15, 'cy': 87, 'area': 2610, 'score': 0.8399999737739563}[0m
[self_driving-10] [0m[INFO] [1782556809.460604354] [self_driving]: [DEBUG_DRIVE] state=LINE_FOLLOW raw_lane_x=137.5 lane_x=137.5 filter=stable linear=0.15 angular=-0.10 cw_y=0 park_x=-1 park_approach=False park_fb_count=0 park_boot_go=0 right_done=True start_turn=False count_turn=0 traffic=None stop=False[0m
[self_driving-10] [0m[INFO] [1782556809.508889576] [self_driving]: [PARK_APPROACH_WAIT] reason=need_cw_clear_and_big_go cw_y=0 cw_cleared=True big_go_recent=False big_go_age=43.74s big_go={'cx': 15, 'cy': 87, 'area': 2610, 'score': 0.8399999737739563}[0m
[self_driving-10] [0m[INFO] [1782556809.576009687] [self_driving]: [PARK_APPROACH_WAIT] reason=need_cw_clear_and_big_go cw_y=0 cw_cleared=True big_go_recent=False big_go_age=43.81s big_go={'cx': 15, 'cy': 87, 'area': 2610, 'score': 0.8399999737739563}[0m
[self_driving-10] [0m[INFO] [1782556809.636959261] [self_driving]: [PARK_APPROACH_WAIT] reason=need_cw_clear_and_big_go cw_y=0 cw_cleared=True big_go_recent=False big_go_age=43.87s big_go={'cx': 15, 'cy': 87, 'area': 2610, 'score': 0.8399999737739563}[0m
[self_driving-10] [0m[INFO] [1782556809.713371928] [self_driving]: [PARK_APPROACH_WAIT] reason=need_cw_clear_and_big_go cw_y=0 cw_cleared=True big_go_recent=False big_go_age=43.94s big_go={'cx': 15, 'cy': 87, 'area': 2610, 'score': 0.8399999737739563}[0m
[self_driving-10] [0m[INFO] [1782556809.754414465] [self_driving]: [ALL_CLASSES] ['crosswalk'][0m
[self_driving-10] [0m[INFO] [1782556809.792082539] [self_driving]: [PARK_APPROACH_WAIT] reason=need_cw_clear_and_big_go cw_y=239 cw_cleared=True big_go_recent=False big_go_age=44.02s big_go={'cx': 15, 'cy': 87, 'area': 2610, 'score': 0.8399999737739563}[0m
[self_driving-10] [0m[INFO] [1782556809.849042520] [self_driving]: [PARK_APPROACH_WAIT] reason=need_cw_clear_and_big_go cw_y=239 cw_cleared=True big_go_recent=False big_go_age=44.08s big_go={'cx': 15, 'cy': 87, 'area': 2610, 'score': 0.8399999737739563}[0m
[self_driving-10] [0m[INFO] [1782556809.904303631] [self_driving]: [PARK_APPROACH_WAIT] reason=need_cw_clear_and_big_go cw_y=239 cw_cleared=True big_go_recent=False big_go_age=44.13s big_go={'cx': 15, 'cy': 87, 'area': 2610, 'score': 0.8399999737739563}[0m
[self_driving-10] [0m[INFO] [1782556809.977114965] [self_driving]: [PARK_APPROACH_WAIT] reason=need_cw_clear_and_big_go cw_y=239 cw_cleared=True big_go_recent=False big_go_age=44.21s big_go={'cx': 15, 'cy': 87, 'area': 2610, 'score': 0.8399999737739563}[0m
[self_driving-10] [0m[INFO] [1782556809.978585076] [self_driving]: [DEBUG_DRIVE] state=LINE_FOLLOW raw_lane_x=135.5 lane_x=135.5 filter=stable linear=0.15 angular=-0.10 cw_y=239 park_x=-1 park_approach=False park_fb_count=0 park_boot_go=0 right_done=True start_turn=False count_turn=0 traffic=None stop=False[0m
[self_driving-10] [0m[INFO] [1782556810.050239613] [self_driving]: [PARK_APPROACH_WAIT] reason=need_cw_clear_and_big_go cw_y=239 cw_cleared=True big_go_recent=False big_go_age=44.28s big_go={'cx': 15, 'cy': 87, 'area': 2610, 'score': 0.8399999737739563}[0m
[self_driving-10] [0m[INFO] [1782556810.104130224] [self_driving]: [ALL_CLASSES] ['crosswalk'][0m
[self_driving-10] [0m[INFO] [1782556810.107870539] [self_driving]: [OBJECTS] msg_count=180 n=1 names=['crosswalk'][0m
[self_driving-10] [0m[INFO] [1782556810.132607891] [self_driving]: [PARK_APPROACH_WAIT] reason=need_cw_clear_and_big_go cw_y=248 cw_cleared=True big_go_recent=False big_go_age=44.36s big_go={'cx': 15, 'cy': 87, 'area': 2610, 'score': 0.8399999737739563}[0m
[self_driving-10] [0m[INFO] [1782556810.192764446] [self_driving]: [PARK_APPROACH_WAIT] reason=need_cw_clear_and_big_go cw_y=248 cw_cleared=True big_go_recent=False big_go_age=44.42s big_go={'cx': 15, 'cy': 87, 'area': 2610, 'score': 0.8399999737739563}[0m
[self_driving-10] [0m[INFO] [1782556810.252618835] [self_driving]: [PARK_APPROACH_WAIT] reason=need_cw_clear_and_big_go cw_y=248 cw_cleared=True big_go_recent=False big_go_age=44.48s big_go={'cx': 15, 'cy': 87, 'area': 2610, 'score': 0.8399999737739563}[0m
[self_driving-10] [0m[INFO] [1782556810.316924539] [self_driving]: [PARK_APPROACH_WAIT] reason=need_cw_clear_and_big_go cw_y=248 cw_cleared=True big_go_recent=False big_go_age=44.55s big_go={'cx': 15, 'cy': 87, 'area': 2610, 'score': 0.8399999737739563}[0m
[self_driving-10] [0m[INFO] [1782556810.375938002] [self_driving]: [PARK_APPROACH_WAIT] reason=need_cw_clear_and_big_go cw_y=248 cw_cleared=True big_go_recent=False big_go_age=44.61s big_go={'cx': 15, 'cy': 87, 'area': 2610, 'score': 0.8399999737739563}[0m
[self_driving-10] [0m[INFO] [1782556810.451885390] [self_driving]: [IMAGE] received count=1738 shape=(480, 640, 3) queue=0[0m
[self_driving-10] [0m[INFO] [1782556810.458013298] [self_driving]: [PARK_APPROACH_WAIT] reason=need_cw_clear_and_big_go cw_y=248 cw_cleared=True big_go_recent=False big_go_age=44.69s big_go={'cx': 15, 'cy': 87, 'area': 2610, 'score': 0.8399999737739563}[0m
[self_driving-10] [0m[INFO] [1782556810.465602927] [self_driving]: [ALL_CLASSES] ['crosswalk'][0m
[self_driving-10] [0m[INFO] [1782556810.520769798] [self_driving]: [PARK_APPROACH_WAIT] reason=need_cw_clear_and_big_go cw_y=263 cw_cleared=False big_go_recent=False big_go_age=44.75s big_go={'cx': 15, 'cy': 87, 'area': 2610, 'score': 0.8399999737739563}[0m
[self_driving-10] [0m[INFO] [1782556810.526777890] [self_driving]: [CROSSWALK_SLOW_DONE] return normal speed[0m
[self_driving-10] [0m[INFO] [1782556810.527873001] [self_driving]: [DEBUG_DRIVE] state=LINE_FOLLOW raw_lane_x=134.0 lane_x=134.0 filter=stable linear=0.15 angular=-0.10 cw_y=263 park_x=-1 park_approach=False park_fb_count=0 park_boot_go=0 right_done=True start_turn=False count_turn=0 traffic=None stop=False[0m
[self_driving-10] [0m[INFO] [1782556810.594922520] [self_driving]: [PARK_APPROACH_WAIT] reason=need_cw_clear_and_big_go cw_y=263 cw_cleared=False big_go_recent=False big_go_age=44.82s big_go={'cx': 15, 'cy': 87, 'area': 2610, 'score': 0.8399999737739563}[0m
[self_driving-10] [0m[INFO] [1782556810.661387168] [self_driving]: [PARK_APPROACH_WAIT] reason=need_cw_clear_and_big_go cw_y=263 cw_cleared=False big_go_recent=False big_go_age=44.89s big_go={'cx': 15, 'cy': 87, 'area': 2610, 'score': 0.8399999737739563}[0m
[self_driving-10] [0m[INFO] [1782556810.717064038] [self_driving]: [PARK_APPROACH_WAIT] reason=need_cw_clear_and_big_go cw_y=263 cw_cleared=False big_go_recent=False big_go_age=44.95s big_go={'cx': 15, 'cy': 87, 'area': 2610, 'score': 0.8399999737739563}[0m
[self_driving-10] [0m[INFO] [1782556810.793738964] [self_driving]: [PARK_APPROACH_WAIT] reason=need_cw_clear_and_big_go cw_y=263 cw_cleared=False big_go_recent=False big_go_age=45.02s big_go={'cx': 15, 'cy': 87, 'area': 2610, 'score': 0.8399999737739563}[0m
[self_driving-10] [0m[INFO] [1782556810.794509983] [self_driving]: [CROSSWALK_SLOW] y=263 th=180 confirm=4[0m
[self_driving-10] [0m[INFO] [1782556810.857205186] [self_driving]: [PARK_APPROACH_WAIT] reason=need_cw_clear_and_big_go cw_y=263 cw_cleared=False big_go_recent=False big_go_age=45.09s big_go={'cx': 15, 'cy': 87, 'area': 2610, 'score': 0.8399999737739563}[0m
[self_driving-10] [0m[INFO] [1782556810.877057705] [self_driving]: [ALL_CLASSES] ['crosswalk'][0m
[self_driving-10] [0m[INFO] [1782556810.880000742] [self_driving]: [OBJECTS] msg_count=182 n=1 names=['crosswalk'][0m
[self_driving-10] [0m[INFO] [1782556810.923959594] [self_driving]: [PARK_APPROACH_WAIT] reason=need_cw_clear_and_big_go cw_y=280 cw_cleared=False big_go_recent=False big_go_age=45.15s big_go={'cx': 15, 'cy': 87, 'area': 2610, 'score': 0.8399999737739563}[0m
[self_driving-10] [0m[INFO] [1782556810.989343279] [self_driving]: [PARK_APPROACH_WAIT] reason=need_cw_clear_and_big_go cw_y=280 cw_cleared=False big_go_recent=False big_go_age=45.22s big_go={'cx': 15, 'cy': 87, 'area': 2610, 'score': 0.8399999737739563}[0m
[self_driving-10] [0m[INFO] [1782556811.042647871] [self_driving]: [PARK_APPROACH_WAIT] reason=need_cw_clear_and_big_go cw_y=280 cw_cleared=False big_go_recent=False big_go_age=45.27s big_go={'cx': 15, 'cy': 87, 'area': 2610, 'score': 0.8399999737739563}[0m
[self_driving-10] [0m[INFO] [1782556811.045392038] [self_driving]: [DEBUG_DRIVE] state=LINE_FOLLOW raw_lane_x=123.5 lane_x=123.5 filter=stable linear=0.15 angular=0.10 cw_y=280 park_x=-1 park_approach=False park_fb_count=0 park_boot_go=0 right_done=True start_turn=False count_turn=0 traffic=None stop=False[0m
[self_driving-10] [0m[INFO] [1782556811.125974279] [self_driving]: [PARK_APPROACH_WAIT] reason=need_cw_clear_and_big_go cw_y=280 cw_cleared=False big_go_recent=False big_go_age=45.36s big_go={'cx': 15, 'cy': 87, 'area': 2610, 'score': 0.8399999737739563}[0m
[self_driving-10] [0m[INFO] [1782556811.186731112] [self_driving]: [PARK_APPROACH_WAIT] reason=need_cw_clear_and_big_go cw_y=280 cw_cleared=False big_go_recent=False big_go_age=45.42s big_go={'cx': 15, 'cy': 87, 'area': 2610, 'score': 0.8399999737739563}[0m
[self_driving-10] [0m[INFO] [1782556811.217882334] [self_driving]: [ALL_CLASSES] ['crosswalk'][0m
[self_driving-10] [0m[INFO] [1782556811.268220760] [self_driving]: [PARK_APPROACH_WAIT] reason=need_cw_clear_and_big_go cw_y=302 cw_cleared=False big_go_recent=False big_go_age=45.50s big_go={'cx': 15, 'cy': 87, 'area': 2610, 'score': 0.8399999737739563}[0m
[self_driving-10] [0m[INFO] [1782556811.330811390] [self_driving]: [PARK_APPROACH_WAIT] reason=need_cw_clear_and_big_go cw_y=302 cw_cleared=False big_go_recent=False big_go_age=45.56s big_go={'cx': 15, 'cy': 87, 'area': 2610, 'score': 0.8399999737739563}[0m
[self_driving-10] [0m[INFO] [1782556811.394471131] [self_driving]: [PARK_APPROACH_WAIT] reason=need_cw_clear_and_big_go cw_y=302 cw_cleared=False big_go_recent=False big_go_age=45.62s big_go={'cx': 15, 'cy': 87, 'area': 2610, 'score': 0.8399999737739563}[0m
[self_driving-10] [0m[INFO] [1782556811.456097742] [self_driving]: [PARK_APPROACH_WAIT] reason=need_cw_clear_and_big_go cw_y=302 cw_cleared=False big_go_recent=False big_go_age=45.69s big_go={'cx': 15, 'cy': 87, 'area': 2610, 'score': 0.8399999737739563}[0m
[self_driving-10] [0m[INFO] [1782556811.539668112] [self_driving]: [PARK_APPROACH_WAIT] reason=need_cw_clear_and_big_go cw_y=302 cw_cleared=False big_go_recent=False big_go_age=45.77s big_go={'cx': 15, 'cy': 87, 'area': 2610, 'score': 0.8399999737739563}[0m
[self_driving-10] [0m[INFO] [1782556811.572768260] [self_driving]: [ALL_CLASSES] ['crosswalk'][0m
[self_driving-10] [0m[INFO] [1782556811.573649167] [self_driving]: [OBJECTS] msg_count=184 n=1 names=['crosswalk'][0m
[self_driving-10] [0m[INFO] [1782556811.616482501] [self_driving]: [PARK_APPROACH_WAIT] reason=need_cw_clear_and_big_go cw_y=329 cw_cleared=False big_go_recent=False big_go_age=45.84s big_go={'cx': 15, 'cy': 87, 'area': 2610, 'score': 0.8399999737739563}[0m
[self_driving-10] [0m[INFO] [1782556811.618785667] [self_driving]: [DEBUG_DRIVE] state=LINE_FOLLOW raw_lane_x=144.5 lane_x=144.5 filter=stable linear=0.15 angular=-0.10 cw_y=329 park_x=-1 park_approach=False park_fb_count=0 park_boot_go=0 right_done=True start_turn=False count_turn=0 traffic=None stop=False[0m
[self_driving-10] [0m[INFO] [1782556811.680311816] [self_driving]: [PARK_APPROACH_WAIT] reason=need_cw_clear_and_big_go cw_y=329 cw_cleared=False big_go_recent=False big_go_age=45.91s big_go={'cx': 15, 'cy': 87, 'area': 2610, 'score': 0.8399999737739563}[0m
[self_driving-10] [0m[INFO] [1782556811.719166834] [self_driving]: [PARK_APPROACH_WAIT] reason=need_cw_clear_and_big_go cw_y=329 cw_cleared=False big_go_recent=False big_go_age=45.95s big_go={'cx': 15, 'cy': 87, 'area': 2610, 'score': 0.8399999737739563}[0m
[self_driving-10] [0m[INFO] [1782556811.791528371] [self_driving]: [PARK_APPROACH_WAIT] reason=need_cw_clear_and_big_go cw_y=329 cw_cleared=False big_go_recent=False big_go_age=46.02s big_go={'cx': 15, 'cy': 87, 'area': 2610, 'score': 0.8399999737739563}[0m
[self_driving-10] [0m[INFO] [1782556811.870705112] [self_driving]: [PARK_APPROACH_WAIT] reason=need_cw_clear_and_big_go cw_y=329 cw_cleared=False big_go_recent=False big_go_age=46.10s big_go={'cx': 15, 'cy': 87, 'area': 2610, 'score': 0.8399999737739563}[0m
[self_driving-10] [0m[INFO] [1782556811.922600075] [self_driving]: [PARK_APPROACH_WAIT] reason=need_cw_clear_and_big_go cw_y=329 cw_cleared=False big_go_recent=False big_go_age=46.15s big_go={'cx': 15, 'cy': 87, 'area': 2610, 'score': 0.8399999737739563}[0m
[self_driving-10] [0m[INFO] [1782556811.961273926] [self_driving]: [ALL_CLASSES] ['crosswalk'][0m
[self_driving-10] [0m[INFO] [1782556811.962537408] [self_driving]: [FOUR_TO_FIVE_CANDIDATE] big_cw_y=414 th=350[0m
[self_driving-10] [0m[INFO] [1782556812.018574130] [self_driving]: [PARK_APPROACH_WAIT] reason=need_cw_clear_and_big_go cw_y=414 cw_cleared=False big_go_recent=False big_go_age=46.24s big_go={'cx': 15, 'cy': 87, 'area': 2610, 'score': 0.8399999737739563}[0m
[self_driving-10] [0m[INFO] [1782556812.071491963] [self_driving]: [PARK_APPROACH_WAIT] reason=need_cw_clear_and_big_go cw_y=414 cw_cleared=False big_go_recent=False big_go_age=46.30s big_go={'cx': 15, 'cy': 87, 'area': 2610, 'score': 0.8399999737739563}[0m
[self_driving-10] [0m[INFO] [1782556812.119149019] [self_driving]: [PARK_APPROACH_WAIT] reason=need_cw_clear_and_big_go cw_y=414 cw_cleared=False big_go_recent=False big_go_age=46.35s big_go={'cx': 15, 'cy': 87, 'area': 2610, 'score': 0.8399999737739563}[0m
[self_driving-10] [0m[INFO] [1782556812.122625704] [self_driving]: [DEBUG_DRIVE] state=LINE_FOLLOW raw_lane_x=132.0 lane_x=132.0 filter=stable linear=0.15 angular=-0.10 cw_y=414 park_x=-1 park_approach=False park_fb_count=0 park_boot_go=0 right_done=True start_turn=False count_turn=0 traffic=None stop=False[0m
[self_driving-10] [0m[INFO] [1782556812.195241278] [self_driving]: [PARK_APPROACH_WAIT] reason=need_cw_clear_and_big_go cw_y=414 cw_cleared=False big_go_recent=False big_go_age=46.42s big_go={'cx': 15, 'cy': 87, 'area': 2610, 'score': 0.8399999737739563}[0m
[self_driving-10] [0m[INFO] [1782556812.260380112] [self_driving]: [PARK_APPROACH_WAIT] reason=need_cw_clear_and_big_go cw_y=414 cw_cleared=False big_go_recent=False big_go_age=46.49s big_go={'cx': 15, 'cy': 87, 'area': 2610, 'score': 0.8399999737739563}[0m
[self_driving-10] [0m[INFO] [1782556812.301497537] [self_driving]: [ALL_CLASSES] ['crosswalk'][0m
[self_driving-10] [0m[INFO] [1782556812.302862426] [self_driving]: [OBJECTS] msg_count=186 n=1 names=['crosswalk'][0m
[self_driving-10] [0m[INFO] [1782556812.304947111] [self_driving]: [FOUR_TO_FIVE_CANDIDATE] big_cw_y=439 th=350[0m
[self_driving-10] [0m[INFO] [1782556812.343444963] [self_driving]: [PARK_APPROACH_WAIT] reason=need_cw_clear_and_big_go cw_y=439 cw_cleared=False big_go_recent=False big_go_age=46.57s big_go={'cx': 15, 'cy': 87, 'area': 2610, 'score': 0.8399999737739563}[0m
[self_driving-10] [0m[INFO] [1782556812.401025926] [self_driving]: [PARK_APPROACH_WAIT] reason=need_cw_clear_and_big_go cw_y=439 cw_cleared=False big_go_recent=False big_go_age=46.63s big_go={'cx': 15, 'cy': 87, 'area': 2610, 'score': 0.8399999737739563}[0m
[self_driving-10] [0m[INFO] [1782556812.469084982] [self_driving]: [IMAGE] received count=1768 shape=(480, 640, 3) queue=0[0m
[self_driving-10] [0m[INFO] [1782556812.476605204] [self_driving]: [PARK_APPROACH_WAIT] reason=need_cw_clear_and_big_go cw_y=439 cw_cleared=False big_go_recent=False big_go_age=46.71s big_go={'cx': 15, 'cy': 87, 'area': 2610, 'score': 0.8399999737739563}[0m
[self_driving-10] [0m[INFO] [1782556812.532806834] [self_driving]: [PARK_APPROACH_WAIT] reason=need_cw_clear_and_big_go cw_y=439 cw_cleared=False big_go_recent=False big_go_age=46.76s big_go={'cx': 15, 'cy': 87, 'area': 2610, 'score': 0.8399999737739563}[0m
[self_driving-10] [0m[INFO] [1782556812.590798000] [self_driving]: [PARK_APPROACH_WAIT] reason=need_cw_clear_and_big_go cw_y=439 cw_cleared=False big_go_recent=False big_go_age=46.82s big_go={'cx': 15, 'cy': 87, 'area': 2610, 'score': 0.8399999737739563}[0m
[self_driving-10] [0m[INFO] [1782556812.637379871] [self_driving]: [ALL_CLASSES] ['crosswalk'][0m
[self_driving-10] [0m[INFO] [1782556812.638299185] [self_driving]: [FOUR_TO_FIVE_CANDIDATE] big_cw_y=465 th=350[0m
[self_driving-10] [0m[INFO] [1782556812.673627519] [self_driving]: [PARK_APPROACH_WAIT] reason=need_cw_clear_and_big_go cw_y=465 cw_cleared=False big_go_recent=False big_go_age=46.90s big_go={'cx': 15, 'cy': 87, 'area': 2610, 'score': 0.8399999737739563}[0m
[self_driving-10] [0m[INFO] [1782556812.679012426] [self_driving]: [DEBUG_DRIVE] state=LINE_FOLLOW raw_lane_x=123.0 lane_x=123.0 filter=stable linear=0.15 angular=0.10 cw_y=465 park_x=-1 park_approach=False park_fb_count=0 park_boot_go=0 right_done=True start_turn=False count_turn=0 traffic=None stop=False[0m
[self_driving-10] [0m[INFO] [1782556812.740217945] [self_driving]: [PARK_APPROACH_WAIT] reason=need_cw_clear_and_big_go cw_y=465 cw_cleared=False big_go_recent=False big_go_age=46.97s big_go={'cx': 15, 'cy': 87, 'area': 2610, 'score': 0.8399999737739563}[0m
[self_driving-10] [0m[INFO] [1782556812.803282630] [self_driving]: [PARK_APPROACH_WAIT] reason=need_cw_clear_and_big_go cw_y=465 cw_cleared=False big_go_recent=False big_go_age=47.03s big_go={'cx': 15, 'cy': 87, 'area': 2610, 'score': 0.8399999737739563}[0m
[self_driving-10] [0m[INFO] [1782556812.868643667] [self_driving]: [PARK_APPROACH_WAIT] reason=need_cw_clear_and_big_go cw_y=465 cw_cleared=False big_go_recent=False big_go_age=47.10s big_go={'cx': 15, 'cy': 87, 'area': 2610, 'score': 0.8399999737739563}[0m
[self_driving-10] [0m[INFO] [1782556812.936958222] [self_driving]: [PARK_APPROACH_WAIT] reason=need_cw_clear_and_big_go cw_y=465 cw_cleared=False big_go_recent=False big_go_age=47.17s big_go={'cx': 15, 'cy': 87, 'area': 2610, 'score': 0.8399999737739563}[0m
[self_driving-10] [0m[INFO] [1782556813.009394611] [self_driving]: [PARK_APPROACH_WAIT] reason=need_cw_clear_and_big_go cw_y=465 cw_cleared=False big_go_recent=False big_go_age=47.24s big_go={'cx': 15, 'cy': 87, 'area': 2610, 'score': 0.8399999737739563}[0m
[self_driving-10] [0m[INFO] [1782556813.089516074] [self_driving]: [PARK_APPROACH_WAIT] reason=need_cw_clear_and_big_go cw_y=465 cw_cleared=False big_go_recent=False big_go_age=47.32s big_go={'cx': 15, 'cy': 87, 'area': 2610, 'score': 0.8399999737739563}[0m
[self_driving-10] [0m[INFO] [1782556813.132830055] [self_driving]: [PARK_APPROACH_WAIT] reason=need_cw_clear_and_big_go cw_y=465 cw_cleared=False big_go_recent=False big_go_age=47.36s big_go={'cx': 15, 'cy': 87, 'area': 2610, 'score': 0.8399999737739563}[0m
[self_driving-10] [0m[INFO] [1782556813.204482592] [self_driving]: [PARK_APPROACH_WAIT] reason=need_cw_clear_and_big_go cw_y=465 cw_cleared=False big_go_recent=False big_go_age=47.43s big_go={'cx': 15, 'cy': 87, 'area': 2610, 'score': 0.8399999737739563}[0m
[self_driving-10] [0m[INFO] [1782556813.206169333] [self_driving]: [DEBUG_DRIVE] state=LINE_FOLLOW raw_lane_x=123.5 lane_x=123.5 filter=stable linear=0.15 angular=0.10 cw_y=465 park_x=-1 park_approach=False park_fb_count=0 park_boot_go=0 right_done=True start_turn=False count_turn=0 traffic=None stop=False[0m
[self_driving-10] [0m[INFO] [1782556813.269953666] [self_driving]: [PARK_APPROACH_WAIT] reason=need_cw_clear_and_big_go cw_y=465 cw_cleared=False big_go_recent=False big_go_age=47.50s big_go={'cx': 15, 'cy': 87, 'area': 2610, 'score': 0.8399999737739563}[0m
[self_driving-10] [0m[INFO] [1782556813.333130963] [self_driving]: [PARK_APPROACH_WAIT] reason=need_cw_clear_and_big_go cw_y=465 cw_cleared=False big_go_recent=False big_go_age=47.56s big_go={'cx': 15, 'cy': 87, 'area': 2610, 'score': 0.8399999737739563}[0m
[self_driving-10] [0m[INFO] [1782556813.404548870] [self_driving]: [PARK_APPROACH_WAIT] reason=need_cw_clear_and_big_go cw_y=465 cw_cleared=False big_go_recent=False big_go_age=47.63s big_go={'cx': 15, 'cy': 87, 'area': 2610, 'score': 0.8399999737739563}[0m
[self_driving-10] [0m[INFO] [1782556813.476446537] [self_driving]: [PARK_APPROACH_WAIT] reason=need_cw_clear_and_big_go cw_y=465 cw_cleared=False big_go_recent=False big_go_age=47.71s big_go={'cx': 15, 'cy': 87, 'area': 2610, 'score': 0.8399999737739563}[0m
[self_driving-10] [0m[INFO] [1782556813.478257018] [self_driving]: [CROSSWALK_SLOW_DONE] return normal speed[0m
[self_driving-10] [0m[INFO] [1782556813.531569611] [self_driving]: [PARK_APPROACH_WAIT] reason=need_cw_clear_and_big_go cw_y=465 cw_cleared=False big_go_recent=False big_go_age=47.76s big_go={'cx': 15, 'cy': 87, 'area': 2610, 'score': 0.8399999737739563}[0m
[self_driving-10] [0m[INFO] [1782556813.615918685] [self_driving]: [PARK_APPROACH_WAIT] reason=need_cw_clear_and_big_go cw_y=465 cw_cleared=False big_go_recent=False big_go_age=47.85s big_go={'cx': 15, 'cy': 87, 'area': 2610, 'score': 0.8399999737739563}[0m
[self_driving-10] [0m[INFO] [1782556813.676658685] [self_driving]: [PARK_APPROACH_WAIT] reason=need_cw_clear_and_big_go cw_y=465 cw_cleared=False big_go_recent=False big_go_age=47.91s big_go={'cx': 15, 'cy': 87, 'area': 2610, 'score': 0.8399999737739563}[0m
[self_driving-10] [0m[INFO] [1782556813.750990277] [self_driving]: [PARK_APPROACH_WAIT] reason=need_cw_clear_and_big_go cw_y=465 cw_cleared=False big_go_recent=False big_go_age=47.98s big_go={'cx': 15, 'cy': 87, 'area': 2610, 'score': 0.8399999737739563}[0m
[self_driving-10] [0m[INFO] [1782556813.751818018] [self_driving]: [CROSSWALK_SLOW] y=465 th=180 confirm=4[0m
[self_driving-10] [0m[INFO] [1782556813.752551777] [self_driving]: [DEBUG_DRIVE] state=LINE_FOLLOW raw_lane_x=119.0 lane_x=119.0 filter=stable linear=0.15 angular=0.10 cw_y=465 park_x=-1 park_approach=False park_fb_count=0 park_boot_go=0 right_done=True start_turn=False count_turn=0 traffic=None stop=False[0m
[self_driving-10] [0m[INFO] [1782556813.806759666] [self_driving]: [PARK_APPROACH_WAIT] reason=need_cw_clear_and_big_go cw_y=465 cw_cleared=False big_go_recent=False big_go_age=48.04s big_go={'cx': 15, 'cy': 87, 'area': 2610, 'score': 0.8399999737739563}[0m
[self_driving-10] [0m[INFO] [1782556813.877474777] [self_driving]: [PARK_APPROACH_WAIT] reason=need_cw_clear_and_big_go cw_y=465 cw_cleared=False big_go_recent=False big_go_age=48.11s big_go={'cx': 15, 'cy': 87, 'area': 2610, 'score': 0.8399999737739563}[0m
[self_driving-10] [0m[INFO] [1782556813.939713796] [self_driving]: [PARK_APPROACH_WAIT] reason=need_cw_clear_and_big_go cw_y=465 cw_cleared=False big_go_recent=False big_go_age=48.17s big_go={'cx': 15, 'cy': 87, 'area': 2610, 'score': 0.8399999737739563}[0m
[self_driving-10] [0m[INFO] [1782556814.012976055] [self_driving]: [PARK_APPROACH_WAIT] reason=need_cw_clear_and_big_go cw_y=465 cw_cleared=False big_go_recent=False big_go_age=48.24s big_go={'cx': 15, 'cy': 87, 'area': 2610, 'score': 0.8399999737739563}[0m
[self_driving-10] [0m[INFO] [1782556814.082146851] [self_driving]: [PARK_APPROACH_WAIT] reason=need_cw_clear_and_big_go cw_y=465 cw_cleared=False big_go_recent=False big_go_age=48.31s big_go={'cx': 15, 'cy': 87, 'area': 2610, 'score': 0.8399999737739563}[0m
[self_driving-10] [0m[INFO] [1782556814.152735721] [self_driving]: [PARK_APPROACH_WAIT] reason=need_cw_clear_and_big_go cw_y=465 cw_cleared=False big_go_recent=False big_go_age=48.38s big_go={'cx': 15, 'cy': 87, 'area': 2610, 'score': 0.8399999737739563}[0m
[self_driving-10] [0m[INFO] [1782556814.211893018] [self_driving]: [PARK_APPROACH_WAIT] reason=need_cw_clear_and_big_go cw_y=465 cw_cleared=False big_go_recent=False big_go_age=48.44s big_go={'cx': 15, 'cy': 87, 'area': 2610, 'score': 0.8399999737739563}[0m
[self_driving-10] [0m[INFO] [1782556814.282339129] [self_driving]: [PARK_APPROACH_WAIT] reason=need_cw_clear_and_big_go cw_y=465 cw_cleared=False big_go_recent=False big_go_age=48.51s big_go={'cx': 15, 'cy': 87, 'area': 2610, 'score': 0.8399999737739563}[0m
[self_driving-10] [0m[INFO] [1782556814.283356925] [self_driving]: [DEBUG_DRIVE] state=LINE_FOLLOW raw_lane_x=126.5 lane_x=126.5 filter=stable linear=0.15 angular=0.10 cw_y=465 park_x=-1 park_approach=False park_fb_count=0 park_boot_go=0 right_done=True start_turn=False count_turn=0 traffic=None stop=False[0m
[self_driving-10] [0m[INFO] [1782556814.349996184] [self_driving]: [PARK_APPROACH_WAIT] reason=need_cw_clear_and_big_go cw_y=465 cw_cleared=False big_go_recent=False big_go_age=48.58s big_go={'cx': 15, 'cy': 87, 'area': 2610, 'score': 0.8399999737739563}[0m
[self_driving-10] [0m[INFO] [1782556814.402010481] [self_driving]: [PARK_APPROACH_WAIT] reason=need_cw_clear_and_big_go cw_y=465 cw_cleared=False big_go_recent=False big_go_age=48.63s big_go={'cx': 15, 'cy': 87, 'area': 2610, 'score': 0.8399999737739563}[0m
[self_driving-10] [0m[INFO] [1782556814.437056444] [self_driving]: [ALL_CLASSES] ['crosswalk'][0m
[self_driving-10] [0m[INFO] [1782556814.441512036] [self_driving]: [OBJECTS] msg_count=188 n=1 names=['crosswalk'][0m
[self_driving-10] [0m[INFO] [1782556814.473852481] [self_driving]: [IMAGE] received count=1798 shape=(480, 640, 3) queue=0[0m
[self_driving-10] [0m[INFO] [1782556814.484374147] [self_driving]: [PARK_APPROACH_WAIT] reason=need_cw_clear_and_big_go cw_y=313 cw_cleared=False big_go_recent=False big_go_age=48.71s big_go={'cx': 15, 'cy': 87, 'area': 2610, 'score': 0.8399999737739563}[0m
[self_driving-10] [0m[INFO] [1782556814.552191073] [self_driving]: [PARK_APPROACH_WAIT] reason=need_cw_clear_and_big_go cw_y=313 cw_cleared=False big_go_recent=False big_go_age=48.78s big_go={'cx': 15, 'cy': 87, 'area': 2610, 'score': 0.8399999737739563}[0m
[self_driving-10] [0m[INFO] [1782556814.621594499] [self_driving]: [PARK_APPROACH_WAIT] reason=need_cw_clear_and_big_go cw_y=313 cw_cleared=False big_go_recent=False big_go_age=48.85s big_go={'cx': 15, 'cy': 87, 'area': 2610, 'score': 0.8399999737739563}[0m
[self_driving-10] [0m[INFO] [1782556814.678637629] [self_driving]: [PARK_APPROACH_WAIT] reason=need_cw_clear_and_big_go cw_y=313 cw_cleared=False big_go_recent=False big_go_age=48.91s big_go={'cx': 15, 'cy': 87, 'area': 2610, 'score': 0.8399999737739563}[0m
[self_driving-10] [0m[INFO] [1782556814.747412925] [self_driving]: [PARK_APPROACH_WAIT] reason=need_cw_clear_and_big_go cw_y=313 cw_cleared=False big_go_recent=False big_go_age=48.98s big_go={'cx': 15, 'cy': 87, 'area': 2610, 'score': 0.8399999737739563}[0m
[self_driving-10] [0m[INFO] [1782556814.779916332] [self_driving]: [ALL_CLASSES] ['crosswalk'][0m
[self_driving-10] [0m[INFO] [1782556814.781023184] [self_driving]: [FOUR_TO_FIVE_CANDIDATE] big_cw_y=355 th=350[0m
[self_driving-10] [0m[INFO] [1782556814.833411443] [self_driving]: [PARK_APPROACH_WAIT] reason=need_cw_clear_and_big_go cw_y=355 cw_cleared=False big_go_recent=False big_go_age=49.06s big_go={'cx': 15, 'cy': 87, 'area': 2610, 'score': 0.8399999737739563}[0m
[self_driving-10] [0m[INFO] [1782556814.839298517] [self_driving]: [DEBUG_DRIVE] state=LINE_FOLLOW raw_lane_x=120.0 lane_x=120.0 filter=stable linear=0.15 angular=0.10 cw_y=355 park_x=-1 park_approach=False park_fb_count=0 park_boot_go=0 right_done=True start_turn=False count_turn=0 traffic=None stop=False[0m
[self_driving-10] [0m[INFO] [1782556814.887699462] [self_driving]: [PARK_APPROACH_WAIT] reason=need_cw_clear_and_big_go cw_y=355 cw_cleared=False big_go_recent=False big_go_age=49.12s big_go={'cx': 15, 'cy': 87, 'area': 2610, 'score': 0.8399999737739563}[0m
[self_driving-10] [0m[INFO] [1782556814.960390795] [self_driving]: [PARK_APPROACH_WAIT] reason=need_cw_clear_and_big_go cw_y=355 cw_cleared=False big_go_recent=False big_go_age=49.19s big_go={'cx': 15, 'cy': 87, 'area': 2610, 'score': 0.8399999737739563}[0m
[self_driving-10] [0m[INFO] [1782556815.015708980] [self_driving]: [PARK_APPROACH_WAIT] reason=need_cw_clear_and_big_go cw_y=355 cw_cleared=False big_go_recent=False big_go_age=49.25s big_go={'cx': 15, 'cy': 87, 'area': 2610, 'score': 0.8399999737739563}[0m
[self_driving-10] [0m[INFO] [1782556815.080719795] [self_driving]: [PARK_APPROACH_WAIT] reason=need_cw_clear_and_big_go cw_y=355 cw_cleared=False big_go_recent=False big_go_age=49.31s big_go={'cx': 15, 'cy': 87, 'area': 2610, 'score': 0.8399999737739563}[0m
[self_driving-10] [0m[INFO] [1782556815.157735758] [self_driving]: [PARK_APPROACH_WAIT] reason=need_cw_clear_and_big_go cw_y=355 cw_cleared=False big_go_recent=False big_go_age=49.39s big_go={'cx': 15, 'cy': 87, 'area': 2610, 'score': 0.8399999737739563}[0m
[self_driving-10] [0m[INFO] [1782556815.227203295] [self_driving]: [PARK_APPROACH_WAIT] reason=need_cw_clear_and_big_go cw_y=355 cw_cleared=False big_go_recent=False big_go_age=49.46s big_go={'cx': 15, 'cy': 87, 'area': 2610, 'score': 0.8399999737739563}[0m
[self_driving-10] [0m[INFO] [1782556815.289535999] [self_driving]: [PARK_APPROACH_WAIT] reason=need_cw_clear_and_big_go cw_y=355 cw_cleared=False big_go_recent=False big_go_age=49.52s big_go={'cx': 15, 'cy': 87, 'area': 2610, 'score': 0.8399999737739563}[0m
[self_driving-10] [0m[INFO] [1782556815.356424369] [self_driving]: [PARK_APPROACH_WAIT] reason=need_cw_clear_and_big_go cw_y=355 cw_cleared=False big_go_recent=False big_go_age=49.59s big_go={'cx': 15, 'cy': 87, 'area': 2610, 'score': 0.8399999737739563}[0m
[self_driving-10] [0m[INFO] [1782556815.358567110] [self_driving]: [DEBUG_DRIVE] state=LINE_FOLLOW raw_lane_x=165.5 lane_x=165.5 filter=stable linear=0.15 angular=-0.10 cw_y=355 park_x=-1 park_approach=False park_fb_count=0 park_boot_go=0 right_done=True start_turn=False count_turn=0 traffic=None stop=False[0m
[self_driving-10] [0m[INFO] [1782556815.413508610] [self_driving]: [PARK_APPROACH_WAIT] reason=need_cw_clear_and_big_go cw_y=355 cw_cleared=False big_go_recent=False big_go_age=49.64s big_go={'cx': 15, 'cy': 87, 'area': 2610, 'score': 0.8399999737739563}[0m
[self_driving-10] [0m[INFO] [1782556815.499049702] [self_driving]: [PARK_APPROACH_WAIT] reason=need_cw_clear_and_big_go cw_y=355 cw_cleared=False big_go_recent=False big_go_age=49.73s big_go={'cx': 15, 'cy': 87, 'area': 2610, 'score': 0.8399999737739563}[0m
[self_driving-10] [0m[INFO] [1782556815.556679165] [self_driving]: [PARK_APPROACH_WAIT] reason=need_cw_clear_and_big_go cw_y=355 cw_cleared=False big_go_recent=False big_go_age=49.79s big_go={'cx': 15, 'cy': 87, 'area': 2610, 'score': 0.8399999737739563}[0m
[self_driving-10] [0m[INFO] [1782556815.623223517] [self_driving]: [PARK_APPROACH_WAIT] reason=need_cw_clear_and_big_go cw_y=355 cw_cleared=False big_go_recent=False big_go_age=49.85s big_go={'cx': 15, 'cy': 87, 'area': 2610, 'score': 0.8399999737739563}[0m
[self_driving-10] [0m[INFO] [1782556815.695103795] [self_driving]: [PARK_APPROACH_WAIT] reason=need_cw_clear_and_big_go cw_y=355 cw_cleared=False big_go_recent=False big_go_age=49.92s big_go={'cx': 15, 'cy': 87, 'area': 2610, 'score': 0.8399999737739563}[0m
[self_driving-10] [0m[INFO] [1782556815.764284980] [self_driving]: [PARK_APPROACH_WAIT] reason=need_cw_clear_and_big_go cw_y=355 cw_cleared=False big_go_recent=False big_go_age=49.99s big_go={'cx': 15, 'cy': 87, 'area': 2610, 'score': 0.8399999737739563}[0m
[self_driving-10] [0m[INFO] [1782556815.853585535] [self_driving]: [PARK_APPROACH_WAIT] reason=need_cw_clear_and_big_go cw_y=355 cw_cleared=False big_go_recent=False big_go_age=50.08s big_go={'cx': 15, 'cy': 87, 'area': 2610, 'score': 0.8399999737739563}[0m
[self_driving-10] [0m[INFO] [1782556815.904713943] [self_driving]: [PARK_APPROACH_WAIT] reason=need_cw_clear_and_big_go cw_y=355 cw_cleared=False big_go_recent=False big_go_age=50.13s big_go={'cx': 15, 'cy': 87, 'area': 2610, 'score': 0.8399999737739563}[0m
[self_driving-10] [0m[INFO] [1782556815.910009128] [self_driving]: [DEBUG_DRIVE] state=LINE_FOLLOW raw_lane_x=214.5 lane_x=214.5 filter=stable linear=0.15 angular=-0.45 cw_y=355 park_x=-1 park_approach=False park_fb_count=0 park_boot_go=0 right_done=True start_turn=False count_turn=2 traffic=None stop=False[0m
[self_driving-10] [0m[INFO] [1782556815.966712276] [self_driving]: [PARK_APPROACH_WAIT] reason=need_cw_clear_and_big_go cw_y=355 cw_cleared=False big_go_recent=False big_go_age=50.20s big_go={'cx': 15, 'cy': 87, 'area': 2610, 'score': 0.8399999737739563}[0m
[self_driving-10] [0m[INFO] [1782556816.026892609] [self_driving]: [PARK_APPROACH_WAIT] reason=need_cw_clear_and_big_go cw_y=355 cw_cleared=False big_go_recent=False big_go_age=50.26s big_go={'cx': 15, 'cy': 87, 'area': 2610, 'score': 0.8399999737739563}[0m
[self_driving-10] [0m[INFO] [1782556816.086299202] [self_driving]: [PARK_APPROACH_WAIT] reason=need_cw_clear_and_big_go cw_y=355 cw_cleared=False big_go_recent=False big_go_age=50.32s big_go={'cx': 15, 'cy': 87, 'area': 2610, 'score': 0.8399999737739563}[0m
[self_driving-10] [0m[INFO] [1782556816.164311980] [self_driving]: [PARK_APPROACH_WAIT] reason=need_cw_clear_and_big_go cw_y=355 cw_cleared=False big_go_recent=False big_go_age=50.39s big_go={'cx': 15, 'cy': 87, 'area': 2610, 'score': 0.8399999737739563}[0m
[self_driving-10] [0m[INFO] [1782556816.238607609] [self_driving]: [PARK_APPROACH_WAIT] reason=need_cw_clear_and_big_go cw_y=355 cw_cleared=False big_go_recent=False big_go_age=50.47s big_go={'cx': 15, 'cy': 87, 'area': 2610, 'score': 0.8399999737739563}[0m
[self_driving-10] [0m[INFO] [1782556816.301333405] [self_driving]: [PARK_APPROACH_WAIT] reason=need_cw_clear_and_big_go cw_y=355 cw_cleared=False big_go_recent=False big_go_age=50.53s big_go={'cx': 15, 'cy': 87, 'area': 2610, 'score': 0.8399999737739563}[0m
[self_driving-10] [0m[INFO] [1782556816.367525331] [self_driving]: [PARK_APPROACH_WAIT] reason=need_cw_clear_and_big_go cw_y=355 cw_cleared=False big_go_recent=False big_go_age=50.60s big_go={'cx': 15, 'cy': 87, 'area': 2610, 'score': 0.8399999737739563}[0m
[self_driving-10] [0m[INFO] [1782556816.435064016] [self_driving]: [PARK_APPROACH_WAIT] reason=need_cw_clear_and_big_go cw_y=355 cw_cleared=False big_go_recent=False big_go_age=50.66s big_go={'cx': 15, 'cy': 87, 'area': 2610, 'score': 0.8399999737739563}[0m
[self_driving-10] [0m[INFO] [1782556816.435638016] [self_driving]: [CROSSWALK_SLOW_DONE] return normal speed[0m
[self_driving-10] [0m[INFO] [1782556816.438584442] [self_driving]: [DEBUG_DRIVE] state=LINE_FOLLOW raw_lane_x=-1 lane_x=291.0 filter=hold_last linear=0.15 angular=-0.45 cw_y=355 park_x=-1 park_approach=False park_fb_count=0 park_boot_go=0 right_done=True start_turn=True count_turn=4 traffic=None stop=False[0m
[self_driving-10] [0m[INFO] [1782556816.487525053] [self_driving]: [IMAGE] received count=1828 shape=(480, 640, 3) queue=0[0m
[self_driving-10] [0m[INFO] [1782556816.496695794] [self_driving]: [PARK_APPROACH_WAIT] reason=need_cw_clear_and_big_go cw_y=355 cw_cleared=False big_go_recent=False big_go_age=50.73s big_go={'cx': 15, 'cy': 87, 'area': 2610, 'score': 0.8399999737739563}[0m
[self_driving-10] [0m[INFO] [1782556816.573885516] [self_driving]: [PARK_APPROACH_WAIT] reason=need_cw_clear_and_big_go cw_y=355 cw_cleared=False big_go_recent=False big_go_age=50.80s big_go={'cx': 15, 'cy': 87, 'area': 2610, 'score': 0.8399999737739563}[0m
[self_driving-10] [0m[INFO] [1782556816.645465961] [self_driving]: [PARK_APPROACH_WAIT] reason=need_cw_clear_and_big_go cw_y=355 cw_cleared=False big_go_recent=False big_go_age=50.87s big_go={'cx': 15, 'cy': 87, 'area': 2610, 'score': 0.8399999737739563}[0m
[self_driving-10] [0m[INFO] [1782556816.703215757] [self_driving]: [PARK_APPROACH_WAIT] reason=need_cw_clear_and_big_go cw_y=355 cw_cleared=False big_go_recent=False big_go_age=50.93s big_go={'cx': 15, 'cy': 87, 'area': 2610, 'score': 0.8399999737739563}[0m
[self_driving-10] [0m[INFO] [1782556816.704258257] [self_driving]: [CROSSWALK_SLOW] y=355 th=180 confirm=4[0m
[self_driving-10] [0m[INFO] [1782556816.760108720] [self_driving]: [PARK_APPROACH_WAIT] reason=need_cw_clear_and_big_go cw_y=355 cw_cleared=False big_go_recent=False big_go_age=50.99s big_go={'cx': 15, 'cy': 87, 'area': 2610, 'score': 0.8399999737739563}[0m
[self_driving-10] [33m[WARN] [1782556816.761078090] [self_driving]: [LANE_LOST] raw_lane_x=-1 lane_x=-1 filter=lost stop=False state=LINE_FOLLOW safe_linear=0.00 right_ready=False right_done=True[0m
[self_driving-10] [0m[INFO] [1782556816.827537850] [self_driving]: [PARK_APPROACH_WAIT] reason=need_cw_clear_and_big_go cw_y=355 cw_cleared=False big_go_recent=False big_go_age=51.06s big_go={'cx': 15, 'cy': 87, 'area': 2610, 'score': 0.8399999737739563}[0m
[self_driving-10] [0m[INFO] [1782556816.919045553] [self_driving]: [PARK_APPROACH_WAIT] reason=need_cw_clear_and_big_go cw_y=355 cw_cleared=False big_go_recent=False big_go_age=51.15s big_go={'cx': 15, 'cy': 87, 'area': 2610, 'score': 0.8399999737739563}[0m
[self_driving-10] [0m[INFO] [1782556816.983603609] [self_driving]: [PARK_APPROACH_WAIT] reason=need_cw_clear_and_big_go cw_y=355 cw_cleared=False big_go_recent=False big_go_age=51.21s big_go={'cx': 15, 'cy': 87, 'area': 2610, 'score': 0.8399999737739563}[0m
[self_driving-10] [0m[INFO] [1782556816.984592905] [self_driving]: [DEBUG_DRIVE] state=LINE_FOLLOW raw_lane_x=291.5 lane_x=291.5 filter=stable linear=0.15 angular=-0.45 cw_y=355 park_x=-1 park_approach=False park_fb_count=0 park_boot_go=0 right_done=True start_turn=True count_turn=9 traffic=None stop=False[0m
[self_driving-10] [33m[WARN] [1782556817.044550646] [self_driving]: [LANE_X_JUMP_REJECT] raw=173.0 last=291.5 diff=118.5 candidate=173.0 cnt=1/4[0m
[self_driving-10] [0m[INFO] [1782556817.045046405] [self_driving]: [PARK_APPROACH_WAIT] reason=need_cw_clear_and_big_go cw_y=355 cw_cleared=False big_go_recent=False big_go_age=51.27s big_go={'cx': 15, 'cy': 87, 'area': 2610, 'score': 0.8399999737739563}[0m
[self_driving-10] [0m[INFO] [1782556817.105401905] [self_driving]: [PARK_APPROACH_WAIT] reason=need_cw_clear_and_big_go cw_y=355 cw_cleared=False big_go_recent=False big_go_age=51.33s big_go={'cx': 15, 'cy': 87, 'area': 2610, 'score': 0.8399999737739563}[0m
[self_driving-10] [0m[INFO] [1782556817.182727405] [self_driving]: [PARK_APPROACH_WAIT] reason=need_cw_clear_and_big_go cw_y=355 cw_cleared=False big_go_recent=False big_go_age=51.41s big_go={'cx': 15, 'cy': 87, 'area': 2610, 'score': 0.8399999737739563}[0m
[self_driving-10] [0m[INFO] [1782556817.244222960] [self_driving]: [PARK_APPROACH_WAIT] reason=need_cw_clear_and_big_go cw_y=355 cw_cleared=False big_go_recent=False big_go_age=51.47s big_go={'cx': 15, 'cy': 87, 'area': 2610, 'score': 0.8399999737739563}[0m
[self_driving-10] [0m[INFO] [1782556817.313587183] [self_driving]: [PARK_APPROACH_WAIT] reason=need_cw_clear_and_big_go cw_y=355 cw_cleared=False big_go_recent=False big_go_age=51.54s big_go={'cx': 15, 'cy': 87, 'area': 2610, 'score': 0.8399999737739563}[0m
[self_driving-10] [0m[INFO] [1782556817.370396368] [self_driving]: [PARK_APPROACH_WAIT] reason=need_cw_clear_and_big_go cw_y=355 cw_cleared=False big_go_recent=False big_go_age=51.60s big_go={'cx': 15, 'cy': 87, 'area': 2610, 'score': 0.8399999737739563}[0m
[self_driving-10] [0m[INFO] [1782556817.428480405] [self_driving]: [PARK_APPROACH_WAIT] reason=need_cw_clear_and_big_go cw_y=355 cw_cleared=False big_go_recent=False big_go_age=51.66s big_go={'cx': 15, 'cy': 87, 'area': 2610, 'score': 0.8399999737739563}[0m
[self_driving-10] [0m[INFO] [1782556817.498394757] [self_driving]: [PARK_APPROACH_WAIT] reason=need_cw_clear_and_big_go cw_y=355 cw_cleared=False big_go_recent=False big_go_age=51.73s big_go={'cx': 15, 'cy': 87, 'area': 2610, 'score': 0.8399999737739563}[0m
[self_driving-10] [0m[INFO] [1782556817.499357812] [self_driving]: [DEBUG_DRIVE] state=LINE_FOLLOW raw_lane_x=268.0 lane_x=268.0 filter=stable linear=0.15 angular=-0.45 cw_y=355 park_x=-1 park_approach=False park_fb_count=0 park_boot_go=0 right_done=True start_turn=True count_turn=17 traffic=None stop=False[0m
[self_driving-10] [0m[INFO] [1782556817.595255349] [self_driving]: [PARK_APPROACH_WAIT] reason=need_cw_clear_and_big_go cw_y=355 cw_cleared=False big_go_recent=False big_go_age=51.82s big_go={'cx': 15, 'cy': 87, 'area': 2610, 'score': 0.8399999737739563}[0m
[self_driving-10] [0m[INFO] [1782556817.647558293] [self_driving]: [PARK_APPROACH_WAIT] reason=need_cw_clear_and_big_go cw_y=355 cw_cleared=False big_go_recent=False big_go_age=51.88s big_go={'cx': 15, 'cy': 87, 'area': 2610, 'score': 0.8399999737739563}[0m
[self_driving-10] [0m[INFO] [1782556817.715990090] [self_driving]: [PARK_APPROACH_WAIT] reason=need_cw_clear_and_big_go cw_y=355 cw_cleared=False big_go_recent=False big_go_age=51.94s big_go={'cx': 15, 'cy': 87, 'area': 2610, 'score': 0.8399999737739563}[0m
[self_driving-10] [0m[INFO] [1782556817.784541867] [self_driving]: [PARK_APPROACH_WAIT] reason=need_cw_clear_and_big_go cw_y=355 cw_cleared=False big_go_recent=False big_go_age=52.01s big_go={'cx': 15, 'cy': 87, 'area': 2610, 'score': 0.8399999737739563}[0m
[self_driving-10] [0m[INFO] [1782556817.846994275] [self_driving]: [PARK_APPROACH_WAIT] reason=need_cw_clear_and_big_go cw_y=355 cw_cleared=False big_go_recent=False big_go_age=52.08s big_go={'cx': 15, 'cy': 87, 'area': 2610, 'score': 0.8399999737739563}[0m
[self_driving-10] [33m[WARN] [1782556817.900233812] [self_driving]: [LANE_X_JUMP_REJECT] raw=298.0 last=215.5 diff=82.5 candidate=298.0 cnt=1/4[0m
[self_driving-10] [0m[INFO] [1782556817.901300682] [self_driving]: [PARK_APPROACH_WAIT] reason=need_cw_clear_and_big_go cw_y=355 cw_cleared=False big_go_recent=False big_go_age=52.13s big_go={'cx': 15, 'cy': 87, 'area': 2610, 'score': 0.8399999737739563}[0m
[self_driving-10] [0m[INFO] [1782556817.993939571] [self_driving]: [PARK_APPROACH_WAIT] reason=need_cw_clear_and_big_go cw_y=355 cw_cleared=False big_go_recent=False big_go_age=52.22s big_go={'cx': 15, 'cy': 87, 'area': 2610, 'score': 0.8399999737739563}[0m
[self_driving-10] [0m[INFO] [1782556817.995969090] [self_driving]: [POST_RIGHT_CHECK] cw_y=355 big_cw_recent=True big_cw_age=3.21s th=350 start_turn=True lane_x=180.5 raw_lane_x=180.5 filter=stable[0m
[self_driving-10] [0m[INFO] [1782556818.000406478] [self_driving]: [POST_RIGHT_FORWARD_START] reason=line_turn_recover_4to5 duration=1.20s speed=0.18 angular=0.05[0m
[self_driving-10] [0m[INFO] [1782556818.052631571] [self_driving]: [POST_RIGHT_FORWARD] remain=1.14s reason=line_turn_recover_4to5 park_x=-1 cw_y=355[0m
[self_driving-10] [0m[INFO] [1782556818.326277293] [self_driving]: [POST_RIGHT_FORWARD] remain=0.87s reason=line_turn_recover_4to5 park_x=-1 cw_y=355[0m
[self_driving-10] [33m[WARN] [1782556818.464102293] [self_driving]: [LANE_X_JUMP_REJECT] raw=92.5 last=177.5 diff=85.0 candidate=93.0 cnt=3/4[0m
[self_driving-10] [0m[INFO] [1782556818.502645645] [self_driving]: [IMAGE] received count=1858 shape=(480, 640, 3) queue=0[0m
[self_driving-10] [0m[INFO] [1782556818.577607534] [self_driving]: [POST_RIGHT_FORWARD] remain=0.62s reason=line_turn_recover_4to5 park_x=-1 cw_y=355[0m
[self_driving-10] [0m[INFO] [1782556818.790382237] [self_driving]: [POST_RIGHT_FORWARD] remain=0.41s reason=line_turn_recover_4to5 park_x=-1 cw_y=355[0m
[self_driving-10] [0m[INFO] [1782556818.950946515] [self_driving]: [ALL_CLASSES] ['crosswalk'][0m
[self_driving-10] [0m[INFO] [1782556818.958288052] [self_driving]: [OBJECTS] msg_count=190 n=1 names=['crosswalk'][0m
[self_driving-10] [0m[INFO] [1782556819.009778015] [self_driving]: [POST_RIGHT_FORWARD] remain=0.19s reason=line_turn_recover_4to5 park_x=-1 cw_y=278[0m
[self_driving-10] [0m[INFO] [1782556819.255604737] [self_driving]: [PARK_APPROACH_WAIT] reason=need_cw_clear_and_big_go cw_y=278 cw_cleared=False big_go_recent=False big_go_age=53.49s big_go={'cx': 15, 'cy': 87, 'area': 2610, 'score': 0.8399999737739563}[0m
[self_driving-10] [0m[INFO] [1782556819.257049848] [self_driving]: [DEBUG_DRIVE] state=LINE_FOLLOW raw_lane_x=196.0 lane_x=196.0 filter=stable linear=0.15 angular=-0.10 cw_y=278 park_x=-1 park_approach=False park_fb_count=0 park_boot_go=0 right_done=True start_turn=False count_turn=0 traffic=None stop=False[0m
[self_driving-10] [0m[INFO] [1782556819.289559644] [self_driving]: [ALL_CLASSES] ['crosswalk'][0m
[self_driving-10] [0m[INFO] [1782556819.291754941] [self_driving]: [ALL_CLASSES] ['crosswalk'][0m
[self_driving-10] [0m[INFO] [1782556819.294237052] [self_driving]: [ALL_CLASSES] ['crosswalk'][0m
[self_driving-10] [0m[INFO] [1782556819.296707126] [self_driving]: [ALL_CLASSES] ['crosswalk'][0m
[self_driving-10] [0m[INFO] [1782556819.297323718] [self_driving]: [FOUR_TO_FIVE_CANDIDATE] big_cw_y=426 th=350[0m
[self_driving-10] [0m[INFO] [1782556819.359288237] [self_driving]: [PARK_APPROACH_WAIT] reason=need_cw_clear_and_big_go cw_y=426 cw_cleared=False big_go_recent=False big_go_age=53.59s big_go={'cx': 15, 'cy': 87, 'area': 2610, 'score': 0.8399999737739563}[0m
[self_driving-10] [0m[INFO] [1782556819.403802311] [self_driving]: [PARK_APPROACH_WAIT] reason=need_cw_clear_and_big_go cw_y=426 cw_cleared=False big_go_recent=False big_go_age=53.63s big_go={'cx': 15, 'cy': 87, 'area': 2610, 'score': 0.8399999737739563}[0m
[self_driving-10] [0m[INFO] [1782556819.404566663] [self_driving]: [CROSSWALK_SLOW_DONE] return normal speed[0m
[self_driving-10] [0m[INFO] [1782556819.455693718] [self_driving]: [PARK_APPROACH_WAIT] reason=need_cw_clear_and_big_go cw_y=426 cw_cleared=False big_go_recent=False big_go_age=53.68s big_go={'cx': 15, 'cy': 87, 'area': 2610, 'score': 0.8399999737739563}[0m
[self_driving-10] [0m[INFO] [1782556819.527095737] [self_driving]: [PARK_APPROACH_WAIT] reason=need_cw_clear_and_big_go cw_y=426 cw_cleared=False big_go_recent=False big_go_age=53.76s big_go={'cx': 15, 'cy': 87, 'area': 2610, 'score': 0.8399999737739563}[0m
[self_driving-10] [0m[INFO] [1782556819.598780052] [self_driving]: [PARK_APPROACH_WAIT] reason=need_cw_clear_and_big_go cw_y=426 cw_cleared=False big_go_recent=False big_go_age=53.83s big_go={'cx': 15, 'cy': 87, 'area': 2610, 'score': 0.8399999737739563}[0m
[self_driving-10] [0m[INFO] [1782556819.643369311] [self_driving]: [ALL_CLASSES] ['crosswalk'][0m
[self_driving-10] [0m[INFO] [1782556819.645115866] [self_driving]: [OBJECTS] msg_count=195 n=1 names=['crosswalk'][0m
[self_driving-10] [0m[INFO] [1782556819.680221533] [self_driving]: [PARK_APPROACH_WAIT] reason=need_cw_clear_and_big_go cw_y=273 cw_cleared=False big_go_recent=False big_go_age=53.90s big_go={'cx': 15, 'cy': 87, 'area': 2610, 'score': 0.8399999737739563}[0m
[self_driving-10] [0m[INFO] [1782556819.682942885] [self_driving]: [CROSSWALK_SLOW] y=273 th=180 confirm=4[0m
[self_driving-10] [0m[INFO] [1782556819.733245348] [self_driving]: [PARK_APPROACH_WAIT] reason=need_cw_clear_and_big_go cw_y=273 cw_cleared=False big_go_recent=False big_go_age=53.96s big_go={'cx': 15, 'cy': 87, 'area': 2610, 'score': 0.8399999737739563}[0m
[self_driving-10] [0m[INFO] [1782556819.792421366] [self_driving]: [PARK_APPROACH_WAIT] reason=need_cw_clear_and_big_go cw_y=273 cw_cleared=False big_go_recent=False big_go_age=54.02s big_go={'cx': 15, 'cy': 87, 'area': 2610, 'score': 0.8399999737739563}[0m
[self_driving-10] [0m[INFO] [1782556819.794289200] [self_driving]: [DEBUG_DRIVE] state=LINE_FOLLOW raw_lane_x=295.0 lane_x=295.0 filter=stable linear=0.15 angular=-0.45 cw_y=273 park_x=-1 park_approach=False park_fb_count=0 park_boot_go=0 right_done=True start_turn=True count_turn=1 traffic=None stop=False[0m
[self_driving-10] [0m[INFO] [1782556819.862964292] [self_driving]: [PARK_APPROACH_WAIT] reason=need_cw_clear_and_big_go cw_y=273 cw_cleared=False big_go_recent=False big_go_age=54.09s big_go={'cx': 15, 'cy': 87, 'area': 2610, 'score': 0.8399999737739563}[0m
[self_driving-10] [0m[INFO] [1782556819.934730903] [self_driving]: [PARK_APPROACH_WAIT] reason=need_cw_clear_and_big_go cw_y=273 cw_cleared=False big_go_recent=False big_go_age=54.16s big_go={'cx': 15, 'cy': 87, 'area': 2610, 'score': 0.8399999737739563}[0m
[self_driving-10] [0m[INFO] [1782556819.988503440] [self_driving]: [ALL_CLASSES] ['crosswalk'][0m
[self_driving-10] [0m[INFO] [1782556819.993874199] [self_driving]: [ALL_CLASSES] ['crosswalk'][0m
[self_driving-10] [0m[INFO] [1782556820.007323311] [self_driving]: [PARK_APPROACH_WAIT] reason=need_cw_clear_and_big_go cw_y=227 cw_cleared=True big_go_recent=False big_go_age=54.23s big_go={'cx': 15, 'cy': 87, 'area': 2610, 'score': 0.8399999737739563}[0m
[self_driving-10] [0m[INFO] [1782556820.069758533] [self_driving]: [PARK_APPROACH_WAIT] reason=need_cw_clear_and_big_go cw_y=227 cw_cleared=True big_go_recent=False big_go_age=54.30s big_go={'cx': 15, 'cy': 87, 'area': 2610, 'score': 0.8399999737739563}[0m
[self_driving-10] [0m[INFO] [1782556820.118158681] [self_driving]: [PARK_APPROACH_WAIT] reason=need_cw_clear_and_big_go cw_y=227 cw_cleared=True big_go_recent=False big_go_age=54.35s big_go={'cx': 15, 'cy': 87, 'area': 2610, 'score': 0.8399999737739563}[0m
[self_driving-10] [0m[INFO] [1782556820.195036107] [self_driving]: [PARK_APPROACH_WAIT] reason=need_cw_clear_and_big_go cw_y=227 cw_cleared=True big_go_recent=False big_go_age=54.42s big_go={'cx': 15, 'cy': 87, 'area': 2610, 'score': 0.8399999737739563}[0m
[self_driving-10] [0m[INFO] [1782556820.195635940] [self_driving]: [POST_RIGHT_CHECK] cw_y=227 big_cw_recent=True big_cw_age=0.90s th=350 start_turn=True lane_x=85.0 raw_lane_x=85.0 filter=stable[0m
[self_driving-10] [0m[INFO] [1782556820.197792403] [self_driving]: [POST_RIGHT_FORWARD_START] reason=line_turn_recover_4to5 duration=1.20s speed=0.18 angular=0.05[0m
[self_driving-10] [0m[INFO] [1782556820.260059292] [self_driving]: [POST_RIGHT_FORWARD] remain=1.14s reason=line_turn_recover_4to5 park_x=-1 cw_y=227[0m
[self_driving-10] [33m[WARN] [1782556820.332692144] [self_driving]: [LANE_X_JUMP_REJECT] raw=122.5 last=32.5 diff=90.0 candidate=122.5 cnt=1/4[0m
[self_driving-10] [0m[INFO] [1782556820.473648440] [self_driving]: [POST_RIGHT_FORWARD] remain=0.92s reason=line_turn_recover_4to5 park_x=-1 cw_y=227[0m
[self_driving-10] [0m[INFO] [1782556820.525245588] [self_driving]: [IMAGE] received count=1888 shape=(480, 640, 3) queue=0[0m
[self_driving-10] [0m[INFO] [1782556820.734098921] [self_driving]: [POST_RIGHT_FORWARD] remain=0.66s reason=line_turn_recover_4to5 park_x=-1 cw_y=227[0m
[self_driving-10] [0m[INFO] [1782556820.763789088] [self_driving]: [ALL_CLASSES] ['crosswalk'][0m
[self_driving-10] [0m[INFO] [1782556820.765286218] [self_driving]: [OBJECTS] msg_count=198 n=1 names=['crosswalk'][0m
[self_driving-10] [0m[INFO] [1782556820.767857829] [self_driving]: [FOUR_TO_FIVE_CANDIDATE] big_cw_y=415 th=350[0m
[self_driving-10] [0m[INFO] [1782556820.953968995] [self_driving]: [POST_RIGHT_FORWARD] remain=0.44s reason=line_turn_recover_4to5 park_x=-1 cw_y=415[0m
[self_driving-10] [0m[INFO] [1782556821.142550458] [self_driving]: [ALL_CLASSES] ['crosswalk'][0m
[self_driving-10] [0m[INFO] [1782556821.145989162] [self_driving]: [ALL_CLASSES] ['go'][0m
[self_driving-10] [0m[INFO] [1782556821.149079199] [self_driving]: [GO_CANDIDATE] cx=209 cy=70 area=1188 score=0.88[0m
[self_driving-10] [0m[INFO] [1782556821.150067828] [self_driving]: [BIG_GO_FOR_PARK] cx=209 cy=70 area=1188 score=0.88 min_score=0.75 min_area=1000[0m
[self_driving-10] [0m[INFO] [1782556821.205403384] [self_driving]: [POST_RIGHT_FORWARD] remain=0.19s reason=line_turn_recover_4to5 park_x=-1 cw_y=0[0m
[self_driving-10] [0m[INFO] [1782556821.402891791] [self_driving]: [PARK_APPROACH_START] reason=big_cw_line_turn_post_forward_big_go hold=12.0s fallback_delay=3.0s[0m
[self_driving-10] [0m[INFO] [1782556821.403453736] [self_driving]: [PARK_APPROACH_TRIGGER] reason=big_cw_line_turn_post_forward_big_go cw_y=0 cw_th=250 big_go_age=0.25s big_go={'cx': 209, 'cy': 70, 'area': 1188, 'score': 0.8799999952316284} right_done=True[0m
[self_driving-10] [0m[INFO] [1782556821.403927865] [self_driving]: [PARK_APPROACH_CW_BYPASS] clear crosswalk slow stop=False cw_y=0[0m
[self_driving-10] [0m[INFO] [1782556821.405832384] [self_driving]: [DEBUG_DRIVE] state=LINE_FOLLOW raw_lane_x=180.0 lane_x=180.0 filter=stable linear=0.30 angular=-0.10 cw_y=0 park_x=-1 park_approach=True park_fb_count=0 park_boot_go=0 right_done=True start_turn=False count_turn=0 traffic=None stop=False[0m
[self_driving-10] [0m[INFO] [1782556821.497478717] [self_driving]: [ALL_CLASSES] ['crosswalk'][0m
[self_driving-10] [0m[INFO] [1782556821.498107754] [self_driving]: [OBJECTS] msg_count=201 n=1 names=['crosswalk'][0m
[self_driving-10] [0m[INFO] [1782556821.501040902] [self_driving]: [ALL_CLASSES] ['crosswalk'][0m
[self_driving-10] [0m[INFO] [1782556821.501701902] [self_driving]: [FOUR_TO_FIVE_CANDIDATE] big_cw_y=465 th=350[0m
[self_driving-10] [0m[INFO] [1782556821.827835847] [self_driving]: [ALL_CLASSES] ['go'][0m
[self_driving-10] [0m[INFO] [1782556821.828430513] [self_driving]: [GO_CANDIDATE] cx=214 cy=106 area=1008 score=0.87[0m
[self_driving-10] [0m[INFO] [1782556821.831971365] [self_driving]: [BIG_GO_FOR_PARK] cx=214 cy=106 area=1008 score=0.87 min_score=0.75 min_area=1000[0m
[self_driving-10] [0m[INFO] [1782556821.838944606] [self_driving]: [ALL_CLASSES] ['crosswalk'][0m
[self_driving-10] [0m[INFO] [1782556821.936419550] [self_driving]: [DEBUG_DRIVE] state=LINE_FOLLOW raw_lane_x=187.0 lane_x=187.0 filter=stable linear=0.30 angular=-0.10 cw_y=223 park_x=-1 park_approach=True park_fb_count=0 park_boot_go=0 right_done=True start_turn=False count_turn=0 traffic=None stop=False[0m
[self_driving-10] [0m[INFO] [1782556822.217401828] [self_driving]: [ALL_CLASSES] ['go'][0m
[self_driving-10] [0m[INFO] [1782556822.219469513] [self_driving]: [OBJECTS] msg_count=205 n=1 names=['go'][0m
[self_driving-10] [0m[INFO] [1782556822.220344476] [self_driving]: [GO_CANDIDATE] cx=218 cy=110 area=1242 score=0.88[0m
[self_driving-10] [0m[INFO] [1782556822.221101013] [self_driving]: [BIG_GO_FOR_PARK] cx=218 cy=110 area=1242 score=0.88 min_score=0.75 min_area=1000[0m
[self_driving-10] [0m[INFO] [1782556822.472330550] [self_driving]: [DEBUG_DRIVE] state=LINE_FOLLOW raw_lane_x=133.0 lane_x=133.0 filter=stable linear=0.30 angular=-0.10 cw_y=0 park_x=-1 park_approach=True park_fb_count=0 park_boot_go=0 right_done=True start_turn=False count_turn=0 traffic=None stop=False[0m
[self_driving-10] [0m[INFO] [1782556822.536280828] [self_driving]: [IMAGE] received count=1918 shape=(480, 640, 3) queue=0[0m
[self_driving-10] [0m[INFO] [1782556822.558294402] [self_driving]: [ALL_CLASSES] ['crosswalk'][0m
[self_driving-10] [0m[INFO] [1782556822.561701031] [self_driving]: [ALL_CLASSES] ['go'][0m
[self_driving-10] [0m[INFO] [1782556822.564500087] [self_driving]: [GO_CANDIDATE] cx=214 cy=109 area=1674 score=0.88[0m
[self_driving-10] [0m[INFO] [1782556822.565687754] [self_driving]: [BIG_GO_FOR_PARK] cx=214 cy=109 area=1674 score=0.88 min_score=0.75 min_area=1000[0m
[self_driving-10] [0m[INFO] [1782556822.890397457] [self_driving]: [ALL_CLASSES] ['crosswalk'][0m
[self_driving-10] [0m[INFO] [1782556822.891432457] [self_driving]: [OBJECTS] msg_count=208 n=1 names=['crosswalk'][0m
[self_driving-10] [0m[INFO] [1782556822.894279605] [self_driving]: [ALL_CLASSES] ['go'][0m
[self_driving-10] [0m[INFO] [1782556822.895131901] [self_driving]: [GO_CANDIDATE] cx=169 cy=101 area=2108 score=0.88[0m
[self_driving-10] [0m[INFO] [1782556822.899157976] [self_driving]: [BIG_GO_FOR_PARK] cx=169 cy=101 area=2108 score=0.88 min_score=0.75 min_area=1000[0m
[self_driving-10] [0m[INFO] [1782556823.026788420] [self_driving]: [DEBUG_DRIVE] state=LINE_FOLLOW raw_lane_x=123.0 lane_x=123.0 filter=stable linear=0.30 angular=0.10 cw_y=0 park_x=-1 park_approach=True park_fb_count=0 park_boot_go=0 right_done=True start_turn=False count_turn=0 traffic=None stop=False[0m
[self_driving-10] [0m[INFO] [1782556823.225511031] [self_driving]: [ALL_CLASSES] ['crosswalk'][0m
[self_driving-10] [0m[INFO] [1782556823.227873772] [self_driving]: [ALL_CLASSES] ['go'][0m
[self_driving-10] [0m[INFO] [1782556823.229409901] [self_driving]: [GO_CANDIDATE] cx=51 cy=91 area=4675 score=0.84[0m
[self_driving-10] [0m[INFO] [1782556823.230598086] [self_driving]: [BIG_GO_FOR_PARK] cx=51 cy=91 area=4675 score=0.84 min_score=0.75 min_area=1000[0m
[self_driving-10] [0m[INFO] [1782556823.546001068] [self_driving]: [DEBUG_DRIVE] state=LINE_FOLLOW raw_lane_x=126.0 lane_x=126.0 filter=stable linear=0.30 angular=-0.10 cw_y=0 park_x=-1 park_approach=True park_fb_count=0 park_boot_go=0 right_done=True start_turn=False count_turn=0 traffic=None stop=False[0m
[self_driving-10] [0m[INFO] [1782556823.557644068] [self_driving]: [ALL_CLASSES] ['crosswalk'][0m
[self_driving-10] [0m[INFO] [1782556823.559509660] [self_driving]: [OBJECTS] msg_count=212 n=1 names=['crosswalk'][0m
[self_driving-10] [0m[INFO] [1782556823.561253049] [self_driving]: [FOUR_TO_FIVE_CANDIDATE] big_cw_y=421 th=350[0m
[self_driving-10] [0m[INFO] [1782556824.097546086] [self_driving]: [DEBUG_DRIVE] state=LINE_FOLLOW raw_lane_x=133.0 lane_x=133.0 filter=stable linear=0.30 angular=-0.10 cw_y=421 park_x=-1 park_approach=True park_fb_count=0 park_boot_go=0 right_done=True start_turn=False count_turn=0 traffic=None stop=False[0m
[self_driving-10] [0m[INFO] [1782556824.429981234] [self_driving]: [PARK_FALLBACK_COUNT] count=1/10 elapsed=3.03 cw_y=421 go_recent=True go_candidate={'cx': 51, 'cy': 91, 'area': 4675, 'score': 0.8399999737739563}[0m
[self_driving-10] [0m[INFO] [1782556824.496313141] [self_driving]: [PARK_FALLBACK_COUNT] count=2/10 elapsed=3.09 cw_y=421 go_recent=True go_candidate={'cx': 51, 'cy': 91, 'area': 4675, 'score': 0.8399999737739563}[0m
[self_driving-10] [0m[INFO] [1782556824.558710863] [self_driving]: [IMAGE] received count=1948 shape=(480, 640, 3) queue=0[0m
[self_driving-10] [0m[INFO] [1782556824.565292160] [self_driving]: [PARK_FALLBACK_COUNT] count=3/10 elapsed=3.16 cw_y=421 go_recent=True go_candidate={'cx': 51, 'cy': 91, 'area': 4675, 'score': 0.8399999737739563}[0m
[self_driving-10] [0m[INFO] [1782556824.572702345] [self_driving]: [ALL_CLASSES] ['crosswalk'][0m
[self_driving-10] [0m[INFO] [1782556824.573623937] [self_driving]: [OBJECTS] msg_count=213 n=1 names=['crosswalk'][0m
[self_driving-10] [0m[INFO] [1782556824.641148252] [self_driving]: [PARK_FALLBACK_COUNT] count=4/10 elapsed=3.24 cw_y=320 go_recent=True go_candidate={'cx': 51, 'cy': 91, 'area': 4675, 'score': 0.8399999737739563}[0m
[self_driving-10] [0m[INFO] [1782556824.642520549] [self_driving]: [DEBUG_DRIVE] state=LINE_FOLLOW raw_lane_x=169.5 lane_x=169.5 filter=stable linear=0.30 angular=-0.10 cw_y=320 park_x=-1 park_approach=True park_fb_count=4 park_boot_go=0 right_done=True start_turn=False count_turn=0 traffic=None stop=False[0m
[self_driving-10] [0m[INFO] [1782556824.688609141] [self_driving]: [PARK_FALLBACK_COUNT] count=5/10 elapsed=3.29 cw_y=320 go_recent=True go_candidate={'cx': 51, 'cy': 91, 'area': 4675, 'score': 0.8399999737739563}[0m
[self_driving-10] [0m[INFO] [1782556824.762025937] [self_driving]: [PARK_FALLBACK_COUNT] count=6/10 elapsed=3.36 cw_y=320 go_recent=False go_candidate={'cx': 51, 'cy': 91, 'area': 4675, 'score': 0.8399999737739563}[0m
[self_driving-10] [0m[INFO] [1782556824.837664863] [self_driving]: [PARK_FALLBACK_COUNT] count=7/10 elapsed=3.43 cw_y=320 go_recent=False go_candidate={'cx': 51, 'cy': 91, 'area': 4675, 'score': 0.8399999737739563}[0m
[self_driving-10] [0m[INFO] [1782556824.898569660] [self_driving]: [PARK_FALLBACK_COUNT] count=8/10 elapsed=3.50 cw_y=320 go_recent=False go_candidate={'cx': 51, 'cy': 91, 'area': 4675, 'score': 0.8399999737739563}[0m
[self_driving-10] [0m[INFO] [1782556824.994647752] [self_driving]: [PARK_FALLBACK_COUNT] count=9/10 elapsed=3.59 cw_y=320 go_recent=False go_candidate={'cx': 51, 'cy': 91, 'area': 4675, 'score': 0.8399999737739563}[0m
[self_driving-10] [0m[INFO] [1782556825.027871567] [self_driving]: [PARK_FALLBACK_COUNT] count=10/10 elapsed=3.63 cw_y=320 go_recent=False go_candidate={'cx': 51, 'cy': 91, 'area': 4675, 'score': 0.8399999737739563}[0m
[self_driving-10] [33m[WARN] [1782556825.029163956] [self_driving]: [PARK_FALLBACK_START] park class not detected -> run park_action by 5→6 fallback[0m
[self_driving-10] [0m[INFO] [1782556825.031032715] [self_driving]: [1;36m[FSM] LINE_FOLLOW -> PARKING[0m[0m
[self_driving-10] [0m[INFO] [1782556826.581202121] [self_driving]: [IMAGE] received count=1978 shape=(480, 640, 3) queue=0[0m
[self_driving-10] [0m[INFO] [1782556826.936080510] [self_driving]: [PARK_DONE] park_action complete -> DONE[0m
[self_driving-10] [0m[INFO] [1782556826.936650269] [self_driving]: [1;36m[FSM] PARKING -> LINE_FOLLOW[0m[0m
[self_driving-10] [33m[WARN] [1782556826.987980140] [self_driving]: [LANE_X_JUMP_REJECT] raw=92.0 last=229.5 diff=137.5 candidate=92.0 cnt=1/4[0m
[self_driving-10] [0m[INFO] [1782556826.989600825] [self_driving]: [PARK_APPROACH_CW_BYPASS] clear crosswalk slow stop=True cw_y=320[0m
[self_driving-10] [0m[INFO] [1782556826.991212362] [self_driving]: [PARK_FALLBACK_COUNT] count=11/10 elapsed=5.59 cw_y=320 go_recent=False go_candidate={'cx': 51, 'cy': 91, 'area': 4675, 'score': 0.8399999737739563}[0m
[self_driving-10] [33m[WARN] [1782556826.992243566] [self_driving]: [PARK_FALLBACK_START] park class not detected -> run park_action by 5→6 fallback[0m
[self_driving-10] [0m[INFO] [1782556826.992898380] [self_driving]: [1;36m[FSM] LINE_FOLLOW -> PARKING[0m[0m
[self_driving-10] [0m[INFO] [1782556828.659655176] [self_driving]: [IMAGE] received count=2009 shape=(480, 640, 3) queue=0[0m
[self_driving-10] [0m[INFO] [1782556828.894810768] [self_driving]: [PARK_DONE] park_action complete -> DONE[0m
[self_driving-10] [0m[INFO] [1782556828.895379953] [self_driving]: [1;36m[FSM] PARKING -> LINE_FOLLOW[0m[0m
[self_driving-10] [33m[WARN] [1782556828.932330842] [self_driving]: [LANE_X_JUMP_REJECT] raw=78.5 last=229.5 diff=151.0 candidate=92.0 cnt=2/4[0m
[self_driving-10] [0m[INFO] [1782556828.932960083] [self_driving]: [PARK_APPROACH_CW_BYPASS] clear crosswalk slow stop=True cw_y=320[0m
[self_driving-10] [0m[INFO] [1782556828.933543268] [self_driving]: [PARK_FALLBACK_COUNT] count=12/10 elapsed=7.53 cw_y=320 go_recent=False go_candidate={'cx': 51, 'cy': 91, 'area': 4675, 'score': 0.8399999737739563}[0m
[self_driving-10] [33m[WARN] [1782556828.934557620] [self_driving]: [PARK_FALLBACK_START] park class not detected -> run park_action by 5→6 fallback[0m
[self_driving-10] [0m[INFO] [1782556828.936276453] [self_driving]: [1;36m[FSM] LINE_FOLLOW -> PARKING[0m[0m
[self_driving-10] [0m[INFO] [1782556830.676293434] [self_driving]: [IMAGE] received count=2039 shape=(480, 640, 3) queue=0[0m
[self_driving-10] [0m[INFO] [1782556830.838607489] [self_driving]: [PARK_DONE] park_action complete -> DONE[0m
[self_driving-10] [0m[INFO] [1782556830.839080193] [self_driving]: [1;36m[FSM] PARKING -> LINE_FOLLOW[0m[0m
[self_driving-10] [0m[INFO] [1782556830.880879971] [self_driving]: [PARK_APPROACH_CW_BYPASS] clear crosswalk slow stop=True cw_y=320[0m
[self_driving-10] [0m[INFO] [1782556830.881393526] [self_driving]: [PARK_FALLBACK_COUNT] count=13/10 elapsed=9.48 cw_y=320 go_recent=False go_candidate={'cx': 51, 'cy': 91, 'area': 4675, 'score': 0.8399999737739563}[0m
[self_driving-10] [33m[WARN] [1782556830.882486915] [self_driving]: [PARK_FALLBACK_START] park class not detected -> run park_action by 5→6 fallback[0m
[self_driving-10] [0m[INFO] [1782556830.883239637] [self_driving]: [1;36m[FSM] LINE_FOLLOW -> PARKING[0m[0m
[self_driving-10] [0m[INFO] [1782556832.692395544] [self_driving]: [IMAGE] received count=2069 shape=(480, 640, 3) queue=0[0m
[self_driving-10] [0m[INFO] [1782556832.786605581] [self_driving]: [PARK_DONE] park_action complete -> DONE[0m
[self_driving-10] [0m[INFO] [1782556832.787058340] [self_driving]: [1;36m[FSM] PARKING -> LINE_FOLLOW[0m[0m
[self_driving-10] [0m[INFO] [1782556832.828849321] [self_driving]: [PARK_APPROACH_CW_BYPASS] clear crosswalk slow stop=True cw_y=320[0m
[self_driving-10] [0m[INFO] [1782556832.829385173] [self_driving]: [PARK_FALLBACK_COUNT] count=14/10 elapsed=11.43 cw_y=320 go_recent=False go_candidate={'cx': 51, 'cy': 91, 'area': 4675, 'score': 0.8399999737739563}[0m
[self_driving-10] [33m[WARN] [1782556832.829966451] [self_driving]: [PARK_FALLBACK_START] park class not detected -> run park_action by 5→6 fallback[0m
[self_driving-10] [0m[INFO] [1782556832.830650710] [self_driving]: [1;36m[FSM] LINE_FOLLOW -> PARKING[0m[0m
[self_driving-10] [0m[INFO] [1782556834.694819617] [self_driving]: [IMAGE] received count=2099 shape=(480, 640, 3) queue=0[0m
[self_driving-10] [0m[INFO] [1782556834.733927172] [self_driving]: [PARK_DONE] park_action complete -> DONE[0m
[self_driving-10] [0m[INFO] [1782556834.734464580] [self_driving]: [1;36m[FSM] PARKING -> LINE_FOLLOW[0m[0m
[self_driving-10] [0m[INFO] [1782556834.775603524] [self_driving]: [PARK_APPROACH_END] timeout -> normal crosswalk/lane behavior[0m
[self_driving-10] [0m[INFO] [1782556834.778933913] [self_driving]: [DEBUG_DRIVE] state=LINE_FOLLOW raw_lane_x=215.5 lane_x=215.5 filter=stable linear=0.30 angular=-0.45 cw_y=320 park_x=-1 park_approach=False park_fb_count=0 park_boot_go=0 right_done=True start_turn=False count_turn=5 traffic=None stop=False[0m
[self_driving-10] [0m[INFO] [1782556834.969152579] [self_driving]: [CROSSWALK_SLOW] y=320 th=180 confirm=4[0m
[self_driving-10] [33m[WARN] [1782556835.123746116] [self_driving]: [LANE_X_JUMP_REJECT] raw=123.0 last=292.5 diff=169.5 candidate=123.0 cnt=1/4[0m
[self_driving-10] [0m[INFO] [1782556835.310823913] [self_driving]: [DEBUG_DRIVE] state=LINE_FOLLOW raw_lane_x=159.5 lane_x=292.5 filter=jump_reject linear=0.15 angular=-0.45 cw_y=320 park_x=-1 park_approach=False park_fb_count=0 park_boot_go=0 right_done=True start_turn=True count_turn=7 traffic=None stop=False[0m
[self_driving-10] [0m[INFO] [1782556835.384152135] [self_driving]: [LANE_X_JUMP_ACCEPT] raw=159.5 last=159.5 cnt=4/4[0m
[self_driving-10] [0m[INFO] [1782556835.387980431] [self_driving]: [POST_RIGHT_CHECK] cw_y=320 big_cw_recent=False big_cw_age=11.82s th=350 start_turn=True lane_x=159.5 raw_lane_x=159.5 filter=jump_accept[0m
[self_driving-10] [0m[INFO] [1782556835.388599098] [self_driving]: [POST_RIGHT_SKIP] reason=not_4to5_big_cw_candidate cw_y=320 th=350 big_cw_recent=False[0m
[self_driving-10] [0m[INFO] [1782556835.434408598] [self_driving]: [POST_RIGHT_CHECK] cw_y=320 big_cw_recent=False big_cw_age=11.87s th=350 start_turn=True lane_x=159.5 raw_lane_x=159.5 filter=stable[0m
[self_driving-10] [0m[INFO] [1782556835.435637616] [self_driving]: [POST_RIGHT_SKIP] reason=not_4to5_big_cw_candidate cw_y=320 th=350 big_cw_recent=False[0m
[self_driving-10] [0m[INFO] [1782556835.511154338] [self_driving]: [POST_RIGHT_CHECK] cw_y=320 big_cw_recent=False big_cw_age=11.95s th=350 start_turn=True lane_x=175.0 raw_lane_x=175.0 filter=stable[0m
[self_driving-10] [0m[INFO] [1782556835.511660227] [self_driving]: [POST_RIGHT_SKIP] reason=not_4to5_big_cw_candidate cw_y=320 th=350 big_cw_recent=False[0m
[self_driving-10] [0m[INFO] [1782556835.591274431] [self_driving]: [POST_RIGHT_CHECK] cw_y=320 big_cw_recent=False big_cw_age=12.03s th=350 start_turn=True lane_x=199.0 raw_lane_x=199.0 filter=stable[0m
[self_driving-10] [0m[INFO] [1782556835.591796616] [self_driving]: [POST_RIGHT_SKIP] reason=not_4to5_big_cw_candidate cw_y=320 th=350 big_cw_recent=False[0m
[self_driving-10] [0m[INFO] [1782556835.842474190] [self_driving]: [DEBUG_DRIVE] state=LINE_FOLLOW raw_lane_x=273.5 lane_x=273.5 filter=stable linear=0.15 angular=-0.45 cw_y=320 park_x=-1 park_approach=False park_fb_count=0 park_boot_go=0 right_done=True start_turn=True count_turn=4 traffic=None stop=False[0m
[self_driving-10] [0m[INFO] [1782556836.387417653] [self_driving]: [DEBUG_DRIVE] state=LINE_FOLLOW raw_lane_x=302.0 lane_x=302.0 filter=stable linear=0.15 angular=-0.45 cw_y=320 park_x=-1 park_approach=False park_fb_count=0 park_boot_go=0 right_done=True start_turn=True count_turn=12 traffic=None stop=False[0m
[self_driving-10] [0m[INFO] [1782556836.731300671] [self_driving]: [IMAGE] received count=2129 shape=(480, 640, 3) queue=0[0m
[self_driving-10] [0m[INFO] [1782556836.928110838] [self_driving]: [DEBUG_DRIVE] state=LINE_FOLLOW raw_lane_x=284.0 lane_x=284.0 filter=stable linear=0.15 angular=-0.45 cw_y=320 park_x=-1 park_approach=False park_fb_count=0 park_boot_go=0 right_done=True start_turn=True count_turn=20 traffic=None stop=False[0m
[self_driving-10] [0m[INFO] [1782556837.454389282] [self_driving]: [DEBUG_DRIVE] state=LINE_FOLLOW raw_lane_x=303.5 lane_x=303.5 filter=stable linear=0.15 angular=-0.45 cw_y=320 park_x=-1 park_approach=False park_fb_count=0 park_boot_go=0 right_done=True start_turn=True count_turn=28 traffic=None stop=False[0m
[self_driving-10] [0m[INFO] [1782556837.687637356] [self_driving]: [CROSSWALK_SLOW_DONE] return normal speed[0m
[self_driving-10] [0m[INFO] [1782556837.939492707] [self_driving]: [CROSSWALK_SLOW] y=320 th=180 confirm=4[0m
[self_driving-10] [0m[INFO] [1782556837.965927226] [self_driving]: [ALL_CLASSES] ['right'][0m
[self_driving-10] [0m[INFO] [1782556837.966868652] [self_driving]: [OBJECTS] msg_count=214 n=1 names=['right'][0m
[self_driving-10] [0m[INFO] [1782556837.968867855] [self_driving]: [RIGHT_CANDIDATE] valid=False reject=['small_area', 'right_done'] cnt=0 cx=579 cy=124 area=756 score=0.81 done=True[0m
[self_driving-10] [0m[INFO] [1782556837.974907707] [self_driving]: [ALL_CLASSES] ['crosswalk'][0m
[self_driving-10] [0m[INFO] [1782556838.018798781] [self_driving]: [DEBUG_DRIVE] state=LINE_FOLLOW raw_lane_x=211.0 lane_x=211.0 filter=stable linear=0.15 angular=-0.45 cw_y=212 park_x=-1 park_approach=False park_fb_count=0 park_boot_go=0 right_done=True start_turn=True count_turn=36 traffic=None stop=False[0m
[self_driving-10] [0m[INFO] [1782556838.078007207] [self_driving]: [POST_RIGHT_CHECK] cw_y=212 big_cw_recent=False big_cw_age=14.52s th=350 start_turn=True lane_x=194.5 raw_lane_x=194.5 filter=stable[0m
[self_driving-10] [0m[INFO] [1782556838.078590133] [self_driving]: [POST_RIGHT_SKIP] reason=not_4to5_big_cw_candidate cw_y=212 th=350 big_cw_recent=False[0m
[self_driving-10] [0m[INFO] [1782556838.310281022] [self_driving]: [ALL_CLASSES] ['crosswalk'][0m
[self_driving-10] [0m[INFO] [1782556838.317928781] [self_driving]: [ALL_CLASSES] ['crosswalk'][0m
[self_driving-10] [0m[INFO] [1782556838.542315374] [self_driving]: [DEBUG_DRIVE] state=LINE_FOLLOW raw_lane_x=145.0 lane_x=145.0 filter=stable linear=0.15 angular=-0.10 cw_y=183 park_x=-1 park_approach=False park_fb_count=0 park_boot_go=0 right_done=True start_turn=False count_turn=0 traffic=None stop=False[0m
[self_driving-10] [0m[INFO] [1782556838.645776355] [self_driving]: [ALL_CLASSES] ['crosswalk'][0m
[self_driving-10] [0m[INFO] [1782556838.646405985] [self_driving]: [OBJECTS] msg_count=218 n=1 names=['crosswalk'][0m
[self_driving-10] [0m[INFO] [1782556838.652163503] [self_driving]: [ALL_CLASSES] ['crosswalk'][0m
[self_driving-10] [0m[INFO] [1782556838.739227855] [self_driving]: [IMAGE] received count=2159 shape=(480, 640, 3) queue=0[0m
[self_driving-10] [0m[INFO] [1782556838.988069077] [self_driving]: [ALL_CLASSES] ['crosswalk'][0m
[self_driving-10] [0m[INFO] [1782556839.083461947] [self_driving]: [DEBUG_DRIVE] state=LINE_FOLLOW raw_lane_x=130.0 lane_x=130.0 filter=stable linear=0.15 angular=-0.10 cw_y=185 park_x=-1 park_approach=False park_fb_count=0 park_boot_go=0 right_done=True start_turn=False count_turn=0 traffic=None stop=False[0m
[self_driving-10] [0m[INFO] [1782556839.359457688] [self_driving]: [ALL_CLASSES] ['crosswalk'][0m
[self_driving-10] [0m[INFO] [1782556839.359975669] [self_driving]: [OBJECTS] msg_count=221 n=1 names=['crosswalk'][0m
[self_driving-10] [0m[INFO] [1782556839.363368836] [self_driving]: [ALL_CLASSES] ['crosswalk'][0m
[self_driving-10] [0m[INFO] [1782556839.602105077] [self_driving]: [DEBUG_DRIVE] state=LINE_FOLLOW raw_lane_x=131.0 lane_x=131.0 filter=stable linear=0.15 angular=-0.10 cw_y=184 park_x=-1 park_approach=False park_fb_count=0 park_boot_go=0 right_done=True start_turn=False count_turn=0 traffic=None stop=False[0m
[self_driving-10] [0m[INFO] [1782556839.695043762] [self_driving]: [ALL_CLASSES] ['crosswalk'][0m
[self_driving-10] [0m[INFO] [1782556839.703585521] [self_driving]: [ALL_CLASSES] ['crosswalk'][0m
[self_driving-10] [0m[INFO] [1782556840.035119391] [self_driving]: [ALL_CLASSES] ['crosswalk'][0m
[self_driving-10] [0m[INFO] [1782556840.035687280] [self_driving]: [OBJECTS] msg_count=225 n=1 names=['crosswalk'][0m
[self_driving-10] [0m[INFO] [1782556840.039025873] [self_driving]: [ALL_CLASSES] ['crosswalk'][0m
[self_driving-10] [0m[INFO] [1782556840.116782410] [self_driving]: [DEBUG_DRIVE] state=LINE_FOLLOW raw_lane_x=131.0 lane_x=131.0 filter=stable linear=0.15 angular=-0.10 cw_y=188 park_x=-1 park_approach=False park_fb_count=0 park_boot_go=0 right_done=True start_turn=False count_turn=0 traffic=None stop=False[0m
[self_driving-10] [0m[INFO] [1782556840.390134910] [self_driving]: [ALL_CLASSES] ['crosswalk'][0m
[self_driving-10] [0m[INFO] [1782556840.392453521] [self_driving]: [ALL_CLASSES] ['right'][0m
[self_driving-10] [0m[INFO] [1782556840.393408373] [self_driving]: [RIGHT_CANDIDATE] valid=False reject=['small_area', 'right_done'] cnt=0 cx=183 cy=113 area=1564 score=0.85 done=True[0m
[self_driving-10] [0m[INFO] [1782556840.396531335] [self_driving]: [ALL_CLASSES] ['crosswalk'][0m
[self_driving-10] [0m[INFO] [1782556840.618033872] [self_driving]: [CROSSWALK_SLOW_DONE] return normal speed[0m
[self_driving-10] [0m[INFO] [1782556840.618846761] [self_driving]: [DEBUG_DRIVE] state=LINE_FOLLOW raw_lane_x=138.0 lane_x=138.0 filter=stable linear=0.15 angular=-0.10 cw_y=190 park_x=-1 park_approach=False park_fb_count=0 park_boot_go=0 right_done=True start_turn=False count_turn=0 traffic=None stop=False[0m
[self_driving-10] [0m[INFO] [1782556840.719382854] [self_driving]: [ALL_CLASSES] ['crosswalk'][0m
[self_driving-10] [0m[INFO] [1782556840.720668891] [self_driving]: [OBJECTS] msg_count=230 n=1 names=['crosswalk'][0m
[self_driving-10] [0m[INFO] [1782556840.723930706] [self_driving]: [ALL_CLASSES] ['crosswalk'][0m
[self_driving-10] [0m[INFO] [1782556840.768780632] [self_driving]: [IMAGE] received count=2189 shape=(480, 640, 3) queue=0[0m
[self_driving-10] [0m[INFO] [1782556840.881372891] [self_driving]: [CROSSWALK_SLOW] y=193 th=180 confirm=4[0m
[self_driving-10] [0m[INFO] [1782556841.063392354] [self_driving]: [ALL_CLASSES] ['crosswalk'][0m
[self_driving-10] [0m[INFO] [1782556841.065287909] [self_driving]: [ALL_CLASSES] ['right'][0m
[self_driving-10] [0m[INFO] [1782556841.065913465] [self_driving]: [RIGHT_CANDIDATE] valid=False reject=['small_area', 'right_done'] cnt=0 cx=164 cy=110 area=1924 score=0.87 done=True[0m
[self_driving-10] [0m[INFO] [1782556841.068111057] [self_driving]: [ALL_CLASSES] ['crosswalk'][0m
[self_driving-10] [0m[INFO] [1782556841.073598261] [self_driving]: [ALL_CLASSES] ['crosswalk'][0m
[self_driving-10] [0m[INFO] [1782556841.167870076] [self_driving]: [CROSSWALK_IGNORE] y=6 < th=180[0m
[self_driving-10] [0m[INFO] [1782556841.172233891] [self_driving]: [DEBUG_DRIVE] state=LINE_FOLLOW raw_lane_x=150.0 lane_x=150.0 filter=stable linear=0.15 angular=-0.10 cw_y=6 park_x=-1 park_approach=False park_fb_count=0 park_boot_go=0 right_done=True start_turn=False count_turn=0 traffic=None stop=False[0m
[self_driving-10] [0m[INFO] [1782556841.456304890] [self_driving]: [ALL_CLASSES] ['right'][0m
[self_driving-10] [0m[INFO] [1782556841.459138502] [self_driving]: [OBJECTS] msg_count=236 n=1 names=['right'][0m
[self_driving-10] [0m[INFO] [1782556841.460983761] [self_driving]: [RIGHT_CANDIDATE] valid=False reject=['small_area', 'right_done'] cnt=0 cx=146 cy=109 area=2310 score=0.89 done=True[0m
[self_driving-10] [0m[INFO] [1782556841.469229409] [self_driving]: [ALL_CLASSES] ['crosswalk'][0m
[self_driving-10] [0m[INFO] [1782556841.706729816] [self_driving]: [CROSSWALK_IGNORE] y=6 < th=180[0m
[self_driving-10] [0m[INFO] [1782556841.710453964] [self_driving]: [DEBUG_DRIVE] state=LINE_FOLLOW raw_lane_x=113.5 lane_x=113.5 filter=stable linear=0.15 angular=0.10 cw_y=6 park_x=-1 park_approach=False park_fb_count=0 park_boot_go=0 right_done=True start_turn=False count_turn=0 traffic=None stop=False[0m
[self_driving-10] [0m[INFO] [1782556841.922360742] [self_driving]: [ALL_CLASSES] ['right'][0m
[self_driving-10] [0m[INFO] [1782556841.922937279] [self_driving]: [RIGHT_CANDIDATE] valid=False reject=['small_area', 'right_done'] cnt=0 cx=125 cy=106 area=2655 score=0.88 done=True[0m
[self_driving-10] [0m[INFO] [1782556841.925862594] [self_driving]: [ALL_CLASSES] ['crosswalk'][0m
[self_driving-10] [0m[INFO] [1782556842.224633094] [self_driving]: [CROSSWALK_IGNORE] y=5 < th=180[0m
[self_driving-10] [0m[INFO] [1782556842.226321279] [self_driving]: [DEBUG_DRIVE] state=LINE_FOLLOW raw_lane_x=134.5 lane_x=134.5 filter=stable linear=0.15 angular=-0.10 cw_y=5 park_x=-1 park_approach=False park_fb_count=0 park_boot_go=0 right_done=True start_turn=False count_turn=0 traffic=None stop=False[0m
[self_driving-10] [0m[INFO] [1782556842.270762575] [self_driving]: [ALL_CLASSES] ['crosswalk'][0m
[self_driving-10] [0m[INFO] [1782556842.271427908] [self_driving]: [OBJECTS] msg_count=240 n=1 names=['crosswalk'][0m
[self_driving-10] [0m[INFO] [1782556842.272073112] [self_driving]: [FOUR_TO_FIVE_CANDIDATE] big_cw_y=443 th=350[0m
[self_driving-10] [0m[INFO] [1782556842.276259890] [self_driving]: [ALL_CLASSES] ['right'][0m
[self_driving-10] [0m[INFO] [1782556842.277322520] [self_driving]: [RIGHT_CANDIDATE] valid=True reject=['right_done'] cnt=0 cx=70 cy=95 area=4275 score=0.85 done=True[0m
[self_driving-10] [0m[INFO] [1782556842.605528871] [self_driving]: [ALL_CLASSES] ['crosswalk'][0m
[self_driving-10] [0m[INFO] [1782556842.607893408] [self_driving]: [ALL_CLASSES] ['right'][0m
[self_driving-10] [0m[INFO] [1782556842.608843223] [self_driving]: [RIGHT_CANDIDATE] valid=True reject=['right_done'] cnt=0 cx=28 cy=94 area=4674 score=0.84 done=True[0m
[self_driving-10] [0m[INFO] [1782556842.611709945] [self_driving]: [ALL_CLASSES] ['crosswalk'][0m
[self_driving-10] [0m[INFO] [1782556842.612932908] [self_driving]: [FOUR_TO_FIVE_CANDIDATE] big_cw_y=467 th=350[0m
[self_driving-10] [0m[INFO] [1782556842.771365556] [self_driving]: [IMAGE] received count=2219 shape=(480, 640, 3) queue=0[0m
[self_driving-10] [0m[INFO] [1782556842.779311667] [self_driving]: [DEBUG_DRIVE] state=LINE_FOLLOW raw_lane_x=125.0 lane_x=125.0 filter=stable linear=0.15 angular=0.10 cw_y=467 park_x=-1 park_approach=False park_fb_count=0 park_boot_go=0 right_done=True start_turn=False count_turn=0 traffic=None stop=False[0m
[self_driving-10] [0m[INFO] [1782556842.943127445] [self_driving]: [ALL_CLASSES] ['crosswalk'][0m
[self_driving-10] [0m[INFO] [1782556842.944213315] [self_driving]: [OBJECTS] msg_count=245 n=1 names=['crosswalk'][0m
[self_driving-10] [0m[INFO] [1782556842.947634797] [self_driving]: [ALL_CLASSES] ['right'][0m
[self_driving-10] [0m[INFO] [1782556842.948421186] [self_driving]: [RIGHT_CANDIDATE] valid=False reject=['small_area', 'right_done'] cnt=0 cx=12 cy=85 area=2350 score=0.75 done=True[0m
[self_driving-10] [0m[INFO] [1782556843.280908426] [self_driving]: [ALL_CLASSES] ['crosswalk'][0m
[self_driving-10] [0m[INFO] [1782556843.326750593] [self_driving]: [DEBUG_DRIVE] state=LINE_FOLLOW raw_lane_x=125.5 lane_x=125.5 filter=stable linear=0.15 angular=0.10 cw_y=232 park_x=-1 park_approach=False park_fb_count=0 park_boot_go=0 right_done=True start_turn=False count_turn=0 traffic=None stop=False[0m
[self_driving-10] [0m[INFO] [1782556843.571735945] [self_driving]: [CROSSWALK_SLOW_DONE] return normal speed[0m
[self_driving-10] [0m[INFO] [1782556843.622699945] [self_driving]: [ALL_CLASSES] ['crosswalk'][0m
[self_driving-10] [0m[INFO] [1782556843.623459667] [self_driving]: [OBJECTS] msg_count=248 n=1 names=['crosswalk'][0m
[self_driving-10] [0m[INFO] [1782556843.867307963] [self_driving]: [CROSSWALK_SLOW] y=240 th=180 confirm=4[0m
[self_driving-10] [0m[INFO] [1782556843.871825333] [self_driving]: [DEBUG_DRIVE] state=LINE_FOLLOW raw_lane_x=134.0 lane_x=134.0 filter=stable linear=0.15 angular=-0.10 cw_y=240 park_x=-1 park_approach=False park_fb_count=0 park_boot_go=0 right_done=True start_turn=False count_turn=0 traffic=None stop=False[0m
[self_driving-10] [0m[INFO] [1782556844.011322130] [self_driving]: [ALL_CLASSES] ['crosswalk'][0m
[self_driving-10] [0m[INFO] [1782556844.352468870] [self_driving]: [ALL_CLASSES] ['crosswalk'][0m
[self_driving-10] [0m[INFO] [1782556844.353193611] [self_driving]: [OBJECTS] msg_count=250 n=1 names=['crosswalk'][0m
[self_driving-10] [0m[INFO] [1782556844.404866315] [self_driving]: [DEBUG_DRIVE] state=LINE_FOLLOW raw_lane_x=132.0 lane_x=132.0 filter=stable linear=0.15 angular=-0.10 cw_y=268 park_x=-1 park_approach=False park_fb_count=0 park_boot_go=0 right_done=True start_turn=False count_turn=0 traffic=None stop=False[0m
[self_driving-10] [0m[INFO] [1782556844.677775722] [self_driving]: [ALL_CLASSES] ['crosswalk'][0m
[self_driving-10] [0m[INFO] [1782556844.790874333] [self_driving]: [IMAGE] received count=2249 shape=(480, 640, 3) queue=0[0m
[self_driving-10] [0m[INFO] [1782556844.920131499] [self_driving]: [DEBUG_DRIVE] state=LINE_FOLLOW raw_lane_x=131.5 lane_x=131.5 filter=stable linear=0.15 angular=-0.10 cw_y=284 park_x=-1 park_approach=False park_fb_count=0 park_boot_go=0 right_done=True start_turn=False count_turn=0 traffic=None stop=False[0m
[self_driving-10] [0m[INFO] [1782556845.016320999] [self_driving]: [ALL_CLASSES] ['crosswalk'][0m
[self_driving-10] [0m[INFO] [1782556845.021719166] [self_driving]: [OBJECTS] msg_count=252 n=1 names=['crosswalk'][0m
[self_driving-10] [0m[INFO] [1782556845.351530147] [self_driving]: [ALL_CLASSES] ['crosswalk'][0m
[self_driving-10] [0m[INFO] [1782556845.353317925] [self_driving]: [FOUR_TO_FIVE_CANDIDATE] big_cw_y=367 th=350[0m
[self_driving-10] [0m[INFO] [1782556845.468344851] [self_driving]: [DEBUG_DRIVE] state=LINE_FOLLOW raw_lane_x=122.0 lane_x=122.0 filter=stable linear=0.15 angular=0.10 cw_y=367 park_x=-1 park_approach=False park_fb_count=0 park_boot_go=0 right_done=True start_turn=False count_turn=0 traffic=None stop=False[0m
[self_driving-10] [0m[INFO] [1782556845.711765462] [self_driving]: [ALL_CLASSES] ['crosswalk'][0m
[self_driving-10] [0m[INFO] [1782556845.714518647] [self_driving]: [OBJECTS] msg_count=254 n=1 names=['crosswalk'][0m
[self_driving-10] [0m[INFO] [1782556845.715560555] [self_driving]: [FOUR_TO_FIVE_CANDIDATE] big_cw_y=410 th=350[0m
[self_driving-10] [0m[INFO] [1782556845.993544017] [self_driving]: [DEBUG_DRIVE] state=LINE_FOLLOW raw_lane_x=117.5 lane_x=117.5 filter=stable linear=0.15 angular=0.10 cw_y=410 park_x=-1 park_approach=False park_fb_count=0 park_boot_go=0 right_done=True start_turn=False count_turn=0 traffic=None stop=False[0m
[self_driving-10] [0m[INFO] [1782556846.077173814] [self_driving]: [ALL_CLASSES] ['crosswalk'][0m
[self_driving-10] [0m[INFO] [1782556846.079289351] [self_driving]: [FOUR_TO_FIVE_CANDIDATE] big_cw_y=438 th=350[0m
[self_driving-10] [0m[INFO] [1782556846.537029758] [self_driving]: [CROSSWALK_SLOW_DONE] return normal speed[0m
[self_driving-10] [0m[INFO] [1782556846.540312406] [self_driving]: [DEBUG_DRIVE] state=LINE_FOLLOW raw_lane_x=-1 lane_x=162.0 filter=hold_last linear=0.15 angular=-0.10 cw_y=438 park_x=-1 park_approach=False park_fb_count=0 park_boot_go=0 right_done=True start_turn=False count_turn=0 traffic=None stop=False[0m
[self_driving-10] [0m[INFO] [1782556846.591604832] [self_driving]: [ALL_CLASSES] ['crosswalk'][0m
[self_driving-10] [0m[INFO] [1782556846.592437239] [self_driving]: [OBJECTS] msg_count=256 n=1 names=['crosswalk'][0m
[self_driving-10] [0m[INFO] [1782556846.594339591] [self_driving]: [FOUR_TO_FIVE_CANDIDATE] big_cw_y=466 th=350[0m
[self_driving-10] [33m[WARN] [1782556846.669179758] [self_driving]: [LANE_LOST] raw_lane_x=-1 lane_x=-1 filter=lost stop=False state=LINE_FOLLOW safe_linear=0.00 right_ready=False right_done=True[0m
[self_driving-10] [0m[INFO] [1782556846.791050869] [self_driving]: [IMAGE] received count=2279 shape=(480, 640, 3) queue=0[0m
[self_driving-10] [0m[INFO] [1782556846.796764091] [self_driving]: [CROSSWALK_SLOW] y=466 th=180 confirm=4[0m
[self_driving-10] [0m[INFO] [1782556847.075240757] [self_driving]: [DEBUG_DRIVE] state=LINE_FOLLOW raw_lane_x=-1 lane_x=-1 filter=lost linear=0.15 angular=0.00 cw_y=466 park_x=-1 park_approach=False park_fb_count=0 park_boot_go=0 right_done=True start_turn=False count_turn=0 traffic=None stop=False[0m
[self_driving-10] [33m[WARN] [1782556847.210877146] [self_driving]: [LANE_LOST] raw_lane_x=-1 lane_x=-1 filter=lost stop=False state=LINE_FOLLOW safe_linear=0.00 right_ready=False right_done=True[0m
[self_driving-10] [0m[INFO] [1782556847.271557776] [self_driving]: [ALL_CLASSES] ['crosswalk'][0m
[self_driving-10] [0m[INFO] [1782556847.272272313] [self_driving]: [OBJECTS] msg_count=257 n=1 names=['crosswalk'][0m
[self_driving-10] [33m[WARN] [1782556847.551356146] [self_driving]: [LANE_X_JUMP_REJECT] raw=49.5 last=162.0 diff=112.5 candidate=49.5 cnt=1/4[0m
[self_driving-10] [0m[INFO] [1782556847.616421127] [self_driving]: [CROSSWALK_IGNORE] y=124 < th=180[0m
[self_driving-10] [0m[INFO] [1782556847.621544924] [self_driving]: [DEBUG_DRIVE] state=LINE_FOLLOW raw_lane_x=73.0 lane_x=162.0 filter=jump_reject linear=0.15 angular=-0.10 cw_y=124 park_x=-1 park_approach=False park_fb_count=0 park_boot_go=0 right_done=True start_turn=False count_turn=0 traffic=None stop=False[0m
[self_driving-10] [0m[INFO] [1782556848.146538627] [self_driving]: [CROSSWALK_IGNORE] y=124 < th=180[0m
[self_driving-10] [33m[WARN] [1782556848.148896572] [self_driving]: [LANE_LOST] raw_lane_x=-1 lane_x=-1 filter=lost stop=False state=LINE_FOLLOW safe_linear=0.00 right_ready=False right_done=True[0m
[self_driving-10] [0m[INFO] [1782556848.149581720] [self_driving]: [DEBUG_DRIVE] state=LINE_FOLLOW raw_lane_x=-1 lane_x=-1 filter=lost linear=0.15 angular=0.00 cw_y=124 park_x=-1 park_approach=False park_fb_count=0 park_boot_go=0 right_done=True start_turn=False count_turn=0 traffic=None stop=False[0m
[self_driving-10] [0m[INFO] [1782556848.680433534] [self_driving]: [CROSSWALK_IGNORE] y=124 < th=180[0m
[self_driving-10] [33m[WARN] [1782556848.681565516] [self_driving]: [LANE_LOST] raw_lane_x=-1 lane_x=-1 filter=lost stop=False state=LINE_FOLLOW safe_linear=0.00 right_ready=False right_done=True[0m
[self_driving-10] [0m[INFO] [1782556848.682267238] [self_driving]: [DEBUG_DRIVE] state=LINE_FOLLOW raw_lane_x=-1 lane_x=-1 filter=lost linear=0.15 angular=0.00 cw_y=124 park_x=-1 park_approach=False park_fb_count=0 park_boot_go=0 right_done=True start_turn=False count_turn=0 traffic=None stop=False[0m
[self_driving-10] [0m[INFO] [1782556848.811248497] [self_driving]: [IMAGE] received count=2309 shape=(480, 640, 3) queue=0[0m
[self_driving-10] [0m[INFO] [1782556848.930198441] [self_driving]: [ALL_CLASSES] ['crosswalk'][0m
[self_driving-10] [0m[INFO] [1782556848.935437386] [self_driving]: [OBJECTS] msg_count=258 n=1 names=['crosswalk'][0m
[self_driving-10] [0m[INFO] [1782556848.939929367] [self_driving]: [ALL_CLASSES] ['crosswalk'][0m
[self_driving-10] [33m[WARN] [1782556849.228793645] [self_driving]: [LANE_LOST] raw_lane_x=-1 lane_x=-1 filter=lost stop=False state=LINE_FOLLOW safe_linear=0.00 right_ready=False right_done=True[0m
[self_driving-10] [0m[INFO] [1782556849.229440515] [self_driving]: [DEBUG_DRIVE] state=LINE_FOLLOW raw_lane_x=-1 lane_x=-1 filter=lost linear=0.15 angular=0.00 cw_y=289 park_x=-1 park_approach=False park_fb_count=0 park_boot_go=0 right_done=True start_turn=False count_turn=0 traffic=None stop=False[0m
[self_driving-10] [0m[INFO] [1782556849.495211886] [self_driving]: [CROSSWALK_SLOW_DONE] return normal speed[0m
[self_driving-10] [0m[INFO] [1782556849.770819552] [self_driving]: [CROSSWALK_SLOW] y=289 th=180 confirm=4[0m
[self_driving-10] [33m[WARN] [1782556849.771627126] [self_driving]: [LANE_LOST] raw_lane_x=-1 lane_x=-1 filter=lost stop=False state=LINE_FOLLOW safe_linear=0.00 right_ready=False right_done=True[0m
[self_driving-10] [0m[INFO] [1782556849.772243682] [self_driving]: [DEBUG_DRIVE] state=LINE_FOLLOW raw_lane_x=-1 lane_x=-1 filter=lost linear=0.15 angular=0.00 cw_y=289 park_x=-1 park_approach=False park_fb_count=0 park_boot_go=0 right_done=True start_turn=False count_turn=0 traffic=None stop=False[0m
[self_driving-10] [33m[WARN] [1782556850.314246404] [self_driving]: [LANE_LOST] raw_lane_x=-1 lane_x=-1 filter=lost stop=False state=LINE_FOLLOW safe_linear=0.00 right_ready=False right_done=True[0m
[self_driving-10] [0m[INFO] [1782556850.314792959] [self_driving]: [DEBUG_DRIVE] state=LINE_FOLLOW raw_lane_x=-1 lane_x=-1 filter=lost linear=0.15 angular=0.00 cw_y=289 park_x=-1 park_approach=False park_fb_count=0 park_boot_go=0 right_done=True start_turn=False count_turn=0 traffic=None stop=False[0m
[self_driving-10] [0m[INFO] [1782556850.829420885] [self_driving]: [IMAGE] received count=2339 shape=(480, 640, 3) queue=0[0m
[self_driving-10] [33m[WARN] [1782556850.837498959] [self_driving]: [LANE_LOST] raw_lane_x=-1 lane_x=-1 filter=lost stop=False state=LINE_FOLLOW safe_linear=0.00 right_ready=False right_done=True[0m
[self_driving-10] [0m[INFO] [1782556850.838048329] [self_driving]: [DEBUG_DRIVE] state=LINE_FOLLOW raw_lane_x=-1 lane_x=-1 filter=lost linear=0.15 angular=0.00 cw_y=289 park_x=-1 park_approach=False park_fb_count=0 park_boot_go=0 right_done=True start_turn=False count_turn=0 traffic=None stop=False[0m
[self_driving-10] [0m[INFO] [1782556850.930401644] [self_driving]: [ALL_CLASSES] ['crosswalk'][0m
[self_driving-10] [0m[INFO] [1782556850.934653977] [self_driving]: [OBJECTS] msg_count=260 n=1 names=['crosswalk'][0m
[self_driving-10] [0m[INFO] [1782556850.937619366] [self_driving]: [FOUR_TO_FIVE_CANDIDATE] big_cw_y=466 th=350[0m
[self_driving-10] [33m[WARN] [1782556851.373262662] [self_driving]: [LANE_LOST] raw_lane_x=-1 lane_x=-1 filter=lost stop=False state=LINE_FOLLOW safe_linear=0.00 right_ready=False right_done=True[0m
[self_driving-10] [0m[INFO] [1782556851.374138570] [self_driving]: [DEBUG_DRIVE] state=LINE_FOLLOW raw_lane_x=-1 lane_x=-1 filter=lost linear=0.15 angular=0.00 cw_y=466 park_x=-1 park_approach=False park_fb_count=0 park_boot_go=0 right_done=True start_turn=False count_turn=0 traffic=None stop=False[0m
[self_driving-10] [0m[INFO] [1782556851.609455903] [self_driving]: [ALL_CLASSES] ['crosswalk'][0m
[self_driving-10] [0m[INFO] [1782556851.610296310] [self_driving]: [OBJECTS] msg_count=261 n=1 names=['crosswalk'][0m
[self_driving-10] [0m[INFO] [1782556851.919935366] [self_driving]: [CROSSWALK_IGNORE] y=26 < th=180[0m
[self_driving-10] [33m[WARN] [1782556851.920794810] [self_driving]: [LANE_LOST] raw_lane_x=-1 lane_x=-1 filter=lost stop=False state=LINE_FOLLOW safe_linear=0.00 right_ready=False right_done=True[0m
[self_driving-10] [0m[INFO] [1782556851.921395458] [self_driving]: [DEBUG_DRIVE] state=LINE_FOLLOW raw_lane_x=-1 lane_x=-1 filter=lost linear=0.15 angular=0.00 cw_y=26 park_x=-1 park_approach=False park_fb_count=0 park_boot_go=0 right_done=True start_turn=False count_turn=0 traffic=None stop=False[0m
[self_driving-10] [0m[INFO] [1782556852.303798347] [self_driving]: [ALL_CLASSES] ['crosswalk'][0m
[self_driving-10] [0m[INFO] [1782556852.304591254] [self_driving]: [OBJECTS] msg_count=262 n=1 names=['crosswalk'][0m
[self_driving-10] [0m[INFO] [1782556852.449245217] [self_driving]: [CROSSWALK_IGNORE] y=23 < th=180[0m
[self_driving-10] [0m[INFO] [1782556852.450208939] [self_driving]: [CROSSWALK_SLOW_DONE] return normal speed[0m
[self_driving-10] [33m[WARN] [1782556852.451375606] [self_driving]: [LANE_LOST] raw_lane_x=-1 lane_x=-1 filter=lost stop=False state=LINE_FOLLOW safe_linear=0.00 right_ready=False right_done=True[0m
[self_driving-10] [0m[INFO] [1782556852.451914569] [self_driving]: [DEBUG_DRIVE] state=LINE_FOLLOW raw_lane_x=-1 lane_x=-1 filter=lost linear=0.15 angular=0.00 cw_y=23 park_x=-1 park_approach=False park_fb_count=0 park_boot_go=0 right_done=True start_turn=False count_turn=0 traffic=None stop=False[0m
[self_driving-10] [0m[INFO] [1782556852.852268865] [self_driving]: [IMAGE] received count=2369 shape=(480, 640, 3) queue=0[0m
[self_driving-10] [0m[INFO] [1782556852.954074180] [self_driving]: [ALL_CLASSES] ['crosswalk'][0m
[self_driving-10] [0m[INFO] [1782556852.956154587] [self_driving]: [OBJECTS] msg_count=263 n=1 names=['crosswalk'][0m
[self_driving-10] [33m[WARN] [1782556853.005501754] [self_driving]: [LANE_LOST] raw_lane_x=-1 lane_x=-1 filter=lost stop=False state=LINE_FOLLOW safe_linear=0.00 right_ready=False right_done=True[0m
[self_driving-10] [0m[INFO] [1782556853.006416217] [self_driving]: [DEBUG_DRIVE] state=LINE_FOLLOW raw_lane_x=-1 lane_x=-1 filter=lost linear=0.30 angular=0.00 cw_y=293 park_x=-1 park_approach=False park_fb_count=0 park_boot_go=0 right_done=True start_turn=False count_turn=0 traffic=None stop=False[0m
[self_driving-10] [0m[INFO] [1782556853.199433087] [self_driving]: [CROSSWALK_SLOW] y=293 th=180 confirm=4[0m
[self_driving-10] [33m[WARN] [1782556853.521623161] [self_driving]: [LANE_LOST] raw_lane_x=-1 lane_x=-1 filter=lost stop=False state=LINE_FOLLOW safe_linear=0.00 right_ready=False right_done=True[0m
[self_driving-10] [0m[INFO] [1782556853.524137661] [self_driving]: [DEBUG_DRIVE] state=LINE_FOLLOW raw_lane_x=-1 lane_x=-1 filter=lost linear=0.15 angular=0.00 cw_y=293 park_x=-1 park_approach=False park_fb_count=0 park_boot_go=0 right_done=True start_turn=False count_turn=0 traffic=None stop=False[0m
[self_driving-10] [0m[INFO] [1782556853.618309087] [self_driving]: [ALL_CLASSES] ['crosswalk'][0m
[self_driving-10] [0m[INFO] [1782556853.619026050] [self_driving]: [OBJECTS] msg_count=264 n=1 names=['crosswalk'][0m
[self_driving-10] [0m[INFO] [1782556854.067665531] [self_driving]: [CROSSWALK_IGNORE] y=125 < th=180[0m
[self_driving-10] [33m[WARN] [1782556854.068373901] [self_driving]: [LANE_LOST] raw_lane_x=-1 lane_x=-1 filter=lost stop=False state=LINE_FOLLOW safe_linear=0.00 right_ready=False right_done=True[0m
[self_driving-10] [0m[INFO] [1782556854.068898698] [self_driving]: [DEBUG_DRIVE] state=LINE_FOLLOW raw_lane_x=-1 lane_x=-1 filter=lost linear=0.15 angular=0.00 cw_y=125 park_x=-1 park_approach=False park_fb_count=0 park_boot_go=0 right_done=True start_turn=False count_turn=0 traffic=None stop=False[0m
[self_driving-10] [0m[INFO] [1782556854.607814142] [self_driving]: [CROSSWALK_IGNORE] y=125 < th=180[0m
[self_driving-10] [33m[WARN] [1782556854.609116716] [self_driving]: [LANE_LOST] raw_lane_x=-1 lane_x=-1 filter=lost stop=False state=LINE_FOLLOW safe_linear=0.00 right_ready=False right_done=True[0m
[self_driving-10] [0m[INFO] [1782556854.610846401] [self_driving]: [DEBUG_DRIVE] state=LINE_FOLLOW raw_lane_x=-1 lane_x=-1 filter=lost linear=0.15 angular=0.00 cw_y=125 park_x=-1 park_approach=False park_fb_count=0 park_boot_go=0 right_done=True start_turn=False count_turn=0 traffic=None stop=False[0m
[self_driving-10] [0m[INFO] [1782556854.854818308] [self_driving]: [IMAGE] received count=2399 shape=(480, 640, 3) queue=0[0m
[self_driving-10] [0m[INFO] [1782556855.149061049] [self_driving]: [CROSSWALK_IGNORE] y=125 < th=180[0m
[self_driving-10] [33m[WARN] [1782556855.151193049] [self_driving]: [LANE_LOST] raw_lane_x=-1 lane_x=-1 filter=lost stop=False state=LINE_FOLLOW safe_linear=0.00 right_ready=False right_done=True[0m
[self_driving-10] [0m[INFO] [1782556855.151907030] [self_driving]: [DEBUG_DRIVE] state=LINE_FOLLOW raw_lane_x=-1 lane_x=-1 filter=lost linear=0.15 angular=0.00 cw_y=125 park_x=-1 park_approach=False park_fb_count=0 park_boot_go=0 right_done=True start_turn=False count_turn=0 traffic=None stop=False[0m
[self_driving-10] [0m[INFO] [1782556855.700990437] [self_driving]: [CROSSWALK_IGNORE] y=125 < th=180[0m
[self_driving-10] [33m[WARN] [1782556855.706717882] [self_driving]: [LANE_LOST] raw_lane_x=-1 lane_x=-1 filter=lost stop=False state=LINE_FOLLOW safe_linear=0.00 right_ready=False right_done=True[0m
[self_driving-10] [0m[INFO] [1782556855.707457086] [self_driving]: [DEBUG_DRIVE] state=LINE_FOLLOW raw_lane_x=-1 lane_x=-1 filter=lost linear=0.15 angular=0.00 cw_y=125 park_x=-1 park_approach=False park_fb_count=0 park_boot_go=0 right_done=True start_turn=False count_turn=0 traffic=None stop=False[0m
[self_driving-10] [0m[INFO] [1782556855.868783067] [self_driving]: [CROSSWALK_SLOW_DONE] return normal speed[0m
[self_driving-10] [0m[INFO] [1782556856.214147548] [self_driving]: [CROSSWALK_IGNORE] y=125 < th=180[0m
[self_driving-10] [33m[WARN] [1782556856.215222789] [self_driving]: [LANE_LOST] raw_lane_x=-1 lane_x=-1 filter=lost stop=False state=LINE_FOLLOW safe_linear=0.00 right_ready=False right_done=True[0m
[self_driving-10] [0m[INFO] [1782556856.216020085] [self_driving]: [DEBUG_DRIVE] state=LINE_FOLLOW raw_lane_x=-1 lane_x=-1 filter=lost linear=0.30 angular=0.00 cw_y=125 park_x=-1 park_approach=False park_fb_count=0 park_boot_go=0 right_done=True start_turn=False count_turn=0 traffic=None stop=False[0m
[self_driving-10] [0m[INFO] [1782556856.769880566] [self_driving]: [CROSSWALK_IGNORE] y=125 < th=180[0m
[self_driving-10] [33m[WARN] [1782556856.772502789] [self_driving]: [LANE_LOST] raw_lane_x=-1 lane_x=-1 filter=lost stop=False state=LINE_FOLLOW safe_linear=0.00 right_ready=False right_done=True[0m
[self_driving-10] [0m[INFO] [1782556856.773502863] [self_driving]: [DEBUG_DRIVE] state=LINE_FOLLOW raw_lane_x=-1 lane_x=-1 filter=lost linear=0.30 angular=0.00 cw_y=125 park_x=-1 park_approach=False park_fb_count=0 park_boot_go=0 right_done=True start_turn=False count_turn=0 traffic=None stop=False[0m
[self_driving-10] [0m[INFO] [1782556856.884385677] [self_driving]: [IMAGE] received count=2429 shape=(480, 640, 3) queue=0[0m
[self_driving-10] [0m[INFO] [1782556857.042324751] [self_driving]: [ALL_CLASSES] ['crosswalk'][0m
[self_driving-10] [0m[INFO] [1782556857.045915900] [self_driving]: [OBJECTS] msg_count=265 n=1 names=['crosswalk'][0m
[self_driving-10] [0m[INFO] [1782556857.290395622] [self_driving]: [CROSSWALK_IGNORE] y=43 < th=180[0m
[self_driving-10] [33m[WARN] [1782556857.291129344] [self_driving]: [LANE_LOST] raw_lane_x=-1 lane_x=-1 filter=lost stop=False state=LINE_FOLLOW safe_linear=0.00 right_ready=False right_done=True[0m
[self_driving-10] [0m[INFO] [1782556857.291559770] [self_driving]: [DEBUG_DRIVE] state=LINE_FOLLOW raw_lane_x=-1 lane_x=-1 filter=lost linear=0.30 angular=0.00 cw_y=43 park_x=-1 park_approach=False park_fb_count=0 park_boot_go=0 right_done=True start_turn=False count_turn=0 traffic=None stop=False[0m
[self_driving-10] [33m[WARN] [1782556857.838832658] [self_driving]: [LANE_X_JUMP_REJECT] raw=148.0 last=45.5 diff=102.5 candidate=148.0 cnt=1/4[0m
[self_driving-10] [0m[INFO] [1782556857.839592788] [self_driving]: [CROSSWALK_IGNORE] y=43 < th=180[0m
[self_driving-10] [0m[INFO] [1782556857.841452288] [self_driving]: [DEBUG_DRIVE] state=LINE_FOLLOW raw_lane_x=148.0 lane_x=45.5 filter=jump_reject linear=0.30 angular=0.10 cw_y=43 park_x=-1 park_approach=False park_fb_count=0 park_boot_go=0 right_done=True start_turn=False count_turn=0 traffic=None stop=False[0m
[self_driving-10] [0m[INFO] [1782556858.371679010] [self_driving]: [CROSSWALK_IGNORE] y=43 < th=180[0m
[self_driving-10] [0m[INFO] [1782556858.372990603] [self_driving]: [DEBUG_DRIVE] state=LINE_FOLLOW raw_lane_x=-1 lane_x=110.5 filter=hold_last linear=0.30 angular=0.10 cw_y=43 park_x=-1 park_approach=False park_fb_count=0 park_boot_go=0 right_done=True start_turn=False count_turn=0 traffic=None stop=False[0m
[self_driving-10] [33m[WARN] [1782556858.519910954] [self_driving]: [LANE_X_JUMP_REJECT] raw=270.0 last=91.5 diff=178.5 candidate=270.0 cnt=1/4[0m
[self_driving-10] [33m[WARN] [1782556858.833401750] [self_driving]: [LANE_LOST] raw_lane_x=-1 lane_x=-1 filter=lost stop=False state=LINE_FOLLOW safe_linear=0.00 right_ready=False right_done=True[0m
[self_driving-10] [0m[INFO] [1782556858.902779602] [self_driving]: [IMAGE] received count=2459 shape=(480, 640, 3) queue=0[0m
[self_driving-10] [0m[INFO] [1782556858.909360880] [self_driving]: [CROSSWALK_IGNORE] y=43 < th=180[0m
[self_driving-10] [0m[INFO] [1782556858.915389621] [self_driving]: [DEBUG_DRIVE] state=LINE_FOLLOW raw_lane_x=-1 lane_x=-1 filter=lost linear=0.30 angular=0.00 cw_y=43 park_x=-1 park_approach=False park_fb_count=0 park_boot_go=0 right_done=True start_turn=False count_turn=0 traffic=None stop=False[0m
[self_driving-10] [0m[INFO] [1782556859.071324491] [self_driving]: [ALL_CLASSES] ['crosswalk'][0m
[self_driving-10] [0m[INFO] [1782556859.072603213] [self_driving]: [OBJECTS] msg_count=266 n=1 names=['crosswalk'][0m
[self_driving-10] [0m[INFO] [1782556859.073972769] [self_driving]: [FOUR_TO_FIVE_CANDIDATE] big_cw_y=450 th=350[0m
[self_driving-10] [0m[INFO] [1782556859.308116213] [self_driving]: [CROSSWALK_SLOW] y=450 th=180 confirm=4[0m
[self_driving-10] [33m[WARN] [1782556859.366167028] [self_driving]: [LANE_LOST] raw_lane_x=-1 lane_x=-1 filter=lost stop=False state=LINE_FOLLOW safe_linear=0.00 right_ready=False right_done=True[0m
[self_driving-10] [0m[INFO] [1782556859.458949861] [self_driving]: [DEBUG_DRIVE] state=LINE_FOLLOW raw_lane_x=-1 lane_x=-1 filter=lost linear=0.15 angular=0.00 cw_y=450 park_x=-1 park_approach=False park_fb_count=0 park_boot_go=0 right_done=True start_turn=False count_turn=0 traffic=None stop=False[0m
[self_driving-10] [33m[WARN] [1782556859.501101991] [self_driving]: [LANE_X_JUMP_REJECT] raw=224.0 last=91.5 diff=132.5 candidate=224.0 cnt=1/4[0m
[self_driving-10] [0m[INFO] [1782556859.700316565] [self_driving]: [LANE_X_JUMP_ACCEPT] raw=205.5 last=205.5 cnt=4/4[0m
[self_driving-10] [0m[INFO] [1782556859.967910731] [self_driving]: [DEBUG_DRIVE] state=LINE_FOLLOW raw_lane_x=205.0 lane_x=205.0 filter=stable linear=0.15 angular=-0.45 cw_y=450 park_x=-1 park_approach=False park_fb_count=0 park_boot_go=0 right_done=True start_turn=False count_turn=5 traffic=None stop=False[0m
[self_driving-10] [0m[INFO] [1782556860.470752972] [self_driving]: [DEBUG_DRIVE] state=LINE_FOLLOW raw_lane_x=197.0 lane_x=197.0 filter=stable linear=0.15 angular=-0.10 cw_y=450 park_x=-1 park_approach=False park_fb_count=0 park_boot_go=0 right_done=True start_turn=False count_turn=0 traffic=None stop=False[0m
[self_driving-10] [0m[INFO] [1782556860.743794620] [self_driving]: [ALL_CLASSES] ['crosswalk'][0m
[self_driving-10] [0m[INFO] [1782556860.744438379] [self_driving]: [OBJECTS] msg_count=267 n=1 names=['crosswalk'][0m
[self_driving-10] [0m[INFO] [1782556860.744950397] [self_driving]: [FOUR_TO_FIVE_CANDIDATE] big_cw_y=424 th=350[0m
[self_driving-10] [0m[INFO] [1782556860.748704268] [self_driving]: [ALL_CLASSES] ['right'][0m
[self_driving-10] [0m[INFO] [1782556860.749908953] [self_driving]: [RIGHT_CANDIDATE] valid=False reject=['small_area', 'right_done'] cnt=0 cx=167 cy=299 area=528 score=0.78 done=True[0m
[self_driving-10] [0m[INFO] [1782556860.966260582] [self_driving]: [IMAGE] received count=2490 shape=(480, 640, 3) queue=0[0m
[self_driving-10] [0m[INFO] [1782556860.974348545] [self_driving]: [DEBUG_DRIVE] state=LINE_FOLLOW raw_lane_x=20.5 lane_x=20.5 filter=stable linear=0.15 angular=0.10 cw_y=0 park_x=-1 park_approach=False park_fb_count=0 park_boot_go=0 right_done=True start_turn=False count_turn=0 traffic=None stop=False[0m
[self_driving-10] [0m[INFO] [1782556861.083783823] [self_driving]: [ALL_CLASSES] ['crosswalk'][0m
[self_driving-10] [0m[INFO] [1782556861.090360286] [self_driving]: [ALL_CLASSES] ['crosswalk'][0m
[self_driving-10] [0m[INFO] [1782556861.418174045] [self_driving]: [ALL_CLASSES] ['right'][0m
[self_driving-10] [0m[INFO] [1782556861.419453082] [self_driving]: [OBJECTS] msg_count=271 n=1 names=['right'][0m
[self_driving-10] [0m[INFO] [1782556861.420999286] [self_driving]: [RIGHT_CANDIDATE] valid=False reject=['small_area', 'right_done'] cnt=0 cx=184 cy=186 area=450 score=0.88 done=True[0m
[self_driving-10] [0m[INFO] [1782556861.428877064] [self_driving]: [ALL_CLASSES] ['crosswalk'][0m
[self_driving-10] [0m[INFO] [1782556861.529504675] [self_driving]: [DEBUG_DRIVE] state=LINE_FOLLOW raw_lane_x=62.5 lane_x=62.5 filter=stable linear=0.15 angular=0.10 cw_y=205 park_x=-1 park_approach=False park_fb_count=0 park_boot_go=0 right_done=True start_turn=False count_turn=0 traffic=None stop=False[0m
[self_driving-10] [0m[INFO] [1782556861.754412101] [self_driving]: [ALL_CLASSES] ['crosswalk'][0m
[self_driving-10] [0m[INFO] [1782556861.760988378] [self_driving]: [ALL_CLASSES] ['crosswalk'][0m
[self_driving-10] [0m[INFO] [1782556861.981294637] [self_driving]: [CROSSWALK_SLOW_DONE] return normal speed[0m
[self_driving-10] [0m[INFO] [1782556862.063537008] [self_driving]: [CROSSWALK_IGNORE] y=147 < th=180[0m
[self_driving-10] [0m[INFO] [1782556862.064730174] [self_driving]: [DEBUG_DRIVE] state=LINE_FOLLOW raw_lane_x=107.5 lane_x=107.5 filter=stable linear=0.30 angular=0.10 cw_y=147 park_x=-1 park_approach=False park_fb_count=0 park_boot_go=0 right_done=True start_turn=False count_turn=0 traffic=None stop=False[0m
[self_driving-10] [0m[INFO] [1782556862.102545637] [self_driving]: [ALL_CLASSES] ['crosswalk'][0m
[self_driving-10] [0m[INFO] [1782556862.103661063] [self_driving]: [OBJECTS] msg_count=275 n=1 names=['crosswalk'][0m
[self_driving-10] [0m[INFO] [1782556862.107398434] [self_driving]: [ALL_CLASSES] ['crosswalk'][0m
[self_driving-10] [0m[INFO] [1782556862.451661489] [self_driving]: [ALL_CLASSES] ['right'][0m
[self_driving-10] [0m[INFO] [1782556862.452676396] [self_driving]: [RIGHT_CANDIDATE] valid=False reject=['small_area', 'right_done'] cnt=0 cx=200 cy=124 area=736 score=0.87 done=True[0m
[self_driving-10] [0m[INFO] [1782556862.464775508] [self_driving]: [ALL_CLASSES] ['crosswalk'][0m
[self_driving-10] [0m[INFO] [1782556862.595299767] [self_driving]: [CROSSWALK_IGNORE] y=178 < th=180[0m
[self_driving-10] [0m[INFO] [1782556862.596337841] [self_driving]: [DEBUG_DRIVE] state=LINE_FOLLOW raw_lane_x=138.0 lane_x=138.0 filter=stable linear=0.30 angular=-0.10 cw_y=178 park_x=-1 park_approach=False park_fb_count=0 park_boot_go=0 right_done=True start_turn=False count_turn=0 traffic=None stop=False[0m
[self_driving-10] [0m[INFO] [1782556862.787312600] [self_driving]: [ALL_CLASSES] ['crosswalk'][0m
[self_driving-10] [0m[INFO] [1782556862.788430841] [self_driving]: [OBJECTS] msg_count=279 n=1 names=['crosswalk'][0m
[self_driving-10] [0m[INFO] [1782556862.790918692] [self_driving]: [ALL_CLASSES] ['right'][0m
[self_driving-10] [0m[INFO] [1782556862.792245452] [self_driving]: [RIGHT_CANDIDATE] valid=False reject=['small_area', 'right_done'] cnt=0 cx=222 cy=124 area=782 score=0.87 done=True[0m
[self_driving-10] [0m[INFO] [1782556862.806048211] [self_driving]: [ALL_CLASSES] ['crosswalk'][0m
[self_driving-10] [0m[INFO] [1782556862.996500785] [self_driving]: [IMAGE] received count=2520 shape=(480, 640, 3) queue=0[0m
[self_driving-10] [0m[INFO] [1782556863.002970026] [self_driving]: [CROSSWALK_SLOW] y=181 th=180 confirm=4[0m
[self_driving-10] [0m[INFO] [1782556863.125434026] [self_driving]: [DEBUG_DRIVE] state=LINE_FOLLOW raw_lane_x=132.0 lane_x=132.0 filter=stable linear=0.15 angular=-0.10 cw_y=181 park_x=-1 park_approach=False park_fb_count=0 park_boot_go=0 right_done=True start_turn=False count_turn=0 traffic=None stop=False[0m
[self_driving-10] [0m[INFO] [1782556863.158000914] [self_driving]: [ALL_CLASSES] ['crosswalk'][0m
[self_driving-10] [0m[INFO] [1782556863.160674933] [self_driving]: [ALL_CLASSES] ['right'][0m
[self_driving-10] [0m[INFO] [1782556863.161317229] [self_driving]: [RIGHT_CANDIDATE] valid=False reject=['small_area', 'right_done'] cnt=0 cx=238 cy=124 area=875 score=0.85 done=True[0m
[self_driving-10] [0m[INFO] [1782556863.167382674] [self_driving]: [ALL_CLASSES] ['crosswalk'][0m
[self_driving-10] [0m[INFO] [1782556863.502982896] [self_driving]: [ALL_CLASSES] ['crosswalk'][0m
[self_driving-10] [0m[INFO] [1782556863.503521674] [self_driving]: [OBJECTS] msg_count=285 n=1 names=['crosswalk'][0m
[self_driving-10] [0m[INFO] [1782556863.506098729] [self_driving]: [ALL_CLASSES] ['right'][0m
[self_driving-10] [0m[INFO] [1782556863.507152433] [self_driving]: [RIGHT_CANDIDATE] valid=False reject=['small_area', 'right_done'] cnt=0 cx=241 cy=120 area=1026 score=0.86 done=True[0m
[self_driving-10] [0m[INFO] [1782556863.512705803] [self_driving]: [ALL_CLASSES] ['crosswalk'][0m
[self_driving-10] [0m[INFO] [1782556863.681500229] [self_driving]: [DEBUG_DRIVE] state=LINE_FOLLOW raw_lane_x=120.0 lane_x=120.0 filter=stable linear=0.15 angular=0.10 cw_y=185 park_x=-1 park_approach=False park_fb_count=0 park_boot_go=0 right_done=True start_turn=False count_turn=0 traffic=None stop=False[0m
[self_driving-10] [0m[INFO] [1782556863.851805173] [self_driving]: [ALL_CLASSES] ['right'][0m
[self_driving-10] [0m[INFO] [1782556863.853400673] [self_driving]: [RIGHT_CANDIDATE] valid=False reject=['small_area', 'right_done'] cnt=0 cx=220 cy=115 area=1364 score=0.86 done=True[0m
[self_driving-10] [0m[INFO] [1782556863.856604840] [self_driving]: [ALL_CLASSES] ['crosswalk'][0m
[self_driving-10] [0m[INFO] [1782556864.184942525] [self_driving]: [ALL_CLASSES] ['crosswalk'][0m
[self_driving-10] [0m[INFO] [1782556864.185457673] [self_driving]: [OBJECTS] msg_count=290 n=1 names=['crosswalk'][0m
[self_driving-10] [0m[INFO] [1782556864.191704969] [self_driving]: [ALL_CLASSES] ['crosswalk'][0m
[self_driving-10] [0m[INFO] [1782556864.201032729] [self_driving]: [ALL_CLASSES] ['right'][0m
[self_driving-10] [0m[INFO] [1782556864.202608118] [self_driving]: [RIGHT_CANDIDATE] valid=False reject=['small_area', 'right_done'] cnt=0 cx=190 cy=111 area=1617 score=0.80 done=True[0m
[self_driving-10] [0m[INFO] [1782556864.229253303] [self_driving]: [DEBUG_DRIVE] state=LINE_FOLLOW raw_lane_x=138.5 lane_x=138.5 filter=stable linear=0.15 angular=-0.10 cw_y=0 park_x=-1 park_approach=False park_fb_count=0 park_boot_go=0 right_done=True start_turn=False count_turn=0 traffic=None stop=False[0m
[self_driving-10] [0m[INFO] [1782556864.549261840] [self_driving]: [ALL_CLASSES] ['crosswalk'][0m
[self_driving-10] [0m[INFO] [1782556864.551313414] [self_driving]: [ALL_CLASSES] ['right'][0m
[self_driving-10] [0m[INFO] [1782556864.551786525] [self_driving]: [RIGHT_CANDIDATE] valid=False reject=['small_area', 'right_done'] cnt=0 cx=171 cy=110 area=1872 score=0.87 done=True[0m
[self_driving-10] [0m[INFO] [1782556864.554449173] [self_driving]: [ALL_CLASSES] ['crosswalk'][0m
[self_driving-10] [0m[INFO] [1782556864.555468710] [self_driving]: [FOUR_TO_FIVE_CANDIDATE] big_cw_y=462 th=350[0m
[self_driving-10] [0m[INFO] [1782556864.559929062] [self_driving]: [ALL_CLASSES] ['crosswalk'][0m
[self_driving-10] [0m[INFO] [1782556864.562852710] [self_driving]: [FOUR_TO_FIVE_CANDIDATE] big_cw_y=470 th=350[0m
[self_driving-10] [0m[INFO] [1782556864.749030710] [self_driving]: [DEBUG_DRIVE] state=LINE_FOLLOW raw_lane_x=134.5 lane_x=134.5 filter=stable linear=0.15 angular=-0.10 cw_y=470 park_x=-1 park_approach=False park_fb_count=0 park_boot_go=0 right_done=True start_turn=False count_turn=0 traffic=None stop=False[0m
[self_driving-10] [0m[INFO] [1782556864.909549173] [self_driving]: [ALL_CLASSES] ['crosswalk'][0m
[self_driving-10] [0m[INFO] [1782556864.910448839] [self_driving]: [OBJECTS] msg_count=297 n=1 names=['crosswalk'][0m
[self_driving-10] [0m[INFO] [1782556864.914321747] [self_driving]: [ALL_CLASSES] ['crosswalk'][0m
[self_driving-10] [0m[INFO] [1782556865.003869395] [self_driving]: [IMAGE] received count=2550 shape=(480, 640, 3) queue=0[0m
[self_driving-10] [0m[INFO] [1782556865.258993024] [self_driving]: [ALL_CLASSES] ['crosswalk'][0m
[self_driving-10] [0m[INFO] [1782556865.261804469] [self_driving]: [FOUR_TO_FIVE_CANDIDATE] big_cw_y=353 th=350[0m
[self_driving-10] [0m[INFO] [1782556865.268237672] [self_driving]: [ALL_CLASSES] ['crosswalk'][0m
[self_driving-10] [0m[INFO] [1782556865.310968802] [self_driving]: [DEBUG_DRIVE] state=LINE_FOLLOW raw_lane_x=120.5 lane_x=120.5 filter=stable linear=0.15 angular=0.10 cw_y=205 park_x=-1 park_approach=False park_fb_count=0 park_boot_go=0 right_done=True start_turn=False count_turn=0 traffic=None stop=False[0m
[self_driving-10] [0m[INFO] [1782556865.588464857] [self_driving]: [ALL_CLASSES] ['crosswalk'][0m
[self_driving-10] [0m[INFO] [1782556865.589102265] [self_driving]: [OBJECTS] msg_count=301 n=1 names=['crosswalk'][0m
[self_driving-10] [0m[INFO] [1782556865.589693302] [self_driving]: [FOUR_TO_FIVE_CANDIDATE] big_cw_y=408 th=350[0m
[self_driving-10] [0m[INFO] [1782556865.600594617] [self_driving]: [ALL_CLASSES] ['crosswalk'][0m
[self_driving-10] [0m[INFO] [1782556865.702606654] [self_driving]: [CROSSWALK_SLOW_DONE] return normal speed[0m
[self_driving-10] [0m[INFO] [1782556865.822682080] [self_driving]: [DEBUG_DRIVE] state=LINE_FOLLOW raw_lane_x=136.0 lane_x=136.0 filter=stable linear=0.30 angular=-0.10 cw_y=210 park_x=-1 park_approach=False park_fb_count=0 park_boot_go=0 right_done=True start_turn=False count_turn=0 traffic=None stop=False[0m
[self_driving-10] [0m[INFO] [1782556865.931050154] [self_driving]: [ALL_CLASSES] ['crosswalk'][0m
[self_driving-10] [0m[INFO] [1782556865.931593450] [self_driving]: [FOUR_TO_FIVE_CANDIDATE] big_cw_y=427 th=350[0m
[self_driving-10] [0m[INFO] [1782556865.935750376] [self_driving]: [ALL_CLASSES] ['crosswalk'][0m
[self_driving-10] [0m[INFO] [1782556865.970948857] [self_driving]: [CROSSWALK_SLOW] y=212 th=180 confirm=4[0m
[self_driving-10] [0m[INFO] [1782556866.281179598] [self_driving]: [ALL_CLASSES] ['crosswalk'][0m
[self_driving-10] [0m[INFO] [1782556866.284434042] [self_driving]: [OBJECTS] msg_count=305 n=1 names=['crosswalk'][0m
[self_driving-10] [0m[INFO] [1782556866.285290783] [self_driving]: [FOUR_TO_FIVE_CANDIDATE] big_cw_y=468 th=350[0m
[self_driving-10] [0m[INFO] [1782556866.367237524] [self_driving]: [DEBUG_DRIVE] state=LINE_FOLLOW raw_lane_x=130.5 lane_x=130.5 filter=stable linear=0.15 angular=-0.10 cw_y=468 park_x=-1 park_approach=False park_fb_count=0 park_boot_go=0 right_done=True start_turn=False count_turn=0 traffic=None stop=False[0m
[self_driving-10] [0m[INFO] [1782556866.655508468] [self_driving]: [ALL_CLASSES] ['crosswalk'][0m
[self_driving-10] [0m[INFO] [1782556866.659006412] [self_driving]: [ALL_CLASSES] ['right'][0m
[self_driving-10] [0m[INFO] [1782556866.660113764] [self_driving]: [RIGHT_CANDIDATE] valid=True reject=['right_done'] cnt=0 cx=23 cy=86 area=4371 score=0.81 done=True[0m
[self_driving-10] [0m[INFO] [1782556866.892106209] [self_driving]: [DEBUG_DRIVE] state=LINE_FOLLOW raw_lane_x=119.0 lane_x=119.0 filter=stable linear=0.15 angular=0.10 cw_y=0 park_x=-1 park_approach=False park_fb_count=0 park_boot_go=0 right_done=True start_turn=False count_turn=0 traffic=None stop=False[0m
[self_driving-10] [0m[INFO] [1782556867.003409449] [self_driving]: [ALL_CLASSES] ['crosswalk'][0m
[self_driving-10] [0m[INFO] [1782556867.004293931] [self_driving]: [OBJECTS] msg_count=308 n=1 names=['crosswalk'][0m
[self_driving-10] [0m[INFO] [1782556867.037892986] [self_driving]: [IMAGE] received count=2580 shape=(480, 640, 3) queue=0[0m
[self_driving-10] [0m[INFO] [1782556867.341030468] [self_driving]: [ALL_CLASSES] ['crosswalk'][0m
[self_driving-10] [0m[INFO] [1782556867.429172023] [self_driving]: [DEBUG_DRIVE] state=LINE_FOLLOW raw_lane_x=133.0 lane_x=133.0 filter=stable linear=0.15 angular=0.10 cw_y=254 park_x=-1 park_approach=False park_fb_count=0 park_boot_go=0 right_done=True start_turn=False count_turn=0 traffic=None stop=False[0m
[self_driving-10] [0m[INFO] [1782556867.667034616] [self_driving]: [ALL_CLASSES] ['crosswalk'][0m
[self_driving-10] [0m[INFO] [1782556867.667877319] [self_driving]: [OBJECTS] msg_count=310 n=1 names=['crosswalk'][0m
[self_driving-10] [0m[INFO] [1782556867.977591578] [self_driving]: [DEBUG_DRIVE] state=LINE_FOLLOW raw_lane_x=139.0 lane_x=139.0 filter=stable linear=0.15 angular=-0.10 cw_y=262 park_x=-1 park_approach=False park_fb_count=0 park_boot_go=0 right_done=True start_turn=False count_turn=0 traffic=None stop=False[0m
[self_driving-10] [0m[INFO] [1782556868.017241430] [self_driving]: [ALL_CLASSES] ['crosswalk'][0m
[self_driving-10] [0m[INFO] [1782556868.378809374] [self_driving]: [ALL_CLASSES] ['crosswalk'][0m
[self_driving-10] [0m[INFO] [1782556868.379605837] [self_driving]: [OBJECTS] msg_count=312 n=1 names=['crosswalk'][0m
[self_driving-10] [0m[INFO] [1782556868.507242541] [self_driving]: [DEBUG_DRIVE] state=LINE_FOLLOW raw_lane_x=129.5 lane_x=129.5 filter=stable linear=0.15 angular=0.10 cw_y=294 park_x=-1 park_approach=False park_fb_count=0 park_boot_go=0 right_done=True start_turn=False count_turn=0 traffic=None stop=False[0m
[self_driving-10] [0m[INFO] [1782556868.717650522] [self_driving]: [CROSSWALK_SLOW_DONE] return normal speed[0m
[self_driving-10] [0m[INFO] [1782556868.727607485] [self_driving]: [ALL_CLASSES] ['crosswalk'][0m
[self_driving-10] [0m[INFO] [1782556868.984728855] [self_driving]: [CROSSWALK_SLOW] y=325 th=180 confirm=4[0m
[self_driving-10] [0m[INFO] [1782556869.045466874] [self_driving]: [IMAGE] received count=2610 shape=(480, 640, 3) queue=0[0m
[self_driving-10] [0m[INFO] [1782556869.051779467] [self_driving]: [DEBUG_DRIVE] state=LINE_FOLLOW raw_lane_x=133.0 lane_x=133.0 filter=stable linear=0.15 angular=-0.10 cw_y=325 park_x=-1 park_approach=False park_fb_count=0 park_boot_go=0 right_done=True start_turn=False count_turn=0 traffic=None stop=False[0m
[self_driving-10] [0m[INFO] [1782556869.068992152] [self_driving]: [ALL_CLASSES] ['crosswalk'][0m
[self_driving-10] [0m[INFO] [1782556869.069788133] [self_driving]: [OBJECTS] msg_count=314 n=1 names=['crosswalk'][0m
[self_driving-10] [0m[INFO] [1782556869.072226355] [self_driving]: [FOUR_TO_FIVE_CANDIDATE] big_cw_y=363 th=350[0m
[self_driving-10] [0m[INFO] [1782556869.416863466] [self_driving]: [ALL_CLASSES] ['crosswalk'][0m
[self_driving-10] [0m[INFO] [1782556869.417346189] [self_driving]: [FOUR_TO_FIVE_CANDIDATE] big_cw_y=410 th=350[0m
[self_driving-10] [0m[INFO] [1782556869.602457911] [self_driving]: [DEBUG_DRIVE] state=LINE_FOLLOW raw_lane_x=128.5 lane_x=128.5 filter=stable linear=0.15 angular=-0.10 cw_y=410 park_x=-1 park_approach=False park_fb_count=0 park_boot_go=0 right_done=True start_turn=False count_turn=0 traffic=None stop=False[0m
[self_driving-10] [0m[INFO] [1782556869.756448966] [self_driving]: [ALL_CLASSES] ['crosswalk'][0m
[self_driving-10] [0m[INFO] [1782556869.756919522] [self_driving]: [OBJECTS] msg_count=316 n=1 names=['crosswalk'][0m
[self_driving-10] [0m[INFO] [1782556869.759039040] [self_driving]: [FOUR_TO_FIVE_CANDIDATE] big_cw_y=434 th=350[0m
[self_driving-10] [0m[INFO] [1782556870.142264984] [self_driving]: [DEBUG_DRIVE] state=LINE_FOLLOW raw_lane_x=26.5 lane_x=26.5 filter=stable linear=0.15 angular=0.10 cw_y=434 park_x=-1 park_approach=False park_fb_count=0 park_boot_go=0 right_done=True start_turn=False count_turn=0 traffic=None stop=False[0m
[self_driving-10] [33m[WARN] [1782556870.472297781] [self_driving]: [LANE_X_JUMP_REJECT] raw=249.0 last=164.5 diff=84.5 candidate=249.0 cnt=1/4[0m
[self_driving-10] [0m[INFO] [1782556870.653320484] [self_driving]: [DEBUG_DRIVE] state=LINE_FOLLOW raw_lane_x=-1 lane_x=164.5 filter=hold_last linear=0.15 angular=-0.10 cw_y=434 park_x=-1 park_approach=False park_fb_count=0 park_boot_go=0 right_done=True start_turn=False count_turn=0 traffic=None stop=False[0m
[self_driving-10] [33m[WARN] [1782556870.787306558] [self_driving]: [LANE_LOST] raw_lane_x=-1 lane_x=-1 filter=lost stop=False state=LINE_FOLLOW safe_linear=0.00 right_ready=False right_done=True[0m
[self_driving-10] [0m[INFO] [1782556871.056782762] [self_driving]: [IMAGE] received count=2640 shape=(480, 640, 3) queue=0[0m
[self_driving-10] [0m[INFO] [1782556871.200295817] [self_driving]: [DEBUG_DRIVE] state=LINE_FOLLOW raw_lane_x=-1 lane_x=-1 filter=lost linear=0.15 angular=0.00 cw_y=434 park_x=-1 park_approach=False park_fb_count=0 park_boot_go=0 right_done=True start_turn=False count_turn=0 traffic=None stop=False[0m
[self_driving-10] [33m[WARN] [1782556871.339805724] [self_driving]: [LANE_LOST] raw_lane_x=-1 lane_x=-1 filter=lost stop=False state=LINE_FOLLOW safe_linear=0.00 right_ready=False right_done=True[0m
[self_driving-10] [0m[INFO] [1782556871.672139687] [self_driving]: [CROSSWALK_SLOW_DONE] return normal speed[0m
[self_driving-10] [0m[INFO] [1782556871.748083206] [self_driving]: [DEBUG_DRIVE] state=LINE_FOLLOW raw_lane_x=-1 lane_x=-1 filter=lost linear=0.30 angular=0.00 cw_y=434 park_x=-1 park_approach=False park_fb_count=0 park_boot_go=0 right_done=True start_turn=False count_turn=0 traffic=None stop=False[0m
[self_driving-10] [33m[WARN] [1782556871.864166057] [self_driving]: [LANE_LOST] raw_lane_x=-1 lane_x=-1 filter=lost stop=False state=LINE_FOLLOW safe_linear=0.00 right_ready=False right_done=True[0m
[self_driving-10] [0m[INFO] [1782556871.927948261] [self_driving]: [CROSSWALK_SLOW] y=434 th=180 confirm=4[0m
[self_driving-10] [0m[INFO] [1782556872.276626076] [self_driving]: [DEBUG_DRIVE] state=LINE_FOLLOW raw_lane_x=108.5 lane_x=108.5 filter=stable linear=0.15 angular=0.10 cw_y=434 park_x=-1 park_approach=False park_fb_count=0 park_boot_go=0 right_done=True start_turn=False count_turn=0 traffic=None stop=False[0m
[self_driving-10] [33m[WARN] [1782556872.619662557] [self_driving]: [LANE_X_JUMP_REJECT] raw=49.5 last=131.5 diff=82.0 candidate=49.5 cnt=1/4[0m
[self_driving-10] [0m[INFO] [1782556872.811447501] [self_driving]: [DEBUG_DRIVE] state=LINE_FOLLOW raw_lane_x=-1 lane_x=131.5 filter=hold_last linear=0.15 angular=-0.10 cw_y=434 park_x=-1 park_approach=False park_fb_count=0 park_boot_go=0 right_done=True start_turn=False count_turn=0 traffic=None stop=False[0m
[self_driving-10] [0m[INFO] [1782556872.827658390] [self_driving]: [ALL_CLASSES] ['crosswalk'][0m
[self_driving-10] [0m[INFO] [1782556872.828202520] [self_driving]: [OBJECTS] msg_count=317 n=1 names=['crosswalk'][0m
[self_driving-10] [33m[WARN] [1782556872.954073761] [self_driving]: [LANE_LOST] raw_lane_x=-1 lane_x=-1 filter=lost stop=False state=LINE_FOLLOW safe_linear=0.00 right_ready=False right_done=True[0m
[self_driving-10] [0m[INFO] [1782556873.072380686] [self_driving]: [IMAGE] received count=2670 shape=(480, 640, 3) queue=0[0m
[self_driving-10] [0m[INFO] [1782556873.348252612] [self_driving]: [CROSSWALK_IGNORE] y=140 < th=180[0m
[self_driving-10] [0m[INFO] [1782556873.349382334] [self_driving]: [DEBUG_DRIVE] state=LINE_FOLLOW raw_lane_x=-1 lane_x=-1 filter=lost linear=0.15 angular=0.00 cw_y=140 park_x=-1 park_approach=False park_fb_count=0 park_boot_go=0 right_done=True start_turn=False count_turn=0 traffic=None stop=False[0m
[self_driving-10] [33m[WARN] [1782556873.482272871] [self_driving]: [LANE_LOST] raw_lane_x=-1 lane_x=-1 filter=lost stop=False state=LINE_FOLLOW safe_linear=0.00 right_ready=False right_done=True[0m
[self_driving-10] [0m[INFO] [1782556873.895837760] [self_driving]: [CROSSWALK_IGNORE] y=140 < th=180[0m
[self_driving-10] [0m[INFO] [1782556873.896761927] [self_driving]: [DEBUG_DRIVE] state=LINE_FOLLOW raw_lane_x=-1 lane_x=-1 filter=lost linear=0.15 angular=0.00 cw_y=140 park_x=-1 park_approach=False park_fb_count=0 park_boot_go=0 right_done=True start_turn=False count_turn=0 traffic=None stop=False[0m
[self_driving-10] [33m[WARN] [1782556874.018214352] [self_driving]: [LANE_LOST] raw_lane_x=-1 lane_x=-1 filter=lost stop=False state=LINE_FOLLOW safe_linear=0.00 right_ready=False right_done=True[0m
[self_driving-10] [0m[INFO] [1782556874.422665963] [self_driving]: [CROSSWALK_IGNORE] y=140 < th=180[0m
[self_driving-10] [0m[INFO] [1782556874.423989352] [self_driving]: [DEBUG_DRIVE] state=LINE_FOLLOW raw_lane_x=-1 lane_x=-1 filter=lost linear=0.15 angular=0.00 cw_y=140 park_x=-1 park_approach=False park_fb_count=0 park_boot_go=0 right_done=True start_turn=False count_turn=0 traffic=None stop=False[0m
[self_driving-10] [33m[WARN] [1782556874.552787982] [self_driving]: [LANE_LOST] raw_lane_x=-1 lane_x=-1 filter=lost stop=False state=LINE_FOLLOW safe_linear=0.00 right_ready=False right_done=True[0m
[self_driving-10] [0m[INFO] [1782556874.629601556] [self_driving]: [CROSSWALK_SLOW_DONE] return normal speed[0m
[self_driving-10] [0m[INFO] [1782556874.955977963] [self_driving]: [CROSSWALK_IGNORE] y=140 < th=180[0m
[self_driving-10] [0m[INFO] [1782556874.959534778] [self_driving]: [DEBUG_DRIVE] state=LINE_FOLLOW raw_lane_x=-1 lane_x=-1 filter=lost linear=0.30 angular=0.00 cw_y=140 park_x=-1 park_approach=False park_fb_count=0 park_boot_go=0 right_done=True start_turn=False count_turn=0 traffic=None stop=False[0m
[self_driving-10] [0m[INFO] [1782556875.091923074] [self_driving]: [IMAGE] received count=2700 shape=(480, 640, 3) queue=0[0m
[self_driving-10] [33m[WARN] [1782556875.097950018] [self_driving]: [LANE_LOST] raw_lane_x=-1 lane_x=-1 filter=lost stop=False state=LINE_FOLLOW safe_linear=0.00 right_ready=False right_done=True[0m
[self_driving-10] [0m[INFO] [1782556875.494787481] [self_driving]: [CROSSWALK_IGNORE] y=140 < th=180[0m
[self_driving-10] [0m[INFO] [1782556875.499175074] [self_driving]: [DEBUG_DRIVE] state=LINE_FOLLOW raw_lane_x=-1 lane_x=-1 filter=lost linear=0.30 angular=0.00 cw_y=140 park_x=-1 park_approach=False park_fb_count=0 park_boot_go=0 right_done=True start_turn=False count_turn=0 traffic=None stop=False[0m
[self_driving-10] [33m[WARN] [1782556875.644522889] [self_driving]: [LANE_LOST] raw_lane_x=-1 lane_x=-1 filter=lost stop=False state=LINE_FOLLOW safe_linear=0.00 right_ready=False right_done=True[0m
[self_driving-10] [0m[INFO] [1782556876.026827018] [self_driving]: [CROSSWALK_IGNORE] y=140 < th=180[0m
[self_driving-10] [0m[INFO] [1782556876.027549462] [self_driving]: [DEBUG_DRIVE] state=LINE_FOLLOW raw_lane_x=-1 lane_x=-1 filter=lost linear=0.30 angular=0.00 cw_y=140 park_x=-1 park_approach=False park_fb_count=0 park_boot_go=0 right_done=True start_turn=False count_turn=0 traffic=None stop=False[0m
[self_driving-10] [33m[WARN] [1782556876.171246722] [self_driving]: [LANE_LOST] raw_lane_x=-1 lane_x=-1 filter=lost stop=False state=LINE_FOLLOW safe_linear=0.00 right_ready=False right_done=True[0m
[self_driving-10] [0m[INFO] [1782556876.573138240] [self_driving]: [CROSSWALK_IGNORE] y=140 < th=180[0m
[self_driving-10] [0m[INFO] [1782556876.579551869] [self_driving]: [DEBUG_DRIVE] state=LINE_FOLLOW raw_lane_x=-1 lane_x=-1 filter=lost linear=0.30 angular=0.00 cw_y=140 park_x=-1 park_approach=False park_fb_count=0 park_boot_go=0 right_done=True start_turn=False count_turn=0 traffic=None stop=False[0m
[self_driving-10] [33m[WARN] [1782556876.713162814] [self_driving]: [LANE_LOST] raw_lane_x=-1 lane_x=-1 filter=lost stop=False state=LINE_FOLLOW safe_linear=0.00 right_ready=False right_done=True[0m
[self_driving-10] [0m[INFO] [1782556877.109068962] [self_driving]: [IMAGE] received count=2730 shape=(480, 640, 3) queue=0[0m
[self_driving-10] [0m[INFO] [1782556877.115962332] [self_driving]: [CROSSWALK_IGNORE] y=140 < th=180[0m
[self_driving-10] [0m[INFO] [1782556877.118111295] [self_driving]: [DEBUG_DRIVE] state=LINE_FOLLOW raw_lane_x=-1 lane_x=-1 filter=lost linear=0.30 angular=0.00 cw_y=140 park_x=-1 park_approach=False park_fb_count=0 park_boot_go=0 right_done=True start_turn=False count_turn=0 traffic=None stop=False[0m
[self_driving-10] [33m[WARN] [1782556877.256067258] [self_driving]: [LANE_LOST] raw_lane_x=-1 lane_x=-1 filter=lost stop=False state=LINE_FOLLOW safe_linear=0.00 right_ready=False right_done=True[0m
[self_driving-10] [0m[INFO] [1782556877.657525591] [self_driving]: [CROSSWALK_IGNORE] y=140 < th=180[0m
[self_driving-10] [0m[INFO] [1782556877.658386961] [self_driving]: [DEBUG_DRIVE] state=LINE_FOLLOW raw_lane_x=-1 lane_x=-1 filter=lost linear=0.30 angular=0.00 cw_y=140 park_x=-1 park_approach=False park_fb_count=0 park_boot_go=0 right_done=True start_turn=False count_turn=0 traffic=None stop=False[0m
[self_driving-10] [33m[WARN] [1782556877.776101758] [self_driving]: [LANE_LOST] raw_lane_x=-1 lane_x=-1 filter=lost stop=False state=LINE_FOLLOW safe_linear=0.00 right_ready=False right_done=True[0m
[self_driving-10] [0m[INFO] [1782556878.180745794] [self_driving]: [CROSSWALK_IGNORE] y=140 < th=180[0m
[self_driving-10] [0m[INFO] [1782556878.181597683] [self_driving]: [DEBUG_DRIVE] state=LINE_FOLLOW raw_lane_x=-1 lane_x=-1 filter=lost linear=0.30 angular=0.00 cw_y=140 park_x=-1 park_approach=False park_fb_count=0 park_boot_go=0 right_done=True start_turn=False count_turn=0 traffic=None stop=False[0m
[self_driving-10] [33m[WARN] [1782556878.315513109] [self_driving]: [LANE_LOST] raw_lane_x=-1 lane_x=-1 filter=lost stop=False state=LINE_FOLLOW safe_linear=0.00 right_ready=False right_done=True[0m
[self_driving-10] [0m[INFO] [1782556878.725286942] [self_driving]: [CROSSWALK_IGNORE] y=140 < th=180[0m
[self_driving-10] [0m[INFO] [1782556878.727016961] [self_driving]: [DEBUG_DRIVE] state=LINE_FOLLOW raw_lane_x=-1 lane_x=-1 filter=lost linear=0.30 angular=0.00 cw_y=140 park_x=-1 park_approach=False park_fb_count=0 park_boot_go=0 right_done=True start_turn=False count_turn=0 traffic=None stop=False[0m
[self_driving-10] [33m[WARN] [1782556878.868558461] [self_driving]: [LANE_LOST] raw_lane_x=-1 lane_x=-1 filter=lost stop=False state=LINE_FOLLOW safe_linear=0.00 right_ready=False right_done=True[0m
[self_driving-10] [0m[INFO] [1782556879.114401905] [self_driving]: [IMAGE] received count=2760 shape=(480, 640, 3) queue=0[0m
[self_driving-10] [0m[INFO] [1782556879.275620646] [self_driving]: [CROSSWALK_IGNORE] y=140 < th=180[0m
[self_driving-10] [0m[INFO] [1782556879.280766442] [self_driving]: [DEBUG_DRIVE] state=LINE_FOLLOW raw_lane_x=-1 lane_x=-1 filter=lost linear=0.30 angular=0.00 cw_y=140 park_x=-1 park_approach=False park_fb_count=0 park_boot_go=0 right_done=True start_turn=False count_turn=0 traffic=None stop=False[0m
[self_driving-10] [33m[WARN] [1782556879.384870831] [self_driving]: [LANE_LOST] raw_lane_x=-1 lane_x=-1 filter=lost stop=False state=LINE_FOLLOW safe_linear=0.00 right_ready=False right_done=True[0m
[self_driving-10] [0m[INFO] [1782556879.808890164] [self_driving]: [CROSSWALK_IGNORE] y=140 < th=180[0m
[self_driving-10] [0m[INFO] [1782556879.812368182] [self_driving]: [DEBUG_DRIVE] state=LINE_FOLLOW raw_lane_x=-1 lane_x=-1 filter=lost linear=0.30 angular=0.00 cw_y=140 park_x=-1 park_approach=False park_fb_count=0 park_boot_go=0 right_done=True start_turn=False count_turn=0 traffic=None stop=False[0m
[self_driving-10] [33m[WARN] [1782556879.940228497] [self_driving]: [LANE_LOST] raw_lane_x=-1 lane_x=-1 filter=lost stop=False state=LINE_FOLLOW safe_linear=0.00 right_ready=False right_done=True[0m
[self_driving-10] [0m[INFO] [1782556880.349913330] [self_driving]: [CROSSWALK_IGNORE] y=140 < th=180[0m
[self_driving-10] [0m[INFO] [1782556880.350779052] [self_driving]: [DEBUG_DRIVE] state=LINE_FOLLOW raw_lane_x=-1 lane_x=-1 filter=lost linear=0.30 angular=0.00 cw_y=140 park_x=-1 park_approach=False park_fb_count=0 park_boot_go=0 right_done=True start_turn=False count_turn=0 traffic=None stop=False[0m
[self_driving-10] [33m[WARN] [1782556880.483760386] [self_driving]: [LANE_LOST] raw_lane_x=-1 lane_x=-1 filter=lost stop=False state=LINE_FOLLOW safe_linear=0.00 right_ready=False right_done=True[0m
[self_driving-10] [0m[INFO] [1782556880.877283089] [self_driving]: [CROSSWALK_IGNORE] y=140 < th=180[0m
[self_driving-10] [0m[INFO] [1782556880.879155959] [self_driving]: [DEBUG_DRIVE] state=LINE_FOLLOW raw_lane_x=-1 lane_x=-1 filter=lost linear=0.30 angular=0.00 cw_y=140 park_x=-1 park_approach=False park_fb_count=0 park_boot_go=0 right_done=True start_turn=False count_turn=0 traffic=None stop=False[0m
[self_driving-10] [33m[WARN] [1782556881.019201367] [self_driving]: [LANE_LOST] raw_lane_x=-1 lane_x=-1 filter=lost stop=False state=LINE_FOLLOW safe_linear=0.00 right_ready=False right_done=True[0m
[self_driving-10] [0m[INFO] [1782556881.140689737] [self_driving]: [IMAGE] received count=2790 shape=(480, 640, 3) queue=0[0m
[self_driving-10] [0m[INFO] [1782556881.422753718] [self_driving]: [CROSSWALK_IGNORE] y=140 < th=180[0m
[self_driving-10] [0m[INFO] [1782556881.423487144] [self_driving]: [DEBUG_DRIVE] state=LINE_FOLLOW raw_lane_x=-1 lane_x=-1 filter=lost linear=0.30 angular=0.00 cw_y=140 park_x=-1 park_approach=False park_fb_count=0 park_boot_go=0 right_done=True start_turn=False count_turn=0 traffic=None stop=False[0m
[self_driving-10] [33m[WARN] [1782556881.563257755] [self_driving]: [LANE_LOST] raw_lane_x=-1 lane_x=-1 filter=lost stop=False state=LINE_FOLLOW safe_linear=0.00 right_ready=False right_done=True[0m
[self_driving-10] [0m[INFO] [1782556881.954927829] [self_driving]: [CROSSWALK_IGNORE] y=140 < th=180[0m
[self_driving-10] [0m[INFO] [1782556881.955710033] [self_driving]: [DEBUG_DRIVE] state=LINE_FOLLOW raw_lane_x=-1 lane_x=-1 filter=lost linear=0.30 angular=0.00 cw_y=140 park_x=-1 park_approach=False park_fb_count=0 park_boot_go=0 right_done=True start_turn=False count_turn=0 traffic=None stop=False[0m
[self_driving-10] [33m[WARN] [1782556882.071327903] [self_driving]: [LANE_LOST] raw_lane_x=-1 lane_x=-1 filter=lost stop=False state=LINE_FOLLOW safe_linear=0.00 right_ready=False right_done=True[0m
[self_driving-10] [0m[INFO] [1782556882.481011033] [self_driving]: [CROSSWALK_IGNORE] y=140 < th=180[0m
[self_driving-10] [0m[INFO] [1782556882.482207699] [self_driving]: [DEBUG_DRIVE] state=LINE_FOLLOW raw_lane_x=-1 lane_x=-1 filter=lost linear=0.30 angular=0.00 cw_y=140 park_x=-1 park_approach=False park_fb_count=0 park_boot_go=0 right_done=True start_turn=False count_turn=0 traffic=None stop=False[0m
[self_driving-10] [33m[WARN] [1782556882.614355736] [self_driving]: [LANE_LOST] raw_lane_x=-1 lane_x=-1 filter=lost stop=False state=LINE_FOLLOW safe_linear=0.00 right_ready=False right_done=True[0m
[self_driving-10] [0m[INFO] [1782556883.035301143] [self_driving]: [CROSSWALK_IGNORE] y=140 < th=180[0m
[self_driving-10] [0m[INFO] [1782556883.036799958] [self_driving]: [DEBUG_DRIVE] state=LINE_FOLLOW raw_lane_x=-1 lane_x=-1 filter=lost linear=0.30 angular=0.00 cw_y=140 park_x=-1 park_approach=False park_fb_count=0 park_boot_go=0 right_done=True start_turn=False count_turn=0 traffic=None stop=False[0m
[self_driving-10] [0m[INFO] [1782556883.146915588] [self_driving]: [IMAGE] received count=2820 shape=(480, 640, 3) queue=0[0m
[self_driving-10] [33m[WARN] [1782556883.154834032] [self_driving]: [LANE_LOST] raw_lane_x=-1 lane_x=-1 filter=lost stop=False state=LINE_FOLLOW safe_linear=0.00 right_ready=False right_done=True[0m
[self_driving-10] [0m[INFO] [1782556883.555100402] [self_driving]: [CROSSWALK_IGNORE] y=140 < th=180[0m
[self_driving-10] [0m[INFO] [1782556883.568030495] [self_driving]: [DEBUG_DRIVE] state=LINE_FOLLOW raw_lane_x=-1 lane_x=-1 filter=lost linear=0.30 angular=0.00 cw_y=140 park_x=-1 park_approach=False park_fb_count=0 park_boot_go=0 right_done=True start_turn=False count_turn=0 traffic=None stop=False[0m
[self_driving-10] [33m[WARN] [1782556883.703357439] [self_driving]: [LANE_LOST] raw_lane_x=-1 lane_x=-1 filter=lost stop=False state=LINE_FOLLOW safe_linear=0.00 right_ready=False right_done=True[0m
[self_driving-10] [0m[INFO] [1782556884.098396069] [self_driving]: [CROSSWALK_IGNORE] y=140 < th=180[0m
[self_driving-10] [0m[INFO] [1782556884.099821328] [self_driving]: [DEBUG_DRIVE] state=LINE_FOLLOW raw_lane_x=-1 lane_x=-1 filter=lost linear=0.30 angular=0.00 cw_y=140 park_x=-1 park_approach=False park_fb_count=0 park_boot_go=0 right_done=True start_turn=False count_turn=0 traffic=None stop=False[0m
[self_driving-10] [33m[WARN] [1782556884.248373291] [self_driving]: [LANE_LOST] raw_lane_x=-1 lane_x=-1 filter=lost stop=False state=LINE_FOLLOW safe_linear=0.00 right_ready=False right_done=True[0m
[self_driving-10] [0m[INFO] [1782556884.649481309] [self_driving]: [CROSSWALK_IGNORE] y=140 < th=180[0m
[self_driving-10] [0m[INFO] [1782556884.650955013] [self_driving]: [DEBUG_DRIVE] state=LINE_FOLLOW raw_lane_x=-1 lane_x=-1 filter=lost linear=0.30 angular=0.00 cw_y=140 park_x=-1 park_approach=False park_fb_count=0 park_boot_go=0 right_done=True start_turn=False count_turn=0 traffic=None stop=False[0m
[self_driving-10] [33m[WARN] [1782556884.775538087] [self_driving]: [LANE_LOST] raw_lane_x=-1 lane_x=-1 filter=lost stop=False state=LINE_FOLLOW safe_linear=0.00 right_ready=False right_done=True[0m
[self_driving-10] [0m[INFO] [1782556885.164050179] [self_driving]: [IMAGE] received count=2850 shape=(480, 640, 3) queue=0[0m
[self_driving-10] [0m[INFO] [1782556885.175316642] [self_driving]: [CROSSWALK_IGNORE] y=140 < th=180[0m
[self_driving-10] [0m[INFO] [1782556885.176316235] [self_driving]: [DEBUG_DRIVE] state=LINE_FOLLOW raw_lane_x=-1 lane_x=-1 filter=lost linear=0.30 angular=0.00 cw_y=140 park_x=-1 park_approach=False park_fb_count=0 park_boot_go=0 right_done=True start_turn=False count_turn=0 traffic=None stop=False[0m
[self_driving-10] [33m[WARN] [1782556885.316781161] [self_driving]: [LANE_LOST] raw_lane_x=-1 lane_x=-1 filter=lost stop=False state=LINE_FOLLOW safe_linear=0.00 right_ready=False right_done=True[0m
[self_driving-10] [0m[INFO] [1782556885.719531697] [self_driving]: [CROSSWALK_IGNORE] y=140 < th=180[0m
[self_driving-10] [0m[INFO] [1782556885.720837401] [self_driving]: [DEBUG_DRIVE] state=LINE_FOLLOW raw_lane_x=-1 lane_x=-1 filter=lost linear=0.30 angular=0.00 cw_y=140 park_x=-1 park_approach=False park_fb_count=0 park_boot_go=0 right_done=True start_turn=False count_turn=0 traffic=None stop=False[0m
[self_driving-10] [33m[WARN] [1782556885.848237049] [self_driving]: [LANE_LOST] raw_lane_x=-1 lane_x=-1 filter=lost stop=False state=LINE_FOLLOW safe_linear=0.00 right_ready=False right_done=True[0m
[self_driving-10] [0m[INFO] [1782556886.267194679] [self_driving]: [CROSSWALK_IGNORE] y=140 < th=180[0m
[self_driving-10] [0m[INFO] [1782556886.272341586] [self_driving]: [DEBUG_DRIVE] state=LINE_FOLLOW raw_lane_x=-1 lane_x=-1 filter=lost linear=0.30 angular=0.00 cw_y=140 park_x=-1 park_approach=False park_fb_count=0 park_boot_go=0 right_done=True start_turn=False count_turn=0 traffic=None stop=False[0m
[self_driving-10] [33m[WARN] [1782556886.388129715] [self_driving]: [LANE_LOST] raw_lane_x=-1 lane_x=-1 filter=lost stop=False state=LINE_FOLLOW safe_linear=0.00 right_ready=False right_done=True[0m
[self_driving-10] [0m[INFO] [1782556886.786722493] [self_driving]: [CROSSWALK_IGNORE] y=140 < th=180[0m
[self_driving-10] [0m[INFO] [1782556886.787438234] [self_driving]: [DEBUG_DRIVE] state=LINE_FOLLOW raw_lane_x=-1 lane_x=-1 filter=lost linear=0.30 angular=0.00 cw_y=140 park_x=-1 park_approach=False park_fb_count=0 park_boot_go=0 right_done=True start_turn=False count_turn=0 traffic=None stop=False[0m
[self_driving-10] [33m[WARN] [1782556886.912000882] [self_driving]: [LANE_LOST] raw_lane_x=-1 lane_x=-1 filter=lost stop=False state=LINE_FOLLOW safe_linear=0.00 right_ready=False right_done=True[0m
[self_driving-10] [0m[INFO] [1782556887.186454993] [self_driving]: [IMAGE] received count=2880 shape=(480, 640, 3) queue=0[0m
