[INFO] [launch]: All log files can be found below /home/ubuntu/.ros/log/2026-06-27-06-12-52-332123-raspberrypi-191402
[INFO] [launch]: Default logging verbosity is set to INFO
[INFO] [ascamera_node-1]: process started with pid [191418]
[INFO] [static_transform_publisher-2]: process started with pid [191420]
[INFO] [static_transform_publisher-3]: process started with pid [191422]
[INFO] [joint_state_publisher-4]: process started with pid [191424]
[INFO] [robot_state_publisher-5]: process started with pid [191426]
[INFO] [ros_robot_controller-6]: process started with pid [191428]
[INFO] [odom_publisher-7]: process started with pid [191430]
[INFO] [ekf_node-8]: process started with pid [191433]
[INFO] [yolo_detect-9]: process started with pid [191444]
[INFO] [self_driving-10]: process started with pid [191449]
[static_transform_publisher-2] [33m[WARN] [1782540773.066961825] []: Old-style arguments are deprecated; see --help for new-style arguments[0m
[static_transform_publisher-3] [33m[WARN] [1782540773.064799696] []: Old-style arguments are deprecated; see --help for new-style arguments[0m
[ascamera_node-1] [0m[INFO] [1782540773.088836788] [as_logger]: hello world angstrong camera ros2 node[0m
[static_transform_publisher-2] [0m[INFO] [1782540773.107994140] [static_transform_publisher_gkmjFKoRoblEeR0J]: Spinning until stopped - publishing transform
[static_transform_publisher-2] translation: ('0.000000', '0.000000', '0.000000')
[static_transform_publisher-2] rotation: ('-0.500000', '0.499602', '-0.500000', '0.500398')
[static_transform_publisher-2] from 'depth_cam' to 'ascamera_camera_link_0'[0m
[static_transform_publisher-3] [0m[INFO] [1782540773.111538159] [static_transform_publisher_nHgBHOYGatptn1mB]: Spinning until stopped - publishing transform
[static_transform_publisher-3] translation: ('0.000000', '0.000000', '0.000000')
[static_transform_publisher-3] rotation: ('-0.500000', '0.499602', '-0.500000', '0.500398')
[static_transform_publisher-3] from 'depth_cam' to 'ascamera_color_0'[0m
[ascamera_node-1] 2026-06-27 06:12:53[INFO] [CameraPublisher.cpp] [1558] [printLaunchParams] get depth_width 640
[ascamera_node-1] 2026-06-27 06:12:53[INFO] [CameraPublisher.cpp] [1559] [printLaunchParams] get depth_height 480
[ascamera_node-1] 2026-06-27 06:12:53[INFO] [CameraPublisher.cpp] [1561] [printLaunchParams] get rgb_width 640
[ascamera_node-1] 2026-06-27 06:12:53[INFO] [CameraPublisher.cpp] [1562] [printLaunchParams] get rgb_height 480
[ascamera_node-1] 2026-06-27 06:12:53[INFO] [CameraPublisher.cpp] [1570] [printLaunchParams] get set_fps 15
[ascamera_node-1] 2026-06-27 06:12:53[INFO] [CameraPublisher.cpp] [1578] [printLaunchParams] get color_pcl 1
[ascamera_node-1] 2026-06-27 06:12:53[INFO] [CameraPublisher.cpp] [1582] [printLaunchParams] get pub_tfTree 1
[ascamera_node-1] 2026-06-27 06:12:53[INFO] [CameraSrv.cpp] [35] [CameraSrv] Angstrong camera server
[ascamera_node-1] 2026-06-27 06:12:53[INFO] [CameraSrv.cpp] [45] [CameraSrv] Angstrong camera sdk version:v1.2.22.20240516
[robot_state_publisher-5] [0m[INFO] [1782540773.223741214] [robot_state_publisher]: got segment base_footprint[0m
[robot_state_publisher-5] [0m[INFO] [1782540773.225685844] [robot_state_publisher]: got segment base_link[0m
[robot_state_publisher-5] [0m[INFO] [1782540773.225736214] [robot_state_publisher]: got segment depth_cam[0m
[robot_state_publisher-5] [0m[INFO] [1782540773.228542103] [robot_state_publisher]: got segment imu_link[0m
[robot_state_publisher-5] [0m[INFO] [1782540773.228570159] [robot_state_publisher]: got segment lidar_frame[0m
[robot_state_publisher-5] [0m[INFO] [1782540773.228581436] [robot_state_publisher]: got segment wheel_lb_Link[0m
[robot_state_publisher-5] [0m[INFO] [1782540773.228596270] [robot_state_publisher]: got segment wheel_lf_Link[0m
[robot_state_publisher-5] [0m[INFO] [1782540773.228607788] [robot_state_publisher]: got segment wheel_rb_Link[0m
[robot_state_publisher-5] [0m[INFO] [1782540773.228616899] [robot_state_publisher]: got segment wheel_rf_Link[0m
[odom_publisher-7] [0m[INFO] [1782540773.853771399] [odom_publisher]: [1;32m0.930000 1.010000[0m[0m
[odom_publisher-7] [0m[INFO] [1782540773.878881677] [odom_publisher]: [1;32mstart[0m[0m
[joint_state_publisher-4] [0m[INFO] [1782540773.945243029] [joint_state_publisher]: Waiting for robot_description to be published on the robot_description topic...[0m
[ascamera_node-1] 2026-06-27 06:12:54[INFO] [CameraSrv.cpp] [114] [onAttached] attached
[ascamera_node-1] 2026-06-27 06:12:54[INFO] [CameraSrv.cpp] [145] [onAttached] this is a new attach device, create and open it
[ros_robot_controller-6] [0m[INFO] [1782540774.377297825] [ros_robot_controller]: 已设置舵机 1 的偏移量为 0[0m
[ros_robot_controller-6] [0m[INFO] [1782540774.378165473] [ros_robot_controller]: 已设置舵机 2 的偏移量为 0[0m
[ros_robot_controller-6] [0m[INFO] [1782540774.379069047] [ros_robot_controller]: 已设置舵机 3 的偏移量为 4[0m
[ros_robot_controller-6] [0m[INFO] [1782540774.380134269] [ros_robot_controller]: 已设置舵机 4 的偏移量为 0[0m
[ros_robot_controller-6] [0m[INFO] [1782540774.386450195] [ros_robot_controller]: [1;32mstart[0m[0m
[self_driving-10] [0m[INFO] [1782540774.673002658] [self_driving]: [INIT] init_process started[0m
[self_driving-10] [0m[INFO] [1782540774.673687436] [self_driving]: [INIT] only_line_follow=False[0m
[self_driving-10] [0m[INFO] [1782540774.674300028] [self_driving]: [INIT] request /yolov5/start[0m
[ascamera_node-1] 2026-06-27 06:12:55[INFO] [CameraSrv.cpp] [154] [onAttached] get model type 9
[ascamera_node-1] 2026-06-27 06:12:55[INFO] [CameraSrv.cpp] [342] [getConfigFile] get file: /home/ubuntu/third_party_ros2/third_party_ws/src/ascamera/configurationfiles/hp60c_v2_00_20230704_configEncrypt.json
[ascamera_node-1] 2026-06-27 06:12:55[INFO] [CameraPublisher.cpp] [1501] [logCameraPathInfo] usb camera
[ascamera_node-1] 2026-06-27 06:12:55[INFO] [CameraPublisher.cpp] [1502] [logCameraPathInfo] bnum:1
[ascamera_node-1] 2026-06-27 06:12:55[INFO] [CameraPublisher.cpp] [1503] [logCameraPathInfo] dnum:3
[ascamera_node-1] 2026-06-27 06:12:55[INFO] [CameraPublisher.cpp] [1504] [logCameraPathInfo] port_numbers:2
[ascamera_node-1] 2026-06-27 06:12:55[INFO] [CameraPublisher.cpp] [171] [onCameraAttached] create a new publisher info set
[ascamera_node-1] 2026-06-27 06:12:55[INFO] [TfTreeFrameIdInfo.cpp] [11] [TfTreeFrameIdInfo] Namespace /ascamera
[ascamera_node-1] 2026-06-27 06:12:55[INFO] [CameraHp60c.cpp] [128] [open] according to the configuration file.
[ascamera_node-1] 2026-06-27 06:12:55[INFO] [CameraHp60c.cpp] [1528] [parseConfigFileParameter] moduleName:AS_CAM_HP60C
[ascamera_node-1] 2026-06-27 06:12:55[INFO] [CameraHp60c.cpp] [1555] [parseConfigFileParameter] Parsing config file /home/ubuntu/third_party_ros2/third_party_ws/src/ascamera/configurationfiles/hp60c_v2_00_20230704_configEncrypt.json
[ascamera_node-1] 2026-06-27 06:12:55[INFO] [CameraHp60c.cpp] [1620] [parseConfigFileParameter] configuration protocol Version: v2.x
[ascamera_node-1] 2026-06-27 06:12:55[INFO] [CameraHp60c.cpp] [1631] [parseConfigFileParameter] configuration Version: v2.0.0.20230704
[ascamera_node-1] 2026-06-27 06:12:55[INFO] [CameraHp60c.cpp] [1796] [setParamersAfterOpenCam] Camera confiParaEnable true, setting configuration parameter
[self_driving-10] [33m[WARN] [1782540776.677669601] [self_driving]: [YOLO_SERVICE] service not ready, continue without blocking[0m
[ascamera_node-1] 2026-06-27 06:12:56[ERROR] [XuCmdCameraHp60c.cpp] [454] [getMjpegSize] get mjpeg from xu command failed
[ascamera_node-1] 2026-06-27 06:12:56[INFO] [XuCmdCameraHp60c.cpp] [458] [getMjpegSize] mjpeg size:640x480
[ascamera_node-1] 2026-06-27 06:12:56[INFO] [CameraPublisher.cpp] [356] [onCameraOpen] camera opened
[ascamera_node-1] 2026-06-27 06:12:56[INFO] [CameraPublisher.cpp] [370] [onCameraOpen] get config info, ret 0, is_Registration 1
[ascamera_node-1] 2026-06-27 06:12:56[INFO] [Camera.cpp] [61] [init] #camera[0x555616692710] SN[ASC60CF08000515]'s firmware version:DLS_VERc20865=:V01.09_2024110714:V01.19_2024110714:L01
[ascamera_node-1] 2026-06-27 06:12:56[INFO] [CameraPublisher.cpp] [1183] [setResolution] set depth resolution: 640 x 480 @ 15fps
[ascamera_node-1] 2026-06-27 06:12:56[INFO] [CameraPublisher.cpp] [1197] [setResolution] set rgb resolution: 640 x 480 @ 15fps
[ascamera_node-1] 2026-06-27 06:12:56[INFO] [CameraHp60c.cpp] [260] [startStreaming] start streaming
[ascamera_node-1] 2026-06-27 06:12:56[INFO] [CameraSrv.cpp] [202] [onAttached] attached end
[self_driving-10] [0m[INFO] [1782540777.178848934] [self_driving]: [INIT] enter + set_running start[0m
[self_driving-10] [0m[INFO] [1782540777.179488027] [self_driving]: [1;32mself driving enter[0m[0m
[self_driving-10] [0m[INFO] [1782540777.188537193] [self_driving]: [SUB] image=/ascamera/camera_publisher/rgb0/image object=/yolov5_ros2/object_detect[0m
[self_driving-10] [0m[INFO] [1782540777.189398545] [self_driving]: [1;32mset_running[0m[0m
[self_driving-10] [0m[INFO] [1782540777.192484916] [self_driving]: [1;32m[START] hybrid self_driving start: auto LINE_FOLLOW[0m[0m
[INFO] [apply_calib-11]: process started with pid [191600]
[INFO] [complementary_filter_node-12]: process started with pid [191602]
[complementary_filter_node-12] [0m[INFO] [1782540778.102246397] [imu_filter]: Starting ComplementaryFilterROS[0m
[ascamera_node-1] 2026-06-27 06:12:58[INFO] [CameraHp60c.cpp] [912] [setInternalParameter] mjpeg info: size(640x480)
[ascamera_node-1] 2026-06-27 06:12:58[INFO] [Camera.cpp] [127] [backgroundThread] SN [ ASC60CF08000515 ]'s parameter:
[ascamera_node-1] 2026-06-27 06:12:58[INFO] [Camera.cpp] [128] [backgroundThread] irfx: 426.962
[ascamera_node-1] 2026-06-27 06:12:58[INFO] [Camera.cpp] [129] [backgroundThread] irfy: 426.374
[ascamera_node-1] 2026-06-27 06:12:58[INFO] [Camera.cpp] [130] [backgroundThread] ircx: 315.403
[ascamera_node-1] 2026-06-27 06:12:58[INFO] [Camera.cpp] [131] [backgroundThread] ircy: 240.933
[ascamera_node-1] 2026-06-27 06:12:58[INFO] [Camera.cpp] [132] [backgroundThread] rgbfx: 570.48
[ascamera_node-1] 2026-06-27 06:12:58[INFO] [Camera.cpp] [133] [backgroundThread] rgbfy: 569.949
[ascamera_node-1] 2026-06-27 06:12:58[INFO] [Camera.cpp] [134] [backgroundThread] rgbcx: 329.75
[ascamera_node-1] 2026-06-27 06:12:58[INFO] [Camera.cpp] [135] [backgroundThread] rgbcy: 238.406
[ascamera_node-1] 
[self_driving-10] [0m[INFO] [1782540778.901519544] [self_driving]: [IMAGE] received count=1 shape=(480, 640, 3) queue=0[0m
[ascamera_node-1] 2026-06-27 06:12:59[INFO] [CameraHp60c.cpp] [1149] [streamCallback] set gain ret 0, gain 4
[apply_calib-11] [0m[INFO] [1782540779.082318933] [imu_calib]: Calibrating gyros; do not move the IMU[0m
[self_driving-10] [33m[WARN] [1782540779.114638674] [self_driving]: [LANE_LOST] raw_lane_x=-1 lane_x=-1 filter=lost stop=False state=LINE_FOLLOW safe_linear=0.05 right_ready=False right_done=False[0m
[self_driving-10] [0m[INFO] [1782540779.116048063] [self_driving]: [DEBUG_DRIVE] state=LINE_FOLLOW raw_lane_x=-1 lane_x=-1 filter=lost linear=0.30 angular=0.00 cw_y=0 right_done=False start_turn=False count_turn=0 traffic=None stop=False[0m
[self_driving-10] [33m[WARN] [1782540779.641771229] [self_driving]: [LANE_LOST] raw_lane_x=-1 lane_x=-1 filter=lost stop=False state=LINE_FOLLOW safe_linear=0.05 right_ready=False right_done=False[0m
[self_driving-10] [0m[INFO] [1782540779.645151173] [self_driving]: [DEBUG_DRIVE] state=LINE_FOLLOW raw_lane_x=-1 lane_x=-1 filter=lost linear=0.30 angular=0.00 cw_y=0 right_done=False start_turn=False count_turn=0 traffic=None stop=False[0m
[yolo_detect-9] [0m[INFO] [1782540779.683146377] [yolov5_ros2]: Current ROS 2 distribution: humble[0m
[self_driving-10] [33m[WARN] [1782540780.189472025] [self_driving]: [LANE_LOST] raw_lane_x=-1 lane_x=-1 filter=lost stop=False state=LINE_FOLLOW safe_linear=0.05 right_ready=False right_done=False[0m
[self_driving-10] [0m[INFO] [1782540780.190852988] [self_driving]: [DEBUG_DRIVE] state=LINE_FOLLOW raw_lane_x=-1 lane_x=-1 filter=lost linear=0.30 angular=0.00 cw_y=0 right_done=False start_turn=False count_turn=0 traffic=None stop=False[0m
[self_driving-10] [33m[WARN] [1782540780.732602006] [self_driving]: [LANE_LOST] raw_lane_x=-1 lane_x=-1 filter=lost stop=False state=LINE_FOLLOW safe_linear=0.05 right_ready=False right_done=False[0m
[self_driving-10] [0m[INFO] [1782540780.736388969] [self_driving]: [DEBUG_DRIVE] state=LINE_FOLLOW raw_lane_x=-1 lane_x=-1 filter=lost linear=0.30 angular=0.00 cw_y=0 right_done=False start_turn=False count_turn=0 traffic=None stop=False[0m
[self_driving-10] [0m[INFO] [1782540780.923024710] [self_driving]: [IMAGE] received count=30 shape=(480, 640, 3) queue=0[0m
[apply_calib-11] [0m[INFO] [1782540781.235977006] [imu_calib]: Gyro calibration complete! (bias = [-0.010, 0.030, 0.000])[0m
[self_driving-10] [33m[WARN] [1782540781.253174821] [self_driving]: [LANE_LOST] raw_lane_x=-1 lane_x=-1 filter=lost stop=False state=LINE_FOLLOW safe_linear=0.05 right_ready=False right_done=False[0m
[self_driving-10] [0m[INFO] [1782540781.253713969] [self_driving]: [DEBUG_DRIVE] state=LINE_FOLLOW raw_lane_x=-1 lane_x=-1 filter=lost linear=0.30 angular=0.00 cw_y=0 right_done=False start_turn=False count_turn=0 traffic=None stop=False[0m
[self_driving-10] [33m[WARN] [1782540781.792772876] [self_driving]: [LANE_LOST] raw_lane_x=-1 lane_x=-1 filter=lost stop=False state=LINE_FOLLOW safe_linear=0.05 right_ready=False right_done=False[0m
[self_driving-10] [0m[INFO] [1782540781.793289654] [self_driving]: [DEBUG_DRIVE] state=LINE_FOLLOW raw_lane_x=-1 lane_x=-1 filter=lost linear=0.30 angular=0.00 cw_y=0 right_done=False start_turn=False count_turn=0 traffic=None stop=False[0m
[self_driving-10] [33m[WARN] [1782540782.328846505] [self_driving]: [LANE_LOST] raw_lane_x=-1 lane_x=-1 filter=lost stop=False state=LINE_FOLLOW safe_linear=0.05 right_ready=False right_done=False[0m
[self_driving-10] [0m[INFO] [1782540782.331882727] [self_driving]: [DEBUG_DRIVE] state=LINE_FOLLOW raw_lane_x=-1 lane_x=-1 filter=lost linear=0.30 angular=0.00 cw_y=0 right_done=False start_turn=False count_turn=0 traffic=None stop=False[0m
[self_driving-10] [33m[WARN] [1782540782.876483005] [self_driving]: [LANE_LOST] raw_lane_x=-1 lane_x=-1 filter=lost stop=False state=LINE_FOLLOW safe_linear=0.05 right_ready=False right_done=False[0m
[self_driving-10] [0m[INFO] [1782540782.879028727] [self_driving]: [DEBUG_DRIVE] state=LINE_FOLLOW raw_lane_x=-1 lane_x=-1 filter=lost linear=0.30 angular=0.00 cw_y=0 right_done=False start_turn=False count_turn=0 traffic=None stop=False[0m
[self_driving-10] [0m[INFO] [1782540782.936301431] [self_driving]: [IMAGE] received count=60 shape=(480, 640, 3) queue=0[0m
[self_driving-10] [33m[WARN] [1782540783.424060782] [self_driving]: [LANE_LOST] raw_lane_x=-1 lane_x=-1 filter=lost stop=False state=LINE_FOLLOW safe_linear=0.05 right_ready=False right_done=False[0m
[self_driving-10] [0m[INFO] [1782540783.424679412] [self_driving]: [DEBUG_DRIVE] state=LINE_FOLLOW raw_lane_x=-1 lane_x=-1 filter=lost linear=0.30 angular=0.00 cw_y=0 right_done=False start_turn=False count_turn=0 traffic=None stop=False[0m
[self_driving-10] [33m[WARN] [1782540783.956812023] [self_driving]: [LANE_LOST] raw_lane_x=-1 lane_x=-1 filter=lost stop=False state=LINE_FOLLOW safe_linear=0.05 right_ready=False right_done=False[0m
[self_driving-10] [0m[INFO] [1782540783.958935504] [self_driving]: [DEBUG_DRIVE] state=LINE_FOLLOW raw_lane_x=-1 lane_x=-1 filter=lost linear=0.30 angular=0.00 cw_y=0 right_done=False start_turn=False count_turn=0 traffic=None stop=False[0m
[self_driving-10] [33m[WARN] [1782540784.502635948] [self_driving]: [LANE_LOST] raw_lane_x=-1 lane_x=-1 filter=lost stop=False state=LINE_FOLLOW safe_linear=0.05 right_ready=False right_done=False[0m
[self_driving-10] [0m[INFO] [1782540784.503185671] [self_driving]: [DEBUG_DRIVE] state=LINE_FOLLOW raw_lane_x=-1 lane_x=-1 filter=lost linear=0.30 angular=0.00 cw_y=0 right_done=False start_turn=False count_turn=0 traffic=None stop=False[0m
[self_driving-10] [0m[INFO] [1782540784.941857467] [self_driving]: [IMAGE] received count=90 shape=(480, 640, 3) queue=0[0m
[self_driving-10] [33m[WARN] [1782540785.014273170] [self_driving]: [LANE_LOST] raw_lane_x=-1 lane_x=-1 filter=lost stop=False state=LINE_FOLLOW safe_linear=0.05 right_ready=False right_done=False[0m
[self_driving-10] [0m[INFO] [1782540785.014961041] [self_driving]: [DEBUG_DRIVE] state=LINE_FOLLOW raw_lane_x=-1 lane_x=-1 filter=lost linear=0.30 angular=0.00 cw_y=0 right_done=False start_turn=False count_turn=0 traffic=None stop=False[0m
[self_driving-10] [33m[WARN] [1782540785.574833003] [self_driving]: [LANE_LOST] raw_lane_x=-1 lane_x=-1 filter=lost stop=False state=LINE_FOLLOW safe_linear=0.05 right_ready=False right_done=False[0m
[self_driving-10] [0m[INFO] [1782540785.581725651] [self_driving]: [DEBUG_DRIVE] state=LINE_FOLLOW raw_lane_x=-1 lane_x=-1 filter=lost linear=0.30 angular=0.00 cw_y=0 right_done=False start_turn=False count_turn=0 traffic=None stop=False[0m
[self_driving-10] [33m[WARN] [1782540786.100944614] [self_driving]: [LANE_LOST] raw_lane_x=-1 lane_x=-1 filter=lost stop=False state=LINE_FOLLOW safe_linear=0.05 right_ready=False right_done=False[0m
[self_driving-10] [0m[INFO] [1782540786.102015077] [self_driving]: [DEBUG_DRIVE] state=LINE_FOLLOW raw_lane_x=-1 lane_x=-1 filter=lost linear=0.30 angular=0.00 cw_y=0 right_done=False start_turn=False count_turn=0 traffic=None stop=False[0m
[self_driving-10] [33m[WARN] [1782540786.630963984] [self_driving]: [LANE_LOST] raw_lane_x=-1 lane_x=-1 filter=lost stop=False state=LINE_FOLLOW safe_linear=0.05 right_ready=False right_done=False[0m
[self_driving-10] [0m[INFO] [1782540786.631574336] [self_driving]: [DEBUG_DRIVE] state=LINE_FOLLOW raw_lane_x=-1 lane_x=-1 filter=lost linear=0.30 angular=0.00 cw_y=0 right_done=False start_turn=False count_turn=0 traffic=None stop=False[0m
[self_driving-10] [0m[INFO] [1782540786.954653706] [self_driving]: [IMAGE] received count=120 shape=(480, 640, 3) queue=0[0m
[self_driving-10] [33m[WARN] [1782540787.179001373] [self_driving]: [LANE_LOST] raw_lane_x=-1 lane_x=-1 filter=lost stop=False state=LINE_FOLLOW safe_linear=0.05 right_ready=False right_done=False[0m
[self_driving-10] [0m[INFO] [1782540787.181081613] [self_driving]: [DEBUG_DRIVE] state=LINE_FOLLOW raw_lane_x=-1 lane_x=-1 filter=lost linear=0.30 angular=0.00 cw_y=0 right_done=False start_turn=False count_turn=0 traffic=None stop=False[0m
[self_driving-10] [33m[WARN] [1782540787.735548946] [self_driving]: [LANE_LOST] raw_lane_x=-1 lane_x=-1 filter=lost stop=False state=LINE_FOLLOW safe_linear=0.05 right_ready=False right_done=False[0m
[self_driving-10] [0m[INFO] [1782540787.736467261] [self_driving]: [DEBUG_DRIVE] state=LINE_FOLLOW raw_lane_x=-1 lane_x=-1 filter=lost linear=0.30 angular=0.00 cw_y=0 right_done=False start_turn=False count_turn=0 traffic=None stop=False[0m
[self_driving-10] [33m[WARN] [1782540788.240653335] [self_driving]: [LANE_LOST] raw_lane_x=-1 lane_x=-1 filter=lost stop=False state=LINE_FOLLOW safe_linear=0.05 right_ready=False right_done=False[0m
[self_driving-10] [0m[INFO] [1782540788.242355205] [self_driving]: [DEBUG_DRIVE] state=LINE_FOLLOW raw_lane_x=-1 lane_x=-1 filter=lost linear=0.30 angular=0.00 cw_y=0 right_done=False start_turn=False count_turn=0 traffic=None stop=False[0m
[self_driving-10] [33m[WARN] [1782540788.809741742] [self_driving]: [LANE_LOST] raw_lane_x=-1 lane_x=-1 filter=lost stop=False state=LINE_FOLLOW safe_linear=0.05 right_ready=False right_done=False[0m
[self_driving-10] [0m[INFO] [1782540788.810735298] [self_driving]: [DEBUG_DRIVE] state=LINE_FOLLOW raw_lane_x=-1 lane_x=-1 filter=lost linear=0.30 angular=0.00 cw_y=0 right_done=False start_turn=False count_turn=0 traffic=None stop=False[0m
[self_driving-10] [0m[INFO] [1782540788.988757705] [self_driving]: [IMAGE] received count=150 shape=(480, 640, 3) queue=0[0m
[self_driving-10] [33m[WARN] [1782540789.322345019] [self_driving]: [LANE_LOST] raw_lane_x=-1 lane_x=-1 filter=lost stop=False state=LINE_FOLLOW safe_linear=0.05 right_ready=False right_done=False[0m
[self_driving-10] [0m[INFO] [1782540789.322850945] [self_driving]: [DEBUG_DRIVE] state=LINE_FOLLOW raw_lane_x=-1 lane_x=-1 filter=lost linear=0.30 angular=0.00 cw_y=0 right_done=False start_turn=False count_turn=0 traffic=None stop=False[0m
[self_driving-10] [33m[WARN] [1782540789.859009797] [self_driving]: [LANE_LOST] raw_lane_x=-1 lane_x=-1 filter=lost stop=False state=LINE_FOLLOW safe_linear=0.05 right_ready=False right_done=False[0m
[self_driving-10] [0m[INFO] [1782540789.859767778] [self_driving]: [DEBUG_DRIVE] state=LINE_FOLLOW raw_lane_x=-1 lane_x=-1 filter=lost linear=0.30 angular=0.00 cw_y=0 right_done=False start_turn=False count_turn=0 traffic=None stop=False[0m
[self_driving-10] [33m[WARN] [1782540790.394327704] [self_driving]: [LANE_LOST] raw_lane_x=-1 lane_x=-1 filter=lost stop=False state=LINE_FOLLOW safe_linear=0.05 right_ready=False right_done=False[0m
[self_driving-10] [0m[INFO] [1782540790.394956130] [self_driving]: [DEBUG_DRIVE] state=LINE_FOLLOW raw_lane_x=-1 lane_x=-1 filter=lost linear=0.30 angular=0.00 cw_y=0 right_done=False start_turn=False count_turn=0 traffic=None stop=False[0m
[self_driving-10] [33m[WARN] [1782540790.948281000] [self_driving]: [LANE_LOST] raw_lane_x=-1 lane_x=-1 filter=lost stop=False state=LINE_FOLLOW safe_linear=0.05 right_ready=False right_done=False[0m
[self_driving-10] [0m[INFO] [1782540790.952276704] [self_driving]: [DEBUG_DRIVE] state=LINE_FOLLOW raw_lane_x=-1 lane_x=-1 filter=lost linear=0.30 angular=0.00 cw_y=0 right_done=False start_turn=False count_turn=0 traffic=None stop=False[0m
[self_driving-10] [0m[INFO] [1782540791.007210926] [self_driving]: [IMAGE] received count=180 shape=(480, 640, 3) queue=0[0m
[self_driving-10] [33m[WARN] [1782540791.464228796] [self_driving]: [LANE_LOST] raw_lane_x=-1 lane_x=-1 filter=lost stop=False state=LINE_FOLLOW safe_linear=0.05 right_ready=False right_done=False[0m
[self_driving-10] [0m[INFO] [1782540791.465959703] [self_driving]: [DEBUG_DRIVE] state=LINE_FOLLOW raw_lane_x=-1 lane_x=-1 filter=lost linear=0.30 angular=0.00 cw_y=0 right_done=False start_turn=False count_turn=0 traffic=None stop=False[0m
[self_driving-10] [33m[WARN] [1782540792.009100277] [self_driving]: [LANE_LOST] raw_lane_x=-1 lane_x=-1 filter=lost stop=False state=LINE_FOLLOW safe_linear=0.05 right_ready=False right_done=False[0m
[self_driving-10] [0m[INFO] [1782540792.011028518] [self_driving]: [DEBUG_DRIVE] state=LINE_FOLLOW raw_lane_x=-1 lane_x=-1 filter=lost linear=0.30 angular=0.00 cw_y=0 right_done=False start_turn=False count_turn=0 traffic=None stop=False[0m
[self_driving-10] [33m[WARN] [1782540792.542794129] [self_driving]: [LANE_LOST] raw_lane_x=-1 lane_x=-1 filter=lost stop=False state=LINE_FOLLOW safe_linear=0.05 right_ready=False right_done=False[0m
[self_driving-10] [0m[INFO] [1782540792.544690721] [self_driving]: [DEBUG_DRIVE] state=LINE_FOLLOW raw_lane_x=-1 lane_x=-1 filter=lost linear=0.30 angular=0.00 cw_y=0 right_done=False start_turn=False count_turn=0 traffic=None stop=False[0m
[self_driving-10] [0m[INFO] [1782540793.026965425] [self_driving]: [IMAGE] received count=210 shape=(480, 640, 3) queue=0[0m
[self_driving-10] [0m[INFO] [1782540793.091568221] [self_driving]: [DEBUG_DRIVE] state=LINE_FOLLOW raw_lane_x=-1 lane_x=193.0 filter=hold_last linear=0.30 angular=-0.10 cw_y=0 right_done=False start_turn=False count_turn=0 traffic=None stop=False[0m
[self_driving-10] [33m[WARN] [1782540793.229231832] [self_driving]: [LANE_LOST] raw_lane_x=-1 lane_x=-1 filter=lost stop=False state=LINE_FOLLOW safe_linear=0.05 right_ready=False right_done=False[0m
[self_driving-10] [0m[INFO] [1782540793.614438813] [self_driving]: [DEBUG_DRIVE] state=LINE_FOLLOW raw_lane_x=-1 lane_x=-1 filter=lost linear=0.30 angular=0.00 cw_y=0 right_done=False start_turn=False count_turn=0 traffic=None stop=False[0m
[self_driving-10] [33m[WARN] [1782540793.769854572] [self_driving]: [LANE_LOST] raw_lane_x=-1 lane_x=-1 filter=lost stop=False state=LINE_FOLLOW safe_linear=0.05 right_ready=False right_done=False[0m
[self_driving-10] [0m[INFO] [1782540794.158938350] [self_driving]: [DEBUG_DRIVE] state=LINE_FOLLOW raw_lane_x=-1 lane_x=-1 filter=lost linear=0.30 angular=0.00 cw_y=0 right_done=False start_turn=False count_turn=0 traffic=None stop=False[0m
[self_driving-10] [33m[WARN] [1782540794.287267294] [self_driving]: [LANE_LOST] raw_lane_x=-1 lane_x=-1 filter=lost stop=False state=LINE_FOLLOW safe_linear=0.05 right_ready=False right_done=False[0m
[self_driving-10] [0m[INFO] [1782540794.698441368] [self_driving]: [DEBUG_DRIVE] state=LINE_FOLLOW raw_lane_x=-1 lane_x=-1 filter=lost linear=0.30 angular=0.00 cw_y=0 right_done=False start_turn=False count_turn=0 traffic=None stop=False[0m
[self_driving-10] [33m[WARN] [1782540794.866250998] [self_driving]: [LANE_LOST] raw_lane_x=-1 lane_x=-1 filter=lost stop=False state=LINE_FOLLOW safe_linear=0.05 right_ready=False right_done=False[0m
[self_driving-10] [33m[WARN] [1782540795.027874757] [self_driving]: [LANE_X_JUMP_REJECT] raw=287.0 last=193.0 diff=94.0 candidate=287.0 cnt=1/4[0m
[self_driving-10] [0m[INFO] [1782540795.094027460] [self_driving]: [IMAGE] received count=241 shape=(480, 640, 3) queue=0[0m
[self_driving-10] [0m[INFO] [1782540795.243927683] [self_driving]: [DEBUG_DRIVE] state=LINE_FOLLOW raw_lane_x=-1 lane_x=228.0 filter=hold_last linear=0.30 angular=-0.45 cw_y=0 right_done=False start_turn=False count_turn=3 traffic=None stop=False[0m
[self_driving-10] [33m[WARN] [1782540795.522122516] [self_driving]: [LANE_LOST] raw_lane_x=-1 lane_x=-1 filter=lost stop=False state=LINE_FOLLOW safe_linear=0.05 right_ready=False right_done=False[0m
[self_driving-10] [0m[INFO] [1782540795.767254090] [self_driving]: [DEBUG_DRIVE] state=LINE_FOLLOW raw_lane_x=164.0 lane_x=164.0 filter=stable linear=0.30 angular=0.00 cw_y=0 right_done=False start_turn=True count_turn=0 traffic=None stop=False[0m
[self_driving-10] [0m[INFO] [1782540795.828163923] [self_driving]: [OBJECTS] msg_count=1 n=1 names=['crosswalk'][0m
[self_driving-10] [33m[WARN] [1782540795.917159423] [self_driving]: [LANE_X_JUMP_REJECT] raw=102.5 last=203.0 diff=100.5 candidate=102.5 cnt=1/4[0m
[self_driving-10] [0m[INFO] [1782540796.114476108] [self_driving]: [LANE_X_JUMP_ACCEPT] raw=77.5 last=77.5 cnt=4/4[0m
[self_driving-10] [0m[INFO] [1782540796.319728793] [self_driving]: [CROSSWALK_IGNORE] y=70 < th=180[0m
[self_driving-10] [0m[INFO] [1782540796.325991812] [self_driving]: [DEBUG_DRIVE] state=LINE_FOLLOW raw_lane_x=170.5 lane_x=170.5 filter=stable linear=0.30 angular=0.00 cw_y=70 right_done=False start_turn=True count_turn=0 traffic=None stop=False[0m
[self_driving-10] [33m[WARN] [1782540796.652687663] [self_driving]: [LANE_X_JUMP_REJECT] raw=294.5 last=146.0 diff=148.5 candidate=294.5 cnt=1/4[0m
[self_driving-10] [0m[INFO] [1782540796.842974589] [self_driving]: [CROSSWALK_IGNORE] y=70 < th=180[0m
[self_driving-10] [0m[INFO] [1782540796.845063534] [self_driving]: [DEBUG_DRIVE] state=LINE_FOLLOW raw_lane_x=230.5 lane_x=230.5 filter=stable linear=0.30 angular=-0.45 cw_y=70 right_done=False start_turn=True count_turn=2 traffic=None stop=False[0m
[self_driving-10] [0m[INFO] [1782540797.102575459] [self_driving]: [IMAGE] received count=271 shape=(480, 640, 3) queue=0[0m
[self_driving-10] [33m[WARN] [1782540797.177468978] [self_driving]: [LANE_X_JUMP_REJECT] raw=192.0 last=281.5 diff=89.5 candidate=182.5 cnt=2/4[0m
[self_driving-10] [0m[INFO] [1782540797.348334070] [self_driving]: [DEBUG_DRIVE] state=LINE_FOLLOW raw_lane_x=-1 lane_x=294.5 filter=hold_last linear=0.30 angular=-0.45 cw_y=70 right_done=False start_turn=True count_turn=9 traffic=None stop=False[0m
[self_driving-10] [0m[INFO] [1782540797.863057255] [self_driving]: [CROSSWALK_IGNORE] y=70 < th=180[0m
[self_driving-10] [0m[INFO] [1782540797.866977811] [self_driving]: [DEBUG_DRIVE] state=LINE_FOLLOW raw_lane_x=-1 lane_x=314.5 filter=hold_last linear=0.30 angular=-0.45 cw_y=70 right_done=False start_turn=True count_turn=17 traffic=None stop=False[0m
[self_driving-10] [33m[WARN] [1782540797.911988940] [self_driving]: [LANE_LOST] raw_lane_x=-1 lane_x=-1 filter=lost stop=False state=LINE_FOLLOW safe_linear=0.05 right_ready=False right_done=False[0m
[self_driving-10] [0m[INFO] [1782540798.399158699] [self_driving]: [CROSSWALK_IGNORE] y=70 < th=180[0m
[self_driving-10] [0m[INFO] [1782540798.401920773] [self_driving]: [DEBUG_DRIVE] state=LINE_FOLLOW raw_lane_x=-1 lane_x=-1 filter=lost linear=0.30 angular=0.00 cw_y=70 right_done=False start_turn=True count_turn=17 traffic=None stop=False[0m
[self_driving-10] [33m[WARN] [1782540798.461895273] [self_driving]: [LANE_LOST] raw_lane_x=-1 lane_x=-1 filter=lost stop=False state=LINE_FOLLOW safe_linear=0.05 right_ready=False right_done=False[0m
[self_driving-10] [0m[INFO] [1782540798.939591236] [self_driving]: [CROSSWALK_IGNORE] y=70 < th=180[0m
[self_driving-10] [0m[INFO] [1782540798.942724977] [self_driving]: [DEBUG_DRIVE] state=LINE_FOLLOW raw_lane_x=-1 lane_x=-1 filter=lost linear=0.30 angular=0.00 cw_y=70 right_done=False start_turn=True count_turn=17 traffic=None stop=False[0m
[self_driving-10] [33m[WARN] [1782540798.991872254] [self_driving]: [LANE_LOST] raw_lane_x=-1 lane_x=-1 filter=lost stop=False state=LINE_FOLLOW safe_linear=0.05 right_ready=False right_done=False[0m
[self_driving-10] [0m[INFO] [1782540799.137559162] [self_driving]: [IMAGE] received count=301 shape=(480, 640, 3) queue=0[0m
[self_driving-10] [0m[INFO] [1782540799.467431347] [self_driving]: [CROSSWALK_IGNORE] y=70 < th=180[0m
[self_driving-10] [0m[INFO] [1782540799.469834847] [self_driving]: [DEBUG_DRIVE] state=LINE_FOLLOW raw_lane_x=-1 lane_x=-1 filter=lost linear=0.30 angular=0.00 cw_y=70 right_done=False start_turn=True count_turn=17 traffic=None stop=False[0m
[self_driving-10] [33m[WARN] [1782540799.563097273] [self_driving]: [LANE_LOST] raw_lane_x=-1 lane_x=-1 filter=lost stop=False state=LINE_FOLLOW safe_linear=0.05 right_ready=False right_done=False[0m
[self_driving-10] [0m[INFO] [1782540800.001982291] [self_driving]: [CROSSWALK_IGNORE] y=70 < th=180[0m
[self_driving-10] [0m[INFO] [1782540800.002862939] [self_driving]: [DEBUG_DRIVE] state=LINE_FOLLOW raw_lane_x=-1 lane_x=-1 filter=lost linear=0.30 angular=0.00 cw_y=70 right_done=False start_turn=True count_turn=17 traffic=None stop=False[0m
[self_driving-10] [33m[WARN] [1782540800.067792198] [self_driving]: [LANE_LOST] raw_lane_x=-1 lane_x=-1 filter=lost stop=False state=LINE_FOLLOW safe_linear=0.05 right_ready=False right_done=False[0m
[self_driving-10] [0m[INFO] [1782540800.550238735] [self_driving]: [CROSSWALK_IGNORE] y=70 < th=180[0m
[self_driving-10] [0m[INFO] [1782540800.551001235] [self_driving]: [DEBUG_DRIVE] state=LINE_FOLLOW raw_lane_x=-1 lane_x=-1 filter=lost linear=0.30 angular=0.00 cw_y=70 right_done=False start_turn=True count_turn=17 traffic=None stop=False[0m
[self_driving-10] [0m[INFO] [1782540800.557668550] [self_driving]: [OBJECTS] msg_count=2 n=1 names=['crosswalk'][0m
[self_driving-10] [33m[WARN] [1782540800.626226068] [self_driving]: [LANE_LOST] raw_lane_x=-1 lane_x=-1 filter=lost stop=False state=LINE_FOLLOW safe_linear=0.05 right_ready=False right_done=False[0m
[self_driving-10] [0m[INFO] [1782540801.078698309] [self_driving]: [CROSSWALK_IGNORE] y=63 < th=180[0m
[self_driving-10] [0m[INFO] [1782540801.081000994] [self_driving]: [DEBUG_DRIVE] state=LINE_FOLLOW raw_lane_x=-1 lane_x=-1 filter=lost linear=0.30 angular=0.00 cw_y=63 right_done=False start_turn=True count_turn=17 traffic=None stop=False[0m
[self_driving-10] [0m[INFO] [1782540801.145856346] [self_driving]: [IMAGE] received count=331 shape=(480, 640, 3) queue=0[0m
[self_driving-10] [33m[WARN] [1782540801.156768605] [self_driving]: [LANE_LOST] raw_lane_x=-1 lane_x=-1 filter=lost stop=False state=LINE_FOLLOW safe_linear=0.05 right_ready=False right_done=False[0m
[self_driving-10] [0m[INFO] [1782540801.610737401] [self_driving]: [CROSSWALK_IGNORE] y=63 < th=180[0m
[self_driving-10] [0m[INFO] [1782540801.611786790] [self_driving]: [DEBUG_DRIVE] state=LINE_FOLLOW raw_lane_x=-1 lane_x=-1 filter=lost linear=0.30 angular=0.00 cw_y=63 right_done=False start_turn=True count_turn=17 traffic=None stop=False[0m
[self_driving-10] [33m[WARN] [1782540801.693791234] [self_driving]: [LANE_LOST] raw_lane_x=-1 lane_x=-1 filter=lost stop=False state=LINE_FOLLOW safe_linear=0.05 right_ready=False right_done=False[0m
[self_driving-10] [0m[INFO] [1782540802.166187327] [self_driving]: [CROSSWALK_IGNORE] y=63 < th=180[0m
[self_driving-10] [0m[INFO] [1782540802.166986771] [self_driving]: [DEBUG_DRIVE] state=LINE_FOLLOW raw_lane_x=-1 lane_x=-1 filter=lost linear=0.30 angular=0.00 cw_y=63 right_done=False start_turn=True count_turn=17 traffic=None stop=False[0m
[self_driving-10] [33m[WARN] [1782540802.228885012] [self_driving]: [LANE_LOST] raw_lane_x=-1 lane_x=-1 filter=lost stop=False state=LINE_FOLLOW safe_linear=0.05 right_ready=False right_done=False[0m
[self_driving-10] [33m[WARN] [1782540802.436158160] [self_driving]: [LANE_X_JUMP_REJECT] raw=4.0 last=314.5 diff=310.5 candidate=4.0 cnt=1/4[0m
[self_driving-10] [0m[INFO] [1782540802.690903567] [self_driving]: [CROSSWALK_IGNORE] y=63 < th=180[0m
[self_driving-10] [0m[INFO] [1782540802.692898863] [self_driving]: [DEBUG_DRIVE] state=LINE_FOLLOW raw_lane_x=310.5 lane_x=310.5 filter=stable linear=0.30 angular=-0.45 cw_y=63 right_done=False start_turn=True count_turn=19 traffic=None stop=False[0m
[self_driving-10] [0m[INFO] [1782540803.162876104] [self_driving]: [IMAGE] received count=361 shape=(480, 640, 3) queue=0[0m
[self_driving-10] [0m[INFO] [1782540803.233969382] [self_driving]: [CROSSWALK_IGNORE] y=63 < th=180[0m
[self_driving-10] [0m[INFO] [1782540803.234706196] [self_driving]: [DEBUG_DRIVE] state=LINE_FOLLOW raw_lane_x=-1 lane_x=276.0 filter=hold_last linear=0.30 angular=-0.45 cw_y=63 right_done=False start_turn=True count_turn=27 traffic=None stop=False[0m
[self_driving-10] [0m[INFO] [1782540803.421158048] [self_driving]: [OBJECTS] msg_count=3 n=1 names=['crosswalk'][0m
[self_driving-10] [0m[INFO] [1782540803.641533233] [self_driving]: [CROSSWALK_SLOW] y=465 th=180 confirm=4[0m
[self_driving-10] [0m[INFO] [1782540803.777682807] [self_driving]: [DEBUG_DRIVE] state=LINE_FOLLOW raw_lane_x=248.5 lane_x=248.5 filter=stable linear=0.15 angular=-0.45 cw_y=465 right_done=False start_turn=True count_turn=35 traffic=None stop=False[0m
[self_driving-10] [0m[INFO] [1782540804.158146455] [self_driving]: [OBJECTS] msg_count=5 n=1 names=['crosswalk'][0m
[self_driving-10] [0m[INFO] [1782540804.305950733] [self_driving]: [CROSSWALK_IGNORE] y=24 < th=180[0m
[self_driving-10] [0m[INFO] [1782540804.309191714] [self_driving]: [DEBUG_DRIVE] state=LINE_FOLLOW raw_lane_x=-1 lane_x=229.0 filter=hold_last linear=0.15 angular=-0.45 cw_y=24 right_done=False start_turn=True count_turn=1 traffic=None stop=False[0m
[self_driving-10] [33m[WARN] [1782540804.377837196] [self_driving]: [LANE_LOST] raw_lane_x=-1 lane_x=-1 filter=lost stop=False state=LINE_FOLLOW safe_linear=0.05 right_ready=False right_done=False[0m
[self_driving-10] [0m[INFO] [1782540804.848832251] [self_driving]: [CROSSWALK_IGNORE] y=21 < th=180[0m
[self_driving-10] [0m[INFO] [1782540804.850970769] [self_driving]: [DEBUG_DRIVE] state=LINE_FOLLOW raw_lane_x=-1 lane_x=-1 filter=lost linear=0.15 angular=0.00 cw_y=21 right_done=False start_turn=True count_turn=1 traffic=None stop=False[0m
[self_driving-10] [33m[WARN] [1782540804.929063973] [self_driving]: [LANE_LOST] raw_lane_x=-1 lane_x=-1 filter=lost stop=False state=LINE_FOLLOW safe_linear=0.05 right_ready=False right_done=False[0m
[self_driving-10] [0m[INFO] [1782540805.180679751] [self_driving]: [IMAGE] received count=391 shape=(480, 640, 3) queue=0[0m
[self_driving-10] [0m[INFO] [1782540805.376418399] [self_driving]: [CROSSWALK_IGNORE] y=21 < th=180[0m
[self_driving-10] [0m[INFO] [1782540805.385288751] [self_driving]: [DEBUG_DRIVE] state=LINE_FOLLOW raw_lane_x=-1 lane_x=-1 filter=lost linear=0.15 angular=0.00 cw_y=21 right_done=False start_turn=True count_turn=1 traffic=None stop=False[0m
[self_driving-10] [33m[WARN] [1782540805.441430140] [self_driving]: [LANE_LOST] raw_lane_x=-1 lane_x=-1 filter=lost stop=False state=LINE_FOLLOW safe_linear=0.05 right_ready=False right_done=False[0m
[self_driving-10] [0m[INFO] [1782540805.928263880] [self_driving]: [CROSSWALK_IGNORE] y=21 < th=180[0m
[self_driving-10] [0m[INFO] [1782540805.929717250] [self_driving]: [DEBUG_DRIVE] state=LINE_FOLLOW raw_lane_x=-1 lane_x=-1 filter=lost linear=0.15 angular=0.00 cw_y=21 right_done=False start_turn=True count_turn=1 traffic=None stop=False[0m
[self_driving-10] [33m[WARN] [1782540806.008126658] [self_driving]: [LANE_LOST] raw_lane_x=-1 lane_x=-1 filter=lost stop=False state=LINE_FOLLOW safe_linear=0.05 right_ready=False right_done=False[0m
[self_driving-10] [0m[INFO] [1782540806.330501343] [self_driving]: [CROSSWALK_SLOW_DONE] return normal speed[0m
[self_driving-10] [0m[INFO] [1782540806.470485306] [self_driving]: [CROSSWALK_IGNORE] y=21 < th=180[0m
[self_driving-10] [0m[INFO] [1782540806.472095565] [self_driving]: [DEBUG_DRIVE] state=LINE_FOLLOW raw_lane_x=-1 lane_x=-1 filter=lost linear=0.30 angular=0.00 cw_y=21 right_done=False start_turn=True count_turn=1 traffic=None stop=False[0m
[self_driving-10] [33m[WARN] [1782540806.527625361] [self_driving]: [LANE_LOST] raw_lane_x=-1 lane_x=-1 filter=lost stop=False state=LINE_FOLLOW safe_linear=0.05 right_ready=False right_done=False[0m
[self_driving-10] [0m[INFO] [1782540806.998589361] [self_driving]: [CROSSWALK_IGNORE] y=21 < th=180[0m
[self_driving-10] [0m[INFO] [1782540806.999336694] [self_driving]: [DEBUG_DRIVE] state=LINE_FOLLOW raw_lane_x=-1 lane_x=-1 filter=lost linear=0.30 angular=0.00 cw_y=21 right_done=False start_turn=True count_turn=1 traffic=None stop=False[0m
[self_driving-10] [33m[WARN] [1782540807.065666324] [self_driving]: [LANE_LOST] raw_lane_x=-1 lane_x=-1 filter=lost stop=False state=LINE_FOLLOW safe_linear=0.05 right_ready=False right_done=False[0m
[self_driving-10] [0m[INFO] [1782540807.199084509] [self_driving]: [IMAGE] received count=421 shape=(480, 640, 3) queue=0[0m
[self_driving-10] [0m[INFO] [1782540807.535597768] [self_driving]: [CROSSWALK_IGNORE] y=21 < th=180[0m
[self_driving-10] [0m[INFO] [1782540807.537534509] [self_driving]: [DEBUG_DRIVE] state=LINE_FOLLOW raw_lane_x=-1 lane_x=-1 filter=lost linear=0.30 angular=0.00 cw_y=21 right_done=False start_turn=True count_turn=1 traffic=None stop=False[0m
[self_driving-10] [33m[WARN] [1782540807.608615064] [self_driving]: [LANE_LOST] raw_lane_x=-1 lane_x=-1 filter=lost stop=False state=LINE_FOLLOW safe_linear=0.05 right_ready=False right_done=False[0m
[self_driving-10] [0m[INFO] [1782540808.082718527] [self_driving]: [CROSSWALK_IGNORE] y=21 < th=180[0m
[self_driving-10] [0m[INFO] [1782540808.084599397] [self_driving]: [DEBUG_DRIVE] state=LINE_FOLLOW raw_lane_x=-1 lane_x=-1 filter=lost linear=0.30 angular=0.00 cw_y=21 right_done=False start_turn=True count_turn=1 traffic=None stop=False[0m
[self_driving-10] [33m[WARN] [1782540808.127489916] [self_driving]: [LANE_LOST] raw_lane_x=-1 lane_x=-1 filter=lost stop=False state=LINE_FOLLOW safe_linear=0.05 right_ready=False right_done=False[0m
[self_driving-10] [0m[INFO] [1782540808.614110175] [self_driving]: [CROSSWALK_IGNORE] y=21 < th=180[0m
[self_driving-10] [0m[INFO] [1782540808.617256027] [self_driving]: [DEBUG_DRIVE] state=LINE_FOLLOW raw_lane_x=-1 lane_x=-1 filter=lost linear=0.30 angular=0.00 cw_y=21 right_done=False start_turn=True count_turn=1 traffic=None stop=False[0m
[self_driving-10] [33m[WARN] [1782540808.671504489] [self_driving]: [LANE_LOST] raw_lane_x=-1 lane_x=-1 filter=lost stop=False state=LINE_FOLLOW safe_linear=0.05 right_ready=False right_done=False[0m
[self_driving-10] [0m[INFO] [1782540809.148540193] [self_driving]: [CROSSWALK_IGNORE] y=21 < th=180[0m
[self_driving-10] [0m[INFO] [1782540809.149499397] [self_driving]: [DEBUG_DRIVE] state=LINE_FOLLOW raw_lane_x=-1 lane_x=-1 filter=lost linear=0.30 angular=0.00 cw_y=21 right_done=False start_turn=True count_turn=1 traffic=None stop=False[0m
[self_driving-10] [0m[INFO] [1782540809.201380397] [self_driving]: [IMAGE] received count=451 shape=(480, 640, 3) queue=0[0m
[self_driving-10] [33m[WARN] [1782540809.208161711] [self_driving]: [LANE_LOST] raw_lane_x=-1 lane_x=-1 filter=lost stop=False state=LINE_FOLLOW safe_linear=0.05 right_ready=False right_done=False[0m
[self_driving-10] [0m[INFO] [1782540809.678716118] [self_driving]: [CROSSWALK_IGNORE] y=21 < th=180[0m
[self_driving-10] [0m[INFO] [1782540809.681125433] [self_driving]: [DEBUG_DRIVE] state=LINE_FOLLOW raw_lane_x=-1 lane_x=-1 filter=lost linear=0.30 angular=0.00 cw_y=21 right_done=False start_turn=True count_turn=1 traffic=None stop=False[0m
[self_driving-10] [33m[WARN] [1782540809.755413952] [self_driving]: [LANE_LOST] raw_lane_x=-1 lane_x=-1 filter=lost stop=False state=LINE_FOLLOW safe_linear=0.05 right_ready=False right_done=False[0m
[self_driving-10] [0m[INFO] [1782540810.229979174] [self_driving]: [CROSSWALK_IGNORE] y=21 < th=180[0m
[self_driving-10] [0m[INFO] [1782540810.231220526] [self_driving]: [DEBUG_DRIVE] state=LINE_FOLLOW raw_lane_x=-1 lane_x=-1 filter=lost linear=0.30 angular=0.00 cw_y=21 right_done=False start_turn=True count_turn=1 traffic=None stop=False[0m
[self_driving-10] [33m[WARN] [1782540810.320612674] [self_driving]: [LANE_LOST] raw_lane_x=-1 lane_x=-1 filter=lost stop=False state=LINE_FOLLOW safe_linear=0.05 right_ready=False right_done=False[0m
[self_driving-10] [0m[INFO] [1782540810.765893766] [self_driving]: [CROSSWALK_IGNORE] y=21 < th=180[0m
[self_driving-10] [0m[INFO] [1782540810.768777822] [self_driving]: [DEBUG_DRIVE] state=LINE_FOLLOW raw_lane_x=-1 lane_x=-1 filter=lost linear=0.30 angular=0.00 cw_y=21 right_done=False start_turn=True count_turn=1 traffic=None stop=False[0m
[self_driving-10] [33m[WARN] [1782540810.821160618] [self_driving]: [LANE_LOST] raw_lane_x=-1 lane_x=-1 filter=lost stop=False state=LINE_FOLLOW safe_linear=0.05 right_ready=False right_done=False[0m
[self_driving-10] [0m[INFO] [1782540811.230109840] [self_driving]: [IMAGE] received count=481 shape=(480, 640, 3) queue=0[0m
[self_driving-10] [0m[INFO] [1782540811.301058766] [self_driving]: [CROSSWALK_IGNORE] y=21 < th=180[0m
[self_driving-10] [0m[INFO] [1782540811.301778766] [self_driving]: [DEBUG_DRIVE] state=LINE_FOLLOW raw_lane_x=-1 lane_x=-1 filter=lost linear=0.30 angular=0.00 cw_y=21 right_done=False start_turn=True count_turn=1 traffic=None stop=False[0m
[self_driving-10] [33m[WARN] [1782540811.371774414] [self_driving]: [LANE_LOST] raw_lane_x=-1 lane_x=-1 filter=lost stop=False state=LINE_FOLLOW safe_linear=0.05 right_ready=False right_done=False[0m
[self_driving-10] [0m[INFO] [1782540811.829543784] [self_driving]: [CROSSWALK_IGNORE] y=21 < th=180[0m
[self_driving-10] [0m[INFO] [1782540811.830635210] [self_driving]: [DEBUG_DRIVE] state=LINE_FOLLOW raw_lane_x=-1 lane_x=-1 filter=lost linear=0.30 angular=0.00 cw_y=21 right_done=False start_turn=True count_turn=1 traffic=None stop=False[0m
[self_driving-10] [33m[WARN] [1782540811.911570728] [self_driving]: [LANE_LOST] raw_lane_x=-1 lane_x=-1 filter=lost stop=False state=LINE_FOLLOW safe_linear=0.05 right_ready=False right_done=False[0m
[self_driving-10] [0m[INFO] [1782540812.380518098] [self_driving]: [CROSSWALK_IGNORE] y=21 < th=180[0m
[self_driving-10] [0m[INFO] [1782540812.382204413] [self_driving]: [DEBUG_DRIVE] state=LINE_FOLLOW raw_lane_x=-1 lane_x=-1 filter=lost linear=0.30 angular=0.00 cw_y=21 right_done=False start_turn=True count_turn=1 traffic=None stop=False[0m
[self_driving-10] [33m[WARN] [1782540812.457741006] [self_driving]: [LANE_LOST] raw_lane_x=-1 lane_x=-1 filter=lost stop=False state=LINE_FOLLOW safe_linear=0.05 right_ready=False right_done=False[0m
[self_driving-10] [0m[INFO] [1782540812.910907728] [self_driving]: [CROSSWALK_IGNORE] y=21 < th=180[0m
[self_driving-10] [0m[INFO] [1782540812.913048468] [self_driving]: [DEBUG_DRIVE] state=LINE_FOLLOW raw_lane_x=-1 lane_x=-1 filter=lost linear=0.30 angular=0.00 cw_y=21 right_done=False start_turn=True count_turn=1 traffic=None stop=False[0m
[self_driving-10] [33m[WARN] [1782540812.977430209] [self_driving]: [LANE_LOST] raw_lane_x=-1 lane_x=-1 filter=lost stop=False state=LINE_FOLLOW safe_linear=0.05 right_ready=False right_done=False[0m
[self_driving-10] [0m[INFO] [1782540813.235623635] [self_driving]: [IMAGE] received count=511 shape=(480, 640, 3) queue=0[0m
[self_driving-10] [0m[INFO] [1782540813.438667098] [self_driving]: [CROSSWALK_IGNORE] y=21 < th=180[0m
[self_driving-10] [0m[INFO] [1782540813.439345894] [self_driving]: [DEBUG_DRIVE] state=LINE_FOLLOW raw_lane_x=-1 lane_x=-1 filter=lost linear=0.30 angular=0.00 cw_y=21 right_done=False start_turn=True count_turn=1 traffic=None stop=False[0m
[self_driving-10] [0m[INFO] [1782540813.463812894] [self_driving]: [OBJECTS] msg_count=7 n=1 names=['crosswalk'][0m
[self_driving-10] [33m[WARN] [1782540813.538870616] [self_driving]: [LANE_LOST] raw_lane_x=-1 lane_x=-1 filter=lost stop=False state=LINE_FOLLOW safe_linear=0.05 right_ready=False right_done=False[0m
[self_driving-10] [0m[INFO] [1782540813.720857153] [self_driving]: [CROSSWALK_SLOW] y=459 th=180 confirm=4[0m
[self_driving-10] [0m[INFO] [1782540813.993152301] [self_driving]: [DEBUG_DRIVE] state=LINE_FOLLOW raw_lane_x=-1 lane_x=-1 filter=lost linear=0.15 angular=0.00 cw_y=459 right_done=False start_turn=True count_turn=1 traffic=None stop=False[0m
[self_driving-10] [33m[WARN] [1782540814.057816968] [self_driving]: [LANE_LOST] raw_lane_x=-1 lane_x=-1 filter=lost stop=False state=LINE_FOLLOW safe_linear=0.05 right_ready=False right_done=False[0m
[self_driving-10] [0m[INFO] [1782540814.523708282] [self_driving]: [DEBUG_DRIVE] state=LINE_FOLLOW raw_lane_x=-1 lane_x=-1 filter=lost linear=0.15 angular=0.00 cw_y=459 right_done=False start_turn=True count_turn=1 traffic=None stop=False[0m
[self_driving-10] [33m[WARN] [1782540814.601639671] [self_driving]: [LANE_LOST] raw_lane_x=-1 lane_x=-1 filter=lost stop=False state=LINE_FOLLOW safe_linear=0.05 right_ready=False right_done=False[0m
[self_driving-10] [0m[INFO] [1782540815.062457597] [self_driving]: [DEBUG_DRIVE] state=LINE_FOLLOW raw_lane_x=-1 lane_x=-1 filter=lost linear=0.15 angular=0.00 cw_y=459 right_done=False start_turn=True count_turn=1 traffic=None stop=False[0m
[self_driving-10] [33m[WARN] [1782540815.128110819] [self_driving]: [LANE_LOST] raw_lane_x=-1 lane_x=-1 filter=lost stop=False state=LINE_FOLLOW safe_linear=0.05 right_ready=False right_done=False[0m
[self_driving-10] [0m[INFO] [1782540815.267176171] [self_driving]: [IMAGE] received count=541 shape=(480, 640, 3) queue=0[0m
[self_driving-10] [0m[INFO] [1782540815.627506004] [self_driving]: [DEBUG_DRIVE] state=LINE_FOLLOW raw_lane_x=-1 lane_x=-1 filter=lost linear=0.15 angular=0.00 cw_y=459 right_done=False start_turn=True count_turn=1 traffic=None stop=False[0m
[self_driving-10] [33m[WARN] [1782540815.678571152] [self_driving]: [LANE_LOST] raw_lane_x=-1 lane_x=-1 filter=lost stop=False state=LINE_FOLLOW safe_linear=0.05 right_ready=False right_done=False[0m
[self_driving-10] [0m[INFO] [1782540816.139957615] [self_driving]: [DEBUG_DRIVE] state=LINE_FOLLOW raw_lane_x=-1 lane_x=-1 filter=lost linear=0.15 angular=0.00 cw_y=459 right_done=False start_turn=True count_turn=1 traffic=None stop=False[0m
[self_driving-10] [33m[WARN] [1782540816.205066448] [self_driving]: [LANE_LOST] raw_lane_x=-1 lane_x=-1 filter=lost stop=False state=LINE_FOLLOW safe_linear=0.05 right_ready=False right_done=False[0m
[self_driving-10] [0m[INFO] [1782540816.423744948] [self_driving]: [CROSSWALK_SLOW_DONE] return normal speed[0m
[self_driving-10] [0m[INFO] [1782540816.671556522] [self_driving]: [CROSSWALK_SLOW] y=459 th=180 confirm=4[0m
[self_driving-10] [0m[INFO] [1782540816.674231225] [self_driving]: [DEBUG_DRIVE] state=LINE_FOLLOW raw_lane_x=-1 lane_x=-1 filter=lost linear=0.15 angular=0.00 cw_y=459 right_done=False start_turn=True count_turn=1 traffic=None stop=False[0m
[self_driving-10] [33m[WARN] [1782540816.752676355] [self_driving]: [LANE_LOST] raw_lane_x=-1 lane_x=-1 filter=lost stop=False state=LINE_FOLLOW safe_linear=0.05 right_ready=False right_done=False[0m
[self_driving-10] [0m[INFO] [1782540817.206352132] [self_driving]: [DEBUG_DRIVE] state=LINE_FOLLOW raw_lane_x=-1 lane_x=-1 filter=lost linear=0.15 angular=0.00 cw_y=459 right_done=False start_turn=True count_turn=1 traffic=None stop=False[0m
[self_driving-10] [0m[INFO] [1782540817.264347244] [self_driving]: [IMAGE] received count=571 shape=(480, 640, 3) queue=0[0m
[self_driving-10] [33m[WARN] [1782540817.273411910] [self_driving]: [LANE_LOST] raw_lane_x=-1 lane_x=-1 filter=lost stop=False state=LINE_FOLLOW safe_linear=0.05 right_ready=False right_done=False[0m
[self_driving-10] [0m[INFO] [1782540817.754663095] [self_driving]: [DEBUG_DRIVE] state=LINE_FOLLOW raw_lane_x=-1 lane_x=-1 filter=lost linear=0.15 angular=0.00 cw_y=459 right_done=False start_turn=True count_turn=1 traffic=None stop=False[0m
[self_driving-10] [33m[WARN] [1782540817.835826447] [self_driving]: [LANE_LOST] raw_lane_x=-1 lane_x=-1 filter=lost stop=False state=LINE_FOLLOW safe_linear=0.05 right_ready=False right_done=False[0m
[self_driving-10] [0m[INFO] [1782540818.279880928] [self_driving]: [DEBUG_DRIVE] state=LINE_FOLLOW raw_lane_x=-1 lane_x=-1 filter=lost linear=0.15 angular=0.00 cw_y=459 right_done=False start_turn=True count_turn=1 traffic=None stop=False[0m
[self_driving-10] [33m[WARN] [1782540818.354096187] [self_driving]: [LANE_LOST] raw_lane_x=-1 lane_x=-1 filter=lost stop=False state=LINE_FOLLOW safe_linear=0.05 right_ready=False right_done=False[0m
[self_driving-10] [0m[INFO] [1782540818.844143206] [self_driving]: [DEBUG_DRIVE] state=LINE_FOLLOW raw_lane_x=-1 lane_x=-1 filter=lost linear=0.15 angular=0.00 cw_y=459 right_done=False start_turn=True count_turn=1 traffic=None stop=False[0m
[self_driving-10] [33m[WARN] [1782540818.889797354] [self_driving]: [LANE_LOST] raw_lane_x=-1 lane_x=-1 filter=lost stop=False state=LINE_FOLLOW safe_linear=0.05 right_ready=False right_done=False[0m
[self_driving-10] [0m[INFO] [1782540819.296091835] [self_driving]: [IMAGE] received count=601 shape=(480, 640, 3) queue=0[0m
[self_driving-10] [0m[INFO] [1782540819.368022483] [self_driving]: [CROSSWALK_SLOW_DONE] return normal speed[0m
[self_driving-10] [0m[INFO] [1782540819.368827946] [self_driving]: [DEBUG_DRIVE] state=LINE_FOLLOW raw_lane_x=-1 lane_x=-1 filter=lost linear=0.15 angular=0.00 cw_y=459 right_done=False start_turn=True count_turn=1 traffic=None stop=False[0m
[self_driving-10] [33m[WARN] [1782540819.435659631] [self_driving]: [LANE_LOST] raw_lane_x=-1 lane_x=-1 filter=lost stop=False state=LINE_FOLLOW safe_linear=0.05 right_ready=False right_done=False[0m
[self_driving-10] [0m[INFO] [1782540819.642303668] [self_driving]: [CROSSWALK_SLOW] y=459 th=180 confirm=4[0m
[self_driving-10] [0m[INFO] [1782540819.881782390] [self_driving]: [DEBUG_DRIVE] state=LINE_FOLLOW raw_lane_x=-1 lane_x=-1 filter=lost linear=0.15 angular=0.00 cw_y=459 right_done=False start_turn=True count_turn=1 traffic=None stop=False[0m
[self_driving-10] [33m[WARN] [1782540819.969982427] [self_driving]: [LANE_LOST] raw_lane_x=-1 lane_x=-1 filter=lost stop=False state=LINE_FOLLOW safe_linear=0.05 right_ready=False right_done=False[0m
[self_driving-10] [0m[INFO] [1782540820.434044427] [self_driving]: [DEBUG_DRIVE] state=LINE_FOLLOW raw_lane_x=-1 lane_x=-1 filter=lost linear=0.15 angular=0.00 cw_y=459 right_done=False start_turn=True count_turn=1 traffic=None stop=False[0m
[self_driving-10] [33m[WARN] [1782540820.527675612] [self_driving]: [LANE_LOST] raw_lane_x=-1 lane_x=-1 filter=lost stop=False state=LINE_FOLLOW safe_linear=0.05 right_ready=False right_done=False[0m
[self_driving-10] [0m[INFO] [1782540820.953822649] [self_driving]: [DEBUG_DRIVE] state=LINE_FOLLOW raw_lane_x=-1 lane_x=-1 filter=lost linear=0.15 angular=0.00 cw_y=459 right_done=False start_turn=True count_turn=1 traffic=None stop=False[0m
[self_driving-10] [33m[WARN] [1782540821.093204593] [self_driving]: [LANE_LOST] raw_lane_x=-1 lane_x=-1 filter=lost stop=False state=LINE_FOLLOW safe_linear=0.05 right_ready=False right_done=False[0m
[self_driving-10] [0m[INFO] [1782540821.318987649] [self_driving]: [IMAGE] received count=627 shape=(480, 640, 3) queue=0[0m
[self_driving-10] [0m[INFO] [1782540821.498440945] [self_driving]: [DEBUG_DRIVE] state=LINE_FOLLOW raw_lane_x=-1 lane_x=-1 filter=lost linear=0.15 angular=0.00 cw_y=459 right_done=False start_turn=True count_turn=1 traffic=None stop=False[0m
[self_driving-10] [33m[WARN] [1782540821.669034371] [self_driving]: [LANE_LOST] raw_lane_x=-1 lane_x=-1 filter=lost stop=False state=LINE_FOLLOW safe_linear=0.05 right_ready=False right_done=False[0m
[self_driving-10] [0m[INFO] [1782540822.012761907] [self_driving]: [DEBUG_DRIVE] state=LINE_FOLLOW raw_lane_x=-1 lane_x=-1 filter=lost linear=0.15 angular=0.00 cw_y=459 right_done=False start_turn=True count_turn=1 traffic=None stop=False[0m
[self_driving-10] [33m[WARN] [1782540822.222114037] [self_driving]: [LANE_LOST] raw_lane_x=-1 lane_x=-1 filter=lost stop=False state=LINE_FOLLOW safe_linear=0.05 right_ready=False right_done=False[0m
[self_driving-10] [0m[INFO] [1782540822.370639278] [self_driving]: [CROSSWALK_SLOW_DONE] return normal speed[0m
[self_driving-10] [0m[INFO] [1782540822.546812389] [self_driving]: [DEBUG_DRIVE] state=LINE_FOLLOW raw_lane_x=-1 lane_x=-1 filter=lost linear=0.30 angular=0.00 cw_y=459 right_done=False start_turn=True count_turn=1 traffic=None stop=False[0m
[self_driving-10] [0m[INFO] [1782540822.718811277] [self_driving]: [CROSSWALK_SLOW] y=459 th=180 confirm=4[0m
[self_driving-10] [33m[WARN] [1782540822.778951518] [self_driving]: [LANE_LOST] raw_lane_x=-1 lane_x=-1 filter=lost stop=False state=LINE_FOLLOW safe_linear=0.05 right_ready=False right_done=False[0m
[self_driving-10] [0m[INFO] [1782540823.046097425] [self_driving]: [DEBUG_DRIVE] state=LINE_FOLLOW raw_lane_x=-1 lane_x=-1 filter=lost linear=0.15 angular=0.00 cw_y=459 right_done=False start_turn=True count_turn=1 traffic=None stop=False[0m
[self_driving-10] [0m[INFO] [1782540823.366108573] [self_driving]: [IMAGE] received count=652 shape=(480, 640, 3) queue=0[0m
[self_driving-10] [33m[WARN] [1782540823.375618110] [self_driving]: [LANE_LOST] raw_lane_x=-1 lane_x=-1 filter=lost stop=False state=LINE_FOLLOW safe_linear=0.05 right_ready=False right_done=False[0m
[self_driving-10] [0m[INFO] [1782540823.590760110] [self_driving]: [DEBUG_DRIVE] state=LINE_FOLLOW raw_lane_x=-1 lane_x=-1 filter=lost linear=0.15 angular=0.00 cw_y=459 right_done=False start_turn=True count_turn=1 traffic=None stop=False[0m
[self_driving-10] [33m[WARN] [1782540823.908023703] [self_driving]: [LANE_LOST] raw_lane_x=-1 lane_x=-1 filter=lost stop=False state=LINE_FOLLOW safe_linear=0.05 right_ready=False right_done=False[0m
[self_driving-10] [0m[INFO] [1782540824.157018480] [self_driving]: [DEBUG_DRIVE] state=LINE_FOLLOW raw_lane_x=-1 lane_x=-1 filter=lost linear=0.15 angular=0.00 cw_y=459 right_done=False start_turn=True count_turn=1 traffic=None stop=False[0m
[self_driving-10] [33m[WARN] [1782540824.409692443] [self_driving]: [LANE_LOST] raw_lane_x=-1 lane_x=-1 filter=lost stop=False state=LINE_FOLLOW safe_linear=0.05 right_ready=False right_done=False[0m
[self_driving-10] [0m[INFO] [1782540824.722026554] [self_driving]: [DEBUG_DRIVE] state=LINE_FOLLOW raw_lane_x=-1 lane_x=-1 filter=lost linear=0.15 angular=0.00 cw_y=459 right_done=False start_turn=True count_turn=1 traffic=None stop=False[0m
[self_driving-10] [33m[WARN] [1782540824.962452220] [self_driving]: [LANE_LOST] raw_lane_x=-1 lane_x=-1 filter=lost stop=False state=LINE_FOLLOW safe_linear=0.05 right_ready=False right_done=False[0m
[self_driving-10] [0m[INFO] [1782540825.280661683] [self_driving]: [DEBUG_DRIVE] state=LINE_FOLLOW raw_lane_x=-1 lane_x=-1 filter=lost linear=0.15 angular=0.00 cw_y=459 right_done=False start_turn=True count_turn=1 traffic=None stop=False[0m
[self_driving-10] [0m[INFO] [1782540825.383254442] [self_driving]: [IMAGE] received count=677 shape=(480, 640, 3) queue=0[0m
[self_driving-10] [0m[INFO] [1782540825.400382794] [self_driving]: [CROSSWALK_SLOW_DONE] return normal speed[0m
[self_driving-10] [33m[WARN] [1782540825.511438702] [self_driving]: [LANE_LOST] raw_lane_x=-1 lane_x=-1 filter=lost stop=False state=LINE_FOLLOW safe_linear=0.05 right_ready=False right_done=False[0m
[self_driving-10] [0m[INFO] [1782540825.682902424] [self_driving]: [CROSSWALK_SLOW] y=459 th=180 confirm=4[0m
[self_driving-10] [0m[INFO] [1782540825.853411072] [self_driving]: [DEBUG_DRIVE] state=LINE_FOLLOW raw_lane_x=-1 lane_x=-1 filter=lost linear=0.15 angular=0.00 cw_y=459 right_done=False start_turn=True count_turn=1 traffic=None stop=False[0m
[self_driving-10] [33m[WARN] [1782540826.079410849] [self_driving]: [LANE_LOST] raw_lane_x=-1 lane_x=-1 filter=lost stop=False state=LINE_FOLLOW safe_linear=0.05 right_ready=False right_done=False[0m
[self_driving-10] [0m[INFO] [1782540826.402231868] [self_driving]: [DEBUG_DRIVE] state=LINE_FOLLOW raw_lane_x=-1 lane_x=-1 filter=lost linear=0.15 angular=0.00 cw_y=459 right_done=False start_turn=True count_turn=1 traffic=None stop=False[0m
[self_driving-10] [33m[WARN] [1782540826.648218534] [self_driving]: [LANE_LOST] raw_lane_x=-1 lane_x=-1 filter=lost stop=False state=LINE_FOLLOW safe_linear=0.05 right_ready=False right_done=False[0m
[self_driving-10] [0m[INFO] [1782540826.966889997] [self_driving]: [DEBUG_DRIVE] state=LINE_FOLLOW raw_lane_x=-1 lane_x=-1 filter=lost linear=0.15 angular=0.00 cw_y=459 right_done=False start_turn=True count_turn=1 traffic=None stop=False[0m
[self_driving-10] [33m[WARN] [1782540827.227165941] [self_driving]: [LANE_LOST] raw_lane_x=-1 lane_x=-1 filter=lost stop=False state=LINE_FOLLOW safe_linear=0.05 right_ready=False right_done=False[0m
[self_driving-10] [0m[INFO] [1782540827.443112886] [self_driving]: [IMAGE] received count=703 shape=(480, 640, 3) queue=0[0m
[self_driving-10] [0m[INFO] [1782540827.541843978] [self_driving]: [DEBUG_DRIVE] state=LINE_FOLLOW raw_lane_x=-1 lane_x=-1 filter=lost linear=0.15 angular=0.00 cw_y=459 right_done=False start_turn=True count_turn=1 traffic=None stop=False[0m
[self_driving-10] [33m[WARN] [1782540827.777306645] [self_driving]: [LANE_LOST] raw_lane_x=-1 lane_x=-1 filter=lost stop=False state=LINE_FOLLOW safe_linear=0.05 right_ready=False right_done=False[0m
[self_driving-10] [0m[INFO] [1782540828.108360848] [self_driving]: [DEBUG_DRIVE] state=LINE_FOLLOW raw_lane_x=-1 lane_x=-1 filter=lost linear=0.15 angular=0.00 cw_y=459 right_done=False start_turn=True count_turn=1 traffic=None stop=False[0m
[self_driving-10] [0m[INFO] [1782540828.197534367] [self_driving]: [OBJECTS] msg_count=8 n=1 names=['crosswalk'][0m
[self_driving-10] [0m[INFO] [1782540828.387133367] [self_driving]: [CROSSWALK_SLOW_DONE] return normal speed[0m
[self_driving-10] [0m[INFO] [1782540828.644220366] [self_driving]: [CROSSWALK_SLOW] y=460 th=180 confirm=4[0m
[self_driving-10] [0m[INFO] [1782540828.646272996] [self_driving]: [DEBUG_DRIVE] state=LINE_FOLLOW raw_lane_x=150.0 lane_x=150.0 filter=stable linear=0.15 angular=-0.10 cw_y=460 right_done=False start_turn=False count_turn=0 traffic=None stop=False[0m
[self_driving-10] [33m[WARN] [1782540828.716356570] [self_driving]: [LANE_X_JUMP_REJECT] raw=57.0 last=150.0 diff=93.0 candidate=57.0 cnt=1/4[0m
[self_driving-10] [0m[INFO] [1782540828.911951329] [self_driving]: [LANE_X_JUMP_ACCEPT] raw=48.5 last=48.5 cnt=4/4[0m
[self_driving-10] [0m[INFO] [1782540829.178226274] [self_driving]: [DEBUG_DRIVE] state=LINE_FOLLOW raw_lane_x=53.0 lane_x=53.0 filter=stable linear=0.15 angular=0.10 cw_y=460 right_done=False start_turn=False count_turn=0 traffic=None stop=False[0m
[self_driving-10] [0m[INFO] [1782540829.273908773] [self_driving]: [OBJECTS] msg_count=9 n=1 names=['crosswalk'][0m
[self_driving-10] [0m[INFO] [1782540829.520965440] [self_driving]: [IMAGE] received count=732 shape=(480, 640, 3) queue=0[0m
[self_driving-10] [0m[INFO] [1782540829.731956440] [self_driving]: [DEBUG_DRIVE] state=LINE_FOLLOW raw_lane_x=90.5 lane_x=90.5 filter=stable linear=0.15 angular=0.10 cw_y=203 right_done=False start_turn=False count_turn=0 traffic=None stop=False[0m
[self_driving-10] [0m[INFO] [1782540829.995817403] [self_driving]: [OBJECTS] msg_count=13 n=1 names=['crosswalk'][0m
[self_driving-10] [0m[INFO] [1782540830.262136662] [self_driving]: [DEBUG_DRIVE] state=LINE_FOLLOW raw_lane_x=132.5 lane_x=132.5 filter=stable linear=0.15 angular=-0.10 cw_y=182 right_done=False start_turn=False count_turn=0 traffic=None stop=False[0m
[self_driving-10] [0m[INFO] [1782540830.750874143] [self_driving]: [OBJECTS] msg_count=17 n=1 names=['crosswalk'][0m
[self_driving-10] [0m[INFO] [1782540830.808365828] [self_driving]: [CROSSWALK_IGNORE] y=15 < th=180[0m
[self_driving-10] [0m[INFO] [1782540830.809457865] [self_driving]: [DEBUG_DRIVE] state=LINE_FOLLOW raw_lane_x=136.0 lane_x=136.0 filter=stable linear=0.15 angular=-0.10 cw_y=15 right_done=False start_turn=False count_turn=0 traffic=None stop=False[0m
[self_driving-10] [0m[INFO] [1782540831.346201420] [self_driving]: [CROSSWALK_IGNORE] y=10 < th=180[0m
[self_driving-10] [0m[INFO] [1782540831.348859346] [self_driving]: [CROSSWALK_SLOW_DONE] return normal speed[0m
[self_driving-10] [0m[INFO] [1782540831.349572031] [self_driving]: [DEBUG_DRIVE] state=LINE_FOLLOW raw_lane_x=138.5 lane_x=138.5 filter=stable linear=0.15 angular=-0.10 cw_y=10 right_done=False start_turn=False count_turn=0 traffic=None stop=False[0m
[self_driving-10] [0m[INFO] [1782540831.485830050] [self_driving]: [OBJECTS] msg_count=23 n=1 names=['crosswalk'][0m
[self_driving-10] [0m[INFO] [1782540831.540210883] [self_driving]: [IMAGE] received count=762 shape=(480, 640, 3) queue=0[0m
[self_driving-10] [0m[INFO] [1782540831.872985420] [self_driving]: [CROSSWALK_IGNORE] y=9 < th=180[0m
[self_driving-10] [0m[INFO] [1782540831.873615809] [self_driving]: [DEBUG_DRIVE] state=LINE_FOLLOW raw_lane_x=128.5 lane_x=128.5 filter=stable linear=0.30 angular=0.10 cw_y=9 right_done=False start_turn=False count_turn=0 traffic=None stop=False[0m
[self_driving-10] [0m[INFO] [1782540832.202852272] [self_driving]: [OBJECTS] msg_count=26 n=1 names=['crosswalk'][0m
[self_driving-10] [0m[INFO] [1782540832.419318846] [self_driving]: [CROSSWALK_IGNORE] y=9 < th=180[0m
[self_driving-10] [0m[INFO] [1782540832.420180068] [self_driving]: [DEBUG_DRIVE] state=LINE_FOLLOW raw_lane_x=149.0 lane_x=149.0 filter=stable linear=0.30 angular=-0.10 cw_y=9 right_done=False start_turn=False count_turn=0 traffic=None stop=False[0m
[self_driving-10] [0m[INFO] [1782540832.917051216] [self_driving]: [OBJECTS] msg_count=30 n=1 names=['crosswalk'][0m
[self_driving-10] [0m[INFO] [1782540832.971265845] [self_driving]: [CROSSWALK_IGNORE] y=4 < th=180[0m
[self_driving-10] [0m[INFO] [1782540832.974977623] [self_driving]: [DEBUG_DRIVE] state=LINE_FOLLOW raw_lane_x=131.0 lane_x=131.0 filter=stable linear=0.30 angular=0.10 cw_y=4 right_done=False start_turn=False count_turn=0 traffic=None stop=False[0m
[self_driving-10] [0m[INFO] [1782540833.484876289] [self_driving]: [CROSSWALK_SLOW] y=222 th=180 confirm=4[0m
[self_driving-10] [0m[INFO] [1782540833.487115419] [self_driving]: [DEBUG_DRIVE] state=LINE_FOLLOW raw_lane_x=129.0 lane_x=129.0 filter=stable linear=0.15 angular=0.10 cw_y=222 right_done=False start_turn=False count_turn=0 traffic=None stop=False[0m
[self_driving-10] [0m[INFO] [1782540833.553289586] [self_driving]: [IMAGE] received count=792 shape=(480, 640, 3) queue=0[0m
[self_driving-10] [0m[INFO] [1782540833.653509160] [self_driving]: [OBJECTS] msg_count=34 n=1 names=['crosswalk'][0m
[self_driving-10] [0m[INFO] [1782540834.018292160] [self_driving]: [DEBUG_DRIVE] state=LINE_FOLLOW raw_lane_x=138.0 lane_x=138.0 filter=stable linear=0.15 angular=-0.10 cw_y=264 right_done=False start_turn=False count_turn=0 traffic=None stop=False[0m
[self_driving-10] [0m[INFO] [1782540834.395758419] [self_driving]: [OBJECTS] msg_count=36 n=1 names=['crosswalk'][0m
[self_driving-10] [0m[INFO] [1782540834.555308030] [self_driving]: [DEBUG_DRIVE] state=LINE_FOLLOW raw_lane_x=131.0 lane_x=131.0 filter=stable linear=0.15 angular=-0.10 cw_y=308 right_done=False start_turn=False count_turn=0 traffic=None stop=False[0m
[self_driving-10] [0m[INFO] [1782540835.102464233] [self_driving]: [DEBUG_DRIVE] state=LINE_FOLLOW raw_lane_x=131.0 lane_x=131.0 filter=stable linear=0.15 angular=-0.10 cw_y=370 right_done=False start_turn=False count_turn=0 traffic=None stop=False[0m
[self_driving-10] [0m[INFO] [1782540835.109941103] [self_driving]: [OBJECTS] msg_count=38 n=1 names=['crosswalk'][0m
[self_driving-10] [0m[INFO] [1782540835.561372399] [self_driving]: [IMAGE] received count=822 shape=(480, 640, 3) queue=0[0m
[self_driving-10] [0m[INFO] [1782540835.626949955] [self_driving]: [DEBUG_DRIVE] state=LINE_FOLLOW raw_lane_x=131.5 lane_x=131.5 filter=stable linear=0.15 angular=-0.10 cw_y=435 right_done=False start_turn=False count_turn=0 traffic=None stop=False[0m
[self_driving-10] [0m[INFO] [1782540835.817264084] [self_driving]: [OBJECTS] msg_count=40 n=1 names=['crosswalk'][0m
[self_driving-10] [0m[INFO] [1782540836.179908306] [self_driving]: [CROSSWALK_SLOW_DONE] return normal speed[0m
[self_driving-10] [0m[INFO] [1782540836.181549603] [self_driving]: [DEBUG_DRIVE] state=LINE_FOLLOW raw_lane_x=130.0 lane_x=130.0 filter=stable linear=0.15 angular=0.10 cw_y=471 right_done=False start_turn=False count_turn=0 traffic=None stop=False[0m
[self_driving-10] [0m[INFO] [1782540836.435534343] [self_driving]: [CROSSWALK_SLOW] y=471 th=180 confirm=4[0m
[self_driving-10] [0m[INFO] [1782540836.596481917] [self_driving]: [OBJECTS] msg_count=41 n=1 names=['crosswalk'][0m
[self_driving-10] [0m[INFO] [1782540836.723956288] [self_driving]: [DEBUG_DRIVE] state=LINE_FOLLOW raw_lane_x=135.5 lane_x=135.5 filter=stable linear=0.15 angular=-0.10 cw_y=396 right_done=False start_turn=False count_turn=0 traffic=None stop=False[0m
[self_driving-10] [0m[INFO] [1782540837.259080824] [self_driving]: [DEBUG_DRIVE] state=LINE_FOLLOW raw_lane_x=132.0 lane_x=132.0 filter=stable linear=0.15 angular=-0.10 cw_y=396 right_done=False start_turn=False count_turn=0 traffic=None stop=False[0m
[self_driving-10] [0m[INFO] [1782540837.578571361] [self_driving]: [IMAGE] received count=852 shape=(480, 640, 3) queue=0[0m
[self_driving-10] [0m[INFO] [1782540837.785566287] [self_driving]: [DEBUG_DRIVE] state=LINE_FOLLOW raw_lane_x=127.0 lane_x=127.0 filter=stable linear=0.15 angular=-0.10 cw_y=396 right_done=False start_turn=False count_turn=0 traffic=None stop=False[0m
[self_driving-10] [0m[INFO] [1782540838.329211694] [self_driving]: [DEBUG_DRIVE] state=LINE_FOLLOW raw_lane_x=124.0 lane_x=124.0 filter=stable linear=0.15 angular=0.10 cw_y=396 right_done=False start_turn=False count_turn=0 traffic=None stop=False[0m
[self_driving-10] [0m[INFO] [1782540838.884350731] [self_driving]: [DEBUG_DRIVE] state=LINE_FOLLOW raw_lane_x=132.0 lane_x=132.0 filter=stable linear=0.15 angular=0.10 cw_y=396 right_done=False start_turn=False count_turn=0 traffic=None stop=False[0m
[self_driving-10] [0m[INFO] [1782540839.133083712] [self_driving]: [CROSSWALK_SLOW_DONE] return normal speed[0m
[self_driving-10] [0m[INFO] [1782540839.157659545] [self_driving]: [OBJECTS] msg_count=42 n=1 names=['crosswalk'][0m
[self_driving-10] [0m[INFO] [1782540839.403910286] [self_driving]: [CROSSWALK_SLOW] y=417 th=180 confirm=4[0m
[self_driving-10] [0m[INFO] [1782540839.408927619] [self_driving]: [DEBUG_DRIVE] state=LINE_FOLLOW raw_lane_x=141.0 lane_x=141.0 filter=stable linear=0.15 angular=-0.10 cw_y=417 right_done=False start_turn=False count_turn=0 traffic=None stop=False[0m
[self_driving-10] [0m[INFO] [1782540839.609290101] [self_driving]: [IMAGE] received count=882 shape=(480, 640, 3) queue=0[0m
[self_driving-10] [0m[INFO] [1782540839.923591212] [self_driving]: [DEBUG_DRIVE] state=LINE_FOLLOW raw_lane_x=154.5 lane_x=154.5 filter=stable linear=0.15 angular=-0.10 cw_y=417 right_done=False start_turn=False count_turn=0 traffic=None stop=False[0m
[self_driving-10] [0m[INFO] [1782540840.490379637] [self_driving]: [DEBUG_DRIVE] state=LINE_FOLLOW raw_lane_x=202.5 lane_x=202.5 filter=stable linear=0.15 angular=-0.45 cw_y=417 right_done=False start_turn=False count_turn=1 traffic=None stop=False[0m
[self_driving-10] [0m[INFO] [1782540841.001606229] [self_driving]: [DEBUG_DRIVE] state=LINE_FOLLOW raw_lane_x=200.5 lane_x=200.5 filter=stable linear=0.15 angular=-0.45 cw_y=417 right_done=False start_turn=False count_turn=1 traffic=None stop=False[0m
[self_driving-10] [33m[WARN] [1782540841.475300155] [self_driving]: [LANE_X_JUMP_REJECT] raw=118.5 last=292.0 diff=173.5 candidate=118.5 cnt=1/4[0m
[self_driving-10] [0m[INFO] [1782540841.549287248] [self_driving]: [DEBUG_DRIVE] state=LINE_FOLLOW raw_lane_x=119.5 lane_x=292.0 filter=jump_reject linear=0.15 angular=-0.45 cw_y=417 right_done=False start_turn=True count_turn=3 traffic=None stop=False[0m
[self_driving-10] [0m[INFO] [1782540841.611971544] [self_driving]: [IMAGE] received count=912 shape=(480, 640, 3) queue=0[0m
[self_driving-10] [0m[INFO] [1782540841.683840507] [self_driving]: [LANE_X_JUMP_ACCEPT] raw=153.5 last=153.5 cnt=4/4[0m
[self_driving-10] [0m[INFO] [1782540842.098940173] [self_driving]: [CROSSWALK_SLOW_DONE] return normal speed[0m
[self_driving-10] [0m[INFO] [1782540842.102189118] [self_driving]: [DEBUG_DRIVE] state=LINE_FOLLOW raw_lane_x=223.5 lane_x=223.5 filter=stable linear=0.15 angular=-0.45 cw_y=417 right_done=False start_turn=True count_turn=2 traffic=None stop=False[0m
[self_driving-10] [0m[INFO] [1782540842.358458136] [self_driving]: [CROSSWALK_SLOW] y=417 th=180 confirm=4[0m
[self_driving-10] [33m[WARN] [1782540842.500656599] [self_driving]: [LANE_X_JUMP_REJECT] raw=223.5 last=305.5 diff=82.0 candidate=223.5 cnt=1/4[0m
[self_driving-10] [0m[INFO] [1782540842.632828080] [self_driving]: [DEBUG_DRIVE] state=LINE_FOLLOW raw_lane_x=263.0 lane_x=263.0 filter=stable linear=0.15 angular=-0.45 cw_y=417 right_done=False start_turn=True count_turn=10 traffic=None stop=False[0m
[self_driving-10] [0m[INFO] [1782540843.171411561] [self_driving]: [DEBUG_DRIVE] state=LINE_FOLLOW raw_lane_x=312.0 lane_x=312.0 filter=stable linear=0.15 angular=-0.45 cw_y=417 right_done=False start_turn=True count_turn=18 traffic=None stop=False[0m
[self_driving-10] [0m[INFO] [1782540843.641009450] [self_driving]: [IMAGE] received count=942 shape=(480, 640, 3) queue=0[0m
[self_driving-10] [0m[INFO] [1782540843.707549302] [self_driving]: [DEBUG_DRIVE] state=LINE_FOLLOW raw_lane_x=273.5 lane_x=273.5 filter=stable linear=0.15 angular=-0.45 cw_y=417 right_done=False start_turn=True count_turn=26 traffic=None stop=False[0m
[self_driving-10] [0m[INFO] [1782540844.252134487] [self_driving]: [DEBUG_DRIVE] state=LINE_FOLLOW raw_lane_x=231.5 lane_x=231.5 filter=stable linear=0.15 angular=-0.45 cw_y=417 right_done=False start_turn=True count_turn=34 traffic=None stop=False[0m
[self_driving-10] [0m[INFO] [1782540844.585018653] [self_driving]: [OBJECTS] msg_count=44 n=1 names=['crosswalk'][0m
[self_driving-10] [0m[INFO] [1782540844.771045875] [self_driving]: [CROSSWALK_IGNORE] y=175 < th=180[0m
[self_driving-10] [0m[INFO] [1782540844.772074412] [self_driving]: [DEBUG_DRIVE] state=LINE_FOLLOW raw_lane_x=137.5 lane_x=137.5 filter=stable linear=0.15 angular=0.10 cw_y=175 right_done=False start_turn=False count_turn=0 traffic=None stop=False[0m
[self_driving-10] [0m[INFO] [1782540845.047333486] [self_driving]: [CROSSWALK_SLOW_DONE] return normal speed[0m
[self_driving-10] [0m[INFO] [1782540845.308285505] [self_driving]: [CROSSWALK_IGNORE] y=176 < th=180[0m
[self_driving-10] [0m[INFO] [1782540845.309028523] [self_driving]: [DEBUG_DRIVE] state=LINE_FOLLOW raw_lane_x=145.5 lane_x=145.5 filter=stable linear=0.30 angular=-0.10 cw_y=176 right_done=False start_turn=False count_turn=0 traffic=None stop=False[0m
[self_driving-10] [0m[INFO] [1782540845.314976319] [self_driving]: [OBJECTS] msg_count=48 n=1 names=['crosswalk'][0m
[self_driving-10] [0m[INFO] [1782540845.736087393] [self_driving]: [IMAGE] received count=973 shape=(480, 640, 3) queue=0[0m
[self_driving-10] [0m[INFO] [1782540845.847862801] [self_driving]: [CROSSWALK_IGNORE] y=177 < th=180[0m
[self_driving-10] [0m[INFO] [1782540845.848640856] [self_driving]: [DEBUG_DRIVE] state=LINE_FOLLOW raw_lane_x=138.5 lane_x=138.5 filter=stable linear=0.30 angular=-0.10 cw_y=177 right_done=False start_turn=False count_turn=0 traffic=None stop=False[0m
[self_driving-10] [0m[INFO] [1782540846.029883689] [self_driving]: [OBJECTS] msg_count=52 n=1 names=['go'][0m
[self_driving-10] [0m[INFO] [1782540846.380963708] [self_driving]: [CROSSWALK_IGNORE] y=178 < th=180[0m
[self_driving-10] [0m[INFO] [1782540846.382812374] [self_driving]: [DEBUG_DRIVE] state=LINE_FOLLOW raw_lane_x=124.5 lane_x=124.5 filter=stable linear=0.30 angular=0.10 cw_y=178 right_done=False start_turn=False count_turn=0 traffic=None stop=False[0m
[self_driving-10] [0m[INFO] [1782540846.647683282] [self_driving]: [CROSSWALK_SLOW] y=180 th=180 confirm=4[0m
[self_driving-10] [0m[INFO] [1782540846.757565615] [self_driving]: [OBJECTS] msg_count=57 n=1 names=['go'][0m
[self_driving-10] [0m[INFO] [1782540846.920135041] [self_driving]: [DEBUG_DRIVE] state=LINE_FOLLOW raw_lane_x=133.0 lane_x=133.0 filter=stable linear=0.15 angular=-0.10 cw_y=183 right_done=False start_turn=False count_turn=0 traffic=None stop=False[0m
[self_driving-10] [0m[INFO] [1782540847.455935781] [self_driving]: [DEBUG_DRIVE] state=LINE_FOLLOW raw_lane_x=116.5 lane_x=116.5 filter=stable linear=0.15 angular=0.10 cw_y=188 right_done=False start_turn=False count_turn=0 traffic=None stop=False[0m
[self_driving-10] [0m[INFO] [1782540847.492690948] [self_driving]: [OBJECTS] msg_count=62 n=1 names=['crosswalk'][0m
[self_driving-10] [0m[INFO] [1782540847.804238040] [self_driving]: [IMAGE] received count=1004 shape=(480, 640, 3) queue=0[0m
[self_driving-10] [0m[INFO] [1782540848.009238244] [self_driving]: [DEBUG_DRIVE] state=LINE_FOLLOW raw_lane_x=144.0 lane_x=144.0 filter=stable linear=0.15 angular=-0.10 cw_y=197 right_done=False start_turn=False count_turn=0 traffic=None stop=False[0m
[self_driving-10] [0m[INFO] [1782540848.214715392] [self_driving]: [OBJECTS] msg_count=67 n=1 names=['crosswalk'][0m
[self_driving-10] [0m[INFO] [1782540848.542446540] [self_driving]: [DEBUG_DRIVE] state=LINE_FOLLOW raw_lane_x=129.5 lane_x=129.5 filter=stable linear=0.15 angular=0.10 cw_y=201 right_done=False start_turn=False count_turn=0 traffic=None stop=False[0m
[self_driving-10] [0m[INFO] [1782540848.966100521] [self_driving]: [OBJECTS] msg_count=73 n=1 names=['crosswalk'][0m
[self_driving-10] [0m[INFO] [1782540849.069501132] [self_driving]: [DEBUG_DRIVE] state=LINE_FOLLOW raw_lane_x=118.5 lane_x=118.5 filter=stable linear=0.15 angular=-0.10 cw_y=357 right_done=False start_turn=False count_turn=0 traffic=None stop=False[0m
[self_driving-10] [0m[INFO] [1782540849.366796761] [self_driving]: [CROSSWALK_SLOW_DONE] return normal speed[0m
[self_driving-10] [0m[INFO] [1782540849.615121224] [self_driving]: [CROSSWALK_SLOW] y=406 th=180 confirm=4[0m
[self_driving-10] [0m[INFO] [1782540849.617575984] [self_driving]: [DEBUG_DRIVE] state=LINE_FOLLOW raw_lane_x=159.0 lane_x=159.0 filter=stable linear=0.15 angular=-0.10 cw_y=406 right_done=False start_turn=False count_turn=0 traffic=None stop=False[0m
[self_driving-10] [0m[INFO] [1782540849.689680132] [self_driving]: [OBJECTS] msg_count=78 n=1 names=['crosswalk'][0m
[self_driving-10] [0m[INFO] [1782540849.808452650] [self_driving]: [IMAGE] received count=1034 shape=(480, 640, 3) queue=0[0m
[self_driving-10] [0m[INFO] [1782540850.151968594] [self_driving]: [DEBUG_DRIVE] state=LINE_FOLLOW raw_lane_x=162.5 lane_x=162.5 filter=stable linear=0.15 angular=-0.10 cw_y=465 right_done=False start_turn=False count_turn=0 traffic=None stop=False[0m
[self_driving-10] [0m[INFO] [1782540850.410744113] [self_driving]: [OBJECTS] msg_count=83 n=1 names=['crosswalk'][0m
[self_driving-10] [0m[INFO] [1782540850.696603057] [self_driving]: [DEBUG_DRIVE] state=LINE_FOLLOW raw_lane_x=133.0 lane_x=133.0 filter=stable linear=0.15 angular=0.10 cw_y=0 right_done=False start_turn=False count_turn=0 traffic=None stop=False[0m
[self_driving-10] [0m[INFO] [1782540851.151217501] [self_driving]: [OBJECTS] msg_count=87 n=1 names=['crosswalk'][0m
[self_driving-10] [0m[INFO] [1782540851.233999094] [self_driving]: [DEBUG_DRIVE] state=LINE_FOLLOW raw_lane_x=177.0 lane_x=177.0 filter=stable linear=0.15 angular=-0.10 cw_y=0 right_done=False start_turn=False count_turn=0 traffic=None stop=False[0m
[self_driving-10] [0m[INFO] [1782540851.764594093] [self_driving]: [DEBUG_DRIVE] state=LINE_FOLLOW raw_lane_x=121.0 lane_x=121.0 filter=stable linear=0.15 angular=0.10 cw_y=0 right_done=False start_turn=False count_turn=0 traffic=None stop=False[0m
[self_driving-10] [0m[INFO] [1782540851.836501186] [self_driving]: [IMAGE] received count=1064 shape=(480, 640, 3) queue=0[0m
[self_driving-10] [0m[INFO] [1782540851.871874279] [self_driving]: [OBJECTS] msg_count=91 n=1 names=['crosswalk'][0m
[self_driving-10] [0m[INFO] [1782540852.317893315] [self_driving]: [CROSSWALK_SLOW_DONE] return normal speed[0m
[self_driving-10] [0m[INFO] [1782540852.318537352] [self_driving]: [DEBUG_DRIVE] state=LINE_FOLLOW raw_lane_x=137.5 lane_x=137.5 filter=stable linear=0.15 angular=-0.10 cw_y=0 right_done=False start_turn=False count_turn=0 traffic=None stop=False[0m
[self_driving-10] [0m[INFO] [1782540852.580996760] [self_driving]: [OBJECTS] msg_count=95 n=1 names=['crosswalk'][0m
[self_driving-10] [0m[INFO] [1782540852.827808685] [self_driving]: [DEBUG_DRIVE] state=LINE_FOLLOW raw_lane_x=126.5 lane_x=126.5 filter=stable linear=0.30 angular=0.10 cw_y=0 right_done=False start_turn=False count_turn=0 traffic=None stop=False[0m
[self_driving-10] [0m[INFO] [1782540853.334047148] [self_driving]: [OBJECTS] msg_count=99 n=1 names=['crosswalk'][0m
[self_driving-10] [0m[INFO] [1782540853.388166796] [self_driving]: [DEBUG_DRIVE] state=LINE_FOLLOW raw_lane_x=127.5 lane_x=127.5 filter=stable linear=0.30 angular=0.10 cw_y=0 right_done=False start_turn=False count_turn=0 traffic=None stop=False[0m
[self_driving-10] [0m[INFO] [1782540853.912670666] [self_driving]: [IMAGE] received count=1095 shape=(480, 640, 3) queue=0[0m
[self_driving-10] [0m[INFO] [1782540853.918575462] [self_driving]: [DEBUG_DRIVE] state=LINE_FOLLOW raw_lane_x=134.5 lane_x=134.5 filter=stable linear=0.30 angular=-0.10 cw_y=0 right_done=False start_turn=False count_turn=0 traffic=None stop=False[0m
[self_driving-10] [0m[INFO] [1782540854.397434536] [self_driving]: [OBJECTS] msg_count=101 n=1 names=['crosswalk'][0m
[self_driving-10] [0m[INFO] [1782540854.459063444] [self_driving]: [DEBUG_DRIVE] state=LINE_FOLLOW raw_lane_x=174.5 lane_x=174.5 filter=stable linear=0.30 angular=-0.10 cw_y=346 right_done=False start_turn=False count_turn=0 traffic=None stop=False[0m
[self_driving-10] [0m[INFO] [1782540854.648588481] [self_driving]: [CROSSWALK_SLOW] y=346 th=180 confirm=4[0m
[self_driving-10] [0m[INFO] [1782540854.988938795] [self_driving]: [DEBUG_DRIVE] state=LINE_FOLLOW raw_lane_x=246.5 lane_x=246.5 filter=stable linear=0.15 angular=-0.45 cw_y=346 right_done=False start_turn=True count_turn=2 traffic=None stop=False[0m
[self_driving-10] [33m[WARN] [1782540855.331281962] [self_driving]: [LANE_X_JUMP_REJECT] raw=117.0 last=297.0 diff=180.0 candidate=117.0 cnt=1/4[0m
[self_driving-10] [0m[INFO] [1782540855.546527165] [self_driving]: [LANE_X_JUMP_ACCEPT] raw=151.5 last=151.5 cnt=4/4[0m
[self_driving-10] [0m[INFO] [1782540855.549538406] [self_driving]: [DEBUG_DRIVE] state=LINE_FOLLOW raw_lane_x=151.5 lane_x=151.5 filter=jump_accept linear=0.15 angular=0.00 cw_y=346 right_done=False start_turn=True count_turn=0 traffic=None stop=False[0m
[self_driving-10] [0m[INFO] [1782540855.933633202] [self_driving]: [IMAGE] received count=1125 shape=(480, 640, 3) queue=0[0m
[self_driving-10] [0m[INFO] [1782540856.070015628] [self_driving]: [DEBUG_DRIVE] state=LINE_FOLLOW raw_lane_x=260.0 lane_x=260.0 filter=stable linear=0.15 angular=-0.45 cw_y=346 right_done=False start_turn=True count_turn=4 traffic=None stop=False[0m
[self_driving-10] [0m[INFO] [1782540856.610547461] [self_driving]: [DEBUG_DRIVE] state=LINE_FOLLOW raw_lane_x=290.0 lane_x=290.0 filter=stable linear=0.15 angular=-0.45 cw_y=346 right_done=False start_turn=True count_turn=12 traffic=None stop=False[0m
[self_driving-10] [0m[INFO] [1782540857.126326646] [self_driving]: [DEBUG_DRIVE] state=LINE_FOLLOW raw_lane_x=270.5 lane_x=270.5 filter=stable linear=0.15 angular=-0.45 cw_y=346 right_done=False start_turn=True count_turn=20 traffic=None stop=False[0m
[self_driving-10] [0m[INFO] [1782540857.345278479] [self_driving]: [CROSSWALK_SLOW_DONE] return normal speed[0m
[self_driving-10] [0m[INFO] [1782540857.601977868] [self_driving]: [CROSSWALK_SLOW] y=346 th=180 confirm=4[0m
[self_driving-10] [0m[INFO] [1782540857.691636831] [self_driving]: [DEBUG_DRIVE] state=LINE_FOLLOW raw_lane_x=293.0 lane_x=293.0 filter=stable linear=0.15 angular=-0.45 cw_y=346 right_done=False start_turn=True count_turn=28 traffic=None stop=False[0m
[self_driving-10] [0m[INFO] [1782540857.940324627] [self_driving]: [IMAGE] received count=1155 shape=(480, 640, 3) queue=0[0m
[self_driving-10] [0m[INFO] [1782540858.207506367] [self_driving]: [DEBUG_DRIVE] state=LINE_FOLLOW raw_lane_x=215.5 lane_x=215.5 filter=stable linear=0.15 angular=-0.45 cw_y=346 right_done=False start_turn=True count_turn=36 traffic=None stop=False[0m
[self_driving-10] [0m[INFO] [1782540858.339758664] [self_driving]: [OBJECTS] msg_count=102 n=1 names=['crosswalk'][0m
[self_driving-10] [0m[INFO] [1782540858.709531571] [self_driving]: [RIGHT_CANDIDATE] valid=False reject=['low_score', 'small_area'] cnt=0 cx=420 cy=125 area=594 score=0.42 done=False[0m
[self_driving-10] [0m[INFO] [1782540858.778234145] [self_driving]: [DEBUG_DRIVE] state=LINE_FOLLOW raw_lane_x=126.5 lane_x=126.5 filter=stable linear=0.15 angular=0.10 cw_y=0 right_done=False start_turn=False count_turn=0 traffic=None stop=False[0m
[self_driving-10] [0m[INFO] [1782540859.063898385] [self_driving]: [OBJECTS] msg_count=107 n=1 names=['crosswalk'][0m
[self_driving-10] [0m[INFO] [1782540859.297176033] [self_driving]: [DEBUG_DRIVE] state=LINE_FOLLOW raw_lane_x=134.0 lane_x=134.0 filter=stable linear=0.15 angular=-0.10 cw_y=185 right_done=False start_turn=False count_turn=0 traffic=None stop=False[0m
[self_driving-10] [0m[INFO] [1782540859.463597070] [self_driving]: [RIGHT_CANDIDATE] valid=False reject=['small_area'] cnt=0 cx=231 cy=123 area=1008 score=0.81 done=False[0m
[self_driving-10] [0m[INFO] [1782540859.830737274] [self_driving]: [DEBUG_DRIVE] state=LINE_FOLLOW raw_lane_x=135.0 lane_x=135.0 filter=stable linear=0.15 angular=-0.10 cw_y=185 right_done=False start_turn=False count_turn=0 traffic=None stop=False[0m
[self_driving-10] [0m[INFO] [1782540859.836806163] [self_driving]: [OBJECTS] msg_count=112 n=1 names=['crosswalk'][0m
[self_driving-10] [0m[INFO] [1782540859.838837366] [self_driving]: [RIGHT_CANDIDATE] valid=False reject=['small_area'] cnt=0 cx=207 cy=119 area=1160 score=0.85 done=False[0m
[self_driving-10] [0m[INFO] [1782540859.967727848] [self_driving]: [IMAGE] received count=1185 shape=(480, 640, 3) queue=0[0m
[self_driving-10] [0m[INFO] [1782540860.206062088] [self_driving]: [RIGHT_CANDIDATE] valid=False reject=['small_area'] cnt=0 cx=216 cy=117 area=1333 score=0.84 done=False[0m
[self_driving-10] [0m[INFO] [1782540860.306127588] [self_driving]: [CROSSWALK_SLOW_DONE] return normal speed[0m
[self_driving-10] [0m[INFO] [1782540860.355730292] [self_driving]: [DEBUG_DRIVE] state=LINE_FOLLOW raw_lane_x=130.5 lane_x=130.5 filter=stable linear=0.30 angular=-0.10 cw_y=187 right_done=False start_turn=False count_turn=0 traffic=None stop=False[0m
[self_driving-10] [0m[INFO] [1782540860.557221255] [self_driving]: [OBJECTS] msg_count=118 n=1 names=['right'][0m
[self_driving-10] [0m[INFO] [1782540860.557963384] [self_driving]: [RIGHT_CANDIDATE] valid=False reject=['small_area'] cnt=0 cx=201 cy=114 area=1452 score=0.85 done=False[0m
[self_driving-10] [0m[INFO] [1782540860.570879236] [self_driving]: [CROSSWALK_SLOW] y=187 th=180 confirm=4[0m
[self_driving-10] [0m[INFO] [1782540860.896042532] [self_driving]: [DEBUG_DRIVE] state=LINE_FOLLOW raw_lane_x=137.5 lane_x=137.5 filter=stable linear=0.15 angular=-0.10 cw_y=187 right_done=False start_turn=False count_turn=0 traffic=None stop=False[0m
[self_driving-10] [0m[INFO] [1782540860.944199792] [self_driving]: [RIGHT_CANDIDATE] valid=False reject=['small_area'] cnt=0 cx=192 cy=113 area=1598 score=0.83 done=False[0m
[self_driving-10] [0m[INFO] [1782540861.317350236] [self_driving]: [OBJECTS] msg_count=123 n=1 names=['crosswalk'][0m
[self_driving-10] [0m[INFO] [1782540861.319315680] [self_driving]: [RIGHT_CANDIDATE] valid=False reject=['small_area'] cnt=0 cx=177 cy=112 area=1800 score=0.82 done=False[0m
[self_driving-10] [0m[INFO] [1782540861.398685032] [self_driving]: [DEBUG_DRIVE] state=LINE_FOLLOW raw_lane_x=118.5 lane_x=118.5 filter=stable linear=0.15 angular=0.10 cw_y=418 right_done=False start_turn=False count_turn=0 traffic=None stop=False[0m
[ekf_node-8] Failed to meet update rate! Took 0.010022278000000000783seconds. Try decreasing the rate, limiting sensor output frequency, or limiting the number of sensors.
[self_driving-10] [0m[INFO] [1782540861.917460513] [self_driving]: [DEBUG_DRIVE] state=LINE_FOLLOW raw_lane_x=127.5 lane_x=127.5 filter=stable linear=0.15 angular=0.10 cw_y=201 right_done=False start_turn=False count_turn=0 traffic=None stop=False[0m
[self_driving-10] [0m[INFO] [1782540861.978194902] [self_driving]: [IMAGE] received count=1215 shape=(480, 640, 3) queue=0[0m
[self_driving-10] [0m[INFO] [1782540862.082656939] [self_driving]: [OBJECTS] msg_count=128 n=1 names=['crosswalk'][0m
[self_driving-10] [0m[INFO] [1782540862.084162013] [self_driving]: [RIGHT_CANDIDATE] valid=True reject=[] cnt=0 cx=139 cy=105 area=3264 score=0.86 done=False[0m
[self_driving-10] [0m[INFO] [1782540862.454165476] [self_driving]: [DEBUG_DRIVE] state=LINE_FOLLOW raw_lane_x=136.5 lane_x=136.5 filter=stable linear=0.15 angular=-0.10 cw_y=417 right_done=False start_turn=False count_turn=0 traffic=None stop=False[0m
[self_driving-10] [0m[INFO] [1782540862.456462494] [self_driving]: [RIGHT_CANDIDATE] valid=True reject=[] cnt=1 cx=99 cy=102 area=3710 score=0.86 done=False[0m
[self_driving-10] [0m[INFO] [1782540862.461518772] [self_driving]: [RIGHT_READY] cx=99 cy=102 area=3710 score=0.86[0m
[self_driving-10] [0m[INFO] [1782540862.520281513] [self_driving]: [RIGHT_TRIGGER] enter ARROW_SIGNAL lane_x=135.0 raw_lane_x=135.0 filter=stable cw_y=212 candidate={'cx': 99, 'cy': 102, 'area': 3710, 'score': 0.8600000143051147}[0m
[self_driving-10] [0m[INFO] [1782540862.520919809] [self_driving]: [1;36m[FSM] LINE_FOLLOW -> ARROW_SIGNAL[0m[0m
[self_driving-10] [0m[INFO] [1782540862.809825753] [self_driving]: [OBJECTS] msg_count=134 n=1 names=['crosswalk'][0m
[self_driving-10] [0m[INFO] [1782540862.971991327] [self_driving]: [ARROW_SIGNAL] done elapsed=0.45 -> INTERSECTION direction=right[0m
[self_driving-10] [0m[INFO] [1782540862.972970309] [self_driving]: [1;36m[FSM] ARROW_SIGNAL -> INTERSECTION[0m[0m
[self_driving-10] [0m[INFO] [1782540863.060131272] [self_driving]: [RIGHT_TURN] elapsed=0.09 cmd=(0.10,-0.50) lane_x=127.5[0m
[self_driving-10] [0m[INFO] [1782540863.156886198] [self_driving]: [RIGHT_CANDIDATE] valid=True reject=[] cnt=0 cx=37 cy=89 area=5695 score=0.88 done=False[0m
[self_driving-10] [0m[INFO] [1782540863.533568994] [self_driving]: [OBJECTS] msg_count=138 n=1 names=['crosswalk'][0m
[self_driving-10] [0m[INFO] [1782540863.537057438] [self_driving]: [RIGHT_CANDIDATE] valid=True reject=[] cnt=1 cx=24 cy=80 area=5047 score=0.81 done=False[0m
[self_driving-10] [0m[INFO] [1782540863.538022735] [self_driving]: [RIGHT_READY] cx=24 cy=80 area=5047 score=0.81[0m
[self_driving-10] [0m[INFO] [1782540863.594875846] [self_driving]: [RIGHT_TURN] elapsed=0.62 cmd=(0.10,-0.50) lane_x=20.5[0m
[self_driving-10] [0m[INFO] [1782540863.996867531] [self_driving]: [IMAGE] received count=1245 shape=(480, 640, 3) queue=0[0m
[self_driving-10] [0m[INFO] [1782540864.130732864] [self_driving]: [RIGHT_TURN] elapsed=1.15 cmd=(0.10,-0.50) lane_x=-1[0m
[self_driving-10] [0m[INFO] [1782540864.255878030] [self_driving]: [OBJECTS] msg_count=141 n=1 names=['crosswalk'][0m
[self_driving-10] [0m[INFO] [1782540864.686735419] [self_driving]: [RIGHT_TURN] elapsed=1.71 cmd=(0.10,-0.50) lane_x=238.5[0m
[self_driving-10] [0m[INFO] [1782540864.974285530] [self_driving]: [OBJECTS] msg_count=143 n=1 names=['crosswalk'][0m
[self_driving-10] [0m[INFO] [1782540865.212197196] [self_driving]: 직진[0m
[self_driving-10] [0m[INFO] [1782540865.767420418] [self_driving]: 직진[0m
[self_driving-10] [0m[INFO] [1782540866.002378474] [self_driving]: [IMAGE] received count=1275 shape=(480, 640, 3) queue=0[0m
[self_driving-10] [0m[INFO] [1782540866.084084807] [self_driving]: [OBJECTS] msg_count=145 n=1 names=['crosswalk'][0m
[self_driving-10] [0m[INFO] [1782540866.273870566] [self_driving]: 직진[0m
[self_driving-10] [0m[INFO] [1782540866.827630047] [self_driving]: 직진[0m
[self_driving-10] [0m[INFO] [1782540867.343098510] [self_driving]: 직진[0m
[self_driving-10] [0m[INFO] [1782540867.828743750] [self_driving]: [1;36m[FSM] INTERSECTION -> LINE_FOLLOW[0m[0m
[self_driving-10] [0m[INFO] [1782540867.830245621] [self_driving]: [RIGHT_TURN] done elapsed=4.86 lane_x=226.5 -> LINE_FOLLOW[0m
[self_driving-10] [33m[WARN] [1782540867.880055065] [self_driving]: [LANE_X_JUMP_REJECT] raw=235.0 last=135.0 diff=100.0 candidate=235.0 cnt=1/4[0m
[self_driving-10] [0m[INFO] [1782540867.880673399] [self_driving]: [RIGHT_TRIGGER] enter ARROW_SIGNAL lane_x=135.0 raw_lane_x=235.0 filter=jump_reject cw_y=392 candidate={'cx': 24, 'cy': 80, 'area': 5047, 'score': 0.8100000023841858}[0m
[self_driving-10] [0m[INFO] [1782540867.881328991] [self_driving]: [1;36m[FSM] LINE_FOLLOW -> ARROW_SIGNAL[0m[0m
[self_driving-10] [0m[INFO] [1782540867.949819547] [self_driving]: [ARROW_SIGNAL] waiting elapsed=0.07/0.40 direction=right[0m
[self_driving-10] [0m[INFO] [1782540868.026747991] [self_driving]: [IMAGE] received count=1305 shape=(480, 640, 3) queue=0[0m
[self_driving-10] [0m[INFO] [1782540868.307503676] [self_driving]: [ARROW_SIGNAL] done elapsed=0.43 -> INTERSECTION direction=right[0m
[self_driving-10] [0m[INFO] [1782540868.308025861] [self_driving]: [1;36m[FSM] ARROW_SIGNAL -> INTERSECTION[0m[0m
[self_driving-10] [0m[INFO] [1782540868.499286213] [self_driving]: [RIGHT_TURN] elapsed=0.19 cmd=(0.10,-0.50) lane_x=234.0[0m
[self_driving-10] [0m[INFO] [1782540869.046345565] [self_driving]: [RIGHT_TURN] elapsed=0.74 cmd=(0.10,-0.50) lane_x=62.5[0m
[self_driving-10] [0m[INFO] [1782540869.566576601] [self_driving]: [RIGHT_TURN] elapsed=1.26 cmd=(0.10,-0.50) lane_x=16.5[0m
[self_driving-10] [0m[INFO] [1782540870.038319694] [self_driving]: [IMAGE] received count=1335 shape=(480, 640, 3) queue=0[0m
[self_driving-10] [0m[INFO] [1782540870.107429953] [self_driving]: [RIGHT_TURN] elapsed=1.80 cmd=(0.10,-0.50) lane_x=-1[0m
[self_driving-10] [0m[INFO] [1782540870.338645397] [self_driving]: [OBJECTS] msg_count=147 n=1 names=['crosswalk'][0m
[self_driving-10] [0m[INFO] [1782540870.657318841] [self_driving]: 직진[0m
[self_driving-10] [0m[INFO] [1782540871.032151323] [self_driving]: [OBJECTS] msg_count=149 n=1 names=['crosswalk'][0m
[self_driving-10] [0m[INFO] [1782540871.199245119] [self_driving]: 직진[0m
[self_driving-10] [0m[INFO] [1782540871.725366230] [self_driving]: 직진[0m
[self_driving-10] [0m[INFO] [1782540871.734423693] [self_driving]: [OBJECTS] msg_count=151 n=1 names=['park'][0m
[self_driving-10] [0m[INFO] [1782540871.735511767] [self_driving]: [PARK_DET] class=park cx=297 cy=127 area=475 score=0.86 right_done=True park_done=False[0m
[self_driving-10] [0m[INFO] [1782540871.736078674] [self_driving]: [PARK_CANDIDATE] valid=True cx=297 cy=127 area=475 score=0.86 right_done=True park_done=False[0m
[self_driving-10] [0m[INFO] [1782540872.062495822] [self_driving]: [IMAGE] received count=1365 shape=(480, 640, 3) queue=0[0m
[self_driving-10] [0m[INFO] [1782540872.113764081] [self_driving]: [PARK_DET] class=park cx=298 cy=126 area=546 score=0.85 right_done=True park_done=False[0m
[self_driving-10] [0m[INFO] [1782540872.271744896] [self_driving]: 직진[0m
[self_driving-10] [0m[INFO] [1782540872.480200025] [self_driving]: [OBJECTS] msg_count=157 n=1 names=['park'][0m
[self_driving-10] [0m[INFO] [1782540872.481193174] [self_driving]: [PARK_DET] class=park cx=296 cy=124 area=588 score=0.84 right_done=True park_done=False[0m
[self_driving-10] [0m[INFO] [1782540872.481768137] [self_driving]: [PARK_CANDIDATE] valid=True cx=296 cy=124 area=588 score=0.84 right_done=True park_done=False[0m
[self_driving-10] [0m[INFO] [1782540872.802095859] [self_driving]: 직진[0m
[self_driving-10] [0m[INFO] [1782540872.835830155] [self_driving]: [PARK_DET] class=park cx=297 cy=123 area=713 score=0.86 right_done=True park_done=False[0m
[self_driving-10] [0m[INFO] [1782540873.134265932] [self_driving]: [1;36m[FSM] INTERSECTION -> LINE_FOLLOW[0m[0m
[self_driving-10] [0m[INFO] [1782540873.135165081] [self_driving]: [RIGHT_TURN] done elapsed=4.83 lane_x=-1 -> LINE_FOLLOW[0m
[self_driving-10] [0m[INFO] [1782540873.204930284] [self_driving]: [CROSSWALK_SLOW_DONE] return normal speed[0m
[self_driving-10] [33m[WARN] [1782540873.207495062] [self_driving]: [LANE_LOST] raw_lane_x=-1 lane_x=-1 filter=lost stop=False state=LINE_FOLLOW safe_linear=0.05 right_ready=False right_done=True[0m
[self_driving-10] [0m[INFO] [1782540873.208809025] [self_driving]: [OBJECTS] msg_count=163 n=1 names=['park'][0m
[self_driving-10] [0m[INFO] [1782540873.213568173] [self_driving]: [PARK_DET] class=park cx=297 cy=122 area=759 score=0.86 right_done=True park_done=False[0m
[self_driving-10] [0m[INFO] [1782540873.214888469] [self_driving]: [PARK_CANDIDATE] valid=True cx=297 cy=122 area=759 score=0.86 right_done=True park_done=False[0m
[self_driving-10] [0m[INFO] [1782540873.335981673] [self_driving]: [DEBUG_DRIVE] state=LINE_FOLLOW raw_lane_x=-1 lane_x=-1 filter=lost linear=0.30 angular=0.00 cw_y=195 right_done=True start_turn=False count_turn=0 traffic=None stop=False[0m
[self_driving-10] [0m[INFO] [1782540873.476148803] [self_driving]: [CROSSWALK_SLOW] y=195 th=180 confirm=4[0m
[self_driving-10] [33m[WARN] [1782540873.741403173] [self_driving]: [LANE_LOST] raw_lane_x=-1 lane_x=-1 filter=lost stop=False state=LINE_FOLLOW safe_linear=0.05 right_ready=False right_done=True[0m
[self_driving-10] [0m[INFO] [1782540873.882007747] [self_driving]: [DEBUG_DRIVE] state=LINE_FOLLOW raw_lane_x=-1 lane_x=-1 filter=lost linear=0.15 angular=0.00 cw_y=200 right_done=True start_turn=False count_turn=0 traffic=None stop=False[0m
[self_driving-10] [0m[INFO] [1782540873.981444358] [self_driving]: [OBJECTS] msg_count=166 n=1 names=['go'][0m
[self_driving-10] [0m[INFO] [1782540873.984003895] [self_driving]: [PARK_DET] class=park cx=279 cy=115 area=1302 score=0.80 right_done=True park_done=False[0m
[self_driving-10] [0m[INFO] [1782540873.986761080] [self_driving]: [PARK_CANDIDATE] valid=True cx=279 cy=115 area=1302 score=0.80 right_done=True park_done=False[0m
[self_driving-10] [0m[INFO] [1782540874.068525969] [self_driving]: [IMAGE] received count=1395 shape=(480, 640, 3) queue=0[0m
[self_driving-10] [33m[WARN] [1782540874.289694654] [self_driving]: [LANE_LOST] raw_lane_x=-1 lane_x=-1 filter=lost stop=False state=LINE_FOLLOW safe_linear=0.05 right_ready=False right_done=True[0m
[self_driving-10] [0m[INFO] [1782540874.419023265] [self_driving]: [DEBUG_DRIVE] state=LINE_FOLLOW raw_lane_x=-1 lane_x=-1 filter=lost linear=0.15 angular=0.00 cw_y=201 right_done=True start_turn=False count_turn=0 traffic=None stop=False[0m
[self_driving-10] [0m[INFO] [1782540874.713959432] [self_driving]: [OBJECTS] msg_count=169 n=1 names=['park'][0m
[self_driving-10] [0m[INFO] [1782540874.714792913] [self_driving]: [PARK_DET] class=park cx=428 cy=106 area=1350 score=0.87 right_done=True park_done=False[0m
[self_driving-10] [0m[INFO] [1782540874.715244117] [self_driving]: [PARK_CANDIDATE] valid=True cx=428 cy=106 area=1350 score=0.87 right_done=True park_done=False[0m
[self_driving-10] [33m[WARN] [1782540874.819278506] [self_driving]: [LANE_LOST] raw_lane_x=-1 lane_x=-1 filter=lost stop=False state=LINE_FOLLOW safe_linear=0.05 right_ready=False right_done=True[0m
[self_driving-10] [0m[INFO] [1782540874.946262394] [self_driving]: [DEBUG_DRIVE] state=LINE_FOLLOW raw_lane_x=-1 lane_x=-1 filter=lost linear=0.15 angular=0.00 cw_y=204 right_done=True start_turn=False count_turn=0 traffic=None stop=False[0m
[self_driving-10] [0m[INFO] [1782540875.082548320] [self_driving]: [PARK_DET] class=park cx=421 cy=108 area=1276 score=0.88 right_done=True park_done=False[0m
[self_driving-10] [33m[WARN] [1782540875.349487042] [self_driving]: [LANE_LOST] raw_lane_x=-1 lane_x=-1 filter=lost stop=False state=LINE_FOLLOW safe_linear=0.05 right_ready=False right_done=True[0m
[self_driving-10] [0m[INFO] [1782540875.449109079] [self_driving]: [OBJECTS] msg_count=174 n=1 names=['park'][0m
[self_driving-10] [0m[INFO] [1782540875.449609820] [self_driving]: [PARK_DET] class=park cx=422 cy=109 area=1380 score=0.87 right_done=True park_done=False[0m
[self_driving-10] [0m[INFO] [1782540875.450059079] [self_driving]: [PARK_CANDIDATE] valid=True cx=422 cy=109 area=1380 score=0.87 right_done=True park_done=False[0m
[self_driving-10] [0m[INFO] [1782540875.508038913] [self_driving]: [DEBUG_DRIVE] state=LINE_FOLLOW raw_lane_x=-1 lane_x=-1 filter=lost linear=0.15 angular=0.00 cw_y=211 right_done=True start_turn=False count_turn=0 traffic=None stop=False[0m
[self_driving-10] [0m[INFO] [1782540875.810954449] [self_driving]: [PARK_DET] class=park cx=424 cy=110 area=1380 score=0.86 right_done=True park_done=False[0m
[self_driving-10] [33m[WARN] [1782540875.899114172] [self_driving]: [LANE_LOST] raw_lane_x=-1 lane_x=-1 filter=lost stop=False state=LINE_FOLLOW safe_linear=0.05 right_ready=False right_done=True[0m
[self_driving-10] [0m[INFO] [1782540876.034269912] [self_driving]: [DEBUG_DRIVE] state=LINE_FOLLOW raw_lane_x=-1 lane_x=-1 filter=lost linear=0.15 angular=0.00 cw_y=214 right_done=True start_turn=False count_turn=0 traffic=None stop=False[0m
[self_driving-10] [0m[INFO] [1782540876.086137005] [self_driving]: [IMAGE] received count=1425 shape=(480, 640, 3) queue=0[0m
[self_driving-10] [0m[INFO] [1782540876.152785597] [self_driving]: [CROSSWALK_SLOW_DONE] return normal speed[0m
[self_driving-10] [0m[INFO] [1782540876.205684208] [self_driving]: [OBJECTS] msg_count=179 n=1 names=['go'][0m
[self_driving-10] [0m[INFO] [1782540876.207626301] [self_driving]: [PARK_DET] class=park cx=425 cy=111 area=1457 score=0.85 right_done=True park_done=False[0m
[self_driving-10] [0m[INFO] [1782540876.208545079] [self_driving]: [PARK_CANDIDATE] valid=True cx=425 cy=111 area=1457 score=0.85 right_done=True park_done=False[0m
[self_driving-10] [0m[INFO] [1782540876.430460449] [self_driving]: [CROSSWALK_SLOW] y=216 th=180 confirm=4[0m
[self_driving-10] [33m[WARN] [1782540876.431339560] [self_driving]: [LANE_LOST] raw_lane_x=-1 lane_x=-1 filter=lost stop=False state=LINE_FOLLOW safe_linear=0.05 right_ready=False right_done=True[0m
[self_driving-10] [0m[INFO] [1782540876.552218949] [self_driving]: [DEBUG_DRIVE] state=LINE_FOLLOW raw_lane_x=-1 lane_x=-1 filter=lost linear=0.15 angular=0.00 cw_y=216 right_done=True start_turn=False count_turn=0 traffic=None stop=False[0m
[self_driving-10] [0m[INFO] [1782540876.578465967] [self_driving]: [PARK_DET] class=park cx=427 cy=109 area=1617 score=0.84 right_done=True park_done=False[0m
[self_driving-10] [0m[INFO] [1782540876.928753375] [self_driving]: [OBJECTS] msg_count=185 n=1 names=['park'][0m
[self_driving-10] [0m[INFO] [1782540876.929281486] [self_driving]: [PARK_DET] class=park cx=429 cy=109 area=1650 score=0.85 right_done=True park_done=False[0m
[self_driving-10] [0m[INFO] [1782540876.930034967] [self_driving]: [PARK_CANDIDATE] valid=True cx=429 cy=109 area=1650 score=0.85 right_done=True park_done=False[0m
[self_driving-10] [33m[WARN] [1782540876.986654041] [self_driving]: [LANE_LOST] raw_lane_x=-1 lane_x=-1 filter=lost stop=False state=LINE_FOLLOW safe_linear=0.05 right_ready=False right_done=True[0m
[self_driving-10] [0m[INFO] [1782540877.104350689] [self_driving]: [DEBUG_DRIVE] state=LINE_FOLLOW raw_lane_x=-1 lane_x=-1 filter=lost linear=0.15 angular=0.00 cw_y=220 right_done=True start_turn=False count_turn=0 traffic=None stop=False[0m
[self_driving-10] [0m[INFO] [1782540877.287130282] [self_driving]: [PARK_DET] class=park cx=431 cy=109 area=1650 score=0.84 right_done=True park_done=False[0m
[self_driving-10] [33m[WARN] [1782540877.504158189] [self_driving]: [LANE_LOST] raw_lane_x=-1 lane_x=-1 filter=lost stop=False state=LINE_FOLLOW safe_linear=0.05 right_ready=False right_done=True[0m
[self_driving-10] [0m[INFO] [1782540877.634308559] [self_driving]: [DEBUG_DRIVE] state=LINE_FOLLOW raw_lane_x=-1 lane_x=-1 filter=lost linear=0.15 angular=0.00 cw_y=223 right_done=True start_turn=False count_turn=0 traffic=None stop=False[0m
[self_driving-10] [0m[INFO] [1782540877.657133559] [self_driving]: [OBJECTS] msg_count=190 n=1 names=['crosswalk'][0m
[self_driving-10] [0m[INFO] [1782540878.007801115] [self_driving]: [PARK_DET] class=park cx=441 cy=109 area=1998 score=0.85 right_done=True park_done=False[0m
[self_driving-10] [0m[INFO] [1782540878.008295170] [self_driving]: [PARK_CANDIDATE] valid=True cx=441 cy=109 area=1998 score=0.85 right_done=True park_done=False[0m
[self_driving-10] [33m[WARN] [1782540878.049992763] [self_driving]: [LANE_LOST] raw_lane_x=-1 lane_x=-1 filter=lost stop=False state=LINE_FOLLOW safe_linear=0.05 right_ready=False right_done=True[0m
[self_driving-10] [0m[INFO] [1782540878.110045226] [self_driving]: [IMAGE] received count=1455 shape=(480, 640, 3) queue=0[0m
[self_driving-10] [0m[INFO] [1782540878.170307226] [self_driving]: [DEBUG_DRIVE] state=LINE_FOLLOW raw_lane_x=-1 lane_x=-1 filter=lost linear=0.15 angular=0.00 cw_y=0 right_done=True start_turn=False count_turn=0 traffic=None stop=False[0m
[self_driving-10] [0m[INFO] [1782540878.375543578] [self_driving]: [OBJECTS] msg_count=194 n=1 names=['park'][0m
[self_driving-10] [0m[INFO] [1782540878.376952707] [self_driving]: [PARK_DET] class=park cx=451 cy=107 area=1944 score=0.87 right_done=True park_done=False[0m
[self_driving-10] [33m[WARN] [1782540878.582943374] [self_driving]: [LANE_LOST] raw_lane_x=-1 lane_x=-1 filter=lost stop=False state=LINE_FOLLOW safe_linear=0.05 right_ready=False right_done=True[0m
[self_driving-10] [0m[INFO] [1782540878.706919614] [self_driving]: [DEBUG_DRIVE] state=LINE_FOLLOW raw_lane_x=-1 lane_x=-1 filter=lost linear=0.15 angular=0.00 cw_y=0 right_done=True start_turn=False count_turn=0 traffic=None stop=False[0m
[self_driving-10] [0m[INFO] [1782540878.726432355] [self_driving]: [PARK_DET] class=park cx=456 cy=102 area=2166 score=0.85 right_done=True park_done=False[0m
[self_driving-10] [0m[INFO] [1782540878.727417374] [self_driving]: [PARK_CANDIDATE] valid=True cx=456 cy=102 area=2166 score=0.85 right_done=True park_done=False[0m
[self_driving-10] [0m[INFO] [1782540879.091577318] [self_driving]: [OBJECTS] msg_count=199 n=1 names=['crosswalk'][0m
[self_driving-10] [0m[INFO] [1782540879.135791947] [self_driving]: [CROSSWALK_SLOW_DONE] return normal speed[0m
[self_driving-10] [33m[WARN] [1782540879.138607559] [self_driving]: [LANE_LOST] raw_lane_x=-1 lane_x=-1 filter=lost stop=False state=LINE_FOLLOW safe_linear=0.05 right_ready=False right_done=True[0m
[self_driving-10] [0m[INFO] [1782540879.246621688] [self_driving]: [DEBUG_DRIVE] state=LINE_FOLLOW raw_lane_x=-1 lane_x=-1 filter=lost linear=0.30 angular=0.00 cw_y=0 right_done=True start_turn=False count_turn=0 traffic=None stop=False[0m
[self_driving-10] [0m[INFO] [1782540879.468272651] [self_driving]: [PARK_DET] class=park cx=468 cy=100 area=2478 score=0.88 right_done=True park_done=False[0m
[self_driving-10] [0m[INFO] [1782540879.468777744] [self_driving]: [PARK_CANDIDATE] valid=True cx=468 cy=100 area=2478 score=0.88 right_done=True park_done=False[0m
[self_driving-10] [33m[WARN] [1782540879.643530910] [self_driving]: [LANE_LOST] raw_lane_x=-1 lane_x=-1 filter=lost stop=False state=LINE_FOLLOW safe_linear=0.05 right_ready=False right_done=True[0m
[self_driving-10] [0m[INFO] [1782540879.796043984] [self_driving]: [DEBUG_DRIVE] state=LINE_FOLLOW raw_lane_x=-1 lane_x=-1 filter=lost linear=0.30 angular=0.00 cw_y=0 right_done=True start_turn=False count_turn=0 traffic=None stop=False[0m
[self_driving-10] [0m[INFO] [1782540879.826141484] [self_driving]: [OBJECTS] msg_count=204 n=1 names=['park'][0m
[self_driving-10] [0m[INFO] [1782540879.826692225] [self_driving]: [PARK_DET] class=park cx=473 cy=98 area=2623 score=0.87 right_done=True park_done=False[0m
[self_driving-10] [0m[INFO] [1782540880.113243873] [self_driving]: [IMAGE] received count=1485 shape=(480, 640, 3) queue=0[0m
[self_driving-10] [33m[WARN] [1782540880.199682039] [self_driving]: [LANE_LOST] raw_lane_x=-1 lane_x=-1 filter=lost stop=False state=LINE_FOLLOW safe_linear=0.05 right_ready=False right_done=True[0m
[self_driving-10] [0m[INFO] [1782540880.207700854] [self_driving]: [PARK_DET] class=park cx=477 cy=97 area=2880 score=0.86 right_done=True park_done=False[0m
[self_driving-10] [0m[INFO] [1782540880.208338965] [self_driving]: [PARK_CANDIDATE] valid=True cx=477 cy=97 area=2880 score=0.86 right_done=True park_done=False[0m
[self_driving-10] [0m[INFO] [1782540880.338993984] [self_driving]: [DEBUG_DRIVE] state=LINE_FOLLOW raw_lane_x=-1 lane_x=-1 filter=lost linear=0.30 angular=0.00 cw_y=240 right_done=True start_turn=False count_turn=0 traffic=None stop=False[0m
[self_driving-10] [0m[INFO] [1782540880.468702613] [self_driving]: [CROSSWALK_SLOW] y=240 th=180 confirm=4[0m
[self_driving-10] [0m[INFO] [1782540880.572978891] [self_driving]: [OBJECTS] msg_count=209 n=1 names=['crosswalk'][0m
[self_driving-10] [0m[INFO] [1782540880.579568502] [self_driving]: [PARK_DET] class=park cx=479 cy=95 area=2970 score=0.82 right_done=True park_done=False[0m
[self_driving-10] [33m[WARN] [1782540880.729823187] [self_driving]: [LANE_LOST] raw_lane_x=-1 lane_x=-1 filter=lost stop=False state=LINE_FOLLOW safe_linear=0.05 right_ready=False right_done=True[0m
[self_driving-10] [0m[INFO] [1782540880.875028335] [self_driving]: [DEBUG_DRIVE] state=LINE_FOLLOW raw_lane_x=-1 lane_x=-1 filter=lost linear=0.15 angular=0.00 cw_y=0 right_done=True start_turn=False count_turn=0 traffic=None stop=False[0m
[self_driving-10] [0m[INFO] [1782540880.941753669] [self_driving]: [PARK_DET] class=park cx=484 cy=92 area=3337 score=0.85 right_done=True park_done=False[0m
[self_driving-10] [0m[INFO] [1782540880.942414095] [self_driving]: [PARK_CANDIDATE] valid=True cx=484 cy=92 area=3337 score=0.85 right_done=True park_done=False[0m
[self_driving-10] [33m[WARN] [1782540881.253474187] [self_driving]: [LANE_LOST] raw_lane_x=-1 lane_x=-1 filter=lost stop=False state=LINE_FOLLOW safe_linear=0.05 right_ready=False right_done=True[0m
[self_driving-10] [0m[INFO] [1782540881.294296354] [self_driving]: [OBJECTS] msg_count=214 n=1 names=['park'][0m
[self_driving-10] [0m[INFO] [1782540881.294990279] [self_driving]: [PARK_DET] class=park cx=493 cy=91 area=3430 score=0.87 right_done=True park_done=False[0m
[self_driving-10] [0m[INFO] [1782540881.414037409] [self_driving]: [DEBUG_DRIVE] state=LINE_FOLLOW raw_lane_x=-1 lane_x=-1 filter=lost linear=0.15 angular=0.00 cw_y=0 right_done=True start_turn=False count_turn=0 traffic=None stop=False[0m
[self_driving-10] [0m[INFO] [1782540881.644554020] [self_driving]: [PARK_DET] class=park cx=503 cy=87 area=3796 score=0.87 right_done=True park_done=False[0m
[self_driving-10] [0m[INFO] [1782540881.646604890] [self_driving]: [PARK_CANDIDATE] valid=True cx=503 cy=87 area=3796 score=0.87 right_done=True park_done=False[0m
[self_driving-10] [33m[WARN] [1782540881.814019946] [self_driving]: [LANE_LOST] raw_lane_x=-1 lane_x=-1 filter=lost stop=False state=LINE_FOLLOW safe_linear=0.05 right_ready=False right_done=True[0m
[self_driving-10] [0m[INFO] [1782540881.934583205] [self_driving]: [DEBUG_DRIVE] state=LINE_FOLLOW raw_lane_x=-1 lane_x=-1 filter=lost linear=0.15 angular=0.00 cw_y=253 right_done=True start_turn=False count_turn=0 traffic=None stop=False[0m
[self_driving-10] [0m[INFO] [1782540882.013289686] [self_driving]: [OBJECTS] msg_count=218 n=1 names=['park'][0m
[self_driving-10] [0m[INFO] [1782540882.013817946] [self_driving]: [PARK_DET] class=park cx=517 cy=85 area=4266 score=0.87 right_done=True park_done=False[0m
[self_driving-10] [0m[INFO] [1782540882.149403520] [self_driving]: [IMAGE] received count=1515 shape=(480, 640, 3) queue=0[0m
[self_driving-10] [33m[WARN] [1782540882.335589334] [self_driving]: [LANE_LOST] raw_lane_x=-1 lane_x=-1 filter=lost stop=False state=LINE_FOLLOW safe_linear=0.05 right_ready=False right_done=True[0m
[self_driving-10] [0m[INFO] [1782540882.393320760] [self_driving]: [PARK_DET] class=park cx=524 cy=81 area=4345 score=0.85 right_done=True park_done=False[0m
[self_driving-10] [0m[INFO] [1782540882.393804131] [self_driving]: [PARK_CANDIDATE] valid=True cx=524 cy=81 area=4345 score=0.85 right_done=True park_done=False[0m
[self_driving-10] [0m[INFO] [1782540882.482378371] [self_driving]: [DEBUG_DRIVE] state=LINE_FOLLOW raw_lane_x=-1 lane_x=-1 filter=lost linear=0.15 angular=0.00 cw_y=263 right_done=True start_turn=False count_turn=0 traffic=None stop=False[0m
[self_driving-10] [0m[INFO] [1782540882.763044130] [self_driving]: [OBJECTS] msg_count=224 n=1 names=['park'][0m
[self_driving-10] [0m[INFO] [1782540882.763839482] [self_driving]: [PARK_DET] class=park cx=539 cy=78 area=4956 score=0.89 right_done=True park_done=False[0m
[self_driving-10] [33m[WARN] [1782540882.879177779] [self_driving]: [LANE_LOST] raw_lane_x=-1 lane_x=-1 filter=lost stop=False state=LINE_FOLLOW safe_linear=0.05 right_ready=False right_done=True[0m
[self_driving-10] [0m[INFO] [1782540883.023204427] [self_driving]: [DEBUG_DRIVE] state=LINE_FOLLOW raw_lane_x=-1 lane_x=-1 filter=lost linear=0.15 angular=0.00 cw_y=267 right_done=True start_turn=False count_turn=0 traffic=None stop=False[0m
[self_driving-10] [0m[INFO] [1782540883.121968501] [self_driving]: [PARK_DET] class=park cx=552 cy=73 area=5544 score=0.89 right_done=True park_done=False[0m
[self_driving-10] [0m[INFO] [1782540883.122776260] [self_driving]: [PARK_CANDIDATE] valid=True cx=552 cy=73 area=5544 score=0.89 right_done=True park_done=False[0m
[self_driving-10] [0m[INFO] [1782540883.163482815] [self_driving]: [CROSSWALK_SLOW_DONE] return normal speed[0m
[self_driving-10] [0m[INFO] [1782540883.415572760] [self_driving]: [CROSSWALK_SLOW] y=270 th=180 confirm=4[0m
[self_driving-10] [33m[WARN] [1782540883.418654667] [self_driving]: [LANE_LOST] raw_lane_x=-1 lane_x=-1 filter=lost stop=False state=LINE_FOLLOW safe_linear=0.05 right_ready=False right_done=True[0m
[self_driving-10] [0m[INFO] [1782540883.493924408] [self_driving]: [OBJECTS] msg_count=229 n=1 names=['park'][0m
[self_driving-10] [0m[INFO] [1782540883.494417889] [self_driving]: [PARK_DET] class=park cx=569 cy=70 area=6486 score=0.91 right_done=True park_done=False[0m
[self_driving-10] [0m[INFO] [1782540883.560241260] [self_driving]: [DEBUG_DRIVE] state=LINE_FOLLOW raw_lane_x=-1 lane_x=-1 filter=lost linear=0.15 angular=0.00 cw_y=275 right_done=True start_turn=False count_turn=0 traffic=None stop=False[0m
[self_driving-10] [0m[INFO] [1782540883.846809389] [self_driving]: [PARK_DET] class=park cx=584 cy=66 area=7056 score=0.89 right_done=True park_done=False[0m
[self_driving-10] [0m[INFO] [1782540883.847302796] [self_driving]: [PARK_CANDIDATE] valid=True cx=584 cy=66 area=7056 score=0.89 right_done=True park_done=False[0m
[self_driving-10] [33m[WARN] [1782540883.920311426] [self_driving]: [LANE_LOST] raw_lane_x=-1 lane_x=-1 filter=lost stop=False state=LINE_FOLLOW safe_linear=0.05 right_ready=False right_done=True[0m
[self_driving-10] [0m[INFO] [1782540884.090514056] [self_driving]: [DEBUG_DRIVE] state=LINE_FOLLOW raw_lane_x=-1 lane_x=-1 filter=lost linear=0.15 angular=0.00 cw_y=282 right_done=True start_turn=False count_turn=0 traffic=None stop=False[0m
[self_driving-10] [0m[INFO] [1782540884.153062944] [self_driving]: [IMAGE] received count=1545 shape=(480, 640, 3) queue=0[0m
[self_driving-10] [0m[INFO] [1782540884.206544222] [self_driving]: [OBJECTS] msg_count=233 n=1 names=['park'][0m
[self_driving-10] [0m[INFO] [1782540884.207256611] [self_driving]: [PARK_DET] class=park cx=604 cy=64 area=7521 score=0.87 right_done=True park_done=False[0m
[self_driving-10] [33m[WARN] [1782540884.430778296] [self_driving]: [LANE_LOST] raw_lane_x=-1 lane_x=-1 filter=lost stop=False state=LINE_FOLLOW safe_linear=0.05 right_ready=False right_done=True[0m
[self_driving-10] [0m[INFO] [1782540884.581881129] [self_driving]: [PARK_DET] class=park cx=615 cy=62 area=5684 score=0.84 right_done=True park_done=False[0m
[self_driving-10] [0m[INFO] [1782540884.583278222] [self_driving]: [PARK_CANDIDATE] valid=True cx=615 cy=62 area=5684 score=0.84 right_done=True park_done=False[0m
[self_driving-10] [0m[INFO] [1782540884.652331037] [self_driving]: [DEBUG_DRIVE] state=LINE_FOLLOW raw_lane_x=-1 lane_x=-1 filter=lost linear=0.15 angular=0.00 cw_y=0 right_done=True start_turn=False count_turn=0 traffic=None stop=False[0m
[self_driving-10] [0m[INFO] [1782540884.940750370] [self_driving]: [OBJECTS] msg_count=238 n=1 names=['go'][0m
[self_driving-10] [0m[INFO] [1782540884.950052444] [self_driving]: [PARK_DET] class=park cx=622 cy=60 area=3795 score=0.81 right_done=True park_done=False[0m
[self_driving-10] [33m[WARN] [1782540884.959974814] [self_driving]: [LANE_LOST] raw_lane_x=-1 lane_x=-1 filter=lost stop=False state=LINE_FOLLOW safe_linear=0.05 right_ready=False right_done=True[0m
[self_driving-10] [0m[INFO] [1782540885.166034185] [self_driving]: [DEBUG_DRIVE] state=LINE_FOLLOW raw_lane_x=-1 lane_x=-1 filter=lost linear=0.15 angular=0.00 cw_y=0 right_done=True start_turn=False count_turn=0 traffic=None stop=False[0m
[self_driving-10] [33m[WARN] [1782540885.505725870] [self_driving]: [LANE_LOST] raw_lane_x=-1 lane_x=-1 filter=lost stop=False state=LINE_FOLLOW safe_linear=0.05 right_ready=False right_done=True[0m
[self_driving-10] [0m[INFO] [1782540885.699376851] [self_driving]: [OBJECTS] msg_count=242 n=1 names=['go'][0m
[self_driving-10] [0m[INFO] [1782540885.710784129] [self_driving]: [DEBUG_DRIVE] state=LINE_FOLLOW raw_lane_x=-1 lane_x=-1 filter=lost linear=0.15 angular=0.00 cw_y=317 right_done=True start_turn=False count_turn=0 traffic=None stop=False[0m
[self_driving-10] [33m[WARN] [1782540886.049157203] [self_driving]: [LANE_LOST] raw_lane_x=-1 lane_x=-1 filter=lost stop=False state=LINE_FOLLOW safe_linear=0.05 right_ready=False right_done=True[0m
[self_driving-10] [0m[INFO] [1782540886.121674851] [self_driving]: [CROSSWALK_SLOW_DONE] return normal speed[0m
[self_driving-10] [0m[INFO] [1782540886.168165128] [self_driving]: [IMAGE] received count=1575 shape=(480, 640, 3) queue=0[0m
[self_driving-10] [0m[INFO] [1782540886.235099202] [self_driving]: [DEBUG_DRIVE] state=LINE_FOLLOW raw_lane_x=-1 lane_x=-1 filter=lost linear=0.30 angular=0.00 cw_y=329 right_done=True start_turn=False count_turn=0 traffic=None stop=False[0m
[self_driving-10] [0m[INFO] [1782540886.371193036] [self_driving]: [CROSSWALK_SLOW] y=329 th=180 confirm=4[0m
[self_driving-10] [0m[INFO] [1782540886.469179313] [self_driving]: [OBJECTS] msg_count=246 n=1 names=['go'][0m
[self_driving-10] [33m[WARN] [1782540886.563005665] [self_driving]: [LANE_LOST] raw_lane_x=-1 lane_x=-1 filter=lost stop=False state=LINE_FOLLOW safe_linear=0.05 right_ready=False right_done=True[0m
[self_driving-10] [0m[INFO] [1782540886.778746461] [self_driving]: [DEBUG_DRIVE] state=LINE_FOLLOW raw_lane_x=-1 lane_x=-1 filter=lost linear=0.15 angular=0.00 cw_y=341 right_done=True start_turn=False count_turn=0 traffic=None stop=False[0m
[self_driving-10] [33m[WARN] [1782540886.919691387] [self_driving]: [LANE_X_JUMP_REJECT] raw=252.5 last=70.0 diff=182.5 candidate=252.5 cnt=1/4[0m
[self_driving-10] [0m[INFO] [1782540887.190625757] [self_driving]: [OBJECTS] msg_count=250 n=1 names=['go'][0m
[self_driving-10] [0m[INFO] [1782540887.324828387] [self_driving]: [DEBUG_DRIVE] state=LINE_FOLLOW raw_lane_x=-1 lane_x=88.5 filter=hold_last linear=0.15 angular=0.10 cw_y=368 right_done=True start_turn=False count_turn=0 traffic=None stop=False[0m
[self_driving-10] [33m[WARN] [1782540887.452708331] [self_driving]: [LANE_LOST] raw_lane_x=-1 lane_x=-1 filter=lost stop=False state=LINE_FOLLOW safe_linear=0.05 right_ready=False right_done=True[0m
[self_driving-10] [0m[INFO] [1782540887.852111720] [self_driving]: [DEBUG_DRIVE] state=LINE_FOLLOW raw_lane_x=-1 lane_x=-1 filter=lost linear=0.15 angular=0.00 cw_y=379 right_done=True start_turn=False count_turn=0 traffic=None stop=False[0m
[self_driving-10] [0m[INFO] [1782540887.914941331] [self_driving]: [OBJECTS] msg_count=254 n=1 names=['crosswalk'][0m
[self_driving-10] [33m[WARN] [1782540887.989695942] [self_driving]: [LANE_LOST] raw_lane_x=-1 lane_x=-1 filter=lost stop=False state=LINE_FOLLOW safe_linear=0.05 right_ready=False right_done=True[0m
[self_driving-10] [0m[INFO] [1782540888.182620905] [self_driving]: [IMAGE] received count=1605 shape=(480, 640, 3) queue=0[0m
[self_driving-10] [33m[WARN] [1782540888.363431794] [self_driving]: [LANE_X_JUMP_REJECT] raw=300.0 last=88.5 diff=211.5 candidate=271.5 cnt=2/4[0m
[self_driving-10] [0m[INFO] [1782540888.365217942] [self_driving]: [DEBUG_DRIVE] state=LINE_FOLLOW raw_lane_x=300.0 lane_x=88.5 filter=jump_reject linear=0.15 angular=0.10 cw_y=462 right_done=True start_turn=False count_turn=0 traffic=None stop=False[0m
[self_driving-10] [0m[INFO] [1782540888.916619793] [self_driving]: [DEBUG_DRIVE] state=LINE_FOLLOW raw_lane_x=-1 lane_x=52.5 filter=hold_last linear=0.15 angular=0.10 cw_y=462 right_done=True start_turn=False count_turn=0 traffic=None stop=False[0m
[self_driving-10] [33m[WARN] [1782540889.080577349] [self_driving]: [LANE_X_JUMP_REJECT] raw=295.0 last=52.5 diff=242.5 candidate=295.0 cnt=1/4[0m
[self_driving-10] [0m[INFO] [1782540889.081078923] [self_driving]: [CROSSWALK_SLOW_DONE] return normal speed[0m
[self_driving-10] [0m[INFO] [1782540889.414202497] [self_driving]: [CROSSWALK_SLOW] y=462 th=180 confirm=4[0m
[self_driving-10] [33m[WARN] [1782540889.485649460] [self_driving]: [LANE_LOST] raw_lane_x=-1 lane_x=-1 filter=lost stop=False state=LINE_FOLLOW safe_linear=0.05 right_ready=False right_done=True[0m
[self_driving-10] [0m[INFO] [1782540889.486242793] [self_driving]: [DEBUG_DRIVE] state=LINE_FOLLOW raw_lane_x=-1 lane_x=-1 filter=lost linear=0.15 angular=0.00 cw_y=462 right_done=True start_turn=False count_turn=0 traffic=None stop=False[0m
[self_driving-10] [0m[INFO] [1782540890.042101941] [self_driving]: [DEBUG_DRIVE] state=LINE_FOLLOW raw_lane_x=-1 lane_x=62.5 filter=hold_last linear=0.15 angular=0.10 cw_y=462 right_done=True start_turn=False count_turn=0 traffic=None stop=False[0m
[self_driving-10] [0m[INFO] [1782540890.200313589] [self_driving]: [IMAGE] received count=1630 shape=(480, 640, 3) queue=0[0m
[self_driving-10] [33m[WARN] [1782540890.205907033] [self_driving]: [LANE_X_JUMP_REJECT] raw=314.0 last=62.5 diff=251.5 candidate=314.0 cnt=1/4[0m
[self_driving-10] [0m[INFO] [1782540890.389704719] [self_driving]: [OBJECTS] msg_count=255 n=1 names=['crosswalk'][0m
[self_driving-10] [0m[INFO] [1782540890.451307570] [self_driving]: [LANE_X_JUMP_ACCEPT] raw=301.0 last=301.0 cnt=4/4[0m
[self_driving-10] [0m[INFO] [1782540890.613850441] [self_driving]: [CROSSWALK_IGNORE] y=42 < th=180[0m
[self_driving-10] [0m[INFO] [1782540890.614832681] [self_driving]: [DEBUG_DRIVE] state=LINE_FOLLOW raw_lane_x=273.0 lane_x=273.0 filter=stable linear=0.15 angular=-0.45 cw_y=42 right_done=True start_turn=False count_turn=3 traffic=None stop=False[0m
[self_driving-10] [33m[WARN] [1782540891.002274329] [self_driving]: [LANE_X_JUMP_REJECT] raw=295.0 last=192.5 diff=102.5 candidate=295.0 cnt=1/4[0m
[self_driving-10] [0m[INFO] [1782540891.175210311] [self_driving]: [CROSSWALK_IGNORE] y=42 < th=180[0m
[self_driving-10] [0m[INFO] [1782540891.176866125] [self_driving]: [DEBUG_DRIVE] state=LINE_FOLLOW raw_lane_x=172.5 lane_x=172.5 filter=stable linear=0.15 angular=0.00 cw_y=42 right_done=True start_turn=True count_turn=0 traffic=None stop=False[0m
[self_driving-10] [0m[INFO] [1782540891.440288625] [self_driving]: [OBJECTS] msg_count=256 n=1 names=['crosswalk'][0m
[self_driving-10] [33m[WARN] [1782540891.650222607] [self_driving]: [LANE_X_JUMP_REJECT] raw=76.5 last=244.5 diff=168.0 candidate=76.5 cnt=1/4[0m
[self_driving-10] [0m[INFO] [1782540891.741714310] [self_driving]: [DEBUG_DRIVE] state=LINE_FOLLOW raw_lane_x=228.0 lane_x=228.0 filter=stable linear=0.15 angular=-0.45 cw_y=392 right_done=True start_turn=True count_turn=6 traffic=None stop=False[0m
[self_driving-10] [0m[INFO] [1782540892.104455792] [self_driving]: [OBJECTS] msg_count=257 n=1 names=['crosswalk'][0m
[self_driving-10] [0m[INFO] [1782540892.151724792] [self_driving]: [CROSSWALK_SLOW_DONE] return normal speed[0m
[self_driving-10] [0m[INFO] [1782540892.212913532] [self_driving]: [IMAGE] received count=1655 shape=(480, 640, 3) queue=0[0m
[self_driving-10] [0m[INFO] [1782540892.302335810] [self_driving]: [DEBUG_DRIVE] state=LINE_FOLLOW raw_lane_x=-1 lane_x=213.0 filter=hold_last linear=0.30 angular=-0.45 cw_y=418 right_done=True start_turn=True count_turn=13 traffic=None stop=False[0m
[self_driving-10] [33m[WARN] [1782540892.371747477] [self_driving]: [LANE_LOST] raw_lane_x=-1 lane_x=-1 filter=lost stop=False state=LINE_FOLLOW safe_linear=0.05 right_ready=False right_done=True[0m
[self_driving-10] [0m[INFO] [1782540892.470271977] [self_driving]: [CROSSWALK_SLOW] y=418 th=180 confirm=4[0m
[self_driving-10] [0m[INFO] [1782540892.896256921] [self_driving]: [DEBUG_DRIVE] state=LINE_FOLLOW raw_lane_x=217.0 lane_x=217.0 filter=stable linear=0.15 angular=-0.45 cw_y=418 right_done=True start_turn=True count_turn=16 traffic=None stop=False[0m
[self_driving-10] [0m[INFO] [1782540893.404311661] [self_driving]: [DEBUG_DRIVE] state=LINE_FOLLOW raw_lane_x=277.5 lane_x=277.5 filter=stable linear=0.15 angular=-0.45 cw_y=418 right_done=True start_turn=True count_turn=23 traffic=None stop=False[0m
[self_driving-10] [0m[INFO] [1782540893.494040365] [self_driving]: [OBJECTS] msg_count=258 n=1 names=['crosswalk'][0m
[self_driving-10] [33m[WARN] [1782540893.562802143] [self_driving]: [LANE_X_JUMP_REJECT] raw=14.0 last=306.0 diff=292.0 candidate=14.0 cnt=1/4[0m
[self_driving-10] [0m[INFO] [1782540893.964528309] [self_driving]: [DEBUG_DRIVE] state=LINE_FOLLOW raw_lane_x=-1 lane_x=231.5 filter=hold_last linear=0.15 angular=-0.45 cw_y=452 right_done=True start_turn=True count_turn=31 traffic=None stop=False[0m
[self_driving-10] [33m[WARN] [1782540894.095180068] [self_driving]: [LANE_LOST] raw_lane_x=-1 lane_x=-1 filter=lost stop=False state=LINE_FOLLOW safe_linear=0.05 right_ready=False right_done=True[0m
[self_driving-10] [0m[INFO] [1782540894.241028920] [self_driving]: [IMAGE] received count=1682 shape=(480, 640, 3) queue=0[0m
[self_driving-10] [0m[INFO] [1782540894.501644938] [self_driving]: [DEBUG_DRIVE] state=LINE_FOLLOW raw_lane_x=-1 lane_x=-1 filter=lost linear=0.15 angular=0.00 cw_y=452 right_done=True start_turn=True count_turn=32 traffic=None stop=False[0m
[self_driving-10] [33m[WARN] [1782540894.634179049] [self_driving]: [LANE_LOST] raw_lane_x=-1 lane_x=-1 filter=lost stop=False state=LINE_FOLLOW safe_linear=0.05 right_ready=False right_done=True[0m
[self_driving-10] [0m[INFO] [1782540895.034944253] [self_driving]: [DEBUG_DRIVE] state=LINE_FOLLOW raw_lane_x=-1 lane_x=-1 filter=lost linear=0.15 angular=0.00 cw_y=452 right_done=True start_turn=True count_turn=32 traffic=None stop=False[0m
[self_driving-10] [0m[INFO] [1782540895.164525901] [self_driving]: [CROSSWALK_SLOW_DONE] return normal speed[0m
[self_driving-10] [33m[WARN] [1782540895.167574364] [self_driving]: [LANE_LOST] raw_lane_x=-1 lane_x=-1 filter=lost stop=False state=LINE_FOLLOW safe_linear=0.05 right_ready=False right_done=True[0m
[self_driving-10] [0m[INFO] [1782540895.426112956] [self_driving]: [CROSSWALK_SLOW] y=452 th=180 confirm=4[0m
[self_driving-10] [0m[INFO] [1782540895.558894530] [self_driving]: [DEBUG_DRIVE] state=LINE_FOLLOW raw_lane_x=-1 lane_x=-1 filter=lost linear=0.15 angular=0.00 cw_y=452 right_done=True start_turn=True count_turn=32 traffic=None stop=False[0m
[self_driving-10] [33m[WARN] [1782540895.701764530] [self_driving]: [LANE_LOST] raw_lane_x=-1 lane_x=-1 filter=lost stop=False state=LINE_FOLLOW safe_linear=0.05 right_ready=False right_done=True[0m
[self_driving-10] [33m[WARN] [1782540896.112169345] [self_driving]: [LANE_X_JUMP_REJECT] raw=102.0 last=231.5 diff=129.5 candidate=102.0 cnt=1/4[0m
[self_driving-10] [0m[INFO] [1782540896.118436548] [self_driving]: [DEBUG_DRIVE] state=LINE_FOLLOW raw_lane_x=102.0 lane_x=231.5 filter=jump_reject linear=0.15 angular=-0.45 cw_y=452 right_done=True start_turn=True count_turn=33 traffic=None stop=False[0m
[self_driving-10] [0m[INFO] [1782540896.298853678] [self_driving]: [IMAGE] received count=1713 shape=(480, 640, 3) queue=0[0m
[self_driving-10] [33m[WARN] [1782540896.307044604] [self_driving]: [LANE_LOST] raw_lane_x=-1 lane_x=-1 filter=lost stop=False state=LINE_FOLLOW safe_linear=0.05 right_ready=False right_done=True[0m
[self_driving-10] [0m[INFO] [1782540896.648635085] [self_driving]: [DEBUG_DRIVE] state=LINE_FOLLOW raw_lane_x=-1 lane_x=-1 filter=lost linear=0.15 angular=0.00 cw_y=452 right_done=True start_turn=True count_turn=35 traffic=None stop=False[0m
[self_driving-10] [33m[WARN] [1782540896.835346863] [self_driving]: [LANE_LOST] raw_lane_x=-1 lane_x=-1 filter=lost stop=False state=LINE_FOLLOW safe_linear=0.05 right_ready=False right_done=True[0m
[self_driving-10] [0m[INFO] [1782540897.197393140] [self_driving]: [DEBUG_DRIVE] state=LINE_FOLLOW raw_lane_x=-1 lane_x=-1 filter=lost linear=0.15 angular=0.00 cw_y=452 right_done=True start_turn=True count_turn=35 traffic=None stop=False[0m
[self_driving-10] [33m[WARN] [1782540897.387686622] [self_driving]: [LANE_LOST] raw_lane_x=-1 lane_x=-1 filter=lost stop=False state=LINE_FOLLOW safe_linear=0.05 right_ready=False right_done=True[0m
[self_driving-10] [0m[INFO] [1782540897.726542418] [self_driving]: [DEBUG_DRIVE] state=LINE_FOLLOW raw_lane_x=-1 lane_x=-1 filter=lost linear=0.15 angular=0.00 cw_y=452 right_done=True start_turn=True count_turn=35 traffic=None stop=False[0m
[self_driving-10] [33m[WARN] [1782540897.927522103] [self_driving]: [LANE_LOST] raw_lane_x=-1 lane_x=-1 filter=lost stop=False state=LINE_FOLLOW safe_linear=0.05 right_ready=False right_done=True[0m
[self_driving-10] [33m[WARN] [1782540898.042230473] [self_driving]: [LANE_X_JUMP_REJECT] raw=14.0 last=231.5 diff=217.5 candidate=38.0 cnt=2/4[0m
[self_driving-10] [0m[INFO] [1782540898.110535177] [self_driving]: [CROSSWALK_SLOW_DONE] return normal speed[0m
[self_driving-10] [0m[INFO] [1782540898.209663918] [self_driving]: [LANE_X_JUMP_ACCEPT] raw=16.0 last=16.0 cnt=4/4[0m
[self_driving-10] [0m[INFO] [1782540898.263884492] [self_driving]: [DEBUG_DRIVE] state=LINE_FOLLOW raw_lane_x=-1 lane_x=16.0 filter=hold_last linear=0.30 angular=0.10 cw_y=452 right_done=True start_turn=False count_turn=0 traffic=None stop=False[0m
[self_driving-10] [0m[INFO] [1782540898.332926103] [self_driving]: [IMAGE] received count=1743 shape=(480, 640, 3) queue=0[0m
[self_driving-10] [0m[INFO] [1782540898.387915177] [self_driving]: [CROSSWALK_SLOW] y=452 th=180 confirm=4[0m
[self_driving-10] [33m[WARN] [1782540898.594786862] [self_driving]: [LANE_LOST] raw_lane_x=-1 lane_x=-1 filter=lost stop=False state=LINE_FOLLOW safe_linear=0.05 right_ready=False right_done=True[0m
[self_driving-10] [0m[INFO] [1782540898.797062880] [self_driving]: [DEBUG_DRIVE] state=LINE_FOLLOW raw_lane_x=-1 lane_x=-1 filter=lost linear=0.15 angular=0.00 cw_y=452 right_done=True start_turn=False count_turn=0 traffic=None stop=False[0m
[self_driving-10] [33m[WARN] [1782540899.132144343] [self_driving]: [LANE_LOST] raw_lane_x=-1 lane_x=-1 filter=lost stop=False state=LINE_FOLLOW safe_linear=0.05 right_ready=False right_done=True[0m
[self_driving-10] [0m[INFO] [1782540899.356160769] [self_driving]: [DEBUG_DRIVE] state=LINE_FOLLOW raw_lane_x=-1 lane_x=-1 filter=lost linear=0.15 angular=0.00 cw_y=452 right_done=True start_turn=False count_turn=0 traffic=None stop=False[0m
[self_driving-10] [33m[WARN] [1782540899.687472843] [self_driving]: [LANE_LOST] raw_lane_x=-1 lane_x=-1 filter=lost stop=False state=LINE_FOLLOW safe_linear=0.05 right_ready=False right_done=True[0m
[self_driving-10] [0m[INFO] [1782540899.872326417] [self_driving]: [DEBUG_DRIVE] state=LINE_FOLLOW raw_lane_x=-1 lane_x=-1 filter=lost linear=0.15 angular=0.00 cw_y=452 right_done=True start_turn=False count_turn=0 traffic=None stop=False[0m
[self_driving-10] [33m[WARN] [1782540900.208722620] [self_driving]: [LANE_LOST] raw_lane_x=-1 lane_x=-1 filter=lost stop=False state=LINE_FOLLOW safe_linear=0.05 right_ready=False right_done=True[0m
[self_driving-10] [0m[INFO] [1782540900.335846861] [self_driving]: [IMAGE] received count=1773 shape=(480, 640, 3) queue=0[0m
[self_driving-10] [0m[INFO] [1782540900.402976305] [self_driving]: [DEBUG_DRIVE] state=LINE_FOLLOW raw_lane_x=-1 lane_x=-1 filter=lost linear=0.15 angular=0.00 cw_y=452 right_done=True start_turn=False count_turn=0 traffic=None stop=False[0m
[self_driving-10] [33m[WARN] [1782540900.736380249] [self_driving]: [LANE_LOST] raw_lane_x=-1 lane_x=-1 filter=lost stop=False state=LINE_FOLLOW safe_linear=0.05 right_ready=False right_done=True[0m
[self_driving-10] [0m[INFO] [1782540900.949854657] [self_driving]: [DEBUG_DRIVE] state=LINE_FOLLOW raw_lane_x=-1 lane_x=-1 filter=lost linear=0.15 angular=0.00 cw_y=452 right_done=True start_turn=False count_turn=0 traffic=None stop=False[0m
[self_driving-10] [0m[INFO] [1782540901.082025175] [self_driving]: [CROSSWALK_SLOW_DONE] return normal speed[0m
[self_driving-10] [0m[INFO] [1782540901.207860823] [self_driving]: [OBJECTS] msg_count=261 n=1 names=['crosswalk'][0m
[self_driving-10] [0m[INFO] [1782540901.219366416] [self_driving]: [TRAFFIC_CANDIDATE] name=green valid=False cx=115 cy=89 area=23956 score=0.37 min_area=800[0m
[self_driving-10] [33m[WARN] [1782540901.296429897] [self_driving]: [LANE_LOST] raw_lane_x=-1 lane_x=-1 filter=lost stop=False state=LINE_FOLLOW safe_linear=0.05 right_ready=False right_done=True[0m
[self_driving-10] [0m[INFO] [1782540901.495328582] [self_driving]: [DEBUG_DRIVE] state=LINE_FOLLOW raw_lane_x=-1 lane_x=-1 filter=lost linear=0.30 angular=0.00 cw_y=0 right_done=True start_turn=False count_turn=0 traffic=None stop=False[0m
[self_driving-10] [33m[WARN] [1782540901.827795489] [self_driving]: [LANE_LOST] raw_lane_x=-1 lane_x=-1 filter=lost stop=False state=LINE_FOLLOW safe_linear=0.05 right_ready=False right_done=True[0m
[self_driving-10] [0m[INFO] [1782540902.015802026] [self_driving]: [DEBUG_DRIVE] state=LINE_FOLLOW raw_lane_x=-1 lane_x=-1 filter=lost linear=0.30 angular=0.00 cw_y=0 right_done=True start_turn=False count_turn=0 traffic=None stop=False[0m
[self_driving-10] [0m[INFO] [1782540902.354412897] [self_driving]: [IMAGE] received count=1803 shape=(480, 640, 3) queue=0[0m
[self_driving-10] [33m[WARN] [1782540902.364343693] [self_driving]: [LANE_LOST] raw_lane_x=-1 lane_x=-1 filter=lost stop=False state=LINE_FOLLOW safe_linear=0.05 right_ready=False right_done=True[0m
[self_driving-10] [0m[INFO] [1782540902.552948359] [self_driving]: [DEBUG_DRIVE] state=LINE_FOLLOW raw_lane_x=-1 lane_x=-1 filter=lost linear=0.30 angular=0.00 cw_y=0 right_done=True start_turn=False count_turn=0 traffic=None stop=False[0m
[self_driving-10] [33m[WARN] [1782540902.881716656] [self_driving]: [LANE_LOST] raw_lane_x=-1 lane_x=-1 filter=lost stop=False state=LINE_FOLLOW safe_linear=0.05 right_ready=False right_done=True[0m
[self_driving-10] [0m[INFO] [1782540903.091820748] [self_driving]: [DEBUG_DRIVE] state=LINE_FOLLOW raw_lane_x=-1 lane_x=-1 filter=lost linear=0.30 angular=0.00 cw_y=0 right_done=True start_turn=False count_turn=0 traffic=None stop=False[0m
[self_driving-10] [33m[WARN] [1782540903.441557377] [self_driving]: [LANE_LOST] raw_lane_x=-1 lane_x=-1 filter=lost stop=False state=LINE_FOLLOW safe_linear=0.05 right_ready=False right_done=True[0m
[self_driving-10] [0m[INFO] [1782540903.629403840] [self_driving]: [DEBUG_DRIVE] state=LINE_FOLLOW raw_lane_x=-1 lane_x=-1 filter=lost linear=0.30 angular=0.00 cw_y=0 right_done=True start_turn=False count_turn=0 traffic=None stop=False[0m
[self_driving-10] [33m[WARN] [1782540903.962007433] [self_driving]: [LANE_LOST] raw_lane_x=-1 lane_x=-1 filter=lost stop=False state=LINE_FOLLOW safe_linear=0.05 right_ready=False right_done=True[0m
[self_driving-10] [0m[INFO] [1782540904.170512099] [self_driving]: [DEBUG_DRIVE] state=LINE_FOLLOW raw_lane_x=-1 lane_x=-1 filter=lost linear=0.30 angular=0.00 cw_y=0 right_done=True start_turn=False count_turn=0 traffic=None stop=False[0m
[self_driving-10] [0m[INFO] [1782540904.360224895] [self_driving]: [IMAGE] received count=1833 shape=(480, 640, 3) queue=0[0m
[self_driving-10] [33m[WARN] [1782540904.516035414] [self_driving]: [LANE_LOST] raw_lane_x=-1 lane_x=-1 filter=lost stop=False state=LINE_FOLLOW safe_linear=0.05 right_ready=False right_done=True[0m
[self_driving-10] [0m[INFO] [1782540904.711304710] [self_driving]: [DEBUG_DRIVE] state=LINE_FOLLOW raw_lane_x=-1 lane_x=-1 filter=lost linear=0.30 angular=0.00 cw_y=0 right_done=True start_turn=False count_turn=0 traffic=None stop=False[0m
[self_driving-10] [33m[WARN] [1782540905.046819913] [self_driving]: [LANE_LOST] raw_lane_x=-1 lane_x=-1 filter=lost stop=False state=LINE_FOLLOW safe_linear=0.05 right_ready=False right_done=True[0m
[self_driving-10] [0m[INFO] [1782540905.250480876] [self_driving]: [DEBUG_DRIVE] state=LINE_FOLLOW raw_lane_x=-1 lane_x=-1 filter=lost linear=0.30 angular=0.00 cw_y=0 right_done=True start_turn=False count_turn=0 traffic=None stop=False[0m
[self_driving-10] [33m[WARN] [1782540905.580083524] [self_driving]: [LANE_LOST] raw_lane_x=-1 lane_x=-1 filter=lost stop=False state=LINE_FOLLOW safe_linear=0.05 right_ready=False right_done=True[0m
[self_driving-10] [0m[INFO] [1782540905.776573061] [self_driving]: [DEBUG_DRIVE] state=LINE_FOLLOW raw_lane_x=-1 lane_x=-1 filter=lost linear=0.30 angular=0.00 cw_y=0 right_done=True start_turn=False count_turn=0 traffic=None stop=False[0m
[self_driving-10] [33m[WARN] [1782540906.111856394] [self_driving]: [LANE_LOST] raw_lane_x=-1 lane_x=-1 filter=lost stop=False state=LINE_FOLLOW safe_linear=0.05 right_ready=False right_done=True[0m
[self_driving-10] [0m[INFO] [1782540906.310274153] [self_driving]: [DEBUG_DRIVE] state=LINE_FOLLOW raw_lane_x=-1 lane_x=-1 filter=lost linear=0.30 angular=0.00 cw_y=0 right_done=True start_turn=False count_turn=0 traffic=None stop=False[0m
[self_driving-10] [0m[INFO] [1782540906.373112839] [self_driving]: [IMAGE] received count=1863 shape=(480, 640, 3) queue=0[0m
[self_driving-10] [33m[WARN] [1782540906.645528116] [self_driving]: [LANE_LOST] raw_lane_x=-1 lane_x=-1 filter=lost stop=False state=LINE_FOLLOW safe_linear=0.05 right_ready=False right_done=True[0m
[self_driving-10] [0m[INFO] [1782540906.852123209] [self_driving]: [DEBUG_DRIVE] state=LINE_FOLLOW raw_lane_x=-1 lane_x=-1 filter=lost linear=0.30 angular=0.00 cw_y=0 right_done=True start_turn=False count_turn=0 traffic=None stop=False[0m
[self_driving-10] [33m[WARN] [1782540907.198200134] [self_driving]: [LANE_LOST] raw_lane_x=-1 lane_x=-1 filter=lost stop=False state=LINE_FOLLOW safe_linear=0.05 right_ready=False right_done=True[0m
[self_driving-10] [0m[INFO] [1782540907.381650653] [self_driving]: [DEBUG_DRIVE] state=LINE_FOLLOW raw_lane_x=-1 lane_x=-1 filter=lost linear=0.30 angular=0.00 cw_y=0 right_done=True start_turn=False count_turn=0 traffic=None stop=False[0m
[self_driving-10] [33m[WARN] [1782540907.733558319] [self_driving]: [LANE_LOST] raw_lane_x=-1 lane_x=-1 filter=lost stop=False state=LINE_FOLLOW safe_linear=0.05 right_ready=False right_done=True[0m
[self_driving-10] [0m[INFO] [1782540907.940823041] [self_driving]: [DEBUG_DRIVE] state=LINE_FOLLOW raw_lane_x=-1 lane_x=-1 filter=lost linear=0.30 angular=0.00 cw_y=0 right_done=True start_turn=False count_turn=0 traffic=None stop=False[0m
[self_driving-10] [33m[WARN] [1782540908.257251319] [self_driving]: [LANE_LOST] raw_lane_x=-1 lane_x=-1 filter=lost stop=False state=LINE_FOLLOW safe_linear=0.05 right_ready=False right_done=True[0m
[self_driving-10] [0m[INFO] [1782540908.396252763] [self_driving]: [IMAGE] received count=1893 shape=(480, 640, 3) queue=0[0m
[self_driving-10] [0m[INFO] [1782540908.465764041] [self_driving]: [DEBUG_DRIVE] state=LINE_FOLLOW raw_lane_x=-1 lane_x=-1 filter=lost linear=0.30 angular=0.00 cw_y=0 right_done=True start_turn=False count_turn=0 traffic=None stop=False[0m
[self_driving-10] [33m[WARN] [1782540908.821849078] [self_driving]: [LANE_LOST] raw_lane_x=-1 lane_x=-1 filter=lost stop=False state=LINE_FOLLOW safe_linear=0.05 right_ready=False right_done=True[0m
[self_driving-10] [0m[INFO] [1782540909.000006633] [self_driving]: [DEBUG_DRIVE] state=LINE_FOLLOW raw_lane_x=-1 lane_x=-1 filter=lost linear=0.30 angular=0.00 cw_y=0 right_done=True start_turn=False count_turn=0 traffic=None stop=False[0m
[self_driving-10] [33m[WARN] [1782540909.337983226] [self_driving]: [LANE_LOST] raw_lane_x=-1 lane_x=-1 filter=lost stop=False state=LINE_FOLLOW safe_linear=0.05 right_ready=False right_done=True[0m
[self_driving-10] [0m[INFO] [1782540909.535584577] [self_driving]: [DEBUG_DRIVE] state=LINE_FOLLOW raw_lane_x=-1 lane_x=-1 filter=lost linear=0.30 angular=0.00 cw_y=0 right_done=True start_turn=False count_turn=0 traffic=None stop=False[0m
[self_driving-10] [33m[WARN] [1782540909.871194948] [self_driving]: [LANE_LOST] raw_lane_x=-1 lane_x=-1 filter=lost stop=False state=LINE_FOLLOW safe_linear=0.05 right_ready=False right_done=True[0m
[self_driving-10] [0m[INFO] [1782540910.083823299] [self_driving]: [DEBUG_DRIVE] state=LINE_FOLLOW raw_lane_x=-1 lane_x=-1 filter=lost linear=0.30 angular=0.00 cw_y=0 right_done=True start_turn=False count_turn=0 traffic=None stop=False[0m
[self_driving-10] [0m[INFO] [1782540910.412155392] [self_driving]: [IMAGE] received count=1923 shape=(480, 640, 3) queue=0[0m
[self_driving-10] [33m[WARN] [1782540910.418929170] [self_driving]: [LANE_LOST] raw_lane_x=-1 lane_x=-1 filter=lost stop=False state=LINE_FOLLOW safe_linear=0.05 right_ready=False right_done=True[0m
[self_driving-10] [0m[INFO] [1782540910.634165558] [self_driving]: [DEBUG_DRIVE] state=LINE_FOLLOW raw_lane_x=-1 lane_x=-1 filter=lost linear=0.30 angular=0.00 cw_y=0 right_done=True start_turn=False count_turn=0 traffic=None stop=False[0m
[self_driving-10] [33m[WARN] [1782540910.984697836] [self_driving]: [LANE_LOST] raw_lane_x=-1 lane_x=-1 filter=lost stop=False state=LINE_FOLLOW safe_linear=0.05 right_ready=False right_done=True[0m
[self_driving-10] [0m[INFO] [1782540911.155160188] [self_driving]: [DEBUG_DRIVE] state=LINE_FOLLOW raw_lane_x=-1 lane_x=-1 filter=lost linear=0.30 angular=0.00 cw_y=0 right_done=True start_turn=False count_turn=0 traffic=None stop=False[0m
[self_driving-10] [33m[WARN] [1782540911.497392058] [self_driving]: [LANE_LOST] raw_lane_x=-1 lane_x=-1 filter=lost stop=False state=LINE_FOLLOW safe_linear=0.05 right_ready=False right_done=True[0m
[self_driving-10] [0m[INFO] [1782540911.708373335] [self_driving]: [DEBUG_DRIVE] state=LINE_FOLLOW raw_lane_x=-1 lane_x=-1 filter=lost linear=0.30 angular=0.00 cw_y=0 right_done=True start_turn=False count_turn=0 traffic=None stop=False[0m
[self_driving-10] [33m[WARN] [1782540912.043720224] [self_driving]: [LANE_LOST] raw_lane_x=-1 lane_x=-1 filter=lost stop=False state=LINE_FOLLOW safe_linear=0.05 right_ready=False right_done=True[0m
[self_driving-10] [0m[INFO] [1782540912.235404668] [self_driving]: [DEBUG_DRIVE] state=LINE_FOLLOW raw_lane_x=-1 lane_x=-1 filter=lost linear=0.30 angular=0.00 cw_y=0 right_done=True start_turn=False count_turn=0 traffic=None stop=False[0m
[self_driving-10] [0m[INFO] [1782540912.433105594] [self_driving]: [IMAGE] received count=1953 shape=(480, 640, 3) queue=0[0m
[self_driving-10] [33m[WARN] [1782540912.569788650] [self_driving]: [LANE_LOST] raw_lane_x=-1 lane_x=-1 filter=lost stop=False state=LINE_FOLLOW safe_linear=0.05 right_ready=False right_done=True[0m
[self_driving-10] [0m[INFO] [1782540912.784003187] [self_driving]: [DEBUG_DRIVE] state=LINE_FOLLOW raw_lane_x=-1 lane_x=-1 filter=lost linear=0.30 angular=0.00 cw_y=0 right_done=True start_turn=False count_turn=0 traffic=None stop=False[0m
[self_driving-10] [33m[WARN] [1782540913.132952853] [self_driving]: [LANE_LOST] raw_lane_x=-1 lane_x=-1 filter=lost stop=False state=LINE_FOLLOW safe_linear=0.05 right_ready=False right_done=True[0m
[self_driving-10] [0m[INFO] [1782540913.310616964] [self_driving]: [DEBUG_DRIVE] state=LINE_FOLLOW raw_lane_x=-1 lane_x=-1 filter=lost linear=0.30 angular=0.00 cw_y=0 right_done=True start_turn=False count_turn=0 traffic=None stop=False[0m
[self_driving-10] [33m[WARN] [1782540913.643119168] [self_driving]: [LANE_LOST] raw_lane_x=-1 lane_x=-1 filter=lost stop=False state=LINE_FOLLOW safe_linear=0.05 right_ready=False right_done=True[0m
[self_driving-10] [0m[INFO] [1782540913.835514871] [self_driving]: [DEBUG_DRIVE] state=LINE_FOLLOW raw_lane_x=-1 lane_x=-1 filter=lost linear=0.30 angular=0.00 cw_y=0 right_done=True start_turn=False count_turn=0 traffic=None stop=False[0m
[self_driving-10] [33m[WARN] [1782540914.170086945] [self_driving]: [LANE_LOST] raw_lane_x=-1 lane_x=-1 filter=lost stop=False state=LINE_FOLLOW safe_linear=0.05 right_ready=False right_done=True[0m
[self_driving-10] [0m[INFO] [1782540914.336103556] [self_driving]: [DEBUG_DRIVE] state=LINE_FOLLOW raw_lane_x=-1 lane_x=-1 filter=lost linear=0.30 angular=0.00 cw_y=0 right_done=True start_turn=False count_turn=0 traffic=None stop=False[0m
[self_driving-10] [0m[INFO] [1782540914.446297537] [self_driving]: [IMAGE] received count=1983 shape=(480, 640, 3) queue=0[0m
[self_driving-10] [33m[WARN] [1782540914.733761223] [self_driving]: [LANE_LOST] raw_lane_x=-1 lane_x=-1 filter=lost stop=False state=LINE_FOLLOW safe_linear=0.05 right_ready=False right_done=True[0m
[self_driving-10] [0m[INFO] [1782540914.857950871] [self_driving]: [DEBUG_DRIVE] state=LINE_FOLLOW raw_lane_x=-1 lane_x=-1 filter=lost linear=0.30 angular=0.00 cw_y=0 right_done=True start_turn=False count_turn=0 traffic=None stop=False[0m
[self_driving-10] [33m[WARN] [1782540915.265962018] [self_driving]: [LANE_LOST] raw_lane_x=-1 lane_x=-1 filter=lost stop=False state=LINE_FOLLOW safe_linear=0.05 right_ready=False right_done=True[0m
[ekf_node-8] Failed to meet update rate! Took 0.011186166000000000859seconds. Try decreasing the rate, limiting sensor output frequency, or limiting the number of sensors.
[self_driving-10] [0m[INFO] [1782540915.400006537] [self_driving]: [DEBUG_DRIVE] state=LINE_FOLLOW raw_lane_x=-1 lane_x=-1 filter=lost linear=0.30 angular=0.00 cw_y=0 right_done=True start_turn=False count_turn=0 traffic=None stop=False[0m
[self_driving-10] [33m[WARN] [1782540915.797469537] [self_driving]: [LANE_LOST] raw_lane_x=-1 lane_x=-1 filter=lost stop=False state=LINE_FOLLOW safe_linear=0.05 right_ready=False right_done=True[0m
[self_driving-10] [0m[INFO] [1782540915.932745296] [self_driving]: [DEBUG_DRIVE] state=LINE_FOLLOW raw_lane_x=-1 lane_x=-1 filter=lost linear=0.30 angular=0.00 cw_y=0 right_done=True start_turn=False count_turn=0 traffic=None stop=False[0m
[self_driving-10] [33m[WARN] [1782540916.331409759] [self_driving]: [LANE_LOST] raw_lane_x=-1 lane_x=-1 filter=lost stop=False state=LINE_FOLLOW safe_linear=0.05 right_ready=False right_done=True[0m
[self_driving-10] [0m[INFO] [1782540916.484862518] [self_driving]: [IMAGE] received count=2013 shape=(480, 640, 3) queue=0[0m
[self_driving-10] [0m[INFO] [1782540916.494980629] [self_driving]: [DEBUG_DRIVE] state=LINE_FOLLOW raw_lane_x=-1 lane_x=-1 filter=lost linear=0.30 angular=0.00 cw_y=0 right_done=True start_turn=False count_turn=0 traffic=None stop=False[0m
