[INFO] [launch]: All log files can be found below /home/ubuntu/.ros/log/2026-06-27-10-21-25-844331-raspberrypi-128212
[INFO] [launch]: Default logging verbosity is set to INFO
[INFO] [ascamera_node-1]: process started with pid [128232]
[INFO] [static_transform_publisher-2]: process started with pid [128234]
[INFO] [static_transform_publisher-3]: process started with pid [128236]
[INFO] [joint_state_publisher-4]: process started with pid [128238]
[INFO] [robot_state_publisher-5]: process started with pid [128240]
[INFO] [ros_robot_controller-6]: process started with pid [128242]
[INFO] [odom_publisher-7]: process started with pid [128245]
[INFO] [ekf_node-8]: process started with pid [128258]
[INFO] [yolo_detect-9]: process started with pid [128263]
[INFO] [self_driving-10]: process started with pid [128272]
[ascamera_node-1] [0m[INFO] [1782555686.602485357] [as_logger]: hello world angstrong camera ros2 node[0m
[static_transform_publisher-2] [33m[WARN] [1782555686.584760245] []: Old-style arguments are deprecated; see --help for new-style arguments[0m
[static_transform_publisher-3] [33m[WARN] [1782555686.590129949] []: Old-style arguments are deprecated; see --help for new-style arguments[0m
[static_transform_publisher-2] [0m[INFO] [1782555686.640221264] [static_transform_publisher_KiHoHgDNvxdzmnw0]: Spinning until stopped - publishing transform
[static_transform_publisher-2] translation: ('0.000000', '0.000000', '0.000000')
[static_transform_publisher-2] rotation: ('-0.500000', '0.499602', '-0.500000', '0.500398')
[static_transform_publisher-2] from 'depth_cam' to 'ascamera_camera_link_0'[0m
[ascamera_node-1] 2026-06-27 10:21:26[INFO] [CameraPublisher.cpp] [1558] [printLaunchParams] get depth_width 640
[ascamera_node-1] 2026-06-27 10:21:26[INFO] [CameraPublisher.cpp] [1559] [printLaunchParams] get depth_height 480
[ascamera_node-1] 2026-06-27 10:21:26[INFO] [CameraPublisher.cpp] [1561] [printLaunchParams] get rgb_width 640
[ascamera_node-1] 2026-06-27 10:21:26[INFO] [CameraPublisher.cpp] [1562] [printLaunchParams] get rgb_height 480
[ascamera_node-1] 2026-06-27 10:21:26[INFO] [CameraPublisher.cpp] [1570] [printLaunchParams] get set_fps 15
[ascamera_node-1] 2026-06-27 10:21:26[INFO] [CameraPublisher.cpp] [1578] [printLaunchParams] get color_pcl 1
[ascamera_node-1] 2026-06-27 10:21:26[INFO] [CameraPublisher.cpp] [1582] [printLaunchParams] get pub_tfTree 1
[ascamera_node-1] 2026-06-27 10:21:26[INFO] [CameraSrv.cpp] [35] [CameraSrv] Angstrong camera server
[ascamera_node-1] 2026-06-27 10:21:26[INFO] [CameraSrv.cpp] [45] [CameraSrv] Angstrong camera sdk version:v1.2.22.20240516
[static_transform_publisher-3] [0m[INFO] [1782555686.666650727] [static_transform_publisher_GdzrdxyVESNDMQeF]: Spinning until stopped - publishing transform
[static_transform_publisher-3] translation: ('0.000000', '0.000000', '0.000000')
[static_transform_publisher-3] rotation: ('-0.500000', '0.499602', '-0.500000', '0.500398')
[static_transform_publisher-3] from 'depth_cam' to 'ascamera_color_0'[0m
[robot_state_publisher-5] [0m[INFO] [1782555686.699318542] [robot_state_publisher]: got segment base_footprint[0m
[robot_state_publisher-5] [0m[INFO] [1782555686.699549875] [robot_state_publisher]: got segment base_link[0m
[robot_state_publisher-5] [0m[INFO] [1782555686.699582579] [robot_state_publisher]: got segment depth_cam[0m
[robot_state_publisher-5] [0m[INFO] [1782555686.699597486] [robot_state_publisher]: got segment imu_link[0m
[robot_state_publisher-5] [0m[INFO] [1782555686.699609653] [robot_state_publisher]: got segment lidar_frame[0m
[robot_state_publisher-5] [0m[INFO] [1782555686.699618301] [robot_state_publisher]: got segment wheel_lb_Link[0m
[robot_state_publisher-5] [0m[INFO] [1782555686.699628023] [robot_state_publisher]: got segment wheel_lf_Link[0m
[robot_state_publisher-5] [0m[INFO] [1782555686.699636486] [robot_state_publisher]: got segment wheel_rb_Link[0m
[robot_state_publisher-5] [0m[INFO] [1782555686.699647542] [robot_state_publisher]: got segment wheel_rf_Link[0m
[joint_state_publisher-4] [0m[INFO] [1782555687.364784893] [joint_state_publisher]: Waiting for robot_description to be published on the robot_description topic...[0m
[odom_publisher-7] [0m[INFO] [1782555687.537230078] [odom_publisher]: [1;32m0.930000 1.010000[0m[0m
[odom_publisher-7] [0m[INFO] [1782555687.548696986] [odom_publisher]: [1;32mstart[0m[0m
[ascamera_node-1] 2026-06-27 10:21:27[INFO] [CameraSrv.cpp] [114] [onAttached] attached
[ascamera_node-1] 2026-06-27 10:21:27[INFO] [CameraSrv.cpp] [145] [onAttached] this is a new attach device, create and open it
[ros_robot_controller-6] [0m[INFO] [1782555688.101607967] [ros_robot_controller]: 已设置舵机 1 的偏移量为 0[0m
[ros_robot_controller-6] [0m[INFO] [1782555688.104360633] [ros_robot_controller]: 已设置舵机 2 的偏移量为 0[0m
[ros_robot_controller-6] [0m[INFO] [1782555688.106156467] [ros_robot_controller]: 已设置舵机 3 的偏移量为 4[0m
[ros_robot_controller-6] [0m[INFO] [1782555688.107672430] [ros_robot_controller]: 已设置舵机 4 的偏移量为 0[0m
[ros_robot_controller-6] [0m[INFO] [1782555688.119429874] [ros_robot_controller]: [1;32mstart[0m[0m
[self_driving-10] [0m[INFO] [1782555688.217723115] [self_driving]: [INIT] init_process started[0m
[self_driving-10] [0m[INFO] [1782555688.218258911] [self_driving]: [INIT] only_line_follow=False[0m
[self_driving-10] [0m[INFO] [1782555688.218694022] [self_driving]: [INIT] request /yolov5/start[0m
[ascamera_node-1] 2026-06-27 10:21:28[INFO] [CameraSrv.cpp] [154] [onAttached] get model type 9
[ascamera_node-1] 2026-06-27 10:21:28[INFO] [CameraSrv.cpp] [342] [getConfigFile] get file: /home/ubuntu/third_party_ros2/third_party_ws/src/ascamera/configurationfiles/hp60c_v2_00_20230704_configEncrypt.json
[ascamera_node-1] 2026-06-27 10:21:28[INFO] [CameraPublisher.cpp] [1501] [logCameraPathInfo] usb camera
[ascamera_node-1] 2026-06-27 10:21:28[INFO] [CameraPublisher.cpp] [1502] [logCameraPathInfo] bnum:1
[ascamera_node-1] 2026-06-27 10:21:28[INFO] [CameraPublisher.cpp] [1503] [logCameraPathInfo] dnum:3
[ascamera_node-1] 2026-06-27 10:21:28[INFO] [CameraPublisher.cpp] [1504] [logCameraPathInfo] port_numbers:2
[ascamera_node-1] 2026-06-27 10:21:28[INFO] [CameraPublisher.cpp] [171] [onCameraAttached] create a new publisher info set
[ascamera_node-1] 2026-06-27 10:21:28[INFO] [TfTreeFrameIdInfo.cpp] [11] [TfTreeFrameIdInfo] Namespace /ascamera
[ascamera_node-1] 2026-06-27 10:21:28[INFO] [CameraHp60c.cpp] [128] [open] according to the configuration file.
[ascamera_node-1] 2026-06-27 10:21:28[INFO] [CameraHp60c.cpp] [1528] [parseConfigFileParameter] moduleName:AS_CAM_HP60C
[ascamera_node-1] 2026-06-27 10:21:28[INFO] [CameraHp60c.cpp] [1555] [parseConfigFileParameter] Parsing config file /home/ubuntu/third_party_ros2/third_party_ws/src/ascamera/configurationfiles/hp60c_v2_00_20230704_configEncrypt.json
[ascamera_node-1] 2026-06-27 10:21:28[INFO] [CameraHp60c.cpp] [1620] [parseConfigFileParameter] configuration protocol Version: v2.x
[ascamera_node-1] 2026-06-27 10:21:28[INFO] [CameraHp60c.cpp] [1631] [parseConfigFileParameter] configuration Version: v2.0.0.20230704
[ascamera_node-1] 2026-06-27 10:21:28[INFO] [CameraHp60c.cpp] [1796] [setParamersAfterOpenCam] Camera confiParaEnable true, setting configuration parameter
[self_driving-10] [33m[WARN] [1782555690.221948873] [self_driving]: [YOLO_SERVICE] service not ready, continue without blocking[0m
[ascamera_node-1] 2026-06-27 10:21:30[ERROR] [XuCmdCameraHp60c.cpp] [454] [getMjpegSize] get mjpeg from xu command failed
[ascamera_node-1] 2026-06-27 10:21:30[INFO] [XuCmdCameraHp60c.cpp] [458] [getMjpegSize] mjpeg size:640x480
[ascamera_node-1] 2026-06-27 10:21:30[INFO] [CameraPublisher.cpp] [356] [onCameraOpen] camera opened
[ascamera_node-1] 2026-06-27 10:21:30[INFO] [CameraPublisher.cpp] [370] [onCameraOpen] get config info, ret 0, is_Registration 1
[ascamera_node-1] 2026-06-27 10:21:30[INFO] [Camera.cpp] [61] [init] #camera[0x555664b0a710] SN[ASC60CF08000515]'s firmware version:DLS_VERc20865=:V01.09_2024110714:V01.19_2024110714:L01
[ascamera_node-1] 2026-06-27 10:21:30[INFO] [CameraPublisher.cpp] [1183] [setResolution] set depth resolution: 640 x 480 @ 15fps
[ascamera_node-1] 2026-06-27 10:21:30[INFO] [CameraPublisher.cpp] [1197] [setResolution] set rgb resolution: 640 x 480 @ 15fps
[ascamera_node-1] 2026-06-27 10:21:30[INFO] [CameraHp60c.cpp] [260] [startStreaming] start streaming
[ascamera_node-1] 2026-06-27 10:21:30[INFO] [CameraSrv.cpp] [202] [onAttached] attached end
[self_driving-10] [0m[INFO] [1782555690.723146076] [self_driving]: [INIT] enter + set_running start[0m
[self_driving-10] [0m[INFO] [1782555690.723742261] [self_driving]: [1;32mself driving enter[0m[0m
[self_driving-10] [0m[INFO] [1782555690.733376428] [self_driving]: [SUB] image=/ascamera/camera_publisher/rgb0/image object=/yolov5_ros2/object_detect[0m
[self_driving-10] [0m[INFO] [1782555690.734282947] [self_driving]: [1;32mset_running[0m[0m
[self_driving-10] [0m[INFO] [1782555690.738420539] [self_driving]: [1;32m[START] hybrid self_driving start: auto LINE_FOLLOW[0m[0m
[INFO] [apply_calib-11]: process started with pid [128412]
[INFO] [complementary_filter_node-12]: process started with pid [128414]
[ascamera_node-1] 2026-06-27 10:21:31[INFO] [CameraHp60c.cpp] [912] [setInternalParameter] mjpeg info: size(640x480)
[complementary_filter_node-12] [0m[INFO] [1782555691.970145076] [imu_filter]: Starting ComplementaryFilterROS[0m
[apply_calib-11] [0m[INFO] [1782555692.011277594] [imu_calib]: Calibrating gyros; do not move the IMU[0m
[ascamera_node-1] 2026-06-27 10:21:32[INFO] [Camera.cpp] [127] [backgroundThread] SN [ ASC60CF08000515 ]'s parameter:
[ascamera_node-1] 2026-06-27 10:21:32[INFO] [Camera.cpp] [128] [backgroundThread] irfx: 426.962
[ascamera_node-1] 2026-06-27 10:21:32[INFO] [Camera.cpp] [129] [backgroundThread] irfy: 426.374
[ascamera_node-1] 2026-06-27 10:21:32[INFO] [Camera.cpp] [130] [backgroundThread] ircx: 315.403
[ascamera_node-1] 2026-06-27 10:21:32[INFO] [Camera.cpp] [131] [backgroundThread] ircy: 240.933
[ascamera_node-1] 2026-06-27 10:21:32[INFO] [Camera.cpp] [132] [backgroundThread] rgbfx: 570.48
[ascamera_node-1] 2026-06-27 10:21:32[INFO] [Camera.cpp] [133] [backgroundThread] rgbfy: 569.949
[ascamera_node-1] 2026-06-27 10:21:32[INFO] [Camera.cpp] [134] [backgroundThread] rgbcx: 329.75
[ascamera_node-1] 2026-06-27 10:21:32[INFO] [Camera.cpp] [135] [backgroundThread] rgbcy: 238.406
[ascamera_node-1] 
[self_driving-10] [0m[INFO] [1782555692.367898909] [self_driving]: [IMAGE] received count=1 shape=(480, 640, 3) queue=0[0m
[ascamera_node-1] 2026-06-27 10:21:32[INFO] [CameraHp60c.cpp] [1149] [streamCallback] set gain ret 0, gain 4
[self_driving-10] [33m[WARN] [1782555692.547244038] [self_driving]: [LANE_LOST] raw_lane_x=-1 lane_x=-1 filter=lost stop=False state=LINE_FOLLOW safe_linear=0.00 right_ready=False right_done=False[0m
[self_driving-10] [0m[INFO] [1782555692.547884427] [self_driving]: [DEBUG_DRIVE] state=LINE_FOLLOW raw_lane_x=-1 lane_x=-1 filter=lost linear=0.30 angular=0.00 cw_y=0 park_x=-1 park_approach=False park_fb_count=0 park_boot_go=0 right_done=False start_turn=False count_turn=0 traffic=None stop=False[0m
[self_driving-10] [33m[WARN] [1782555693.110792816] [self_driving]: [LANE_LOST] raw_lane_x=-1 lane_x=-1 filter=lost stop=False state=LINE_FOLLOW safe_linear=0.00 right_ready=False right_done=False[0m
[self_driving-10] [0m[INFO] [1782555693.111382112] [self_driving]: [DEBUG_DRIVE] state=LINE_FOLLOW raw_lane_x=-1 lane_x=-1 filter=lost linear=0.30 angular=0.00 cw_y=0 park_x=-1 park_approach=False park_fb_count=0 park_boot_go=0 right_done=False start_turn=False count_turn=0 traffic=None stop=False[0m
[yolo_detect-9] [0m[INFO] [1782555693.600144686] [yolov5_ros2]: Current ROS 2 distribution: humble[0m
[self_driving-10] [33m[WARN] [1782555693.638218038] [self_driving]: [LANE_LOST] raw_lane_x=-1 lane_x=-1 filter=lost stop=False state=LINE_FOLLOW safe_linear=0.00 right_ready=False right_done=False[0m
[self_driving-10] [0m[INFO] [1782555693.638783093] [self_driving]: [DEBUG_DRIVE] state=LINE_FOLLOW raw_lane_x=-1 lane_x=-1 filter=lost linear=0.30 angular=0.00 cw_y=0 park_x=-1 park_approach=False park_fb_count=0 park_boot_go=0 right_done=False start_turn=False count_turn=0 traffic=None stop=False[0m
[apply_calib-11] [0m[INFO] [1782555694.062435815] [imu_calib]: Gyro calibration complete! (bias = [-0.013, 0.030, 0.000])[0m
[self_driving-10] [33m[WARN] [1782555694.175665611] [self_driving]: [LANE_LOST] raw_lane_x=-1 lane_x=-1 filter=lost stop=False state=LINE_FOLLOW safe_linear=0.00 right_ready=False right_done=False[0m
[self_driving-10] [0m[INFO] [1782555694.176466482] [self_driving]: [DEBUG_DRIVE] state=LINE_FOLLOW raw_lane_x=-1 lane_x=-1 filter=lost linear=0.30 angular=0.00 cw_y=0 park_x=-1 park_approach=False park_fb_count=0 park_boot_go=0 right_done=False start_turn=False count_turn=0 traffic=None stop=False[0m
[self_driving-10] [0m[INFO] [1782555694.375587796] [self_driving]: [IMAGE] received count=31 shape=(480, 640, 3) queue=0[0m
[self_driving-10] [33m[WARN] [1782555694.711900629] [self_driving]: [LANE_LOST] raw_lane_x=-1 lane_x=-1 filter=lost stop=False state=LINE_FOLLOW safe_linear=0.00 right_ready=False right_done=False[0m
[self_driving-10] [0m[INFO] [1782555694.712486259] [self_driving]: [DEBUG_DRIVE] state=LINE_FOLLOW raw_lane_x=-1 lane_x=-1 filter=lost linear=0.30 angular=0.00 cw_y=0 park_x=-1 park_approach=False park_fb_count=0 park_boot_go=0 right_done=False start_turn=False count_turn=0 traffic=None stop=False[0m
[self_driving-10] [33m[WARN] [1782555695.249278925] [self_driving]: [LANE_LOST] raw_lane_x=-1 lane_x=-1 filter=lost stop=False state=LINE_FOLLOW safe_linear=0.00 right_ready=False right_done=False[0m
[self_driving-10] [0m[INFO] [1782555695.250001722] [self_driving]: [DEBUG_DRIVE] state=LINE_FOLLOW raw_lane_x=-1 lane_x=-1 filter=lost linear=0.30 angular=0.00 cw_y=0 park_x=-1 park_approach=False park_fb_count=0 park_boot_go=0 right_done=False start_turn=False count_turn=0 traffic=None stop=False[0m
[self_driving-10] [33m[WARN] [1782555695.787064573] [self_driving]: [LANE_LOST] raw_lane_x=-1 lane_x=-1 filter=lost stop=False state=LINE_FOLLOW safe_linear=0.00 right_ready=False right_done=False[0m
[self_driving-10] [0m[INFO] [1782555695.787698295] [self_driving]: [DEBUG_DRIVE] state=LINE_FOLLOW raw_lane_x=-1 lane_x=-1 filter=lost linear=0.30 angular=0.00 cw_y=0 park_x=-1 park_approach=False park_fb_count=0 park_boot_go=0 right_done=False start_turn=False count_turn=0 traffic=None stop=False[0m
[self_driving-10] [33m[WARN] [1782555696.351791628] [self_driving]: [LANE_LOST] raw_lane_x=-1 lane_x=-1 filter=lost stop=False state=LINE_FOLLOW safe_linear=0.00 right_ready=False right_done=False[0m
[self_driving-10] [0m[INFO] [1782555696.352437499] [self_driving]: [DEBUG_DRIVE] state=LINE_FOLLOW raw_lane_x=-1 lane_x=-1 filter=lost linear=0.30 angular=0.00 cw_y=0 park_x=-1 park_approach=False park_fb_count=0 park_boot_go=0 right_done=False start_turn=False count_turn=0 traffic=None stop=False[0m
[self_driving-10] [0m[INFO] [1782555696.403430128] [self_driving]: [IMAGE] received count=61 shape=(480, 640, 3) queue=0[0m
[self_driving-10] [33m[WARN] [1782555696.883190202] [self_driving]: [LANE_LOST] raw_lane_x=-1 lane_x=-1 filter=lost stop=False state=LINE_FOLLOW safe_linear=0.00 right_ready=False right_done=False[0m
[self_driving-10] [0m[INFO] [1782555696.884548517] [self_driving]: [DEBUG_DRIVE] state=LINE_FOLLOW raw_lane_x=-1 lane_x=-1 filter=lost linear=0.30 angular=0.00 cw_y=0 park_x=-1 park_approach=False park_fb_count=0 park_boot_go=0 right_done=False start_turn=False count_turn=0 traffic=None stop=False[0m
[self_driving-10] [33m[WARN] [1782555697.421101480] [self_driving]: [LANE_LOST] raw_lane_x=-1 lane_x=-1 filter=lost stop=False state=LINE_FOLLOW safe_linear=0.00 right_ready=False right_done=False[0m
[self_driving-10] [0m[INFO] [1782555697.424204017] [self_driving]: [DEBUG_DRIVE] state=LINE_FOLLOW raw_lane_x=-1 lane_x=-1 filter=lost linear=0.30 angular=0.00 cw_y=0 park_x=-1 park_approach=False park_fb_count=0 park_boot_go=0 right_done=False start_turn=False count_turn=0 traffic=None stop=False[0m
[self_driving-10] [33m[WARN] [1782555697.955139609] [self_driving]: [LANE_LOST] raw_lane_x=-1 lane_x=-1 filter=lost stop=False state=LINE_FOLLOW safe_linear=0.00 right_ready=False right_done=False[0m
[self_driving-10] [0m[INFO] [1782555697.955757868] [self_driving]: [DEBUG_DRIVE] state=LINE_FOLLOW raw_lane_x=-1 lane_x=-1 filter=lost linear=0.30 angular=0.00 cw_y=0 park_x=-1 park_approach=False park_fb_count=0 park_boot_go=0 right_done=False start_turn=False count_turn=0 traffic=None stop=False[0m
[self_driving-10] [0m[INFO] [1782555698.410660220] [self_driving]: [IMAGE] received count=91 shape=(480, 640, 3) queue=0[0m
[self_driving-10] [33m[WARN] [1782555698.480570053] [self_driving]: [LANE_LOST] raw_lane_x=-1 lane_x=-1 filter=lost stop=False state=LINE_FOLLOW safe_linear=0.00 right_ready=False right_done=False[0m
[self_driving-10] [0m[INFO] [1782555698.481215886] [self_driving]: [DEBUG_DRIVE] state=LINE_FOLLOW raw_lane_x=-1 lane_x=-1 filter=lost linear=0.30 angular=0.00 cw_y=0 park_x=-1 park_approach=False park_fb_count=0 park_boot_go=0 right_done=False start_turn=False count_turn=0 traffic=None stop=False[0m
[self_driving-10] [33m[WARN] [1782555699.038230275] [self_driving]: [LANE_LOST] raw_lane_x=-1 lane_x=-1 filter=lost stop=False state=LINE_FOLLOW safe_linear=0.00 right_ready=False right_done=False[0m
[self_driving-10] [0m[INFO] [1782555699.038798553] [self_driving]: [DEBUG_DRIVE] state=LINE_FOLLOW raw_lane_x=-1 lane_x=-1 filter=lost linear=0.30 angular=0.00 cw_y=0 park_x=-1 park_approach=False park_fb_count=0 park_boot_go=0 right_done=False start_turn=False count_turn=0 traffic=None stop=False[0m
[self_driving-10] [33m[WARN] [1782555699.572253256] [self_driving]: [LANE_LOST] raw_lane_x=-1 lane_x=-1 filter=lost stop=False state=LINE_FOLLOW safe_linear=0.00 right_ready=False right_done=False[0m
[self_driving-10] [0m[INFO] [1782555699.572887571] [self_driving]: [DEBUG_DRIVE] state=LINE_FOLLOW raw_lane_x=-1 lane_x=-1 filter=lost linear=0.30 angular=0.00 cw_y=0 park_x=-1 park_approach=False park_fb_count=0 park_boot_go=0 right_done=False start_turn=False count_turn=0 traffic=None stop=False[0m
[self_driving-10] [33m[WARN] [1782555700.109815886] [self_driving]: [LANE_LOST] raw_lane_x=-1 lane_x=-1 filter=lost stop=False state=LINE_FOLLOW safe_linear=0.00 right_ready=False right_done=False[0m
[self_driving-10] [0m[INFO] [1782555700.110572108] [self_driving]: [DEBUG_DRIVE] state=LINE_FOLLOW raw_lane_x=-1 lane_x=-1 filter=lost linear=0.30 angular=0.00 cw_y=0 park_x=-1 park_approach=False park_fb_count=0 park_boot_go=0 right_done=False start_turn=False count_turn=0 traffic=None stop=False[0m
[self_driving-10] [0m[INFO] [1782555700.429547126] [self_driving]: [IMAGE] received count=121 shape=(480, 640, 3) queue=0[0m
[self_driving-10] [33m[WARN] [1782555700.641454626] [self_driving]: [LANE_LOST] raw_lane_x=-1 lane_x=-1 filter=lost stop=False state=LINE_FOLLOW safe_linear=0.00 right_ready=False right_done=False[0m
[self_driving-10] [0m[INFO] [1782555700.642563719] [self_driving]: [DEBUG_DRIVE] state=LINE_FOLLOW raw_lane_x=-1 lane_x=-1 filter=lost linear=0.30 angular=0.00 cw_y=0 park_x=-1 park_approach=False park_fb_count=0 park_boot_go=0 right_done=False start_turn=False count_turn=0 traffic=None stop=False[0m
[self_driving-10] [33m[WARN] [1782555701.187938903] [self_driving]: [LANE_LOST] raw_lane_x=-1 lane_x=-1 filter=lost stop=False state=LINE_FOLLOW safe_linear=0.00 right_ready=False right_done=False[0m
[self_driving-10] [0m[INFO] [1782555701.188921607] [self_driving]: [DEBUG_DRIVE] state=LINE_FOLLOW raw_lane_x=-1 lane_x=-1 filter=lost linear=0.30 angular=0.00 cw_y=0 park_x=-1 park_approach=False park_fb_count=0 park_boot_go=0 right_done=False start_turn=False count_turn=0 traffic=None stop=False[0m
[self_driving-10] [33m[WARN] [1782555701.707174477] [self_driving]: [LANE_LOST] raw_lane_x=-1 lane_x=-1 filter=lost stop=False state=LINE_FOLLOW safe_linear=0.00 right_ready=False right_done=False[0m
[self_driving-10] [0m[INFO] [1782555701.707759366] [self_driving]: [DEBUG_DRIVE] state=LINE_FOLLOW raw_lane_x=-1 lane_x=-1 filter=lost linear=0.30 angular=0.00 cw_y=0 park_x=-1 park_approach=False park_fb_count=0 park_boot_go=0 right_done=False start_turn=False count_turn=0 traffic=None stop=False[0m
[self_driving-10] [33m[WARN] [1782555702.262859958] [self_driving]: [LANE_LOST] raw_lane_x=-1 lane_x=-1 filter=lost stop=False state=LINE_FOLLOW safe_linear=0.00 right_ready=False right_done=False[0m
[self_driving-10] [0m[INFO] [1782555702.263521514] [self_driving]: [DEBUG_DRIVE] state=LINE_FOLLOW raw_lane_x=-1 lane_x=-1 filter=lost linear=0.30 angular=0.00 cw_y=0 park_x=-1 park_approach=False park_fb_count=0 park_boot_go=0 right_done=False start_turn=False count_turn=0 traffic=None stop=False[0m
[self_driving-10] [0m[INFO] [1782555702.447575366] [self_driving]: [IMAGE] received count=151 shape=(480, 640, 3) queue=0[0m
[self_driving-10] [33m[WARN] [1782555702.782496551] [self_driving]: [LANE_LOST] raw_lane_x=-1 lane_x=-1 filter=lost stop=False state=LINE_FOLLOW safe_linear=0.00 right_ready=False right_done=False[0m
[self_driving-10] [0m[INFO] [1782555702.783090958] [self_driving]: [DEBUG_DRIVE] state=LINE_FOLLOW raw_lane_x=-1 lane_x=-1 filter=lost linear=0.30 angular=0.00 cw_y=0 park_x=-1 park_approach=False park_fb_count=0 park_boot_go=0 right_done=False start_turn=False count_turn=0 traffic=None stop=False[0m
[self_driving-10] [33m[WARN] [1782555703.328218291] [self_driving]: [LANE_LOST] raw_lane_x=-1 lane_x=-1 filter=lost stop=False state=LINE_FOLLOW safe_linear=0.00 right_ready=False right_done=False[0m
[self_driving-10] [0m[INFO] [1782555703.330079217] [self_driving]: [DEBUG_DRIVE] state=LINE_FOLLOW raw_lane_x=-1 lane_x=-1 filter=lost linear=0.30 angular=0.00 cw_y=0 park_x=-1 park_approach=False park_fb_count=0 park_boot_go=0 right_done=False start_turn=False count_turn=0 traffic=None stop=False[0m
[self_driving-10] [33m[WARN] [1782555703.867597050] [self_driving]: [LANE_LOST] raw_lane_x=-1 lane_x=-1 filter=lost stop=False state=LINE_FOLLOW safe_linear=0.00 right_ready=False right_done=False[0m
[self_driving-10] [0m[INFO] [1782555703.868165235] [self_driving]: [DEBUG_DRIVE] state=LINE_FOLLOW raw_lane_x=-1 lane_x=-1 filter=lost linear=0.30 angular=0.00 cw_y=0 park_x=-1 park_approach=False park_fb_count=0 park_boot_go=0 right_done=False start_turn=False count_turn=0 traffic=None stop=False[0m
[self_driving-10] [33m[WARN] [1782555704.401579976] [self_driving]: [LANE_LOST] raw_lane_x=-1 lane_x=-1 filter=lost stop=False state=LINE_FOLLOW safe_linear=0.00 right_ready=False right_done=False[0m
[self_driving-10] [0m[INFO] [1782555704.403510364] [self_driving]: [DEBUG_DRIVE] state=LINE_FOLLOW raw_lane_x=-1 lane_x=-1 filter=lost linear=0.30 angular=0.00 cw_y=0 park_x=-1 park_approach=False park_fb_count=0 park_boot_go=0 right_done=False start_turn=False count_turn=0 traffic=None stop=False[0m
[self_driving-10] [0m[INFO] [1782555704.468964235] [self_driving]: [IMAGE] received count=181 shape=(480, 640, 3) queue=0[0m
[self_driving-10] [33m[WARN] [1782555704.945559086] [self_driving]: [LANE_LOST] raw_lane_x=-1 lane_x=-1 filter=lost stop=False state=LINE_FOLLOW safe_linear=0.00 right_ready=False right_done=False[0m
[self_driving-10] [0m[INFO] [1782555704.948342772] [self_driving]: [DEBUG_DRIVE] state=LINE_FOLLOW raw_lane_x=-1 lane_x=-1 filter=lost linear=0.30 angular=0.00 cw_y=0 park_x=-1 park_approach=False park_fb_count=0 park_boot_go=0 right_done=False start_turn=False count_turn=0 traffic=None stop=False[0m
[self_driving-10] [33m[WARN] [1782555705.493477327] [self_driving]: [LANE_LOST] raw_lane_x=-1 lane_x=-1 filter=lost stop=False state=LINE_FOLLOW safe_linear=0.00 right_ready=False right_done=False[0m
[self_driving-10] [0m[INFO] [1782555705.494078790] [self_driving]: [DEBUG_DRIVE] state=LINE_FOLLOW raw_lane_x=-1 lane_x=-1 filter=lost linear=0.30 angular=0.00 cw_y=0 park_x=-1 park_approach=False park_fb_count=0 park_boot_go=0 right_done=False start_turn=False count_turn=0 traffic=None stop=False[0m
[self_driving-10] [33m[WARN] [1782555706.009473419] [self_driving]: [LANE_LOST] raw_lane_x=-1 lane_x=-1 filter=lost stop=False state=LINE_FOLLOW safe_linear=0.00 right_ready=False right_done=False[0m
[self_driving-10] [0m[INFO] [1782555706.010236475] [self_driving]: [DEBUG_DRIVE] state=LINE_FOLLOW raw_lane_x=-1 lane_x=-1 filter=lost linear=0.30 angular=0.00 cw_y=0 park_x=-1 park_approach=False park_fb_count=0 park_boot_go=0 right_done=False start_turn=False count_turn=0 traffic=None stop=False[0m
[self_driving-10] [0m[INFO] [1782555706.495406178] [self_driving]: [IMAGE] received count=211 shape=(480, 640, 3) queue=0[0m
[self_driving-10] [33m[WARN] [1782555706.557821734] [self_driving]: [LANE_LOST] raw_lane_x=-1 lane_x=-1 filter=lost stop=False state=LINE_FOLLOW safe_linear=0.00 right_ready=False right_done=False[0m
[self_driving-10] [0m[INFO] [1782555706.561375808] [self_driving]: [DEBUG_DRIVE] state=LINE_FOLLOW raw_lane_x=-1 lane_x=-1 filter=lost linear=0.30 angular=0.00 cw_y=0 park_x=-1 park_approach=False park_fb_count=0 park_boot_go=0 right_done=False start_turn=False count_turn=0 traffic=None stop=False[0m
[self_driving-10] [33m[WARN] [1782555707.095606048] [self_driving]: [LANE_LOST] raw_lane_x=-1 lane_x=-1 filter=lost stop=False state=LINE_FOLLOW safe_linear=0.00 right_ready=False right_done=False[0m
[self_driving-10] [0m[INFO] [1782555707.096232918] [self_driving]: [DEBUG_DRIVE] state=LINE_FOLLOW raw_lane_x=-1 lane_x=-1 filter=lost linear=0.30 angular=0.00 cw_y=0 park_x=-1 park_approach=False park_fb_count=0 park_boot_go=0 right_done=False start_turn=False count_turn=0 traffic=None stop=False[0m
[self_driving-10] [33m[WARN] [1782555707.630983511] [self_driving]: [LANE_LOST] raw_lane_x=-1 lane_x=-1 filter=lost stop=False state=LINE_FOLLOW safe_linear=0.00 right_ready=False right_done=False[0m
[self_driving-10] [0m[INFO] [1782555707.631790066] [self_driving]: [DEBUG_DRIVE] state=LINE_FOLLOW raw_lane_x=-1 lane_x=-1 filter=lost linear=0.30 angular=0.00 cw_y=0 park_x=-1 park_approach=False park_fb_count=0 park_boot_go=0 right_done=False start_turn=False count_turn=0 traffic=None stop=False[0m
[self_driving-10] [33m[WARN] [1782555708.188786047] [self_driving]: [LANE_LOST] raw_lane_x=-1 lane_x=-1 filter=lost stop=False state=LINE_FOLLOW safe_linear=0.00 right_ready=False right_done=False[0m
[self_driving-10] [0m[INFO] [1782555708.189297325] [self_driving]: [DEBUG_DRIVE] state=LINE_FOLLOW raw_lane_x=-1 lane_x=-1 filter=lost linear=0.30 angular=0.00 cw_y=0 park_x=-1 park_approach=False park_fb_count=0 park_boot_go=0 right_done=False start_turn=False count_turn=0 traffic=None stop=False[0m
[self_driving-10] [0m[INFO] [1782555708.500580362] [self_driving]: [IMAGE] received count=241 shape=(480, 640, 3) queue=0[0m
[self_driving-10] [33m[WARN] [1782555708.704989140] [self_driving]: [LANE_LOST] raw_lane_x=-1 lane_x=-1 filter=lost stop=False state=LINE_FOLLOW safe_linear=0.00 right_ready=False right_done=False[0m
[self_driving-10] [0m[INFO] [1782555708.705529825] [self_driving]: [DEBUG_DRIVE] state=LINE_FOLLOW raw_lane_x=-1 lane_x=-1 filter=lost linear=0.30 angular=0.00 cw_y=0 park_x=-1 park_approach=False park_fb_count=0 park_boot_go=0 right_done=False start_turn=False count_turn=0 traffic=None stop=False[0m
[self_driving-10] [33m[WARN] [1782555709.246399547] [self_driving]: [LANE_LOST] raw_lane_x=-1 lane_x=-1 filter=lost stop=False state=LINE_FOLLOW safe_linear=0.00 right_ready=False right_done=False[0m
[self_driving-10] [0m[INFO] [1782555709.247268010] [self_driving]: [DEBUG_DRIVE] state=LINE_FOLLOW raw_lane_x=-1 lane_x=-1 filter=lost linear=0.30 angular=0.00 cw_y=0 park_x=-1 park_approach=False park_fb_count=0 park_boot_go=0 right_done=False start_turn=False count_turn=0 traffic=None stop=False[0m
[self_driving-10] [33m[WARN] [1782555709.785959213] [self_driving]: [LANE_LOST] raw_lane_x=-1 lane_x=-1 filter=lost stop=False state=LINE_FOLLOW safe_linear=0.00 right_ready=False right_done=False[0m
[self_driving-10] [0m[INFO] [1782555709.786770732] [self_driving]: [DEBUG_DRIVE] state=LINE_FOLLOW raw_lane_x=-1 lane_x=-1 filter=lost linear=0.30 angular=0.00 cw_y=0 park_x=-1 park_approach=False park_fb_count=0 park_boot_go=0 right_done=False start_turn=False count_turn=0 traffic=None stop=False[0m
[self_driving-10] [33m[WARN] [1782555710.320137694] [self_driving]: [LANE_LOST] raw_lane_x=-1 lane_x=-1 filter=lost stop=False state=LINE_FOLLOW safe_linear=0.00 right_ready=False right_done=False[0m
[self_driving-10] [0m[INFO] [1782555710.322764231] [self_driving]: [DEBUG_DRIVE] state=LINE_FOLLOW raw_lane_x=-1 lane_x=-1 filter=lost linear=0.30 angular=0.00 cw_y=0 park_x=-1 park_approach=False park_fb_count=0 park_boot_go=0 right_done=False start_turn=False count_turn=0 traffic=None stop=False[0m
[self_driving-10] [0m[INFO] [1782555710.523737564] [self_driving]: [IMAGE] received count=271 shape=(480, 640, 3) queue=0[0m
[self_driving-10] [33m[WARN] [1782555710.877489286] [self_driving]: [LANE_LOST] raw_lane_x=-1 lane_x=-1 filter=lost stop=False state=LINE_FOLLOW safe_linear=0.00 right_ready=False right_done=False[0m
[self_driving-10] [0m[INFO] [1782555710.883596509] [self_driving]: [DEBUG_DRIVE] state=LINE_FOLLOW raw_lane_x=-1 lane_x=-1 filter=lost linear=0.30 angular=0.00 cw_y=0 park_x=-1 park_approach=False park_fb_count=0 park_boot_go=0 right_done=False start_turn=False count_turn=0 traffic=None stop=False[0m
[self_driving-10] [33m[WARN] [1782555711.398925082] [self_driving]: [LANE_LOST] raw_lane_x=-1 lane_x=-1 filter=lost stop=False state=LINE_FOLLOW safe_linear=0.00 right_ready=False right_done=False[0m
[self_driving-10] [0m[INFO] [1782555711.399424416] [self_driving]: [DEBUG_DRIVE] state=LINE_FOLLOW raw_lane_x=-1 lane_x=-1 filter=lost linear=0.30 angular=0.00 cw_y=0 park_x=-1 park_approach=False park_fb_count=0 park_boot_go=0 right_done=False start_turn=False count_turn=0 traffic=None stop=False[0m
[self_driving-10] [33m[WARN] [1782555711.931879564] [self_driving]: [LANE_LOST] raw_lane_x=-1 lane_x=-1 filter=lost stop=False state=LINE_FOLLOW safe_linear=0.00 right_ready=False right_done=False[0m
[self_driving-10] [0m[INFO] [1782555711.932356101] [self_driving]: [DEBUG_DRIVE] state=LINE_FOLLOW raw_lane_x=-1 lane_x=-1 filter=lost linear=0.30 angular=0.00 cw_y=0 park_x=-1 park_approach=False park_fb_count=0 park_boot_go=0 right_done=False start_turn=False count_turn=0 traffic=None stop=False[0m
[self_driving-10] [33m[WARN] [1782555712.483586082] [self_driving]: [LANE_LOST] raw_lane_x=-1 lane_x=-1 filter=lost stop=False state=LINE_FOLLOW safe_linear=0.00 right_ready=False right_done=False[0m
[self_driving-10] [0m[INFO] [1782555712.484095082] [self_driving]: [DEBUG_DRIVE] state=LINE_FOLLOW raw_lane_x=-1 lane_x=-1 filter=lost linear=0.30 angular=0.00 cw_y=0 park_x=-1 park_approach=False park_fb_count=0 park_boot_go=0 right_done=False start_turn=False count_turn=0 traffic=None stop=False[0m
[self_driving-10] [0m[INFO] [1782555712.603133193] [self_driving]: [IMAGE] received count=302 shape=(480, 640, 3) queue=0[0m
[self_driving-10] [0m[INFO] [1782555712.771194211] [self_driving]: [ALL_CLASSES] ['crosswalk'][0m
[self_driving-10] [0m[INFO] [1782555712.772034248] [self_driving]: [OBJECTS] msg_count=1 n=1 names=['crosswalk'][0m
[self_driving-10] [0m[INFO] [1782555712.992551674] [self_driving]: [CROSSWALK_IGNORE] y=28 < th=180[0m
[self_driving-10] [33m[WARN] [1782555712.997813137] [self_driving]: [LANE_LOST] raw_lane_x=-1 lane_x=-1 filter=lost stop=False state=LINE_FOLLOW safe_linear=0.00 right_ready=False right_done=False[0m
[self_driving-10] [0m[INFO] [1782555712.998464896] [self_driving]: [DEBUG_DRIVE] state=LINE_FOLLOW raw_lane_x=-1 lane_x=-1 filter=lost linear=0.30 angular=0.00 cw_y=28 park_x=-1 park_approach=False park_fb_count=0 park_boot_go=0 right_done=False start_turn=False count_turn=0 traffic=None stop=False[0m
[self_driving-10] [0m[INFO] [1782555713.546507100] [self_driving]: [CROSSWALK_IGNORE] y=28 < th=180[0m
[self_driving-10] [33m[WARN] [1782555713.548676896] [self_driving]: [LANE_LOST] raw_lane_x=-1 lane_x=-1 filter=lost stop=False state=LINE_FOLLOW safe_linear=0.00 right_ready=False right_done=False[0m
[self_driving-10] [0m[INFO] [1782555713.549150340] [self_driving]: [DEBUG_DRIVE] state=LINE_FOLLOW raw_lane_x=-1 lane_x=-1 filter=lost linear=0.30 angular=0.00 cw_y=28 park_x=-1 park_approach=False park_fb_count=0 park_boot_go=0 right_done=False start_turn=False count_turn=0 traffic=None stop=False[0m
[self_driving-10] [0m[INFO] [1782555713.758495451] [self_driving]: [ALL_CLASSES] ['crosswalk'][0m
[self_driving-10] [0m[INFO] [1782555713.764226655] [self_driving]: [OBJECTS] msg_count=2 n=1 names=['crosswalk'][0m
[self_driving-10] [0m[INFO] [1782555714.118725248] [self_driving]: [CROSSWALK_IGNORE] y=41 < th=180[0m
[self_driving-10] [33m[WARN] [1782555714.126795673] [self_driving]: [LANE_LOST] raw_lane_x=-1 lane_x=-1 filter=lost stop=False state=LINE_FOLLOW safe_linear=0.00 right_ready=False right_done=False[0m
[self_driving-10] [0m[INFO] [1782555714.130417155] [self_driving]: [DEBUG_DRIVE] state=LINE_FOLLOW raw_lane_x=-1 lane_x=-1 filter=lost linear=0.30 angular=0.00 cw_y=41 park_x=-1 park_approach=False park_fb_count=0 park_boot_go=0 right_done=False start_turn=False count_turn=0 traffic=None stop=False[0m
[self_driving-10] [0m[INFO] [1782555714.384260766] [self_driving]: [ALL_CLASSES] ['crosswalk'][0m
[self_driving-10] [0m[INFO] [1782555714.385221636] [self_driving]: [OBJECTS] msg_count=3 n=1 names=['crosswalk'][0m
[self_driving-10] [0m[INFO] [1782555714.392364377] [self_driving]: [ALL_CLASSES] ['crosswalk'][0m
[self_driving-10] [0m[INFO] [1782555714.634454821] [self_driving]: [IMAGE] received count=328 shape=(480, 640, 3) queue=0[0m
[self_driving-10] [0m[INFO] [1782555714.640903525] [self_driving]: [CROSSWALK_IGNORE] y=27 < th=180[0m
[self_driving-10] [0m[INFO] [1782555714.643557914] [self_driving]: [DEBUG_DRIVE] state=LINE_FOLLOW raw_lane_x=-1 lane_x=128.0 filter=hold_last linear=0.30 angular=0.10 cw_y=27 park_x=-1 park_approach=False park_fb_count=0 park_boot_go=0 right_done=False start_turn=False count_turn=0 traffic=None stop=False[0m
[self_driving-10] [33m[WARN] [1782555714.919832062] [self_driving]: [LANE_LOST] raw_lane_x=-1 lane_x=-1 filter=lost stop=False state=LINE_FOLLOW safe_linear=0.00 right_ready=False right_done=False[0m
[self_driving-10] [0m[INFO] [1782555715.049988691] [self_driving]: [ALL_CLASSES] ['crosswalk'][0m
[self_driving-10] [0m[INFO] [1782555715.055027191] [self_driving]: [OBJECTS] msg_count=5 n=1 names=['crosswalk'][0m
[self_driving-10] [0m[INFO] [1782555715.194840302] [self_driving]: [DEBUG_DRIVE] state=LINE_FOLLOW raw_lane_x=-1 lane_x=-1 filter=lost linear=0.30 angular=0.00 cw_y=303 park_x=-1 park_approach=False park_fb_count=0 park_boot_go=0 right_done=False start_turn=False count_turn=0 traffic=None stop=False[0m
[self_driving-10] [0m[INFO] [1782555715.321846451] [self_driving]: [CROSSWALK_SLOW] y=303 th=180 confirm=4[0m
[self_driving-10] [33m[WARN] [1782555715.468581210] [self_driving]: [LANE_LOST] raw_lane_x=-1 lane_x=-1 filter=lost stop=False state=LINE_FOLLOW safe_linear=0.00 right_ready=False right_done=False[0m
[self_driving-10] [0m[INFO] [1782555715.712683006] [self_driving]: [DEBUG_DRIVE] state=LINE_FOLLOW raw_lane_x=-1 lane_x=-1 filter=lost linear=0.15 angular=0.00 cw_y=303 park_x=-1 park_approach=False park_fb_count=0 park_boot_go=0 right_done=False start_turn=False count_turn=0 traffic=None stop=False[0m
[self_driving-10] [33m[WARN] [1782555715.977484691] [self_driving]: [LANE_LOST] raw_lane_x=-1 lane_x=-1 filter=lost stop=False state=LINE_FOLLOW safe_linear=0.00 right_ready=False right_done=False[0m
[self_driving-10] [0m[INFO] [1782555716.254657357] [self_driving]: [DEBUG_DRIVE] state=LINE_FOLLOW raw_lane_x=-1 lane_x=-1 filter=lost linear=0.15 angular=0.00 cw_y=303 park_x=-1 park_approach=False park_fb_count=0 park_boot_go=0 right_done=False start_turn=False count_turn=0 traffic=None stop=False[0m
[self_driving-10] [33m[WARN] [1782555716.533227746] [self_driving]: [LANE_LOST] raw_lane_x=-1 lane_x=-1 filter=lost stop=False state=LINE_FOLLOW safe_linear=0.00 right_ready=False right_done=False[0m
[self_driving-10] [0m[INFO] [1782555716.655535653] [self_driving]: [IMAGE] received count=358 shape=(480, 640, 3) queue=0[0m
[self_driving-10] [0m[INFO] [1782555716.801500598] [self_driving]: [DEBUG_DRIVE] state=LINE_FOLLOW raw_lane_x=-1 lane_x=-1 filter=lost linear=0.15 angular=0.00 cw_y=303 park_x=-1 park_approach=False park_fb_count=0 park_boot_go=0 right_done=False start_turn=False count_turn=0 traffic=None stop=False[0m
[self_driving-10] [33m[WARN] [1782555717.052424468] [self_driving]: [LANE_LOST] raw_lane_x=-1 lane_x=-1 filter=lost stop=False state=LINE_FOLLOW safe_linear=0.00 right_ready=False right_done=False[0m
[self_driving-10] [0m[INFO] [1782555717.326315653] [self_driving]: [DEBUG_DRIVE] state=LINE_FOLLOW raw_lane_x=-1 lane_x=-1 filter=lost linear=0.15 angular=0.00 cw_y=303 park_x=-1 park_approach=False park_fb_count=0 park_boot_go=0 right_done=False start_turn=False count_turn=0 traffic=None stop=False[0m
[self_driving-10] [33m[WARN] [1782555717.601039764] [self_driving]: [LANE_LOST] raw_lane_x=-1 lane_x=-1 filter=lost stop=False state=LINE_FOLLOW safe_linear=0.00 right_ready=False right_done=False[0m
[self_driving-10] [0m[INFO] [1782555717.876966097] [self_driving]: [DEBUG_DRIVE] state=LINE_FOLLOW raw_lane_x=-1 lane_x=-1 filter=lost linear=0.15 angular=0.00 cw_y=303 park_x=-1 park_approach=False park_fb_count=0 park_boot_go=0 right_done=False start_turn=False count_turn=0 traffic=None stop=False[0m
[self_driving-10] [0m[INFO] [1782555718.006250671] [self_driving]: [CROSSWALK_SLOW_DONE] return normal speed[0m
[self_driving-10] [33m[WARN] [1782555718.144037856] [self_driving]: [LANE_LOST] raw_lane_x=-1 lane_x=-1 filter=lost stop=False state=LINE_FOLLOW safe_linear=0.00 right_ready=False right_done=False[0m
[self_driving-10] [0m[INFO] [1782555718.280717078] [self_driving]: [CROSSWALK_SLOW] y=303 th=180 confirm=4[0m
[self_driving-10] [0m[INFO] [1782555718.417067949] [self_driving]: [DEBUG_DRIVE] state=LINE_FOLLOW raw_lane_x=-1 lane_x=-1 filter=lost linear=0.15 angular=0.00 cw_y=303 park_x=-1 park_approach=False park_fb_count=0 park_boot_go=0 right_done=False start_turn=False count_turn=0 traffic=None stop=False[0m
[self_driving-10] [0m[INFO] [1782555718.664991430] [self_driving]: [IMAGE] received count=388 shape=(480, 640, 3) queue=0[0m
[self_driving-10] [33m[WARN] [1782555718.673004856] [self_driving]: [LANE_LOST] raw_lane_x=-1 lane_x=-1 filter=lost stop=False state=LINE_FOLLOW safe_linear=0.00 right_ready=False right_done=False[0m
[self_driving-10] [0m[INFO] [1782555718.936031282] [self_driving]: [DEBUG_DRIVE] state=LINE_FOLLOW raw_lane_x=-1 lane_x=-1 filter=lost linear=0.15 angular=0.00 cw_y=303 park_x=-1 park_approach=False park_fb_count=0 park_boot_go=0 right_done=False start_turn=False count_turn=0 traffic=None stop=False[0m
[self_driving-10] [33m[WARN] [1782555719.215782744] [self_driving]: [LANE_LOST] raw_lane_x=-1 lane_x=-1 filter=lost stop=False state=LINE_FOLLOW safe_linear=0.00 right_ready=False right_done=False[0m
[self_driving-10] [0m[INFO] [1782555719.494463485] [self_driving]: [DEBUG_DRIVE] state=LINE_FOLLOW raw_lane_x=-1 lane_x=-1 filter=lost linear=0.15 angular=0.00 cw_y=303 park_x=-1 park_approach=False park_fb_count=0 park_boot_go=0 right_done=False start_turn=False count_turn=0 traffic=None stop=False[0m
[self_driving-10] [33m[WARN] [1782555719.749157022] [self_driving]: [LANE_LOST] raw_lane_x=-1 lane_x=-1 filter=lost stop=False state=LINE_FOLLOW safe_linear=0.00 right_ready=False right_done=False[0m
[self_driving-10] [0m[INFO] [1782555720.013291485] [self_driving]: [DEBUG_DRIVE] state=LINE_FOLLOW raw_lane_x=-1 lane_x=-1 filter=lost linear=0.15 angular=0.00 cw_y=303 park_x=-1 park_approach=False park_fb_count=0 park_boot_go=0 right_done=False start_turn=False count_turn=0 traffic=None stop=False[0m
[self_driving-10] [33m[WARN] [1782555720.292609892] [self_driving]: [LANE_LOST] raw_lane_x=-1 lane_x=-1 filter=lost stop=False state=LINE_FOLLOW safe_linear=0.00 right_ready=False right_done=False[0m
[self_driving-10] [0m[INFO] [1782555720.552027003] [self_driving]: [DEBUG_DRIVE] state=LINE_FOLLOW raw_lane_x=-1 lane_x=-1 filter=lost linear=0.15 angular=0.00 cw_y=303 park_x=-1 park_approach=False park_fb_count=0 park_boot_go=0 right_done=False start_turn=False count_turn=0 traffic=None stop=False[0m
[self_driving-10] [0m[INFO] [1782555720.690604077] [self_driving]: [IMAGE] received count=418 shape=(480, 640, 3) queue=0[0m
[self_driving-10] [33m[WARN] [1782555720.822706114] [self_driving]: [LANE_LOST] raw_lane_x=-1 lane_x=-1 filter=lost stop=False state=LINE_FOLLOW safe_linear=0.00 right_ready=False right_done=False[0m
[self_driving-10] [0m[INFO] [1782555721.047400151] [self_driving]: [CROSSWALK_SLOW_DONE] return normal speed[0m
[self_driving-10] [0m[INFO] [1782555721.130100354] [self_driving]: [DEBUG_DRIVE] state=LINE_FOLLOW raw_lane_x=-1 lane_x=-1 filter=lost linear=0.30 angular=0.00 cw_y=303 park_x=-1 park_approach=False park_fb_count=0 park_boot_go=0 right_done=False start_turn=False count_turn=0 traffic=None stop=False[0m
[self_driving-10] [33m[WARN] [1782555721.206058188] [self_driving]: [LANE_X_JUMP_REJECT] raw=311.5 last=128.0 diff=183.5 candidate=311.5 cnt=1/4[0m
[self_driving-10] [0m[INFO] [1782555721.356761891] [self_driving]: [CROSSWALK_SLOW] y=303 th=180 confirm=4[0m
[self_driving-10] [33m[WARN] [1782555721.693020373] [self_driving]: [LANE_LOST] raw_lane_x=-1 lane_x=-1 filter=lost stop=False state=LINE_FOLLOW safe_linear=0.00 right_ready=False right_done=False[0m
[self_driving-10] [0m[INFO] [1782555721.693538799] [self_driving]: [DEBUG_DRIVE] state=LINE_FOLLOW raw_lane_x=-1 lane_x=-1 filter=lost linear=0.15 angular=0.00 cw_y=303 park_x=-1 park_approach=False park_fb_count=0 park_boot_go=0 right_done=False start_turn=False count_turn=5 traffic=None stop=False[0m
[self_driving-10] [33m[WARN] [1782555722.245164724] [self_driving]: [LANE_LOST] raw_lane_x=-1 lane_x=-1 filter=lost stop=False state=LINE_FOLLOW safe_linear=0.00 right_ready=False right_done=False[0m
[self_driving-10] [0m[INFO] [1782555722.247394761] [self_driving]: [DEBUG_DRIVE] state=LINE_FOLLOW raw_lane_x=-1 lane_x=-1 filter=lost linear=0.15 angular=0.00 cw_y=303 park_x=-1 park_approach=False park_fb_count=0 park_boot_go=0 right_done=False start_turn=True count_turn=4 traffic=None stop=False[0m
[self_driving-10] [0m[INFO] [1782555722.499688113] [self_driving]: [POST_RIGHT_CHECK] cw_y=303 th=350 start_turn=True lane_x=163.0 raw_lane_x=163.0 filter=stable[0m
[self_driving-10] [0m[INFO] [1782555722.500193113] [self_driving]: [POST_RIGHT_SKIP] reason=cw_y_too_small cw_y=303 th=350[0m
[self_driving-10] [0m[INFO] [1782555722.569438280] [self_driving]: [POST_RIGHT_CHECK] cw_y=303 th=350 start_turn=True lane_x=151.0 raw_lane_x=151.0 filter=stable[0m
[self_driving-10] [0m[INFO] [1782555722.570040372] [self_driving]: [POST_RIGHT_SKIP] reason=cw_y_too_small cw_y=303 th=350[0m
[self_driving-10] [0m[INFO] [1782555722.657345946] [self_driving]: [POST_RIGHT_CHECK] cw_y=303 th=350 start_turn=True lane_x=150.0 raw_lane_x=150.0 filter=stable[0m
[self_driving-10] [0m[INFO] [1782555722.658500335] [self_driving]: [POST_RIGHT_SKIP] reason=cw_y_too_small cw_y=303 th=350[0m
[self_driving-10] [0m[INFO] [1782555722.727319187] [self_driving]: [IMAGE] received count=444 shape=(480, 640, 3) queue=0[0m
[self_driving-10] [0m[INFO] [1782555722.736447483] [self_driving]: [POST_RIGHT_CHECK] cw_y=303 th=350 start_turn=True lane_x=121.0 raw_lane_x=121.0 filter=stable[0m
[self_driving-10] [0m[INFO] [1782555722.740182853] [self_driving]: [POST_RIGHT_SKIP] reason=cw_y_too_small cw_y=303 th=350[0m
[self_driving-10] [0m[INFO] [1782555722.814327594] [self_driving]: [POST_RIGHT_CHECK] cw_y=303 th=350 start_turn=True lane_x=124.5 raw_lane_x=124.5 filter=stable[0m
[self_driving-10] [0m[INFO] [1782555722.814949279] [self_driving]: [POST_RIGHT_SKIP] reason=cw_y_too_small cw_y=303 th=350[0m
[self_driving-10] [0m[INFO] [1782555722.815758742] [self_driving]: [DEBUG_DRIVE] state=LINE_FOLLOW raw_lane_x=124.5 lane_x=124.5 filter=stable linear=0.15 angular=0.00 cw_y=303 park_x=-1 park_approach=False park_fb_count=0 park_boot_go=0 right_done=False start_turn=True count_turn=0 traffic=None stop=False[0m
[self_driving-10] [0m[INFO] [1782555722.893417483] [self_driving]: [POST_RIGHT_CHECK] cw_y=303 th=350 start_turn=True lane_x=121.0 raw_lane_x=121.0 filter=stable[0m
[self_driving-10] [0m[INFO] [1782555722.894712631] [self_driving]: [POST_RIGHT_SKIP] reason=cw_y_too_small cw_y=303 th=350[0m
[self_driving-10] [0m[INFO] [1782555722.989963372] [self_driving]: [POST_RIGHT_CHECK] cw_y=303 th=350 start_turn=True lane_x=124.0 raw_lane_x=124.0 filter=stable[0m
[self_driving-10] [0m[INFO] [1782555722.990486946] [self_driving]: [POST_RIGHT_SKIP] reason=cw_y_too_small cw_y=303 th=350[0m
[self_driving-10] [0m[INFO] [1782555723.083431742] [self_driving]: [POST_RIGHT_CHECK] cw_y=303 th=350 start_turn=True lane_x=137.0 raw_lane_x=137.0 filter=stable[0m
[self_driving-10] [0m[INFO] [1782555723.084740835] [self_driving]: [POST_RIGHT_SKIP] reason=cw_y_too_small cw_y=303 th=350[0m
[self_driving-10] [0m[INFO] [1782555723.393088409] [self_driving]: [DEBUG_DRIVE] state=LINE_FOLLOW raw_lane_x=-1 lane_x=217.0 filter=hold_last linear=0.15 angular=-0.45 cw_y=303 park_x=-1 park_approach=False park_fb_count=0 park_boot_go=0 right_done=False start_turn=True count_turn=4 traffic=None stop=False[0m
[self_driving-10] [33m[WARN] [1782555723.667156353] [self_driving]: [LANE_LOST] raw_lane_x=-1 lane_x=-1 filter=lost stop=False state=LINE_FOLLOW safe_linear=0.00 right_ready=False right_done=False[0m
[self_driving-10] [0m[INFO] [1782555723.942392390] [self_driving]: [DEBUG_DRIVE] state=LINE_FOLLOW raw_lane_x=-1 lane_x=-1 filter=lost linear=0.15 angular=0.00 cw_y=303 park_x=-1 park_approach=False park_fb_count=0 park_boot_go=0 right_done=False start_turn=True count_turn=7 traffic=None stop=False[0m
[self_driving-10] [0m[INFO] [1782555724.086577575] [self_driving]: [CROSSWALK_SLOW_DONE] return normal speed[0m
[self_driving-10] [33m[WARN] [1782555724.202242334] [self_driving]: [LANE_X_JUMP_REJECT] raw=66.0 last=217.0 diff=151.0 candidate=66.0 cnt=1/4[0m
[self_driving-10] [33m[WARN] [1782555724.264748001] [self_driving]: [LANE_LOST] raw_lane_x=-1 lane_x=-1 filter=lost stop=False state=LINE_FOLLOW safe_linear=0.00 right_ready=False right_done=False[0m
[self_driving-10] [0m[INFO] [1782555724.346305427] [self_driving]: [CROSSWALK_SLOW] y=303 th=180 confirm=4[0m
[self_driving-10] [0m[INFO] [1782555724.482080315] [self_driving]: [DEBUG_DRIVE] state=LINE_FOLLOW raw_lane_x=-1 lane_x=-1 filter=lost linear=0.15 angular=0.00 cw_y=303 park_x=-1 park_approach=False park_fb_count=0 park_boot_go=0 right_done=False start_turn=True count_turn=8 traffic=None stop=False[0m
[self_driving-10] [0m[INFO] [1782555724.757788834] [self_driving]: [IMAGE] received count=472 shape=(480, 640, 3) queue=0[0m
[self_driving-10] [33m[WARN] [1782555724.767062537] [self_driving]: [LANE_LOST] raw_lane_x=-1 lane_x=-1 filter=lost stop=False state=LINE_FOLLOW safe_linear=0.00 right_ready=False right_done=False[0m
[self_driving-10] [0m[INFO] [1782555725.019572537] [self_driving]: [DEBUG_DRIVE] state=LINE_FOLLOW raw_lane_x=-1 lane_x=-1 filter=lost linear=0.15 angular=0.00 cw_y=303 park_x=-1 park_approach=False park_fb_count=0 park_boot_go=0 right_done=False start_turn=True count_turn=8 traffic=None stop=False[0m
[self_driving-10] [0m[INFO] [1782555725.049322537] [self_driving]: [ALL_CLASSES] ['green'][0m
[self_driving-10] [0m[INFO] [1782555725.050137945] [self_driving]: [OBJECTS] msg_count=6 n=1 names=['green'][0m
[self_driving-10] [0m[INFO] [1782555725.052116593] [self_driving]: [TRAFFIC_CANDIDATE] name=green valid=False cx=141 cy=351 area=56034 score=0.34 min_area=800[0m
[self_driving-10] [33m[WARN] [1782555725.272983130] [self_driving]: [LANE_LOST] raw_lane_x=-1 lane_x=-1 filter=lost stop=False state=LINE_FOLLOW safe_linear=0.00 right_ready=False right_done=False[0m
[self_driving-10] [0m[INFO] [1782555725.386682741] [self_driving]: [ALL_CLASSES] ['crosswalk'][0m
[self_driving-10] [0m[INFO] [1782555725.558282889] [self_driving]: [CROSSWALK_IGNORE] y=51 < th=180[0m
[self_driving-10] [0m[INFO] [1782555725.559076815] [self_driving]: [DEBUG_DRIVE] state=LINE_FOLLOW raw_lane_x=-1 lane_x=-1 filter=lost linear=0.15 angular=0.00 cw_y=51 park_x=-1 park_approach=False park_fb_count=0 park_boot_go=0 right_done=False start_turn=True count_turn=8 traffic=None stop=False[0m
[self_driving-10] [33m[WARN] [1782555725.819477296] [self_driving]: [LANE_LOST] raw_lane_x=-1 lane_x=-1 filter=lost stop=False state=LINE_FOLLOW safe_linear=0.00 right_ready=False right_done=False[0m
[self_driving-10] [0m[INFO] [1782555726.104686314] [self_driving]: [CROSSWALK_IGNORE] y=51 < th=180[0m
[self_driving-10] [0m[INFO] [1782555726.106036277] [self_driving]: [DEBUG_DRIVE] state=LINE_FOLLOW raw_lane_x=-1 lane_x=-1 filter=lost linear=0.15 angular=0.00 cw_y=51 park_x=-1 park_approach=False park_fb_count=0 park_boot_go=0 right_done=False start_turn=True count_turn=8 traffic=None stop=False[0m
[self_driving-10] [33m[WARN] [1782555726.356418240] [self_driving]: [LANE_LOST] raw_lane_x=-1 lane_x=-1 filter=lost stop=False state=LINE_FOLLOW safe_linear=0.00 right_ready=False right_done=False[0m
[self_driving-10] [0m[INFO] [1782555726.623569073] [self_driving]: [CROSSWALK_IGNORE] y=51 < th=180[0m
[self_driving-10] [0m[INFO] [1782555726.625434370] [self_driving]: [DEBUG_DRIVE] state=LINE_FOLLOW raw_lane_x=-1 lane_x=-1 filter=lost linear=0.15 angular=0.00 cw_y=51 park_x=-1 park_approach=False park_fb_count=0 park_boot_go=0 right_done=False start_turn=True count_turn=8 traffic=None stop=False[0m
[self_driving-10] [0m[INFO] [1782555726.828660740] [self_driving]: [IMAGE] received count=503 shape=(480, 640, 3) queue=0[0m
[self_driving-10] [33m[WARN] [1782555726.905907370] [self_driving]: [LANE_LOST] raw_lane_x=-1 lane_x=-1 filter=lost stop=False state=LINE_FOLLOW safe_linear=0.00 right_ready=False right_done=False[0m
[self_driving-10] [0m[INFO] [1782555727.032617036] [self_driving]: [CROSSWALK_SLOW_DONE] return normal speed[0m
[self_driving-10] [0m[INFO] [1782555727.181840221] [self_driving]: [CROSSWALK_IGNORE] y=51 < th=180[0m
[self_driving-10] [0m[INFO] [1782555727.183003166] [self_driving]: [DEBUG_DRIVE] state=LINE_FOLLOW raw_lane_x=-1 lane_x=-1 filter=lost linear=0.30 angular=0.00 cw_y=51 park_x=-1 park_approach=False park_fb_count=0 park_boot_go=0 right_done=False start_turn=True count_turn=8 traffic=None stop=False[0m
[self_driving-10] [33m[WARN] [1782555727.451958184] [self_driving]: [LANE_LOST] raw_lane_x=-1 lane_x=-1 filter=lost stop=False state=LINE_FOLLOW safe_linear=0.00 right_ready=False right_done=False[0m
[self_driving-10] [0m[INFO] [1782555727.697491406] [self_driving]: [CROSSWALK_IGNORE] y=51 < th=180[0m
[self_driving-10] [0m[INFO] [1782555727.698288851] [self_driving]: [DEBUG_DRIVE] state=LINE_FOLLOW raw_lane_x=-1 lane_x=-1 filter=lost linear=0.30 angular=0.00 cw_y=51 park_x=-1 park_approach=False park_fb_count=0 park_boot_go=0 right_done=False start_turn=True count_turn=8 traffic=None stop=False[0m
[self_driving-10] [0m[INFO] [1782555727.774732517] [self_driving]: [ALL_CLASSES] ['crosswalk'][0m
[self_driving-10] [0m[INFO] [1782555727.775454906] [self_driving]: [OBJECTS] msg_count=8 n=1 names=['crosswalk'][0m
[self_driving-10] [33m[WARN] [1782555727.979948332] [self_driving]: [LANE_LOST] raw_lane_x=-1 lane_x=-1 filter=lost stop=False state=LINE_FOLLOW safe_linear=0.00 right_ready=False right_done=False[0m
[self_driving-10] [0m[INFO] [1782555728.242192980] [self_driving]: [CROSSWALK_IGNORE] y=31 < th=180[0m
[self_driving-10] [0m[INFO] [1782555728.244616128] [self_driving]: [DEBUG_DRIVE] state=LINE_FOLLOW raw_lane_x=-1 lane_x=-1 filter=lost linear=0.30 angular=0.00 cw_y=31 park_x=-1 park_approach=False park_fb_count=0 park_boot_go=0 right_done=False start_turn=True count_turn=8 traffic=None stop=False[0m
[self_driving-10] [33m[WARN] [1782555728.513837535] [self_driving]: [LANE_LOST] raw_lane_x=-1 lane_x=-1 filter=lost stop=False state=LINE_FOLLOW safe_linear=0.00 right_ready=False right_done=False[0m
[self_driving-10] [0m[INFO] [1782555728.794660128] [self_driving]: [CROSSWALK_IGNORE] y=31 < th=180[0m
[self_driving-10] [0m[INFO] [1782555728.798369850] [self_driving]: [DEBUG_DRIVE] state=LINE_FOLLOW raw_lane_x=-1 lane_x=-1 filter=lost linear=0.30 angular=0.00 cw_y=31 park_x=-1 park_approach=False park_fb_count=0 park_boot_go=0 right_done=False start_turn=True count_turn=8 traffic=None stop=False[0m
[self_driving-10] [0m[INFO] [1782555728.838857554] [self_driving]: [IMAGE] received count=533 shape=(480, 640, 3) queue=0[0m
[self_driving-10] [33m[WARN] [1782555729.055121868] [self_driving]: [LANE_LOST] raw_lane_x=-1 lane_x=-1 filter=lost stop=False state=LINE_FOLLOW safe_linear=0.00 right_ready=False right_done=False[0m
[self_driving-10] [0m[INFO] [1782555729.305965683] [self_driving]: [CROSSWALK_IGNORE] y=31 < th=180[0m
[self_driving-10] [0m[INFO] [1782555729.306883757] [self_driving]: [DEBUG_DRIVE] state=LINE_FOLLOW raw_lane_x=-1 lane_x=-1 filter=lost linear=0.30 angular=0.00 cw_y=31 park_x=-1 park_approach=False park_fb_count=0 park_boot_go=0 right_done=False start_turn=True count_turn=8 traffic=None stop=False[0m
[self_driving-10] [33m[WARN] [1782555729.590542664] [self_driving]: [LANE_LOST] raw_lane_x=-1 lane_x=-1 filter=lost stop=False state=LINE_FOLLOW safe_linear=0.00 right_ready=False right_done=False[0m
[self_driving-10] [0m[INFO] [1782555729.854232127] [self_driving]: [CROSSWALK_IGNORE] y=31 < th=180[0m
[self_driving-10] [0m[INFO] [1782555729.855611886] [self_driving]: [DEBUG_DRIVE] state=LINE_FOLLOW raw_lane_x=-1 lane_x=-1 filter=lost linear=0.30 angular=0.00 cw_y=31 park_x=-1 park_approach=False park_fb_count=0 park_boot_go=0 right_done=False start_turn=True count_turn=8 traffic=None stop=False[0m
[self_driving-10] [33m[WARN] [1782555730.107923349] [self_driving]: [LANE_LOST] raw_lane_x=-1 lane_x=-1 filter=lost stop=False state=LINE_FOLLOW safe_linear=0.00 right_ready=False right_done=False[0m
[self_driving-10] [0m[INFO] [1782555730.379952979] [self_driving]: [CROSSWALK_IGNORE] y=31 < th=180[0m
[self_driving-10] [0m[INFO] [1782555730.381949423] [self_driving]: [DEBUG_DRIVE] state=LINE_FOLLOW raw_lane_x=-1 lane_x=-1 filter=lost linear=0.30 angular=0.00 cw_y=31 park_x=-1 park_approach=False park_fb_count=0 park_boot_go=0 right_done=False start_turn=True count_turn=8 traffic=None stop=False[0m
[self_driving-10] [33m[WARN] [1782555730.671840090] [self_driving]: [LANE_LOST] raw_lane_x=-1 lane_x=-1 filter=lost stop=False state=LINE_FOLLOW safe_linear=0.00 right_ready=False right_done=False[0m
[self_driving-10] [0m[INFO] [1782555730.856604589] [self_driving]: [IMAGE] received count=563 shape=(480, 640, 3) queue=0[0m
[self_driving-10] [0m[INFO] [1782555730.936495849] [self_driving]: [CROSSWALK_IGNORE] y=31 < th=180[0m
[self_driving-10] [0m[INFO] [1782555730.940880867] [self_driving]: [DEBUG_DRIVE] state=LINE_FOLLOW raw_lane_x=-1 lane_x=-1 filter=lost linear=0.30 angular=0.00 cw_y=31 park_x=-1 park_approach=False park_fb_count=0 park_boot_go=0 right_done=False start_turn=True count_turn=8 traffic=None stop=False[0m
[self_driving-10] [33m[WARN] [1782555731.205362663] [self_driving]: [LANE_LOST] raw_lane_x=-1 lane_x=-1 filter=lost stop=False state=LINE_FOLLOW safe_linear=0.00 right_ready=False right_done=False[0m
[self_driving-10] [0m[INFO] [1782555731.469111848] [self_driving]: [CROSSWALK_IGNORE] y=31 < th=180[0m
[self_driving-10] [0m[INFO] [1782555731.470217219] [self_driving]: [DEBUG_DRIVE] state=LINE_FOLLOW raw_lane_x=-1 lane_x=-1 filter=lost linear=0.30 angular=0.00 cw_y=31 park_x=-1 park_approach=False park_fb_count=0 park_boot_go=0 right_done=False start_turn=True count_turn=8 traffic=None stop=False[0m
[self_driving-10] [33m[WARN] [1782555731.745119052] [self_driving]: [LANE_LOST] raw_lane_x=-1 lane_x=-1 filter=lost stop=False state=LINE_FOLLOW safe_linear=0.00 right_ready=False right_done=False[0m
[self_driving-10] [0m[INFO] [1782555731.993187663] [self_driving]: [CROSSWALK_IGNORE] y=31 < th=180[0m
[self_driving-10] [0m[INFO] [1782555731.995803626] [self_driving]: [DEBUG_DRIVE] state=LINE_FOLLOW raw_lane_x=-1 lane_x=-1 filter=lost linear=0.30 angular=0.00 cw_y=31 park_x=-1 park_approach=False park_fb_count=0 park_boot_go=0 right_done=False start_turn=True count_turn=8 traffic=None stop=False[0m
[self_driving-10] [33m[WARN] [1782555732.277535255] [self_driving]: [LANE_LOST] raw_lane_x=-1 lane_x=-1 filter=lost stop=False state=LINE_FOLLOW safe_linear=0.00 right_ready=False right_done=False[0m
[self_driving-10] [0m[INFO] [1782555732.549378607] [self_driving]: [CROSSWALK_IGNORE] y=31 < th=180[0m
[self_driving-10] [0m[INFO] [1782555732.555059218] [self_driving]: [DEBUG_DRIVE] state=LINE_FOLLOW raw_lane_x=-1 lane_x=-1 filter=lost linear=0.30 angular=0.00 cw_y=31 park_x=-1 park_approach=False park_fb_count=0 park_boot_go=0 right_done=False start_turn=True count_turn=8 traffic=None stop=False[0m
[self_driving-10] [33m[WARN] [1782555732.610276718] [self_driving]: [LANE_X_JUMP_REJECT] raw=7.0 last=217.0 diff=210.0 candidate=7.0 cnt=1/4[0m
[self_driving-10] [0m[INFO] [1782555732.872525070] [self_driving]: [IMAGE] received count=593 shape=(480, 640, 3) queue=0[0m
[self_driving-10] [0m[INFO] [1782555733.018532440] [self_driving]: [POST_RIGHT_CHECK] cw_y=31 th=350 start_turn=True lane_x=162.0 raw_lane_x=162.0 filter=stable[0m
[self_driving-10] [0m[INFO] [1782555733.020496366] [self_driving]: [POST_RIGHT_SKIP] reason=cw_y_too_small cw_y=31 th=350[0m
[self_driving-10] [0m[INFO] [1782555733.079102458] [self_driving]: [CROSSWALK_IGNORE] y=31 < th=180[0m
[self_driving-10] [0m[INFO] [1782555733.081531014] [self_driving]: [DEBUG_DRIVE] state=LINE_FOLLOW raw_lane_x=225.0 lane_x=225.0 filter=stable linear=0.30 angular=-0.45 cw_y=31 park_x=-1 park_approach=False park_fb_count=0 park_boot_go=0 right_done=False start_turn=False count_turn=1 traffic=None stop=False[0m
[self_driving-10] [0m[INFO] [1782555733.615754791] [self_driving]: [CROSSWALK_IGNORE] y=31 < th=180[0m
[self_driving-10] [0m[INFO] [1782555733.618529180] [self_driving]: [DEBUG_DRIVE] state=LINE_FOLLOW raw_lane_x=-1 lane_x=299.0 filter=hold_last linear=0.30 angular=-0.45 cw_y=31 park_x=-1 park_approach=False park_fb_count=0 park_boot_go=0 right_done=False start_turn=True count_turn=3 traffic=None stop=False[0m
[self_driving-10] [33m[WARN] [1782555733.757583051] [self_driving]: [LANE_LOST] raw_lane_x=-1 lane_x=-1 filter=lost stop=False state=LINE_FOLLOW safe_linear=0.00 right_ready=False right_done=False[0m
[self_driving-10] [33m[WARN] [1782555734.147725865] [self_driving]: [LANE_X_JUMP_REJECT] raw=84.0 last=299.0 diff=215.0 candidate=84.0 cnt=1/4[0m
[self_driving-10] [0m[INFO] [1782555734.148227791] [self_driving]: [CROSSWALK_IGNORE] y=31 < th=180[0m
[self_driving-10] [0m[INFO] [1782555734.148836347] [self_driving]: [DEBUG_DRIVE] state=LINE_FOLLOW raw_lane_x=84.0 lane_x=299.0 filter=jump_reject linear=0.30 angular=-0.45 cw_y=31 park_x=-1 park_approach=False park_fb_count=0 park_boot_go=0 right_done=False start_turn=True count_turn=5 traffic=None stop=False[0m
[self_driving-10] [0m[INFO] [1782555734.708334013] [self_driving]: [CROSSWALK_IGNORE] y=31 < th=180[0m
[self_driving-10] [0m[INFO] [1782555734.710822643] [self_driving]: [DEBUG_DRIVE] state=LINE_FOLLOW raw_lane_x=-1 lane_x=316.0 filter=hold_last linear=0.30 angular=-0.45 cw_y=31 park_x=-1 park_approach=False park_fb_count=0 park_boot_go=0 right_done=False start_turn=True count_turn=12 traffic=None stop=False[0m
[self_driving-10] [33m[WARN] [1782555734.877365939] [self_driving]: [LANE_LOST] raw_lane_x=-1 lane_x=-1 filter=lost stop=False state=LINE_FOLLOW safe_linear=0.00 right_ready=False right_done=False[0m
[self_driving-10] [0m[INFO] [1782555734.950954976] [self_driving]: [IMAGE] received count=622 shape=(480, 640, 3) queue=0[0m
[self_driving-10] [0m[INFO] [1782555735.216085976] [self_driving]: [CROSSWALK_IGNORE] y=31 < th=180[0m
[self_driving-10] [0m[INFO] [1782555735.217423161] [self_driving]: [DEBUG_DRIVE] state=LINE_FOLLOW raw_lane_x=-1 lane_x=-1 filter=lost linear=0.30 angular=0.00 cw_y=31 park_x=-1 park_approach=False park_fb_count=0 park_boot_go=0 right_done=False start_turn=True count_turn=13 traffic=None stop=False[0m
[self_driving-10] [33m[WARN] [1782555735.424348142] [self_driving]: [LANE_LOST] raw_lane_x=-1 lane_x=-1 filter=lost stop=False state=LINE_FOLLOW safe_linear=0.00 right_ready=False right_done=False[0m
[self_driving-10] [33m[WARN] [1782555735.704297049] [self_driving]: [LANE_X_JUMP_REJECT] raw=153.0 last=316.0 diff=163.0 candidate=153.0 cnt=1/4[0m
[self_driving-10] [0m[INFO] [1782555735.762995846] [self_driving]: [CROSSWALK_IGNORE] y=31 < th=180[0m
[self_driving-10] [0m[INFO] [1782555735.765165401] [self_driving]: [DEBUG_DRIVE] state=LINE_FOLLOW raw_lane_x=165.0 lane_x=316.0 filter=jump_reject linear=0.30 angular=-0.45 cw_y=31 park_x=-1 park_approach=False park_fb_count=0 park_boot_go=0 right_done=False start_turn=True count_turn=15 traffic=None stop=False[0m
[self_driving-10] [0m[INFO] [1782555735.898479346] [self_driving]: [LANE_X_JUMP_ACCEPT] raw=187.5 last=187.5 cnt=4/4[0m
[self_driving-10] [0m[INFO] [1782555735.899059605] [self_driving]: [POST_RIGHT_CHECK] cw_y=31 th=350 start_turn=True lane_x=187.5 raw_lane_x=187.5 filter=jump_accept[0m
[self_driving-10] [0m[INFO] [1782555735.899715494] [self_driving]: [POST_RIGHT_SKIP] reason=cw_y_too_small cw_y=31 th=350[0m
[self_driving-10] [33m[WARN] [1782555736.236629642] [self_driving]: [LANE_X_JUMP_REJECT] raw=68.5 last=299.0 diff=230.5 candidate=68.5 cnt=1/4[0m
[self_driving-10] [0m[INFO] [1782555736.302812660] [self_driving]: [CROSSWALK_IGNORE] y=31 < th=180[0m
[self_driving-10] [0m[INFO] [1782555736.305862308] [self_driving]: [DEBUG_DRIVE] state=LINE_FOLLOW raw_lane_x=106.0 lane_x=299.0 filter=jump_reject linear=0.30 angular=-0.45 cw_y=31 park_x=-1 park_approach=False park_fb_count=0 park_boot_go=0 right_done=False start_turn=True count_turn=0 traffic=None stop=False[0m
[self_driving-10] [0m[INFO] [1782555736.640289734] [self_driving]: [LANE_X_JUMP_ACCEPT] raw=189.0 last=189.0 cnt=4/4[0m
[self_driving-10] [0m[INFO] [1782555736.838242271] [self_driving]: [CROSSWALK_IGNORE] y=31 < th=180[0m
[self_driving-10] [0m[INFO] [1782555736.840396253] [self_driving]: [DEBUG_DRIVE] state=LINE_FOLLOW raw_lane_x=295.0 lane_x=295.0 filter=stable linear=0.30 angular=-0.45 cw_y=31 park_x=-1 park_approach=False park_fb_count=0 park_boot_go=0 right_done=False start_turn=True count_turn=2 traffic=None stop=False[0m
[self_driving-10] [0m[INFO] [1782555736.954377345] [self_driving]: [IMAGE] received count=652 shape=(480, 640, 3) queue=0[0m
[self_driving-10] [33m[WARN] [1782555737.323012567] [self_driving]: [LANE_LOST] raw_lane_x=-1 lane_x=-1 filter=lost stop=False state=LINE_FOLLOW safe_linear=0.00 right_ready=False right_done=False[0m
[self_driving-10] [33m[WARN] [1782555737.379236345] [self_driving]: [LANE_X_JUMP_REJECT] raw=97.5 last=308.0 diff=210.5 candidate=97.5 cnt=1/4[0m
[self_driving-10] [0m[INFO] [1782555737.380023863] [self_driving]: [CROSSWALK_IGNORE] y=31 < th=180[0m
[self_driving-10] [0m[INFO] [1782555737.381344067] [self_driving]: [DEBUG_DRIVE] state=LINE_FOLLOW raw_lane_x=97.5 lane_x=308.0 filter=jump_reject linear=0.30 angular=-0.45 cw_y=31 park_x=-1 park_approach=False park_fb_count=0 park_boot_go=0 right_done=False start_turn=True count_turn=9 traffic=None stop=False[0m
[self_driving-10] [0m[INFO] [1782555737.903176511] [self_driving]: [CROSSWALK_IGNORE] y=31 < th=180[0m
[self_driving-10] [0m[INFO] [1782555737.905269104] [self_driving]: [DEBUG_DRIVE] state=LINE_FOLLOW raw_lane_x=-1 lane_x=307.0 filter=hold_last linear=0.30 angular=-0.45 cw_y=31 park_x=-1 park_approach=False park_fb_count=0 park_boot_go=0 right_done=False start_turn=True count_turn=17 traffic=None stop=False[0m
[self_driving-10] [0m[INFO] [1782555737.935270974] [self_driving]: [ALL_CLASSES] ['crosswalk'][0m
[self_driving-10] [0m[INFO] [1782555737.939876289] [self_driving]: [OBJECTS] msg_count=9 n=1 names=['crosswalk'][0m
[self_driving-10] [33m[WARN] [1782555738.110182844] [self_driving]: [LANE_LOST] raw_lane_x=-1 lane_x=-1 filter=lost stop=False state=LINE_FOLLOW safe_linear=0.00 right_ready=False right_done=False[0m
[self_driving-10] [0m[INFO] [1782555738.303572418] [self_driving]: [ALL_CLASSES] ['crosswalk'][0m
[self_driving-10] [0m[INFO] [1782555738.449162955] [self_driving]: [CROSSWALK_IGNORE] y=19 < th=180[0m
[self_driving-10] [0m[INFO] [1782555738.450707677] [self_driving]: [DEBUG_DRIVE] state=LINE_FOLLOW raw_lane_x=-1 lane_x=-1 filter=lost linear=0.30 angular=0.00 cw_y=19 park_x=-1 park_approach=False park_fb_count=0 park_boot_go=0 right_done=False start_turn=True count_turn=19 traffic=None stop=False[0m
[self_driving-10] [33m[WARN] [1782555738.666005974] [self_driving]: [LANE_LOST] raw_lane_x=-1 lane_x=-1 filter=lost stop=False state=LINE_FOLLOW safe_linear=0.00 right_ready=False right_done=False[0m
[self_driving-10] [0m[INFO] [1782555738.968532177] [self_driving]: [IMAGE] received count=682 shape=(480, 640, 3) queue=0[0m
[self_driving-10] [0m[INFO] [1782555738.978049159] [self_driving]: [CROSSWALK_IGNORE] y=19 < th=180[0m
[self_driving-10] [0m[INFO] [1782555738.979479677] [self_driving]: [DEBUG_DRIVE] state=LINE_FOLLOW raw_lane_x=-1 lane_x=-1 filter=lost linear=0.30 angular=0.00 cw_y=19 park_x=-1 park_approach=False park_fb_count=0 park_boot_go=0 right_done=False start_turn=True count_turn=19 traffic=None stop=False[0m
[self_driving-10] [33m[WARN] [1782555739.180908121] [self_driving]: [LANE_LOST] raw_lane_x=-1 lane_x=-1 filter=lost stop=False state=LINE_FOLLOW safe_linear=0.00 right_ready=False right_done=False[0m
[self_driving-10] [0m[INFO] [1782555739.292609195] [self_driving]: [ALL_CLASSES] ['crosswalk'][0m
[self_driving-10] [0m[INFO] [1782555739.293281788] [self_driving]: [OBJECTS] msg_count=11 n=1 names=['crosswalk'][0m
[self_driving-10] [0m[INFO] [1782555739.296383307] [self_driving]: [ALL_CLASSES] ['crosswalk'][0m
[self_driving-10] [0m[INFO] [1782555739.512579047] [self_driving]: [CROSSWALK_IGNORE] y=178 < th=180[0m
[self_driving-10] [0m[INFO] [1782555739.513477177] [self_driving]: [DEBUG_DRIVE] state=LINE_FOLLOW raw_lane_x=-1 lane_x=-1 filter=lost linear=0.30 angular=0.00 cw_y=178 park_x=-1 park_approach=False park_fb_count=0 park_boot_go=0 right_done=False start_turn=True count_turn=19 traffic=None stop=False[0m
[self_driving-10] [0m[INFO] [1782555739.627093380] [self_driving]: [ALL_CLASSES] ['crosswalk'][0m
[self_driving-10] [0m[INFO] [1782555739.634703362] [self_driving]: [ALL_CLASSES] ['green'][0m
[self_driving-10] [0m[INFO] [1782555739.636337769] [self_driving]: [TRAFFIC_CANDIDATE] name=green valid=False cx=458 cy=116 area=700 score=0.26 min_area=800[0m
[self_driving-10] [33m[WARN] [1782555739.712246584] [self_driving]: [LANE_LOST] raw_lane_x=-1 lane_x=-1 filter=lost stop=False state=LINE_FOLLOW safe_linear=0.00 right_ready=False right_done=False[0m
[self_driving-10] [33m[WARN] [1782555739.852930843] [self_driving]: [LANE_X_JUMP_REJECT] raw=19.5 last=307.0 diff=287.5 candidate=19.5 cnt=1/4[0m
[self_driving-10] [0m[INFO] [1782555739.953310269] [self_driving]: [ALL_CLASSES] ['crosswalk'][0m
[self_driving-10] [0m[INFO] [1782555739.954283806] [self_driving]: [OBJECTS] msg_count=15 n=1 names=['crosswalk'][0m
[self_driving-10] [0m[INFO] [1782555739.960387047] [self_driving]: [ALL_CLASSES] ['crosswalk'][0m
[self_driving-10] [0m[INFO] [1782555740.064402325] [self_driving]: [DEBUG_DRIVE] state=LINE_FOLLOW raw_lane_x=54.5 lane_x=307.0 filter=jump_reject linear=0.30 angular=-0.45 cw_y=235 park_x=-1 park_approach=False park_fb_count=0 park_boot_go=0 right_done=False start_turn=True count_turn=23 traffic=None stop=False[0m
[self_driving-10] [0m[INFO] [1782555740.198287862] [self_driving]: [CROSSWALK_SLOW] y=235 th=180 confirm=4[0m
[self_driving-10] [0m[INFO] [1782555740.272994639] [self_driving]: [LANE_X_JUMP_ACCEPT] raw=48.0 last=48.0 cnt=4/4[0m
[self_driving-10] [0m[INFO] [1782555740.273599936] [self_driving]: [POST_RIGHT_CHECK] cw_y=235 th=350 start_turn=True lane_x=48.0 raw_lane_x=48.0 filter=jump_accept[0m
[self_driving-10] [0m[INFO] [1782555740.274097473] [self_driving]: [POST_RIGHT_SKIP] reason=cw_y_too_small cw_y=235 th=350[0m
[self_driving-10] [0m[INFO] [1782555740.339652065] [self_driving]: [ALL_CLASSES] ['crosswalk'][0m
[self_driving-10] [0m[INFO] [1782555740.343838343] [self_driving]: [ALL_CLASSES] ['crosswalk'][0m
[self_driving-10] [0m[INFO] [1782555740.593213510] [self_driving]: [DEBUG_DRIVE] state=LINE_FOLLOW raw_lane_x=98.5 lane_x=98.5 filter=stable linear=0.15 angular=0.10 cw_y=235 park_x=-1 park_approach=False park_fb_count=0 park_boot_go=0 right_done=False start_turn=False count_turn=0 traffic=None stop=False[0m
[self_driving-10] [0m[INFO] [1782555740.681022472] [self_driving]: [ALL_CLASSES] ['crosswalk'][0m
[self_driving-10] [0m[INFO] [1782555740.682364491] [self_driving]: [OBJECTS] msg_count=19 n=1 names=['crosswalk'][0m
[self_driving-10] [0m[INFO] [1782555740.685979232] [self_driving]: [ALL_CLASSES] ['crosswalk'][0m
[self_driving-10] [0m[INFO] [1782555740.990945713] [self_driving]: [IMAGE] received count=712 shape=(480, 640, 3) queue=0[0m
[self_driving-10] [0m[INFO] [1782555741.010476491] [self_driving]: [ALL_CLASSES] ['crosswalk'][0m
[self_driving-10] [0m[INFO] [1782555741.141341046] [self_driving]: [DEBUG_DRIVE] state=LINE_FOLLOW raw_lane_x=57.5 lane_x=57.5 filter=stable linear=0.15 angular=0.10 cw_y=225 park_x=-1 park_approach=False park_fb_count=0 park_boot_go=0 right_done=False start_turn=False count_turn=0 traffic=None stop=False[0m
[self_driving-10] [0m[INFO] [1782555741.348017194] [self_driving]: [ALL_CLASSES] ['crosswalk'][0m
[self_driving-10] [0m[INFO] [1782555741.349240694] [self_driving]: [OBJECTS] msg_count=22 n=1 names=['crosswalk'][0m
[self_driving-10] [0m[INFO] [1782555741.351643935] [self_driving]: [ALL_CLASSES] ['crosswalk'][0m
[self_driving-10] [0m[INFO] [1782555741.676085453] [self_driving]: [CROSSWALK_IGNORE] y=173 < th=180[0m
[self_driving-10] [0m[INFO] [1782555741.676753176] [self_driving]: [DEBUG_DRIVE] state=LINE_FOLLOW raw_lane_x=65.5 lane_x=65.5 filter=stable linear=0.15 angular=0.10 cw_y=173 park_x=-1 park_approach=False park_fb_count=0 park_boot_go=0 right_done=False start_turn=False count_turn=0 traffic=None stop=False[0m
[self_driving-10] [0m[INFO] [1782555741.683949472] [self_driving]: [ALL_CLASSES] ['crosswalk'][0m
[self_driving-10] [0m[INFO] [1782555742.011769361] [self_driving]: [ALL_CLASSES] ['crosswalk'][0m
[self_driving-10] [0m[INFO] [1782555742.012654157] [self_driving]: [OBJECTS] msg_count=25 n=1 names=['crosswalk'][0m
[self_driving-10] [0m[INFO] [1782555742.204993120] [self_driving]: [CROSSWALK_IGNORE] y=177 < th=180[0m
[self_driving-10] [0m[INFO] [1782555742.207013527] [self_driving]: [DEBUG_DRIVE] state=LINE_FOLLOW raw_lane_x=99.5 lane_x=99.5 filter=stable linear=0.15 angular=0.10 cw_y=177 park_x=-1 park_approach=False park_fb_count=0 park_boot_go=0 right_done=False start_turn=False count_turn=0 traffic=None stop=False[0m
[self_driving-10] [0m[INFO] [1782555742.375514323] [self_driving]: [ALL_CLASSES] ['crosswalk'][0m
[self_driving-10] [0m[INFO] [1782555742.379535175] [self_driving]: [ALL_CLASSES] ['crosswalk'][0m
[self_driving-10] [0m[INFO] [1782555742.712150934] [self_driving]: [ALL_CLASSES] ['crosswalk'][0m
[self_driving-10] [0m[INFO] [1782555742.713216823] [self_driving]: [OBJECTS] msg_count=28 n=1 names=['crosswalk'][0m
[self_driving-10] [0m[INFO] [1782555742.722273749] [self_driving]: [ALL_CLASSES] ['crosswalk'][0m
[self_driving-10] [0m[INFO] [1782555742.760373897] [self_driving]: [DEBUG_DRIVE] state=LINE_FOLLOW raw_lane_x=121.0 lane_x=121.0 filter=stable linear=0.15 angular=0.10 cw_y=185 park_x=-1 park_approach=False park_fb_count=0 park_boot_go=0 right_done=False start_turn=False count_turn=0 traffic=None stop=False[0m
[self_driving-10] [0m[INFO] [1782555742.887932156] [self_driving]: [CROSSWALK_SLOW_DONE] return normal speed[0m
[self_driving-10] [0m[INFO] [1782555743.007013878] [self_driving]: [IMAGE] received count=742 shape=(480, 640, 3) queue=0[0m
[self_driving-10] [0m[INFO] [1782555743.047343378] [self_driving]: [ALL_CLASSES] ['crosswalk'][0m
[self_driving-10] [0m[INFO] [1782555743.050714119] [self_driving]: [ALL_CLASSES] ['crosswalk'][0m
[self_driving-10] [0m[INFO] [1782555743.143055471] [self_driving]: [CROSSWALK_SLOW] y=189 th=180 confirm=4[0m
[self_driving-10] [0m[INFO] [1782555743.288166563] [self_driving]: [DEBUG_DRIVE] state=LINE_FOLLOW raw_lane_x=138.0 lane_x=138.0 filter=stable linear=0.15 angular=-0.10 cw_y=189 park_x=-1 park_approach=False park_fb_count=0 park_boot_go=0 right_done=False start_turn=False count_turn=0 traffic=None stop=False[0m
[self_driving-10] [0m[INFO] [1782555743.374587008] [self_driving]: [ALL_CLASSES] ['crosswalk'][0m
[self_driving-10] [0m[INFO] [1782555743.375769304] [self_driving]: [OBJECTS] msg_count=32 n=1 names=['crosswalk'][0m
[self_driving-10] [0m[INFO] [1782555743.385800582] [self_driving]: [ALL_CLASSES] ['crosswalk'][0m
[self_driving-10] [0m[INFO] [1782555743.711816230] [self_driving]: [ALL_CLASSES] ['crosswalk'][0m
[self_driving-10] [0m[INFO] [1782555743.719530285] [self_driving]: [ALL_CLASSES] ['crosswalk'][0m
[self_driving-10] [0m[INFO] [1782555743.832478822] [self_driving]: [DEBUG_DRIVE] state=LINE_FOLLOW raw_lane_x=141.0 lane_x=141.0 filter=stable linear=0.15 angular=-0.10 cw_y=196 park_x=-1 park_approach=False park_fb_count=0 park_boot_go=0 right_done=False start_turn=False count_turn=0 traffic=None stop=False[0m
[self_driving-10] [0m[INFO] [1782555744.037527359] [self_driving]: [ALL_CLASSES] ['crosswalk'][0m
[self_driving-10] [0m[INFO] [1782555744.038456470] [self_driving]: [OBJECTS] msg_count=36 n=1 names=['crosswalk'][0m
[self_driving-10] [0m[INFO] [1782555744.041096656] [self_driving]: [ALL_CLASSES] ['crosswalk'][0m
[self_driving-10] [0m[INFO] [1782555744.350367137] [self_driving]: [DEBUG_DRIVE] state=LINE_FOLLOW raw_lane_x=128.5 lane_x=128.5 filter=stable linear=0.15 angular=0.10 cw_y=318 park_x=-1 park_approach=False park_fb_count=0 park_boot_go=0 right_done=False start_turn=False count_turn=0 traffic=None stop=False[0m
[self_driving-10] [0m[INFO] [1782555744.402971341] [self_driving]: [ALL_CLASSES] ['crosswalk'][0m
[self_driving-10] [0m[INFO] [1782555744.408173841] [self_driving]: [ALL_CLASSES] ['crosswalk'][0m
[self_driving-10] [0m[INFO] [1782555744.752518174] [self_driving]: [ALL_CLASSES] ['crosswalk'][0m
[self_driving-10] [0m[INFO] [1782555744.753745044] [self_driving]: [OBJECTS] msg_count=40 n=1 names=['crosswalk'][0m
[self_driving-10] [0m[INFO] [1782555744.760677451] [self_driving]: [ALL_CLASSES] ['crosswalk'][0m
[self_driving-10] [0m[INFO] [1782555744.896729896] [self_driving]: [DEBUG_DRIVE] state=LINE_FOLLOW raw_lane_x=129.5 lane_x=129.5 filter=stable linear=0.15 angular=0.10 cw_y=418 park_x=-1 park_approach=False park_fb_count=0 park_boot_go=0 right_done=False start_turn=False count_turn=0 traffic=None stop=False[0m
[self_driving-10] [0m[INFO] [1782555745.026407877] [self_driving]: [IMAGE] received count=772 shape=(480, 640, 3) queue=0[0m
[self_driving-10] [0m[INFO] [1782555745.097756766] [self_driving]: [ALL_CLASSES] ['crosswalk'][0m
[self_driving-10] [0m[INFO] [1782555745.103238155] [self_driving]: [ALL_CLASSES] ['crosswalk'][0m
[self_driving-10] [0m[INFO] [1782555745.429408396] [self_driving]: [ALL_CLASSES] ['crosswalk'][0m
[self_driving-10] [0m[INFO] [1782555745.431875840] [self_driving]: [OBJECTS] msg_count=44 n=1 names=['crosswalk'][0m
[self_driving-10] [0m[INFO] [1782555745.436170933] [self_driving]: [DEBUG_DRIVE] state=LINE_FOLLOW raw_lane_x=135.0 lane_x=135.0 filter=stable linear=0.15 angular=-0.10 cw_y=219 park_x=-1 park_approach=False park_fb_count=0 park_boot_go=0 right_done=False start_turn=False count_turn=0 traffic=None stop=False[0m
[self_driving-10] [0m[INFO] [1782555745.766211006] [self_driving]: [ALL_CLASSES] ['crosswalk'][0m
[self_driving-10] [0m[INFO] [1782555745.846250284] [self_driving]: [CROSSWALK_SLOW_DONE] return normal speed[0m
[self_driving-10] [0m[INFO] [1782555745.993482932] [self_driving]: [DEBUG_DRIVE] state=LINE_FOLLOW raw_lane_x=153.0 lane_x=153.0 filter=stable linear=0.30 angular=-0.10 cw_y=225 park_x=-1 park_approach=False park_fb_count=0 park_boot_go=0 right_done=False start_turn=False count_turn=0 traffic=None stop=False[0m
[self_driving-10] [0m[INFO] [1782555746.095714062] [self_driving]: [CROSSWALK_SLOW] y=225 th=180 confirm=4[0m
[self_driving-10] [0m[INFO] [1782555746.213711340] [self_driving]: [ALL_CLASSES] ['crosswalk'][0m
[self_driving-10] [0m[INFO] [1782555746.214516636] [self_driving]: [OBJECTS] msg_count=46 n=1 names=['crosswalk'][0m
[self_driving-10] [0m[INFO] [1782555746.520390858] [self_driving]: [DEBUG_DRIVE] state=LINE_FOLLOW raw_lane_x=162.0 lane_x=162.0 filter=stable linear=0.15 angular=-0.10 cw_y=231 park_x=-1 park_approach=False park_fb_count=0 park_boot_go=0 right_done=False start_turn=False count_turn=0 traffic=None stop=False[0m
[self_driving-10] [0m[INFO] [1782555746.592020710] [self_driving]: [ALL_CLASSES] ['crosswalk'][0m
[self_driving-10] [0m[INFO] [1782555746.902084209] [self_driving]: [ALL_CLASSES] ['crosswalk'][0m
[self_driving-10] [0m[INFO] [1782555746.905626765] [self_driving]: [OBJECTS] msg_count=48 n=1 names=['crosswalk'][0m
[self_driving-10] [0m[INFO] [1782555747.040673691] [self_driving]: [IMAGE] received count=802 shape=(480, 640, 3) queue=0[0m
[self_driving-10] [0m[INFO] [1782555747.050504543] [self_driving]: [DEBUG_DRIVE] state=LINE_FOLLOW raw_lane_x=143.5 lane_x=143.5 filter=stable linear=0.15 angular=-0.10 cw_y=258 park_x=-1 park_approach=False park_fb_count=0 park_boot_go=0 right_done=False start_turn=False count_turn=0 traffic=None stop=False[0m
[self_driving-10] [0m[INFO] [1782555747.236924969] [self_driving]: [ALL_CLASSES] ['crosswalk'][0m
[self_driving-10] [0m[INFO] [1782555747.567666135] [self_driving]: [ALL_CLASSES] ['crosswalk'][0m
[self_driving-10] [0m[INFO] [1782555747.570266746] [self_driving]: [OBJECTS] msg_count=50 n=1 names=['crosswalk'][0m
[self_driving-10] [0m[INFO] [1782555747.601444376] [self_driving]: [DEBUG_DRIVE] state=LINE_FOLLOW raw_lane_x=116.0 lane_x=116.0 filter=stable linear=0.15 angular=0.10 cw_y=321 park_x=-1 park_approach=False park_fb_count=0 park_boot_go=0 right_done=False start_turn=False count_turn=0 traffic=None stop=False[0m
[self_driving-10] [0m[INFO] [1782555747.924011764] [self_driving]: [ALL_CLASSES] ['crosswalk'][0m
[self_driving-10] [0m[INFO] [1782555748.113568875] [self_driving]: [DEBUG_DRIVE] state=LINE_FOLLOW raw_lane_x=123.0 lane_x=123.0 filter=stable linear=0.15 angular=0.10 cw_y=364 park_x=-1 park_approach=False park_fb_count=0 park_boot_go=0 right_done=False start_turn=False count_turn=0 traffic=None stop=False[0m
[self_driving-10] [0m[INFO] [1782555748.243053431] [self_driving]: [ALL_CLASSES] ['crosswalk'][0m
[self_driving-10] [0m[INFO] [1782555748.244007875] [self_driving]: [OBJECTS] msg_count=52 n=1 names=['crosswalk'][0m
[self_driving-10] [0m[INFO] [1782555748.595782764] [self_driving]: [ALL_CLASSES] ['crosswalk'][0m
[self_driving-10] [0m[INFO] [1782555748.664955875] [self_driving]: [DEBUG_DRIVE] state=LINE_FOLLOW raw_lane_x=125.5 lane_x=125.5 filter=stable linear=0.15 angular=0.10 cw_y=428 park_x=-1 park_approach=False park_fb_count=0 park_boot_go=0 right_done=False start_turn=False count_turn=0 traffic=None stop=False[0m
[self_driving-10] [0m[INFO] [1782555748.802309616] [self_driving]: [CROSSWALK_SLOW_DONE] return normal speed[0m
[self_driving-10] [0m[INFO] [1782555748.963338005] [self_driving]: [ALL_CLASSES] ['crosswalk'][0m
[self_driving-10] [0m[INFO] [1782555748.964219005] [self_driving]: [OBJECTS] msg_count=54 n=1 names=['crosswalk'][0m
[self_driving-10] [0m[INFO] [1782555749.063225042] [self_driving]: [IMAGE] received count=832 shape=(480, 640, 3) queue=0[0m
[self_driving-10] [0m[INFO] [1782555749.070395060] [self_driving]: [CROSSWALK_SLOW] y=448 th=180 confirm=4[0m
[self_driving-10] [0m[INFO] [1782555749.196280264] [self_driving]: [DEBUG_DRIVE] state=LINE_FOLLOW raw_lane_x=153.5 lane_x=153.5 filter=stable linear=0.15 angular=-0.10 cw_y=448 park_x=-1 park_approach=False park_fb_count=0 park_boot_go=0 right_done=False start_turn=False count_turn=0 traffic=None stop=False[0m
[self_driving-10] [0m[INFO] [1782555749.745212930] [self_driving]: [DEBUG_DRIVE] state=LINE_FOLLOW raw_lane_x=131.5 lane_x=131.5 filter=stable linear=0.15 angular=0.10 cw_y=448 park_x=-1 park_approach=False park_fb_count=0 park_boot_go=0 right_done=False start_turn=False count_turn=0 traffic=None stop=False[0m
[self_driving-10] [0m[INFO] [1782555750.275681707] [self_driving]: [DEBUG_DRIVE] state=LINE_FOLLOW raw_lane_x=127.0 lane_x=127.0 filter=stable linear=0.15 angular=0.10 cw_y=448 park_x=-1 park_approach=False park_fb_count=0 park_boot_go=0 right_done=False start_turn=False count_turn=0 traffic=None stop=False[0m
[self_driving-10] [0m[INFO] [1782555750.285535448] [self_driving]: [ALL_CLASSES] ['crosswalk'][0m
[self_driving-10] [0m[INFO] [1782555750.287468282] [self_driving]: [OBJECTS] msg_count=55 n=1 names=['crosswalk'][0m
[self_driving-10] [0m[INFO] [1782555750.633357337] [self_driving]: [ALL_CLASSES] ['crosswalk'][0m
[self_driving-10] [0m[INFO] [1782555750.808556152] [self_driving]: [DEBUG_DRIVE] state=LINE_FOLLOW raw_lane_x=133.5 lane_x=133.5 filter=stable linear=0.15 angular=-0.10 cw_y=313 park_x=-1 park_approach=False park_fb_count=0 park_boot_go=0 right_done=False start_turn=False count_turn=0 traffic=None stop=False[0m
[self_driving-10] [0m[INFO] [1782555750.972090022] [self_driving]: [ALL_CLASSES] ['crosswalk'][0m
[self_driving-10] [0m[INFO] [1782555750.972920429] [self_driving]: [OBJECTS] msg_count=57 n=1 names=['crosswalk'][0m
[self_driving-10] [0m[INFO] [1782555751.085017818] [self_driving]: [IMAGE] received count=862 shape=(480, 640, 3) queue=0[0m
[self_driving-10] [0m[INFO] [1782555751.359936040] [self_driving]: [DEBUG_DRIVE] state=LINE_FOLLOW raw_lane_x=136.5 lane_x=136.5 filter=stable linear=0.15 angular=-0.10 cw_y=349 park_x=-1 park_approach=False park_fb_count=0 park_boot_go=0 right_done=False start_turn=False count_turn=0 traffic=None stop=False[0m
[self_driving-10] [0m[INFO] [1782555751.757777781] [self_driving]: [CROSSWALK_SLOW_DONE] return normal speed[0m
[self_driving-10] [0m[INFO] [1782555751.887944855] [self_driving]: [DEBUG_DRIVE] state=LINE_FOLLOW raw_lane_x=143.0 lane_x=143.0 filter=stable linear=0.30 angular=-0.10 cw_y=349 park_x=-1 park_approach=False park_fb_count=0 park_boot_go=0 right_done=False start_turn=False count_turn=0 traffic=None stop=False[0m
[self_driving-10] [0m[INFO] [1782555752.027501466] [self_driving]: [CROSSWALK_SLOW] y=349 th=180 confirm=4[0m
[self_driving-10] [0m[INFO] [1782555752.429799002] [self_driving]: [DEBUG_DRIVE] state=LINE_FOLLOW raw_lane_x=237.5 lane_x=237.5 filter=stable linear=0.15 angular=-0.45 cw_y=349 park_x=-1 park_approach=False park_fb_count=0 park_boot_go=0 right_done=False start_turn=False count_turn=5 traffic=None stop=False[0m
[self_driving-10] [0m[INFO] [1782555752.957929187] [self_driving]: [DEBUG_DRIVE] state=LINE_FOLLOW raw_lane_x=254.5 lane_x=254.5 filter=stable linear=0.15 angular=-0.45 cw_y=349 park_x=-1 park_approach=False park_fb_count=0 park_boot_go=0 right_done=False start_turn=True count_turn=7 traffic=None stop=False[0m
[self_driving-10] [0m[INFO] [1782555753.087912039] [self_driving]: [IMAGE] received count=892 shape=(480, 640, 3) queue=0[0m
[self_driving-10] [33m[WARN] [1782555753.287749854] [self_driving]: [LANE_X_JUMP_REJECT] raw=89.0 last=248.0 diff=159.0 candidate=89.0 cnt=1/4[0m
[self_driving-10] [0m[INFO] [1782555753.503443965] [self_driving]: [DEBUG_DRIVE] state=LINE_FOLLOW raw_lane_x=156.0 lane_x=248.0 filter=jump_reject linear=0.15 angular=-0.45 cw_y=349 park_x=-1 park_approach=False park_fb_count=0 park_boot_go=0 right_done=False start_turn=True count_turn=15 traffic=None stop=False[0m
[self_driving-10] [0m[INFO] [1782555753.560056798] [self_driving]: [LANE_X_JUMP_ACCEPT] raw=152.5 last=152.5 cnt=4/4[0m
[self_driving-10] [0m[INFO] [1782555753.560577705] [self_driving]: [POST_RIGHT_CHECK] cw_y=349 th=350 start_turn=True lane_x=152.5 raw_lane_x=152.5 filter=jump_accept[0m
[self_driving-10] [0m[INFO] [1782555753.560992243] [self_driving]: [POST_RIGHT_SKIP] reason=cw_y_too_small cw_y=349 th=350[0m
[self_driving-10] [0m[INFO] [1782555753.634811113] [self_driving]: [POST_RIGHT_CHECK] cw_y=349 th=350 start_turn=True lane_x=157.5 raw_lane_x=157.5 filter=stable[0m
[self_driving-10] [0m[INFO] [1782555753.636150594] [self_driving]: [POST_RIGHT_SKIP] reason=cw_y_too_small cw_y=349 th=350[0m
[self_driving-10] [0m[INFO] [1782555753.715656817] [self_driving]: [POST_RIGHT_CHECK] cw_y=349 th=350 start_turn=True lane_x=159.5 raw_lane_x=159.5 filter=stable[0m
[self_driving-10] [0m[INFO] [1782555753.716584798] [self_driving]: [POST_RIGHT_SKIP] reason=cw_y_too_small cw_y=349 th=350[0m
[self_driving-10] [0m[INFO] [1782555753.760257724] [self_driving]: [POST_RIGHT_CHECK] cw_y=349 th=350 start_turn=True lane_x=161.5 raw_lane_x=161.5 filter=stable[0m
[self_driving-10] [0m[INFO] [1782555753.761004798] [self_driving]: [POST_RIGHT_SKIP] reason=cw_y_too_small cw_y=349 th=350[0m
[self_driving-10] [0m[INFO] [1782555753.844407798] [self_driving]: [POST_RIGHT_CHECK] cw_y=349 th=350 start_turn=True lane_x=184.5 raw_lane_x=184.5 filter=stable[0m
[self_driving-10] [0m[INFO] [1782555753.845413724] [self_driving]: [POST_RIGHT_SKIP] reason=cw_y_too_small cw_y=349 th=350[0m
[self_driving-10] [0m[INFO] [1782555754.071539983] [self_driving]: [DEBUG_DRIVE] state=LINE_FOLLOW raw_lane_x=254.5 lane_x=254.5 filter=stable linear=0.15 angular=-0.45 cw_y=349 park_x=-1 park_approach=False park_fb_count=0 park_boot_go=0 right_done=False start_turn=True count_turn=3 traffic=None stop=False[0m
[self_driving-10] [0m[INFO] [1782555754.571919538] [self_driving]: [DEBUG_DRIVE] state=LINE_FOLLOW raw_lane_x=262.5 lane_x=262.5 filter=stable linear=0.15 angular=-0.45 cw_y=349 park_x=-1 park_approach=False park_fb_count=0 park_boot_go=0 right_done=False start_turn=True count_turn=11 traffic=None stop=False[0m
[self_driving-10] [0m[INFO] [1782555754.725846649] [self_driving]: [CROSSWALK_SLOW_DONE] return normal speed[0m
[self_driving-10] [0m[INFO] [1782555754.989563131] [self_driving]: [CROSSWALK_SLOW] y=349 th=180 confirm=4[0m
[self_driving-10] [0m[INFO] [1782555755.115465390] [self_driving]: [IMAGE] received count=922 shape=(480, 640, 3) queue=0[0m
[self_driving-10] [0m[INFO] [1782555755.124993964] [self_driving]: [DEBUG_DRIVE] state=LINE_FOLLOW raw_lane_x=307.5 lane_x=307.5 filter=stable linear=0.15 angular=-0.45 cw_y=349 park_x=-1 park_approach=False park_fb_count=0 park_boot_go=0 right_done=False start_turn=True count_turn=19 traffic=None stop=False[0m
[self_driving-10] [0m[INFO] [1782555755.390882038] [self_driving]: [ALL_CLASSES] ['red'][0m
[self_driving-10] [0m[INFO] [1782555755.392413538] [self_driving]: [OBJECTS] msg_count=58 n=1 names=['red'][0m
[self_driving-10] [0m[INFO] [1782555755.405523612] [self_driving]: [TRAFFIC_CANDIDATE] name=red valid=False cx=628 cy=118 area=798 score=0.58 min_area=800[0m
[self_driving-10] [0m[INFO] [1782555755.637821241] [self_driving]: [DEBUG_DRIVE] state=LINE_FOLLOW raw_lane_x=232.5 lane_x=232.5 filter=stable linear=0.15 angular=-0.45 cw_y=0 park_x=-1 park_approach=False park_fb_count=0 park_boot_go=0 right_done=False start_turn=True count_turn=27 traffic=None stop=False[0m
[self_driving-10] [0m[INFO] [1782555755.716837463] [self_driving]: [ALL_CLASSES] ['crosswalk'][0m
[self_driving-10] [0m[INFO] [1782555755.788811593] [self_driving]: [POST_RIGHT_CHECK] cw_y=190 th=350 start_turn=True lane_x=193.0 raw_lane_x=193.0 filter=stable[0m
[self_driving-10] [0m[INFO] [1782555755.789416149] [self_driving]: [POST_RIGHT_SKIP] reason=cw_y_too_small cw_y=190 th=350[0m
[self_driving-10] [0m[INFO] [1782555756.035629130] [self_driving]: [ALL_CLASSES] ['crosswalk'][0m
[self_driving-10] [0m[INFO] [1782555756.036169426] [self_driving]: [OBJECTS] msg_count=60 n=1 names=['crosswalk'][0m
[self_driving-10] [0m[INFO] [1782555756.040357871] [self_driving]: [ALL_CLASSES] ['crosswalk'][0m
[self_driving-10] [0m[INFO] [1782555756.138582778] [self_driving]: [DEBUG_DRIVE] state=LINE_FOLLOW raw_lane_x=145.5 lane_x=145.5 filter=stable linear=0.15 angular=-0.10 cw_y=192 park_x=-1 park_approach=False park_fb_count=0 park_boot_go=0 right_done=False start_turn=False count_turn=0 traffic=None stop=False[0m
[self_driving-10] [0m[INFO] [1782555756.399975296] [self_driving]: [ALL_CLASSES] ['crosswalk'][0m
[self_driving-10] [0m[INFO] [1782555756.401851222] [self_driving]: [ALL_CLASSES] ['go'][0m
[self_driving-10] [0m[INFO] [1782555756.402784130] [self_driving]: [GO_CANDIDATE] cx=385 cy=118 area=1025 score=0.85[0m
[self_driving-10] [0m[INFO] [1782555756.409056130] [self_driving]: [ALL_CLASSES] ['crosswalk'][0m
[self_driving-10] [0m[INFO] [1782555756.652409630] [self_driving]: [DEBUG_DRIVE] state=LINE_FOLLOW raw_lane_x=125.5 lane_x=125.5 filter=stable linear=0.15 angular=0.10 cw_y=194 park_x=-1 park_approach=False park_fb_count=0 park_boot_go=0 right_done=False start_turn=False count_turn=0 traffic=None stop=False[0m
[self_driving-10] [0m[INFO] [1782555756.734994055] [self_driving]: [ALL_CLASSES] ['crosswalk'][0m
[self_driving-10] [0m[INFO] [1782555756.735507000] [self_driving]: [OBJECTS] msg_count=65 n=1 names=['crosswalk'][0m
[self_driving-10] [0m[INFO] [1782555756.740231667] [self_driving]: [ALL_CLASSES] ['crosswalk'][0m
[self_driving-10] [0m[INFO] [1782555757.092384481] [self_driving]: [ALL_CLASSES] ['crosswalk'][0m
[self_driving-10] [0m[INFO] [1782555757.094100889] [self_driving]: [ALL_CLASSES] ['go'][0m
[self_driving-10] [0m[INFO] [1782555757.094669000] [self_driving]: [GO_CANDIDATE] cx=200 cy=116 area=1161 score=0.86[0m
[self_driving-10] [0m[INFO] [1782555757.097620240] [self_driving]: [ALL_CLASSES] ['crosswalk'][0m
[self_driving-10] [0m[INFO] [1782555757.099822000] [self_driving]: [ALL_CLASSES] ['crosswalk'][0m
[self_driving-10] [0m[INFO] [1782555757.131613759] [self_driving]: [IMAGE] received count=952 shape=(480, 640, 3) queue=0[0m
[self_driving-10] [0m[INFO] [1782555757.197328389] [self_driving]: [CROSSWALK_IGNORE] y=10 < th=180[0m
[self_driving-10] [0m[INFO] [1782555757.198737685] [self_driving]: [DEBUG_DRIVE] state=LINE_FOLLOW raw_lane_x=141.5 lane_x=141.5 filter=stable linear=0.15 angular=-0.10 cw_y=10 park_x=-1 park_approach=False park_fb_count=0 park_boot_go=0 right_done=False start_turn=False count_turn=0 traffic=None stop=False[0m
[self_driving-10] [0m[INFO] [1782555757.431441999] [self_driving]: [ALL_CLASSES] ['crosswalk'][0m
[self_driving-10] [0m[INFO] [1782555757.431991481] [self_driving]: [OBJECTS] msg_count=71 n=1 names=['crosswalk'][0m
[self_driving-10] [0m[INFO] [1782555757.434230166] [self_driving]: [ALL_CLASSES] ['crosswalk'][0m
[self_driving-10] [0m[INFO] [1782555757.440918944] [self_driving]: [ALL_CLASSES] ['crosswalk'][0m
[self_driving-10] [0m[INFO] [1782555757.671535814] [self_driving]: [CROSSWALK_SLOW_DONE] return normal speed[0m
[self_driving-10] [0m[INFO] [1782555757.727273888] [self_driving]: [CROSSWALK_IGNORE] y=9 < th=180[0m
[self_driving-10] [0m[INFO] [1782555757.729989499] [self_driving]: [DEBUG_DRIVE] state=LINE_FOLLOW raw_lane_x=123.5 lane_x=123.5 filter=stable linear=0.30 angular=0.10 cw_y=9 park_x=-1 park_approach=False park_fb_count=0 park_boot_go=0 right_done=False start_turn=False count_turn=0 traffic=None stop=False[0m
[self_driving-10] [0m[INFO] [1782555757.779059203] [self_driving]: [ALL_CLASSES] ['crosswalk'][0m
[self_driving-10] [0m[INFO] [1782555757.782508796] [self_driving]: [ALL_CLASSES] ['go'][0m
[self_driving-10] [0m[INFO] [1782555757.783023407] [self_driving]: [GO_CANDIDATE] cx=147 cy=110 area=1421 score=0.87[0m
[self_driving-10] [0m[INFO] [1782555757.788641888] [self_driving]: [ALL_CLASSES] ['crosswalk'][0m
[self_driving-10] [0m[INFO] [1782555758.116260888] [self_driving]: [ALL_CLASSES] ['crosswalk'][0m
[self_driving-10] [0m[INFO] [1782555758.116702129] [self_driving]: [OBJECTS] msg_count=77 n=1 names=['crosswalk'][0m
[self_driving-10] [0m[INFO] [1782555758.123501055] [self_driving]: [ALL_CLASSES] ['crosswalk'][0m
[self_driving-10] [0m[INFO] [1782555758.261111480] [self_driving]: [CROSSWALK_IGNORE] y=6 < th=180[0m
[self_driving-10] [0m[INFO] [1782555758.262123536] [self_driving]: [DEBUG_DRIVE] state=LINE_FOLLOW raw_lane_x=134.5 lane_x=134.5 filter=stable linear=0.30 angular=-0.10 cw_y=6 park_x=-1 park_approach=False park_fb_count=0 park_boot_go=0 right_done=False start_turn=False count_turn=0 traffic=None stop=False[0m
[self_driving-10] [0m[INFO] [1782555758.448756647] [self_driving]: [ALL_CLASSES] ['go'][0m
[self_driving-10] [0m[INFO] [1782555758.449470795] [self_driving]: [GO_CANDIDATE] cx=100 cy=106 area=2160 score=0.89[0m
[self_driving-10] [0m[INFO] [1782555758.454040554] [self_driving]: [ALL_CLASSES] ['crosswalk'][0m
[self_driving-10] [0m[INFO] [1782555758.465783980] [self_driving]: [ALL_CLASSES] ['crosswalk'][0m
[self_driving-10] [0m[INFO] [1782555758.794587276] [self_driving]: [ALL_CLASSES] ['crosswalk'][0m
[self_driving-10] [0m[INFO] [1782555758.795971702] [self_driving]: [OBJECTS] msg_count=82 n=1 names=['crosswalk'][0m
[self_driving-10] [0m[INFO] [1782555758.796764721] [self_driving]: [CROSSWALK_IGNORE] y=6 < th=180[0m
[self_driving-10] [0m[INFO] [1782555758.798415758] [self_driving]: [DEBUG_DRIVE] state=LINE_FOLLOW raw_lane_x=128.5 lane_x=128.5 filter=stable linear=0.30 angular=0.10 cw_y=440 park_x=-1 park_approach=False park_fb_count=0 park_boot_go=0 right_done=False start_turn=False count_turn=0 traffic=None stop=False[0m
[self_driving-10] [0m[INFO] [1782555758.807214406] [self_driving]: [ALL_CLASSES] ['crosswalk'][0m
[self_driving-10] [0m[INFO] [1782555759.143958387] [self_driving]: [IMAGE] received count=982 shape=(480, 640, 3) queue=0[0m
[self_driving-10] [0m[INFO] [1782555759.164537684] [self_driving]: [ALL_CLASSES] ['crosswalk'][0m
[self_driving-10] [0m[INFO] [1782555759.166295165] [self_driving]: [ALL_CLASSES] ['go'][0m
[self_driving-10] [0m[INFO] [1782555759.167354276] [self_driving]: [GO_CANDIDATE] cx=13 cy=91 area=2322 score=0.78[0m
[self_driving-10] [0m[INFO] [1782555759.174239924] [self_driving]: [ALL_CLASSES] ['crosswalk'][0m
[self_driving-10] [0m[INFO] [1782555759.339514017] [self_driving]: [CROSSWALK_IGNORE] y=4 < th=180[0m
[self_driving-10] [0m[INFO] [1782555759.340633609] [self_driving]: [DEBUG_DRIVE] state=LINE_FOLLOW raw_lane_x=118.5 lane_x=118.5 filter=stable linear=0.30 angular=0.10 cw_y=4 park_x=-1 park_approach=False park_fb_count=0 park_boot_go=0 right_done=False start_turn=False count_turn=0 traffic=None stop=False[0m
[self_driving-10] [0m[INFO] [1782555759.502576739] [self_driving]: [ALL_CLASSES] ['crosswalk'][0m
[self_driving-10] [0m[INFO] [1782555759.503432109] [self_driving]: [OBJECTS] msg_count=87 n=1 names=['crosswalk'][0m
[self_driving-10] [0m[INFO] [1782555759.753541368] [self_driving]: [CROSSWALK_SLOW] y=248 th=180 confirm=4[0m
[self_driving-10] [0m[INFO] [1782555759.848808387] [self_driving]: [ALL_CLASSES] ['crosswalk'][0m
[self_driving-10] [0m[INFO] [1782555759.893177183] [self_driving]: [DEBUG_DRIVE] state=LINE_FOLLOW raw_lane_x=141.0 lane_x=141.0 filter=stable linear=0.15 angular=-0.10 cw_y=273 park_x=-1 park_approach=False park_fb_count=0 park_boot_go=0 right_done=False start_turn=False count_turn=0 traffic=None stop=False[0m
[self_driving-10] [0m[INFO] [1782555760.188308868] [self_driving]: [ALL_CLASSES] ['crosswalk'][0m
[self_driving-10] [0m[INFO] [1782555760.188798665] [self_driving]: [OBJECTS] msg_count=89 n=1 names=['crosswalk'][0m
[self_driving-10] [0m[INFO] [1782555760.409978072] [self_driving]: [DEBUG_DRIVE] state=LINE_FOLLOW raw_lane_x=118.0 lane_x=118.0 filter=stable linear=0.15 angular=0.10 cw_y=312 park_x=-1 park_approach=False park_fb_count=0 park_boot_go=0 right_done=False start_turn=False count_turn=0 traffic=None stop=False[0m
[self_driving-10] [0m[INFO] [1782555760.512862442] [self_driving]: [ALL_CLASSES] ['crosswalk'][0m
[self_driving-10] [0m[INFO] [1782555760.861768701] [self_driving]: [ALL_CLASSES] ['crosswalk'][0m
[self_driving-10] [0m[INFO] [1782555760.862659405] [self_driving]: [OBJECTS] msg_count=91 n=1 names=['crosswalk'][0m
[self_driving-10] [0m[INFO] [1782555760.962305294] [self_driving]: [DEBUG_DRIVE] state=LINE_FOLLOW raw_lane_x=130.0 lane_x=130.0 filter=stable linear=0.15 angular=0.10 cw_y=448 park_x=-1 park_approach=False park_fb_count=0 park_boot_go=0 right_done=False start_turn=False count_turn=0 traffic=None stop=False[0m
[self_driving-10] [0m[INFO] [1782555761.214728645] [self_driving]: [IMAGE] received count=1013 shape=(480, 640, 3) queue=0[0m
[self_driving-10] [0m[INFO] [1782555761.490541145] [self_driving]: [DEBUG_DRIVE] state=LINE_FOLLOW raw_lane_x=126.0 lane_x=126.0 filter=stable linear=0.15 angular=0.10 cw_y=448 park_x=-1 park_approach=False park_fb_count=0 park_boot_go=0 right_done=False start_turn=False count_turn=0 traffic=None stop=False[0m
[self_driving-10] [0m[INFO] [1782555761.540838182] [self_driving]: [ALL_CLASSES] ['crosswalk'][0m
[self_driving-10] [0m[INFO] [1782555761.541746571] [self_driving]: [OBJECTS] msg_count=92 n=1 names=['crosswalk'][0m
[self_driving-10] [0m[INFO] [1782555761.883353608] [self_driving]: [ALL_CLASSES] ['crosswalk'][0m
[self_driving-10] [0m[INFO] [1782555762.029391700] [self_driving]: [DEBUG_DRIVE] state=LINE_FOLLOW raw_lane_x=123.0 lane_x=123.0 filter=stable linear=0.15 angular=0.10 cw_y=412 park_x=-1 park_approach=False park_fb_count=0 park_boot_go=0 right_done=False start_turn=False count_turn=0 traffic=None stop=False[0m
[self_driving-10] [0m[INFO] [1782555762.439803682] [self_driving]: [CROSSWALK_SLOW_DONE] return normal speed[0m
[self_driving-10] [0m[INFO] [1782555762.563721811] [self_driving]: [DEBUG_DRIVE] state=LINE_FOLLOW raw_lane_x=135.5 lane_x=135.5 filter=stable linear=0.30 angular=-0.10 cw_y=412 park_x=-1 park_approach=False park_fb_count=0 park_boot_go=0 right_done=False start_turn=False count_turn=0 traffic=None stop=False[0m
[self_driving-10] [0m[INFO] [1782555762.709150644] [self_driving]: [CROSSWALK_SLOW] y=412 th=180 confirm=4[0m
[self_driving-10] [0m[INFO] [1782555763.099451663] [self_driving]: [DEBUG_DRIVE] state=LINE_FOLLOW raw_lane_x=140.0 lane_x=140.0 filter=stable linear=0.15 angular=-0.10 cw_y=412 park_x=-1 park_approach=False park_fb_count=0 park_boot_go=0 right_done=False start_turn=False count_turn=0 traffic=None stop=False[0m
[self_driving-10] [0m[INFO] [1782555763.229361422] [self_driving]: [IMAGE] received count=1043 shape=(480, 640, 3) queue=0[0m
[self_driving-10] [0m[INFO] [1782555763.650636681] [self_driving]: [DEBUG_DRIVE] state=LINE_FOLLOW raw_lane_x=126.0 lane_x=126.0 filter=stable linear=0.15 angular=0.10 cw_y=412 park_x=-1 park_approach=False park_fb_count=0 park_boot_go=0 right_done=False start_turn=False count_turn=0 traffic=None stop=False[0m
[self_driving-10] [0m[INFO] [1782555764.188117181] [self_driving]: [DEBUG_DRIVE] state=LINE_FOLLOW raw_lane_x=125.0 lane_x=125.0 filter=stable linear=0.15 angular=0.10 cw_y=412 park_x=-1 park_approach=False park_fb_count=0 park_boot_go=0 right_done=False start_turn=False count_turn=0 traffic=None stop=False[0m
[self_driving-10] [0m[INFO] [1782555764.261817014] [self_driving]: [ALL_CLASSES] ['crosswalk'][0m
[self_driving-10] [0m[INFO] [1782555764.262471181] [self_driving]: [OBJECTS] msg_count=94 n=1 names=['crosswalk'][0m
[self_driving-10] [0m[INFO] [1782555764.603834106] [self_driving]: [ALL_CLASSES] ['crosswalk'][0m
[self_driving-10] [0m[INFO] [1782555764.607161662] [self_driving]: [ALL_CLASSES] ['crosswalk'][0m
[self_driving-10] [0m[INFO] [1782555764.720009606] [self_driving]: [DEBUG_DRIVE] state=LINE_FOLLOW raw_lane_x=138.0 lane_x=138.0 filter=stable linear=0.15 angular=-0.10 cw_y=470 park_x=-1 park_approach=False park_fb_count=0 park_boot_go=0 right_done=False start_turn=False count_turn=0 traffic=None stop=False[0m
[self_driving-10] [0m[INFO] [1782555765.250690236] [self_driving]: [IMAGE] received count=1073 shape=(480, 640, 3) queue=0[0m
[self_driving-10] [0m[INFO] [1782555765.257483254] [self_driving]: [DEBUG_DRIVE] state=LINE_FOLLOW raw_lane_x=134.0 lane_x=134.0 filter=stable linear=0.15 angular=-0.10 cw_y=470 park_x=-1 park_approach=False park_fb_count=0 park_boot_go=0 right_done=False start_turn=False count_turn=0 traffic=None stop=False[0m
[self_driving-10] [0m[INFO] [1782555765.400650180] [self_driving]: [CROSSWALK_SLOW_DONE] return normal speed[0m
[self_driving-10] [0m[INFO] [1782555765.664899902] [self_driving]: [CROSSWALK_SLOW] y=470 th=180 confirm=4[0m
[self_driving-10] [0m[INFO] [1782555765.793642087] [self_driving]: [DEBUG_DRIVE] state=LINE_FOLLOW raw_lane_x=213.5 lane_x=213.5 filter=stable linear=0.15 angular=-0.45 cw_y=470 park_x=-1 park_approach=False park_fb_count=0 park_boot_go=0 right_done=False start_turn=False count_turn=2 traffic=None stop=False[0m
[self_driving-10] [0m[INFO] [1782555766.353791679] [self_driving]: [DEBUG_DRIVE] state=LINE_FOLLOW raw_lane_x=244.5 lane_x=244.5 filter=stable linear=0.15 angular=-0.45 cw_y=470 park_x=-1 park_approach=False park_fb_count=0 park_boot_go=0 right_done=False start_turn=True count_turn=4 traffic=None stop=False[0m
[self_driving-10] [33m[WARN] [1782555766.683673401] [self_driving]: [LANE_X_JUMP_REJECT] raw=118.0 last=294.5 diff=176.5 candidate=118.0 cnt=1/4[0m
[self_driving-10] [0m[INFO] [1782555766.875514420] [self_driving]: [LANE_X_JUMP_ACCEPT] raw=151.5 last=151.5 cnt=4/4[0m
[self_driving-10] [0m[INFO] [1782555766.879690679] [self_driving]: [POST_RIGHT_CHECK] cw_y=470 th=350 start_turn=True lane_x=151.5 raw_lane_x=151.5 filter=jump_accept[0m
[self_driving-10] [0m[INFO] [1782555766.881862568] [self_driving]: [POST_RIGHT_FORWARD_START] reason=line_turn_recover duration=1.20s speed=0.18 angular=0.05[0m
[self_driving-10] [0m[INFO] [1782555766.946762105] [self_driving]: [POST_RIGHT_FORWARD] remain=1.14s reason=line_turn_recover park_x=-1 cw_y=470[0m
[self_driving-10] [0m[INFO] [1782555767.210126475] [self_driving]: [POST_RIGHT_FORWARD] remain=0.87s reason=line_turn_recover park_x=-1 cw_y=470[0m
[self_driving-10] [0m[INFO] [1782555767.287478512] [self_driving]: [IMAGE] received count=1103 shape=(480, 640, 3) queue=0[0m
[self_driving-10] [0m[INFO] [1782555767.485072234] [self_driving]: [POST_RIGHT_FORWARD] remain=0.60s reason=line_turn_recover park_x=-1 cw_y=470[0m
[self_driving-10] [33m[WARN] [1782555767.629803975] [self_driving]: [LANE_X_JUMP_REJECT] raw=194.5 last=306.0 diff=111.5 candidate=194.5 cnt=1/4[0m
[self_driving-10] [0m[INFO] [1782555767.749938086] [self_driving]: [POST_RIGHT_FORWARD] remain=0.33s reason=line_turn_recover park_x=-1 cw_y=470[0m
[self_driving-10] [0m[INFO] [1782555767.958822734] [self_driving]: [POST_RIGHT_FORWARD] remain=0.13s reason=line_turn_recover park_x=-1 cw_y=470[0m
[self_driving-10] [0m[INFO] [1782555768.086399308] [self_driving]: [PARK_APPROACH_WAIT] post_right_forward_done=True cw_y=470 th=250 reason=wait_until_crosswalk_y_below_threshold[0m
[self_driving-10] [0m[INFO] [1782555768.088565678] [self_driving]: [DEBUG_DRIVE] state=LINE_FOLLOW raw_lane_x=-1 lane_x=294.5 filter=hold_last linear=0.15 angular=-0.45 cw_y=470 park_x=-1 park_approach=False park_fb_count=0 park_boot_go=0 right_done=False start_turn=False count_turn=1 traffic=None stop=False[0m
[self_driving-10] [0m[INFO] [1782555768.153533401] [self_driving]: [PARK_APPROACH_WAIT] post_right_forward_done=True cw_y=470 th=250 reason=wait_until_crosswalk_y_below_threshold[0m
[self_driving-10] [0m[INFO] [1782555768.220896326] [self_driving]: [PARK_APPROACH_WAIT] post_right_forward_done=True cw_y=470 th=250 reason=wait_until_crosswalk_y_below_threshold[0m
[self_driving-10] [0m[INFO] [1782555768.279480271] [self_driving]: [PARK_APPROACH_WAIT] post_right_forward_done=True cw_y=470 th=250 reason=wait_until_crosswalk_y_below_threshold[0m
[self_driving-10] [33m[WARN] [1782555768.280319493] [self_driving]: [LANE_LOST] raw_lane_x=-1 lane_x=-1 filter=lost stop=False state=LINE_FOLLOW safe_linear=0.00 right_ready=False right_done=False[0m
[self_driving-10] [0m[INFO] [1782555768.339458789] [self_driving]: [PARK_APPROACH_WAIT] post_right_forward_done=True cw_y=470 th=250 reason=wait_until_crosswalk_y_below_threshold[0m
[self_driving-10] [0m[INFO] [1782555768.342628345] [self_driving]: [CROSSWALK_SLOW_DONE] return normal speed[0m
[self_driving-10] [0m[INFO] [1782555768.419310456] [self_driving]: [PARK_APPROACH_WAIT] post_right_forward_done=True cw_y=470 th=250 reason=wait_until_crosswalk_y_below_threshold[0m
[self_driving-10] [0m[INFO] [1782555768.488793234] [self_driving]: [PARK_APPROACH_WAIT] post_right_forward_done=True cw_y=470 th=250 reason=wait_until_crosswalk_y_below_threshold[0m
[self_driving-10] [0m[INFO] [1782555768.555357437] [self_driving]: [PARK_APPROACH_WAIT] post_right_forward_done=True cw_y=470 th=250 reason=wait_until_crosswalk_y_below_threshold[0m
[self_driving-10] [0m[INFO] [1782555768.612172974] [self_driving]: [PARK_APPROACH_WAIT] post_right_forward_done=True cw_y=470 th=250 reason=wait_until_crosswalk_y_below_threshold[0m
[self_driving-10] [0m[INFO] [1782555768.612960956] [self_driving]: [CROSSWALK_SLOW] y=470 th=180 confirm=4[0m
[self_driving-10] [0m[INFO] [1782555768.613631659] [self_driving]: [DEBUG_DRIVE] state=LINE_FOLLOW raw_lane_x=-1 lane_x=-1 filter=lost linear=0.15 angular=0.00 cw_y=470 park_x=-1 park_approach=False park_fb_count=0 park_boot_go=0 right_done=False start_turn=False count_turn=3 traffic=None stop=False[0m
[self_driving-10] [0m[INFO] [1782555768.704859993] [self_driving]: [PARK_APPROACH_WAIT] post_right_forward_done=True cw_y=470 th=250 reason=wait_until_crosswalk_y_below_threshold[0m
[self_driving-10] [0m[INFO] [1782555768.758985363] [self_driving]: [PARK_APPROACH_WAIT] post_right_forward_done=True cw_y=470 th=250 reason=wait_until_crosswalk_y_below_threshold[0m
[self_driving-10] [0m[INFO] [1782555768.810396270] [self_driving]: [PARK_APPROACH_WAIT] post_right_forward_done=True cw_y=470 th=250 reason=wait_until_crosswalk_y_below_threshold[0m
[self_driving-10] [33m[WARN] [1782555768.812584030] [self_driving]: [LANE_LOST] raw_lane_x=-1 lane_x=-1 filter=lost stop=False state=LINE_FOLLOW safe_linear=0.00 right_ready=False right_done=False[0m
[self_driving-10] [0m[INFO] [1782555768.881687826] [self_driving]: [PARK_APPROACH_WAIT] post_right_forward_done=True cw_y=470 th=250 reason=wait_until_crosswalk_y_below_threshold[0m
[self_driving-10] [0m[INFO] [1782555768.950581474] [self_driving]: [PARK_APPROACH_WAIT] post_right_forward_done=True cw_y=470 th=250 reason=wait_until_crosswalk_y_below_threshold[0m
[self_driving-10] [0m[INFO] [1782555769.044527289] [self_driving]: [PARK_APPROACH_WAIT] post_right_forward_done=True cw_y=470 th=250 reason=wait_until_crosswalk_y_below_threshold[0m
[self_driving-10] [0m[INFO] [1782555769.087565715] [self_driving]: [PARK_APPROACH_WAIT] post_right_forward_done=True cw_y=470 th=250 reason=wait_until_crosswalk_y_below_threshold[0m
[self_driving-10] [0m[INFO] [1782555769.165124918] [self_driving]: [PARK_APPROACH_WAIT] post_right_forward_done=True cw_y=470 th=250 reason=wait_until_crosswalk_y_below_threshold[0m
[self_driving-10] [0m[INFO] [1782555769.168651770] [self_driving]: [DEBUG_DRIVE] state=LINE_FOLLOW raw_lane_x=-1 lane_x=-1 filter=lost linear=0.15 angular=0.00 cw_y=470 park_x=-1 park_approach=False park_fb_count=0 park_boot_go=0 right_done=False start_turn=False count_turn=3 traffic=None stop=False[0m
[self_driving-10] [0m[INFO] [1782555769.224651122] [self_driving]: [PARK_APPROACH_WAIT] post_right_forward_done=True cw_y=470 th=250 reason=wait_until_crosswalk_y_below_threshold[0m
[self_driving-10] [0m[INFO] [1782555769.287919159] [self_driving]: [IMAGE] received count=1133 shape=(480, 640, 3) queue=0[0m
[self_driving-10] [0m[INFO] [1782555769.296292363] [self_driving]: [PARK_APPROACH_WAIT] post_right_forward_done=True cw_y=470 th=250 reason=wait_until_crosswalk_y_below_threshold[0m
[self_driving-10] [0m[INFO] [1782555769.369773474] [self_driving]: [PARK_APPROACH_WAIT] post_right_forward_done=True cw_y=470 th=250 reason=wait_until_crosswalk_y_below_threshold[0m
[self_driving-10] [33m[WARN] [1782555769.370714770] [self_driving]: [LANE_LOST] raw_lane_x=-1 lane_x=-1 filter=lost stop=False state=LINE_FOLLOW safe_linear=0.00 right_ready=False right_done=False[0m
[self_driving-10] [0m[INFO] [1782555769.427539900] [self_driving]: [PARK_APPROACH_WAIT] post_right_forward_done=True cw_y=470 th=250 reason=wait_until_crosswalk_y_below_threshold[0m
[self_driving-10] [0m[INFO] [1782555769.504131640] [self_driving]: [PARK_APPROACH_WAIT] post_right_forward_done=True cw_y=470 th=250 reason=wait_until_crosswalk_y_below_threshold[0m
[self_driving-10] [0m[INFO] [1782555769.563737103] [self_driving]: [PARK_APPROACH_WAIT] post_right_forward_done=True cw_y=470 th=250 reason=wait_until_crosswalk_y_below_threshold[0m
[self_driving-10] [0m[INFO] [1782555769.618415992] [self_driving]: [PARK_APPROACH_WAIT] post_right_forward_done=True cw_y=470 th=250 reason=wait_until_crosswalk_y_below_threshold[0m
[self_driving-10] [0m[INFO] [1782555769.687819307] [self_driving]: [PARK_APPROACH_WAIT] post_right_forward_done=True cw_y=470 th=250 reason=wait_until_crosswalk_y_below_threshold[0m
[self_driving-10] [0m[INFO] [1782555769.688764677] [self_driving]: [DEBUG_DRIVE] state=LINE_FOLLOW raw_lane_x=-1 lane_x=-1 filter=lost linear=0.15 angular=0.00 cw_y=470 park_x=-1 park_approach=False park_fb_count=0 park_boot_go=0 right_done=False start_turn=False count_turn=3 traffic=None stop=False[0m
[self_driving-10] [0m[INFO] [1782555769.741964622] [self_driving]: [ALL_CLASSES] ['crosswalk'][0m
[self_driving-10] [0m[INFO] [1782555769.745627714] [self_driving]: [OBJECTS] msg_count=97 n=1 names=['crosswalk'][0m
[self_driving-10] [0m[INFO] [1782555769.782703825] [self_driving]: [PARK_APPROACH_WAIT] post_right_forward_done=True cw_y=314 th=250 reason=wait_until_crosswalk_y_below_threshold[0m
[self_driving-10] [0m[INFO] [1782555769.826910103] [self_driving]: [PARK_APPROACH_WAIT] post_right_forward_done=True cw_y=314 th=250 reason=wait_until_crosswalk_y_below_threshold[0m
[self_driving-10] [0m[INFO] [1782555769.897756825] [self_driving]: [PARK_APPROACH_WAIT] post_right_forward_done=True cw_y=314 th=250 reason=wait_until_crosswalk_y_below_threshold[0m
[self_driving-10] [33m[WARN] [1782555769.899567696] [self_driving]: [LANE_LOST] raw_lane_x=-1 lane_x=-1 filter=lost stop=False state=LINE_FOLLOW safe_linear=0.00 right_ready=False right_done=False[0m
[self_driving-10] [0m[INFO] [1782555769.962044418] [self_driving]: [PARK_APPROACH_WAIT] post_right_forward_done=True cw_y=314 th=250 reason=wait_until_crosswalk_y_below_threshold[0m
[self_driving-10] [0m[INFO] [1782555770.039179788] [self_driving]: [PARK_APPROACH_WAIT] post_right_forward_done=True cw_y=314 th=250 reason=wait_until_crosswalk_y_below_threshold[0m
[self_driving-10] [0m[INFO] [1782555770.074549010] [self_driving]: [ALL_CLASSES] ['crosswalk'][0m
[self_driving-10] [0m[INFO] [1782555770.119244640] [self_driving]: [PARK_APPROACH_WAIT] post_right_forward_done=True cw_y=314 th=250 reason=wait_until_crosswalk_y_below_threshold[0m
[self_driving-10] [0m[INFO] [1782555770.151839103] [self_driving]: [PARK_APPROACH_WAIT] post_right_forward_done=True cw_y=314 th=250 reason=wait_until_crosswalk_y_below_threshold[0m
[self_driving-10] [0m[INFO] [1782555770.241900899] [self_driving]: [PARK_APPROACH_WAIT] post_right_forward_done=True cw_y=314 th=250 reason=wait_until_crosswalk_y_below_threshold[0m
[self_driving-10] [0m[INFO] [1782555770.242610251] [self_driving]: [DEBUG_DRIVE] state=LINE_FOLLOW raw_lane_x=-1 lane_x=-1 filter=lost linear=0.15 angular=0.00 cw_y=314 park_x=-1 park_approach=False park_fb_count=0 park_boot_go=0 right_done=False start_turn=False count_turn=3 traffic=None stop=False[0m
[self_driving-10] [0m[INFO] [1782555770.298732214] [self_driving]: [PARK_APPROACH_WAIT] post_right_forward_done=True cw_y=314 th=250 reason=wait_until_crosswalk_y_below_threshold[0m
[self_driving-10] [0m[INFO] [1782555770.371780751] [self_driving]: [PARK_APPROACH_WAIT] post_right_forward_done=True cw_y=314 th=250 reason=wait_until_crosswalk_y_below_threshold[0m
[self_driving-10] [0m[INFO] [1782555770.424658010] [self_driving]: [ALL_CLASSES] ['crosswalk'][0m
[self_driving-10] [0m[INFO] [1782555770.425424973] [self_driving]: [OBJECTS] msg_count=99 n=1 names=['crosswalk'][0m
[self_driving-10] [0m[INFO] [1782555770.444885029] [self_driving]: [PARK_APPROACH_WAIT] post_right_forward_done=True cw_y=314 th=250 reason=wait_until_crosswalk_y_below_threshold[0m
[self_driving-10] [33m[WARN] [1782555770.453214658] [self_driving]: [LANE_LOST] raw_lane_x=-1 lane_x=-1 filter=lost stop=False state=LINE_FOLLOW safe_linear=0.00 right_ready=False right_done=False[0m
[self_driving-10] [0m[INFO] [1782555770.508900510] [self_driving]: [PARK_APPROACH_WAIT] post_right_forward_done=True cw_y=314 th=250 reason=wait_until_crosswalk_y_below_threshold[0m
[self_driving-10] [0m[INFO] [1782555770.566157658] [self_driving]: [PARK_APPROACH_WAIT] post_right_forward_done=True cw_y=314 th=250 reason=wait_until_crosswalk_y_below_threshold[0m
[self_driving-10] [0m[INFO] [1782555770.628174640] [self_driving]: [PARK_APPROACH_WAIT] post_right_forward_done=True cw_y=314 th=250 reason=wait_until_crosswalk_y_below_threshold[0m
[self_driving-10] [0m[INFO] [1782555770.711938973] [self_driving]: [PARK_APPROACH_WAIT] post_right_forward_done=True cw_y=314 th=250 reason=wait_until_crosswalk_y_below_threshold[0m
[self_driving-10] [0m[INFO] [1782555770.765108084] [self_driving]: [ALL_CLASSES] ['crosswalk'][0m
[self_driving-10] [0m[INFO] [1782555770.770448417] [self_driving]: [PARK_APPROACH_WAIT] post_right_forward_done=True cw_y=314 th=250 reason=wait_until_crosswalk_y_below_threshold[0m
[self_driving-10] [0m[INFO] [1782555770.771991177] [self_driving]: [DEBUG_DRIVE] state=LINE_FOLLOW raw_lane_x=-1 lane_x=-1 filter=lost linear=0.15 angular=0.00 cw_y=314 park_x=-1 park_approach=False park_fb_count=0 park_boot_go=0 right_done=False start_turn=False count_turn=3 traffic=None stop=False[0m
[self_driving-10] [0m[INFO] [1782555770.829764917] [self_driving]: [PARK_APPROACH_WAIT] post_right_forward_done=True cw_y=314 th=250 reason=wait_until_crosswalk_y_below_threshold[0m
[self_driving-10] [0m[INFO] [1782555770.904317991] [self_driving]: [PARK_APPROACH_WAIT] post_right_forward_done=True cw_y=314 th=250 reason=wait_until_crosswalk_y_below_threshold[0m
[self_driving-10] [0m[INFO] [1782555770.956998177] [self_driving]: [PARK_APPROACH_WAIT] post_right_forward_done=True cw_y=314 th=250 reason=wait_until_crosswalk_y_below_threshold[0m
[self_driving-10] [33m[WARN] [1782555770.957917603] [self_driving]: [LANE_LOST] raw_lane_x=-1 lane_x=-1 filter=lost stop=False state=LINE_FOLLOW safe_linear=0.00 right_ready=False right_done=False[0m
[self_driving-10] [0m[INFO] [1782555771.041057102] [self_driving]: [PARK_APPROACH_WAIT] post_right_forward_done=True cw_y=314 th=250 reason=wait_until_crosswalk_y_below_threshold[0m
[self_driving-10] [0m[INFO] [1782555771.110463343] [self_driving]: [PARK_APPROACH_WAIT] post_right_forward_done=True cw_y=314 th=250 reason=wait_until_crosswalk_y_below_threshold[0m
[self_driving-10] [0m[INFO] [1782555771.114195454] [self_driving]: [ALL_CLASSES] ['crosswalk'][0m
[self_driving-10] [0m[INFO] [1782555771.116415954] [self_driving]: [OBJECTS] msg_count=101 n=1 names=['crosswalk'][0m
[self_driving-10] [0m[INFO] [1782555771.174594528] [self_driving]: [PARK_APPROACH_WAIT] post_right_forward_done=True cw_y=314 th=250 reason=wait_until_crosswalk_y_below_threshold[0m
[self_driving-10] [0m[INFO] [1782555771.245362510] [self_driving]: [PARK_APPROACH_WAIT] post_right_forward_done=True cw_y=314 th=250 reason=wait_until_crosswalk_y_below_threshold[0m
[self_driving-10] [0m[INFO] [1782555771.290395936] [self_driving]: [IMAGE] received count=1163 shape=(480, 640, 3) queue=0[0m
[self_driving-10] [0m[INFO] [1782555771.298576880] [self_driving]: [PARK_APPROACH_WAIT] post_right_forward_done=True cw_y=314 th=250 reason=wait_until_crosswalk_y_below_threshold[0m
[self_driving-10] [0m[INFO] [1782555771.300470602] [self_driving]: [CROSSWALK_SLOW_DONE] return normal speed[0m
[self_driving-10] [0m[INFO] [1782555771.301093028] [self_driving]: [DEBUG_DRIVE] state=LINE_FOLLOW raw_lane_x=-1 lane_x=-1 filter=lost linear=0.15 angular=0.00 cw_y=314 park_x=-1 park_approach=False park_fb_count=0 park_boot_go=0 right_done=False start_turn=False count_turn=3 traffic=None stop=False[0m
[self_driving-10] [0m[INFO] [1782555771.374485899] [self_driving]: [PARK_APPROACH_WAIT] post_right_forward_done=True cw_y=314 th=250 reason=wait_until_crosswalk_y_below_threshold[0m
[self_driving-10] [0m[INFO] [1782555771.432208473] [self_driving]: [PARK_APPROACH_WAIT] post_right_forward_done=True cw_y=314 th=250 reason=wait_until_crosswalk_y_below_threshold[0m
[self_driving-10] [0m[INFO] [1782555771.460964806] [self_driving]: [ALL_CLASSES] ['crosswalk'][0m
[self_driving-10] [33m[WARN] [1782555771.524802269] [self_driving]: [LANE_X_JUMP_REJECT] raw=169.5 last=271.0 diff=101.5 candidate=169.5 cnt=1/4[0m
[self_driving-10] [0m[INFO] [1782555771.525405713] [self_driving]: [PARK_APPROACH_WAIT] post_right_forward_done=True cw_y=314 th=250 reason=wait_until_crosswalk_y_below_threshold[0m
[self_driving-10] [0m[INFO] [1782555771.581469806] [self_driving]: [PARK_APPROACH_WAIT] post_right_forward_done=True cw_y=314 th=250 reason=wait_until_crosswalk_y_below_threshold[0m
[self_driving-10] [0m[INFO] [1782555771.583308250] [self_driving]: [CROSSWALK_SLOW] y=314 th=180 confirm=4[0m
[self_driving-10] [0m[INFO] [1782555771.647151991] [self_driving]: [PARK_APPROACH_WAIT] post_right_forward_done=True cw_y=314 th=250 reason=wait_until_crosswalk_y_below_threshold[0m
[self_driving-10] [0m[INFO] [1782555771.716918084] [self_driving]: [PARK_APPROACH_WAIT] post_right_forward_done=True cw_y=314 th=250 reason=wait_until_crosswalk_y_below_threshold[0m
[self_driving-10] [0m[INFO] [1782555771.769529454] [self_driving]: [PARK_APPROACH_WAIT] post_right_forward_done=True cw_y=314 th=250 reason=wait_until_crosswalk_y_below_threshold[0m
[self_driving-10] [0m[INFO] [1782555771.863796361] [self_driving]: [PARK_APPROACH_WAIT] post_right_forward_done=True cw_y=314 th=250 reason=wait_until_crosswalk_y_below_threshold[0m
[self_driving-10] [0m[INFO] [1782555771.864859195] [self_driving]: [DEBUG_DRIVE] state=LINE_FOLLOW raw_lane_x=112.5 lane_x=271.0 filter=jump_reject linear=0.15 angular=-0.45 cw_y=314 park_x=-1 park_approach=False park_fb_count=0 park_boot_go=0 right_done=False start_turn=True count_turn=5 traffic=None stop=False[0m
[self_driving-10] [0m[INFO] [1782555771.911078176] [self_driving]: [LANE_X_JUMP_ACCEPT] raw=104.0 last=104.0 cnt=4/4[0m
[self_driving-10] [0m[INFO] [1782555771.916670528] [self_driving]: [PARK_APPROACH_WAIT] post_right_forward_done=True cw_y=314 th=250 reason=wait_until_crosswalk_y_below_threshold[0m
[self_driving-10] [0m[INFO] [1782555771.975099713] [self_driving]: [PARK_APPROACH_WAIT] post_right_forward_done=True cw_y=314 th=250 reason=wait_until_crosswalk_y_below_threshold[0m
[self_driving-10] [0m[INFO] [1782555771.980634824] [self_driving]: [POST_RIGHT_CHECK] cw_y=314 th=350 start_turn=True lane_x=95.5 raw_lane_x=95.5 filter=stable[0m
[self_driving-10] [0m[INFO] [1782555771.981402472] [self_driving]: [POST_RIGHT_SKIP] reason=cw_y_too_small cw_y=314 th=350[0m
[self_driving-10] [0m[INFO] [1782555772.048160324] [self_driving]: [PARK_APPROACH_WAIT] post_right_forward_done=True cw_y=314 th=250 reason=wait_until_crosswalk_y_below_threshold[0m
[self_driving-10] [0m[INFO] [1782555772.049760824] [self_driving]: [POST_RIGHT_CHECK] cw_y=314 th=350 start_turn=True lane_x=68.0 raw_lane_x=68.0 filter=stable[0m
[self_driving-10] [0m[INFO] [1782555772.050275880] [self_driving]: [POST_RIGHT_SKIP] reason=cw_y_too_small cw_y=314 th=350[0m
[self_driving-10] [0m[INFO] [1782555772.114689620] [self_driving]: [PARK_APPROACH_WAIT] post_right_forward_done=True cw_y=314 th=250 reason=wait_until_crosswalk_y_below_threshold[0m
[self_driving-10] [0m[INFO] [1782555772.115323287] [self_driving]: [POST_RIGHT_CHECK] cw_y=314 th=350 start_turn=True lane_x=46.0 raw_lane_x=46.0 filter=stable[0m
[self_driving-10] [0m[INFO] [1782555772.115749046] [self_driving]: [POST_RIGHT_SKIP] reason=cw_y_too_small cw_y=314 th=350[0m
[self_driving-10] [0m[INFO] [1782555772.174612435] [self_driving]: [PARK_APPROACH_WAIT] post_right_forward_done=True cw_y=314 th=250 reason=wait_until_crosswalk_y_below_threshold[0m
[self_driving-10] [0m[INFO] [1782555772.175717417] [self_driving]: [POST_RIGHT_CHECK] cw_y=314 th=350 start_turn=True lane_x=43.0 raw_lane_x=43.0 filter=stable[0m
[self_driving-10] [0m[INFO] [1782555772.176409231] [self_driving]: [POST_RIGHT_SKIP] reason=cw_y_too_small cw_y=314 th=350[0m
[self_driving-10] [0m[INFO] [1782555772.257305435] [self_driving]: [PARK_APPROACH_WAIT] post_right_forward_done=True cw_y=314 th=250 reason=wait_until_crosswalk_y_below_threshold[0m
[self_driving-10] [0m[INFO] [1782555772.263610231] [self_driving]: [POST_RIGHT_CHECK] cw_y=314 th=350 start_turn=True lane_x=43.5 raw_lane_x=43.5 filter=stable[0m
[self_driving-10] [0m[INFO] [1782555772.264133250] [self_driving]: [POST_RIGHT_SKIP] reason=cw_y_too_small cw_y=314 th=350[0m
[self_driving-10] [0m[INFO] [1782555772.320885602] [self_driving]: [PARK_APPROACH_WAIT] post_right_forward_done=True cw_y=314 th=250 reason=wait_until_crosswalk_y_below_threshold[0m
[self_driving-10] [0m[INFO] [1782555772.321517176] [self_driving]: [POST_RIGHT_CHECK] cw_y=314 th=350 start_turn=True lane_x=43.0 raw_lane_x=43.0 filter=stable[0m
[self_driving-10] [0m[INFO] [1782555772.324729380] [self_driving]: [POST_RIGHT_SKIP] reason=cw_y_too_small cw_y=314 th=350[0m
[self_driving-10] [0m[INFO] [1782555772.392909139] [self_driving]: [PARK_APPROACH_WAIT] post_right_forward_done=True cw_y=314 th=250 reason=wait_until_crosswalk_y_below_threshold[0m
[self_driving-10] [0m[INFO] [1782555772.393543509] [self_driving]: [POST_RIGHT_CHECK] cw_y=314 th=350 start_turn=True lane_x=42.0 raw_lane_x=42.0 filter=stable[0m
[self_driving-10] [0m[INFO] [1782555772.394481398] [self_driving]: [POST_RIGHT_SKIP] reason=cw_y_too_small cw_y=314 th=350[0m
[self_driving-10] [0m[INFO] [1782555772.396519991] [self_driving]: [DEBUG_DRIVE] state=LINE_FOLLOW raw_lane_x=42.0 lane_x=42.0 filter=stable linear=0.15 angular=0.00 cw_y=314 park_x=-1 park_approach=False park_fb_count=0 park_boot_go=0 right_done=False start_turn=True count_turn=0 traffic=None stop=False[0m
[self_driving-10] [0m[INFO] [1782555772.451436398] [self_driving]: [PARK_APPROACH_WAIT] post_right_forward_done=True cw_y=314 th=250 reason=wait_until_crosswalk_y_below_threshold[0m
[self_driving-10] [0m[INFO] [1782555772.452197435] [self_driving]: [POST_RIGHT_CHECK] cw_y=314 th=350 start_turn=True lane_x=39.0 raw_lane_x=39.0 filter=stable[0m
[self_driving-10] [0m[INFO] [1782555772.452751176] [self_driving]: [POST_RIGHT_SKIP] reason=cw_y_too_small cw_y=314 th=350[0m
[self_driving-10] [0m[INFO] [1782555772.524381379] [self_driving]: [PARK_APPROACH_WAIT] post_right_forward_done=True cw_y=314 th=250 reason=wait_until_crosswalk_y_below_threshold[0m
[self_driving-10] [0m[INFO] [1782555772.525102453] [self_driving]: [POST_RIGHT_CHECK] cw_y=314 th=350 start_turn=True lane_x=39.0 raw_lane_x=39.0 filter=stable[0m
[self_driving-10] [0m[INFO] [1782555772.526834139] [self_driving]: [POST_RIGHT_SKIP] reason=cw_y_too_small cw_y=314 th=350[0m
[self_driving-10] [0m[INFO] [1782555772.582356120] [self_driving]: [PARK_APPROACH_WAIT] post_right_forward_done=True cw_y=314 th=250 reason=wait_until_crosswalk_y_below_threshold[0m
[self_driving-10] [0m[INFO] [1782555772.582881953] [self_driving]: [POST_RIGHT_CHECK] cw_y=314 th=350 start_turn=True lane_x=39.0 raw_lane_x=39.0 filter=stable[0m
[self_driving-10] [0m[INFO] [1782555772.583294602] [self_driving]: [POST_RIGHT_SKIP] reason=cw_y_too_small cw_y=314 th=350[0m
[self_driving-10] [0m[INFO] [1782555772.652642064] [self_driving]: [PARK_APPROACH_WAIT] post_right_forward_done=True cw_y=314 th=250 reason=wait_until_crosswalk_y_below_threshold[0m
[self_driving-10] [0m[INFO] [1782555772.653354953] [self_driving]: [POST_RIGHT_CHECK] cw_y=314 th=350 start_turn=True lane_x=39.0 raw_lane_x=39.0 filter=stable[0m
[self_driving-10] [0m[INFO] [1782555772.653911935] [self_driving]: [POST_RIGHT_SKIP] reason=cw_y_too_small cw_y=314 th=350[0m
[self_driving-10] [0m[INFO] [1782555772.710012268] [self_driving]: [PARK_APPROACH_WAIT] post_right_forward_done=True cw_y=314 th=250 reason=wait_until_crosswalk_y_below_threshold[0m
[self_driving-10] [0m[INFO] [1782555772.711325379] [self_driving]: [POST_RIGHT_CHECK] cw_y=314 th=350 start_turn=True lane_x=37.5 raw_lane_x=37.5 filter=stable[0m
[self_driving-10] [0m[INFO] [1782555772.712682250] [self_driving]: [POST_RIGHT_SKIP] reason=cw_y_too_small cw_y=314 th=350[0m
[self_driving-10] [0m[INFO] [1782555772.775371361] [self_driving]: [PARK_APPROACH_WAIT] post_right_forward_done=True cw_y=314 th=250 reason=wait_until_crosswalk_y_below_threshold[0m
[self_driving-10] [0m[INFO] [1782555772.776073490] [self_driving]: [POST_RIGHT_CHECK] cw_y=314 th=350 start_turn=True lane_x=36.0 raw_lane_x=36.0 filter=stable[0m
[self_driving-10] [0m[INFO] [1782555772.777053361] [self_driving]: [POST_RIGHT_SKIP] reason=cw_y_too_small cw_y=314 th=350[0m
[self_driving-10] [0m[INFO] [1782555772.850133398] [self_driving]: [ALL_CLASSES] ['crosswalk'][0m
[self_driving-10] [0m[INFO] [1782555772.852676601] [self_driving]: [OBJECTS] msg_count=103 n=1 names=['crosswalk'][0m
[self_driving-10] [0m[INFO] [1782555772.861720713] [self_driving]: [PARK_APPROACH_START] reason=post_right_forward_done_cw_below_250 hold=12.0s fallback_delay=3.0s[0m
[self_driving-10] [0m[INFO] [1782555772.862205379] [self_driving]: [ALL_CLASSES] ['crosswalk'][0m
[self_driving-10] [0m[INFO] [1782555772.864265787] [self_driving]: [PARK_APPROACH_TRIGGER] post_right_forward_done=True cw_y=192 th=250 right_done=True[0m
[self_driving-10] [0m[INFO] [1782555772.869921083] [self_driving]: [PARK_APPROACH_CW_BYPASS] clear crosswalk slow stop=False cw_y=174[0m
[self_driving-10] [0m[INFO] [1782555772.875562935] [self_driving]: [POST_RIGHT_CHECK] cw_y=174 th=350 start_turn=True lane_x=36.5 raw_lane_x=36.5 filter=stable[0m
[self_driving-10] [0m[INFO] [1782555772.878433435] [self_driving]: [POST_RIGHT_SKIP] reason=cw_y_too_small cw_y=174 th=350[0m
[self_driving-10] [0m[INFO] [1782555772.930959472] [self_driving]: [POST_RIGHT_CHECK] cw_y=174 th=350 start_turn=True lane_x=35.0 raw_lane_x=35.0 filter=stable[0m
[self_driving-10] [0m[INFO] [1782555772.932007416] [self_driving]: [POST_RIGHT_SKIP] reason=cw_y_too_small cw_y=174 th=350[0m
[self_driving-10] [0m[INFO] [1782555772.933099379] [self_driving]: [DEBUG_DRIVE] state=LINE_FOLLOW raw_lane_x=35.0 lane_x=35.0 filter=stable linear=0.30 angular=0.00 cw_y=174 park_x=-1 park_approach=True park_fb_count=0 park_boot_go=0 right_done=True start_turn=True count_turn=0 traffic=None stop=False[0m
[self_driving-10] [0m[INFO] [1782555772.994734120] [self_driving]: [POST_RIGHT_CHECK] cw_y=174 th=350 start_turn=True lane_x=35.0 raw_lane_x=35.0 filter=stable[0m
[self_driving-10] [0m[INFO] [1782555772.995999268] [self_driving]: [POST_RIGHT_SKIP] reason=cw_y_too_small cw_y=174 th=350[0m
[self_driving-10] [0m[INFO] [1782555773.059467694] [self_driving]: [POST_RIGHT_CHECK] cw_y=174 th=350 start_turn=True lane_x=37.0 raw_lane_x=37.0 filter=stable[0m
[self_driving-10] [0m[INFO] [1782555773.059939268] [self_driving]: [POST_RIGHT_SKIP] reason=cw_y_too_small cw_y=174 th=350[0m
[self_driving-10] [0m[INFO] [1782555773.124364601] [self_driving]: [POST_RIGHT_CHECK] cw_y=174 th=350 start_turn=True lane_x=38.0 raw_lane_x=38.0 filter=stable[0m
[self_driving-10] [0m[INFO] [1782555773.124871675] [self_driving]: [POST_RIGHT_SKIP] reason=cw_y_too_small cw_y=174 th=350[0m
[self_driving-10] [0m[INFO] [1782555773.201572453] [self_driving]: [POST_RIGHT_CHECK] cw_y=174 th=350 start_turn=True lane_x=37.5 raw_lane_x=37.5 filter=stable[0m
[self_driving-10] [0m[INFO] [1782555773.202145175] [self_driving]: [POST_RIGHT_SKIP] reason=cw_y_too_small cw_y=174 th=350[0m
[self_driving-10] [0m[INFO] [1782555773.221835249] [self_driving]: [ALL_CLASSES] ['go'][0m
[self_driving-10] [0m[INFO] [1782555773.222728046] [self_driving]: [GO_CANDIDATE] cx=215 cy=131 area=396 score=0.90[0m
[self_driving-10] [0m[INFO] [1782555773.224908564] [self_driving]: [ALL_CLASSES] ['crosswalk'][0m
[self_driving-10] [0m[INFO] [1782555773.228008620] [self_driving]: [ALL_CLASSES] ['red'][0m
[self_driving-10] [0m[INFO] [1782555773.228968268] [self_driving]: [TRAFFIC_CANDIDATE] name=red valid=False cx=410 cy=86 area=210 score=0.49 min_area=800[0m
[self_driving-10] [0m[INFO] [1782555773.232931860] [self_driving]: [ALL_CLASSES] ['crosswalk'][0m
[self_driving-10] [0m[INFO] [1782555773.273000564] [self_driving]: [POST_RIGHT_CHECK] cw_y=471 th=350 start_turn=True lane_x=36.0 raw_lane_x=36.0 filter=stable[0m
[self_driving-10] [0m[INFO] [1782555773.274834620] [self_driving]: [POST_RIGHT_FORWARD_START] reason=line_turn_recover duration=1.20s speed=0.18 angular=0.05[0m
[self_driving-10] [0m[INFO] [1782555773.315451768] [self_driving]: [IMAGE] received count=1193 shape=(480, 640, 3) queue=0[0m
[self_driving-10] [0m[INFO] [1782555773.328531471] [self_driving]: [POST_RIGHT_FORWARD] remain=1.15s reason=line_turn_recover park_x=-1 cw_y=471[0m
[self_driving-10] [0m[INFO] [1782555773.577102397] [self_driving]: [ALL_CLASSES] ['go'][0m
[self_driving-10] [0m[INFO] [1782555773.578756786] [self_driving]: [OBJECTS] msg_count=109 n=1 names=['go'][0m
[self_driving-10] [0m[INFO] [1782555773.579460175] [self_driving]: [GO_CANDIDATE] cx=208 cy=130 area=374 score=0.86[0m
[self_driving-10] [0m[INFO] [1782555773.584721212] [self_driving]: [ALL_CLASSES] ['red'][0m
[self_driving-10] [0m[INFO] [1782555773.588835045] [self_driving]: [POST_RIGHT_FORWARD] remain=0.90s reason=line_turn_recover park_x=-1 cw_y=471[0m
[self_driving-10] [0m[INFO] [1782555773.786959730] [self_driving]: [POST_RIGHT_FORWARD] remain=0.69s reason=line_turn_recover park_x=-1 cw_y=0[0m
[self_driving-10] [0m[INFO] [1782555773.942899323] [self_driving]: [ALL_CLASSES] ['crosswalk'][0m
[self_driving-10] [0m[INFO] [1782555773.999832749] [self_driving]: [POST_RIGHT_FORWARD] remain=0.48s reason=line_turn_recover park_x=-1 cw_y=177[0m
[self_driving-10] [0m[INFO] [1782555774.201194230] [self_driving]: [POST_RIGHT_FORWARD] remain=0.27s reason=line_turn_recover park_x=-1 cw_y=177[0m
[self_driving-10] [0m[INFO] [1782555774.276444434] [self_driving]: [ALL_CLASSES] ['go'][0m
[self_driving-10] [0m[INFO] [1782555774.277509971] [self_driving]: [OBJECTS] msg_count=112 n=1 names=['go'][0m
[self_driving-10] [0m[INFO] [1782555774.278354138] [self_driving]: [GO_CANDIDATE] cx=203 cy=129 area=432 score=0.88[0m
[self_driving-10] [0m[INFO] [1782555774.280559767] [self_driving]: [ALL_CLASSES] ['crosswalk'][0m
[self_driving-10] [0m[INFO] [1782555774.287007989] [self_driving]: [ALL_CLASSES] ['red'][0m
[self_driving-10] [0m[INFO] [1782555774.288025989] [self_driving]: [TRAFFIC_CANDIDATE] name=red valid=False cx=425 cy=79 area=196 score=0.33 min_area=800[0m
[self_driving-10] [0m[INFO] [1782555774.409401563] [self_driving]: [POST_RIGHT_FORWARD] remain=0.07s reason=line_turn_recover park_x=-1 cw_y=0[0m
[self_driving-10] [0m[INFO] [1782555774.535475989] [self_driving]: [PARK_APPROACH_WAIT] post_right_forward_done=True cw_y=0 th=250 reason=wait_until_crosswalk_y_below_threshold[0m
[self_driving-10] [0m[INFO] [1782555774.536284563] [self_driving]: [DEBUG_DRIVE] state=LINE_FOLLOW raw_lane_x=63.5 lane_x=63.5 filter=stable linear=0.30 angular=0.10 cw_y=0 park_x=-1 park_approach=True park_fb_count=0 park_boot_go=0 right_done=True start_turn=False count_turn=0 traffic=None stop=False[0m
[self_driving-10] [0m[INFO] [1782555774.606725230] [self_driving]: [PARK_APPROACH_WAIT] post_right_forward_done=True cw_y=0 th=250 reason=wait_until_crosswalk_y_below_threshold[0m
[self_driving-10] [0m[INFO] [1782555774.639049082] [self_driving]: [ALL_CLASSES] ['go'][0m
[self_driving-10] [0m[INFO] [1782555774.639572860] [self_driving]: [GO_CANDIDATE] cx=195 cy=127 area=475 score=0.86[0m
[self_driving-10] [0m[INFO] [1782555774.641430563] [self_driving]: [ALL_CLASSES] ['crosswalk'][0m
[self_driving-10] [0m[INFO] [1782555774.646009693] [self_driving]: [ALL_CLASSES] ['red'][0m
[self_driving-10] [0m[INFO] [1782555774.688806915] [self_driving]: [PARK_APPROACH_WAIT] post_right_forward_done=True cw_y=0 th=250 reason=wait_until_crosswalk_y_below_threshold[0m
[self_driving-10] [0m[INFO] [1782555774.739050934] [self_driving]: [PARK_APPROACH_WAIT] post_right_forward_done=True cw_y=0 th=250 reason=wait_until_crosswalk_y_below_threshold[0m
[self_driving-10] [0m[INFO] [1782555774.810452082] [self_driving]: [PARK_APPROACH_WAIT] post_right_forward_done=True cw_y=0 th=250 reason=wait_until_crosswalk_y_below_threshold[0m
[self_driving-10] [0m[INFO] [1782555774.870549082] [self_driving]: [PARK_APPROACH_WAIT] post_right_forward_done=True cw_y=0 th=250 reason=wait_until_crosswalk_y_below_threshold[0m
[self_driving-10] [0m[INFO] [1782555774.932319693] [self_driving]: [PARK_APPROACH_WAIT] post_right_forward_done=True cw_y=0 th=250 reason=wait_until_crosswalk_y_below_threshold[0m
[self_driving-10] [0m[INFO] [1782555774.994030563] [self_driving]: [ALL_CLASSES] ['go'][0m
[self_driving-10] [0m[INFO] [1782555774.994533489] [self_driving]: [OBJECTS] msg_count=118 n=1 names=['go'][0m
[self_driving-10] [0m[INFO] [1782555774.995110656] [self_driving]: [GO_CANDIDATE] cx=210 cy=127 area=475 score=0.88[0m
[self_driving-10] [0m[INFO] [1782555774.997344785] [self_driving]: [ALL_CLASSES] ['crosswalk'][0m
[self_driving-10] [0m[INFO] [1782555775.000546767] [self_driving]: [ALL_CLASSES] ['red'][0m
[self_driving-10] [0m[INFO] [1782555775.001660137] [self_driving]: [TRAFFIC_CANDIDATE] name=red valid=False cx=454 cy=71 area=289 score=0.38 min_area=800[0m
[self_driving-10] [0m[INFO] [1782555775.017215119] [self_driving]: [PARK_APPROACH_WAIT] post_right_forward_done=True cw_y=0 th=250 reason=wait_until_crosswalk_y_below_threshold[0m
[self_driving-10] [0m[INFO] [1782555775.073413674] [self_driving]: [PARK_APPROACH_WAIT] post_right_forward_done=True cw_y=0 th=250 reason=wait_until_crosswalk_y_below_threshold[0m
[self_driving-10] [0m[INFO] [1782555775.075089545] [self_driving]: [DEBUG_DRIVE] state=LINE_FOLLOW raw_lane_x=97.0 lane_x=97.0 filter=stable linear=0.30 angular=0.10 cw_y=0 park_x=-1 park_approach=True park_fb_count=0 park_boot_go=0 right_done=True start_turn=False count_turn=0 traffic=None stop=False[0m
[self_driving-10] [0m[INFO] [1782555775.138253304] [self_driving]: [PARK_APPROACH_WAIT] post_right_forward_done=True cw_y=0 th=250 reason=wait_until_crosswalk_y_below_threshold[0m
[self_driving-10] [0m[INFO] [1782555775.209359933] [self_driving]: [PARK_APPROACH_WAIT] post_right_forward_done=True cw_y=0 th=250 reason=wait_until_crosswalk_y_below_threshold[0m
[self_driving-10] [0m[INFO] [1782555775.273012415] [self_driving]: [PARK_APPROACH_WAIT] post_right_forward_done=True cw_y=0 th=250 reason=wait_until_crosswalk_y_below_threshold[0m
[self_driving-10] [0m[INFO] [1782555775.326755007] [self_driving]: [IMAGE] received count=1223 shape=(480, 640, 3) queue=0[0m
[self_driving-10] [0m[INFO] [1782555775.336955563] [self_driving]: [PARK_APPROACH_WAIT] post_right_forward_done=True cw_y=0 th=250 reason=wait_until_crosswalk_y_below_threshold[0m
[self_driving-10] [0m[INFO] [1782555775.352390767] [self_driving]: [ALL_CLASSES] ['crosswalk'][0m
[self_driving-10] [0m[INFO] [1782555775.354973007] [self_driving]: [ALL_CLASSES] ['crosswalk'][0m
[self_driving-10] [0m[INFO] [1782555775.360450693] [self_driving]: [ALL_CLASSES] ['red'][0m
[self_driving-10] [0m[INFO] [1782555775.404713267] [self_driving]: [PARK_APPROACH_WAIT] post_right_forward_done=True cw_y=0 th=250 reason=wait_until_crosswalk_y_below_threshold[0m
[self_driving-10] [0m[INFO] [1782555775.469568322] [self_driving]: [PARK_APPROACH_WAIT] post_right_forward_done=True cw_y=0 th=250 reason=wait_until_crosswalk_y_below_threshold[0m
[self_driving-10] [0m[INFO] [1782555775.533263915] [self_driving]: [PARK_APPROACH_WAIT] post_right_forward_done=True cw_y=0 th=250 reason=wait_until_crosswalk_y_below_threshold[0m
[self_driving-10] [0m[INFO] [1782555775.611601081] [self_driving]: [PARK_APPROACH_WAIT] post_right_forward_done=True cw_y=0 th=250 reason=wait_until_crosswalk_y_below_threshold[0m
[self_driving-10] [0m[INFO] [1782555775.614155563] [self_driving]: [DEBUG_DRIVE] state=LINE_FOLLOW raw_lane_x=136.5 lane_x=136.5 filter=stable linear=0.30 angular=-0.10 cw_y=0 park_x=-1 park_approach=True park_fb_count=0 park_boot_go=0 right_done=True start_turn=False count_turn=0 traffic=None stop=False[0m
[self_driving-10] [0m[INFO] [1782555775.667904526] [self_driving]: [PARK_APPROACH_WAIT] post_right_forward_done=True cw_y=0 th=250 reason=wait_until_crosswalk_y_below_threshold[0m
[self_driving-10] [0m[INFO] [1782555775.707093544] [self_driving]: [ALL_CLASSES] ['crosswalk'][0m
[self_driving-10] [0m[INFO] [1782555775.707761952] [self_driving]: [OBJECTS] msg_count=124 n=1 names=['crosswalk'][0m
[self_driving-10] [0m[INFO] [1782555775.710465248] [self_driving]: [ALL_CLASSES] ['crosswalk'][0m
[self_driving-10] [0m[INFO] [1782555775.714738044] [self_driving]: [ALL_CLASSES] ['red'][0m
[self_driving-10] [0m[INFO] [1782555775.716873877] [self_driving]: [TRAFFIC_CANDIDATE] name=red valid=False cx=497 cy=65 area=306 score=0.38 min_area=800[0m
[self_driving-10] [0m[INFO] [1782555775.747528729] [self_driving]: [PARK_APPROACH_WAIT] post_right_forward_done=True cw_y=0 th=250 reason=wait_until_crosswalk_y_below_threshold[0m
[self_driving-10] [0m[INFO] [1782555775.825395063] [self_driving]: [PARK_APPROACH_WAIT] post_right_forward_done=True cw_y=0 th=250 reason=wait_until_crosswalk_y_below_threshold[0m
[self_driving-10] [0m[INFO] [1782555775.867119711] [self_driving]: [PARK_APPROACH_WAIT] post_right_forward_done=True cw_y=0 th=250 reason=wait_until_crosswalk_y_below_threshold[0m
[self_driving-10] [0m[INFO] [1782555775.869754840] [self_driving]: [PARK_FALLBACK_COUNT] count=1/10 elapsed=3.01 cw_y=0 go_recent=True go_candidate={'cx': 210, 'cy': 127, 'area': 475, 'score': 0.8799999952316284}[0m
[self_driving-10] [0m[INFO] [1782555775.941581563] [self_driving]: [PARK_APPROACH_WAIT] post_right_forward_done=True cw_y=0 th=250 reason=wait_until_crosswalk_y_below_threshold[0m
[self_driving-10] [0m[INFO] [1782555775.944168470] [self_driving]: [PARK_FALLBACK_COUNT] count=2/10 elapsed=3.08 cw_y=0 go_recent=True go_candidate={'cx': 210, 'cy': 127, 'area': 475, 'score': 0.8799999952316284}[0m
[self_driving-10] [0m[INFO] [1782555776.013888266] [self_driving]: [PARK_APPROACH_WAIT] post_right_forward_done=True cw_y=0 th=250 reason=wait_until_crosswalk_y_below_threshold[0m
[self_driving-10] [0m[INFO] [1782555776.015387470] [self_driving]: [PARK_FALLBACK_COUNT] count=3/10 elapsed=3.15 cw_y=0 go_recent=True go_candidate={'cx': 210, 'cy': 127, 'area': 475, 'score': 0.8799999952316284}[0m
[self_driving-10] [0m[INFO] [1782555776.075387044] [self_driving]: [PARK_APPROACH_WAIT] post_right_forward_done=True cw_y=0 th=250 reason=wait_until_crosswalk_y_below_threshold[0m
[self_driving-10] [0m[INFO] [1782555776.076701081] [self_driving]: [PARK_FALLBACK_COUNT] count=4/10 elapsed=3.22 cw_y=0 go_recent=True go_candidate={'cx': 210, 'cy': 127, 'area': 475, 'score': 0.8799999952316284}[0m
[self_driving-10] [0m[INFO] [1782555776.089549155] [self_driving]: [ALL_CLASSES] ['crosswalk'][0m
[self_driving-10] [0m[INFO] [1782555776.092168396] [self_driving]: [ALL_CLASSES] ['go'][0m
[self_driving-10] [0m[INFO] [1782555776.092971359] [self_driving]: [GO_CANDIDATE] cx=244 cy=123 area=682 score=0.88[0m
[self_driving-10] [0m[INFO] [1782555776.096516174] [self_driving]: [ALL_CLASSES] ['red'][0m
[self_driving-10] [0m[INFO] [1782555776.144146433] [self_driving]: [PARK_APPROACH_WAIT] post_right_forward_done=True cw_y=0 th=250 reason=wait_until_crosswalk_y_below_threshold[0m
[self_driving-10] [0m[INFO] [1782555776.144696877] [self_driving]: [PARK_FALLBACK_COUNT] count=5/10 elapsed=3.28 cw_y=0 go_recent=True go_candidate={'cx': 244, 'cy': 123, 'area': 682, 'score': 0.8799999952316284}[0m
[self_driving-10] [0m[INFO] [1782555776.148658396] [self_driving]: [DEBUG_DRIVE] state=LINE_FOLLOW raw_lane_x=100.0 lane_x=100.0 filter=stable linear=0.30 angular=0.10 cw_y=0 park_x=-1 park_approach=True park_fb_count=5 park_boot_go=0 right_done=True start_turn=False count_turn=0 traffic=None stop=False[0m
[self_driving-10] [0m[INFO] [1782555776.221771636] [self_driving]: [PARK_APPROACH_WAIT] post_right_forward_done=True cw_y=0 th=250 reason=wait_until_crosswalk_y_below_threshold[0m
[self_driving-10] [0m[INFO] [1782555776.222503896] [self_driving]: [PARK_FALLBACK_COUNT] count=6/10 elapsed=3.36 cw_y=0 go_recent=True go_candidate={'cx': 244, 'cy': 123, 'area': 682, 'score': 0.8799999952316284}[0m
[self_driving-10] [0m[INFO] [1782555776.277280914] [self_driving]: [PARK_APPROACH_WAIT] post_right_forward_done=True cw_y=0 th=250 reason=wait_until_crosswalk_y_below_threshold[0m
[self_driving-10] [0m[INFO] [1782555776.279360266] [self_driving]: [PARK_FALLBACK_COUNT] count=7/10 elapsed=3.42 cw_y=0 go_recent=True go_candidate={'cx': 244, 'cy': 123, 'area': 682, 'score': 0.8799999952316284}[0m
[self_driving-10] [0m[INFO] [1782555776.349551377] [self_driving]: [PARK_APPROACH_WAIT] post_right_forward_done=True cw_y=0 th=250 reason=wait_until_crosswalk_y_below_threshold[0m
[self_driving-10] [0m[INFO] [1782555776.350518618] [self_driving]: [PARK_FALLBACK_COUNT] count=8/10 elapsed=3.49 cw_y=0 go_recent=True go_candidate={'cx': 244, 'cy': 123, 'area': 682, 'score': 0.8799999952316284}[0m
[self_driving-10] [0m[INFO] [1782555776.407796914] [self_driving]: [PARK_APPROACH_WAIT] post_right_forward_done=True cw_y=0 th=250 reason=wait_until_crosswalk_y_below_threshold[0m
[self_driving-10] [0m[INFO] [1782555776.408417599] [self_driving]: [PARK_FALLBACK_COUNT] count=9/10 elapsed=3.55 cw_y=0 go_recent=True go_candidate={'cx': 244, 'cy': 123, 'area': 682, 'score': 0.8799999952316284}[0m
[self_driving-10] [0m[INFO] [1782555776.440313210] [self_driving]: [ALL_CLASSES] ['crosswalk'][0m
[self_driving-10] [0m[INFO] [1782555776.440870692] [self_driving]: [OBJECTS] msg_count=130 n=1 names=['crosswalk'][0m
[self_driving-10] [0m[INFO] [1782555776.443376044] [self_driving]: [ALL_CLASSES] ['red'][0m
[self_driving-10] [0m[INFO] [1782555776.443951247] [self_driving]: [TRAFFIC_CANDIDATE] name=red valid=False cx=588 cy=44 area=552 score=0.79 min_area=800[0m
[self_driving-10] [0m[INFO] [1782555776.451357821] [self_driving]: [ALL_CLASSES] ['crosswalk'][0m
[self_driving-10] [0m[INFO] [1782555776.503716007] [self_driving]: [PARK_APPROACH_WAIT] post_right_forward_done=True cw_y=322 th=250 reason=wait_until_crosswalk_y_below_threshold[0m
[self_driving-10] [0m[INFO] [1782555776.507716247] [self_driving]: [PARK_FALLBACK_COUNT] count=10/10 elapsed=3.65 cw_y=322 go_recent=True go_candidate={'cx': 244, 'cy': 123, 'area': 682, 'score': 0.8799999952316284}[0m
[self_driving-10] [33m[WARN] [1782555776.508479340] [self_driving]: [PARK_FALLBACK_START] park class not detected -> run park_action by 5→6 fallback[0m
[self_driving-10] [0m[INFO] [1782555776.510397433] [self_driving]: [1;36m[FSM] LINE_FOLLOW -> PARKING[0m[0m
[self_driving-10] [0m[INFO] [1782555776.779487432] [self_driving]: [ALL_CLASSES] ['crosswalk'][0m
[self_driving-10] [0m[INFO] [1782555776.783708914] [self_driving]: [ALL_CLASSES] ['go'][0m
[self_driving-10] [0m[INFO] [1782555776.784270006] [self_driving]: [GO_CANDIDATE] cx=238 cy=127 area=828 score=0.81[0m
[self_driving-10] [0m[INFO] [1782555776.790620784] [self_driving]: [ALL_CLASSES] ['red'][0m
[self_driving-10] [0m[INFO] [1782555777.111768821] [self_driving]: [ALL_CLASSES] ['crosswalk'][0m
[self_driving-10] [0m[INFO] [1782555777.112525599] [self_driving]: [OBJECTS] msg_count=136 n=1 names=['crosswalk'][0m
[self_driving-10] [0m[INFO] [1782555777.114536432] [self_driving]: [ALL_CLASSES] ['crosswalk'][0m
[self_driving-10] [0m[INFO] [1782555777.118269895] [self_driving]: [ALL_CLASSES] ['red'][0m
[self_driving-10] [0m[INFO] [1782555777.119185932] [self_driving]: [TRAFFIC_CANDIDATE] name=red valid=False cx=628 cy=12 area=462 score=0.80 min_area=800[0m
[self_driving-10] [0m[INFO] [1782555777.361363154] [self_driving]: [IMAGE] received count=1253 shape=(480, 640, 3) queue=0[0m
[self_driving-10] [0m[INFO] [1782555777.447737747] [self_driving]: [ALL_CLASSES] ['crosswalk'][0m
[self_driving-10] [0m[INFO] [1782555777.451107932] [self_driving]: [ALL_CLASSES] ['go'][0m
[self_driving-10] [0m[INFO] [1782555777.452663654] [self_driving]: [GO_CANDIDATE] cx=203 cy=109 area=1215 score=0.88[0m
[self_driving-10] [0m[INFO] [1782555777.777638506] [self_driving]: [ALL_CLASSES] ['crosswalk'][0m
[self_driving-10] [0m[INFO] [1782555777.778464617] [self_driving]: [OBJECTS] msg_count=141 n=1 names=['crosswalk'][0m
[self_driving-10] [0m[INFO] [1782555777.781655265] [self_driving]: [ALL_CLASSES] ['go'][0m
[self_driving-10] [0m[INFO] [1782555777.782716487] [self_driving]: [GO_CANDIDATE] cx=206 cy=111 area=1269 score=0.83[0m
[self_driving-10] [0m[INFO] [1782555778.120376820] [self_driving]: [ALL_CLASSES] ['crosswalk'][0m
[self_driving-10] [0m[INFO] [1782555778.124139820] [self_driving]: [ALL_CLASSES] ['go'][0m
[self_driving-10] [0m[INFO] [1782555778.127076061] [self_driving]: [GO_CANDIDATE] cx=206 cy=111 area=1269 score=0.84[0m
[self_driving-10] [0m[INFO] [1782555778.418248746] [self_driving]: [PARK_DONE] park_action complete -> DONE[0m
[self_driving-10] [0m[INFO] [1782555778.418794894] [self_driving]: [1;36m[FSM] PARKING -> LINE_FOLLOW[0m[0m
[self_driving-10] [0m[INFO] [1782555778.434226765] [self_driving]: [ALL_CLASSES] ['crosswalk'][0m
[self_driving-10] [0m[INFO] [1782555778.435504913] [self_driving]: [OBJECTS] msg_count=145 n=1 names=['crosswalk'][0m
[self_driving-10] [0m[INFO] [1782555778.439284154] [self_driving]: [ALL_CLASSES] ['go'][0m
[self_driving-10] [0m[INFO] [1782555778.441293561] [self_driving]: [GO_CANDIDATE] cx=206 cy=111 area=1269 score=0.84[0m
[self_driving-10] [0m[INFO] [1782555778.499011746] [self_driving]: [PARK_APPROACH_WAIT] post_right_forward_done=True cw_y=0 th=250 reason=wait_until_crosswalk_y_below_threshold[0m
[self_driving-10] [0m[INFO] [1782555778.499533635] [self_driving]: [PARK_APPROACH_CW_BYPASS] clear crosswalk slow stop=True cw_y=0[0m
[self_driving-10] [0m[INFO] [1782555778.499946876] [self_driving]: [PARK_FALLBACK_COUNT] count=11/10 elapsed=5.64 cw_y=0 go_recent=True go_candidate={'cx': 206, 'cy': 111, 'area': 1269, 'score': 0.8399999737739563}[0m
[self_driving-10] [33m[WARN] [1782555778.500420931] [self_driving]: [PARK_FALLBACK_START] park class not detected -> run park_action by 5→6 fallback[0m
[self_driving-10] [0m[INFO] [1782555778.501522839] [self_driving]: [1;36m[FSM] LINE_FOLLOW -> PARKING[0m[0m
[self_driving-10] [0m[INFO] [1782555778.750700968] [self_driving]: [ALL_CLASSES] ['crosswalk'][0m
[self_driving-10] [0m[INFO] [1782555778.754091172] [self_driving]: [ALL_CLASSES] ['go'][0m
[self_driving-10] [0m[INFO] [1782555778.754980246] [self_driving]: [GO_CANDIDATE] cx=206 cy=111 area=1269 score=0.84[0m
[self_driving-10] [0m[INFO] [1782555779.062396783] [self_driving]: [ALL_CLASSES] ['crosswalk'][0m
[self_driving-10] [0m[INFO] [1782555779.063551431] [self_driving]: [OBJECTS] msg_count=149 n=1 names=['crosswalk'][0m
[self_driving-10] [0m[INFO] [1782555779.066884135] [self_driving]: [ALL_CLASSES] ['go'][0m
[self_driving-10] [0m[INFO] [1782555779.068353024] [self_driving]: [GO_CANDIDATE] cx=206 cy=111 area=1269 score=0.84[0m
[self_driving-10] [0m[INFO] [1782555779.366607875] [self_driving]: [IMAGE] received count=1283 shape=(480, 640, 3) queue=0[0m
[self_driving-10] [0m[INFO] [1782555779.377558968] [self_driving]: [ALL_CLASSES] ['crosswalk'][0m
[self_driving-10] [0m[INFO] [1782555779.381358579] [self_driving]: [ALL_CLASSES] ['go'][0m
[self_driving-10] [0m[INFO] [1782555779.382793912] [self_driving]: [GO_CANDIDATE] cx=206 cy=111 area=1269 score=0.83[0m
[self_driving-10] [0m[INFO] [1782555779.692698745] [self_driving]: [ALL_CLASSES] ['crosswalk'][0m
[self_driving-10] [0m[INFO] [1782555779.693169301] [self_driving]: [OBJECTS] msg_count=153 n=1 names=['crosswalk'][0m
[self_driving-10] [0m[INFO] [1782555779.697735560] [self_driving]: [ALL_CLASSES] ['go'][0m
[self_driving-10] [0m[INFO] [1782555779.699315560] [self_driving]: [GO_CANDIDATE] cx=205 cy=110 area=1323 score=0.86[0m
[self_driving-10] [0m[INFO] [1782555780.018436097] [self_driving]: [ALL_CLASSES] ['crosswalk'][0m
[self_driving-10] [0m[INFO] [1782555780.035793745] [self_driving]: [ALL_CLASSES] ['go'][0m
[self_driving-10] [0m[INFO] [1782555780.043806597] [self_driving]: [GO_CANDIDATE] cx=205 cy=110 area=1372 score=0.86[0m
[self_driving-10] [0m[INFO] [1782555780.347197301] [self_driving]: [ALL_CLASSES] ['crosswalk'][0m
[self_driving-10] [0m[INFO] [1782555780.347871190] [self_driving]: [OBJECTS] msg_count=157 n=1 names=['crosswalk'][0m
[self_driving-10] [0m[INFO] [1782555780.350607597] [self_driving]: [ALL_CLASSES] ['go'][0m
[self_driving-10] [0m[INFO] [1782555780.352763634] [self_driving]: [GO_CANDIDATE] cx=196 cy=47 area=2520 score=0.84[0m
[self_driving-10] [0m[INFO] [1782555780.410526782] [self_driving]: [PARK_DONE] park_action complete -> DONE[0m
[self_driving-10] [0m[INFO] [1782555780.412677523] [self_driving]: [1;36m[FSM] PARKING -> LINE_FOLLOW[0m[0m
[self_driving-10] [0m[INFO] [1782555780.462278764] [self_driving]: [PARK_APPROACH_WAIT] post_right_forward_done=True cw_y=0 th=250 reason=wait_until_crosswalk_y_below_threshold[0m
[self_driving-10] [0m[INFO] [1782555780.462827745] [self_driving]: [PARK_APPROACH_CW_BYPASS] clear crosswalk slow stop=True cw_y=0[0m
[self_driving-10] [0m[INFO] [1782555780.463277782] [self_driving]: [PARK_FALLBACK_COUNT] count=12/10 elapsed=7.60 cw_y=0 go_recent=True go_candidate={'cx': 196, 'cy': 47, 'area': 2520, 'score': 0.8399999737739563}[0m
[self_driving-10] [33m[WARN] [1782555780.463769375] [self_driving]: [PARK_FALLBACK_START] park class not detected -> run park_action by 5→6 fallback[0m
[self_driving-10] [0m[INFO] [1782555780.465308875] [self_driving]: [1;36m[FSM] LINE_FOLLOW -> PARKING[0m[0m
[self_driving-10] [0m[INFO] [1782555781.383078448] [self_driving]: [IMAGE] received count=1313 shape=(480, 640, 3) queue=0[0m
[self_driving-10] [0m[INFO] [1782555782.368889022] [self_driving]: [PARK_DONE] park_action complete -> DONE[0m
[self_driving-10] [0m[INFO] [1782555782.369399874] [self_driving]: [1;36m[FSM] PARKING -> LINE_FOLLOW[0m[0m
[self_driving-10] [0m[INFO] [1782555782.402720466] [self_driving]: [PARK_APPROACH_WAIT] post_right_forward_done=True cw_y=0 th=250 reason=wait_until_crosswalk_y_below_threshold[0m
[self_driving-10] [0m[INFO] [1782555782.403203151] [self_driving]: [PARK_APPROACH_CW_BYPASS] clear crosswalk slow stop=True cw_y=0[0m
[self_driving-10] [0m[INFO] [1782555782.403603614] [self_driving]: [PARK_FALLBACK_RESET] count=12 cw_y=0 go_recent=False[0m
[self_driving-10] [0m[INFO] [1782555782.404228003] [self_driving]: [DEBUG_DRIVE] state=LINE_FOLLOW raw_lane_x=255.0 lane_x=255.0 filter=stable linear=0.30 angular=-0.45 cw_y=0 park_x=-1 park_approach=True park_fb_count=0 park_boot_go=0 right_done=True start_turn=False count_turn=1 traffic=None stop=False[0m
[self_driving-10] [0m[INFO] [1782555782.453205966] [self_driving]: [PARK_APPROACH_WAIT] post_right_forward_done=True cw_y=0 th=250 reason=wait_until_crosswalk_y_below_threshold[0m
[self_driving-10] [0m[INFO] [1782555782.524024114] [self_driving]: [PARK_APPROACH_WAIT] post_right_forward_done=True cw_y=0 th=250 reason=wait_until_crosswalk_y_below_threshold[0m
[self_driving-10] [0m[INFO] [1782555782.621379355] [self_driving]: [PARK_APPROACH_WAIT] post_right_forward_done=True cw_y=0 th=250 reason=wait_until_crosswalk_y_below_threshold[0m
[self_driving-10] [0m[INFO] [1782555782.667050947] [self_driving]: [PARK_APPROACH_WAIT] post_right_forward_done=True cw_y=0 th=250 reason=wait_until_crosswalk_y_below_threshold[0m
[self_driving-10] [0m[INFO] [1782555782.735705558] [self_driving]: [PARK_APPROACH_WAIT] post_right_forward_done=True cw_y=0 th=250 reason=wait_until_crosswalk_y_below_threshold[0m
[self_driving-10] [33m[WARN] [1782555782.799299466] [self_driving]: [LANE_X_JUMP_REJECT] raw=256.0 last=117.0 diff=139.0 candidate=256.0 cnt=1/4[0m
[self_driving-10] [0m[INFO] [1782555782.799833410] [self_driving]: [PARK_APPROACH_WAIT] post_right_forward_done=True cw_y=0 th=250 reason=wait_until_crosswalk_y_below_threshold[0m
[self_driving-10] [0m[INFO] [1782555782.870019910] [self_driving]: [PARK_APPROACH_WAIT] post_right_forward_done=True cw_y=0 th=250 reason=wait_until_crosswalk_y_below_threshold[0m
[self_driving-10] [0m[INFO] [1782555782.906693910] [self_driving]: [ALL_CLASSES] ['red'][0m
[self_driving-10] [0m[INFO] [1782555782.909452169] [self_driving]: [OBJECTS] msg_count=159 n=1 names=['red'][0m
[self_driving-10] [0m[INFO] [1782555782.911191281] [self_driving]: [TRAFFIC_CANDIDATE] name=red valid=False cx=597 cy=182 area=5254 score=0.32 min_area=800[0m
[self_driving-10] [0m[INFO] [1782555782.942153429] [self_driving]: [PARK_APPROACH_WAIT] post_right_forward_done=True cw_y=0 th=250 reason=wait_until_crosswalk_y_below_threshold[0m
[self_driving-10] [0m[INFO] [1782555782.946036781] [self_driving]: [DEBUG_DRIVE] state=LINE_FOLLOW raw_lane_x=155.0 lane_x=155.0 filter=stable linear=0.30 angular=-0.10 cw_y=0 park_x=-1 park_approach=True park_fb_count=0 park_boot_go=0 right_done=True start_turn=False count_turn=0 traffic=None stop=False[0m
[self_driving-10] [0m[INFO] [1782555783.002532225] [self_driving]: [PARK_APPROACH_WAIT] post_right_forward_done=True cw_y=0 th=250 reason=wait_until_crosswalk_y_below_threshold[0m
[self_driving-10] [0m[INFO] [1782555783.079060688] [self_driving]: [PARK_APPROACH_WAIT] post_right_forward_done=True cw_y=0 th=250 reason=wait_until_crosswalk_y_below_threshold[0m
[self_driving-10] [0m[INFO] [1782555783.129849688] [self_driving]: [PARK_APPROACH_WAIT] post_right_forward_done=True cw_y=0 th=250 reason=wait_until_crosswalk_y_below_threshold[0m
[self_driving-10] [0m[INFO] [1782555783.202764188] [self_driving]: [PARK_APPROACH_WAIT] post_right_forward_done=True cw_y=0 th=250 reason=wait_until_crosswalk_y_below_threshold[0m
[self_driving-10] [0m[INFO] [1782555783.261224873] [self_driving]: [PARK_APPROACH_WAIT] post_right_forward_done=True cw_y=0 th=250 reason=wait_until_crosswalk_y_below_threshold[0m
[self_driving-10] [0m[INFO] [1782555783.352002484] [self_driving]: [PARK_APPROACH_WAIT] post_right_forward_done=True cw_y=0 th=250 reason=wait_until_crosswalk_y_below_threshold[0m
[self_driving-10] [0m[INFO] [1782555783.412234965] [self_driving]: [IMAGE] received count=1343 shape=(480, 640, 3) queue=0[0m
[self_driving-10] [33m[WARN] [1782555783.419563317] [self_driving]: [LANE_X_JUMP_REJECT] raw=286.5 last=150.5 diff=136.0 candidate=286.5 cnt=1/4[0m
[self_driving-10] [0m[INFO] [1782555783.422235225] [self_driving]: [PARK_APPROACH_WAIT] post_right_forward_done=True cw_y=0 th=250 reason=wait_until_crosswalk_y_below_threshold[0m
[self_driving-10] [0m[INFO] [1782555783.460688891] [self_driving]: [PARK_APPROACH_WAIT] post_right_forward_done=True cw_y=0 th=250 reason=wait_until_crosswalk_y_below_threshold[0m
[self_driving-10] [0m[INFO] [1782555783.464338114] [self_driving]: [DEBUG_DRIVE] state=LINE_FOLLOW raw_lane_x=181.5 lane_x=181.5 filter=stable linear=0.30 angular=-0.10 cw_y=0 park_x=-1 park_approach=True park_fb_count=0 park_boot_go=0 right_done=True start_turn=False count_turn=0 traffic=None stop=False[0m
[self_driving-10] [0m[INFO] [1782555783.541884965] [self_driving]: [PARK_APPROACH_WAIT] post_right_forward_done=True cw_y=0 th=250 reason=wait_until_crosswalk_y_below_threshold[0m
[self_driving-10] [0m[INFO] [1782555783.587283225] [self_driving]: [ALL_CLASSES] ['crosswalk'][0m
[self_driving-10] [0m[INFO] [1782555783.588360076] [self_driving]: [OBJECTS] msg_count=160 n=1 names=['crosswalk'][0m
[self_driving-10] [0m[INFO] [1782555783.627908799] [self_driving]: [PARK_APPROACH_WAIT] post_right_forward_done=True cw_y=440 th=250 reason=wait_until_crosswalk_y_below_threshold[0m
[self_driving-10] [0m[INFO] [1782555783.629406669] [self_driving]: [PARK_FALLBACK_COUNT] count=1/10 elapsed=10.77 cw_y=440 go_recent=False go_candidate={'cx': 196, 'cy': 47, 'area': 2520, 'score': 0.8399999737739563}[0m
[self_driving-10] [0m[INFO] [1782555783.685589447] [self_driving]: [PARK_APPROACH_WAIT] post_right_forward_done=True cw_y=440 th=250 reason=wait_until_crosswalk_y_below_threshold[0m
[self_driving-10] [0m[INFO] [1782555783.691963336] [self_driving]: [PARK_FALLBACK_COUNT] count=2/10 elapsed=10.83 cw_y=440 go_recent=False go_candidate={'cx': 196, 'cy': 47, 'area': 2520, 'score': 0.8399999737739563}[0m
[self_driving-10] [0m[INFO] [1782555783.736882613] [self_driving]: [PARK_APPROACH_WAIT] post_right_forward_done=True cw_y=440 th=250 reason=wait_until_crosswalk_y_below_threshold[0m
[self_driving-10] [0m[INFO] [1782555783.737548521] [self_driving]: [PARK_FALLBACK_COUNT] count=3/10 elapsed=10.88 cw_y=440 go_recent=False go_candidate={'cx': 196, 'cy': 47, 'area': 2520, 'score': 0.8399999737739563}[0m
[self_driving-10] [0m[INFO] [1782555783.804700299] [self_driving]: [PARK_APPROACH_WAIT] post_right_forward_done=True cw_y=440 th=250 reason=wait_until_crosswalk_y_below_threshold[0m
[self_driving-10] [0m[INFO] [1782555783.807002836] [self_driving]: [PARK_FALLBACK_COUNT] count=4/10 elapsed=10.94 cw_y=440 go_recent=False go_candidate={'cx': 196, 'cy': 47, 'area': 2520, 'score': 0.8399999737739563}[0m
[self_driving-10] [0m[INFO] [1782555783.882788002] [self_driving]: [PARK_APPROACH_WAIT] post_right_forward_done=True cw_y=440 th=250 reason=wait_until_crosswalk_y_below_threshold[0m
[self_driving-10] [0m[INFO] [1782555783.883462891] [self_driving]: [PARK_FALLBACK_COUNT] count=5/10 elapsed=11.02 cw_y=440 go_recent=False go_candidate={'cx': 196, 'cy': 47, 'area': 2520, 'score': 0.8399999737739563}[0m
[self_driving-10] [0m[INFO] [1782555783.967034317] [self_driving]: [PARK_APPROACH_WAIT] post_right_forward_done=True cw_y=440 th=250 reason=wait_until_crosswalk_y_below_threshold[0m
[self_driving-10] [0m[INFO] [1782555783.968181502] [self_driving]: [PARK_FALLBACK_COUNT] count=6/10 elapsed=11.11 cw_y=440 go_recent=False go_candidate={'cx': 196, 'cy': 47, 'area': 2520, 'score': 0.8399999737739563}[0m
[self_driving-10] [0m[INFO] [1782555783.971171224] [self_driving]: [DEBUG_DRIVE] state=LINE_FOLLOW raw_lane_x=-1 lane_x=257.5 filter=hold_last linear=0.30 angular=-0.45 cw_y=440 park_x=-1 park_approach=True park_fb_count=6 park_boot_go=0 right_done=True start_turn=False count_turn=2 traffic=None stop=False[0m
[self_driving-10] [33m[WARN] [1782555784.014554910] [self_driving]: [LANE_X_JUMP_REJECT] raw=148.0 last=257.5 diff=109.5 candidate=148.0 cnt=1/4[0m
[self_driving-10] [0m[INFO] [1782555784.015130576] [self_driving]: [PARK_APPROACH_WAIT] post_right_forward_done=True cw_y=440 th=250 reason=wait_until_crosswalk_y_below_threshold[0m
[self_driving-10] [0m[INFO] [1782555784.016683447] [self_driving]: [PARK_FALLBACK_COUNT] count=7/10 elapsed=11.16 cw_y=440 go_recent=False go_candidate={'cx': 196, 'cy': 47, 'area': 2520, 'score': 0.8399999737739563}[0m
[self_driving-10] [0m[INFO] [1782555784.070142354] [self_driving]: [PARK_APPROACH_WAIT] post_right_forward_done=True cw_y=440 th=250 reason=wait_until_crosswalk_y_below_threshold[0m
[self_driving-10] [0m[INFO] [1782555784.071316872] [self_driving]: [PARK_FALLBACK_COUNT] count=8/10 elapsed=11.21 cw_y=440 go_recent=False go_candidate={'cx': 196, 'cy': 47, 'area': 2520, 'score': 0.8399999737739563}[0m
[self_driving-10] [0m[INFO] [1782555784.141929391] [self_driving]: [PARK_APPROACH_WAIT] post_right_forward_done=True cw_y=440 th=250 reason=wait_until_crosswalk_y_below_threshold[0m
[self_driving-10] [0m[INFO] [1782555784.142699687] [self_driving]: [PARK_FALLBACK_COUNT] count=9/10 elapsed=11.28 cw_y=440 go_recent=False go_candidate={'cx': 196, 'cy': 47, 'area': 2520, 'score': 0.8399999737739563}[0m
[self_driving-10] [0m[INFO] [1782555784.222692465] [self_driving]: [PARK_APPROACH_WAIT] post_right_forward_done=True cw_y=440 th=250 reason=wait_until_crosswalk_y_below_threshold[0m
[self_driving-10] [0m[INFO] [1782555784.223292539] [self_driving]: [PARK_FALLBACK_COUNT] count=10/10 elapsed=11.36 cw_y=440 go_recent=False go_candidate={'cx': 196, 'cy': 47, 'area': 2520, 'score': 0.8399999737739563}[0m
[self_driving-10] [33m[WARN] [1782555784.223835576] [self_driving]: [PARK_FALLBACK_START] park class not detected -> run park_action by 5→6 fallback[0m
[self_driving-10] [0m[INFO] [1782555784.224479206] [self_driving]: [1;36m[FSM] LINE_FOLLOW -> PARKING[0m[0m
[self_driving-10] [0m[INFO] [1782555784.274945669] [self_driving]: [ALL_CLASSES] ['crosswalk'][0m
[self_driving-10] [0m[INFO] [1782555784.275387539] [self_driving]: [OBJECTS] msg_count=161 n=1 names=['crosswalk'][0m
[self_driving-10] [0m[INFO] [1782555784.278175891] [self_driving]: [ALL_CLASSES] ['crosswalk'][0m
[self_driving-10] [0m[INFO] [1782555785.416642038] [self_driving]: [IMAGE] received count=1373 shape=(480, 640, 3) queue=0[0m
[self_driving-10] [0m[INFO] [1782555786.127236371] [self_driving]: [PARK_DONE] park_action complete -> DONE[0m
[self_driving-10] [0m[INFO] [1782555786.127766019] [self_driving]: [1;36m[FSM] PARKING -> LINE_FOLLOW[0m[0m
[self_driving-10] [33m[WARN] [1782555786.159105575] [self_driving]: [LANE_X_JUMP_REJECT] raw=120.0 last=302.5 diff=182.5 candidate=120.0 cnt=1/4[0m
[self_driving-10] [0m[INFO] [1782555786.159629297] [self_driving]: [PARK_APPROACH_WAIT] post_right_forward_done=True cw_y=412 th=250 reason=wait_until_crosswalk_y_below_threshold[0m
[self_driving-10] [0m[INFO] [1782555786.160084556] [self_driving]: [PARK_APPROACH_END] timeout -> normal crosswalk/lane behavior[0m
[self_driving-10] [0m[INFO] [1782555786.160689612] [self_driving]: [DEBUG_DRIVE] state=LINE_FOLLOW raw_lane_x=120.0 lane_x=302.5 filter=jump_reject linear=0.30 angular=-0.45 cw_y=412 park_x=-1 park_approach=False park_fb_count=0 park_boot_go=0 right_done=True start_turn=True count_turn=0 traffic=None stop=False[0m
[self_driving-10] [0m[INFO] [1782555786.231999834] [self_driving]: [PARK_APPROACH_WAIT] post_right_forward_done=True cw_y=412 th=250 reason=wait_until_crosswalk_y_below_threshold[0m
[self_driving-10] [0m[INFO] [1782555786.287649297] [self_driving]: [PARK_APPROACH_WAIT] post_right_forward_done=True cw_y=412 th=250 reason=wait_until_crosswalk_y_below_threshold[0m
[self_driving-10] [0m[INFO] [1782555786.362290186] [self_driving]: [LANE_X_JUMP_ACCEPT] raw=128.5 last=128.5 cnt=4/4[0m
[self_driving-10] [0m[INFO] [1782555786.364292908] [self_driving]: [PARK_APPROACH_WAIT] post_right_forward_done=True cw_y=412 th=250 reason=wait_until_crosswalk_y_below_threshold[0m
[self_driving-10] [0m[INFO] [1782555786.365452019] [self_driving]: [CROSSWALK_SLOW] y=412 th=180 confirm=4[0m
[self_driving-10] [0m[INFO] [1782555786.429319890] [self_driving]: [PARK_APPROACH_WAIT] post_right_forward_done=True cw_y=412 th=250 reason=wait_until_crosswalk_y_below_threshold[0m
[self_driving-10] [0m[INFO] [1782555786.501297482] [self_driving]: [PARK_APPROACH_WAIT] post_right_forward_done=True cw_y=412 th=250 reason=wait_until_crosswalk_y_below_threshold[0m
[self_driving-10] [0m[INFO] [1782555786.584269501] [self_driving]: [PARK_APPROACH_WAIT] post_right_forward_done=True cw_y=412 th=250 reason=wait_until_crosswalk_y_below_threshold[0m
[self_driving-10] [0m[INFO] [1782555786.638468982] [self_driving]: [PARK_APPROACH_WAIT] post_right_forward_done=True cw_y=412 th=250 reason=wait_until_crosswalk_y_below_threshold[0m
[self_driving-10] [0m[INFO] [1782555786.639011871] [self_driving]: [POST_RIGHT_CHECK] cw_y=412 th=350 start_turn=True lane_x=71.5 raw_lane_x=71.5 filter=stable[0m
[self_driving-10] [0m[INFO] [1782555786.639444519] [self_driving]: [POST_RIGHT_FORWARD_START] reason=line_turn_recover duration=1.20s speed=0.18 angular=0.05[0m
[self_driving-10] [0m[INFO] [1782555786.700481038] [self_driving]: [POST_RIGHT_FORWARD] remain=1.14s reason=line_turn_recover park_x=-1 cw_y=412[0m
[self_driving-10] [0m[INFO] [1782555786.967833167] [self_driving]: [POST_RIGHT_FORWARD] remain=0.87s reason=line_turn_recover park_x=-1 cw_y=412[0m
[self_driving-10] [0m[INFO] [1782555787.241641963] [self_driving]: [POST_RIGHT_FORWARD] remain=0.60s reason=line_turn_recover park_x=-1 cw_y=412[0m
[self_driving-10] [0m[INFO] [1782555787.437815796] [self_driving]: [IMAGE] received count=1403 shape=(480, 640, 3) queue=0[0m
[self_driving-10] [0m[INFO] [1782555787.444015685] [self_driving]: [POST_RIGHT_FORWARD] remain=0.40s reason=line_turn_recover park_x=-1 cw_y=412[0m
[self_driving-10] [0m[INFO] [1782555787.707399333] [self_driving]: [POST_RIGHT_FORWARD] remain=0.13s reason=line_turn_recover park_x=-1 cw_y=412[0m
[self_driving-10] [0m[INFO] [1782555787.908302481] [self_driving]: [PARK_APPROACH_WAIT] post_right_forward_done=True cw_y=412 th=250 reason=wait_until_crosswalk_y_below_threshold[0m
[self_driving-10] [0m[INFO] [1782555787.911938870] [self_driving]: [DEBUG_DRIVE] state=LINE_FOLLOW raw_lane_x=130.5 lane_x=130.5 filter=stable linear=0.15 angular=0.10 cw_y=412 park_x=-1 park_approach=False park_fb_count=0 park_boot_go=0 right_done=True start_turn=False count_turn=0 traffic=None stop=False[0m
[self_driving-10] [0m[INFO] [1782555787.963612444] [self_driving]: [PARK_APPROACH_WAIT] post_right_forward_done=True cw_y=412 th=250 reason=wait_until_crosswalk_y_below_threshold[0m
[self_driving-10] [0m[INFO] [1782555788.036511463] [self_driving]: [PARK_APPROACH_WAIT] post_right_forward_done=True cw_y=412 th=250 reason=wait_until_crosswalk_y_below_threshold[0m
[self_driving-10] [0m[INFO] [1782555788.122928315] [self_driving]: [PARK_APPROACH_WAIT] post_right_forward_done=True cw_y=412 th=250 reason=wait_until_crosswalk_y_below_threshold[0m
[self_driving-10] [0m[INFO] [1782555788.178811574] [self_driving]: [PARK_APPROACH_WAIT] post_right_forward_done=True cw_y=412 th=250 reason=wait_until_crosswalk_y_below_threshold[0m
[self_driving-10] [0m[INFO] [1782555788.229097000] [self_driving]: [PARK_APPROACH_WAIT] post_right_forward_done=True cw_y=412 th=250 reason=wait_until_crosswalk_y_below_threshold[0m
[self_driving-10] [0m[INFO] [1782555788.304334314] [self_driving]: [PARK_APPROACH_WAIT] post_right_forward_done=True cw_y=412 th=250 reason=wait_until_crosswalk_y_below_threshold[0m
[self_driving-10] [0m[INFO] [1782555788.381429611] [self_driving]: [PARK_APPROACH_WAIT] post_right_forward_done=True cw_y=412 th=250 reason=wait_until_crosswalk_y_below_threshold[0m
[self_driving-10] [0m[INFO] [1782555788.457655000] [self_driving]: [PARK_APPROACH_WAIT] post_right_forward_done=True cw_y=412 th=250 reason=wait_until_crosswalk_y_below_threshold[0m
[self_driving-10] [0m[INFO] [1782555788.464297833] [self_driving]: [DEBUG_DRIVE] state=LINE_FOLLOW raw_lane_x=133.0 lane_x=133.0 filter=stable linear=0.15 angular=-0.10 cw_y=412 park_x=-1 park_approach=False park_fb_count=0 park_boot_go=0 right_done=True start_turn=False count_turn=0 traffic=None stop=False[0m
[self_driving-10] [0m[INFO] [1782555788.515598462] [self_driving]: [PARK_APPROACH_WAIT] post_right_forward_done=True cw_y=412 th=250 reason=wait_until_crosswalk_y_below_threshold[0m
[self_driving-10] [0m[INFO] [1782555788.581258166] [self_driving]: [PARK_APPROACH_WAIT] post_right_forward_done=True cw_y=412 th=250 reason=wait_until_crosswalk_y_below_threshold[0m
[self_driving-10] [0m[INFO] [1782555788.651616111] [self_driving]: [PARK_APPROACH_WAIT] post_right_forward_done=True cw_y=412 th=250 reason=wait_until_crosswalk_y_below_threshold[0m
[self_driving-10] [0m[INFO] [1782555788.701606648] [self_driving]: [PARK_APPROACH_WAIT] post_right_forward_done=True cw_y=412 th=250 reason=wait_until_crosswalk_y_below_threshold[0m
[self_driving-10] [0m[INFO] [1782555788.792480388] [self_driving]: [PARK_APPROACH_WAIT] post_right_forward_done=True cw_y=412 th=250 reason=wait_until_crosswalk_y_below_threshold[0m
[self_driving-10] [0m[INFO] [1782555788.859420129] [self_driving]: [PARK_APPROACH_WAIT] post_right_forward_done=True cw_y=412 th=250 reason=wait_until_crosswalk_y_below_threshold[0m
[self_driving-10] [0m[INFO] [1782555788.904055518] [self_driving]: [PARK_APPROACH_WAIT] post_right_forward_done=True cw_y=412 th=250 reason=wait_until_crosswalk_y_below_threshold[0m
[self_driving-10] [0m[INFO] [1782555788.985256055] [self_driving]: [PARK_APPROACH_WAIT] post_right_forward_done=True cw_y=412 th=250 reason=wait_until_crosswalk_y_below_threshold[0m
[self_driving-10] [0m[INFO] [1782555788.989248092] [self_driving]: [DEBUG_DRIVE] state=LINE_FOLLOW raw_lane_x=132.0 lane_x=132.0 filter=stable linear=0.15 angular=-0.10 cw_y=412 park_x=-1 park_approach=False park_fb_count=0 park_boot_go=0 right_done=True start_turn=False count_turn=0 traffic=None stop=False[0m
[self_driving-10] [0m[INFO] [1782555789.052292332] [self_driving]: [PARK_APPROACH_WAIT] post_right_forward_done=True cw_y=412 th=250 reason=wait_until_crosswalk_y_below_threshold[0m
[self_driving-10] [0m[INFO] [1782555789.052770944] [self_driving]: [CROSSWALK_SLOW_DONE] return normal speed[0m
[self_driving-10] [0m[INFO] [1782555789.118978944] [self_driving]: [PARK_APPROACH_WAIT] post_right_forward_done=True cw_y=412 th=250 reason=wait_until_crosswalk_y_below_threshold[0m
[self_driving-10] [0m[INFO] [1782555789.189321999] [self_driving]: [PARK_APPROACH_WAIT] post_right_forward_done=True cw_y=412 th=250 reason=wait_until_crosswalk_y_below_threshold[0m
[self_driving-10] [0m[INFO] [1782555789.258671314] [self_driving]: [PARK_APPROACH_WAIT] post_right_forward_done=True cw_y=412 th=250 reason=wait_until_crosswalk_y_below_threshold[0m
[self_driving-10] [0m[INFO] [1782555789.320255462] [self_driving]: [PARK_APPROACH_WAIT] post_right_forward_done=True cw_y=412 th=250 reason=wait_until_crosswalk_y_below_threshold[0m
[self_driving-10] [0m[INFO] [1782555789.320770999] [self_driving]: [CROSSWALK_SLOW] y=412 th=180 confirm=4[0m
[self_driving-10] [0m[INFO] [1782555789.389232832] [self_driving]: [PARK_APPROACH_WAIT] post_right_forward_done=True cw_y=412 th=250 reason=wait_until_crosswalk_y_below_threshold[0m
[self_driving-10] [0m[INFO] [1782555789.446899369] [self_driving]: [IMAGE] received count=1433 shape=(480, 640, 3) queue=0[0m
[self_driving-10] [0m[INFO] [1782555789.454605943] [self_driving]: [PARK_APPROACH_WAIT] post_right_forward_done=True cw_y=412 th=250 reason=wait_until_crosswalk_y_below_threshold[0m
[self_driving-10] [0m[INFO] [1782555789.530599629] [self_driving]: [PARK_APPROACH_WAIT] post_right_forward_done=True cw_y=412 th=250 reason=wait_until_crosswalk_y_below_threshold[0m
[self_driving-10] [0m[INFO] [1782555789.534158721] [self_driving]: [DEBUG_DRIVE] state=LINE_FOLLOW raw_lane_x=212.0 lane_x=212.0 filter=stable linear=0.15 angular=-0.45 cw_y=412 park_x=-1 park_approach=False park_fb_count=0 park_boot_go=0 right_done=True start_turn=False count_turn=2 traffic=None stop=False[0m
[self_driving-10] [0m[INFO] [1782555789.591964814] [self_driving]: [PARK_APPROACH_WAIT] post_right_forward_done=True cw_y=412 th=250 reason=wait_until_crosswalk_y_below_threshold[0m
[self_driving-10] [0m[INFO] [1782555789.653556054] [self_driving]: [PARK_APPROACH_WAIT] post_right_forward_done=True cw_y=412 th=250 reason=wait_until_crosswalk_y_below_threshold[0m
[self_driving-10] [0m[INFO] [1782555789.707480795] [self_driving]: [PARK_APPROACH_WAIT] post_right_forward_done=True cw_y=412 th=250 reason=wait_until_crosswalk_y_below_threshold[0m
[self_driving-10] [0m[INFO] [1782555789.786920832] [self_driving]: [PARK_APPROACH_WAIT] post_right_forward_done=True cw_y=412 th=250 reason=wait_until_crosswalk_y_below_threshold[0m
[self_driving-10] [0m[INFO] [1782555789.860319221] [self_driving]: [PARK_APPROACH_WAIT] post_right_forward_done=True cw_y=412 th=250 reason=wait_until_crosswalk_y_below_threshold[0m
[self_driving-10] [0m[INFO] [1782555789.917411536] [self_driving]: [PARK_APPROACH_WAIT] post_right_forward_done=True cw_y=412 th=250 reason=wait_until_crosswalk_y_below_threshold[0m
[self_driving-10] [0m[INFO] [1782555789.999588276] [self_driving]: [PARK_APPROACH_WAIT] post_right_forward_done=True cw_y=412 th=250 reason=wait_until_crosswalk_y_below_threshold[0m
[self_driving-10] [0m[INFO] [1782555790.046276906] [self_driving]: [PARK_APPROACH_WAIT] post_right_forward_done=True cw_y=412 th=250 reason=wait_until_crosswalk_y_below_threshold[0m
[self_driving-10] [0m[INFO] [1782555790.048281110] [self_driving]: [DEBUG_DRIVE] state=LINE_FOLLOW raw_lane_x=213.0 lane_x=213.0 filter=stable linear=0.15 angular=-0.45 cw_y=412 park_x=-1 park_approach=False park_fb_count=0 park_boot_go=0 right_done=True start_turn=True count_turn=4 traffic=None stop=False[0m
[self_driving-10] [0m[INFO] [1782555790.125327554] [self_driving]: [PARK_APPROACH_WAIT] post_right_forward_done=True cw_y=412 th=250 reason=wait_until_crosswalk_y_below_threshold[0m
[self_driving-10] [0m[INFO] [1782555790.195475961] [self_driving]: [PARK_APPROACH_WAIT] post_right_forward_done=True cw_y=412 th=250 reason=wait_until_crosswalk_y_below_threshold[0m
[self_driving-10] [0m[INFO] [1782555790.264275573] [self_driving]: [PARK_APPROACH_WAIT] post_right_forward_done=True cw_y=412 th=250 reason=wait_until_crosswalk_y_below_threshold[0m
[self_driving-10] [0m[INFO] [1782555790.330252535] [self_driving]: [PARK_APPROACH_WAIT] post_right_forward_done=True cw_y=412 th=250 reason=wait_until_crosswalk_y_below_threshold[0m
[self_driving-10] [0m[INFO] [1782555790.391542813] [self_driving]: [PARK_APPROACH_WAIT] post_right_forward_done=True cw_y=412 th=250 reason=wait_until_crosswalk_y_below_threshold[0m
[self_driving-10] [33m[WARN] [1782555790.464416906] [self_driving]: [LANE_X_JUMP_REJECT] raw=104.5 last=289.0 diff=184.5 candidate=104.5 cnt=1/4[0m
[self_driving-10] [0m[INFO] [1782555790.467587943] [self_driving]: [PARK_APPROACH_WAIT] post_right_forward_done=True cw_y=412 th=250 reason=wait_until_crosswalk_y_below_threshold[0m
[self_driving-10] [0m[INFO] [1782555790.550841109] [self_driving]: [PARK_APPROACH_WAIT] post_right_forward_done=True cw_y=412 th=250 reason=wait_until_crosswalk_y_below_threshold[0m
[self_driving-10] [0m[INFO] [1782555790.552619517] [self_driving]: [DEBUG_DRIVE] state=LINE_FOLLOW raw_lane_x=112.5 lane_x=289.0 filter=jump_reject linear=0.15 angular=-0.45 cw_y=412 park_x=-1 park_approach=False park_fb_count=0 park_boot_go=0 right_done=True start_turn=True count_turn=11 traffic=None stop=False[0m
[self_driving-10] [0m[INFO] [1782555790.589886072] [self_driving]: [PARK_APPROACH_WAIT] post_right_forward_done=True cw_y=412 th=250 reason=wait_until_crosswalk_y_below_threshold[0m
[self_driving-10] [0m[INFO] [1782555790.650588035] [self_driving]: [PARK_APPROACH_WAIT] post_right_forward_done=True cw_y=412 th=250 reason=wait_until_crosswalk_y_below_threshold[0m
[self_driving-10] [0m[INFO] [1782555790.722909739] [self_driving]: [PARK_APPROACH_WAIT] post_right_forward_done=True cw_y=412 th=250 reason=wait_until_crosswalk_y_below_threshold[0m
[self_driving-10] [0m[INFO] [1782555790.794522887] [self_driving]: [PARK_APPROACH_WAIT] post_right_forward_done=True cw_y=412 th=250 reason=wait_until_crosswalk_y_below_threshold[0m
[self_driving-10] [0m[INFO] [1782555790.851498628] [self_driving]: [LANE_X_JUMP_ACCEPT] raw=169.0 last=169.0 cnt=4/4[0m
[self_driving-10] [0m[INFO] [1782555790.852406276] [self_driving]: [PARK_APPROACH_WAIT] post_right_forward_done=True cw_y=412 th=250 reason=wait_until_crosswalk_y_below_threshold[0m
[self_driving-10] [0m[INFO] [1782555790.853102535] [self_driving]: [POST_RIGHT_CHECK] cw_y=412 th=350 start_turn=True lane_x=169.0 raw_lane_x=169.0 filter=jump_accept[0m
[self_driving-10] [0m[INFO] [1782555790.853803776] [self_driving]: [POST_RIGHT_FORWARD_START] reason=line_turn_recover duration=1.20s speed=0.18 angular=0.05[0m
[self_driving-10] [0m[INFO] [1782555790.941297276] [self_driving]: [POST_RIGHT_FORWARD] remain=1.11s reason=line_turn_recover park_x=-1 cw_y=412[0m
[self_driving-10] [0m[INFO] [1782555791.208238313] [self_driving]: [POST_RIGHT_FORWARD] remain=0.85s reason=line_turn_recover park_x=-1 cw_y=412[0m
[self_driving-10] [0m[INFO] [1782555791.452305090] [self_driving]: [IMAGE] received count=1463 shape=(480, 640, 3) queue=0[0m
[self_driving-10] [0m[INFO] [1782555791.459981720] [self_driving]: [POST_RIGHT_FORWARD] remain=0.59s reason=line_turn_recover park_x=-1 cw_y=412[0m
[self_driving-10] [33m[WARN] [1782555791.610135349] [self_driving]: [LANE_X_JUMP_REJECT] raw=219.0 last=302.5 diff=83.5 candidate=219.0 cnt=1/4[0m
[self_driving-10] [0m[INFO] [1782555791.666385794] [self_driving]: [POST_RIGHT_FORWARD] remain=0.39s reason=line_turn_recover park_x=-1 cw_y=412[0m
[self_driving-10] [0m[INFO] [1782555791.949429460] [self_driving]: [POST_RIGHT_FORWARD] remain=0.11s reason=line_turn_recover park_x=-1 cw_y=412[0m
[self_driving-10] [0m[INFO] [1782555792.072552775] [self_driving]: [PARK_APPROACH_WAIT] post_right_forward_done=True cw_y=412 th=250 reason=wait_until_crosswalk_y_below_threshold[0m
[self_driving-10] [0m[INFO] [1782555792.073948849] [self_driving]: [CROSSWALK_SLOW_DONE] return normal speed[0m
[self_driving-10] [0m[INFO] [1782555792.077292460] [self_driving]: [DEBUG_DRIVE] state=LINE_FOLLOW raw_lane_x=-1 lane_x=292.5 filter=hold_last linear=0.15 angular=-0.45 cw_y=412 park_x=-1 park_approach=False park_fb_count=0 park_boot_go=0 right_done=True start_turn=False count_turn=1 traffic=None stop=False[0m
[self_driving-10] [0m[INFO] [1782555792.129814053] [self_driving]: [PARK_APPROACH_WAIT] post_right_forward_done=True cw_y=412 th=250 reason=wait_until_crosswalk_y_below_threshold[0m
[self_driving-10] [0m[INFO] [1782555792.213396034] [self_driving]: [PARK_APPROACH_WAIT] post_right_forward_done=True cw_y=412 th=250 reason=wait_until_crosswalk_y_below_threshold[0m
[self_driving-10] [33m[WARN] [1782555792.215362979] [self_driving]: [LANE_LOST] raw_lane_x=-1 lane_x=-1 filter=lost stop=False state=LINE_FOLLOW safe_linear=0.00 right_ready=False right_done=True[0m
[self_driving-10] [0m[INFO] [1782555792.280974386] [self_driving]: [PARK_APPROACH_WAIT] post_right_forward_done=True cw_y=412 th=250 reason=wait_until_crosswalk_y_below_threshold[0m
[self_driving-10] [0m[INFO] [1782555792.333069349] [self_driving]: [PARK_APPROACH_WAIT] post_right_forward_done=True cw_y=412 th=250 reason=wait_until_crosswalk_y_below_threshold[0m
[self_driving-10] [0m[INFO] [1782555792.334943405] [self_driving]: [CROSSWALK_SLOW] y=412 th=180 confirm=4[0m
[self_driving-10] [0m[INFO] [1782555792.417782886] [self_driving]: [PARK_APPROACH_WAIT] post_right_forward_done=True cw_y=412 th=250 reason=wait_until_crosswalk_y_below_threshold[0m
[self_driving-10] [0m[INFO] [1782555792.482590090] [self_driving]: [PARK_APPROACH_WAIT] post_right_forward_done=True cw_y=412 th=250 reason=wait_until_crosswalk_y_below_threshold[0m
[self_driving-10] [0m[INFO] [1782555792.531477960] [self_driving]: [PARK_APPROACH_WAIT] post_right_forward_done=True cw_y=412 th=250 reason=wait_until_crosswalk_y_below_threshold[0m
[self_driving-10] [0m[INFO] [1782555792.599925904] [self_driving]: [PARK_APPROACH_WAIT] post_right_forward_done=True cw_y=412 th=250 reason=wait_until_crosswalk_y_below_threshold[0m
[self_driving-10] [0m[INFO] [1782555792.601393775] [self_driving]: [DEBUG_DRIVE] state=LINE_FOLLOW raw_lane_x=-1 lane_x=-1 filter=lost linear=0.15 angular=0.00 cw_y=412 park_x=-1 park_approach=False park_fb_count=0 park_boot_go=0 right_done=True start_turn=False count_turn=2 traffic=None stop=False[0m
[self_driving-10] [0m[INFO] [1782555792.686865053] [self_driving]: [PARK_APPROACH_WAIT] post_right_forward_done=True cw_y=412 th=250 reason=wait_until_crosswalk_y_below_threshold[0m
[self_driving-10] [0m[INFO] [1782555792.747349590] [self_driving]: [PARK_APPROACH_WAIT] post_right_forward_done=True cw_y=412 th=250 reason=wait_until_crosswalk_y_below_threshold[0m
[self_driving-10] [33m[WARN] [1782555792.750458164] [self_driving]: [LANE_LOST] raw_lane_x=-1 lane_x=-1 filter=lost stop=False state=LINE_FOLLOW safe_linear=0.00 right_ready=False right_done=True[0m
[self_driving-10] [0m[INFO] [1782555792.818118923] [self_driving]: [PARK_APPROACH_WAIT] post_right_forward_done=True cw_y=412 th=250 reason=wait_until_crosswalk_y_below_threshold[0m
[self_driving-10] [0m[INFO] [1782555792.881281127] [self_driving]: [PARK_APPROACH_WAIT] post_right_forward_done=True cw_y=412 th=250 reason=wait_until_crosswalk_y_below_threshold[0m
[self_driving-10] [0m[INFO] [1782555792.968315312] [self_driving]: [PARK_APPROACH_WAIT] post_right_forward_done=True cw_y=412 th=250 reason=wait_until_crosswalk_y_below_threshold[0m
[self_driving-10] [0m[INFO] [1782555793.016200571] [self_driving]: [PARK_APPROACH_WAIT] post_right_forward_done=True cw_y=412 th=250 reason=wait_until_crosswalk_y_below_threshold[0m
[self_driving-10] [0m[INFO] [1782555793.085565256] [self_driving]: [PARK_APPROACH_WAIT] post_right_forward_done=True cw_y=412 th=250 reason=wait_until_crosswalk_y_below_threshold[0m
[self_driving-10] [0m[INFO] [1782555793.153070349] [self_driving]: [PARK_APPROACH_WAIT] post_right_forward_done=True cw_y=412 th=250 reason=wait_until_crosswalk_y_below_threshold[0m
[self_driving-10] [0m[INFO] [1782555793.154173849] [self_driving]: [DEBUG_DRIVE] state=LINE_FOLLOW raw_lane_x=-1 lane_x=-1 filter=lost linear=0.15 angular=0.00 cw_y=412 park_x=-1 park_approach=False park_fb_count=0 park_boot_go=0 right_done=True start_turn=False count_turn=2 traffic=None stop=False[0m
[self_driving-10] [0m[INFO] [1782555793.205306552] [self_driving]: [PARK_APPROACH_WAIT] post_right_forward_done=True cw_y=412 th=250 reason=wait_until_crosswalk_y_below_threshold[0m
[self_driving-10] [0m[INFO] [1782555793.289537126] [self_driving]: [PARK_APPROACH_WAIT] post_right_forward_done=True cw_y=412 th=250 reason=wait_until_crosswalk_y_below_threshold[0m
[self_driving-10] [33m[WARN] [1782555793.291279904] [self_driving]: [LANE_LOST] raw_lane_x=-1 lane_x=-1 filter=lost stop=False state=LINE_FOLLOW safe_linear=0.00 right_ready=False right_done=True[0m
[self_driving-10] [0m[INFO] [1782555793.376540571] [self_driving]: [PARK_APPROACH_WAIT] post_right_forward_done=True cw_y=412 th=250 reason=wait_until_crosswalk_y_below_threshold[0m
[self_driving-10] [0m[INFO] [1782555793.421013885] [self_driving]: [PARK_APPROACH_WAIT] post_right_forward_done=True cw_y=412 th=250 reason=wait_until_crosswalk_y_below_threshold[0m
[self_driving-10] [0m[INFO] [1782555793.466756700] [self_driving]: [IMAGE] received count=1493 shape=(480, 640, 3) queue=0[0m
[self_driving-10] [0m[INFO] [1782555793.475493663] [self_driving]: [PARK_APPROACH_WAIT] post_right_forward_done=True cw_y=412 th=250 reason=wait_until_crosswalk_y_below_threshold[0m
[self_driving-10] [0m[INFO] [1782555793.539720496] [self_driving]: [PARK_APPROACH_WAIT] post_right_forward_done=True cw_y=412 th=250 reason=wait_until_crosswalk_y_below_threshold[0m
[self_driving-10] [0m[INFO] [1782555793.621210163] [self_driving]: [PARK_APPROACH_WAIT] post_right_forward_done=True cw_y=412 th=250 reason=wait_until_crosswalk_y_below_threshold[0m
[self_driving-10] [0m[INFO] [1782555793.681402219] [self_driving]: [PARK_APPROACH_WAIT] post_right_forward_done=True cw_y=412 th=250 reason=wait_until_crosswalk_y_below_threshold[0m
[self_driving-10] [0m[INFO] [1782555793.683645533] [self_driving]: [DEBUG_DRIVE] state=LINE_FOLLOW raw_lane_x=-1 lane_x=-1 filter=lost linear=0.15 angular=0.00 cw_y=412 park_x=-1 park_approach=False park_fb_count=0 park_boot_go=0 right_done=True start_turn=False count_turn=2 traffic=None stop=False[0m
[self_driving-10] [0m[INFO] [1782555793.763479737] [self_driving]: [PARK_APPROACH_WAIT] post_right_forward_done=True cw_y=412 th=250 reason=wait_until_crosswalk_y_below_threshold[0m
[self_driving-10] [0m[INFO] [1782555793.820278922] [self_driving]: [PARK_APPROACH_WAIT] post_right_forward_done=True cw_y=412 th=250 reason=wait_until_crosswalk_y_below_threshold[0m
[self_driving-10] [33m[WARN] [1782555793.820997033] [self_driving]: [LANE_LOST] raw_lane_x=-1 lane_x=-1 filter=lost stop=False state=LINE_FOLLOW safe_linear=0.00 right_ready=False right_done=True[0m
[self_driving-10] [0m[INFO] [1782555793.892052052] [self_driving]: [PARK_APPROACH_WAIT] post_right_forward_done=True cw_y=412 th=250 reason=wait_until_crosswalk_y_below_threshold[0m
[self_driving-10] [0m[INFO] [1782555793.956446570] [self_driving]: [PARK_APPROACH_WAIT] post_right_forward_done=True cw_y=412 th=250 reason=wait_until_crosswalk_y_below_threshold[0m
[self_driving-10] [33m[WARN] [1782555794.022021644] [self_driving]: [LANE_X_JUMP_REJECT] raw=214.0 last=299.5 diff=85.5 candidate=214.0 cnt=1/4[0m
[self_driving-10] [0m[INFO] [1782555794.022919015] [self_driving]: [PARK_APPROACH_WAIT] post_right_forward_done=True cw_y=412 th=250 reason=wait_until_crosswalk_y_below_threshold[0m
[self_driving-10] [0m[INFO] [1782555794.107557533] [self_driving]: [PARK_APPROACH_WAIT] post_right_forward_done=True cw_y=412 th=250 reason=wait_until_crosswalk_y_below_threshold[0m
[self_driving-10] [0m[INFO] [1782555794.167136218] [self_driving]: [PARK_APPROACH_WAIT] post_right_forward_done=True cw_y=412 th=250 reason=wait_until_crosswalk_y_below_threshold[0m
[self_driving-10] [0m[INFO] [1782555794.211530866] [self_driving]: [PARK_APPROACH_WAIT] post_right_forward_done=True cw_y=412 th=250 reason=wait_until_crosswalk_y_below_threshold[0m
[self_driving-10] [0m[INFO] [1782555794.212376626] [self_driving]: [DEBUG_DRIVE] state=LINE_FOLLOW raw_lane_x=149.5 lane_x=299.5 filter=jump_reject linear=0.15 angular=-0.45 cw_y=412 park_x=-1 park_approach=False park_fb_count=0 park_boot_go=0 right_done=True start_turn=True count_turn=2 traffic=None stop=False[0m
[self_driving-10] [0m[INFO] [1782555794.281003996] [self_driving]: [LANE_X_JUMP_ACCEPT] raw=133.5 last=133.5 cnt=4/4[0m
[self_driving-10] [0m[INFO] [1782555794.282344626] [self_driving]: [PARK_APPROACH_WAIT] post_right_forward_done=True cw_y=412 th=250 reason=wait_until_crosswalk_y_below_threshold[0m
[self_driving-10] [0m[INFO] [1782555794.368278348] [self_driving]: [PARK_APPROACH_WAIT] post_right_forward_done=True cw_y=412 th=250 reason=wait_until_crosswalk_y_below_threshold[0m
[self_driving-10] [0m[INFO] [1782555794.430656589] [self_driving]: [PARK_APPROACH_WAIT] post_right_forward_done=True cw_y=412 th=250 reason=wait_until_crosswalk_y_below_threshold[0m
[self_driving-10] [0m[INFO] [1782555794.503538996] [self_driving]: [PARK_APPROACH_WAIT] post_right_forward_done=True cw_y=412 th=250 reason=wait_until_crosswalk_y_below_threshold[0m
[self_driving-10] [0m[INFO] [1782555794.554292033] [self_driving]: [PARK_APPROACH_WAIT] post_right_forward_done=True cw_y=412 th=250 reason=wait_until_crosswalk_y_below_threshold[0m
[self_driving-10] [0m[INFO] [1782555794.630166014] [self_driving]: [PARK_APPROACH_WAIT] post_right_forward_done=True cw_y=412 th=250 reason=wait_until_crosswalk_y_below_threshold[0m
[self_driving-10] [0m[INFO] [1782555794.631014014] [self_driving]: [POST_RIGHT_CHECK] cw_y=412 th=350 start_turn=True lane_x=114.0 raw_lane_x=114.0 filter=stable[0m
[self_driving-10] [0m[INFO] [1782555794.631514829] [self_driving]: [POST_RIGHT_FORWARD_START] reason=line_turn_recover duration=1.20s speed=0.18 angular=0.05[0m
[self_driving-10] [0m[INFO] [1782555794.680020996] [self_driving]: [POST_RIGHT_FORWARD] remain=1.15s reason=line_turn_recover park_x=-1 cw_y=412[0m
[self_driving-10] [0m[INFO] [1782555794.901838736] [self_driving]: [POST_RIGHT_FORWARD] remain=0.93s reason=line_turn_recover park_x=-1 cw_y=412[0m
[self_driving-10] [0m[INFO] [1782555795.084220199] [self_driving]: [ALL_CLASSES] ['go'][0m
[self_driving-10] [0m[INFO] [1782555795.084843755] [self_driving]: [OBJECTS] msg_count=163 n=1 names=['go'][0m
[self_driving-10] [0m[INFO] [1782555795.085349644] [self_driving]: [GO_CANDIDATE] cx=334 cy=126 area=300 score=0.86[0m
[self_driving-10] [0m[INFO] [1782555795.091271607] [self_driving]: [ALL_CLASSES] ['crosswalk'][0m
[self_driving-10] [0m[INFO] [1782555795.105403255] [self_driving]: [POST_RIGHT_FORWARD] remain=0.73s reason=line_turn_recover park_x=-1 cw_y=176[0m
[self_driving-10] [0m[INFO] [1782555795.355687792] [self_driving]: [POST_RIGHT_FORWARD] remain=0.48s reason=line_turn_recover park_x=-1 cw_y=176[0m
[self_driving-10] [0m[INFO] [1782555795.452633847] [self_driving]: [ALL_CLASSES] ['go'][0m
[self_driving-10] [0m[INFO] [1782555795.453174662] [self_driving]: [GO_CANDIDATE] cx=278 cy=130 area=330 score=0.89[0m
[self_driving-10] [0m[INFO] [1782555795.455748218] [self_driving]: [ALL_CLASSES] ['crosswalk'][0m
[self_driving-10] [0m[INFO] [1782555795.459916699] [self_driving]: [ALL_CLASSES] ['crosswalk'][0m
[self_driving-10] [0m[INFO] [1782555795.500397718] [self_driving]: [IMAGE] received count=1523 shape=(480, 640, 3) queue=0[0m
[self_driving-10] [0m[INFO] [1782555795.563905421] [self_driving]: [POST_RIGHT_FORWARD] remain=0.27s reason=line_turn_recover park_x=-1 cw_y=177[0m
[self_driving-10] [0m[INFO] [1782555795.773527606] [self_driving]: [POST_RIGHT_FORWARD] remain=0.06s reason=line_turn_recover park_x=-1 cw_y=177[0m
[self_driving-10] [0m[INFO] [1782555795.787532643] [self_driving]: [ALL_CLASSES] ['crosswalk'][0m
[self_driving-10] [0m[INFO] [1782555795.788096347] [self_driving]: [OBJECTS] msg_count=168 n=1 names=['crosswalk'][0m
[self_driving-10] [0m[INFO] [1782555795.792232458] [self_driving]: [ALL_CLASSES] ['red'][0m
[self_driving-10] [0m[INFO] [1782555795.793529532] [self_driving]: [TRAFFIC_CANDIDATE] name=red valid=False cx=490 cy=81 area=224 score=0.33 min_area=800[0m
[self_driving-10] [0m[INFO] [1782555795.845186773] [self_driving]: [PARK_APPROACH_WAIT] post_right_forward_done=True cw_y=0 th=250 reason=wait_until_crosswalk_y_below_threshold[0m
[self_driving-10] [0m[INFO] [1782555795.850775680] [self_driving]: [CROSSWALK_SLOW_DONE] return normal speed[0m
[self_driving-10] [0m[INFO] [1782555795.852224662] [self_driving]: [DEBUG_DRIVE] state=LINE_FOLLOW raw_lane_x=157.0 lane_x=157.0 filter=stable linear=0.15 angular=-0.10 cw_y=0 park_x=-1 park_approach=False park_fb_count=0 park_boot_go=0 right_done=True start_turn=False count_turn=0 traffic=None stop=False[0m
[self_driving-10] [0m[INFO] [1782555795.914894773] [self_driving]: [PARK_APPROACH_WAIT] post_right_forward_done=True cw_y=0 th=250 reason=wait_until_crosswalk_y_below_threshold[0m
[self_driving-10] [0m[INFO] [1782555795.974938106] [self_driving]: [PARK_APPROACH_WAIT] post_right_forward_done=True cw_y=0 th=250 reason=wait_until_crosswalk_y_below_threshold[0m
[self_driving-10] [0m[INFO] [1782555796.028273402] [self_driving]: [PARK_APPROACH_WAIT] post_right_forward_done=True cw_y=0 th=250 reason=wait_until_crosswalk_y_below_threshold[0m
[self_driving-10] [0m[INFO] [1782555796.098293773] [self_driving]: [PARK_APPROACH_WAIT] post_right_forward_done=True cw_y=0 th=250 reason=wait_until_crosswalk_y_below_threshold[0m
[self_driving-10] [0m[INFO] [1782555796.141273254] [self_driving]: [ALL_CLASSES] ['crosswalk'][0m
[self_driving-10] [0m[INFO] [1782555796.143551550] [self_driving]: [ALL_CLASSES] ['go'][0m
[self_driving-10] [0m[INFO] [1782555796.144138143] [self_driving]: [GO_CANDIDATE] cx=287 cy=129 area=396 score=0.85[0m
[self_driving-10] [0m[INFO] [1782555796.148704754] [self_driving]: [ALL_CLASSES] ['crosswalk'][0m
[self_driving-10] [0m[INFO] [1782555796.180681291] [self_driving]: [PARK_APPROACH_START] reason=post_right_forward_done_cw_below_250 hold=12.0s fallback_delay=3.0s[0m
[self_driving-10] [0m[INFO] [1782555796.181178643] [self_driving]: [PARK_APPROACH_TRIGGER] post_right_forward_done=True cw_y=179 th=250 right_done=True[0m
[self_driving-10] [0m[INFO] [1782555796.363632773] [self_driving]: [DEBUG_DRIVE] state=LINE_FOLLOW raw_lane_x=167.5 lane_x=167.5 filter=stable linear=0.30 angular=-0.10 cw_y=179 park_x=-1 park_approach=True park_fb_count=0 park_boot_go=0 right_done=True start_turn=False count_turn=0 traffic=None stop=False[0m
[self_driving-10] [0m[INFO] [1782555796.476690291] [self_driving]: [ALL_CLASSES] ['go'][0m
[self_driving-10] [0m[INFO] [1782555796.477188698] [self_driving]: [OBJECTS] msg_count=173 n=1 names=['go'][0m
[self_driving-10] [0m[INFO] [1782555796.477882958] [self_driving]: [GO_CANDIDATE] cx=292 cy=128 area=414 score=0.90[0m
[self_driving-10] [0m[INFO] [1782555796.481195198] [self_driving]: [ALL_CLASSES] ['crosswalk'][0m
[self_driving-10] [0m[INFO] [1782555796.488897939] [self_driving]: [ALL_CLASSES] ['red'][0m
[self_driving-10] [0m[INFO] [1782555796.490387050] [self_driving]: [TRAFFIC_CANDIDATE] name=red valid=False cx=519 cy=75 area=195 score=0.53 min_area=800[0m
[self_driving-10] [0m[INFO] [1782555796.825165717] [self_driving]: [ALL_CLASSES] ['crosswalk'][0m
[self_driving-10] [0m[INFO] [1782555796.829009457] [self_driving]: [ALL_CLASSES] ['crosswalk'][0m
[self_driving-10] [0m[INFO] [1782555796.839147846] [self_driving]: [ALL_CLASSES] ['red'][0m
[self_driving-10] [0m[INFO] [1782555796.937066254] [self_driving]: [DEBUG_DRIVE] state=LINE_FOLLOW raw_lane_x=153.5 lane_x=153.5 filter=stable linear=0.30 angular=-0.10 cw_y=0 park_x=-1 park_approach=True park_fb_count=0 park_boot_go=0 right_done=True start_turn=False count_turn=0 traffic=None stop=False[0m
[self_driving-10] [0m[INFO] [1782555797.183547402] [self_driving]: [ALL_CLASSES] ['crosswalk'][0m
[self_driving-10] [0m[INFO] [1782555797.184054087] [self_driving]: [OBJECTS] msg_count=179 n=1 names=['crosswalk'][0m
[self_driving-10] [0m[INFO] [1782555797.186320087] [self_driving]: [ALL_CLASSES] ['go'][0m
[self_driving-10] [0m[INFO] [1782555797.186888939] [self_driving]: [GO_CANDIDATE] cx=298 cy=127 area=540 score=0.87[0m
[self_driving-10] [0m[INFO] [1782555797.191136161] [self_driving]: [ALL_CLASSES] ['red'][0m
[self_driving-10] [0m[INFO] [1782555797.192048902] [self_driving]: [TRAFFIC_CANDIDATE] name=red valid=False cx=553 cy=68 area=289 score=0.53 min_area=800[0m
[self_driving-10] [0m[INFO] [1782555797.469761605] [self_driving]: [DEBUG_DRIVE] state=LINE_FOLLOW raw_lane_x=134.5 lane_x=134.5 filter=stable linear=0.30 angular=-0.10 cw_y=0 park_x=-1 park_approach=True park_fb_count=0 park_boot_go=0 right_done=True start_turn=False count_turn=0 traffic=None stop=False[0m
[self_driving-10] [0m[INFO] [1782555797.521943327] [self_driving]: [IMAGE] received count=1553 shape=(480, 640, 3) queue=0[0m
[self_driving-10] [0m[INFO] [1782555797.737388864] [self_driving]: [ALL_CLASSES] ['crosswalk'][0m
[self_driving-10] [0m[INFO] [1782555797.738141031] [self_driving]: [OBJECTS] msg_count=182 n=1 names=['crosswalk'][0m
[self_driving-10] [0m[INFO] [1782555797.740325568] [self_driving]: [ALL_CLASSES] ['go'][0m
[self_driving-10] [0m[INFO] [1782555797.741016198] [self_driving]: [GO_CANDIDATE] cx=280 cy=127 area=560 score=0.83[0m
[self_driving-10] [0m[INFO] [1782555797.743755735] [self_driving]: [ALL_CLASSES] ['red'][0m
[self_driving-10] [0m[INFO] [1782555797.747114772] [self_driving]: [TRAFFIC_CANDIDATE] name=red valid=False cx=555 cy=62 area=306 score=0.37 min_area=800[0m
[self_driving-10] [0m[INFO] [1782555797.974147272] [self_driving]: [DEBUG_DRIVE] state=LINE_FOLLOW raw_lane_x=105.0 lane_x=105.0 filter=stable linear=0.30 angular=0.10 cw_y=0 park_x=-1 park_approach=True park_fb_count=0 park_boot_go=0 right_done=True start_turn=False count_turn=0 traffic=None stop=False[0m
[self_driving-10] [0m[INFO] [1782555798.073402642] [self_driving]: [ALL_CLASSES] ['crosswalk'][0m
[self_driving-10] [0m[INFO] [1782555798.075375920] [self_driving]: [ALL_CLASSES] ['go'][0m
[self_driving-10] [0m[INFO] [1782555798.076228031] [self_driving]: [GO_CANDIDATE] cx=240 cy=124 area=693 score=0.86[0m
[self_driving-10] [0m[INFO] [1782555798.083507920] [self_driving]: [ALL_CLASSES] ['red'][0m
[self_driving-10] [0m[INFO] [1782555798.426208494] [self_driving]: [ALL_CLASSES] ['go'][0m
[self_driving-10] [0m[INFO] [1782555798.426787494] [self_driving]: [OBJECTS] msg_count=188 n=1 names=['go'][0m
[self_driving-10] [0m[INFO] [1782555798.427255049] [self_driving]: [GO_CANDIDATE] cx=213 cy=126 area=714 score=0.88[0m
[self_driving-10] [0m[INFO] [1782555798.429855919] [self_driving]: [ALL_CLASSES] ['crosswalk'][0m
[self_driving-10] [0m[INFO] [1782555798.444933919] [self_driving]: [ALL_CLASSES] ['red'][0m
[self_driving-10] [0m[INFO] [1782555798.456543808] [self_driving]: [TRAFFIC_CANDIDATE] name=red valid=False cx=558 cy=47 area=462 score=0.64 min_area=800[0m
[self_driving-10] [0m[INFO] [1782555798.481792494] [self_driving]: [DEBUG_DRIVE] state=LINE_FOLLOW raw_lane_x=142.0 lane_x=142.0 filter=stable linear=0.30 angular=-0.10 cw_y=0 park_x=-1 park_approach=True park_fb_count=0 park_boot_go=0 right_done=True start_turn=False count_turn=0 traffic=None stop=False[0m
[self_driving-10] [0m[INFO] [1782555798.797461160] [self_driving]: [ALL_CLASSES] ['crosswalk'][0m
[self_driving-10] [0m[INFO] [1782555798.799372734] [self_driving]: [ALL_CLASSES] ['go'][0m
[self_driving-10] [0m[INFO] [1782555798.799813660] [self_driving]: [GO_CANDIDATE] cx=194 cy=123 area=912 score=0.89[0m
[self_driving-10] [0m[INFO] [1782555798.803171771] [self_driving]: [ALL_CLASSES] ['red'][0m
[self_driving-10] [0m[INFO] [1782555798.998913234] [self_driving]: [DEBUG_DRIVE] state=LINE_FOLLOW raw_lane_x=131.0 lane_x=131.0 filter=stable linear=0.30 angular=-0.10 cw_y=0 park_x=-1 park_approach=True park_fb_count=0 park_boot_go=0 right_done=True start_turn=False count_turn=0 traffic=None stop=False[0m
[self_driving-10] [0m[INFO] [1782555799.144068382] [self_driving]: [ALL_CLASSES] ['crosswalk'][0m
[self_driving-10] [0m[INFO] [1782555799.144546289] [self_driving]: [OBJECTS] msg_count=194 n=1 names=['crosswalk'][0m
[self_driving-10] [0m[INFO] [1782555799.147960234] [self_driving]: [ALL_CLASSES] ['red'][0m
[self_driving-10] [0m[INFO] [1782555799.148914789] [self_driving]: [TRAFFIC_CANDIDATE] name=red valid=False cx=629 cy=9 area=418 score=0.69 min_area=800[0m
[self_driving-10] [0m[INFO] [1782555799.201999697] [self_driving]: [PARK_FALLBACK_COUNT] count=1/10 elapsed=3.02 cw_y=0 go_recent=True go_candidate={'cx': 194, 'cy': 123, 'area': 912, 'score': 0.8899999856948853}[0m
[self_driving-10] [0m[INFO] [1782555799.259576012] [self_driving]: [PARK_FALLBACK_COUNT] count=2/10 elapsed=3.08 cw_y=0 go_recent=True go_candidate={'cx': 194, 'cy': 123, 'area': 912, 'score': 0.8899999856948853}[0m
[self_driving-10] [0m[INFO] [1782555799.333330678] [self_driving]: [PARK_FALLBACK_COUNT] count=3/10 elapsed=3.15 cw_y=0 go_recent=True go_candidate={'cx': 194, 'cy': 123, 'area': 912, 'score': 0.8899999856948853}[0m
[self_driving-10] [0m[INFO] [1782555799.384489604] [self_driving]: [PARK_FALLBACK_COUNT] count=4/10 elapsed=3.20 cw_y=0 go_recent=True go_candidate={'cx': 194, 'cy': 123, 'area': 912, 'score': 0.8899999856948853}[0m
[self_driving-10] [0m[INFO] [1782555799.461922956] [self_driving]: [PARK_FALLBACK_COUNT] count=5/10 elapsed=3.28 cw_y=0 go_recent=True go_candidate={'cx': 194, 'cy': 123, 'area': 912, 'score': 0.8899999856948853}[0m
[self_driving-10] [0m[INFO] [1782555799.507084197] [self_driving]: [ALL_CLASSES] ['crosswalk'][0m
[self_driving-10] [0m[INFO] [1782555799.515174956] [self_driving]: [ALL_CLASSES] ['go'][0m
[self_driving-10] [0m[INFO] [1782555799.517599308] [self_driving]: [GO_CANDIDATE] cx=184 cy=109 area=1421 score=0.87[0m
[self_driving-10] [0m[INFO] [1782555799.534926548] [self_driving]: [IMAGE] received count=1583 shape=(480, 640, 3) queue=0[0m
[self_driving-10] [0m[INFO] [1782555799.547710493] [self_driving]: [PARK_FALLBACK_COUNT] count=6/10 elapsed=3.37 cw_y=0 go_recent=True go_candidate={'cx': 184, 'cy': 109, 'area': 1421, 'score': 0.8700000047683716}[0m
[self_driving-10] [0m[INFO] [1782555799.557451011] [self_driving]: [DEBUG_DRIVE] state=LINE_FOLLOW raw_lane_x=123.5 lane_x=123.5 filter=stable linear=0.30 angular=0.10 cw_y=0 park_x=-1 park_approach=True park_fb_count=6 park_boot_go=0 right_done=True start_turn=False count_turn=0 traffic=None stop=False[0m
[self_driving-10] [0m[INFO] [1782555799.611446752] [self_driving]: [PARK_FALLBACK_COUNT] count=7/10 elapsed=3.43 cw_y=0 go_recent=True go_candidate={'cx': 184, 'cy': 109, 'area': 1421, 'score': 0.8700000047683716}[0m
[self_driving-10] [0m[INFO] [1782555799.674639678] [self_driving]: [PARK_FALLBACK_COUNT] count=8/10 elapsed=3.49 cw_y=0 go_recent=True go_candidate={'cx': 184, 'cy': 109, 'area': 1421, 'score': 0.8700000047683716}[0m
[self_driving-10] [0m[INFO] [1782555799.722955530] [self_driving]: [PARK_FALLBACK_COUNT] count=9/10 elapsed=3.54 cw_y=0 go_recent=True go_candidate={'cx': 184, 'cy': 109, 'area': 1421, 'score': 0.8700000047683716}[0m
[self_driving-10] [0m[INFO] [1782555799.810007956] [self_driving]: [PARK_FALLBACK_COUNT] count=10/10 elapsed=3.63 cw_y=0 go_recent=True go_candidate={'cx': 184, 'cy': 109, 'area': 1421, 'score': 0.8700000047683716}[0m
[self_driving-10] [33m[WARN] [1782555799.811624493] [self_driving]: [PARK_FALLBACK_START] park class not detected -> run park_action by 5→6 fallback[0m
[self_driving-10] [0m[INFO] [1782555799.814225678] [self_driving]: [1;36m[FSM] LINE_FOLLOW -> PARKING[0m[0m
[self_driving-10] [0m[INFO] [1782555799.904596159] [self_driving]: [ALL_CLASSES] ['crosswalk'][0m
[self_driving-10] [0m[INFO] [1782555799.905392308] [self_driving]: [OBJECTS] msg_count=198 n=1 names=['crosswalk'][0m
[self_driving-10] [0m[INFO] [1782555799.908780474] [self_driving]: [ALL_CLASSES] ['go'][0m
[self_driving-10] [0m[INFO] [1782555799.910458159] [self_driving]: [GO_CANDIDATE] cx=134 cy=104 area=1760 score=0.89[0m
[self_driving-10] [0m[INFO] [1782555800.236466567] [self_driving]: [ALL_CLASSES] ['crosswalk'][0m
[self_driving-10] [0m[INFO] [1782555800.238818252] [self_driving]: [ALL_CLASSES] ['go'][0m
[self_driving-10] [0m[INFO] [1782555800.240583659] [self_driving]: [GO_CANDIDATE] cx=84 cy=96 area=2698 score=0.88[0m
[self_driving-10] [0m[INFO] [1782555800.549223529] [self_driving]: [ALL_CLASSES] ['crosswalk'][0m
[self_driving-10] [0m[INFO] [1782555800.550217140] [self_driving]: [OBJECTS] msg_count=202 n=1 names=['crosswalk'][0m
[self_driving-10] [0m[INFO] [1782555800.552931585] [self_driving]: [ALL_CLASSES] ['go'][0m
[self_driving-10] [0m[INFO] [1782555800.555719289] [self_driving]: [GO_CANDIDATE] cx=10 cy=84 area=1840 score=0.78[0m
[self_driving-10] [0m[INFO] [1782555800.878450918] [self_driving]: [ALL_CLASSES] ['crosswalk'][0m
[self_driving-10] [0m[INFO] [1782555801.201277788] [self_driving]: [ALL_CLASSES] ['crosswalk'][0m
[self_driving-10] [0m[INFO] [1782555801.203262825] [self_driving]: [OBJECTS] msg_count=205 n=1 names=['crosswalk'][0m
[self_driving-10] [0m[INFO] [1782555801.208152307] [self_driving]: [ALL_CLASSES] ['crosswalk'][0m
[self_driving-10] [0m[INFO] [1782555801.521204640] [self_driving]: [ALL_CLASSES] ['crosswalk'][0m
[self_driving-10] [0m[INFO] [1782555801.529278103] [self_driving]: [ALL_CLASSES] ['crosswalk'][0m
[self_driving-10] [0m[INFO] [1782555801.556513177] [self_driving]: [IMAGE] received count=1613 shape=(480, 640, 3) queue=0[0m
[self_driving-10] [0m[INFO] [1782555801.719400566] [self_driving]: [PARK_DONE] park_action complete -> DONE[0m
[self_driving-10] [0m[INFO] [1782555801.720134788] [self_driving]: [1;36m[FSM] PARKING -> LINE_FOLLOW[0m[0m
[self_driving-10] [0m[INFO] [1782555801.755273695] [self_driving]: [PARK_APPROACH_CW_BYPASS] clear crosswalk slow stop=True cw_y=386[0m
[self_driving-10] [0m[INFO] [1782555801.756018584] [self_driving]: [PARK_FALLBACK_COUNT] count=11/10 elapsed=5.58 cw_y=386 go_recent=True go_candidate={'cx': 10, 'cy': 84, 'area': 1840, 'score': 0.7799999713897705}[0m
[self_driving-10] [33m[WARN] [1782555801.756536288] [self_driving]: [PARK_FALLBACK_START] park class not detected -> run park_action by 5→6 fallback[0m
[self_driving-10] [0m[INFO] [1782555801.757215158] [self_driving]: [1;36m[FSM] LINE_FOLLOW -> PARKING[0m[0m
[self_driving-10] [0m[INFO] [1782555801.913997954] [self_driving]: [ALL_CLASSES] ['crosswalk'][0m
[self_driving-10] [0m[INFO] [1782555801.917886010] [self_driving]: [OBJECTS] msg_count=209 n=1 names=['crosswalk'][0m
[self_driving-10] [0m[INFO] [1782555802.227302676] [self_driving]: [ALL_CLASSES] ['crosswalk'][0m
[self_driving-10] [0m[INFO] [1782555802.531647084] [self_driving]: [ALL_CLASSES] ['crosswalk'][0m
[self_driving-10] [0m[INFO] [1782555802.532831436] [self_driving]: [OBJECTS] msg_count=211 n=1 names=['crosswalk'][0m
[self_driving-10] [0m[INFO] [1782555802.541745769] [self_driving]: [ALL_CLASSES] ['crosswalk'][0m
[self_driving-10] [0m[INFO] [1782555802.862971084] [self_driving]: [ALL_CLASSES] ['crosswalk'][0m
[self_driving-10] [0m[INFO] [1782555802.865567843] [self_driving]: [ALL_CLASSES] ['crosswalk'][0m
[self_driving-10] [0m[INFO] [1782555803.192527231] [self_driving]: [ALL_CLASSES] ['crosswalk'][0m
[self_driving-10] [0m[INFO] [1782555803.193391083] [self_driving]: [OBJECTS] msg_count=215 n=1 names=['crosswalk'][0m
[self_driving-10] [0m[INFO] [1782555803.514892102] [self_driving]: [ALL_CLASSES] ['crosswalk'][0m
[self_driving-10] [0m[INFO] [1782555803.518138953] [self_driving]: [ALL_CLASSES] ['crosswalk'][0m
[self_driving-10] [0m[INFO] [1782555803.576638842] [self_driving]: [IMAGE] received count=1643 shape=(480, 640, 3) queue=0[0m
[self_driving-10] [0m[INFO] [1782555803.659336879] [self_driving]: [PARK_DONE] park_action complete -> DONE[0m
[self_driving-10] [0m[INFO] [1782555803.659964731] [self_driving]: [1;36m[FSM] PARKING -> LINE_FOLLOW[0m[0m
[self_driving-10] [0m[INFO] [1782555803.692602657] [self_driving]: [PARK_APPROACH_CW_BYPASS] clear crosswalk slow stop=True cw_y=383[0m
[self_driving-10] [0m[INFO] [1782555803.694273453] [self_driving]: [PARK_FALLBACK_COUNT] count=12/10 elapsed=7.51 cw_y=383 go_recent=False go_candidate={'cx': 10, 'cy': 84, 'area': 1840, 'score': 0.7799999713897705}[0m
[self_driving-10] [33m[WARN] [1782555803.695543102] [self_driving]: [PARK_FALLBACK_START] park class not detected -> run park_action by 5→6 fallback[0m
[self_driving-10] [0m[INFO] [1782555803.701943361] [self_driving]: [1;36m[FSM] LINE_FOLLOW -> PARKING[0m[0m
[self_driving-10] [0m[INFO] [1782555803.871183916] [self_driving]: [ALL_CLASSES] ['crosswalk'][0m
[self_driving-10] [0m[INFO] [1782555803.872329564] [self_driving]: [OBJECTS] msg_count=218 n=1 names=['crosswalk'][0m
[self_driving-10] [0m[INFO] [1782555803.877618138] [self_driving]: [ALL_CLASSES] ['crosswalk'][0m
[self_driving-10] [0m[INFO] [1782555804.201444120] [self_driving]: [ALL_CLASSES] ['crosswalk'][0m
[self_driving-10] [0m[INFO] [1782555804.204870860] [self_driving]: [ALL_CLASSES] ['crosswalk'][0m
[self_driving-10] [0m[INFO] [1782555804.529297842] [self_driving]: [ALL_CLASSES] ['crosswalk'][0m
[self_driving-10] [0m[INFO] [1782555804.530063694] [self_driving]: [OBJECTS] msg_count=222 n=1 names=['crosswalk'][0m
[self_driving-10] [0m[INFO] [1782555804.855489545] [self_driving]: [ALL_CLASSES] ['crosswalk'][0m
[self_driving-10] [0m[INFO] [1782555805.183152656] [self_driving]: [ALL_CLASSES] ['crosswalk'][0m
[self_driving-10] [0m[INFO] [1782555805.183932693] [self_driving]: [OBJECTS] msg_count=224 n=1 names=['crosswalk'][0m
[self_driving-10] [0m[INFO] [1782555805.492736267] [self_driving]: [ALL_CLASSES] ['crosswalk'][0m
[self_driving-10] [0m[INFO] [1782555805.606434749] [self_driving]: [PARK_DONE] park_action complete -> DONE[0m
[self_driving-10] [0m[INFO] [1782555805.606985767] [self_driving]: [1;36m[FSM] PARKING -> LINE_FOLLOW[0m[0m
[self_driving-10] [0m[INFO] [1782555805.632392989] [self_driving]: [IMAGE] received count=1674 shape=(480, 640, 3) queue=0[0m
[self_driving-10] [0m[INFO] [1782555805.641938693] [self_driving]: [PARK_APPROACH_CW_BYPASS] clear crosswalk slow stop=True cw_y=449[0m
[self_driving-10] [0m[INFO] [1782555805.642564934] [self_driving]: [PARK_FALLBACK_COUNT] count=13/10 elapsed=9.46 cw_y=449 go_recent=False go_candidate={'cx': 10, 'cy': 84, 'area': 1840, 'score': 0.7799999713897705}[0m
[self_driving-10] [33m[WARN] [1782555805.643840378] [self_driving]: [PARK_FALLBACK_START] park class not detected -> run park_action by 5→6 fallback[0m
[self_driving-10] [0m[INFO] [1782555805.645453471] [self_driving]: [1;36m[FSM] LINE_FOLLOW -> PARKING[0m[0m
[self_driving-10] [0m[INFO] [1782555805.824644952] [self_driving]: [ALL_CLASSES] ['crosswalk'][0m
[self_driving-10] [0m[INFO] [1782555805.825586267] [self_driving]: [OBJECTS] msg_count=226 n=1 names=['crosswalk'][0m
[self_driving-10] [0m[INFO] [1782555806.175003248] [self_driving]: [ALL_CLASSES] ['crosswalk'][0m
[self_driving-10] [0m[INFO] [1782555806.479199915] [self_driving]: [ALL_CLASSES] ['crosswalk'][0m
[self_driving-10] [0m[INFO] [1782555806.483169489] [self_driving]: [OBJECTS] msg_count=228 n=1 names=['crosswalk'][0m
[self_driving-10] [0m[INFO] [1782555806.782133692] [self_driving]: [ALL_CLASSES] ['crosswalk'][0m
[self_driving-10] [0m[INFO] [1782555807.092425081] [self_driving]: [ALL_CLASSES] ['crosswalk'][0m
[self_driving-10] [0m[INFO] [1782555807.093541229] [self_driving]: [OBJECTS] msg_count=230 n=1 names=['crosswalk'][0m
[self_driving-10] [0m[INFO] [1782555807.424906544] [self_driving]: [ALL_CLASSES] ['crosswalk'][0m
[self_driving-10] [0m[INFO] [1782555807.550863488] [self_driving]: [PARK_DONE] park_action complete -> DONE[0m
[self_driving-10] [0m[INFO] [1782555807.551334859] [self_driving]: [1;36m[FSM] PARKING -> LINE_FOLLOW[0m[0m
[self_driving-10] [0m[INFO] [1782555807.593051673] [self_driving]: [PARK_APPROACH_CW_BYPASS] clear crosswalk slow stop=True cw_y=445[0m
[self_driving-10] [0m[INFO] [1782555807.593530266] [self_driving]: [PARK_FALLBACK_COUNT] count=14/10 elapsed=11.41 cw_y=445 go_recent=False go_candidate={'cx': 10, 'cy': 84, 'area': 1840, 'score': 0.7799999713897705}[0m
[self_driving-10] [33m[WARN] [1782555807.596541081] [self_driving]: [PARK_FALLBACK_START] park class not detected -> run park_action by 5→6 fallback[0m
[self_driving-10] [0m[INFO] [1782555807.598104470] [self_driving]: [1;36m[FSM] LINE_FOLLOW -> PARKING[0m[0m
[self_driving-10] [0m[INFO] [1782555807.659076062] [self_driving]: [IMAGE] received count=1704 shape=(480, 640, 3) queue=0[0m
[self_driving-10] [0m[INFO] [1782555807.755156710] [self_driving]: [ALL_CLASSES] ['crosswalk'][0m
[self_driving-10] [0m[INFO] [1782555807.756002710] [self_driving]: [OBJECTS] msg_count=232 n=1 names=['crosswalk'][0m
[self_driving-10] [0m[INFO] [1782555808.090439654] [self_driving]: [ALL_CLASSES] ['crosswalk'][0m
[self_driving-10] [0m[INFO] [1782555808.405194691] [self_driving]: [ALL_CLASSES] ['crosswalk'][0m
[self_driving-10] [0m[INFO] [1782555808.408678969] [self_driving]: [OBJECTS] msg_count=234 n=1 names=['crosswalk'][0m
[self_driving-10] [0m[INFO] [1782555809.501280061] [self_driving]: [PARK_DONE] park_action complete -> DONE[0m
[self_driving-10] [0m[INFO] [1782555809.502081950] [self_driving]: [1;36m[FSM] PARKING -> LINE_FOLLOW[0m[0m
[self_driving-10] [0m[INFO] [1782555809.544153968] [self_driving]: [PARK_APPROACH_END] timeout -> normal crosswalk/lane behavior[0m
[self_driving-10] [33m[WARN] [1782555809.545034468] [self_driving]: [LANE_LOST] raw_lane_x=-1 lane_x=-1 filter=lost stop=False state=LINE_FOLLOW safe_linear=0.00 right_ready=False right_done=True[0m
[self_driving-10] [0m[INFO] [1782555809.545690691] [self_driving]: [DEBUG_DRIVE] state=LINE_FOLLOW raw_lane_x=-1 lane_x=-1 filter=lost linear=0.30 angular=0.00 cw_y=405 park_x=-1 park_approach=False park_fb_count=0 park_boot_go=0 right_done=True start_turn=False count_turn=0 traffic=None stop=False[0m
[self_driving-10] [0m[INFO] [1782555809.661143487] [self_driving]: [IMAGE] received count=1734 shape=(480, 640, 3) queue=0[0m
[self_driving-10] [0m[INFO] [1782555809.768329191] [self_driving]: [CROSSWALK_SLOW] y=405 th=180 confirm=4[0m
[self_driving-10] [33m[WARN] [1782555810.077063153] [self_driving]: [LANE_LOST] raw_lane_x=-1 lane_x=-1 filter=lost stop=False state=LINE_FOLLOW safe_linear=0.00 right_ready=False right_done=True[0m
[self_driving-10] [0m[INFO] [1782555810.077747913] [self_driving]: [DEBUG_DRIVE] state=LINE_FOLLOW raw_lane_x=-1 lane_x=-1 filter=lost linear=0.15 angular=0.00 cw_y=405 park_x=-1 park_approach=False park_fb_count=0 park_boot_go=0 right_done=True start_turn=False count_turn=0 traffic=None stop=False[0m
[self_driving-10] [0m[INFO] [1782555810.629551375] [self_driving]: [DEBUG_DRIVE] state=LINE_FOLLOW raw_lane_x=-1 lane_x=9.5 filter=hold_last linear=0.15 angular=0.10 cw_y=405 park_x=-1 park_approach=False park_fb_count=0 park_boot_go=0 right_done=True start_turn=False count_turn=0 traffic=None stop=False[0m
[self_driving-10] [33m[WARN] [1782555810.748069412] [self_driving]: [LANE_LOST] raw_lane_x=-1 lane_x=-1 filter=lost stop=False state=LINE_FOLLOW safe_linear=0.00 right_ready=False right_done=True[0m
[self_driving-10] [0m[INFO] [1782555811.157337486] [self_driving]: [DEBUG_DRIVE] state=LINE_FOLLOW raw_lane_x=-1 lane_x=-1 filter=lost linear=0.15 angular=0.00 cw_y=405 park_x=-1 park_approach=False park_fb_count=0 park_boot_go=0 right_done=True start_turn=False count_turn=0 traffic=None stop=False[0m
[self_driving-10] [0m[INFO] [1782555811.190026116] [self_driving]: [ALL_CLASSES] ['crosswalk'][0m
[self_driving-10] [0m[INFO] [1782555811.190708023] [self_driving]: [OBJECTS] msg_count=235 n=1 names=['crosswalk'][0m
[self_driving-10] [33m[WARN] [1782555811.284005671] [self_driving]: [LANE_LOST] raw_lane_x=-1 lane_x=-1 filter=lost stop=False state=LINE_FOLLOW safe_linear=0.00 right_ready=False right_done=True[0m
[self_driving-10] [33m[WARN] [1782555811.498206264] [self_driving]: [LANE_X_JUMP_REJECT] raw=310.0 last=9.5 diff=300.5 candidate=310.0 cnt=1/4[0m
[self_driving-10] [0m[INFO] [1782555811.679218300] [self_driving]: [IMAGE] received count=1764 shape=(480, 640, 3) queue=0[0m
[self_driving-10] [0m[INFO] [1782555811.689059708] [self_driving]: [CROSSWALK_IGNORE] y=134 < th=180[0m
[self_driving-10] [0m[INFO] [1782555811.690091782] [self_driving]: [DEBUG_DRIVE] state=LINE_FOLLOW raw_lane_x=251.0 lane_x=9.5 filter=jump_reject linear=0.15 angular=0.10 cw_y=134 park_x=-1 park_approach=False park_fb_count=0 park_boot_go=0 right_done=True start_turn=False count_turn=0 traffic=None stop=False[0m
[self_driving-10] [0m[INFO] [1782555811.878850652] [self_driving]: [ALL_CLASSES] ['crosswalk'][0m
[self_driving-10] [0m[INFO] [1782555811.879326708] [self_driving]: [OBJECTS] msg_count=236 n=1 names=['crosswalk'][0m
[self_driving-10] [0m[INFO] [1782555812.231539874] [self_driving]: [DEBUG_DRIVE] state=LINE_FOLLOW raw_lane_x=79.5 lane_x=79.5 filter=stable linear=0.15 angular=0.10 cw_y=277 park_x=-1 park_approach=False park_fb_count=0 park_boot_go=0 right_done=True start_turn=False count_turn=0 traffic=None stop=False[0m
[self_driving-10] [0m[INFO] [1782555812.241428633] [self_driving]: [ALL_CLASSES] ['crosswalk'][0m
[self_driving-10] [0m[INFO] [1782555812.440788411] [self_driving]: [CROSSWALK_SLOW_DONE] return normal speed[0m
[self_driving-10] [0m[INFO] [1782555812.581750744] [self_driving]: [ALL_CLASSES] ['crosswalk'][0m
[self_driving-10] [0m[INFO] [1782555812.582480893] [self_driving]: [OBJECTS] msg_count=238 n=1 names=['crosswalk'][0m
[self_driving-10] [0m[INFO] [1782555812.593392578] [self_driving]: [ALL_CLASSES] ['crosswalk'][0m
[self_driving-10] [0m[INFO] [1782555812.712741411] [self_driving]: [CROSSWALK_SLOW] y=229 th=180 confirm=4[0m
[self_driving-10] [0m[INFO] [1782555812.764780967] [self_driving]: [DEBUG_DRIVE] state=LINE_FOLLOW raw_lane_x=165.5 lane_x=165.5 filter=stable linear=0.15 angular=-0.10 cw_y=229 park_x=-1 park_approach=False park_fb_count=0 park_boot_go=0 right_done=True start_turn=False count_turn=0 traffic=None stop=False[0m
[self_driving-10] [0m[INFO] [1782555812.922694874] [self_driving]: [ALL_CLASSES] ['crosswalk'][0m
[self_driving-10] [0m[INFO] [1782555812.925480763] [self_driving]: [ALL_CLASSES] ['crosswalk'][0m
[self_driving-10] [0m[INFO] [1782555812.928924670] [self_driving]: [ALL_CLASSES] ['right'][0m
[self_driving-10] [0m[INFO] [1782555812.929897892] [self_driving]: [RIGHT_CANDIDATE] valid=False reject=['small_area', 'right_done'] cnt=0 cx=165 cy=116 area=600 score=0.76 done=True[0m
[self_driving-10] [0m[INFO] [1782555813.274488874] [self_driving]: [ALL_CLASSES] ['crosswalk'][0m
[self_driving-10] [0m[INFO] [1782555813.275379003] [self_driving]: [OBJECTS] msg_count=243 n=1 names=['crosswalk'][0m
[self_driving-10] [0m[INFO] [1782555813.282739540] [self_driving]: [ALL_CLASSES] ['right'][0m
[self_driving-10] [0m[INFO] [1782555813.283837855] [self_driving]: [RIGHT_CANDIDATE] valid=False reject=['small_area', 'right_done'] cnt=0 cx=252 cy=74 area=744 score=0.75 done=True[0m
[self_driving-10] [0m[INFO] [1782555813.313306040] [self_driving]: [DEBUG_DRIVE] state=LINE_FOLLOW raw_lane_x=150.0 lane_x=150.0 filter=stable linear=0.15 angular=-0.10 cw_y=0 park_x=-1 park_approach=False park_fb_count=0 park_boot_go=0 right_done=True start_turn=False count_turn=0 traffic=None stop=False[0m
[self_driving-10] [0m[INFO] [1782555813.618481873] [self_driving]: [ALL_CLASSES] ['crosswalk'][0m
[self_driving-10] [0m[INFO] [1782555813.624605633] [self_driving]: [ALL_CLASSES] ['crosswalk'][0m
[self_driving-10] [0m[INFO] [1782555813.719394781] [self_driving]: [IMAGE] received count=1794 shape=(480, 640, 3) queue=0[0m
[self_driving-10] [0m[INFO] [1782555813.851525133] [self_driving]: [DEBUG_DRIVE] state=LINE_FOLLOW raw_lane_x=129.5 lane_x=129.5 filter=stable linear=0.15 angular=-0.10 cw_y=182 park_x=-1 park_approach=False park_fb_count=0 park_boot_go=0 right_done=True start_turn=False count_turn=0 traffic=None stop=False[0m
[self_driving-10] [0m[INFO] [1782555813.958363929] [self_driving]: [ALL_CLASSES] ['crosswalk'][0m
[self_driving-10] [0m[INFO] [1782555813.958836003] [self_driving]: [OBJECTS] msg_count=247 n=1 names=['crosswalk'][0m
[self_driving-10] [0m[INFO] [1782555813.966440873] [self_driving]: [ALL_CLASSES] ['crosswalk'][0m
[self_driving-10] [0m[INFO] [1782555814.283115521] [self_driving]: [ALL_CLASSES] ['crosswalk'][0m
[self_driving-10] [0m[INFO] [1782555814.288612299] [self_driving]: [ALL_CLASSES] ['crosswalk'][0m
[self_driving-10] [0m[INFO] [1782555814.381499336] [self_driving]: [DEBUG_DRIVE] state=LINE_FOLLOW raw_lane_x=134.5 lane_x=134.5 filter=stable linear=0.15 angular=-0.10 cw_y=185 park_x=-1 park_approach=False park_fb_count=0 park_boot_go=0 right_done=True start_turn=False count_turn=0 traffic=None stop=False[0m
[self_driving-10] [0m[INFO] [1782555814.664343391] [self_driving]: [ALL_CLASSES] ['crosswalk'][0m
[self_driving-10] [0m[INFO] [1782555814.664799799] [self_driving]: [OBJECTS] msg_count=251 n=1 names=['crosswalk'][0m
[self_driving-10] [0m[INFO] [1782555814.666887299] [self_driving]: [ALL_CLASSES] ['right'][0m
[self_driving-10] [0m[INFO] [1782555814.668174058] [self_driving]: [RIGHT_CANDIDATE] valid=False reject=['small_area', 'right_done'] cnt=0 cx=206 cy=117 area=1189 score=0.85 done=True[0m
[self_driving-10] [0m[INFO] [1782555814.674450558] [self_driving]: [ALL_CLASSES] ['crosswalk'][0m
[self_driving-10] [0m[INFO] [1782555814.906593910] [self_driving]: [DEBUG_DRIVE] state=LINE_FOLLOW raw_lane_x=129.0 lane_x=129.0 filter=stable linear=0.15 angular=0.10 cw_y=185 park_x=-1 park_approach=False park_fb_count=0 park_boot_go=0 right_done=True start_turn=False count_turn=0 traffic=None stop=False[0m
[self_driving-10] [0m[INFO] [1782555815.016580836] [self_driving]: [ALL_CLASSES] ['crosswalk'][0m
[self_driving-10] [0m[INFO] [1782555815.020084761] [self_driving]: [ALL_CLASSES] ['right'][0m
[self_driving-10] [0m[INFO] [1782555815.021519317] [self_driving]: [RIGHT_CANDIDATE] valid=False reject=['small_area', 'right_done'] cnt=0 cx=210 cy=116 area=1302 score=0.86 done=True[0m
[self_driving-10] [0m[INFO] [1782555815.027791076] [self_driving]: [ALL_CLASSES] ['crosswalk'][0m
[self_driving-10] [0m[INFO] [1782555815.382838761] [self_driving]: [ALL_CLASSES] ['crosswalk'][0m
[self_driving-10] [0m[INFO] [1782555815.385399761] [self_driving]: [OBJECTS] msg_count=257 n=1 names=['crosswalk'][0m
[self_driving-10] [0m[INFO] [1782555815.392958502] [self_driving]: [CROSSWALK_SLOW_DONE] return normal speed[0m
[self_driving-10] [0m[INFO] [1782555815.394771206] [self_driving]: [ALL_CLASSES] ['crosswalk'][0m
[self_driving-10] [0m[INFO] [1782555815.459974595] [self_driving]: [DEBUG_DRIVE] state=LINE_FOLLOW raw_lane_x=129.5 lane_x=129.5 filter=stable linear=0.30 angular=0.10 cw_y=189 park_x=-1 park_approach=False park_fb_count=0 park_boot_go=0 right_done=True start_turn=False count_turn=0 traffic=None stop=False[0m
[self_driving-10] [0m[INFO] [1782555815.648976687] [self_driving]: [CROSSWALK_SLOW] y=189 th=180 confirm=4[0m
[self_driving-10] [0m[INFO] [1782555815.708411354] [self_driving]: [ALL_CLASSES] ['crosswalk'][0m
[self_driving-10] [0m[INFO] [1782555815.716546113] [self_driving]: [ALL_CLASSES] ['right'][0m
[self_driving-10] [0m[INFO] [1782555815.717421502] [self_driving]: [RIGHT_CANDIDATE] valid=False reject=['small_area', 'right_done'] cnt=0 cx=191 cy=111 area=1666 score=0.77 done=True[0m
[self_driving-10] [0m[INFO] [1782555815.794598946] [self_driving]: [IMAGE] received count=1825 shape=(480, 640, 3) queue=0[0m
[self_driving-10] [0m[INFO] [1782555815.995085594] [self_driving]: [DEBUG_DRIVE] state=LINE_FOLLOW raw_lane_x=133.0 lane_x=133.0 filter=stable linear=0.15 angular=-0.10 cw_y=0 park_x=-1 park_approach=False park_fb_count=0 park_boot_go=0 right_done=True start_turn=False count_turn=0 traffic=None stop=False[0m
[self_driving-10] [0m[INFO] [1782555816.059501557] [self_driving]: [ALL_CLASSES] ['crosswalk'][0m
[self_driving-10] [0m[INFO] [1782555816.060177335] [self_driving]: [OBJECTS] msg_count=261 n=1 names=['crosswalk'][0m
[self_driving-10] [0m[INFO] [1782555816.062209002] [self_driving]: [ALL_CLASSES] ['crosswalk'][0m
[self_driving-10] [0m[INFO] [1782555816.065792872] [self_driving]: [ALL_CLASSES] ['crosswalk'][0m
[self_driving-10] [0m[INFO] [1782555816.410655298] [self_driving]: [ALL_CLASSES] ['crosswalk'][0m
[self_driving-10] [0m[INFO] [1782555816.415757150] [self_driving]: [ALL_CLASSES] ['crosswalk'][0m
[self_driving-10] [0m[INFO] [1782555816.528822298] [self_driving]: [DEBUG_DRIVE] state=LINE_FOLLOW raw_lane_x=124.5 lane_x=124.5 filter=stable linear=0.15 angular=0.10 cw_y=199 park_x=-1 park_approach=False park_fb_count=0 park_boot_go=0 right_done=True start_turn=False count_turn=0 traffic=None stop=False[0m
[self_driving-10] [0m[INFO] [1782555816.755762520] [self_driving]: [ALL_CLASSES] ['crosswalk'][0m
[self_driving-10] [0m[INFO] [1782555816.756474631] [self_driving]: [OBJECTS] msg_count=266 n=1 names=['crosswalk'][0m
[self_driving-10] [0m[INFO] [1782555816.758727094] [self_driving]: [ALL_CLASSES] ['right'][0m
[self_driving-10] [0m[INFO] [1782555816.760020705] [self_driving]: [RIGHT_CANDIDATE] valid=False reject=['small_area', 'right_done'] cnt=0 cx=124 cy=103 area=2790 score=0.86 done=True[0m
[self_driving-10] [0m[INFO] [1782555816.762741483] [self_driving]: [ALL_CLASSES] ['crosswalk'][0m
[self_driving-10] [0m[INFO] [1782555817.067878982] [self_driving]: [DEBUG_DRIVE] state=LINE_FOLLOW raw_lane_x=135.5 lane_x=135.5 filter=stable linear=0.15 angular=-0.10 cw_y=205 park_x=-1 park_approach=False park_fb_count=0 park_boot_go=0 right_done=True start_turn=False count_turn=0 traffic=None stop=False[0m
[self_driving-10] [0m[INFO] [1782555817.111641482] [self_driving]: [ALL_CLASSES] ['crosswalk'][0m
[self_driving-10] [0m[INFO] [1782555817.114846519] [self_driving]: [ALL_CLASSES] ['right'][0m
[self_driving-10] [0m[INFO] [1782555817.117179279] [self_driving]: [RIGHT_CANDIDATE] valid=True reject=['right_done'] cnt=0 cx=99 cy=101 area=3536 score=0.86 done=True[0m
[self_driving-10] [0m[INFO] [1782555817.124001019] [self_driving]: [ALL_CLASSES] ['crosswalk'][0m
[self_driving-10] [0m[INFO] [1782555817.432417649] [self_driving]: [ALL_CLASSES] ['crosswalk'][0m
[self_driving-10] [0m[INFO] [1782555817.433251390] [self_driving]: [OBJECTS] msg_count=272 n=1 names=['crosswalk'][0m
[self_driving-10] [0m[INFO] [1782555817.435786538] [self_driving]: [ALL_CLASSES] ['crosswalk'][0m
[self_driving-10] [0m[INFO] [1782555817.439250575] [self_driving]: [ALL_CLASSES] ['right'][0m
[self_driving-10] [0m[INFO] [1782555817.439934612] [self_driving]: [RIGHT_CANDIDATE] valid=True reject=['right_done'] cnt=0 cx=47 cy=95 area=4560 score=0.75 done=True[0m
[self_driving-10] [0m[INFO] [1782555817.598429204] [self_driving]: [DEBUG_DRIVE] state=LINE_FOLLOW raw_lane_x=125.5 lane_x=125.5 filter=stable linear=0.15 angular=0.10 cw_y=0 park_x=-1 park_approach=False park_fb_count=0 park_boot_go=0 right_done=True start_turn=False count_turn=0 traffic=None stop=False[0m
[self_driving-10] [0m[INFO] [1782555817.777309982] [self_driving]: [ALL_CLASSES] ['crosswalk'][0m
[self_driving-10] [0m[INFO] [1782555817.780599778] [self_driving]: [ALL_CLASSES] ['right'][0m
[self_driving-10] [0m[INFO] [1782555817.781344204] [self_driving]: [RIGHT_CANDIDATE] valid=True reject=['right_done'] cnt=0 cx=39 cy=92 area=5229 score=0.87 done=True[0m
[self_driving-10] [0m[INFO] [1782555817.813353519] [self_driving]: [IMAGE] received count=1855 shape=(480, 640, 3) queue=0[0m
[self_driving-10] [0m[INFO] [1782555818.127897074] [self_driving]: [ALL_CLASSES] ['crosswalk'][0m
[self_driving-10] [0m[INFO] [1782555818.128848871] [self_driving]: [OBJECTS] msg_count=277 n=1 names=['crosswalk'][0m
[self_driving-10] [0m[INFO] [1782555818.133108982] [self_driving]: [ALL_CLASSES] ['right'][0m
[self_driving-10] [0m[INFO] [1782555818.135424852] [self_driving]: [RIGHT_CANDIDATE] valid=True reject=['right_done'] cnt=0 cx=22 cy=83 area=4268 score=0.80 done=True[0m
[self_driving-10] [0m[INFO] [1782555818.162866148] [self_driving]: [DEBUG_DRIVE] state=LINE_FOLLOW raw_lane_x=135.5 lane_x=135.5 filter=stable linear=0.15 angular=-0.10 cw_y=0 park_x=-1 park_approach=False park_fb_count=0 park_boot_go=0 right_done=True start_turn=False count_turn=0 traffic=None stop=False[0m
[self_driving-10] [0m[INFO] [1782555818.356935648] [self_driving]: [CROSSWALK_SLOW_DONE] return normal speed[0m
[self_driving-10] [0m[INFO] [1782555818.489255667] [self_driving]: [ALL_CLASSES] ['crosswalk'][0m
[self_driving-10] [0m[INFO] [1782555818.685499222] [self_driving]: [DEBUG_DRIVE] state=LINE_FOLLOW raw_lane_x=145.5 lane_x=145.5 filter=stable linear=0.30 angular=-0.10 cw_y=237 park_x=-1 park_approach=False park_fb_count=0 park_boot_go=0 right_done=True start_turn=False count_turn=0 traffic=None stop=False[0m
[self_driving-10] [0m[INFO] [1782555818.742839926] [self_driving]: [CROSSWALK_SLOW] y=237 th=180 confirm=4[0m
[self_driving-10] [0m[INFO] [1782555818.838124259] [self_driving]: [ALL_CLASSES] ['crosswalk'][0m
[self_driving-10] [0m[INFO] [1782555818.838802537] [self_driving]: [OBJECTS] msg_count=280 n=1 names=['crosswalk'][0m
[self_driving-10] [0m[INFO] [1782555819.174990611] [self_driving]: [ALL_CLASSES] ['crosswalk'][0m
[self_driving-10] [0m[INFO] [1782555819.236570815] [self_driving]: [DEBUG_DRIVE] state=LINE_FOLLOW raw_lane_x=123.0 lane_x=123.0 filter=stable linear=0.15 angular=0.10 cw_y=259 park_x=-1 park_approach=False park_fb_count=0 park_boot_go=0 right_done=True start_turn=False count_turn=0 traffic=None stop=False[0m
[self_driving-10] [0m[INFO] [1782555819.505646685] [self_driving]: [ALL_CLASSES] ['crosswalk'][0m
[self_driving-10] [0m[INFO] [1782555819.506309296] [self_driving]: [OBJECTS] msg_count=282 n=1 names=['crosswalk'][0m
[self_driving-10] [0m[INFO] [1782555819.757144203] [self_driving]: [DEBUG_DRIVE] state=LINE_FOLLOW raw_lane_x=137.0 lane_x=137.0 filter=stable linear=0.15 angular=-0.10 cw_y=274 park_x=-1 park_approach=False park_fb_count=0 park_boot_go=0 right_done=True start_turn=False count_turn=0 traffic=None stop=False[0m
[self_driving-10] [0m[INFO] [1782555819.822297722] [self_driving]: [IMAGE] received count=1885 shape=(480, 640, 3) queue=0[0m
[self_driving-10] [0m[INFO] [1782555819.860676203] [self_driving]: [ALL_CLASSES] ['crosswalk'][0m
[self_driving-10] [0m[INFO] [1782555820.239480184] [self_driving]: [ALL_CLASSES] ['crosswalk'][0m
[self_driving-10] [0m[INFO] [1782555820.239952758] [self_driving]: [OBJECTS] msg_count=284 n=1 names=['crosswalk'][0m
[self_driving-10] [0m[INFO] [1782555820.306500166] [self_driving]: [DEBUG_DRIVE] state=LINE_FOLLOW raw_lane_x=134.0 lane_x=134.0 filter=stable linear=0.15 angular=-0.10 cw_y=348 park_x=-1 park_approach=False park_fb_count=0 park_boot_go=0 right_done=True start_turn=False count_turn=0 traffic=None stop=False[0m
[self_driving-10] [0m[INFO] [1782555820.578676536] [self_driving]: [ALL_CLASSES] ['crosswalk'][0m
[self_driving-10] [0m[INFO] [1782555820.841800295] [self_driving]: [DEBUG_DRIVE] state=LINE_FOLLOW raw_lane_x=132.5 lane_x=132.5 filter=stable linear=0.15 angular=-0.10 cw_y=399 park_x=-1 park_approach=False park_fb_count=0 park_boot_go=0 right_done=True start_turn=False count_turn=0 traffic=None stop=False[0m
[self_driving-10] [0m[INFO] [1782555820.930377999] [self_driving]: [ALL_CLASSES] ['crosswalk'][0m
[self_driving-10] [0m[INFO] [1782555820.931484536] [self_driving]: [OBJECTS] msg_count=286 n=1 names=['crosswalk'][0m
[self_driving-10] [0m[INFO] [1782555821.270127461] [self_driving]: [ALL_CLASSES] ['crosswalk'][0m
[self_driving-10] [0m[INFO] [1782555821.379226554] [self_driving]: [DEBUG_DRIVE] state=LINE_FOLLOW raw_lane_x=123.5 lane_x=123.5 filter=stable linear=0.15 angular=0.10 cw_y=453 park_x=-1 park_approach=False park_fb_count=0 park_boot_go=0 right_done=True start_turn=False count_turn=0 traffic=None stop=False[0m
[self_driving-10] [0m[INFO] [1782555821.443673702] [self_driving]: [CROSSWALK_SLOW_DONE] return normal speed[0m
[self_driving-10] [33m[WARN] [1782555821.656820369] [self_driving]: [LANE_X_JUMP_REJECT] raw=204.5 last=117.5 diff=87.0 candidate=204.5 cnt=1/4[0m
[self_driving-10] [0m[INFO] [1782555821.700671406] [self_driving]: [CROSSWALK_SLOW] y=453 th=180 confirm=4[0m
[self_driving-10] [0m[INFO] [1782555821.824901183] [self_driving]: [IMAGE] received count=1915 shape=(480, 640, 3) queue=0[0m
[self_driving-10] [0m[INFO] [1782555821.901393535] [self_driving]: [DEBUG_DRIVE] state=LINE_FOLLOW raw_lane_x=-1 lane_x=117.5 filter=hold_last linear=0.15 angular=0.10 cw_y=453 park_x=-1 park_approach=False park_fb_count=0 park_boot_go=0 right_done=True start_turn=False count_turn=0 traffic=None stop=False[0m
[self_driving-10] [33m[WARN] [1782555821.987990868] [self_driving]: [LANE_LOST] raw_lane_x=-1 lane_x=-1 filter=lost stop=False state=LINE_FOLLOW safe_linear=0.00 right_ready=False right_done=True[0m
[self_driving-10] [0m[INFO] [1782555822.451642035] [self_driving]: [DEBUG_DRIVE] state=LINE_FOLLOW raw_lane_x=-1 lane_x=-1 filter=lost linear=0.15 angular=0.00 cw_y=453 park_x=-1 park_approach=False park_fb_count=0 park_boot_go=0 right_done=True start_turn=False count_turn=0 traffic=None stop=False[0m
[self_driving-10] [33m[WARN] [1782555822.516512294] [self_driving]: [LANE_LOST] raw_lane_x=-1 lane_x=-1 filter=lost stop=False state=LINE_FOLLOW safe_linear=0.00 right_ready=False right_done=True[0m
[self_driving-10] [33m[WARN] [1782555822.720336664] [self_driving]: [LANE_X_JUMP_REJECT] raw=303.0 last=117.5 diff=185.5 candidate=303.0 cnt=1/4[0m
[self_driving-10] [0m[INFO] [1782555822.921654942] [self_driving]: [LANE_X_JUMP_ACCEPT] raw=312.0 last=312.0 cnt=4/4[0m
[self_driving-10] [0m[INFO] [1782555822.986876331] [self_driving]: [DEBUG_DRIVE] state=LINE_FOLLOW raw_lane_x=274.5 lane_x=274.5 filter=stable linear=0.15 angular=-0.45 cw_y=453 park_x=-1 park_approach=False park_fb_count=0 park_boot_go=0 right_done=True start_turn=False count_turn=2 traffic=None stop=False[0m
[self_driving-10] [33m[WARN] [1782555823.401033312] [self_driving]: [LANE_LOST] raw_lane_x=-1 lane_x=-1 filter=lost stop=False state=LINE_FOLLOW safe_linear=0.00 right_ready=False right_done=True[0m
[self_driving-10] [0m[INFO] [1782555823.515210719] [self_driving]: [DEBUG_DRIVE] state=LINE_FOLLOW raw_lane_x=-1 lane_x=-1 filter=lost linear=0.15 angular=0.00 cw_y=453 park_x=-1 park_approach=False park_fb_count=0 park_boot_go=0 right_done=True start_turn=True count_turn=1 traffic=None stop=False[0m
[self_driving-10] [0m[INFO] [1782555823.679448997] [self_driving]: [ALL_CLASSES] ['crosswalk'][0m
[self_driving-10] [0m[INFO] [1782555823.680693441] [self_driving]: [OBJECTS] msg_count=288 n=1 names=['crosswalk'][0m
[self_driving-10] [0m[INFO] [1782555823.688788664] [self_driving]: [ALL_CLASSES] ['crosswalk'][0m
[self_driving-10] [0m[INFO] [1782555823.853129534] [self_driving]: [IMAGE] received count=1945 shape=(480, 640, 3) queue=0[0m
[self_driving-10] [33m[WARN] [1782555823.918527867] [self_driving]: [LANE_LOST] raw_lane_x=-1 lane_x=-1 filter=lost stop=False state=LINE_FOLLOW safe_linear=0.00 right_ready=False right_done=True[0m
[self_driving-10] [0m[INFO] [1782555824.073219775] [self_driving]: [DEBUG_DRIVE] state=LINE_FOLLOW raw_lane_x=-1 lane_x=-1 filter=lost linear=0.15 angular=0.00 cw_y=271 park_x=-1 park_approach=False park_fb_count=0 park_boot_go=0 right_done=True start_turn=True count_turn=1 traffic=None stop=False[0m
[self_driving-10] [0m[INFO] [1782555824.404153589] [self_driving]: [CROSSWALK_SLOW_DONE] return normal speed[0m
[self_driving-10] [33m[WARN] [1782555824.463981145] [self_driving]: [LANE_LOST] raw_lane_x=-1 lane_x=-1 filter=lost stop=False state=LINE_FOLLOW safe_linear=0.00 right_ready=False right_done=True[0m
[self_driving-10] [0m[INFO] [1782555824.610821459] [self_driving]: [DEBUG_DRIVE] state=LINE_FOLLOW raw_lane_x=-1 lane_x=-1 filter=lost linear=0.30 angular=0.00 cw_y=271 park_x=-1 park_approach=False park_fb_count=0 park_boot_go=0 right_done=True start_turn=True count_turn=1 traffic=None stop=False[0m
[self_driving-10] [0m[INFO] [1782555824.665794200] [self_driving]: [CROSSWALK_SLOW] y=271 th=180 confirm=4[0m
[self_driving-10] [0m[INFO] [1782555825.138267144] [self_driving]: [DEBUG_DRIVE] state=LINE_FOLLOW raw_lane_x=296.5 lane_x=296.5 filter=stable linear=0.15 angular=-0.45 cw_y=271 park_x=-1 park_approach=False park_fb_count=0 park_boot_go=0 right_done=True start_turn=True count_turn=5 traffic=None stop=False[0m
[self_driving-10] [0m[INFO] [1782555825.593473088] [self_driving]: [POST_RIGHT_CHECK] cw_y=271 th=350 start_turn=True lane_x=161.0 raw_lane_x=161.0 filter=stable[0m
[self_driving-10] [0m[INFO] [1782555825.594726866] [self_driving]: [POST_RIGHT_SKIP] reason=cw_y_too_small cw_y=271 th=350[0m
[self_driving-10] [0m[INFO] [1782555825.675023255] [self_driving]: [DEBUG_DRIVE] state=LINE_FOLLOW raw_lane_x=127.0 lane_x=127.0 filter=stable linear=0.15 angular=0.10 cw_y=271 park_x=-1 park_approach=False park_fb_count=0 park_boot_go=0 right_done=True start_turn=False count_turn=0 traffic=None stop=False[0m
[self_driving-10] [0m[INFO] [1782555825.698754422] [self_driving]: [ALL_CLASSES] ['crosswalk'][0m
[self_driving-10] [0m[INFO] [1782555825.700420125] [self_driving]: [OBJECTS] msg_count=290 n=1 names=['crosswalk'][0m
[self_driving-10] [0m[INFO] [1782555825.858871736] [self_driving]: [IMAGE] received count=1975 shape=(480, 640, 3) queue=0[0m
[self_driving-10] [0m[INFO] [1782555826.040690273] [self_driving]: [ALL_CLASSES] ['crosswalk'][0m
[self_driving-10] [0m[INFO] [1782555826.044779977] [self_driving]: [ALL_CLASSES] ['crosswalk'][0m
[self_driving-10] [0m[INFO] [1782555826.210545921] [self_driving]: [DEBUG_DRIVE] state=LINE_FOLLOW raw_lane_x=149.0 lane_x=149.0 filter=stable linear=0.15 angular=-0.10 cw_y=277 park_x=-1 park_approach=False park_fb_count=0 park_boot_go=0 right_done=True start_turn=False count_turn=0 traffic=None stop=False[0m
[self_driving-10] [0m[INFO] [1782555826.377625477] [self_driving]: [ALL_CLASSES] ['crosswalk'][0m
[self_driving-10] [0m[INFO] [1782555826.378905181] [self_driving]: [OBJECTS] msg_count=293 n=1 names=['crosswalk'][0m
[self_driving-10] [0m[INFO] [1782555826.382385866] [self_driving]: [ALL_CLASSES] ['crosswalk'][0m
[self_driving-10] [0m[INFO] [1782555826.708796236] [self_driving]: [ALL_CLASSES] ['crosswalk'][0m
[self_driving-10] [0m[INFO] [1782555826.712330125] [self_driving]: [ALL_CLASSES] ['green'][0m
[self_driving-10] [0m[INFO] [1782555826.713490384] [self_driving]: [TRAFFIC_CANDIDATE] name=green valid=False cx=632 cy=112 area=403 score=0.26 min_area=800[0m
[self_driving-10] [0m[INFO] [1782555826.757842180] [self_driving]: [DEBUG_DRIVE] state=LINE_FOLLOW raw_lane_x=137.0 lane_x=137.0 filter=stable linear=0.15 angular=-0.10 cw_y=0 park_x=-1 park_approach=False park_fb_count=0 park_boot_go=0 right_done=True start_turn=False count_turn=0 traffic=None stop=False[0m
[self_driving-10] [0m[INFO] [1782555827.063790958] [self_driving]: [ALL_CLASSES] ['crosswalk'][0m
[self_driving-10] [0m[INFO] [1782555827.064860958] [self_driving]: [OBJECTS] msg_count=297 n=1 names=['crosswalk'][0m
[self_driving-10] [0m[INFO] [1782555827.072072273] [self_driving]: [ALL_CLASSES] ['crosswalk'][0m
[self_driving-10] [0m[INFO] [1782555827.272909328] [self_driving]: [CROSSWALK_IGNORE] y=167 < th=180[0m
[self_driving-10] [0m[INFO] [1782555827.275234532] [self_driving]: [DEBUG_DRIVE] state=LINE_FOLLOW raw_lane_x=130.0 lane_x=130.0 filter=stable linear=0.15 angular=-0.10 cw_y=167 park_x=-1 park_approach=False park_fb_count=0 park_boot_go=0 right_done=True start_turn=False count_turn=0 traffic=None stop=False[0m
[self_driving-10] [0m[INFO] [1782555827.348214828] [self_driving]: [CROSSWALK_SLOW_DONE] return normal speed[0m
[self_driving-10] [0m[INFO] [1782555827.410427273] [self_driving]: [ALL_CLASSES] ['green'][0m
[self_driving-10] [0m[INFO] [1782555827.410904902] [self_driving]: [TRAFFIC_CANDIDATE] name=green valid=False cx=626 cy=125 area=576 score=0.79 min_area=800[0m
[self_driving-10] [0m[INFO] [1782555827.413872476] [self_driving]: [ALL_CLASSES] ['crosswalk'][0m
[self_driving-10] [0m[INFO] [1782555827.729425291] [self_driving]: [ALL_CLASSES] ['crosswalk'][0m
[self_driving-10] [0m[INFO] [1782555827.730546254] [self_driving]: [OBJECTS] msg_count=301 n=1 names=['crosswalk'][0m
[self_driving-10] [0m[INFO] [1782555827.735831254] [self_driving]: [ALL_CLASSES] ['crosswalk'][0m
[self_driving-10] [0m[INFO] [1782555827.821170809] [self_driving]: [CROSSWALK_IGNORE] y=170 < th=180[0m
[self_driving-10] [0m[INFO] [1782555827.824215828] [self_driving]: [DEBUG_DRIVE] state=LINE_FOLLOW raw_lane_x=117.5 lane_x=117.5 filter=stable linear=0.30 angular=0.10 cw_y=170 park_x=-1 park_approach=False park_fb_count=0 park_boot_go=0 right_done=True start_turn=False count_turn=0 traffic=None stop=False[0m
[self_driving-10] [0m[INFO] [1782555827.875087069] [self_driving]: [IMAGE] received count=2005 shape=(480, 640, 3) queue=0[0m
[self_driving-10] [0m[INFO] [1782555828.086353902] [self_driving]: [ALL_CLASSES] ['crosswalk'][0m
[self_driving-10] [0m[INFO] [1782555828.091576846] [self_driving]: [ALL_CLASSES] ['crosswalk'][0m
[self_driving-10] [0m[INFO] [1782555828.362340716] [self_driving]: [CROSSWALK_IGNORE] y=172 < th=180[0m
[self_driving-10] [0m[INFO] [1782555828.363245568] [self_driving]: [DEBUG_DRIVE] state=LINE_FOLLOW raw_lane_x=126.5 lane_x=126.5 filter=stable linear=0.30 angular=0.10 cw_y=172 park_x=-1 park_approach=False park_fb_count=0 park_boot_go=0 right_done=True start_turn=False count_turn=0 traffic=None stop=False[0m
[self_driving-10] [0m[INFO] [1782555828.413127828] [self_driving]: [ALL_CLASSES] ['crosswalk'][0m
[self_driving-10] [0m[INFO] [1782555828.413757216] [self_driving]: [OBJECTS] msg_count=305 n=1 names=['crosswalk'][0m
[self_driving-10] [0m[INFO] [1782555828.416678828] [self_driving]: [ALL_CLASSES] ['crosswalk'][0m
[self_driving-10] [0m[INFO] [1782555828.752043216] [self_driving]: [ALL_CLASSES] ['crosswalk'][0m
[self_driving-10] [0m[INFO] [1782555828.754471957] [self_driving]: [ALL_CLASSES] ['crosswalk'][0m
[self_driving-10] [0m[INFO] [1782555828.910361235] [self_driving]: [CROSSWALK_IGNORE] y=169 < th=180[0m
[self_driving-10] [0m[INFO] [1782555828.911283679] [self_driving]: [DEBUG_DRIVE] state=LINE_FOLLOW raw_lane_x=151.5 lane_x=151.5 filter=stable linear=0.30 angular=-0.10 cw_y=169 park_x=-1 park_approach=False park_fb_count=0 park_boot_go=0 right_done=True start_turn=False count_turn=0 traffic=None stop=False[0m
[self_driving-10] [0m[INFO] [1782555829.136225086] [self_driving]: [ALL_CLASSES] ['crosswalk'][0m
[self_driving-10] [0m[INFO] [1782555829.137751420] [self_driving]: [OBJECTS] msg_count=309 n=1 names=['crosswalk'][0m
[self_driving-10] [0m[INFO] [1782555829.141128383] [self_driving]: [ALL_CLASSES] ['crosswalk'][0m
[self_driving-10] [0m[INFO] [1782555829.439411253] [self_driving]: [CROSSWALK_IGNORE] y=171 < th=180[0m
[self_driving-10] [0m[INFO] [1782555829.440226457] [self_driving]: [DEBUG_DRIVE] state=LINE_FOLLOW raw_lane_x=128.0 lane_x=128.0 filter=stable linear=0.30 angular=0.10 cw_y=171 park_x=-1 park_approach=False park_fb_count=0 park_boot_go=0 right_done=True start_turn=False count_turn=0 traffic=None stop=False[0m
[self_driving-10] [0m[INFO] [1782555829.488665938] [self_driving]: [ALL_CLASSES] ['crosswalk'][0m
[self_driving-10] [0m[INFO] [1782555829.491685401] [self_driving]: [ALL_CLASSES] ['crosswalk'][0m
[self_driving-10] [0m[INFO] [1782555829.828855734] [self_driving]: [ALL_CLASSES] ['crosswalk'][0m
[self_driving-10] [0m[INFO] [1782555829.830913956] [self_driving]: [OBJECTS] msg_count=313 n=1 names=['crosswalk'][0m
[self_driving-10] [0m[INFO] [1782555829.907462493] [self_driving]: [IMAGE] received count=2035 shape=(480, 640, 3) queue=0[0m
[self_driving-10] [0m[INFO] [1782555829.967503327] [self_driving]: [DEBUG_DRIVE] state=LINE_FOLLOW raw_lane_x=125.0 lane_x=125.0 filter=stable linear=0.30 angular=0.10 cw_y=184 park_x=-1 park_approach=False park_fb_count=0 park_boot_go=0 right_done=True start_turn=False count_turn=0 traffic=None stop=False[0m
[self_driving-10] [0m[INFO] [1782555830.120822271] [self_driving]: [CROSSWALK_SLOW] y=184 th=180 confirm=4[0m
[self_driving-10] [0m[INFO] [1782555830.164148160] [self_driving]: [ALL_CLASSES] ['crosswalk'][0m
[self_driving-10] [0m[INFO] [1782555830.492775086] [self_driving]: [ALL_CLASSES] ['crosswalk'][0m
[self_driving-10] [0m[INFO] [1782555830.494280715] [self_driving]: [OBJECTS] msg_count=315 n=1 names=['crosswalk'][0m
[self_driving-10] [0m[INFO] [1782555830.534927308] [self_driving]: [DEBUG_DRIVE] state=LINE_FOLLOW raw_lane_x=139.0 lane_x=139.0 filter=stable linear=0.15 angular=-0.10 cw_y=197 park_x=-1 park_approach=False park_fb_count=0 park_boot_go=0 right_done=True start_turn=False count_turn=0 traffic=None stop=False[0m
[self_driving-10] [0m[INFO] [1782555830.823430826] [self_driving]: [ALL_CLASSES] ['crosswalk'][0m
[self_driving-10] [0m[INFO] [1782555830.831807604] [self_driving]: [ALL_CLASSES] ['crosswalk'][0m
[self_driving-10] [0m[INFO] [1782555831.046994382] [self_driving]: [DEBUG_DRIVE] state=LINE_FOLLOW raw_lane_x=132.5 lane_x=132.5 filter=stable linear=0.15 angular=-0.10 cw_y=199 park_x=-1 park_approach=False park_fb_count=0 park_boot_go=0 right_done=True start_turn=False count_turn=0 traffic=None stop=False[0m
[self_driving-10] [0m[INFO] [1782555831.198775196] [self_driving]: [ALL_CLASSES] ['crosswalk'][0m
[self_driving-10] [0m[INFO] [1782555831.199829363] [self_driving]: [OBJECTS] msg_count=318 n=1 names=['crosswalk'][0m
[self_driving-10] [0m[INFO] [1782555831.204297381] [self_driving]: [ALL_CLASSES] ['crosswalk'][0m
[self_driving-10] [0m[INFO] [1782555831.523940011] [self_driving]: [ALL_CLASSES] ['crosswalk'][0m
[self_driving-10] [0m[INFO] [1782555831.532374696] [self_driving]: [ALL_CLASSES] ['crosswalk'][0m
[self_driving-10] [0m[INFO] [1782555831.594994992] [self_driving]: [DEBUG_DRIVE] state=LINE_FOLLOW raw_lane_x=132.0 lane_x=132.0 filter=stable linear=0.15 angular=-0.10 cw_y=465 park_x=-1 park_approach=False park_fb_count=0 park_boot_go=0 right_done=True start_turn=False count_turn=0 traffic=None stop=False[0m
[self_driving-10] [0m[INFO] [1782555831.872632122] [self_driving]: [ALL_CLASSES] ['crosswalk'][0m
[self_driving-10] [0m[INFO] [1782555831.873378622] [self_driving]: [OBJECTS] msg_count=322 n=1 names=['crosswalk'][0m
[self_driving-10] [0m[INFO] [1782555831.917554196] [self_driving]: [IMAGE] received count=2065 shape=(480, 640, 3) queue=0[0m
[self_driving-10] [0m[INFO] [1782555832.116583807] [self_driving]: [DEBUG_DRIVE] state=LINE_FOLLOW raw_lane_x=139.5 lane_x=139.5 filter=stable linear=0.15 angular=-0.10 cw_y=220 park_x=-1 park_approach=False park_fb_count=0 park_boot_go=0 right_done=True start_turn=False count_turn=0 traffic=None stop=False[0m
[self_driving-10] [0m[INFO] [1782555832.200821733] [self_driving]: [ALL_CLASSES] ['crosswalk'][0m
[self_driving-10] [0m[INFO] [1782555832.528766936] [self_driving]: [ALL_CLASSES] ['crosswalk'][0m
[self_driving-10] [0m[INFO] [1782555832.529640418] [self_driving]: [OBJECTS] msg_count=324 n=1 names=['crosswalk'][0m
[self_driving-10] [0m[INFO] [1782555832.670262844] [self_driving]: [DEBUG_DRIVE] state=LINE_FOLLOW raw_lane_x=139.5 lane_x=139.5 filter=stable linear=0.15 angular=-0.10 cw_y=237 park_x=-1 park_approach=False park_fb_count=0 park_boot_go=0 right_done=True start_turn=False count_turn=0 traffic=None stop=False[0m
[self_driving-10] [0m[INFO] [1782555832.795401029] [self_driving]: [CROSSWALK_SLOW_DONE] return normal speed[0m
[self_driving-10] [0m[INFO] [1782555832.873221529] [self_driving]: [ALL_CLASSES] ['crosswalk'][0m
[self_driving-10] [0m[INFO] [1782555833.056397769] [self_driving]: [CROSSWALK_SLOW] y=245 th=180 confirm=4[0m
[self_driving-10] [0m[INFO] [1782555833.205423362] [self_driving]: [DEBUG_DRIVE] state=LINE_FOLLOW raw_lane_x=125.0 lane_x=125.0 filter=stable linear=0.15 angular=-0.10 cw_y=245 park_x=-1 park_approach=False park_fb_count=0 park_boot_go=0 right_done=True start_turn=False count_turn=0 traffic=None stop=False[0m
[self_driving-10] [0m[INFO] [1782555833.225311121] [self_driving]: [ALL_CLASSES] ['crosswalk'][0m
[self_driving-10] [0m[INFO] [1782555833.230196010] [self_driving]: [OBJECTS] msg_count=326 n=1 names=['crosswalk'][0m
[self_driving-10] [0m[INFO] [1782555833.583552121] [self_driving]: [ALL_CLASSES] ['crosswalk'][0m
[self_driving-10] [0m[INFO] [1782555833.739194806] [self_driving]: [DEBUG_DRIVE] state=LINE_FOLLOW raw_lane_x=153.5 lane_x=153.5 filter=stable linear=0.15 angular=-0.10 cw_y=278 park_x=-1 park_approach=False park_fb_count=0 park_boot_go=0 right_done=True start_turn=False count_turn=0 traffic=None stop=False[0m
[self_driving-10] [0m[INFO] [1782555833.935324084] [self_driving]: [IMAGE] received count=2095 shape=(480, 640, 3) queue=0[0m
[self_driving-10] [0m[INFO] [1782555833.953906954] [self_driving]: [ALL_CLASSES] ['crosswalk'][0m
[self_driving-10] [0m[INFO] [1782555833.958702009] [self_driving]: [OBJECTS] msg_count=328 n=1 names=['crosswalk'][0m
[self_driving-10] [0m[INFO] [1782555834.266236269] [self_driving]: [DEBUG_DRIVE] state=LINE_FOLLOW raw_lane_x=97.0 lane_x=97.0 filter=stable linear=0.15 angular=0.10 cw_y=312 park_x=-1 park_approach=False park_fb_count=0 park_boot_go=0 right_done=True start_turn=False count_turn=0 traffic=None stop=False[0m
[self_driving-10] [0m[INFO] [1782555834.267610917] [self_driving]: [ALL_CLASSES] ['crosswalk'][0m
[self_driving-10] [0m[INFO] [1782555834.613481879] [self_driving]: [ALL_CLASSES] ['crosswalk'][0m
[self_driving-10] [0m[INFO] [1782555834.618869491] [self_driving]: [OBJECTS] msg_count=330 n=1 names=['crosswalk'][0m
[self_driving-10] [0m[INFO] [1782555834.813041546] [self_driving]: [DEBUG_DRIVE] state=LINE_FOLLOW raw_lane_x=105.0 lane_x=105.0 filter=stable linear=0.15 angular=0.10 cw_y=418 park_x=-1 park_approach=False park_fb_count=0 park_boot_go=0 right_done=True start_turn=False count_turn=0 traffic=None stop=False[0m
[self_driving-10] [0m[INFO] [1782555834.946067064] [self_driving]: [ALL_CLASSES] ['crosswalk'][0m
[self_driving-10] [0m[INFO] [1782555835.260267120] [self_driving]: [ALL_CLASSES] ['crosswalk'][0m
[self_driving-10] [0m[INFO] [1782555835.261143731] [self_driving]: [OBJECTS] msg_count=332 n=1 names=['crosswalk'][0m
[self_driving-10] [0m[INFO] [1782555835.349433231] [self_driving]: [DEBUG_DRIVE] state=LINE_FOLLOW raw_lane_x=137.0 lane_x=137.0 filter=stable linear=0.15 angular=-0.10 cw_y=453 park_x=-1 park_approach=False park_fb_count=0 park_boot_go=0 right_done=True start_turn=False count_turn=0 traffic=None stop=False[0m
[self_driving-10] [0m[INFO] [1782555835.759195064] [self_driving]: [CROSSWALK_SLOW_DONE] return normal speed[0m
[self_driving-10] [0m[INFO] [1782555835.885122064] [self_driving]: [DEBUG_DRIVE] state=LINE_FOLLOW raw_lane_x=132.5 lane_x=132.5 filter=stable linear=0.30 angular=-0.10 cw_y=453 park_x=-1 park_approach=False park_fb_count=0 park_boot_go=0 right_done=True start_turn=False count_turn=0 traffic=None stop=False[0m
[self_driving-10] [0m[INFO] [1782555835.943166508] [self_driving]: [IMAGE] received count=2125 shape=(480, 640, 3) queue=0[0m
[self_driving-10] [0m[INFO] [1782555836.026139564] [self_driving]: [CROSSWALK_SLOW] y=453 th=180 confirm=4[0m
[self_driving-10] [0m[INFO] [1782555836.428233415] [self_driving]: [DEBUG_DRIVE] state=LINE_FOLLOW raw_lane_x=126.5 lane_x=126.5 filter=stable linear=0.15 angular=0.10 cw_y=453 park_x=-1 park_approach=False park_fb_count=0 park_boot_go=0 right_done=True start_turn=False count_turn=0 traffic=None stop=False[0m
[self_driving-10] [0m[INFO] [1782555836.620741378] [self_driving]: [ALL_CLASSES] ['crosswalk'][0m
[self_driving-10] [0m[INFO] [1782555836.621524526] [self_driving]: [OBJECTS] msg_count=333 n=1 names=['crosswalk'][0m
[self_driving-10] [0m[INFO] [1782555836.950739434] [self_driving]: [ALL_CLASSES] ['crosswalk'][0m
[self_driving-10] [0m[INFO] [1782555836.956878322] [self_driving]: [DEBUG_DRIVE] state=LINE_FOLLOW raw_lane_x=140.5 lane_x=140.5 filter=stable linear=0.15 angular=-0.10 cw_y=305 park_x=-1 park_approach=False park_fb_count=0 park_boot_go=0 right_done=True start_turn=False count_turn=0 traffic=None stop=False[0m
[self_driving-10] [0m[INFO] [1782555837.493317878] [self_driving]: [DEBUG_DRIVE] state=LINE_FOLLOW raw_lane_x=132.0 lane_x=132.0 filter=stable linear=0.15 angular=-0.10 cw_y=305 park_x=-1 park_approach=False park_fb_count=0 park_boot_go=0 right_done=True start_turn=False count_turn=0 traffic=None stop=False[0m
[self_driving-10] [0m[INFO] [1782555837.970695748] [self_driving]: [IMAGE] received count=2155 shape=(480, 640, 3) queue=0[0m
[self_driving-10] [0m[INFO] [1782555838.046658229] [self_driving]: [DEBUG_DRIVE] state=LINE_FOLLOW raw_lane_x=140.0 lane_x=140.0 filter=stable linear=0.15 angular=-0.10 cw_y=305 park_x=-1 park_approach=False park_fb_count=0 park_boot_go=0 right_done=True start_turn=False count_turn=0 traffic=None stop=False[0m
[self_driving-10] [0m[INFO] [1782555838.582772692] [self_driving]: [DEBUG_DRIVE] state=LINE_FOLLOW raw_lane_x=200.0 lane_x=200.0 filter=stable linear=0.15 angular=-0.10 cw_y=305 park_x=-1 park_approach=False park_fb_count=0 park_boot_go=0 right_done=True start_turn=False count_turn=0 traffic=None stop=False[0m
[self_driving-10] [0m[INFO] [1782555838.720457914] [self_driving]: [CROSSWALK_SLOW_DONE] return normal speed[0m
[self_driving-10] [0m[INFO] [1782555838.982897618] [self_driving]: [CROSSWALK_SLOW] y=305 th=180 confirm=4[0m
[self_driving-10] [0m[INFO] [1782555839.102416266] [self_driving]: [DEBUG_DRIVE] state=LINE_FOLLOW raw_lane_x=262.0 lane_x=262.0 filter=stable linear=0.15 angular=-0.45 cw_y=305 park_x=-1 park_approach=False park_fb_count=0 park_boot_go=0 right_done=True start_turn=True count_turn=2 traffic=None stop=False[0m
[self_driving-10] [33m[WARN] [1782555839.382025914] [self_driving]: [LANE_X_JUMP_REJECT] raw=130.0 last=292.0 diff=162.0 candidate=130.0 cnt=1/4[0m
[self_driving-10] [0m[INFO] [1782555839.578101043] [self_driving]: [LANE_X_JUMP_ACCEPT] raw=159.5 last=159.5 cnt=4/4[0m
[self_driving-10] [0m[INFO] [1782555839.579299395] [self_driving]: [POST_RIGHT_CHECK] cw_y=305 th=350 start_turn=True lane_x=159.5 raw_lane_x=159.5 filter=jump_accept[0m
[self_driving-10] [0m[INFO] [1782555839.579959488] [self_driving]: [POST_RIGHT_SKIP] reason=cw_y_too_small cw_y=305 th=350[0m
[self_driving-10] [0m[INFO] [1782555839.642070673] [self_driving]: [POST_RIGHT_CHECK] cw_y=305 th=350 start_turn=True lane_x=159.5 raw_lane_x=159.5 filter=stable[0m
[self_driving-10] [0m[INFO] [1782555839.642659580] [self_driving]: [POST_RIGHT_SKIP] reason=cw_y_too_small cw_y=305 th=350[0m
[self_driving-10] [0m[INFO] [1782555839.643299913] [self_driving]: [DEBUG_DRIVE] state=LINE_FOLLOW raw_lane_x=159.5 lane_x=159.5 filter=stable linear=0.15 angular=0.00 cw_y=305 park_x=-1 park_approach=False park_fb_count=0 park_boot_go=0 right_done=True start_turn=True count_turn=0 traffic=None stop=False[0m
[self_driving-10] [0m[INFO] [1782555839.732335728] [self_driving]: [POST_RIGHT_CHECK] cw_y=305 th=350 start_turn=True lane_x=160.5 raw_lane_x=160.5 filter=stable[0m
[self_driving-10] [0m[INFO] [1782555839.737273636] [self_driving]: [POST_RIGHT_SKIP] reason=cw_y_too_small cw_y=305 th=350[0m
[self_driving-10] [0m[INFO] [1782555839.793151136] [self_driving]: [POST_RIGHT_CHECK] cw_y=305 th=350 start_turn=True lane_x=169.0 raw_lane_x=169.0 filter=stable[0m
[self_driving-10] [0m[INFO] [1782555839.793631728] [self_driving]: [POST_RIGHT_SKIP] reason=cw_y_too_small cw_y=305 th=350[0m
[self_driving-10] [0m[INFO] [1782555839.845585265] [self_driving]: [POST_RIGHT_CHECK] cw_y=305 th=350 start_turn=True lane_x=177.5 raw_lane_x=177.5 filter=stable[0m
[self_driving-10] [0m[INFO] [1782555839.846159710] [self_driving]: [POST_RIGHT_SKIP] reason=cw_y_too_small cw_y=305 th=350[0m
[self_driving-10] [0m[INFO] [1782555839.919213617] [self_driving]: [POST_RIGHT_CHECK] cw_y=305 th=350 start_turn=True lane_x=187.0 raw_lane_x=187.0 filter=stable[0m
[self_driving-10] [0m[INFO] [1782555839.919686654] [self_driving]: [POST_RIGHT_SKIP] reason=cw_y_too_small cw_y=305 th=350[0m
[self_driving-10] [0m[INFO] [1782555839.986566080] [self_driving]: [IMAGE] received count=2185 shape=(480, 640, 3) queue=0[0m
[self_driving-10] [0m[INFO] [1782555839.993615858] [self_driving]: [POST_RIGHT_CHECK] cw_y=305 th=350 start_turn=True lane_x=189.5 raw_lane_x=189.5 filter=stable[0m
[self_driving-10] [0m[INFO] [1782555839.994220895] [self_driving]: [POST_RIGHT_SKIP] reason=cw_y_too_small cw_y=305 th=350[0m
[self_driving-10] [0m[INFO] [1782555840.188874746] [self_driving]: [DEBUG_DRIVE] state=LINE_FOLLOW raw_lane_x=247.5 lane_x=247.5 filter=stable linear=0.15 angular=-0.45 cw_y=305 park_x=-1 park_approach=False park_fb_count=0 park_boot_go=0 right_done=True start_turn=True count_turn=3 traffic=None stop=False[0m
[self_driving-10] [33m[WARN] [1782555840.404950543] [self_driving]: [LANE_X_JUMP_REJECT] raw=159.0 last=305.5 diff=146.5 candidate=159.0 cnt=1/4[0m
[self_driving-10] [0m[INFO] [1782555840.724392468] [self_driving]: [DEBUG_DRIVE] state=LINE_FOLLOW raw_lane_x=228.0 lane_x=228.0 filter=stable linear=0.15 angular=-0.45 cw_y=305 park_x=-1 park_approach=False park_fb_count=0 park_boot_go=0 right_done=True start_turn=True count_turn=11 traffic=None stop=False[0m
[self_driving-10] [0m[INFO] [1782555841.251487209] [self_driving]: [DEBUG_DRIVE] state=LINE_FOLLOW raw_lane_x=306.5 lane_x=306.5 filter=stable linear=0.15 angular=-0.45 cw_y=305 park_x=-1 park_approach=False park_fb_count=0 park_boot_go=0 right_done=True start_turn=True count_turn=19 traffic=None stop=False[0m
[self_driving-10] [0m[INFO] [1782555841.667463209] [self_driving]: [CROSSWALK_SLOW_DONE] return normal speed[0m
[self_driving-10] [0m[INFO] [1782555841.816556523] [self_driving]: [DEBUG_DRIVE] state=LINE_FOLLOW raw_lane_x=307.5 lane_x=307.5 filter=stable linear=0.30 angular=-0.45 cw_y=305 park_x=-1 park_approach=False park_fb_count=0 park_boot_go=0 right_done=True start_turn=True count_turn=27 traffic=None stop=False[0m
[self_driving-10] [0m[INFO] [1782555841.926340227] [self_driving]: [CROSSWALK_SLOW] y=305 th=180 confirm=4[0m
[self_driving-10] [0m[INFO] [1782555841.986773856] [self_driving]: [IMAGE] received count=2215 shape=(480, 640, 3) queue=0[0m
[self_driving-10] [0m[INFO] [1782555842.054300134] [self_driving]: [ALL_CLASSES] ['go'][0m
[self_driving-10] [0m[INFO] [1782555842.054811560] [self_driving]: [OBJECTS] msg_count=335 n=1 names=['go'][0m
[self_driving-10] [0m[INFO] [1782555842.055290634] [self_driving]: [GO_CANDIDATE] cx=621 cy=117 area=1148 score=0.41[0m
[self_driving-10] [0m[INFO] [1782555842.333280449] [self_driving]: [DEBUG_DRIVE] state=LINE_FOLLOW raw_lane_x=270.5 lane_x=270.5 filter=stable linear=0.15 angular=-0.45 cw_y=0 park_x=-1 park_approach=False park_fb_count=0 park_boot_go=0 right_done=True start_turn=True count_turn=35 traffic=None stop=False[0m
[self_driving-10] [0m[INFO] [1782555842.405168764] [self_driving]: [ALL_CLASSES] ['go'][0m
[self_driving-10] [0m[INFO] [1782555842.411424930] [self_driving]: [GO_CANDIDATE] cx=520 cy=119 area=1014 score=0.54[0m
[self_driving-10] [0m[INFO] [1782555842.551841912] [self_driving]: [POST_RIGHT_CHECK] cw_y=0 th=350 start_turn=True lane_x=196.5 raw_lane_x=196.5 filter=stable[0m
[self_driving-10] [0m[INFO] [1782555842.552309004] [self_driving]: [POST_RIGHT_SKIP] reason=cw_y_too_small cw_y=0 th=350[0m
[self_driving-10] [0m[INFO] [1782555842.751628912] [self_driving]: [ALL_CLASSES] ['crosswalk'][0m
[self_driving-10] [0m[INFO] [1782555842.752133041] [self_driving]: [OBJECTS] msg_count=337 n=1 names=['crosswalk'][0m
[self_driving-10] [0m[INFO] [1782555842.754628578] [self_driving]: [ALL_CLASSES] ['go'][0m
[self_driving-10] [0m[INFO] [1782555842.755359467] [self_driving]: [GO_CANDIDATE] cx=427 cy=118 area=975 score=0.85[0m
[self_driving-10] [0m[INFO] [1782555842.761198319] [self_driving]: [ALL_CLASSES] ['crosswalk'][0m
[self_driving-10] [0m[INFO] [1782555842.868575171] [self_driving]: [DEBUG_DRIVE] state=LINE_FOLLOW raw_lane_x=148.5 lane_x=148.5 filter=stable linear=0.15 angular=-0.10 cw_y=191 park_x=-1 park_approach=False park_fb_count=0 park_boot_go=0 right_done=True start_turn=False count_turn=0 traffic=None stop=False[0m
[self_driving-10] [0m[INFO] [1782555843.082913245] [self_driving]: [ALL_CLASSES] ['crosswalk'][0m
[self_driving-10] [0m[INFO] [1782555843.087870060] [self_driving]: [ALL_CLASSES] ['go'][0m
[self_driving-10] [0m[INFO] [1782555843.089459948] [self_driving]: [GO_CANDIDATE] cx=351 cy=117 area=1276 score=0.84[0m
[self_driving-10] [0m[INFO] [1782555843.412101282] [self_driving]: [DEBUG_DRIVE] state=LINE_FOLLOW raw_lane_x=118.5 lane_x=118.5 filter=stable linear=0.15 angular=0.10 cw_y=0 park_x=-1 park_approach=False park_fb_count=0 park_boot_go=0 right_done=True start_turn=False count_turn=0 traffic=None stop=False[0m
[self_driving-10] [0m[INFO] [1782555843.419263004] [self_driving]: [ALL_CLASSES] ['crosswalk'][0m
[self_driving-10] [0m[INFO] [1782555843.420422596] [self_driving]: [OBJECTS] msg_count=342 n=1 names=['crosswalk'][0m
[self_driving-10] [0m[INFO] [1782555843.430208207] [self_driving]: [ALL_CLASSES] ['go'][0m
[self_driving-10] [0m[INFO] [1782555843.431015152] [self_driving]: [GO_CANDIDATE] cx=268 cy=116 area=1680 score=0.61[0m
[self_driving-10] [0m[INFO] [1782555843.772895022] [self_driving]: [ALL_CLASSES] ['crosswalk'][0m
[self_driving-10] [0m[INFO] [1782555843.781859004] [self_driving]: [ALL_CLASSES] ['crosswalk'][0m
[self_driving-10] [0m[INFO] [1782555843.959235948] [self_driving]: [DEBUG_DRIVE] state=LINE_FOLLOW raw_lane_x=137.0 lane_x=137.0 filter=stable linear=0.15 angular=-0.10 cw_y=199 park_x=-1 park_approach=False park_fb_count=0 park_boot_go=0 right_done=True start_turn=False count_turn=0 traffic=None stop=False[0m
[self_driving-10] [0m[INFO] [1782555844.024860226] [self_driving]: [IMAGE] received count=2245 shape=(480, 640, 3) queue=0[0m
[self_driving-10] [0m[INFO] [1782555844.139654133] [self_driving]: [ALL_CLASSES] ['go'][0m
[self_driving-10] [0m[INFO] [1782555844.140391781] [self_driving]: [OBJECTS] msg_count=346 n=1 names=['go'][0m
[self_driving-10] [0m[INFO] [1782555844.141994652] [self_driving]: [GO_CANDIDATE] cx=149 cy=113 area=1450 score=0.87[0m
[self_driving-10] [0m[INFO] [1782555844.473236596] [self_driving]: [ALL_CLASSES] ['go'][0m
[self_driving-10] [0m[INFO] [1782555844.473745466] [self_driving]: [GO_CANDIDATE] cx=122 cy=110 area=1674 score=0.89[0m
[self_driving-10] [0m[INFO] [1782555844.479393096] [self_driving]: [ALL_CLASSES] ['crosswalk'][0m
[self_driving-10] [0m[INFO] [1782555844.508720577] [self_driving]: [CROSSWALK_IGNORE] y=10 < th=180[0m
[self_driving-10] [0m[INFO] [1782555844.509876911] [self_driving]: [DEBUG_DRIVE] state=LINE_FOLLOW raw_lane_x=144.0 lane_x=144.0 filter=stable linear=0.15 angular=-0.10 cw_y=10 park_x=-1 park_approach=False park_fb_count=0 park_boot_go=0 right_done=True start_turn=False count_turn=0 traffic=None stop=False[0m
[self_driving-10] [0m[INFO] [1782555844.616208188] [self_driving]: [CROSSWALK_SLOW_DONE] return normal speed[0m
[self_driving-10] [0m[INFO] [1782555844.815589651] [self_driving]: [ALL_CLASSES] ['go'][0m
[self_driving-10] [0m[INFO] [1782555844.818253744] [self_driving]: [OBJECTS] msg_count=349 n=1 names=['go'][0m
[self_driving-10] [0m[INFO] [1782555844.819412781] [self_driving]: [GO_CANDIDATE] cx=123 cy=105 area=1792 score=0.92[0m
[self_driving-10] [0m[INFO] [1782555844.829501559] [self_driving]: [ALL_CLASSES] ['crosswalk'][0m
[self_driving-10] [0m[INFO] [1782555845.038181910] [self_driving]: [DEBUG_DRIVE] state=LINE_FOLLOW raw_lane_x=127.5 lane_x=127.5 filter=stable linear=0.30 angular=0.10 cw_y=208 park_x=-1 park_approach=False park_fb_count=0 park_boot_go=0 right_done=True start_turn=False count_turn=0 traffic=None stop=False[0m
[self_driving-10] [0m[INFO] [1782555845.091877910] [self_driving]: [CROSSWALK_SLOW] y=208 th=180 confirm=4[0m
[self_driving-10] [0m[INFO] [1782555845.152220410] [self_driving]: [ALL_CLASSES] ['go'][0m
[self_driving-10] [0m[INFO] [1782555845.156083410] [self_driving]: [GO_CANDIDATE] cx=86 cy=102 area=2405 score=0.88[0m
[self_driving-10] [0m[INFO] [1782555845.163611966] [self_driving]: [ALL_CLASSES] ['crosswalk'][0m
[self_driving-10] [0m[INFO] [1782555845.485386206] [self_driving]: [ALL_CLASSES] ['crosswalk'][0m
[self_driving-10] [0m[INFO] [1782555845.485938780] [self_driving]: [OBJECTS] msg_count=353 n=1 names=['crosswalk'][0m
[self_driving-10] [0m[INFO] [1782555845.495387928] [self_driving]: [ALL_CLASSES] ['go'][0m
[self_driving-10] [0m[INFO] [1782555845.500825299] [self_driving]: [GO_CANDIDATE] cx=59 cy=100 area=2982 score=0.86[0m
[self_driving-10] [0m[INFO] [1782555845.566444780] [self_driving]: [DEBUG_DRIVE] state=LINE_FOLLOW raw_lane_x=136.0 lane_x=136.0 filter=stable linear=0.15 angular=-0.10 cw_y=0 park_x=-1 park_approach=False park_fb_count=0 park_boot_go=0 right_done=True start_turn=False count_turn=0 traffic=None stop=False[0m
[self_driving-10] [0m[INFO] [1782555845.857036836] [self_driving]: [ALL_CLASSES] ['crosswalk'][0m
[self_driving-10] [0m[INFO] [1782555845.865324817] [self_driving]: [ALL_CLASSES] ['go'][0m
[self_driving-10] [0m[INFO] [1782555845.867155743] [self_driving]: [GO_CANDIDATE] cx=23 cy=96 area=3200 score=0.84[0m
[self_driving-10] [0m[INFO] [1782555846.094568595] [self_driving]: [IMAGE] received count=2276 shape=(480, 640, 3) queue=0[0m
[self_driving-10] [0m[INFO] [1782555846.106318113] [self_driving]: [DEBUG_DRIVE] state=LINE_FOLLOW raw_lane_x=131.5 lane_x=131.5 filter=stable linear=0.15 angular=-0.10 cw_y=0 park_x=-1 park_approach=False park_fb_count=0 park_boot_go=0 right_done=True start_turn=False count_turn=0 traffic=None stop=False[0m
[self_driving-10] [0m[INFO] [1782555846.194708187] [self_driving]: [ALL_CLASSES] ['crosswalk'][0m
[self_driving-10] [0m[INFO] [1782555846.195541891] [self_driving]: [OBJECTS] msg_count=357 n=1 names=['crosswalk'][0m
[self_driving-10] [0m[INFO] [1782555846.523202817] [self_driving]: [ALL_CLASSES] ['crosswalk'][0m
[self_driving-10] [0m[INFO] [1782555846.637113502] [self_driving]: [DEBUG_DRIVE] state=LINE_FOLLOW raw_lane_x=125.5 lane_x=125.5 filter=stable linear=0.15 angular=-0.10 cw_y=256 park_x=-1 park_approach=False park_fb_count=0 park_boot_go=0 right_done=True start_turn=False count_turn=0 traffic=None stop=False[0m
[self_driving-10] [0m[INFO] [1782555846.855368761] [self_driving]: [ALL_CLASSES] ['crosswalk'][0m
[self_driving-10] [0m[INFO] [1782555846.856497502] [self_driving]: [OBJECTS] msg_count=359 n=1 names=['crosswalk'][0m
[self_driving-10] [0m[INFO] [1782555847.177872539] [self_driving]: [DEBUG_DRIVE] state=LINE_FOLLOW raw_lane_x=135.0 lane_x=135.0 filter=stable linear=0.15 angular=-0.10 cw_y=267 park_x=-1 park_approach=False park_fb_count=0 park_boot_go=0 right_done=True start_turn=False count_turn=0 traffic=None stop=False[0m
[self_driving-10] [0m[INFO] [1782555847.198738594] [self_driving]: [ALL_CLASSES] ['crosswalk'][0m
[self_driving-10] [0m[INFO] [1782555847.205688964] [self_driving]: [ALL_CLASSES] ['crosswalk'][0m
[self_driving-10] [0m[INFO] [1782555847.533448909] [self_driving]: [ALL_CLASSES] ['crosswalk'][0m
[self_driving-10] [0m[INFO] [1782555847.534853298] [self_driving]: [OBJECTS] msg_count=362 n=1 names=['crosswalk'][0m
[self_driving-10] [0m[INFO] [1782555847.539437094] [self_driving]: [ALL_CLASSES] ['crosswalk'][0m
[self_driving-10] [0m[INFO] [1782555847.713715112] [self_driving]: [DEBUG_DRIVE] state=LINE_FOLLOW raw_lane_x=136.0 lane_x=136.0 filter=stable linear=0.15 angular=-0.10 cw_y=393 park_x=-1 park_approach=False park_fb_count=0 park_boot_go=0 right_done=True start_turn=False count_turn=0 traffic=None stop=False[0m
[self_driving-10] [0m[INFO] [1782555847.780339983] [self_driving]: [CROSSWALK_SLOW_DONE] return normal speed[0m
[self_driving-10] [0m[INFO] [1782555847.887517890] [self_driving]: [ALL_CLASSES] ['crosswalk'][0m
[self_driving-10] [0m[INFO] [1782555847.898914279] [self_driving]: [ALL_CLASSES] ['crosswalk'][0m
[self_driving-10] [0m[INFO] [1782555848.051203483] [self_driving]: [CROSSWALK_SLOW] y=464 th=180 confirm=4[0m
[self_driving-10] [0m[INFO] [1782555848.113455427] [self_driving]: [IMAGE] received count=2306 shape=(480, 640, 3) queue=0[0m
[self_driving-10] [0m[INFO] [1782555848.248145612] [self_driving]: [ALL_CLASSES] ['crosswalk'][0m
[self_driving-10] [0m[INFO] [1782555848.248776038] [self_driving]: [OBJECTS] msg_count=366 n=1 names=['crosswalk'][0m
[self_driving-10] [0m[INFO] [1782555848.257566982] [self_driving]: [DEBUG_DRIVE] state=LINE_FOLLOW raw_lane_x=133.5 lane_x=133.5 filter=stable linear=0.15 angular=0.10 cw_y=372 park_x=-1 park_approach=False park_fb_count=0 park_boot_go=0 right_done=True start_turn=False count_turn=0 traffic=None stop=False[0m
[self_driving-10] [0m[INFO] [1782555848.598878667] [self_driving]: [ALL_CLASSES] ['crosswalk'][0m
[self_driving-10] [0m[INFO] [1782555848.785711371] [self_driving]: [DEBUG_DRIVE] state=LINE_FOLLOW raw_lane_x=140.0 lane_x=140.0 filter=stable linear=0.15 angular=-0.10 cw_y=418 park_x=-1 park_approach=False park_fb_count=0 park_boot_go=0 right_done=True start_turn=False count_turn=0 traffic=None stop=False[0m
[self_driving-10] [0m[INFO] [1782555848.927265667] [self_driving]: [ALL_CLASSES] ['crosswalk'][0m
[self_driving-10] [0m[INFO] [1782555848.928224889] [self_driving]: [OBJECTS] msg_count=368 n=1 names=['crosswalk'][0m
[self_driving-10] [0m[INFO] [1782555849.270484167] [self_driving]: [ALL_CLASSES] ['crosswalk'][0m
[self_driving-10] [0m[INFO] [1782555849.337353741] [self_driving]: [DEBUG_DRIVE] state=LINE_FOLLOW raw_lane_x=126.0 lane_x=126.0 filter=stable linear=0.15 angular=0.10 cw_y=351 park_x=-1 park_approach=False park_fb_count=0 park_boot_go=0 right_done=True start_turn=False count_turn=0 traffic=None stop=False[0m
[self_driving-10] [0m[INFO] [1782555849.864992056] [self_driving]: [DEBUG_DRIVE] state=LINE_FOLLOW raw_lane_x=138.0 lane_x=138.0 filter=stable linear=0.15 angular=-0.10 cw_y=351 park_x=-1 park_approach=False park_fb_count=0 park_boot_go=0 right_done=True start_turn=False count_turn=0 traffic=None stop=False[0m
[self_driving-10] [0m[INFO] [1782555849.945126926] [self_driving]: [ALL_CLASSES] ['crosswalk'][0m
[self_driving-10] [0m[INFO] [1782555849.949415130] [self_driving]: [OBJECTS] msg_count=370 n=1 names=['crosswalk'][0m
[self_driving-10] [0m[INFO] [1782555850.129315055] [self_driving]: [IMAGE] received count=2336 shape=(480, 640, 3) queue=0[0m
[self_driving-10] [0m[INFO] [1782555850.410574000] [self_driving]: [DEBUG_DRIVE] state=LINE_FOLLOW raw_lane_x=146.5 lane_x=146.5 filter=stable linear=0.15 angular=-0.10 cw_y=445 park_x=-1 park_approach=False park_fb_count=0 park_boot_go=0 right_done=True start_turn=False count_turn=0 traffic=None stop=False[0m
[self_driving-10] [0m[INFO] [1782555850.733886777] [self_driving]: [CROSSWALK_SLOW_DONE] return normal speed[0m
[self_driving-10] [0m[INFO] [1782555850.937329629] [self_driving]: [DEBUG_DRIVE] state=LINE_FOLLOW raw_lane_x=139.5 lane_x=139.5 filter=stable linear=0.30 angular=-0.10 cw_y=445 park_x=-1 park_approach=False park_fb_count=0 park_boot_go=0 right_done=True start_turn=False count_turn=0 traffic=None stop=False[0m
[self_driving-10] [0m[INFO] [1782555851.031586203] [self_driving]: [CROSSWALK_SLOW] y=445 th=180 confirm=4[0m
[self_driving-10] [0m[INFO] [1782555851.511573092] [self_driving]: [DEBUG_DRIVE] state=LINE_FOLLOW raw_lane_x=132.0 lane_x=132.0 filter=stable linear=0.15 angular=-0.10 cw_y=445 park_x=-1 park_approach=False park_fb_count=0 park_boot_go=0 right_done=True start_turn=False count_turn=0 traffic=None stop=False[0m
[self_driving-10] [0m[INFO] [1782555852.015057443] [self_driving]: [DEBUG_DRIVE] state=LINE_FOLLOW raw_lane_x=120.5 lane_x=120.5 filter=stable linear=0.15 angular=0.10 cw_y=445 park_x=-1 park_approach=False park_fb_count=0 park_boot_go=0 right_done=True start_turn=False count_turn=0 traffic=None stop=False[0m
[self_driving-10] [0m[INFO] [1782555852.145326980] [self_driving]: [IMAGE] received count=2366 shape=(480, 640, 3) queue=0[0m
[self_driving-10] [0m[INFO] [1782555852.554361702] [self_driving]: [DEBUG_DRIVE] state=LINE_FOLLOW raw_lane_x=132.0 lane_x=132.0 filter=stable linear=0.15 angular=-0.01 cw_y=445 park_x=-1 park_approach=False park_fb_count=0 park_boot_go=0 right_done=True start_turn=False count_turn=0 traffic=None stop=False[0m
[self_driving-10] [0m[INFO] [1782555853.088997702] [self_driving]: [DEBUG_DRIVE] state=LINE_FOLLOW raw_lane_x=139.0 lane_x=139.0 filter=stable linear=0.15 angular=-0.10 cw_y=445 park_x=-1 park_approach=False park_fb_count=0 park_boot_go=0 right_done=True start_turn=False count_turn=0 traffic=None stop=False[0m
[self_driving-10] [0m[INFO] [1782555853.641231275] [self_driving]: [DEBUG_DRIVE] state=LINE_FOLLOW raw_lane_x=176.0 lane_x=176.0 filter=stable linear=0.15 angular=-0.10 cw_y=445 park_x=-1 park_approach=False park_fb_count=0 park_boot_go=0 right_done=True start_turn=False count_turn=0 traffic=None stop=False[0m
[self_driving-10] [0m[INFO] [1782555853.707290164] [self_driving]: [CROSSWALK_SLOW_DONE] return normal speed[0m
[self_driving-10] [0m[INFO] [1782555853.953201405] [self_driving]: [CROSSWALK_SLOW] y=445 th=180 confirm=4[0m
[self_driving-10] [0m[INFO] [1782555854.147641923] [self_driving]: [IMAGE] received count=2396 shape=(480, 640, 3) queue=0[0m
[self_driving-10] [0m[INFO] [1782555854.157160738] [self_driving]: [DEBUG_DRIVE] state=LINE_FOLLOW raw_lane_x=226.5 lane_x=226.5 filter=stable linear=0.15 angular=-0.45 cw_y=445 park_x=-1 park_approach=False park_fb_count=0 park_boot_go=0 right_done=True start_turn=False count_turn=5 traffic=None stop=False[0m
[self_driving-10] [33m[WARN] [1782555854.290208423] [self_driving]: [LANE_X_JUMP_REJECT] raw=80.0 last=243.0 diff=163.0 candidate=80.0 cnt=1/4[0m
[self_driving-10] [0m[INFO] [1782555854.505093090] [self_driving]: [LANE_X_JUMP_ACCEPT] raw=92.5 last=92.5 cnt=4/4[0m
[self_driving-10] [0m[INFO] [1782555854.715147719] [self_driving]: [POST_RIGHT_CHECK] cw_y=445 th=350 start_turn=True lane_x=141.5 raw_lane_x=141.5 filter=stable[0m
[self_driving-10] [0m[INFO] [1782555854.716430127] [self_driving]: [POST_RIGHT_FORWARD_START] reason=line_turn_recover duration=1.20s speed=0.18 angular=0.05[0m
[self_driving-10] [0m[INFO] [1782555854.780041941] [self_driving]: [POST_RIGHT_FORWARD] remain=1.14s reason=line_turn_recover park_x=-1 cw_y=445[0m
[self_driving-10] [0m[INFO] [1782555855.056469182] [self_driving]: [POST_RIGHT_FORWARD] remain=0.86s reason=line_turn_recover park_x=-1 cw_y=445[0m
[self_driving-10] [33m[WARN] [1782555855.311323645] [self_driving]: [LANE_X_JUMP_REJECT] raw=159.0 last=287.5 diff=128.5 candidate=159.0 cnt=1/4[0m
[self_driving-10] [0m[INFO] [1782555855.312861256] [self_driving]: [POST_RIGHT_FORWARD] remain=0.60s reason=line_turn_recover park_x=-1 cw_y=445[0m
[self_driving-10] [0m[INFO] [1782555855.573536626] [self_driving]: [POST_RIGHT_FORWARD] remain=0.34s reason=line_turn_recover park_x=-1 cw_y=445[0m
[self_driving-10] [0m[INFO] [1782555855.785370126] [self_driving]: [POST_RIGHT_FORWARD] remain=0.13s reason=line_turn_recover park_x=-1 cw_y=445[0m
[self_driving-10] [0m[INFO] [1782555855.978174107] [self_driving]: [PARK_APPROACH_WAIT] post_right_forward_done=True cw_y=445 th=250 reason=wait_until_crosswalk_y_below_threshold[0m
[self_driving-10] [0m[INFO] [1782555855.979920941] [self_driving]: [DEBUG_DRIVE] state=LINE_FOLLOW raw_lane_x=-1 lane_x=303.5 filter=hold_last linear=0.15 angular=-0.45 cw_y=445 park_x=-1 park_approach=False park_fb_count=0 park_boot_go=0 right_done=True start_turn=False count_turn=1 traffic=None stop=False[0m
[self_driving-10] [0m[INFO] [1782555856.056967367] [self_driving]: [PARK_APPROACH_WAIT] post_right_forward_done=True cw_y=445 th=250 reason=wait_until_crosswalk_y_below_threshold[0m
[self_driving-10] [33m[WARN] [1782555856.063447256] [self_driving]: [LANE_LOST] raw_lane_x=-1 lane_x=-1 filter=lost stop=False state=LINE_FOLLOW safe_linear=0.00 right_ready=False right_done=True[0m
[self_driving-10] [0m[INFO] [1782555856.124983200] [self_driving]: [PARK_APPROACH_WAIT] post_right_forward_done=True cw_y=445 th=250 reason=wait_until_crosswalk_y_below_threshold[0m
[self_driving-10] [0m[INFO] [1782555856.180145311] [self_driving]: [IMAGE] received count=2426 shape=(480, 640, 3) queue=0[0m
[self_driving-10] [0m[INFO] [1782555856.186746922] [self_driving]: [PARK_APPROACH_WAIT] post_right_forward_done=True cw_y=445 th=250 reason=wait_until_crosswalk_y_below_threshold[0m
[self_driving-10] [0m[INFO] [1782555856.254925311] [self_driving]: [PARK_APPROACH_WAIT] post_right_forward_done=True cw_y=445 th=250 reason=wait_until_crosswalk_y_below_threshold[0m
[self_driving-10] [0m[INFO] [1782555856.314251070] [self_driving]: [PARK_APPROACH_WAIT] post_right_forward_done=True cw_y=445 th=250 reason=wait_until_crosswalk_y_below_threshold[0m
[self_driving-10] [0m[INFO] [1782555856.382854552] [self_driving]: [PARK_APPROACH_WAIT] post_right_forward_done=True cw_y=445 th=250 reason=wait_until_crosswalk_y_below_threshold[0m
[self_driving-10] [0m[INFO] [1782555856.453949737] [self_driving]: [PARK_APPROACH_WAIT] post_right_forward_done=True cw_y=445 th=250 reason=wait_until_crosswalk_y_below_threshold[0m
[self_driving-10] [0m[INFO] [1782555856.514989570] [self_driving]: [PARK_APPROACH_WAIT] post_right_forward_done=True cw_y=445 th=250 reason=wait_until_crosswalk_y_below_threshold[0m
[self_driving-10] [0m[INFO] [1782555856.516266700] [self_driving]: [DEBUG_DRIVE] state=LINE_FOLLOW raw_lane_x=-1 lane_x=-1 filter=lost linear=0.15 angular=0.00 cw_y=445 park_x=-1 park_approach=False park_fb_count=0 park_boot_go=0 right_done=True start_turn=False count_turn=1 traffic=None stop=False[0m
[self_driving-10] [0m[INFO] [1782555856.573999533] [self_driving]: [PARK_APPROACH_WAIT] post_right_forward_done=True cw_y=445 th=250 reason=wait_until_crosswalk_y_below_threshold[0m
[self_driving-10] [33m[WARN] [1782555856.576343292] [self_driving]: [LANE_LOST] raw_lane_x=-1 lane_x=-1 filter=lost stop=False state=LINE_FOLLOW safe_linear=0.00 right_ready=False right_done=True[0m
[self_driving-10] [0m[INFO] [1782555856.648546348] [self_driving]: [PARK_APPROACH_WAIT] post_right_forward_done=True cw_y=445 th=250 reason=wait_until_crosswalk_y_below_threshold[0m
[self_driving-10] [0m[INFO] [1782555856.649173663] [self_driving]: [CROSSWALK_SLOW_DONE] return normal speed[0m
[self_driving-10] [0m[INFO] [1782555856.725597385] [self_driving]: [PARK_APPROACH_WAIT] post_right_forward_done=True cw_y=445 th=250 reason=wait_until_crosswalk_y_below_threshold[0m
[self_driving-10] [0m[INFO] [1782555856.808694033] [self_driving]: [PARK_APPROACH_WAIT] post_right_forward_done=True cw_y=445 th=250 reason=wait_until_crosswalk_y_below_threshold[0m
[self_driving-10] [0m[INFO] [1782555856.853424440] [self_driving]: [PARK_APPROACH_WAIT] post_right_forward_done=True cw_y=445 th=250 reason=wait_until_crosswalk_y_below_threshold[0m
[self_driving-10] [0m[INFO] [1782555856.925237255] [self_driving]: [PARK_APPROACH_WAIT] post_right_forward_done=True cw_y=445 th=250 reason=wait_until_crosswalk_y_below_threshold[0m
[self_driving-10] [0m[INFO] [1782555856.925933385] [self_driving]: [CROSSWALK_SLOW] y=445 th=180 confirm=4[0m
[self_driving-10] [0m[INFO] [1782555856.993862144] [self_driving]: [PARK_APPROACH_WAIT] post_right_forward_done=True cw_y=445 th=250 reason=wait_until_crosswalk_y_below_threshold[0m
[self_driving-10] [0m[INFO] [1782555857.048111033] [self_driving]: [PARK_APPROACH_WAIT] post_right_forward_done=True cw_y=445 th=250 reason=wait_until_crosswalk_y_below_threshold[0m
[self_driving-10] [0m[INFO] [1782555857.048804496] [self_driving]: [DEBUG_DRIVE] state=LINE_FOLLOW raw_lane_x=-1 lane_x=-1 filter=lost linear=0.15 angular=0.00 cw_y=445 park_x=-1 park_approach=False park_fb_count=0 park_boot_go=0 right_done=True start_turn=False count_turn=1 traffic=None stop=False[0m
[self_driving-10] [0m[INFO] [1782555857.136970088] [self_driving]: [PARK_APPROACH_WAIT] post_right_forward_done=True cw_y=445 th=250 reason=wait_until_crosswalk_y_below_threshold[0m
[self_driving-10] [33m[WARN] [1782555857.138277866] [self_driving]: [LANE_LOST] raw_lane_x=-1 lane_x=-1 filter=lost stop=False state=LINE_FOLLOW safe_linear=0.00 right_ready=False right_done=True[0m
[self_driving-10] [0m[INFO] [1782555857.180923236] [self_driving]: [PARK_APPROACH_WAIT] post_right_forward_done=True cw_y=445 th=250 reason=wait_until_crosswalk_y_below_threshold[0m
[self_driving-10] [0m[INFO] [1782555857.258423940] [self_driving]: [PARK_APPROACH_WAIT] post_right_forward_done=True cw_y=445 th=250 reason=wait_until_crosswalk_y_below_threshold[0m
[self_driving-10] [0m[INFO] [1782555857.328082718] [self_driving]: [PARK_APPROACH_WAIT] post_right_forward_done=True cw_y=445 th=250 reason=wait_until_crosswalk_y_below_threshold[0m
[self_driving-10] [0m[INFO] [1782555857.394080792] [self_driving]: [PARK_APPROACH_WAIT] post_right_forward_done=True cw_y=445 th=250 reason=wait_until_crosswalk_y_below_threshold[0m
[self_driving-10] [0m[INFO] [1782555857.477182495] [self_driving]: [PARK_APPROACH_WAIT] post_right_forward_done=True cw_y=445 th=250 reason=wait_until_crosswalk_y_below_threshold[0m
[self_driving-10] [0m[INFO] [1782555857.529864310] [self_driving]: [PARK_APPROACH_WAIT] post_right_forward_done=True cw_y=445 th=250 reason=wait_until_crosswalk_y_below_threshold[0m
[self_driving-10] [0m[INFO] [1782555857.581382218] [self_driving]: [PARK_APPROACH_WAIT] post_right_forward_done=True cw_y=445 th=250 reason=wait_until_crosswalk_y_below_threshold[0m
[self_driving-10] [0m[INFO] [1782555857.583220032] [self_driving]: [DEBUG_DRIVE] state=LINE_FOLLOW raw_lane_x=-1 lane_x=-1 filter=lost linear=0.15 angular=0.00 cw_y=445 park_x=-1 park_approach=False park_fb_count=0 park_boot_go=0 right_done=True start_turn=False count_turn=1 traffic=None stop=False[0m
[self_driving-10] [0m[INFO] [1782555857.654567569] [self_driving]: [PARK_APPROACH_WAIT] post_right_forward_done=True cw_y=445 th=250 reason=wait_until_crosswalk_y_below_threshold[0m
[self_driving-10] [33m[WARN] [1782555857.657154440] [self_driving]: [LANE_LOST] raw_lane_x=-1 lane_x=-1 filter=lost stop=False state=LINE_FOLLOW safe_linear=0.00 right_ready=False right_done=True[0m
[self_driving-10] [0m[INFO] [1782555857.729067366] [self_driving]: [PARK_APPROACH_WAIT] post_right_forward_done=True cw_y=445 th=250 reason=wait_until_crosswalk_y_below_threshold[0m
[self_driving-10] [0m[INFO] [1782555857.814001273] [self_driving]: [PARK_APPROACH_WAIT] post_right_forward_done=True cw_y=445 th=250 reason=wait_until_crosswalk_y_below_threshold[0m
[self_driving-10] [0m[INFO] [1782555857.858774014] [self_driving]: [PARK_APPROACH_WAIT] post_right_forward_done=True cw_y=445 th=250 reason=wait_until_crosswalk_y_below_threshold[0m
[self_driving-10] [0m[INFO] [1782555857.930852588] [self_driving]: [PARK_APPROACH_WAIT] post_right_forward_done=True cw_y=445 th=250 reason=wait_until_crosswalk_y_below_threshold[0m
[self_driving-10] [0m[INFO] [1782555857.987153403] [self_driving]: [PARK_APPROACH_WAIT] post_right_forward_done=True cw_y=445 th=250 reason=wait_until_crosswalk_y_below_threshold[0m
[self_driving-10] [0m[INFO] [1782555858.071643199] [self_driving]: [PARK_APPROACH_WAIT] post_right_forward_done=True cw_y=445 th=250 reason=wait_until_crosswalk_y_below_threshold[0m
[self_driving-10] [0m[INFO] [1782555858.142517569] [self_driving]: [PARK_APPROACH_WAIT] post_right_forward_done=True cw_y=445 th=250 reason=wait_until_crosswalk_y_below_threshold[0m
[self_driving-10] [0m[INFO] [1782555858.147686180] [self_driving]: [DEBUG_DRIVE] state=LINE_FOLLOW raw_lane_x=-1 lane_x=-1 filter=lost linear=0.15 angular=0.00 cw_y=445 park_x=-1 park_approach=False park_fb_count=0 park_boot_go=0 right_done=True start_turn=False count_turn=1 traffic=None stop=False[0m
[self_driving-10] [0m[INFO] [1782555858.198729828] [self_driving]: [IMAGE] received count=2456 shape=(480, 640, 3) queue=0[0m
[self_driving-10] [0m[INFO] [1782555858.209509551] [self_driving]: [PARK_APPROACH_WAIT] post_right_forward_done=True cw_y=445 th=250 reason=wait_until_crosswalk_y_below_threshold[0m
[self_driving-10] [33m[WARN] [1782555858.210375939] [self_driving]: [LANE_LOST] raw_lane_x=-1 lane_x=-1 filter=lost stop=False state=LINE_FOLLOW safe_linear=0.00 right_ready=False right_done=True[0m
[self_driving-10] [0m[INFO] [1782555858.262811402] [self_driving]: [PARK_APPROACH_WAIT] post_right_forward_done=True cw_y=445 th=250 reason=wait_until_crosswalk_y_below_threshold[0m
[self_driving-10] [0m[INFO] [1782555858.325057013] [self_driving]: [PARK_APPROACH_WAIT] post_right_forward_done=True cw_y=445 th=250 reason=wait_until_crosswalk_y_below_threshold[0m
[self_driving-10] [0m[INFO] [1782555858.385133884] [self_driving]: [PARK_APPROACH_WAIT] post_right_forward_done=True cw_y=445 th=250 reason=wait_until_crosswalk_y_below_threshold[0m
[self_driving-10] [0m[INFO] [1782555858.466061995] [self_driving]: [PARK_APPROACH_WAIT] post_right_forward_done=True cw_y=445 th=250 reason=wait_until_crosswalk_y_below_threshold[0m
[self_driving-10] [0m[INFO] [1782555858.543556476] [self_driving]: [PARK_APPROACH_WAIT] post_right_forward_done=True cw_y=445 th=250 reason=wait_until_crosswalk_y_below_threshold[0m
[self_driving-10] [33m[WARN] [1782555858.610167810] [self_driving]: [LANE_X_JUMP_REJECT] raw=180.5 last=307.0 diff=126.5 candidate=180.5 cnt=1/4[0m
[self_driving-10] [0m[INFO] [1782555858.611196439] [self_driving]: [PARK_APPROACH_WAIT] post_right_forward_done=True cw_y=445 th=250 reason=wait_until_crosswalk_y_below_threshold[0m
[self_driving-10] [0m[INFO] [1782555858.673375643] [self_driving]: [PARK_APPROACH_WAIT] post_right_forward_done=True cw_y=445 th=250 reason=wait_until_crosswalk_y_below_threshold[0m
[self_driving-10] [0m[INFO] [1782555858.675471976] [self_driving]: [DEBUG_DRIVE] state=LINE_FOLLOW raw_lane_x=90.0 lane_x=307.0 filter=jump_reject linear=0.15 angular=-0.45 cw_y=445 park_x=-1 park_approach=False park_fb_count=0 park_boot_go=0 right_done=True start_turn=False count_turn=4 traffic=None stop=False[0m
[self_driving-10] [0m[INFO] [1782555858.722088995] [self_driving]: [PARK_APPROACH_WAIT] post_right_forward_done=True cw_y=445 th=250 reason=wait_until_crosswalk_y_below_threshold[0m
[self_driving-10] [0m[INFO] [1782555858.795000550] [self_driving]: [PARK_APPROACH_WAIT] post_right_forward_done=True cw_y=445 th=250 reason=wait_until_crosswalk_y_below_threshold[0m
[self_driving-10] [0m[INFO] [1782555858.877869532] [self_driving]: [PARK_APPROACH_WAIT] post_right_forward_done=True cw_y=445 th=250 reason=wait_until_crosswalk_y_below_threshold[0m
[self_driving-10] [0m[INFO] [1782555858.951583569] [self_driving]: [PARK_APPROACH_WAIT] post_right_forward_done=True cw_y=445 th=250 reason=wait_until_crosswalk_y_below_threshold[0m
[self_driving-10] [0m[INFO] [1782555859.003128032] [self_driving]: [PARK_APPROACH_WAIT] post_right_forward_done=True cw_y=445 th=250 reason=wait_until_crosswalk_y_below_threshold[0m
[self_driving-10] [0m[INFO] [1782555859.062378791] [self_driving]: [PARK_APPROACH_WAIT] post_right_forward_done=True cw_y=445 th=250 reason=wait_until_crosswalk_y_below_threshold[0m
[self_driving-10] [33m[WARN] [1782555859.140816457] [self_driving]: [LANE_X_JUMP_REJECT] raw=89.0 last=307.0 diff=218.0 candidate=117.0 cnt=3/4[0m
[self_driving-10] [0m[INFO] [1782555859.141313661] [self_driving]: [PARK_APPROACH_WAIT] post_right_forward_done=True cw_y=445 th=250 reason=wait_until_crosswalk_y_below_threshold[0m
[self_driving-10] [0m[INFO] [1782555859.218621531] [self_driving]: [PARK_APPROACH_WAIT] post_right_forward_done=True cw_y=445 th=250 reason=wait_until_crosswalk_y_below_threshold[0m
[self_driving-10] [0m[INFO] [1782555859.224009105] [self_driving]: [DEBUG_DRIVE] state=LINE_FOLLOW raw_lane_x=65.0 lane_x=307.0 filter=jump_reject linear=0.15 angular=-0.45 cw_y=445 park_x=-1 park_approach=False park_fb_count=0 park_boot_go=0 right_done=True start_turn=True count_turn=6 traffic=None stop=False[0m
[self_driving-10] [0m[INFO] [1782555859.277060142] [self_driving]: [PARK_APPROACH_WAIT] post_right_forward_done=True cw_y=445 th=250 reason=wait_until_crosswalk_y_below_threshold[0m
[self_driving-10] [0m[INFO] [1782555859.331199642] [self_driving]: [PARK_APPROACH_WAIT] post_right_forward_done=True cw_y=445 th=250 reason=wait_until_crosswalk_y_below_threshold[0m
[self_driving-10] [0m[INFO] [1782555859.408942902] [self_driving]: [LANE_X_JUMP_ACCEPT] raw=31.5 last=31.5 cnt=4/4[0m
[self_driving-10] [0m[INFO] [1782555859.409640772] [self_driving]: [PARK_APPROACH_WAIT] post_right_forward_done=True cw_y=445 th=250 reason=wait_until_crosswalk_y_below_threshold[0m
[self_driving-10] [0m[INFO] [1782555859.410289420] [self_driving]: [POST_RIGHT_CHECK] cw_y=445 th=350 start_turn=True lane_x=31.5 raw_lane_x=31.5 filter=jump_accept[0m
[self_driving-10] [0m[INFO] [1782555859.410825402] [self_driving]: [POST_RIGHT_FORWARD_START] reason=line_turn_recover duration=1.20s speed=0.18 angular=0.05[0m
[self_driving-10] [0m[INFO] [1782555859.475435624] [self_driving]: [POST_RIGHT_FORWARD] remain=1.14s reason=line_turn_recover park_x=-1 cw_y=445[0m
[self_driving-10] [0m[INFO] [1782555859.731425624] [self_driving]: [POST_RIGHT_FORWARD] remain=0.88s reason=line_turn_recover park_x=-1 cw_y=445[0m
[self_driving-10] [0m[INFO] [1782555859.867389087] [self_driving]: [ALL_CLASSES] ['crosswalk'][0m
[self_driving-10] [0m[INFO] [1782555859.868381216] [self_driving]: [OBJECTS] msg_count=371 n=1 names=['crosswalk'][0m
[self_driving-10] [0m[INFO] [1782555859.902870068] [self_driving]: [ALL_CLASSES] ['crosswalk'][0m
[self_driving-10] [0m[INFO] [1782555859.951702475] [self_driving]: [POST_RIGHT_FORWARD] remain=0.66s reason=line_turn_recover park_x=-1 cw_y=169[0m
[self_driving-10] [0m[INFO] [1782555860.202762735] [self_driving]: [POST_RIGHT_FORWARD] remain=0.41s reason=line_turn_recover park_x=-1 cw_y=169[0m
[self_driving-10] [0m[INFO] [1782555860.218900475] [self_driving]: [ALL_CLASSES] ['crosswalk'][0m
[self_driving-10] [0m[INFO] [1782555860.221736346] [self_driving]: [ALL_CLASSES] ['go'][0m
[self_driving-10] [0m[INFO] [1782555860.222432790] [self_driving]: [GO_CANDIDATE] cx=243 cy=130 area=361 score=0.30[0m
[self_driving-10] [0m[INFO] [1782555860.228367179] [self_driving]: [ALL_CLASSES] ['crosswalk'][0m
[self_driving-10] [0m[INFO] [1782555860.284504679] [self_driving]: [IMAGE] received count=2487 shape=(480, 640, 3) queue=0[0m
[self_driving-10] [0m[INFO] [1782555860.420580234] [self_driving]: [POST_RIGHT_FORWARD] remain=0.19s reason=line_turn_recover park_x=-1 cw_y=174[0m
[self_driving-10] [0m[INFO] [1782555860.585361919] [self_driving]: [ALL_CLASSES] ['crosswalk'][0m
[self_driving-10] [0m[INFO] [1782555860.585958605] [self_driving]: [OBJECTS] msg_count=376 n=1 names=['crosswalk'][0m
[self_driving-10] [0m[INFO] [1782555860.588775049] [self_driving]: [ALL_CLASSES] ['go'][0m
[self_driving-10] [0m[INFO] [1782555860.589352290] [self_driving]: [GO_CANDIDATE] cx=144 cy=130 area=420 score=0.77[0m
[self_driving-10] [0m[INFO] [1782555860.599391475] [self_driving]: [ALL_CLASSES] ['crosswalk'][0m
[self_driving-10] [0m[INFO] [1782555860.632607012] [self_driving]: [PARK_APPROACH_START] reason=post_right_forward_done_cw_below_250 hold=12.0s fallback_delay=3.0s[0m
[self_driving-10] [0m[INFO] [1782555860.634692697] [self_driving]: [PARK_APPROACH_TRIGGER] post_right_forward_done=True cw_y=177 th=250 right_done=True[0m
[self_driving-10] [0m[INFO] [1782555860.639015419] [self_driving]: [PARK_APPROACH_CW_BYPASS] clear crosswalk slow stop=False cw_y=177[0m
[self_driving-10] [33m[WARN] [1782555860.639916345] [self_driving]: [LANE_LOST] raw_lane_x=-1 lane_x=-1 filter=lost stop=False state=LINE_FOLLOW safe_linear=0.00 right_ready=False right_done=True[0m
[self_driving-10] [0m[INFO] [1782555860.642615123] [self_driving]: [DEBUG_DRIVE] state=LINE_FOLLOW raw_lane_x=-1 lane_x=-1 filter=lost linear=0.30 angular=0.00 cw_y=177 park_x=-1 park_approach=True park_fb_count=0 park_boot_go=0 right_done=True start_turn=False count_turn=0 traffic=None stop=False[0m
[self_driving-10] [0m[INFO] [1782555860.947887623] [self_driving]: [ALL_CLASSES] ['crosswalk'][0m
[self_driving-10] [0m[INFO] [1782555860.950248512] [self_driving]: [ALL_CLASSES] ['go'][0m
[self_driving-10] [0m[INFO] [1782555860.951900660] [self_driving]: [GO_CANDIDATE] cx=148 cy=129 area=352 score=0.85[0m
[self_driving-10] [0m[INFO] [1782555860.955032475] [self_driving]: [ALL_CLASSES] ['crosswalk'][0m
[self_driving-10] [33m[WARN] [1782555861.158032345] [self_driving]: [LANE_LOST] raw_lane_x=-1 lane_x=-1 filter=lost stop=False state=LINE_FOLLOW safe_linear=0.00 right_ready=False right_done=True[0m
[self_driving-10] [0m[INFO] [1782555861.158897623] [self_driving]: [DEBUG_DRIVE] state=LINE_FOLLOW raw_lane_x=-1 lane_x=-1 filter=lost linear=0.30 angular=0.00 cw_y=470 park_x=-1 park_approach=True park_fb_count=0 park_boot_go=0 right_done=True start_turn=False count_turn=0 traffic=None stop=False[0m
[self_driving-10] [0m[INFO] [1782555861.288364586] [self_driving]: [ALL_CLASSES] ['go'][0m
[self_driving-10] [0m[INFO] [1782555861.288934789] [self_driving]: [OBJECTS] msg_count=382 n=1 names=['go'][0m
[self_driving-10] [0m[INFO] [1782555861.289472993] [self_driving]: [GO_CANDIDATE] cx=157 cy=128 area=391 score=0.87[0m
[self_driving-10] [0m[INFO] [1782555861.291970419] [self_driving]: [ALL_CLASSES] ['crosswalk'][0m
[self_driving-10] [0m[INFO] [1782555861.295111771] [self_driving]: [ALL_CLASSES] ['crosswalk'][0m
[self_driving-10] [0m[INFO] [1782555861.622210567] [self_driving]: [ALL_CLASSES] ['crosswalk'][0m
[self_driving-10] [33m[WARN] [1782555861.697054123] [self_driving]: [LANE_LOST] raw_lane_x=-1 lane_x=-1 filter=lost stop=False state=LINE_FOLLOW safe_linear=0.00 right_ready=False right_done=True[0m
[self_driving-10] [0m[INFO] [1782555861.698279326] [self_driving]: [DEBUG_DRIVE] state=LINE_FOLLOW raw_lane_x=-1 lane_x=-1 filter=lost linear=0.30 angular=0.00 cw_y=179 park_x=-1 park_approach=True park_fb_count=0 park_boot_go=0 right_done=True start_turn=False count_turn=0 traffic=None stop=False[0m
[self_driving-10] [0m[INFO] [1782555861.962111048] [self_driving]: [ALL_CLASSES] ['go'][0m
[self_driving-10] [0m[INFO] [1782555861.962677030] [self_driving]: [OBJECTS] msg_count=386 n=1 names=['go'][0m
[self_driving-10] [0m[INFO] [1782555861.963142511] [self_driving]: [GO_CANDIDATE] cx=160 cy=127 area=408 score=0.83[0m
[self_driving-10] [0m[INFO] [1782555861.966120956] [self_driving]: [ALL_CLASSES] ['crosswalk'][0m
[self_driving-10] [33m[WARN] [1782555862.221063956] [self_driving]: [LANE_LOST] raw_lane_x=-1 lane_x=-1 filter=lost stop=False state=LINE_FOLLOW safe_linear=0.00 right_ready=False right_done=True[0m
[self_driving-10] [0m[INFO] [1782555862.225276993] [self_driving]: [DEBUG_DRIVE] state=LINE_FOLLOW raw_lane_x=-1 lane_x=-1 filter=lost linear=0.30 angular=0.00 cw_y=178 park_x=-1 park_approach=True park_fb_count=0 park_boot_go=0 right_done=True start_turn=False count_turn=0 traffic=None stop=False[0m
[self_driving-10] [0m[INFO] [1782555862.305050696] [self_driving]: [ALL_CLASSES] ['go'][0m
[self_driving-10] [0m[INFO] [1782555862.306431770] [self_driving]: [GO_CANDIDATE] cx=160 cy=127 area=408 score=0.84[0m
[self_driving-10] [0m[INFO] [1782555862.308910881] [self_driving]: [ALL_CLASSES] ['crosswalk'][0m
[self_driving-10] [0m[INFO] [1782555862.351485770] [self_driving]: [IMAGE] received count=2518 shape=(480, 640, 3) queue=0[0m
[self_driving-10] [0m[INFO] [1782555862.659165715] [self_driving]: [ALL_CLASSES] ['crosswalk'][0m
[self_driving-10] [0m[INFO] [1782555862.660080789] [self_driving]: [OBJECTS] msg_count=390 n=1 names=['crosswalk'][0m
[self_driving-10] [0m[INFO] [1782555862.665192678] [self_driving]: [ALL_CLASSES] ['crosswalk'][0m
[self_driving-10] [33m[WARN] [1782555862.773412770] [self_driving]: [LANE_LOST] raw_lane_x=-1 lane_x=-1 filter=lost stop=False state=LINE_FOLLOW safe_linear=0.00 right_ready=False right_done=True[0m
[self_driving-10] [0m[INFO] [1782555862.776905677] [self_driving]: [DEBUG_DRIVE] state=LINE_FOLLOW raw_lane_x=-1 lane_x=-1 filter=lost linear=0.30 angular=0.00 cw_y=178 park_x=-1 park_approach=True park_fb_count=0 park_boot_go=0 right_done=True start_turn=False count_turn=0 traffic=None stop=False[0m
[self_driving-10] [0m[INFO] [1782555863.006910825] [self_driving]: [ALL_CLASSES] ['go'][0m
[self_driving-10] [0m[INFO] [1782555863.007487103] [self_driving]: [GO_CANDIDATE] cx=160 cy=127 area=408 score=0.84[0m
[self_driving-10] [0m[INFO] [1782555863.011032992] [self_driving]: [ALL_CLASSES] ['crosswalk'][0m
[self_driving-10] [33m[WARN] [1782555863.317429881] [self_driving]: [LANE_LOST] raw_lane_x=-1 lane_x=-1 filter=lost stop=False state=LINE_FOLLOW safe_linear=0.00 right_ready=False right_done=True[0m
[self_driving-10] [0m[INFO] [1782555863.318624603] [self_driving]: [DEBUG_DRIVE] state=LINE_FOLLOW raw_lane_x=-1 lane_x=-1 filter=lost linear=0.30 angular=0.00 cw_y=178 park_x=-1 park_approach=True park_fb_count=0 park_boot_go=0 right_done=True start_turn=False count_turn=0 traffic=None stop=False[0m
[self_driving-10] [0m[INFO] [1782555863.346805918] [self_driving]: [ALL_CLASSES] ['go'][0m
[self_driving-10] [0m[INFO] [1782555863.348067399] [self_driving]: [OBJECTS] msg_count=394 n=1 names=['go'][0m
[self_driving-10] [0m[INFO] [1782555863.349449659] [self_driving]: [GO_CANDIDATE] cx=160 cy=127 area=408 score=0.84[0m
[self_driving-10] [0m[INFO] [1782555863.356283233] [self_driving]: [ALL_CLASSES] ['crosswalk'][0m
[self_driving-10] [33m[WARN] [1782555863.507971825] [self_driving]: [LANE_X_JUMP_REJECT] raw=91.0 last=7.5 diff=83.5 candidate=91.0 cnt=1/4[0m
[self_driving-10] [0m[INFO] [1782555863.640501936] [self_driving]: [PARK_FALLBACK_COUNT] count=1/10 elapsed=3.01 cw_y=179 go_recent=True go_candidate={'cx': 160, 'cy': 127, 'area': 408, 'score': 0.8399999737739563}[0m
[self_driving-10] [0m[INFO] [1782555863.687359362] [self_driving]: [ALL_CLASSES] ['go'][0m
[self_driving-10] [0m[INFO] [1782555863.688221214] [self_driving]: [GO_CANDIDATE] cx=160 cy=127 area=408 score=0.84[0m
[self_driving-10] [0m[INFO] [1782555863.691183603] [self_driving]: [ALL_CLASSES] ['crosswalk'][0m
[self_driving-10] [0m[INFO] [1782555863.721751955] [self_driving]: [PARK_FALLBACK_COUNT] count=2/10 elapsed=3.09 cw_y=178 go_recent=True go_candidate={'cx': 160, 'cy': 127, 'area': 408, 'score': 0.8399999737739563}[0m
[self_driving-10] [0m[INFO] [1782555863.771879418] [self_driving]: [PARK_FALLBACK_COUNT] count=3/10 elapsed=3.14 cw_y=178 go_recent=True go_candidate={'cx': 160, 'cy': 127, 'area': 408, 'score': 0.8399999737739563}[0m
[self_driving-10] [0m[INFO] [1782555863.847084806] [self_driving]: [PARK_FALLBACK_COUNT] count=4/10 elapsed=3.22 cw_y=178 go_recent=True go_candidate={'cx': 160, 'cy': 127, 'area': 408, 'score': 0.8399999737739563}[0m
[self_driving-10] [0m[INFO] [1782555863.847848881] [self_driving]: [DEBUG_DRIVE] state=LINE_FOLLOW raw_lane_x=50.5 lane_x=50.5 filter=stable linear=0.30 angular=0.10 cw_y=178 park_x=-1 park_approach=True park_fb_count=4 park_boot_go=0 right_done=True start_turn=False count_turn=0 traffic=None stop=False[0m
[self_driving-10] [0m[INFO] [1782555863.918867899] [self_driving]: [PARK_FALLBACK_COUNT] count=5/10 elapsed=3.29 cw_y=178 go_recent=True go_candidate={'cx': 160, 'cy': 127, 'area': 408, 'score': 0.8399999737739563}[0m
[self_driving-10] [0m[INFO] [1782555863.983847343] [self_driving]: [PARK_FALLBACK_COUNT] count=6/10 elapsed=3.35 cw_y=178 go_recent=True go_candidate={'cx': 160, 'cy': 127, 'area': 408, 'score': 0.8399999737739563}[0m
[self_driving-10] [0m[INFO] [1782555864.043395695] [self_driving]: [ALL_CLASSES] ['crosswalk'][0m
[self_driving-10] [0m[INFO] [1782555864.045108103] [self_driving]: [OBJECTS] msg_count=398 n=1 names=['crosswalk'][0m
[self_driving-10] [0m[INFO] [1782555864.052238195] [self_driving]: [PARK_FALLBACK_COUNT] count=7/10 elapsed=3.42 cw_y=178 go_recent=True go_candidate={'cx': 160, 'cy': 127, 'area': 408, 'score': 0.8399999737739563}[0m
[self_driving-10] [0m[INFO] [1782555864.117893380] [self_driving]: [PARK_FALLBACK_COUNT] count=8/10 elapsed=3.49 cw_y=178 go_recent=True go_candidate={'cx': 160, 'cy': 127, 'area': 408, 'score': 0.8399999737739563}[0m
[self_driving-10] [0m[INFO] [1782555864.180330510] [self_driving]: [PARK_FALLBACK_COUNT] count=9/10 elapsed=3.55 cw_y=178 go_recent=True go_candidate={'cx': 160, 'cy': 127, 'area': 408, 'score': 0.8399999737739563}[0m
[self_driving-10] [0m[INFO] [1782555864.247185973] [self_driving]: [PARK_FALLBACK_COUNT] count=10/10 elapsed=3.62 cw_y=178 go_recent=True go_candidate={'cx': 160, 'cy': 127, 'area': 408, 'score': 0.8399999737739563}[0m
[self_driving-10] [33m[WARN] [1782555864.248246417] [self_driving]: [PARK_FALLBACK_START] park class not detected -> run park_action by 5→6 fallback[0m
[self_driving-10] [0m[INFO] [1782555864.249379899] [self_driving]: [1;36m[FSM] LINE_FOLLOW -> PARKING[0m[0m
[self_driving-10] [0m[INFO] [1782555864.362564899] [self_driving]: [IMAGE] received count=2548 shape=(480, 640, 3) queue=0[0m
[self_driving-10] [0m[INFO] [1782555864.378243084] [self_driving]: [ALL_CLASSES] ['crosswalk'][0m
[self_driving-10] [0m[INFO] [1782555864.384209695] [self_driving]: [ALL_CLASSES] ['crosswalk'][0m
[self_driving-10] [0m[INFO] [1782555864.718046454] [self_driving]: [ALL_CLASSES] ['crosswalk'][0m
[self_driving-10] [0m[INFO] [1782555864.719003695] [self_driving]: [OBJECTS] msg_count=401 n=1 names=['crosswalk'][0m
[self_driving-10] [0m[INFO] [1782555865.058197232] [self_driving]: [ALL_CLASSES] ['go'][0m
[self_driving-10] [0m[INFO] [1782555865.059259861] [self_driving]: [GO_CANDIDATE] cx=257 cy=128 area=432 score=0.87[0m
[self_driving-10] [0m[INFO] [1782555865.062234621] [self_driving]: [ALL_CLASSES] ['crosswalk'][0m
[self_driving-10] [0m[INFO] [1782555865.388504194] [self_driving]: [ALL_CLASSES] ['crosswalk'][0m
[self_driving-10] [0m[INFO] [1782555865.389344750] [self_driving]: [OBJECTS] msg_count=404 n=1 names=['crosswalk'][0m
[self_driving-10] [0m[INFO] [1782555865.392811806] [self_driving]: [ALL_CLASSES] ['go'][0m
[self_driving-10] [0m[INFO] [1782555865.394706787] [self_driving]: [GO_CANDIDATE] cx=276 cy=126 area=468 score=0.85[0m
[self_driving-10] [0m[INFO] [1782555865.711118028] [self_driving]: [ALL_CLASSES] ['crosswalk'][0m
[self_driving-10] [0m[INFO] [1782555866.016617879] [self_driving]: [ALL_CLASSES] ['go'][0m
[self_driving-10] [0m[INFO] [1782555866.019294546] [self_driving]: [OBJECTS] msg_count=407 n=1 names=['go'][0m
[self_driving-10] [0m[INFO] [1782555866.022226638] [self_driving]: [GO_CANDIDATE] cx=276 cy=127 area=450 score=0.87[0m
[self_driving-10] [0m[INFO] [1782555866.029649861] [self_driving]: [ALL_CLASSES] ['crosswalk'][0m
[self_driving-10] [0m[INFO] [1782555866.153145398] [self_driving]: [PARK_DONE] park_action complete -> DONE[0m
[self_driving-10] [0m[INFO] [1782555866.155956675] [self_driving]: [1;36m[FSM] PARKING -> LINE_FOLLOW[0m[0m
[self_driving-10] [0m[INFO] [1782555866.186367138] [self_driving]: [PARK_APPROACH_CW_BYPASS] clear crosswalk slow stop=True cw_y=222[0m
[self_driving-10] [0m[INFO] [1782555866.186879046] [self_driving]: [PARK_FALLBACK_COUNT] count=11/10 elapsed=5.56 cw_y=222 go_recent=True go_candidate={'cx': 276, 'cy': 127, 'area': 450, 'score': 0.8700000047683716}[0m
[self_driving-10] [33m[WARN] [1782555866.188178712] [self_driving]: [PARK_FALLBACK_START] park class not detected -> run park_action by 5→6 fallback[0m
[self_driving-10] [0m[INFO] [1782555866.189242694] [self_driving]: [1;36m[FSM] LINE_FOLLOW -> PARKING[0m[0m
[self_driving-10] [0m[INFO] [1782555866.377633453] [self_driving]: [IMAGE] received count=2578 shape=(480, 640, 3) queue=0[0m
[self_driving-10] [0m[INFO] [1782555866.387739509] [self_driving]: [ALL_CLASSES] ['go'][0m
[self_driving-10] [0m[INFO] [1782555866.388545342] [self_driving]: [GO_CANDIDATE] cx=275 cy=127 area=425 score=0.87[0m
[self_driving-10] [0m[INFO] [1782555866.391712416] [self_driving]: [ALL_CLASSES] ['crosswalk'][0m
[self_driving-10] [0m[INFO] [1782555866.728243064] [self_driving]: [ALL_CLASSES] ['crosswalk'][0m
[self_driving-10] [0m[INFO] [1782555866.729728397] [self_driving]: [OBJECTS] msg_count=411 n=1 names=['crosswalk'][0m
[self_driving-10] [0m[INFO] [1782555866.736363712] [self_driving]: [ALL_CLASSES] ['crosswalk'][0m
[self_driving-10] [0m[INFO] [1782555867.072046749] [self_driving]: [ALL_CLASSES] ['go'][0m
[self_driving-10] [0m[INFO] [1782555867.072639416] [self_driving]: [GO_CANDIDATE] cx=276 cy=127 area=450 score=0.87[0m
[self_driving-10] [0m[INFO] [1782555867.075094564] [self_driving]: [ALL_CLASSES] ['crosswalk'][0m
[self_driving-10] [0m[INFO] [1782555867.083202953] [self_driving]: [ALL_CLASSES] ['crosswalk'][0m
[self_driving-10] [0m[INFO] [1782555867.394512304] [self_driving]: [ALL_CLASSES] ['crosswalk'][0m
[self_driving-10] [0m[INFO] [1782555867.395644471] [self_driving]: [OBJECTS] msg_count=416 n=1 names=['crosswalk'][0m
[self_driving-10] [0m[INFO] [1782555867.398864249] [self_driving]: [ALL_CLASSES] ['crosswalk'][0m
[self_driving-10] [0m[INFO] [1782555867.742761971] [self_driving]: [ALL_CLASSES] ['crosswalk'][0m
[self_driving-10] [0m[INFO] [1782555868.094470193] [self_driving]: [PARK_DONE] park_action complete -> DONE[0m
[self_driving-10] [0m[INFO] [1782555868.094928230] [self_driving]: [1;36m[FSM] PARKING -> LINE_FOLLOW[0m[0m
[self_driving-10] [0m[INFO] [1782555868.143752619] [self_driving]: [PARK_APPROACH_CW_BYPASS] clear crosswalk slow stop=True cw_y=463[0m
[self_driving-10] [0m[INFO] [1782555868.145247452] [self_driving]: [PARK_FALLBACK_COUNT] count=12/10 elapsed=7.51 cw_y=463 go_recent=True go_candidate={'cx': 276, 'cy': 127, 'area': 450, 'score': 0.8700000047683716}[0m
[self_driving-10] [33m[WARN] [1782555868.146309100] [self_driving]: [PARK_FALLBACK_START] park class not detected -> run park_action by 5→6 fallback[0m
[self_driving-10] [0m[INFO] [1782555868.147426526] [self_driving]: [1;36m[FSM] LINE_FOLLOW -> PARKING[0m[0m
[self_driving-10] [0m[INFO] [1782555868.368240600] [self_driving]: [ALL_CLASSES] ['crosswalk'][0m
[self_driving-10] [0m[INFO] [1782555868.369202433] [self_driving]: [OBJECTS] msg_count=419 n=1 names=['crosswalk'][0m
[self_driving-10] [0m[INFO] [1782555868.373534970] [self_driving]: [ALL_CLASSES] ['crosswalk'][0m
[self_driving-10] [0m[INFO] [1782555868.417515100] [self_driving]: [IMAGE] received count=2608 shape=(480, 640, 3) queue=0[0m
[self_driving-10] [0m[INFO] [1782555869.044171229] [self_driving]: [ALL_CLASSES] ['crosswalk'][0m
[self_driving-10] [0m[INFO] [1782555869.045017692] [self_driving]: [OBJECTS] msg_count=421 n=1 names=['crosswalk'][0m
[self_driving-10] [0m[INFO] [1782555869.373375007] [self_driving]: [ALL_CLASSES] ['crosswalk'][0m
[self_driving-10] [0m[INFO] [1782555869.707216858] [self_driving]: [ALL_CLASSES] ['crosswalk'][0m
[self_driving-10] [0m[INFO] [1782555869.708289858] [self_driving]: [OBJECTS] msg_count=423 n=1 names=['crosswalk'][0m
[self_driving-10] [0m[INFO] [1782555870.034857303] [self_driving]: [ALL_CLASSES] ['crosswalk'][0m
[self_driving-10] [0m[INFO] [1782555870.040020043] [self_driving]: [ALL_CLASSES] ['crosswalk'][0m
[self_driving-10] [0m[INFO] [1782555870.059262858] [self_driving]: [PARK_DONE] park_action complete -> DONE[0m
[self_driving-10] [0m[INFO] [1782555870.059938932] [self_driving]: [1;36m[FSM] PARKING -> LINE_FOLLOW[0m[0m
[self_driving-10] [33m[WARN] [1782555870.091291599] [self_driving]: [LANE_X_JUMP_REJECT] raw=26.0 last=168.0 diff=142.0 candidate=26.0 cnt=1/4[0m
[self_driving-10] [0m[INFO] [1782555870.099100580] [self_driving]: [PARK_APPROACH_CW_BYPASS] clear crosswalk slow stop=True cw_y=231[0m
[self_driving-10] [0m[INFO] [1782555870.100016118] [self_driving]: [PARK_FALLBACK_COUNT] count=13/10 elapsed=9.47 cw_y=231 go_recent=False go_candidate={'cx': 276, 'cy': 127, 'area': 450, 'score': 0.8700000047683716}[0m
[self_driving-10] [33m[WARN] [1782555870.102121414] [self_driving]: [PARK_FALLBACK_START] park class not detected -> run park_action by 5→6 fallback[0m
[self_driving-10] [0m[INFO] [1782555870.103062395] [self_driving]: [1;36m[FSM] LINE_FOLLOW -> PARKING[0m[0m
[self_driving-10] [0m[INFO] [1782555870.365694691] [self_driving]: [ALL_CLASSES] ['crosswalk'][0m
[self_driving-10] [0m[INFO] [1782555870.366756099] [self_driving]: [OBJECTS] msg_count=426 n=1 names=['crosswalk'][0m
[self_driving-10] [0m[INFO] [1782555870.373165821] [self_driving]: [ALL_CLASSES] ['crosswalk'][0m
[self_driving-10] [0m[INFO] [1782555870.494661284] [self_driving]: [IMAGE] received count=2639 shape=(480, 640, 3) queue=0[0m
[self_driving-10] [0m[INFO] [1782555870.687973284] [self_driving]: [ALL_CLASSES] ['crosswalk'][0m
[self_driving-10] [0m[INFO] [1782555870.690640858] [self_driving]: [ALL_CLASSES] ['go'][0m
[self_driving-10] [0m[INFO] [1782555870.691251580] [self_driving]: [GO_CANDIDATE] cx=214 cy=89 area=432 score=0.70[0m
[self_driving-10] [0m[INFO] [1782555870.699533117] [self_driving]: [ALL_CLASSES] ['crosswalk'][0m
[self_driving-10] [0m[INFO] [1782555871.029083691] [self_driving]: [ALL_CLASSES] ['go'][0m
[self_driving-10] [0m[INFO] [1782555871.029595784] [self_driving]: [OBJECTS] msg_count=431 n=1 names=['go'][0m
[self_driving-10] [0m[INFO] [1782555871.030132802] [self_driving]: [GO_CANDIDATE] cx=247 cy=124 area=336 score=0.88[0m
[self_driving-10] [0m[INFO] [1782555871.033529487] [self_driving]: [ALL_CLASSES] ['crosswalk'][0m
[self_driving-10] [0m[INFO] [1782555871.353496580] [self_driving]: [ALL_CLASSES] ['go'][0m
[self_driving-10] [0m[INFO] [1782555871.354097135] [self_driving]: [GO_CANDIDATE] cx=247 cy=129 area=336 score=0.88[0m
[self_driving-10] [0m[INFO] [1782555871.359302228] [self_driving]: [ALL_CLASSES] ['crosswalk'][0m
[self_driving-10] [0m[INFO] [1782555871.684152894] [self_driving]: [ALL_CLASSES] ['go'][0m
[self_driving-10] [0m[INFO] [1782555871.684680728] [self_driving]: [OBJECTS] msg_count=435 n=1 names=['go'][0m
[self_driving-10] [0m[INFO] [1782555871.685307339] [self_driving]: [GO_CANDIDATE] cx=247 cy=129 area=336 score=0.89[0m
[self_driving-10] [0m[INFO] [1782555871.689299024] [self_driving]: [ALL_CLASSES] ['crosswalk'][0m
[self_driving-10] [0m[INFO] [1782555871.995734376] [self_driving]: [ALL_CLASSES] ['go'][0m
[self_driving-10] [0m[INFO] [1782555871.997763616] [self_driving]: [GO_CANDIDATE] cx=246 cy=129 area=315 score=0.88[0m
[self_driving-10] [0m[INFO] [1782555872.007984246] [self_driving]: [PARK_DONE] park_action complete -> DONE[0m
[self_driving-10] [0m[INFO] [1782555872.008876709] [self_driving]: [1;36m[FSM] PARKING -> LINE_FOLLOW[0m[0m
[self_driving-10] [0m[INFO] [1782555872.010268098] [self_driving]: [ALL_CLASSES] ['crosswalk'][0m
[self_driving-10] [0m[INFO] [1782555872.052200709] [self_driving]: [PARK_APPROACH_CW_BYPASS] clear crosswalk slow stop=True cw_y=175[0m
[self_driving-10] [0m[INFO] [1782555872.052887190] [self_driving]: [PARK_FALLBACK_COUNT] count=14/10 elapsed=11.42 cw_y=175 go_recent=True go_candidate={'cx': 246, 'cy': 129, 'area': 315, 'score': 0.8799999952316284}[0m
[self_driving-10] [33m[WARN] [1782555872.053812042] [self_driving]: [PARK_FALLBACK_START] park class not detected -> run park_action by 5→6 fallback[0m
[self_driving-10] [0m[INFO] [1782555872.055027431] [self_driving]: [1;36m[FSM] LINE_FOLLOW -> PARKING[0m[0m
[self_driving-10] [0m[INFO] [1782555872.325752079] [self_driving]: [ALL_CLASSES] ['go'][0m
[self_driving-10] [0m[INFO] [1782555872.326302727] [self_driving]: [OBJECTS] msg_count=439 n=1 names=['go'][0m
[self_driving-10] [0m[INFO] [1782555872.326794505] [self_driving]: [GO_CANDIDATE] cx=246 cy=129 area=315 score=0.88[0m
[self_driving-10] [0m[INFO] [1782555872.333247875] [self_driving]: [ALL_CLASSES] ['crosswalk'][0m
[self_driving-10] [0m[INFO] [1782555872.515780727] [self_driving]: [IMAGE] received count=2669 shape=(480, 640, 3) queue=0[0m
[self_driving-10] [0m[INFO] [1782555872.674913005] [self_driving]: [ALL_CLASSES] ['go'][0m
[self_driving-10] [0m[INFO] [1782555872.675383523] [self_driving]: [GO_CANDIDATE] cx=254 cy=116 area=352 score=0.86[0m
[self_driving-10] [0m[INFO] [1782555872.679247097] [self_driving]: [ALL_CLASSES] ['crosswalk'][0m
[self_driving-10] [0m[INFO] [1782555873.002177153] [self_driving]: [ALL_CLASSES] ['crosswalk'][0m
[self_driving-10] [0m[INFO] [1782555873.003767560] [self_driving]: [OBJECTS] msg_count=443 n=1 names=['crosswalk'][0m
[self_driving-10] [0m[INFO] [1782555873.010996338] [self_driving]: [ALL_CLASSES] ['crosswalk'][0m
[self_driving-10] [0m[INFO] [1782555873.348845079] [self_driving]: [ALL_CLASSES] ['crosswalk'][0m
[self_driving-10] [0m[INFO] [1782555873.958342930] [self_driving]: [PARK_DONE] park_action complete -> DONE[0m
[self_driving-10] [0m[INFO] [1782555873.958823597] [self_driving]: [1;36m[FSM] PARKING -> LINE_FOLLOW[0m[0m
[self_driving-10] [33m[WARN] [1782555873.989311967] [self_driving]: [LANE_X_JUMP_REJECT] raw=276.5 last=168.0 diff=108.5 candidate=276.5 cnt=1/4[0m
[self_driving-10] [0m[INFO] [1782555873.990150652] [self_driving]: [PARK_APPROACH_END] timeout -> normal crosswalk/lane behavior[0m
[self_driving-10] [0m[INFO] [1782555873.991575634] [self_driving]: [DEBUG_DRIVE] state=LINE_FOLLOW raw_lane_x=276.5 lane_x=168.0 filter=jump_reject linear=0.30 angular=-0.10 cw_y=474 park_x=-1 park_approach=False park_fb_count=0 park_boot_go=0 right_done=True start_turn=False count_turn=0 traffic=None stop=False[0m
[self_driving-10] [0m[INFO] [1782555874.198934689] [self_driving]: [LANE_X_JUMP_ACCEPT] raw=259.0 last=259.0 cnt=4/4[0m
[self_driving-10] [0m[INFO] [1782555874.199466504] [self_driving]: [CROSSWALK_SLOW] y=474 th=180 confirm=4[0m
[self_driving-10] [0m[INFO] [1782555874.335732948] [self_driving]: [ALL_CLASSES] ['crosswalk'][0m
[self_driving-10] [0m[INFO] [1782555874.336580893] [self_driving]: [OBJECTS] msg_count=446 n=1 names=['crosswalk'][0m
[self_driving-10] [0m[INFO] [1782555874.339636819] [self_driving]: [ALL_CLASSES] ['go'][0m
[self_driving-10] [0m[INFO] [1782555874.342591726] [self_driving]: [GO_CANDIDATE] cx=251 cy=429 area=299 score=0.68[0m
[self_driving-10] [0m[INFO] [1782555874.521469670] [self_driving]: [IMAGE] received count=2699 shape=(480, 640, 3) queue=0[0m
[self_driving-10] [0m[INFO] [1782555874.530937689] [self_driving]: [DEBUG_DRIVE] state=LINE_FOLLOW raw_lane_x=46.0 lane_x=46.0 filter=stable linear=0.15 angular=0.10 cw_y=0 park_x=-1 park_approach=False park_fb_count=0 park_boot_go=0 right_done=True start_turn=False count_turn=0 traffic=None stop=False[0m
[self_driving-10] [0m[INFO] [1782555874.687742726] [self_driving]: [ALL_CLASSES] ['crosswalk'][0m
[self_driving-10] [0m[INFO] [1782555874.691998300] [self_driving]: [ALL_CLASSES] ['go'][0m
[self_driving-10] [0m[INFO] [1782555874.693505318] [self_driving]: [GO_CANDIDATE] cx=229 cy=385 area=425 score=0.40[0m
[self_driving-10] [0m[INFO] [1782555875.053581652] [self_driving]: [ALL_CLASSES] ['crosswalk'][0m
[self_driving-10] [0m[INFO] [1782555875.054545670] [self_driving]: [OBJECTS] msg_count=450 n=1 names=['crosswalk'][0m
[self_driving-10] [0m[INFO] [1782555875.083772966] [self_driving]: [DEBUG_DRIVE] state=LINE_FOLLOW raw_lane_x=144.0 lane_x=144.0 filter=stable linear=0.15 angular=-0.10 cw_y=430 park_x=-1 park_approach=False park_fb_count=0 park_boot_go=0 right_done=True start_turn=False count_turn=0 traffic=None stop=False[0m
[self_driving-10] [0m[INFO] [1782555875.413635614] [self_driving]: [ALL_CLASSES] ['crosswalk'][0m
[self_driving-10] [0m[INFO] [1782555875.416161892] [self_driving]: [ALL_CLASSES] ['crosswalk'][0m
[self_driving-10] [0m[INFO] [1782555875.419986633] [self_driving]: [ALL_CLASSES] ['go'][0m
[self_driving-10] [0m[INFO] [1782555875.420815318] [self_driving]: [GO_CANDIDATE] cx=246 cy=59 area=912 score=0.62[0m
[self_driving-10] [0m[INFO] [1782555875.604328114] [self_driving]: [DEBUG_DRIVE] state=LINE_FOLLOW raw_lane_x=125.5 lane_x=125.5 filter=stable linear=0.15 angular=0.10 cw_y=0 park_x=-1 park_approach=False park_fb_count=0 park_boot_go=0 right_done=True start_turn=False count_turn=0 traffic=None stop=False[0m
[self_driving-10] [0m[INFO] [1782555875.776697947] [self_driving]: [ALL_CLASSES] ['crosswalk'][0m
[self_driving-10] [0m[INFO] [1782555875.777407466] [self_driving]: [OBJECTS] msg_count=454 n=1 names=['crosswalk'][0m
[self_driving-10] [0m[INFO] [1782555875.782920651] [self_driving]: [ALL_CLASSES] ['crosswalk'][0m
[self_driving-10] [0m[INFO] [1782555876.127318151] [self_driving]: [ALL_CLASSES] ['crosswalk'][0m
[self_driving-10] [0m[INFO] [1782555876.130816318] [self_driving]: [ALL_CLASSES] ['crosswalk'][0m
[self_driving-10] [0m[INFO] [1782555876.140338984] [self_driving]: [DEBUG_DRIVE] state=LINE_FOLLOW raw_lane_x=144.5 lane_x=144.5 filter=stable linear=0.15 angular=-0.10 cw_y=202 park_x=-1 park_approach=False park_fb_count=0 park_boot_go=0 right_done=True start_turn=False count_turn=0 traffic=None stop=False[0m
[self_driving-10] [0m[INFO] [1782555876.472558873] [self_driving]: [ALL_CLASSES] ['crosswalk'][0m
[self_driving-10] [0m[INFO] [1782555876.478477299] [self_driving]: [OBJECTS] msg_count=458 n=1 names=['crosswalk'][0m
[self_driving-10] [0m[INFO] [1782555876.500796743] [self_driving]: [ALL_CLASSES] ['crosswalk'][0m
[self_driving-10] [0m[INFO] [1782555876.533783521] [self_driving]: [IMAGE] received count=2729 shape=(480, 640, 3) queue=0[0m
[self_driving-10] [0m[INFO] [1782555876.676267132] [self_driving]: [DEBUG_DRIVE] state=LINE_FOLLOW raw_lane_x=106.5 lane_x=106.5 filter=stable linear=0.15 angular=0.10 cw_y=319 park_x=-1 park_approach=False park_fb_count=0 park_boot_go=0 right_done=True start_turn=False count_turn=0 traffic=None stop=False[0m
[self_driving-10] [0m[INFO] [1782555876.827045688] [self_driving]: [ALL_CLASSES] ['go'][0m
[self_driving-10] [0m[INFO] [1782555876.827624151] [self_driving]: [GO_CANDIDATE] cx=225 cy=127 area=770 score=0.87[0m
[self_driving-10] [0m[INFO] [1782555876.830219539] [self_driving]: [ALL_CLASSES] ['crosswalk'][0m
[self_driving-10] [0m[INFO] [1782555876.834050410] [self_driving]: [ALL_CLASSES] ['crosswalk'][0m
[self_driving-10] [0m[INFO] [1782555876.893317039] [self_driving]: [CROSSWALK_SLOW_DONE] return normal speed[0m
[self_driving-10] [0m[INFO] [1782555877.142695373] [self_driving]: [CROSSWALK_SLOW] y=354 th=180 confirm=4[0m
[self_driving-10] [0m[INFO] [1782555877.169436910] [self_driving]: [ALL_CLASSES] ['go'][0m
[self_driving-10] [0m[INFO] [1782555877.170063965] [self_driving]: [OBJECTS] msg_count=463 n=1 names=['go'][0m
[self_driving-10] [0m[INFO] [1782555877.170601428] [self_driving]: [GO_CANDIDATE] cx=218 cy=124 area=828 score=0.88[0m
[self_driving-10] [0m[INFO] [1782555877.174616965] [self_driving]: [ALL_CLASSES] ['crosswalk'][0m
[self_driving-10] [0m[INFO] [1782555877.235508595] [self_driving]: [DEBUG_DRIVE] state=LINE_FOLLOW raw_lane_x=127.0 lane_x=127.0 filter=stable linear=0.15 angular=-0.10 cw_y=377 park_x=-1 park_approach=False park_fb_count=0 park_boot_go=0 right_done=True start_turn=False count_turn=0 traffic=None stop=False[0m
[self_driving-10] [0m[INFO] [1782555877.548245983] [self_driving]: [ALL_CLASSES] ['crosswalk'][0m
[self_driving-10] [0m[INFO] [1782555877.550897187] [self_driving]: [ALL_CLASSES] ['crosswalk'][0m
[self_driving-10] [0m[INFO] [1782555877.553478835] [self_driving]: [ALL_CLASSES] ['go'][0m
[self_driving-10] [0m[INFO] [1782555877.554598632] [self_driving]: [GO_CANDIDATE] cx=200 cy=118 area=912 score=0.85[0m
[self_driving-10] [0m[INFO] [1782555877.750130150] [self_driving]: [DEBUG_DRIVE] state=LINE_FOLLOW raw_lane_x=141.5 lane_x=141.5 filter=stable linear=0.15 angular=-0.10 cw_y=0 park_x=-1 park_approach=False park_fb_count=0 park_boot_go=0 right_done=True start_turn=False count_turn=0 traffic=None stop=False[0m
[self_driving-10] [0m[INFO] [1782555877.876150539] [self_driving]: [ALL_CLASSES] ['crosswalk'][0m
[self_driving-10] [0m[INFO] [1782555877.876847428] [self_driving]: [OBJECTS] msg_count=468 n=1 names=['crosswalk'][0m
[self_driving-10] [0m[INFO] [1782555877.881466909] [self_driving]: [ALL_CLASSES] ['go'][0m
[self_driving-10] [0m[INFO] [1782555877.883532909] [self_driving]: [GO_CANDIDATE] cx=208 cy=106 area=960 score=0.87[0m
[self_driving-10] [0m[INFO] [1782555878.208542724] [self_driving]: [ALL_CLASSES] ['crosswalk'][0m
[self_driving-10] [0m[INFO] [1782555878.212217650] [self_driving]: [ALL_CLASSES] ['go'][0m
[self_driving-10] [0m[INFO] [1782555878.214620483] [self_driving]: [GO_CANDIDATE] cx=211 cy=105 area=1092 score=0.87[0m
[self_driving-10] [0m[INFO] [1782555878.257610816] [self_driving]: [DEBUG_DRIVE] state=LINE_FOLLOW raw_lane_x=121.5 lane_x=121.5 filter=stable linear=0.15 angular=0.10 cw_y=0 park_x=-1 park_approach=False park_fb_count=0 park_boot_go=0 right_done=True start_turn=False count_turn=0 traffic=None stop=False[0m
[self_driving-10] [0m[INFO] [1782555878.527939464] [self_driving]: [ALL_CLASSES] ['crosswalk'][0m
[self_driving-10] [0m[INFO] [1782555878.528941372] [self_driving]: [OBJECTS] msg_count=472 n=1 names=['crosswalk'][0m
[self_driving-10] [0m[INFO] [1782555878.532281872] [self_driving]: [ALL_CLASSES] ['go'][0m
[self_driving-10] [0m[INFO] [1782555878.533806853] [self_driving]: [GO_CANDIDATE] cx=209 cy=111 area=1363 score=0.86[0m
[self_driving-10] [0m[INFO] [1782555878.571775316] [self_driving]: [IMAGE] received count=2756 shape=(480, 640, 3) queue=0[0m
[self_driving-10] [0m[INFO] [1782555878.804368020] [self_driving]: [DEBUG_DRIVE] state=LINE_FOLLOW raw_lane_x=137.5 lane_x=137.5 filter=stable linear=0.15 angular=-0.10 cw_y=0 park_x=-1 park_approach=False park_fb_count=0 park_boot_go=0 right_done=True start_turn=False count_turn=0 traffic=None stop=False[0m
[self_driving-10] [0m[INFO] [1782555878.877492927] [self_driving]: [ALL_CLASSES] ['crosswalk'][0m
[self_driving-10] [0m[INFO] [1782555878.887562612] [self_driving]: [ALL_CLASSES] ['go'][0m
[self_driving-10] [0m[INFO] [1782555878.888522557] [self_driving]: [GO_CANDIDATE] cx=193 cy=110 area=1550 score=0.85[0m
[self_driving-10] [0m[INFO] [1782555879.192046464] [self_driving]: [ALL_CLASSES] ['go'][0m
[self_driving-10] [0m[INFO] [1782555879.193207501] [self_driving]: [OBJECTS] msg_count=476 n=1 names=['go'][0m
[self_driving-10] [0m[INFO] [1782555879.194442057] [self_driving]: [GO_CANDIDATE] cx=148 cy=107 area=1815 score=0.88[0m
[self_driving-10] [0m[INFO] [1782555879.362890668] [self_driving]: [DEBUG_DRIVE] state=LINE_FOLLOW raw_lane_x=116.0 lane_x=116.0 filter=stable linear=0.15 angular=0.10 cw_y=0 park_x=-1 park_approach=False park_fb_count=0 park_boot_go=0 right_done=True start_turn=False count_turn=0 traffic=None stop=False[0m
[self_driving-10] [0m[INFO] [1782555879.563142742] [self_driving]: [ALL_CLASSES] ['crosswalk'][0m
[self_driving-10] [0m[INFO] [1782555879.567276760] [self_driving]: [ALL_CLASSES] ['go'][0m
[self_driving-10] [0m[INFO] [1782555879.569195686] [self_driving]: [GO_CANDIDATE] cx=143 cy=105 area=1767 score=0.89[0m
[self_driving-10] [0m[INFO] [1782555879.839683223] [self_driving]: [CROSSWALK_SLOW_DONE] return normal speed[0m
[self_driving-10] [0m[INFO] [1782555879.878667371] [self_driving]: [ALL_CLASSES] ['crosswalk'][0m
[self_driving-10] [0m[INFO] [1782555879.879901908] [self_driving]: [OBJECTS] msg_count=479 n=1 names=['crosswalk'][0m
[self_driving-10] [0m[INFO] [1782555879.884241982] [self_driving]: [ALL_CLASSES] ['go'][0m
[self_driving-10] [0m[INFO] [1782555879.884969630] [self_driving]: [GO_CANDIDATE] cx=119 cy=102 area=2268 score=0.87[0m
[self_driving-10] [0m[INFO] [1782555879.938150093] [self_driving]: [DEBUG_DRIVE] state=LINE_FOLLOW raw_lane_x=142.0 lane_x=142.0 filter=stable linear=0.30 angular=-0.10 cw_y=0 park_x=-1 park_approach=False park_fb_count=0 park_boot_go=0 right_done=True start_turn=False count_turn=0 traffic=None stop=False[0m
[self_driving-10] [0m[INFO] [1782555880.212824204] [self_driving]: [ALL_CLASSES] ['crosswalk'][0m
[self_driving-10] [0m[INFO] [1782555880.216144908] [self_driving]: [ALL_CLASSES] ['go'][0m
[self_driving-10] [0m[INFO] [1782555880.217229241] [self_driving]: [GO_CANDIDATE] cx=65 cy=97 area=2730 score=0.86[0m
[self_driving-10] [0m[INFO] [1782555880.491111889] [self_driving]: [DEBUG_DRIVE] state=LINE_FOLLOW raw_lane_x=121.5 lane_x=121.5 filter=stable linear=0.30 angular=0.10 cw_y=0 park_x=-1 park_approach=False park_fb_count=0 park_boot_go=0 right_done=True start_turn=False count_turn=0 traffic=None stop=False[0m
[self_driving-10] [0m[INFO] [1782555880.542261296] [self_driving]: [ALL_CLASSES] ['crosswalk'][0m
[self_driving-10] [0m[INFO] [1782555880.543651667] [self_driving]: [OBJECTS] msg_count=483 n=1 names=['crosswalk'][0m
[self_driving-10] [0m[INFO] [1782555880.548475667] [self_driving]: [ALL_CLASSES] ['go'][0m
[self_driving-10] [0m[INFO] [1782555880.552379148] [self_driving]: [GO_CANDIDATE] cx=32 cy=92 area=3040 score=0.88[0m
[self_driving-10] [0m[INFO] [1782555880.657108056] [self_driving]: [IMAGE] received count=2782 shape=(480, 640, 3) queue=0[0m
[self_driving-10] [0m[INFO] [1782555880.875585259] [self_driving]: [ALL_CLASSES] ['crosswalk'][0m
[self_driving-10] [0m[INFO] [1782555880.878952500] [self_driving]: [ALL_CLASSES] ['go'][0m
[self_driving-10] [0m[INFO] [1782555880.881002204] [self_driving]: [GO_CANDIDATE] cx=18 cy=87 area=3080 score=0.85[0m
[self_driving-10] [0m[INFO] [1782555881.063988259] [self_driving]: [DEBUG_DRIVE] state=LINE_FOLLOW raw_lane_x=127.0 lane_x=127.0 filter=stable linear=0.30 angular=0.10 cw_y=0 park_x=-1 park_approach=False park_fb_count=0 park_boot_go=0 right_done=True start_turn=False count_turn=0 traffic=None stop=False[0m
[self_driving-10] [0m[INFO] [1782555881.202994055] [self_driving]: [ALL_CLASSES] ['crosswalk'][0m
[self_driving-10] [0m[INFO] [1782555881.203479500] [self_driving]: [OBJECTS] msg_count=487 n=1 names=['crosswalk'][0m
[self_driving-10] [0m[INFO] [1782555881.461543463] [self_driving]: [CROSSWALK_SLOW] y=422 th=180 confirm=4[0m
[self_driving-10] [0m[INFO] [1782555881.614833203] [self_driving]: [DEBUG_DRIVE] state=LINE_FOLLOW raw_lane_x=134.5 lane_x=134.5 filter=stable linear=0.15 angular=0.10 cw_y=422 park_x=-1 park_approach=False park_fb_count=0 park_boot_go=0 right_done=True start_turn=False count_turn=0 traffic=None stop=False[0m
[self_driving-10] [0m[INFO] [1782555882.175318684] [self_driving]: [DEBUG_DRIVE] state=LINE_FOLLOW raw_lane_x=129.5 lane_x=129.5 filter=stable linear=0.15 angular=0.10 cw_y=422 park_x=-1 park_approach=False park_fb_count=0 park_boot_go=0 right_done=True start_turn=False count_turn=0 traffic=None stop=False[0m
[self_driving-10] [0m[INFO] [1782555882.206525166] [self_driving]: [ALL_CLASSES] ['crosswalk'][0m
[self_driving-10] [0m[INFO] [1782555882.207375110] [self_driving]: [OBJECTS] msg_count=488 n=1 names=['crosswalk'][0m
[self_driving-10] [0m[INFO] [1782555882.746668443] [self_driving]: [IMAGE] received count=2808 shape=(480, 640, 3) queue=0[0m
[self_driving-10] [0m[INFO] [1782555882.757433906] [self_driving]: [DEBUG_DRIVE] state=LINE_FOLLOW raw_lane_x=171.5 lane_x=171.5 filter=stable linear=0.15 angular=-0.10 cw_y=337 park_x=-1 park_approach=False park_fb_count=0 park_boot_go=0 right_done=True start_turn=False count_turn=0 traffic=None stop=False[0m
[self_driving-10] [0m[INFO] [1782555883.326401406] [self_driving]: [DEBUG_DRIVE] state=LINE_FOLLOW raw_lane_x=197.5 lane_x=197.5 filter=stable linear=0.15 angular=-0.10 cw_y=337 park_x=-1 park_approach=False park_fb_count=0 park_boot_go=0 right_done=True start_turn=False count_turn=0 traffic=None stop=False[0m
[self_driving-10] [0m[INFO] [1782555883.881993813] [self_driving]: [DEBUG_DRIVE] state=LINE_FOLLOW raw_lane_x=279.0 lane_x=279.0 filter=stable linear=0.15 angular=-0.45 cw_y=337 park_x=-1 park_approach=False park_fb_count=0 park_boot_go=0 right_done=True start_turn=True count_turn=0 traffic=None stop=False[0m
[self_driving-10] [33m[WARN] [1782555883.967499406] [self_driving]: [LANE_X_JUMP_REJECT] raw=101.5 last=279.0 diff=177.5 candidate=101.5 cnt=1/4[0m
[self_driving-10] [0m[INFO] [1782555884.131444257] [self_driving]: [CROSSWALK_SLOW_DONE] return normal speed[0m
[self_driving-10] [0m[INFO] [1782555884.349117276] [self_driving]: [LANE_X_JUMP_ACCEPT] raw=162.5 last=162.5 cnt=4/4[0m
[self_driving-10] [0m[INFO] [1782555884.349649128] [self_driving]: [POST_RIGHT_CHECK] cw_y=337 th=350 start_turn=True lane_x=162.5 raw_lane_x=162.5 filter=jump_accept[0m
[self_driving-10] [0m[INFO] [1782555884.350298850] [self_driving]: [POST_RIGHT_SKIP] reason=cw_y_too_small cw_y=337 th=350[0m
[self_driving-10] [0m[INFO] [1782555884.436766239] [self_driving]: [CROSSWALK_SLOW] y=337 th=180 confirm=4[0m
[self_driving-10] [0m[INFO] [1782555884.437530553] [self_driving]: [POST_RIGHT_CHECK] cw_y=337 th=350 start_turn=True lane_x=182.0 raw_lane_x=182.0 filter=stable[0m
[self_driving-10] [0m[INFO] [1782555884.438733590] [self_driving]: [POST_RIGHT_SKIP] reason=cw_y_too_small cw_y=337 th=350[0m
[self_driving-10] [0m[INFO] [1782555884.440621313] [self_driving]: [DEBUG_DRIVE] state=LINE_FOLLOW raw_lane_x=182.0 lane_x=182.0 filter=stable linear=0.15 angular=0.00 cw_y=337 park_x=-1 park_approach=False park_fb_count=0 park_boot_go=0 right_done=True start_turn=True count_turn=0 traffic=None stop=False[0m
[self_driving-10] [0m[INFO] [1782555884.748595238] [self_driving]: [IMAGE] received count=2833 shape=(480, 640, 3) queue=0[0m
[self_driving-10] [33m[WARN] [1782555884.757502257] [self_driving]: [LANE_X_JUMP_REJECT] raw=196.5 last=301.5 diff=105.0 candidate=196.5 cnt=1/4[0m
[self_driving-10] [0m[INFO] [1782555885.013089368] [self_driving]: [LANE_X_JUMP_ACCEPT] raw=216.0 last=216.0 cnt=4/4[0m
[self_driving-10] [0m[INFO] [1782555885.014233553] [self_driving]: [DEBUG_DRIVE] state=LINE_FOLLOW raw_lane_x=216.0 lane_x=216.0 filter=jump_accept linear=0.15 angular=-0.45 cw_y=337 park_x=-1 park_approach=False park_fb_count=0 park_boot_go=0 right_done=True start_turn=True count_turn=7 traffic=None stop=False[0m
[self_driving-10] [0m[INFO] [1782555885.334872127] [self_driving]: [LANE_X_JUMP_ACCEPT] raw=300.0 last=300.0 cnt=4/4[0m
[self_driving-10] [0m[INFO] [1782555885.562607738] [self_driving]: [DEBUG_DRIVE] state=LINE_FOLLOW raw_lane_x=291.0 lane_x=291.0 filter=stable linear=0.15 angular=-0.45 cw_y=337 park_x=-1 park_approach=False park_fb_count=0 park_boot_go=0 right_done=True start_turn=True count_turn=14 traffic=None stop=False[0m
[self_driving-10] [0m[INFO] [1782555886.151177404] [self_driving]: [DEBUG_DRIVE] state=LINE_FOLLOW raw_lane_x=299.0 lane_x=299.0 filter=stable linear=0.15 angular=-0.45 cw_y=337 park_x=-1 park_approach=False park_fb_count=0 park_boot_go=0 right_done=True start_turn=True count_turn=21 traffic=None stop=False[0m
[self_driving-10] [0m[INFO] [1782555886.699436904] [self_driving]: [POST_RIGHT_CHECK] cw_y=337 th=350 start_turn=True lane_x=190.0 raw_lane_x=190.0 filter=stable[0m
[self_driving-10] [0m[INFO] [1782555886.699985515] [self_driving]: [POST_RIGHT_SKIP] reason=cw_y_too_small cw_y=337 th=350[0m
[self_driving-10] [0m[INFO] [1782555886.700911219] [self_driving]: [DEBUG_DRIVE] state=LINE_FOLLOW raw_lane_x=190.0 lane_x=190.0 filter=stable linear=0.15 angular=-0.10 cw_y=337 park_x=-1 park_approach=False park_fb_count=0 park_boot_go=0 right_done=True start_turn=False count_turn=0 traffic=None stop=False[0m
[self_driving-10] [0m[INFO] [1782555886.782904274] [self_driving]: [IMAGE] received count=2858 shape=(480, 640, 3) queue=0[0m
[self_driving-10] [0m[INFO] [1782555887.053148700] [self_driving]: [ALL_CLASSES] ['crosswalk'][0m
[self_driving-10] [0m[INFO] [1782555887.053888237] [self_driving]: [OBJECTS] msg_count=489 n=1 names=['crosswalk'][0m
[self_driving-10] [0m[INFO] [1782555887.057378904] [self_driving]: [ALL_CLASSES] ['crosswalk'][0m
[self_driving-10] [0m[INFO] [1782555887.123382478] [self_driving]: [CROSSWALK_SLOW_DONE] return normal speed[0m
[self_driving-10] [0m[INFO] [1782555887.252304700] [self_driving]: [DEBUG_DRIVE] state=LINE_FOLLOW raw_lane_x=134.5 lane_x=134.5 filter=stable linear=0.30 angular=0.10 cw_y=183 park_x=-1 park_approach=False park_fb_count=0 park_boot_go=0 right_done=True start_turn=False count_turn=0 traffic=None stop=False[0m
[self_driving-10] [0m[INFO] [1782555887.376486181] [self_driving]: [ALL_CLASSES] ['crosswalk'][0m
[self_driving-10] [0m[INFO] [1782555887.378439311] [self_driving]: [ALL_CLASSES] ['crosswalk'][0m
[self_driving-10] [0m[INFO] [1782555887.382933996] [self_driving]: [ALL_CLASSES] ['right'][0m
[self_driving-10] [0m[INFO] [1782555887.384537885] [self_driving]: [RIGHT_CANDIDATE] valid=False reject=['small_area', 'right_done'] cnt=0 cx=398 cy=124 area=700 score=0.70 done=True[0m
[self_driving-10] [0m[INFO] [1782555887.703818200] [self_driving]: [ALL_CLASSES] ['crosswalk'][0m
[self_driving-10] [0m[INFO] [1782555887.708071237] [self_driving]: [OBJECTS] msg_count=494 n=1 names=['crosswalk'][0m
[self_driving-10] [0m[INFO] [1782555887.766689866] [self_driving]: [DEBUG_DRIVE] state=LINE_FOLLOW raw_lane_x=124.5 lane_x=124.5 filter=stable linear=0.30 angular=0.10 cw_y=184 park_x=-1 park_approach=False park_fb_count=0 park_boot_go=0 right_done=True start_turn=False count_turn=0 traffic=None stop=False[0m
[self_driving-10] [0m[INFO] [1782555887.994677014] [self_driving]: [CROSSWALK_SLOW] y=184 th=180 confirm=4[0m
[self_driving-10] [0m[INFO] [1782555888.035631866] [self_driving]: [ALL_CLASSES] ['crosswalk'][0m
[self_driving-10] [0m[INFO] [1782555888.040465199] [self_driving]: [ALL_CLASSES] ['crosswalk'][0m
[self_driving-10] [0m[INFO] [1782555888.310851570] [self_driving]: [DEBUG_DRIVE] state=LINE_FOLLOW raw_lane_x=139.5 lane_x=139.5 filter=stable linear=0.15 angular=-0.10 cw_y=184 park_x=-1 park_approach=False park_fb_count=0 park_boot_go=0 right_done=True start_turn=False count_turn=0 traffic=None stop=False[0m
[self_driving-10] [0m[INFO] [1782555888.359946051] [self_driving]: [ALL_CLASSES] ['crosswalk'][0m
[self_driving-10] [0m[INFO] [1782555888.360533514] [self_driving]: [OBJECTS] msg_count=497 n=1 names=['crosswalk'][0m
[self_driving-10] [0m[INFO] [1782555888.363291310] [self_driving]: [ALL_CLASSES] ['right'][0m
[self_driving-10] [0m[INFO] [1782555888.363844607] [self_driving]: [RIGHT_CANDIDATE] valid=False reject=['small_area', 'right_done'] cnt=0 cx=217 cy=120 area=1131 score=0.83 done=True[0m
[self_driving-10] [0m[INFO] [1782555888.367706662] [self_driving]: [ALL_CLASSES] ['crosswalk'][0m
[self_driving-10] [0m[INFO] [1782555888.694109347] [self_driving]: [ALL_CLASSES] ['crosswalk'][0m
[self_driving-10] [0m[INFO] [1782555888.697394588] [self_driving]: [ALL_CLASSES] ['right'][0m
[self_driving-10] [0m[INFO] [1782555888.700226051] [self_driving]: [RIGHT_CANDIDATE] valid=False reject=['small_area', 'right_done'] cnt=0 cx=206 cy=115 area=1364 score=0.84 done=True[0m
[self_driving-10] [0m[INFO] [1782555888.708082532] [self_driving]: [ALL_CLASSES] ['crosswalk'][0m
[self_driving-10] [0m[INFO] [1782555888.801600940] [self_driving]: [IMAGE] received count=2884 shape=(480, 640, 3) queue=0[0m
[self_driving-10] [0m[INFO] [1782555888.809963477] [self_driving]: [DEBUG_DRIVE] state=LINE_FOLLOW raw_lane_x=119.0 lane_x=119.0 filter=stable linear=0.15 angular=0.10 cw_y=186 park_x=-1 park_approach=False park_fb_count=0 park_boot_go=0 right_done=True start_turn=False count_turn=0 traffic=None stop=False[0m
[self_driving-10] [0m[INFO] [1782555889.053288977] [self_driving]: [ALL_CLASSES] ['crosswalk'][0m
[self_driving-10] [0m[INFO] [1782555889.054221662] [self_driving]: [OBJECTS] msg_count=503 n=1 names=['crosswalk'][0m
[self_driving-10] [0m[INFO] [1782555889.060897347] [self_driving]: [ALL_CLASSES] ['right'][0m
[self_driving-10] [0m[INFO] [1782555889.063601384] [self_driving]: [RIGHT_CANDIDATE] valid=False reject=['small_area', 'right_done'] cnt=0 cx=191 cy=111 area=1666 score=0.80 done=True[0m
[self_driving-10] [0m[INFO] [1782555889.332600106] [self_driving]: [DEBUG_DRIVE] state=LINE_FOLLOW raw_lane_x=126.5 lane_x=126.5 filter=stable linear=0.15 angular=0.10 cw_y=0 park_x=-1 park_approach=False park_fb_count=0 park_boot_go=0 right_done=True start_turn=False count_turn=0 traffic=None stop=False[0m
[self_driving-10] [0m[INFO] [1782555889.377954217] [self_driving]: [ALL_CLASSES] ['crosswalk'][0m
[self_driving-10] [0m[INFO] [1782555889.380882773] [self_driving]: [ALL_CLASSES] ['right'][0m
[self_driving-10] [0m[INFO] [1782555889.384385717] [self_driving]: [RIGHT_CANDIDATE] valid=False reject=['small_area', 'right_done'] cnt=0 cx=161 cy=109 area=2160 score=0.85 done=True[0m
[self_driving-10] [0m[INFO] [1782555889.389448347] [self_driving]: [ALL_CLASSES] ['crosswalk'][0m
[self_driving-10] [0m[INFO] [1782555889.746908124] [self_driving]: [ALL_CLASSES] ['crosswalk'][0m
[self_driving-10] [0m[INFO] [1782555889.747380328] [self_driving]: [OBJECTS] msg_count=508 n=1 names=['crosswalk'][0m
[self_driving-10] [0m[INFO] [1782555889.749311328] [self_driving]: [ALL_CLASSES] ['right'][0m
[self_driving-10] [0m[INFO] [1782555889.750032513] [self_driving]: [RIGHT_CANDIDATE] valid=False reject=['small_area', 'right_done'] cnt=0 cx=123 cy=106 area=2394 score=0.90 done=True[0m
[self_driving-10] [0m[INFO] [1782555889.752769791] [self_driving]: [ALL_CLASSES] ['crosswalk'][0m
[self_driving-10] [0m[INFO] [1782555889.879778050] [self_driving]: [DEBUG_DRIVE] state=LINE_FOLLOW raw_lane_x=135.5 lane_x=135.5 filter=stable linear=0.15 angular=0.10 cw_y=202 park_x=-1 park_approach=False park_fb_count=0 park_boot_go=0 right_done=True start_turn=False count_turn=0 traffic=None stop=False[0m
[self_driving-10] [0m[INFO] [1782555890.108865143] [self_driving]: [ALL_CLASSES] ['crosswalk'][0m
[self_driving-10] [0m[INFO] [1782555890.111879828] [self_driving]: [ALL_CLASSES] ['right'][0m
[self_driving-10] [0m[INFO] [1782555890.112803828] [self_driving]: [RIGHT_CANDIDATE] valid=True reject=['right_done'] cnt=0 cx=119 cy=105 area=2806 score=0.87 done=True[0m
[self_driving-10] [0m[INFO] [1782555890.117785865] [self_driving]: [ALL_CLASSES] ['crosswalk'][0m
[self_driving-10] [0m[INFO] [1782555890.409644920] [self_driving]: [DEBUG_DRIVE] state=LINE_FOLLOW raw_lane_x=136.0 lane_x=136.0 filter=stable linear=0.15 angular=-0.10 cw_y=208 park_x=-1 park_approach=False park_fb_count=0 park_boot_go=0 right_done=True start_turn=False count_turn=0 traffic=None stop=False[0m
[self_driving-10] [0m[INFO] [1782555890.446823865] [self_driving]: [ALL_CLASSES] ['crosswalk'][0m
[self_driving-10] [0m[INFO] [1782555890.447657679] [self_driving]: [OBJECTS] msg_count=514 n=1 names=['crosswalk'][0m
[self_driving-10] [0m[INFO] [1782555890.450300587] [self_driving]: [ALL_CLASSES] ['crosswalk'][0m
[self_driving-10] [0m[INFO] [1782555890.675554457] [self_driving]: [CROSSWALK_SLOW_DONE] return normal speed[0m
[self_driving-10] [0m[INFO] [1782555890.786257587] [self_driving]: [ALL_CLASSES] ['crosswalk'][0m
[self_driving-10] [0m[INFO] [1782555890.788744290] [self_driving]: [ALL_CLASSES] ['crosswalk'][0m
[self_driving-10] [0m[INFO] [1782555890.799893327] [self_driving]: [ALL_CLASSES] ['right'][0m
[self_driving-10] [0m[INFO] [1782555890.806113068] [self_driving]: [RIGHT_CANDIDATE] valid=True reject=['right_done'] cnt=0 cx=65 cy=95 area=4408 score=0.78 done=True[0m
[self_driving-10] [0m[INFO] [1782555890.835871698] [self_driving]: [IMAGE] received count=2914 shape=(480, 640, 3) queue=0[0m
[self_driving-10] [0m[INFO] [1782555890.942472142] [self_driving]: [DEBUG_DRIVE] state=LINE_FOLLOW raw_lane_x=139.0 lane_x=139.0 filter=stable linear=0.30 angular=-0.10 cw_y=0 park_x=-1 park_approach=False park_fb_count=0 park_boot_go=0 right_done=True start_turn=False count_turn=0 traffic=None stop=False[0m
[self_driving-10] [0m[INFO] [1782555891.133709086] [self_driving]: [ALL_CLASSES] ['crosswalk'][0m
[self_driving-10] [0m[INFO] [1782555891.134542438] [self_driving]: [OBJECTS] msg_count=519 n=1 names=['crosswalk'][0m
[self_driving-10] [0m[INFO] [1782555891.151767605] [self_driving]: [ALL_CLASSES] ['crosswalk'][0m
[self_driving-10] [0m[INFO] [1782555891.346735642] [self_driving]: [CROSSWALK_SLOW] y=353 th=180 confirm=4[0m
[self_driving-10] [0m[INFO] [1782555891.466841346] [self_driving]: [ALL_CLASSES] ['right'][0m
[self_driving-10] [0m[INFO] [1782555891.467821846] [self_driving]: [RIGHT_CANDIDATE] valid=False reject=['small_area', 'right_done'] cnt=0 cx=11 cy=80 area=2200 score=0.71 done=True[0m
[self_driving-10] [0m[INFO] [1782555891.510798512] [self_driving]: [DEBUG_DRIVE] state=LINE_FOLLOW raw_lane_x=136.0 lane_x=136.0 filter=stable linear=0.15 angular=-0.10 cw_y=0 park_x=-1 park_approach=False park_fb_count=0 park_boot_go=0 right_done=True start_turn=False count_turn=0 traffic=None stop=False[0m
[self_driving-10] [0m[INFO] [1782555891.813531882] [self_driving]: [ALL_CLASSES] ['crosswalk'][0m
[self_driving-10] [0m[INFO] [1782555891.819079753] [self_driving]: [OBJECTS] msg_count=522 n=1 names=['crosswalk'][0m
[self_driving-10] [0m[INFO] [1782555892.015150512] [self_driving]: [DEBUG_DRIVE] state=LINE_FOLLOW raw_lane_x=119.5 lane_x=119.5 filter=stable linear=0.15 angular=0.10 cw_y=238 park_x=-1 park_approach=False park_fb_count=0 park_boot_go=0 right_done=True start_turn=False count_turn=0 traffic=None stop=False[0m
[self_driving-10] [0m[INFO] [1782555892.156383012] [self_driving]: [ALL_CLASSES] ['crosswalk'][0m
[self_driving-10] [0m[INFO] [1782555892.497819326] [self_driving]: [ALL_CLASSES] ['crosswalk'][0m
[self_driving-10] [0m[INFO] [1782555892.499356345] [self_driving]: [OBJECTS] msg_count=524 n=1 names=['crosswalk'][0m
[self_driving-10] [0m[INFO] [1782555892.568265530] [self_driving]: [DEBUG_DRIVE] state=LINE_FOLLOW raw_lane_x=134.0 lane_x=134.0 filter=stable linear=0.15 angular=-0.10 cw_y=297 park_x=-1 park_approach=False park_fb_count=0 park_boot_go=0 right_done=True start_turn=False count_turn=0 traffic=None stop=False[0m
[self_driving-10] [0m[INFO] [1782555892.842844622] [self_driving]: [ALL_CLASSES] ['crosswalk'][0m
[self_driving-10] [0m[INFO] [1782555892.905615567] [self_driving]: [IMAGE] received count=2945 shape=(480, 640, 3) queue=0[0m
[self_driving-10] [0m[INFO] [1782555893.097569122] [self_driving]: [DEBUG_DRIVE] state=LINE_FOLLOW raw_lane_x=135.5 lane_x=135.5 filter=stable linear=0.15 angular=-0.10 cw_y=316 park_x=-1 park_approach=False park_fb_count=0 park_boot_go=0 right_done=True start_turn=False count_turn=0 traffic=None stop=False[0m
[self_driving-10] [0m[INFO] [1782555893.182763382] [self_driving]: [ALL_CLASSES] ['crosswalk'][0m
[self_driving-10] [0m[INFO] [1782555893.184715530] [self_driving]: [OBJECTS] msg_count=526 n=1 names=['crosswalk'][0m
[self_driving-10] [0m[INFO] [1782555893.506515974] [self_driving]: [ALL_CLASSES] ['crosswalk'][0m
[self_driving-10] [0m[INFO] [1782555893.644303863] [self_driving]: [DEBUG_DRIVE] state=LINE_FOLLOW raw_lane_x=131.0 lane_x=131.0 filter=stable linear=0.15 angular=-0.10 cw_y=400 park_x=-1 park_approach=False park_fb_count=0 park_boot_go=0 right_done=True start_turn=False count_turn=0 traffic=None stop=False[0m
[self_driving-10] [0m[INFO] [1782555893.834343677] [self_driving]: [ALL_CLASSES] ['crosswalk'][0m
[self_driving-10] [0m[INFO] [1782555893.834994548] [self_driving]: [OBJECTS] msg_count=528 n=1 names=['crosswalk'][0m
[self_driving-10] [0m[INFO] [1782555894.036652122] [self_driving]: [CROSSWALK_SLOW_DONE] return normal speed[0m
[self_driving-10] [33m[WARN] [1782555894.103601974] [self_driving]: [LANE_X_JUMP_REJECT] raw=173.5 last=80.0 diff=93.5 candidate=173.5 cnt=1/4[0m
[self_driving-10] [0m[INFO] [1782555894.179569566] [self_driving]: [DEBUG_DRIVE] state=LINE_FOLLOW raw_lane_x=288.5 lane_x=80.0 filter=jump_reject linear=0.30 angular=0.10 cw_y=426 park_x=-1 park_approach=False park_fb_count=0 park_boot_go=0 right_done=True start_turn=False count_turn=0 traffic=None stop=False[0m
[self_driving-10] [0m[INFO] [1782555894.212007455] [self_driving]: [ALL_CLASSES] ['crosswalk'][0m
[self_driving-10] [0m[INFO] [1782555894.303426788] [self_driving]: [CROSSWALK_SLOW] y=454 th=180 confirm=4[0m
[self_driving-10] [0m[INFO] [1782555894.710928992] [self_driving]: [DEBUG_DRIVE] state=LINE_FOLLOW raw_lane_x=-1 lane_x=37.0 filter=hold_last linear=0.15 angular=0.10 cw_y=454 park_x=-1 park_approach=False park_fb_count=0 park_boot_go=0 right_done=True start_turn=False count_turn=0 traffic=None stop=False[0m
[self_driving-10] [33m[WARN] [1782555894.779290751] [self_driving]: [LANE_X_JUMP_REJECT] raw=120.0 last=37.0 diff=83.0 candidate=120.0 cnt=1/4[0m
[self_driving-10] [0m[INFO] [1782555894.919919751] [self_driving]: [IMAGE] received count=2975 shape=(480, 640, 3) queue=0[0m
[self_driving-10] [0m[INFO] [1782555895.255772658] [self_driving]: [DEBUG_DRIVE] state=LINE_FOLLOW raw_lane_x=182.5 lane_x=9.5 filter=jump_reject linear=0.15 angular=0.10 cw_y=454 park_x=-1 park_approach=False park_fb_count=0 park_boot_go=0 right_done=True start_turn=False count_turn=0 traffic=None stop=False[0m
[self_driving-10] [33m[WARN] [1782555895.323370214] [self_driving]: [LANE_X_JUMP_REJECT] raw=134.0 last=9.5 diff=124.5 candidate=134.0 cnt=1/4[0m
[self_driving-10] [0m[INFO] [1782555895.782038602] [self_driving]: [DEBUG_DRIVE] state=LINE_FOLLOW raw_lane_x=-1 lane_x=98.5 filter=hold_last linear=0.15 angular=0.10 cw_y=454 park_x=-1 park_approach=False park_fb_count=0 park_boot_go=0 right_done=True start_turn=False count_turn=0 traffic=None stop=False[0m
[self_driving-10] [33m[WARN] [1782555895.991972732] [self_driving]: [LANE_LOST] raw_lane_x=-1 lane_x=-1 filter=lost stop=False state=LINE_FOLLOW safe_linear=0.00 right_ready=False right_done=True[0m
[self_driving-10] [0m[INFO] [1782555896.213844028] [self_driving]: [ALL_CLASSES] ['crosswalk'][0m
[self_driving-10] [0m[INFO] [1782555896.215050083] [self_driving]: [OBJECTS] msg_count=530 n=1 names=['crosswalk'][0m
[self_driving-10] [0m[INFO] [1782555896.348301954] [self_driving]: [DEBUG_DRIVE] state=LINE_FOLLOW raw_lane_x=-1 lane_x=-1 filter=lost linear=0.15 angular=0.00 cw_y=352 park_x=-1 park_approach=False park_fb_count=0 park_boot_go=0 right_done=True start_turn=False count_turn=0 traffic=None stop=False[0m
[self_driving-10] [33m[WARN] [1782555896.529385287] [self_driving]: [LANE_LOST] raw_lane_x=-1 lane_x=-1 filter=lost stop=False state=LINE_FOLLOW safe_linear=0.00 right_ready=False right_done=True[0m
[self_driving-10] [0m[INFO] [1782555896.870931416] [self_driving]: [DEBUG_DRIVE] state=LINE_FOLLOW raw_lane_x=-1 lane_x=-1 filter=lost linear=0.15 angular=0.00 cw_y=352 park_x=-1 park_approach=False park_fb_count=0 park_boot_go=0 right_done=True start_turn=False count_turn=0 traffic=None stop=False[0m
[self_driving-10] [0m[INFO] [1782555896.986969694] [self_driving]: [IMAGE] received count=3006 shape=(480, 640, 3) queue=0[0m
[self_driving-10] [0m[INFO] [1782555896.994574046] [self_driving]: [CROSSWALK_SLOW_DONE] return normal speed[0m
[self_driving-10] [33m[WARN] [1782555897.060155305] [self_driving]: [LANE_LOST] raw_lane_x=-1 lane_x=-1 filter=lost stop=False state=LINE_FOLLOW safe_linear=0.00 right_ready=False right_done=True[0m
[self_driving-10] [0m[INFO] [1782555897.283624824] [self_driving]: [CROSSWALK_SLOW] y=352 th=180 confirm=4[0m
[self_driving-10] [0m[INFO] [1782555897.414326175] [self_driving]: [DEBUG_DRIVE] state=LINE_FOLLOW raw_lane_x=-1 lane_x=-1 filter=lost linear=0.15 angular=0.00 cw_y=352 park_x=-1 park_approach=False park_fb_count=0 park_boot_go=0 right_done=True start_turn=False count_turn=0 traffic=None stop=False[0m
[self_driving-10] [33m[WARN] [1782555897.617099305] [self_driving]: [LANE_LOST] raw_lane_x=-1 lane_x=-1 filter=lost stop=False state=LINE_FOLLOW safe_linear=0.00 right_ready=False right_done=True[0m
[self_driving-10] [0m[INFO] [1782555897.954539508] [self_driving]: [DEBUG_DRIVE] state=LINE_FOLLOW raw_lane_x=-1 lane_x=-1 filter=lost linear=0.15 angular=0.00 cw_y=352 park_x=-1 park_approach=False park_fb_count=0 park_boot_go=0 right_done=True start_turn=False count_turn=0 traffic=None stop=False[0m
[self_driving-10] [33m[WARN] [1782555898.144739730] [self_driving]: [LANE_LOST] raw_lane_x=-1 lane_x=-1 filter=lost stop=False state=LINE_FOLLOW safe_linear=0.00 right_ready=False right_done=True[0m
[self_driving-10] [0m[INFO] [1782555898.478906989] [self_driving]: [DEBUG_DRIVE] state=LINE_FOLLOW raw_lane_x=-1 lane_x=-1 filter=lost linear=0.15 angular=0.00 cw_y=352 park_x=-1 park_approach=False park_fb_count=0 park_boot_go=0 right_done=True start_turn=False count_turn=0 traffic=None stop=False[0m
[self_driving-10] [33m[WARN] [1782555898.679366138] [self_driving]: [LANE_LOST] raw_lane_x=-1 lane_x=-1 filter=lost stop=False state=LINE_FOLLOW safe_linear=0.00 right_ready=False right_done=True[0m
[self_driving-10] [0m[INFO] [1782555899.002241971] [self_driving]: [IMAGE] received count=3036 shape=(480, 640, 3) queue=0[0m
[self_driving-10] [0m[INFO] [1782555899.012213600] [self_driving]: [DEBUG_DRIVE] state=LINE_FOLLOW raw_lane_x=-1 lane_x=-1 filter=lost linear=0.15 angular=0.00 cw_y=352 park_x=-1 park_approach=False park_fb_count=0 park_boot_go=0 right_done=True start_turn=False count_turn=0 traffic=None stop=False[0m
[self_driving-10] [33m[WARN] [1782555899.224958656] [self_driving]: [LANE_LOST] raw_lane_x=-1 lane_x=-1 filter=lost stop=False state=LINE_FOLLOW safe_linear=0.00 right_ready=False right_done=True[0m
[self_driving-10] [0m[INFO] [1782555899.554638526] [self_driving]: [DEBUG_DRIVE] state=LINE_FOLLOW raw_lane_x=-1 lane_x=-1 filter=lost linear=0.15 angular=0.00 cw_y=352 park_x=-1 park_approach=False park_fb_count=0 park_boot_go=0 right_done=True start_turn=False count_turn=0 traffic=None stop=False[0m
[self_driving-10] [33m[WARN] [1782555899.760327341] [self_driving]: [LANE_LOST] raw_lane_x=-1 lane_x=-1 filter=lost stop=False state=LINE_FOLLOW safe_linear=0.00 right_ready=False right_done=True[0m
[self_driving-10] [0m[INFO] [1782555899.971325377] [self_driving]: [CROSSWALK_SLOW_DONE] return normal speed[0m
[self_driving-10] [0m[INFO] [1782555900.092776451] [self_driving]: [DEBUG_DRIVE] state=LINE_FOLLOW raw_lane_x=-1 lane_x=-1 filter=lost linear=0.30 angular=0.00 cw_y=352 park_x=-1 park_approach=False park_fb_count=0 park_boot_go=0 right_done=True start_turn=False count_turn=0 traffic=None stop=False[0m
[self_driving-10] [0m[INFO] [1782555900.234621711] [self_driving]: [CROSSWALK_SLOW] y=352 th=180 confirm=4[0m
[self_driving-10] [33m[WARN] [1782555900.293264044] [self_driving]: [LANE_LOST] raw_lane_x=-1 lane_x=-1 filter=lost stop=False state=LINE_FOLLOW safe_linear=0.00 right_ready=False right_done=True[0m
[self_driving-10] [0m[INFO] [1782555900.615634618] [self_driving]: [DEBUG_DRIVE] state=LINE_FOLLOW raw_lane_x=-1 lane_x=-1 filter=lost linear=0.15 angular=0.00 cw_y=352 park_x=-1 park_approach=False park_fb_count=0 park_boot_go=0 right_done=True start_turn=False count_turn=0 traffic=None stop=False[0m
[self_driving-10] [33m[WARN] [1782555900.832486136] [self_driving]: [LANE_LOST] raw_lane_x=-1 lane_x=-1 filter=lost stop=False state=LINE_FOLLOW safe_linear=0.00 right_ready=False right_done=True[0m
[self_driving-10] [0m[INFO] [1782555901.036948877] [self_driving]: [IMAGE] received count=3066 shape=(480, 640, 3) queue=0[0m
[self_driving-10] [0m[INFO] [1782555901.161010766] [self_driving]: [DEBUG_DRIVE] state=LINE_FOLLOW raw_lane_x=-1 lane_x=-1 filter=lost linear=0.15 angular=0.00 cw_y=352 park_x=-1 park_approach=False park_fb_count=0 park_boot_go=0 right_done=True start_turn=False count_turn=0 traffic=None stop=False[0m
[self_driving-10] [33m[WARN] [1782555901.366309599] [self_driving]: [LANE_LOST] raw_lane_x=-1 lane_x=-1 filter=lost stop=False state=LINE_FOLLOW safe_linear=0.00 right_ready=False right_done=True[0m
[self_driving-10] [0m[INFO] [1782555901.712460617] [self_driving]: [DEBUG_DRIVE] state=LINE_FOLLOW raw_lane_x=-1 lane_x=-1 filter=lost linear=0.15 angular=0.00 cw_y=352 park_x=-1 park_approach=False park_fb_count=0 park_boot_go=0 right_done=True start_turn=False count_turn=0 traffic=None stop=False[0m
[self_driving-10] [33m[WARN] [1782555901.901388691] [self_driving]: [LANE_LOST] raw_lane_x=-1 lane_x=-1 filter=lost stop=False state=LINE_FOLLOW safe_linear=0.00 right_ready=False right_done=True[0m
[self_driving-10] [0m[INFO] [1782555902.257309580] [self_driving]: [DEBUG_DRIVE] state=LINE_FOLLOW raw_lane_x=-1 lane_x=-1 filter=lost linear=0.15 angular=0.00 cw_y=352 park_x=-1 park_approach=False park_fb_count=0 park_boot_go=0 right_done=True start_turn=False count_turn=0 traffic=None stop=False[0m
[self_driving-10] [33m[WARN] [1782555902.442500580] [self_driving]: [LANE_LOST] raw_lane_x=-1 lane_x=-1 filter=lost stop=False state=LINE_FOLLOW safe_linear=0.00 right_ready=False right_done=True[0m
[self_driving-10] [0m[INFO] [1782555902.775239968] [self_driving]: [DEBUG_DRIVE] state=LINE_FOLLOW raw_lane_x=-1 lane_x=-1 filter=lost linear=0.15 angular=0.00 cw_y=352 park_x=-1 park_approach=False park_fb_count=0 park_boot_go=0 right_done=True start_turn=False count_turn=0 traffic=None stop=False[0m
[self_driving-10] [0m[INFO] [1782555902.915702487] [self_driving]: [CROSSWALK_SLOW_DONE] return normal speed[0m
[self_driving-10] [33m[WARN] [1782555902.971256524] [self_driving]: [LANE_LOST] raw_lane_x=-1 lane_x=-1 filter=lost stop=False state=LINE_FOLLOW safe_linear=0.00 right_ready=False right_done=True[0m
[self_driving-10] [0m[INFO] [1782555903.049268283] [self_driving]: [IMAGE] received count=3096 shape=(480, 640, 3) queue=0[0m
[self_driving-10] [0m[INFO] [1782555903.184476283] [self_driving]: [CROSSWALK_SLOW] y=352 th=180 confirm=4[0m
[self_driving-10] [0m[INFO] [1782555903.302027820] [self_driving]: [ALL_CLASSES] ['crosswalk'][0m
[self_driving-10] [0m[INFO] [1782555903.302926876] [self_driving]: [OBJECTS] msg_count=531 n=1 names=['crosswalk'][0m
[self_driving-10] [0m[INFO] [1782555903.324808505] [self_driving]: [CROSSWALK_IGNORE] y=46 < th=180[0m
[self_driving-10] [0m[INFO] [1782555903.330438079] [self_driving]: [DEBUG_DRIVE] state=LINE_FOLLOW raw_lane_x=-1 lane_x=-1 filter=lost linear=0.15 angular=0.00 cw_y=46 park_x=-1 park_approach=False park_fb_count=0 park_boot_go=0 right_done=True start_turn=False count_turn=0 traffic=None stop=False[0m
[self_driving-10] [33m[WARN] [1782555903.520907338] [self_driving]: [LANE_LOST] raw_lane_x=-1 lane_x=-1 filter=lost stop=False state=LINE_FOLLOW safe_linear=0.00 right_ready=False right_done=True[0m
[self_driving-10] [0m[INFO] [1782555903.842769486] [self_driving]: [CROSSWALK_IGNORE] y=46 < th=180[0m
[self_driving-10] [0m[INFO] [1782555903.843889949] [self_driving]: [DEBUG_DRIVE] state=LINE_FOLLOW raw_lane_x=-1 lane_x=-1 filter=lost linear=0.15 angular=0.00 cw_y=46 park_x=-1 park_approach=False park_fb_count=0 park_boot_go=0 right_done=True start_turn=False count_turn=0 traffic=None stop=False[0m
[self_driving-10] [33m[WARN] [1782555904.062203319] [self_driving]: [LANE_LOST] raw_lane_x=-1 lane_x=-1 filter=lost stop=False state=LINE_FOLLOW safe_linear=0.00 right_ready=False right_done=True[0m
[self_driving-10] [0m[INFO] [1782555904.390487801] [self_driving]: [CROSSWALK_IGNORE] y=46 < th=180[0m
[self_driving-10] [0m[INFO] [1782555904.397515486] [self_driving]: [DEBUG_DRIVE] state=LINE_FOLLOW raw_lane_x=-1 lane_x=-1 filter=lost linear=0.15 angular=0.00 cw_y=46 park_x=-1 park_approach=False park_fb_count=0 park_boot_go=0 right_done=True start_turn=False count_turn=0 traffic=None stop=False[0m
[self_driving-10] [33m[WARN] [1782555904.598485023] [self_driving]: [LANE_LOST] raw_lane_x=-1 lane_x=-1 filter=lost stop=False state=LINE_FOLLOW safe_linear=0.00 right_ready=False right_done=True[0m
[self_driving-10] [0m[INFO] [1782555904.705384338] [self_driving]: [ALL_CLASSES] ['crosswalk'][0m
[self_driving-10] [0m[INFO] [1782555904.705869486] [self_driving]: [OBJECTS] msg_count=532 n=1 names=['crosswalk'][0m
[self_driving-10] [0m[INFO] [1782555904.920859078] [self_driving]: [CROSSWALK_IGNORE] y=62 < th=180[0m
[self_driving-10] [0m[INFO] [1782555904.923600319] [self_driving]: [DEBUG_DRIVE] state=LINE_FOLLOW raw_lane_x=-1 lane_x=-1 filter=lost linear=0.15 angular=0.00 cw_y=62 park_x=-1 park_approach=False park_fb_count=0 park_boot_go=0 right_done=True start_turn=False count_turn=0 traffic=None stop=False[0m
[self_driving-10] [0m[INFO] [1782555905.066691930] [self_driving]: [ALL_CLASSES] ['crosswalk'][0m
[self_driving-10] [0m[INFO] [1782555905.124531060] [self_driving]: [IMAGE] received count=3127 shape=(480, 640, 3) queue=0[0m
[self_driving-10] [33m[WARN] [1782555905.138179874] [self_driving]: [LANE_LOST] raw_lane_x=-1 lane_x=-1 filter=lost stop=False state=LINE_FOLLOW safe_linear=0.00 right_ready=False right_done=True[0m
[self_driving-10] [0m[INFO] [1782555905.473026467] [self_driving]: [CROSSWALK_IGNORE] y=152 < th=180[0m
[self_driving-10] [0m[INFO] [1782555905.474523874] [self_driving]: [DEBUG_DRIVE] state=LINE_FOLLOW raw_lane_x=-1 lane_x=-1 filter=lost linear=0.15 angular=0.00 cw_y=152 park_x=-1 park_approach=False park_fb_count=0 park_boot_go=0 right_done=True start_turn=False count_turn=0 traffic=None stop=False[0m
[self_driving-10] [33m[WARN] [1782555905.660040707] [self_driving]: [LANE_LOST] raw_lane_x=-1 lane_x=-1 filter=lost stop=False state=LINE_FOLLOW safe_linear=0.00 right_ready=False right_done=True[0m
[self_driving-10] [0m[INFO] [1782555905.868403281] [self_driving]: [CROSSWALK_SLOW_DONE] return normal speed[0m
[self_driving-10] [0m[INFO] [1782555906.008346689] [self_driving]: [CROSSWALK_IGNORE] y=152 < th=180[0m
[self_driving-10] [0m[INFO] [1782555906.012638448] [self_driving]: [DEBUG_DRIVE] state=LINE_FOLLOW raw_lane_x=-1 lane_x=-1 filter=lost linear=0.30 angular=0.00 cw_y=152 park_x=-1 park_approach=False park_fb_count=0 park_boot_go=0 right_done=True start_turn=False count_turn=0 traffic=None stop=False[0m
[self_driving-10] [33m[WARN] [1782555906.205159855] [self_driving]: [LANE_LOST] raw_lane_x=-1 lane_x=-1 filter=lost stop=False state=LINE_FOLLOW safe_linear=0.00 right_ready=False right_done=True[0m
