[INFO] [launch]: All log files can be found below /home/ubuntu/.ros/log/2026-07-02-13-14-22-168249-raspberrypi-30023
[INFO] [launch]: Default logging verbosity is set to INFO
[INFO] [ascamera_node-1]: process started with pid [30046]
[INFO] [static_transform_publisher-2]: process started with pid [30048]
[INFO] [static_transform_publisher-3]: process started with pid [30050]
[INFO] [joint_state_publisher-4]: process started with pid [30052]
[INFO] [robot_state_publisher-5]: process started with pid [30054]
[INFO] [ros_robot_controller-6]: process started with pid [30056]
[INFO] [odom_publisher-7]: process started with pid [30058]
[INFO] [ekf_node-8]: process started with pid [30072]
[INFO] [yolo_detect-9]: process started with pid [30086]
[INFO] [self_driving-10]: process started with pid [30090]
[ascamera_node-1] [0m[INFO] [1782998062.944091333] [as_logger]: hello world angstrong camera ros2 node[0m
[static_transform_publisher-2] [33m[WARN] [1782998062.941444185] []: Old-style arguments are deprecated; see --help for new-style arguments[0m
[static_transform_publisher-3] [33m[WARN] [1782998062.942500981] []: Old-style arguments are deprecated; see --help for new-style arguments[0m
[static_transform_publisher-2] [0m[INFO] [1782998062.972602129] [static_transform_publisher_pLeLn603G0A7LXHh]: Spinning until stopped - publishing transform
[static_transform_publisher-2] translation: ('0.000000', '0.000000', '0.000000')
[static_transform_publisher-2] rotation: ('-0.500000', '0.499602', '-0.500000', '0.500398')
[static_transform_publisher-2] from 'depth_cam' to 'ascamera_camera_link_0'[0m
[ascamera_node-1] 2026-07-02 13:14:22[INFO] [CameraPublisher.cpp] [1558] [printLaunchParams] get depth_width 640
[ascamera_node-1] 2026-07-02 13:14:22[INFO] [CameraPublisher.cpp] [1559] [printLaunchParams] get depth_height 480
[ascamera_node-1] 2026-07-02 13:14:22[INFO] [CameraPublisher.cpp] [1561] [printLaunchParams] get rgb_width 640
[ascamera_node-1] 2026-07-02 13:14:22[INFO] [CameraPublisher.cpp] [1562] [printLaunchParams] get rgb_height 480
[ascamera_node-1] 2026-07-02 13:14:22[INFO] [CameraPublisher.cpp] [1570] [printLaunchParams] get set_fps 15
[ascamera_node-1] 2026-07-02 13:14:22[INFO] [CameraPublisher.cpp] [1578] [printLaunchParams] get color_pcl 1
[ascamera_node-1] 2026-07-02 13:14:22[INFO] [CameraPublisher.cpp] [1582] [printLaunchParams] get pub_tfTree 1
[ascamera_node-1] 2026-07-02 13:14:22[INFO] [CameraSrv.cpp] [35] [CameraSrv] Angstrong camera server
[ascamera_node-1] 2026-07-02 13:14:22[INFO] [CameraSrv.cpp] [45] [CameraSrv] Angstrong camera sdk version:v1.2.22.20240516
[static_transform_publisher-3] [0m[INFO] [1782998062.989549203] [static_transform_publisher_ATTZU6NJAywHTIIf]: Spinning until stopped - publishing transform
[static_transform_publisher-3] translation: ('0.000000', '0.000000', '0.000000')
[static_transform_publisher-3] rotation: ('-0.500000', '0.499602', '-0.500000', '0.500398')
[static_transform_publisher-3] from 'depth_cam' to 'ascamera_color_0'[0m
[robot_state_publisher-5] [0m[INFO] [1782998063.045795129] [robot_state_publisher]: got segment base_footprint[0m
[robot_state_publisher-5] [0m[INFO] [1782998063.048949685] [robot_state_publisher]: got segment base_link[0m
[robot_state_publisher-5] [0m[INFO] [1782998063.048986129] [robot_state_publisher]: got segment depth_cam[0m
[robot_state_publisher-5] [0m[INFO] [1782998063.048996240] [robot_state_publisher]: got segment imu_link[0m
[robot_state_publisher-5] [0m[INFO] [1782998063.049039963] [robot_state_publisher]: got segment lidar_frame[0m
[robot_state_publisher-5] [0m[INFO] [1782998063.049050278] [robot_state_publisher]: got segment wheel_lb_Link[0m
[robot_state_publisher-5] [0m[INFO] [1782998063.049060092] [robot_state_publisher]: got segment wheel_lf_Link[0m
[robot_state_publisher-5] [0m[INFO] [1782998063.049068963] [robot_state_publisher]: got segment wheel_rb_Link[0m
[robot_state_publisher-5] [0m[INFO] [1782998063.049077778] [robot_state_publisher]: got segment wheel_rf_Link[0m
[joint_state_publisher-4] [0m[INFO] [1782998063.771312722] [joint_state_publisher]: Waiting for robot_description to be published on the robot_description topic...[0m
[odom_publisher-7] [0m[INFO] [1782998063.953308388] [odom_publisher]: [1;32m0.930000 1.010000[0m[0m
[odom_publisher-7] [0m[INFO] [1782998063.975094851] [odom_publisher]: [1;32mstart[0m[0m
[ascamera_node-1] 2026-07-02 13:14:23[INFO] [CameraSrv.cpp] [114] [onAttached] attached
[ascamera_node-1] 2026-07-02 13:14:23[INFO] [CameraSrv.cpp] [145] [onAttached] this is a new attach device, create and open it
[ros_robot_controller-6] [0m[INFO] [1782998064.502446554] [ros_robot_controller]: 已设置舵机 1 的偏移量为 0[0m
[ros_robot_controller-6] [0m[INFO] [1782998064.503931943] [ros_robot_controller]: 已设置舵机 2 的偏移量为 0[0m
[ros_robot_controller-6] [0m[INFO] [1782998064.504883943] [ros_robot_controller]: 已设置舵机 3 的偏移量为 4[0m
[ros_robot_controller-6] [0m[INFO] [1782998064.506587777] [ros_robot_controller]: 已设置舵机 4 的偏移量为 0[0m
[ros_robot_controller-6] [0m[INFO] [1782998064.512636203] [ros_robot_controller]: [1;32mstart[0m[0m
[self_driving-10] [0m[INFO] [1782998064.679131295] [self_driving]: [INIT] init_process started[0m
[self_driving-10] [0m[INFO] [1782998064.679642832] [self_driving]: [INIT] only_line_follow=False[0m
[self_driving-10] [0m[INFO] [1782998064.680094925] [self_driving]: [INIT] request /yolov5/start[0m
[ascamera_node-1] 2026-07-02 13:14:25[INFO] [CameraSrv.cpp] [154] [onAttached] get model type 9
[ascamera_node-1] 2026-07-02 13:14:25[INFO] [CameraSrv.cpp] [342] [getConfigFile] get file: /home/ubuntu/third_party_ros2/third_party_ws/src/ascamera/configurationfiles/hp60c_v2_00_20230704_configEncrypt.json
[ascamera_node-1] 2026-07-02 13:14:25[INFO] [CameraPublisher.cpp] [1501] [logCameraPathInfo] usb camera
[ascamera_node-1] 2026-07-02 13:14:25[INFO] [CameraPublisher.cpp] [1502] [logCameraPathInfo] bnum:1
[ascamera_node-1] 2026-07-02 13:14:25[INFO] [CameraPublisher.cpp] [1503] [logCameraPathInfo] dnum:3
[ascamera_node-1] 2026-07-02 13:14:25[INFO] [CameraPublisher.cpp] [1504] [logCameraPathInfo] port_numbers:2
[ascamera_node-1] 2026-07-02 13:14:25[INFO] [CameraPublisher.cpp] [171] [onCameraAttached] create a new publisher info set
[ascamera_node-1] 2026-07-02 13:14:25[INFO] [TfTreeFrameIdInfo.cpp] [11] [TfTreeFrameIdInfo] Namespace /ascamera
[ascamera_node-1] 2026-07-02 13:14:25[INFO] [CameraHp60c.cpp] [128] [open] according to the configuration file.
[ascamera_node-1] 2026-07-02 13:14:25[INFO] [CameraHp60c.cpp] [1528] [parseConfigFileParameter] moduleName:AS_CAM_HP60C
[ascamera_node-1] 2026-07-02 13:14:25[INFO] [CameraHp60c.cpp] [1555] [parseConfigFileParameter] Parsing config file /home/ubuntu/third_party_ros2/third_party_ws/src/ascamera/configurationfiles/hp60c_v2_00_20230704_configEncrypt.json
[ascamera_node-1] 2026-07-02 13:14:25[INFO] [CameraHp60c.cpp] [1620] [parseConfigFileParameter] configuration protocol Version: v2.x
[ascamera_node-1] 2026-07-02 13:14:25[INFO] [CameraHp60c.cpp] [1631] [parseConfigFileParameter] configuration Version: v2.0.0.20230704
[ascamera_node-1] 2026-07-02 13:14:25[INFO] [CameraHp60c.cpp] [1796] [setParamersAfterOpenCam] Camera confiParaEnable true, setting configuration parameter
[ascamera_node-1] 2026-07-02 13:14:26[ERROR] [XuCmdCameraHp60c.cpp] [454] [getMjpegSize] get mjpeg from xu command failed
[ascamera_node-1] 2026-07-02 13:14:26[INFO] [XuCmdCameraHp60c.cpp] [458] [getMjpegSize] mjpeg size:640x480
[ascamera_node-1] 2026-07-02 13:14:26[INFO] [CameraPublisher.cpp] [356] [onCameraOpen] camera opened
[ascamera_node-1] 2026-07-02 13:14:26[INFO] [CameraPublisher.cpp] [370] [onCameraOpen] get config info, ret 0, is_Registration 1
[ascamera_node-1] 2026-07-02 13:14:26[INFO] [Camera.cpp] [61] [init] #camera[0x5555e38f6710] SN[ASC60CF08000515]'s firmware version:DLS_VERc20865=:V01.09_2024110714:V01.19_2024110714:L01
[ascamera_node-1] 2026-07-02 13:14:26[INFO] [CameraPublisher.cpp] [1183] [setResolution] set depth resolution: 640 x 480 @ 15fps
[ascamera_node-1] 2026-07-02 13:14:26[INFO] [CameraPublisher.cpp] [1197] [setResolution] set rgb resolution: 640 x 480 @ 15fps
[ascamera_node-1] 2026-07-02 13:14:26[INFO] [CameraHp60c.cpp] [260] [startStreaming] start streaming
[ascamera_node-1] 2026-07-02 13:14:26[INFO] [CameraSrv.cpp] [202] [onAttached] attached end
[self_driving-10] [33m[WARN] [1782998066.683200183] [self_driving]: [YOLO_SERVICE] service not ready, continue without blocking[0m
[self_driving-10] [0m[INFO] [1782998067.184365997] [self_driving]: [INIT] enter + set_running start[0m
[self_driving-10] [0m[INFO] [1782998067.184890275] [self_driving]: [1;32mself driving enter[0m[0m
[self_driving-10] [0m[INFO] [1782998067.194857479] [self_driving]: [SUB] image=/ascamera/camera_publisher/rgb0/image object=/yolov5_ros2/object_detect[0m
[self_driving-10] [0m[INFO] [1782998067.196538219] [self_driving]: [1;32mset_running[0m[0m
[self_driving-10] [0m[INFO] [1782998067.200832590] [self_driving]: [1;32m[START] hybrid self_driving start: auto LINE_FOLLOW[0m[0m
[INFO] [apply_calib-11]: process started with pid [30229]
[INFO] [complementary_filter_node-12]: process started with pid [30231]
[ascamera_node-1] 2026-07-02 13:14:27[WARN] [CameraHp60c.cpp] [785] [processRawData] wrong size, read :16262,but framesize:3599422889
[ascamera_node-1] 2026-07-02 13:14:27[WARN] [CameraHp60c.cpp] [785] [processRawData] wrong size, read :16227,but framesize:0
[ascamera_node-1] 2026-07-02 13:14:27[WARN] [CameraHp60c.cpp] [785] [processRawData] wrong size, read :16185,but framesize:2891291221
[ascamera_node-1] 2026-07-02 13:14:27[WARN] [CameraHp60c.cpp] [785] [processRawData] wrong size, read :23371,but framesize:945764447
[complementary_filter_node-12] [0m[INFO] [1782998067.985477738] [imu_filter]: Starting ComplementaryFilterROS[0m
[ascamera_node-1] 2026-07-02 13:14:28[INFO] [CameraHp60c.cpp] [912] [setInternalParameter] mjpeg info: size(640x480)
[apply_calib-11] [0m[INFO] [1782998068.045506682] [imu_calib]: Calibrating gyros; do not move the IMU[0m
[ascamera_node-1] 2026-07-02 13:14:28[INFO] [Camera.cpp] [127] [backgroundThread] SN [ ASC60CF08000515 ]'s parameter:
[ascamera_node-1] 2026-07-02 13:14:28[INFO] [Camera.cpp] [128] [backgroundThread] irfx: 426.962
[ascamera_node-1] 2026-07-02 13:14:28[INFO] [Camera.cpp] [129] [backgroundThread] irfy: 426.374
[ascamera_node-1] 2026-07-02 13:14:28[INFO] [Camera.cpp] [130] [backgroundThread] ircx: 315.403
[ascamera_node-1] 2026-07-02 13:14:28[INFO] [Camera.cpp] [131] [backgroundThread] ircy: 240.933
[ascamera_node-1] 2026-07-02 13:14:28[INFO] [Camera.cpp] [132] [backgroundThread] rgbfx: 570.48
[ascamera_node-1] 2026-07-02 13:14:28[INFO] [Camera.cpp] [133] [backgroundThread] rgbfy: 569.949
[ascamera_node-1] 2026-07-02 13:14:28[INFO] [Camera.cpp] [134] [backgroundThread] rgbcx: 329.75
[ascamera_node-1] 2026-07-02 13:14:28[INFO] [Camera.cpp] [135] [backgroundThread] rgbcy: 238.406
[ascamera_node-1] 
[ascamera_node-1] 2026-07-02 13:14:28[INFO] [CameraHp60c.cpp] [1149] [streamCallback] set gain ret 0, gain 4
[self_driving-10] [0m[INFO] [1782998068.816884311] [self_driving]: [IMAGE] received count=1 shape=(480, 640, 3) queue=0[0m
[self_driving-10] [33m[WARN] [1782998068.986608292] [self_driving]: [IMAGE] queue full -> drop oldest frame[0m
[self_driving-10] [33m[WARN] [1782998068.998058792] [self_driving]: [LANE_LOST] raw_lane_x=-1 lane_x=-1 filter=lost stop=False state=LINE_FOLLOW safe_linear=0.02 right_ready=False right_done=False[0m
[self_driving-10] [0m[INFO] [1782998068.998866830] [self_driving]: [DEBUG_DRIVE] state=LINE_FOLLOW raw_lane_x=-1 lane_x=-1 filter=lost linear=0.32 angular=0.00 cw_y=0 right_done=False start_turn=False count_turn=0 traffic=None stop=False[0m
[self_driving-10] [33m[WARN] [1782998069.527308070] [self_driving]: [LANE_LOST] raw_lane_x=-1 lane_x=-1 filter=lost stop=False state=LINE_FOLLOW safe_linear=0.02 right_ready=False right_done=False[0m
[self_driving-10] [0m[INFO] [1782998069.528094514] [self_driving]: [DEBUG_DRIVE] state=LINE_FOLLOW raw_lane_x=-1 lane_x=-1 filter=lost linear=0.32 angular=0.00 cw_y=0 right_done=False start_turn=False count_turn=0 traffic=None stop=False[0m
[self_driving-10] [33m[WARN] [1782998070.063037125] [self_driving]: [LANE_LOST] raw_lane_x=-1 lane_x=-1 filter=lost stop=False state=LINE_FOLLOW safe_linear=0.02 right_ready=False right_done=False[0m
[self_driving-10] [0m[INFO] [1782998070.063656162] [self_driving]: [DEBUG_DRIVE] state=LINE_FOLLOW raw_lane_x=-1 lane_x=-1 filter=lost linear=0.32 angular=0.00 cw_y=0 right_done=False start_turn=False count_turn=0 traffic=None stop=False[0m
[apply_calib-11] [0m[INFO] [1782998070.082243384] [imu_calib]: Gyro calibration complete! (bias = [-0.249, -0.168, -0.001])[0m
[yolo_detect-9] [0m[INFO] [1782998070.289223051] [yolov5_ros2]: Current ROS 2 distribution: humble[0m
[self_driving-10] [33m[WARN] [1782998070.613537180] [self_driving]: [LANE_LOST] raw_lane_x=-1 lane_x=-1 filter=lost stop=False state=LINE_FOLLOW safe_linear=0.02 right_ready=False right_done=False[0m
[self_driving-10] [0m[INFO] [1782998070.614079829] [self_driving]: [DEBUG_DRIVE] state=LINE_FOLLOW raw_lane_x=-1 lane_x=-1 filter=lost linear=0.32 angular=0.00 cw_y=0 right_done=False start_turn=False count_turn=0 traffic=None stop=False[0m
[self_driving-10] [0m[INFO] [1782998070.886125625] [self_driving]: [IMAGE] received count=32 shape=(480, 640, 3) queue=0[0m
[self_driving-10] [33m[WARN] [1782998071.158042199] [self_driving]: [LANE_LOST] raw_lane_x=-1 lane_x=-1 filter=lost stop=False state=LINE_FOLLOW safe_linear=0.02 right_ready=False right_done=False[0m
[self_driving-10] [0m[INFO] [1782998071.160318476] [self_driving]: [DEBUG_DRIVE] state=LINE_FOLLOW raw_lane_x=-1 lane_x=-1 filter=lost linear=0.32 angular=0.00 cw_y=0 right_done=False start_turn=False count_turn=0 traffic=None stop=False[0m
[self_driving-10] [33m[WARN] [1782998071.697652772] [self_driving]: [LANE_LOST] raw_lane_x=-1 lane_x=-1 filter=lost stop=False state=LINE_FOLLOW safe_linear=0.02 right_ready=False right_done=False[0m
[self_driving-10] [0m[INFO] [1782998071.698365550] [self_driving]: [DEBUG_DRIVE] state=LINE_FOLLOW raw_lane_x=-1 lane_x=-1 filter=lost linear=0.32 angular=0.00 cw_y=0 right_done=False start_turn=False count_turn=0 traffic=None stop=False[0m
[self_driving-10] [33m[WARN] [1782998072.232750568] [self_driving]: [LANE_LOST] raw_lane_x=-1 lane_x=-1 filter=lost stop=False state=LINE_FOLLOW safe_linear=0.02 right_ready=False right_done=False[0m
[self_driving-10] [0m[INFO] [1782998072.233364865] [self_driving]: [DEBUG_DRIVE] state=LINE_FOLLOW raw_lane_x=-1 lane_x=-1 filter=lost linear=0.32 angular=0.00 cw_y=0 right_done=False start_turn=False count_turn=0 traffic=None stop=False[0m
[self_driving-10] [33m[WARN] [1782998072.759946605] [self_driving]: [LANE_LOST] raw_lane_x=-1 lane_x=-1 filter=lost stop=False state=LINE_FOLLOW safe_linear=0.02 right_ready=False right_done=False[0m
[self_driving-10] [0m[INFO] [1782998072.760503716] [self_driving]: [DEBUG_DRIVE] state=LINE_FOLLOW raw_lane_x=-1 lane_x=-1 filter=lost linear=0.32 angular=0.00 cw_y=0 right_done=False start_turn=False count_turn=0 traffic=None stop=False[0m
[self_driving-10] [0m[INFO] [1782998072.912134105] [self_driving]: [IMAGE] received count=62 shape=(480, 640, 3) queue=0[0m
[self_driving-10] [33m[WARN] [1782998073.298354734] [self_driving]: [LANE_LOST] raw_lane_x=-1 lane_x=-1 filter=lost stop=False state=LINE_FOLLOW safe_linear=0.02 right_ready=False right_done=False[0m
[self_driving-10] [0m[INFO] [1782998073.298883660] [self_driving]: [DEBUG_DRIVE] state=LINE_FOLLOW raw_lane_x=-1 lane_x=-1 filter=lost linear=0.32 angular=0.00 cw_y=0 right_done=False start_turn=False count_turn=0 traffic=None stop=False[0m
[self_driving-10] [33m[WARN] [1782998073.854725438] [self_driving]: [LANE_LOST] raw_lane_x=-1 lane_x=-1 filter=lost stop=False state=LINE_FOLLOW safe_linear=0.02 right_ready=False right_done=False[0m
[self_driving-10] [0m[INFO] [1782998073.855275456] [self_driving]: [DEBUG_DRIVE] state=LINE_FOLLOW raw_lane_x=-1 lane_x=-1 filter=lost linear=0.32 angular=0.00 cw_y=0 right_done=False start_turn=False count_turn=0 traffic=None stop=False[0m
[self_driving-10] [33m[WARN] [1782998074.377580660] [self_driving]: [LANE_LOST] raw_lane_x=-1 lane_x=-1 filter=lost stop=False state=LINE_FOLLOW safe_linear=0.02 right_ready=False right_done=False[0m
[self_driving-10] [0m[INFO] [1782998074.378101456] [self_driving]: [DEBUG_DRIVE] state=LINE_FOLLOW raw_lane_x=-1 lane_x=-1 filter=lost linear=0.32 angular=0.00 cw_y=0 right_done=False start_turn=False count_turn=0 traffic=None stop=False[0m
[self_driving-10] [0m[INFO] [1782998074.917202770] [self_driving]: [IMAGE] received count=92 shape=(480, 640, 3) queue=0[0m
[self_driving-10] [33m[WARN] [1782998074.929966141] [self_driving]: [LANE_LOST] raw_lane_x=-1 lane_x=-1 filter=lost stop=False state=LINE_FOLLOW safe_linear=0.02 right_ready=False right_done=False[0m
[self_driving-10] [0m[INFO] [1782998074.934876326] [self_driving]: [DEBUG_DRIVE] state=LINE_FOLLOW raw_lane_x=-1 lane_x=-1 filter=lost linear=0.32 angular=0.00 cw_y=0 right_done=False start_turn=False count_turn=0 traffic=None stop=False[0m
[self_driving-10] [33m[WARN] [1782998075.462777789] [self_driving]: [LANE_LOST] raw_lane_x=-1 lane_x=-1 filter=lost stop=False state=LINE_FOLLOW safe_linear=0.02 right_ready=False right_done=False[0m
[self_driving-10] [0m[INFO] [1782998075.463244955] [self_driving]: [DEBUG_DRIVE] state=LINE_FOLLOW raw_lane_x=-1 lane_x=-1 filter=lost linear=0.32 angular=0.00 cw_y=0 right_done=False start_turn=False count_turn=0 traffic=None stop=False[0m
[self_driving-10] [33m[WARN] [1782998075.986866307] [self_driving]: [LANE_LOST] raw_lane_x=-1 lane_x=-1 filter=lost stop=False state=LINE_FOLLOW safe_linear=0.02 right_ready=False right_done=False[0m
[self_driving-10] [0m[INFO] [1782998075.990463825] [self_driving]: [DEBUG_DRIVE] state=LINE_FOLLOW raw_lane_x=-1 lane_x=-1 filter=lost linear=0.32 angular=0.00 cw_y=0 right_done=False start_turn=False count_turn=0 traffic=None stop=False[0m
[self_driving-10] [33m[WARN] [1782998076.538684399] [self_driving]: [LANE_LOST] raw_lane_x=-1 lane_x=-1 filter=lost stop=False state=LINE_FOLLOW safe_linear=0.02 right_ready=False right_done=False[0m
[self_driving-10] [0m[INFO] [1782998076.539346251] [self_driving]: [DEBUG_DRIVE] state=LINE_FOLLOW raw_lane_x=-1 lane_x=-1 filter=lost linear=0.32 angular=0.00 cw_y=0 right_done=False start_turn=False count_turn=0 traffic=None stop=False[0m
[self_driving-10] [0m[INFO] [1782998076.934907603] [self_driving]: [IMAGE] received count=122 shape=(480, 640, 3) queue=0[0m
[self_driving-10] [33m[WARN] [1782998077.079637973] [self_driving]: [LANE_LOST] raw_lane_x=-1 lane_x=-1 filter=lost stop=False state=LINE_FOLLOW safe_linear=0.02 right_ready=False right_done=False[0m
[self_driving-10] [0m[INFO] [1782998077.080233843] [self_driving]: [DEBUG_DRIVE] state=LINE_FOLLOW raw_lane_x=-1 lane_x=-1 filter=lost linear=0.32 angular=0.00 cw_y=0 right_done=False start_turn=False count_turn=0 traffic=None stop=False[0m
[self_driving-10] [33m[WARN] [1782998077.608489158] [self_driving]: [LANE_LOST] raw_lane_x=-1 lane_x=-1 filter=lost stop=False state=LINE_FOLLOW safe_linear=0.02 right_ready=False right_done=False[0m
[self_driving-10] [0m[INFO] [1782998077.613314769] [self_driving]: [DEBUG_DRIVE] state=LINE_FOLLOW raw_lane_x=-1 lane_x=-1 filter=lost linear=0.32 angular=0.00 cw_y=0 right_done=False start_turn=False count_turn=0 traffic=None stop=False[0m
[self_driving-10] [33m[WARN] [1782998078.158966380] [self_driving]: [LANE_LOST] raw_lane_x=-1 lane_x=-1 filter=lost stop=False state=LINE_FOLLOW safe_linear=0.02 right_ready=False right_done=False[0m
[self_driving-10] [0m[INFO] [1782998078.163209731] [self_driving]: [DEBUG_DRIVE] state=LINE_FOLLOW raw_lane_x=-1 lane_x=-1 filter=lost linear=0.32 angular=0.00 cw_y=0 right_done=False start_turn=False count_turn=0 traffic=None stop=False[0m
[self_driving-10] [33m[WARN] [1782998078.686568639] [self_driving]: [LANE_LOST] raw_lane_x=-1 lane_x=-1 filter=lost stop=False state=LINE_FOLLOW safe_linear=0.02 right_ready=False right_done=False[0m
[self_driving-10] [0m[INFO] [1782998078.687168102] [self_driving]: [DEBUG_DRIVE] state=LINE_FOLLOW raw_lane_x=-1 lane_x=-1 filter=lost linear=0.32 angular=0.00 cw_y=0 right_done=False start_turn=False count_turn=0 traffic=None stop=False[0m
[self_driving-10] [0m[INFO] [1782998078.939447287] [self_driving]: [IMAGE] received count=152 shape=(480, 640, 3) queue=0[0m
[self_driving-10] [33m[WARN] [1782998079.244306360] [self_driving]: [LANE_LOST] raw_lane_x=-1 lane_x=-1 filter=lost stop=False state=LINE_FOLLOW safe_linear=0.02 right_ready=False right_done=False[0m
[self_driving-10] [0m[INFO] [1782998079.245108620] [self_driving]: [DEBUG_DRIVE] state=LINE_FOLLOW raw_lane_x=-1 lane_x=-1 filter=lost linear=0.32 angular=0.00 cw_y=0 right_done=False start_turn=False count_turn=0 traffic=None stop=False[0m
[self_driving-10] [33m[WARN] [1782998079.746383101] [self_driving]: [LANE_LOST] raw_lane_x=-1 lane_x=-1 filter=lost stop=False state=LINE_FOLLOW safe_linear=0.02 right_ready=False right_done=False[0m
[self_driving-10] [0m[INFO] [1782998079.746893805] [self_driving]: [DEBUG_DRIVE] state=LINE_FOLLOW raw_lane_x=-1 lane_x=-1 filter=lost linear=0.32 angular=0.00 cw_y=0 right_done=False start_turn=False count_turn=0 traffic=None stop=False[0m
[self_driving-10] [33m[WARN] [1782998080.298939156] [self_driving]: [LANE_LOST] raw_lane_x=-1 lane_x=-1 filter=lost stop=False state=LINE_FOLLOW safe_linear=0.02 right_ready=False right_done=False[0m
[self_driving-10] [0m[INFO] [1782998080.299517915] [self_driving]: [DEBUG_DRIVE] state=LINE_FOLLOW raw_lane_x=-1 lane_x=-1 filter=lost linear=0.32 angular=0.00 cw_y=0 right_done=False start_turn=False count_turn=0 traffic=None stop=False[0m
[self_driving-10] [33m[WARN] [1782998080.842531693] [self_driving]: [LANE_LOST] raw_lane_x=-1 lane_x=-1 filter=lost stop=False state=LINE_FOLLOW safe_linear=0.02 right_ready=False right_done=False[0m
[self_driving-10] [0m[INFO] [1782998080.843031822] [self_driving]: [DEBUG_DRIVE] state=LINE_FOLLOW raw_lane_x=-1 lane_x=-1 filter=lost linear=0.32 angular=0.00 cw_y=0 right_done=False start_turn=False count_turn=0 traffic=None stop=False[0m
[self_driving-10] [0m[INFO] [1782998080.968655378] [self_driving]: [IMAGE] received count=182 shape=(480, 640, 3) queue=0[0m
[self_driving-10] [33m[WARN] [1782998081.372350026] [self_driving]: [LANE_LOST] raw_lane_x=-1 lane_x=-1 filter=lost stop=False state=LINE_FOLLOW safe_linear=0.02 right_ready=False right_done=False[0m
[self_driving-10] [0m[INFO] [1782998081.373529378] [self_driving]: [DEBUG_DRIVE] state=LINE_FOLLOW raw_lane_x=-1 lane_x=-1 filter=lost linear=0.32 angular=0.00 cw_y=0 right_done=False start_turn=False count_turn=0 traffic=None stop=False[0m
[self_driving-10] [33m[WARN] [1782998081.915098674] [self_driving]: [LANE_LOST] raw_lane_x=-1 lane_x=-1 filter=lost stop=False state=LINE_FOLLOW safe_linear=0.02 right_ready=False right_done=False[0m
[self_driving-10] [0m[INFO] [1782998081.915853785] [self_driving]: [DEBUG_DRIVE] state=LINE_FOLLOW raw_lane_x=-1 lane_x=-1 filter=lost linear=0.32 angular=0.00 cw_y=0 right_done=False start_turn=False count_turn=0 traffic=None stop=False[0m
[self_driving-10] [33m[WARN] [1782998082.432252692] [self_driving]: [LANE_LOST] raw_lane_x=-1 lane_x=-1 filter=lost stop=False state=LINE_FOLLOW safe_linear=0.02 right_ready=False right_done=False[0m
[self_driving-10] [0m[INFO] [1782998082.432828118] [self_driving]: [DEBUG_DRIVE] state=LINE_FOLLOW raw_lane_x=-1 lane_x=-1 filter=lost linear=0.32 angular=0.00 cw_y=0 right_done=False start_turn=False count_turn=0 traffic=None stop=False[0m
[self_driving-10] [0m[INFO] [1782998082.969939284] [self_driving]: [IMAGE] received count=212 shape=(480, 640, 3) queue=0[0m
[self_driving-10] [33m[WARN] [1782998082.978583932] [self_driving]: [LANE_LOST] raw_lane_x=-1 lane_x=-1 filter=lost stop=False state=LINE_FOLLOW safe_linear=0.02 right_ready=False right_done=False[0m
[self_driving-10] [0m[INFO] [1782998082.981573617] [self_driving]: [DEBUG_DRIVE] state=LINE_FOLLOW raw_lane_x=-1 lane_x=-1 filter=lost linear=0.32 angular=0.00 cw_y=0 right_done=False start_turn=False count_turn=0 traffic=None stop=False[0m
[self_driving-10] [33m[WARN] [1782998083.522393228] [self_driving]: [LANE_LOST] raw_lane_x=-1 lane_x=-1 filter=lost stop=False state=LINE_FOLLOW safe_linear=0.02 right_ready=False right_done=False[0m
[self_driving-10] [0m[INFO] [1782998083.523331376] [self_driving]: [DEBUG_DRIVE] state=LINE_FOLLOW raw_lane_x=-1 lane_x=-1 filter=lost linear=0.32 angular=0.00 cw_y=0 right_done=False start_turn=False count_turn=0 traffic=None stop=False[0m
[self_driving-10] [0m[INFO] [1782998083.542324580] [self_driving]: [OBJECTS] msg_count=1 n=1 names=['crosswalk'][0m
[self_driving-10] [33m[WARN] [1782998084.063330469] [self_driving]: [LANE_LOST] raw_lane_x=-1 lane_x=-1 filter=lost stop=False state=LINE_FOLLOW safe_linear=0.02 right_ready=False right_done=False[0m
[self_driving-10] [0m[INFO] [1782998084.063977487] [self_driving]: [DEBUG_DRIVE] state=LINE_FOLLOW raw_lane_x=-1 lane_x=-1 filter=lost linear=0.32 angular=0.00 cw_y=0 right_done=False start_turn=False count_turn=0 traffic=None stop=False[0m
[self_driving-10] [33m[WARN] [1782998084.599212950] [self_driving]: [LANE_LOST] raw_lane_x=-1 lane_x=-1 filter=lost stop=False state=LINE_FOLLOW safe_linear=0.02 right_ready=False right_done=False[0m
[self_driving-10] [0m[INFO] [1782998084.599750042] [self_driving]: [DEBUG_DRIVE] state=LINE_FOLLOW raw_lane_x=-1 lane_x=-1 filter=lost linear=0.32 angular=0.00 cw_y=0 right_done=False start_turn=False count_turn=0 traffic=None stop=False[0m
[self_driving-10] [0m[INFO] [1782998084.993432524] [self_driving]: [IMAGE] received count=242 shape=(480, 640, 3) queue=0[0m
[self_driving-10] [33m[WARN] [1782998085.120494283] [self_driving]: [LANE_LOST] raw_lane_x=-1 lane_x=-1 filter=lost stop=False state=LINE_FOLLOW safe_linear=0.02 right_ready=False right_done=False[0m
[self_driving-10] [0m[INFO] [1782998085.121101042] [self_driving]: [DEBUG_DRIVE] state=LINE_FOLLOW raw_lane_x=-1 lane_x=-1 filter=lost linear=0.32 angular=0.00 cw_y=0 right_done=False start_turn=False count_turn=0 traffic=None stop=False[0m
[self_driving-10] [33m[WARN] [1782998085.665746931] [self_driving]: [LANE_LOST] raw_lane_x=-1 lane_x=-1 filter=lost stop=False state=LINE_FOLLOW safe_linear=0.02 right_ready=False right_done=False[0m
[self_driving-10] [0m[INFO] [1782998085.668201727] [self_driving]: [DEBUG_DRIVE] state=LINE_FOLLOW raw_lane_x=-1 lane_x=-1 filter=lost linear=0.32 angular=0.00 cw_y=0 right_done=False start_turn=False count_turn=0 traffic=None stop=False[0m
[self_driving-10] [33m[WARN] [1782998086.201670986] [self_driving]: [LANE_LOST] raw_lane_x=-1 lane_x=-1 filter=lost stop=False state=LINE_FOLLOW safe_linear=0.02 right_ready=False right_done=False[0m
[self_driving-10] [0m[INFO] [1782998086.204310412] [self_driving]: [DEBUG_DRIVE] state=LINE_FOLLOW raw_lane_x=-1 lane_x=-1 filter=lost linear=0.32 angular=0.00 cw_y=0 right_done=False start_turn=False count_turn=0 traffic=None stop=False[0m
[self_driving-10] [33m[WARN] [1782998086.738321097] [self_driving]: [LANE_LOST] raw_lane_x=-1 lane_x=-1 filter=lost stop=False state=LINE_FOLLOW safe_linear=0.02 right_ready=False right_done=False[0m
[self_driving-10] [0m[INFO] [1782998086.738842782] [self_driving]: [DEBUG_DRIVE] state=LINE_FOLLOW raw_lane_x=-1 lane_x=-1 filter=lost linear=0.32 angular=0.00 cw_y=0 right_done=False start_turn=False count_turn=0 traffic=None stop=False[0m
[self_driving-10] [0m[INFO] [1782998087.011008763] [self_driving]: [IMAGE] received count=272 shape=(480, 640, 3) queue=0[0m
[self_driving-10] [33m[WARN] [1782998087.243554004] [self_driving]: [LANE_LOST] raw_lane_x=-1 lane_x=-1 filter=lost stop=False state=LINE_FOLLOW safe_linear=0.02 right_ready=False right_done=False[0m
[self_driving-10] [0m[INFO] [1782998087.244228745] [self_driving]: [DEBUG_DRIVE] state=LINE_FOLLOW raw_lane_x=-1 lane_x=-1 filter=lost linear=0.32 angular=0.00 cw_y=0 right_done=False start_turn=False count_turn=0 traffic=None stop=False[0m
[self_driving-10] [33m[WARN] [1782998087.758057429] [self_driving]: [LANE_LOST] raw_lane_x=-1 lane_x=-1 filter=lost stop=False state=LINE_FOLLOW safe_linear=0.02 right_ready=False right_done=False[0m
[self_driving-10] [0m[INFO] [1782998087.758578652] [self_driving]: [DEBUG_DRIVE] state=LINE_FOLLOW raw_lane_x=-1 lane_x=-1 filter=lost linear=0.32 angular=0.00 cw_y=0 right_done=False start_turn=False count_turn=0 traffic=None stop=False[0m
[self_driving-10] [33m[WARN] [1782998088.302280133] [self_driving]: [LANE_LOST] raw_lane_x=-1 lane_x=-1 filter=lost stop=False state=LINE_FOLLOW safe_linear=0.02 right_ready=False right_done=False[0m
[self_driving-10] [0m[INFO] [1782998088.302880466] [self_driving]: [DEBUG_DRIVE] state=LINE_FOLLOW raw_lane_x=-1 lane_x=-1 filter=lost linear=0.32 angular=0.00 cw_y=0 right_done=False start_turn=False count_turn=0 traffic=None stop=False[0m
[self_driving-10] [33m[WARN] [1782998088.823313077] [self_driving]: [LANE_LOST] raw_lane_x=-1 lane_x=-1 filter=lost stop=False state=LINE_FOLLOW safe_linear=0.02 right_ready=False right_done=False[0m
[self_driving-10] [0m[INFO] [1782998088.823825855] [self_driving]: [DEBUG_DRIVE] state=LINE_FOLLOW raw_lane_x=-1 lane_x=-1 filter=lost linear=0.32 angular=0.00 cw_y=0 right_done=False start_turn=False count_turn=0 traffic=None stop=False[0m
[self_driving-10] [0m[INFO] [1782998089.012703132] [self_driving]: [IMAGE] received count=302 shape=(480, 640, 3) queue=0[0m
[self_driving-10] [33m[WARN] [1782998089.363663966] [self_driving]: [LANE_LOST] raw_lane_x=-1 lane_x=-1 filter=lost stop=False state=LINE_FOLLOW safe_linear=0.02 right_ready=False right_done=False[0m
[self_driving-10] [0m[INFO] [1782998089.364715558] [self_driving]: [DEBUG_DRIVE] state=LINE_FOLLOW raw_lane_x=-1 lane_x=-1 filter=lost linear=0.32 angular=0.00 cw_y=0 right_done=False start_turn=False count_turn=0 traffic=None stop=False[0m
[self_driving-10] [33m[WARN] [1782998089.920803058] [self_driving]: [LANE_LOST] raw_lane_x=-1 lane_x=-1 filter=lost stop=False state=LINE_FOLLOW safe_linear=0.02 right_ready=False right_done=False[0m
[self_driving-10] [0m[INFO] [1782998089.923599206] [self_driving]: [DEBUG_DRIVE] state=LINE_FOLLOW raw_lane_x=-1 lane_x=-1 filter=lost linear=0.32 angular=0.00 cw_y=0 right_done=False start_turn=False count_turn=0 traffic=None stop=False[0m
[self_driving-10] [0m[INFO] [1782998090.480687428] [self_driving]: [DEBUG_DRIVE] state=LINE_FOLLOW raw_lane_x=-1 lane_x=7.0 filter=hold_last linear=0.32 angular=0.10 cw_y=0 right_done=False start_turn=False count_turn=0 traffic=None stop=False[0m
[self_driving-10] [0m[INFO] [1782998091.046248057] [self_driving]: [IMAGE] received count=328 shape=(480, 640, 3) queue=0[0m
[self_driving-10] [0m[INFO] [1782998091.055572279] [self_driving]: [DEBUG_DRIVE] state=LINE_FOLLOW raw_lane_x=59.5 lane_x=59.5 filter=stable linear=0.32 angular=0.10 cw_y=0 right_done=False start_turn=False count_turn=0 traffic=None stop=False[0m
[self_driving-10] [0m[INFO] [1782998091.421214761] [self_driving]: [OBJECTS] msg_count=2 n=1 names=['crosswalk'][0m
[self_driving-10] [0m[INFO] [1782998091.422437353] [self_driving]: [CW_CANDIDATE] name=crosswalkcx=424 cy=139 area=1218 score=0.40 [0m
[self_driving-10] [0m[INFO] [1782998091.628619668] [self_driving]: [DEBUG_DRIVE] state=LINE_FOLLOW raw_lane_x=132.0 lane_x=132.0 filter=stable linear=0.32 angular=-0.10 cw_y=0 right_done=False start_turn=False count_turn=0 traffic=None stop=False[0m
[self_driving-10] [0m[INFO] [1782998091.783300816] [self_driving]: [CW_CANDIDATE] name=crosswalkcx=419 cy=154 area=4275 score=0.84 [0m
[self_driving-10] [0m[INFO] [1782998092.110688945] [self_driving]: [OBJECTS] msg_count=6 n=1 names=['crosswalk'][0m
[self_driving-10] [0m[INFO] [1782998092.111853353] [self_driving]: [CW_CANDIDATE] name=crosswalkcx=468 cy=169 area=7161 score=0.88 [0m
[self_driving-10] [0m[INFO] [1782998092.178594186] [self_driving]: [CROSSWALK_IGNORE] y=169 < th=180[0m
[self_driving-10] [0m[INFO] [1782998092.179348427] [self_driving]: [DEBUG_DRIVE] state=LINE_FOLLOW raw_lane_x=158.0 lane_x=158.0 filter=stable linear=0.32 angular=-0.10 cw_y=169 right_done=False start_turn=False count_turn=0 traffic=None stop=False[0m
[self_driving-10] [0m[INFO] [1782998092.452306612] [self_driving]: [CW_CANDIDATE] name=crosswalkcx=457 cy=126 area=2255 score=0.51 [0m
[self_driving-10] [0m[INFO] [1782998092.736644389] [self_driving]: [CROSSWALK_IGNORE] y=126 < th=180[0m
[self_driving-10] [0m[INFO] [1782998092.738089408] [self_driving]: [DEBUG_DRIVE] state=LINE_FOLLOW raw_lane_x=156.5 lane_x=156.5 filter=stable linear=0.32 angular=-0.10 cw_y=126 right_done=False start_turn=False count_turn=0 traffic=None stop=False[0m
[self_driving-10] [0m[INFO] [1782998092.771087297] [self_driving]: [OBJECTS] msg_count=8 n=1 names=['crosswalk'][0m
[self_driving-10] [0m[INFO] [1782998092.771660075] [self_driving]: [CW_CANDIDATE] name=crosswalkcx=484 cy=215 area=14306 score=0.87 [0m
[self_driving-10] [0m[INFO] [1782998092.775827871] [self_driving]: [CW_CANDIDATE] name=crosswalkcx=493 cy=132 area=2673 score=0.64 [0m
[self_driving-10] [0m[INFO] [1782998093.042685408] [self_driving]: [IMAGE] received count=353 shape=(480, 640, 3) queue=0[0m
[self_driving-10] [0m[INFO] [1782998093.093693667] [self_driving]: [CW_CANDIDATE] name=crosswalkcx=499 cy=141 area=3780 score=0.80 [0m
[self_driving-10] [0m[INFO] [1782998093.098187686] [self_driving]: [CW_CANDIDATE] name=crosswalkcx=477 cy=256 area=22425 score=0.72 [0m
[self_driving-10] [0m[INFO] [1782998093.228613297] [self_driving]: [CROSSWALK_SLOW] y=256 th=180 confirm=2[0m
[self_driving-10] [0m[INFO] [1782998093.415021426] [self_driving]: [OBJECTS] msg_count=12 n=1 names=['crosswalk'][0m
[self_driving-10] [0m[INFO] [1782998093.416160982] [self_driving]: [CW_CANDIDATE] name=crosswalkcx=498 cy=147 area=5358 score=0.82 [0m
[self_driving-10] [0m[INFO] [1782998093.422554704] [self_driving]: [CW_CANDIDATE] name=crosswalkcx=459 cy=331 area=48508 score=0.81 [0m
[self_driving-10] [0m[INFO] [1782998093.538382685] [self_driving]: [CW_STAGE 2] 정지선 앞 완전 정지! elapsed=0.31s[0m
[self_driving-10] [0m[INFO] [1782998093.630250630] [self_driving]: [CW_STAGE 2] 정지선 앞 완전 정지! elapsed=0.40s[0m
[self_driving-10] [0m[INFO] [1782998093.703749722] [self_driving]: [CW_STAGE 2] 정지선 앞 완전 정지! elapsed=0.48s[0m
[self_driving-10] [0m[INFO] [1782998093.788903778] [self_driving]: [CW_CANDIDATE] name=crosswalkcx=453 cy=418 area=45384 score=0.82 [0m
[self_driving-10] [0m[INFO] [1782998093.813745481] [self_driving]: [CW_STAGE 2] 정지선 앞 완전 정지! elapsed=0.59s[0m
[self_driving-10] [0m[INFO] [1782998093.880145741] [self_driving]: [CW_STAGE 2] 정지선 앞 완전 정지! elapsed=0.65s[0m
[self_driving-10] [0m[INFO] [1782998093.947763852] [self_driving]: [CW_STAGE 2] 정지선 앞 완전 정지! elapsed=0.72s[0m
[self_driving-10] [0m[INFO] [1782998094.016495111] [self_driving]: [CW_STAGE 2] 정지선 앞 완전 정지! elapsed=0.79s[0m
[self_driving-10] [0m[INFO] [1782998094.079879759] [self_driving]: [OBJECTS] msg_count=15 n=1 names=['crosswalk'][0m
[self_driving-10] [0m[INFO] [1782998094.080753555] [self_driving]: [CW_CANDIDATE] name=crosswalkcx=486 cy=168 area=7061 score=0.89 [0m
[self_driving-10] [0m[INFO] [1782998094.120155703] [self_driving]: [CROSSWALK_IGNORE] y=168 < th=180[0m
[self_driving-10] [0m[INFO] [1782998094.124730352] [self_driving]: [CW_STAGE 2] 정지선 앞 완전 정지! elapsed=0.90s[0m
[self_driving-10] [0m[INFO] [1782998094.190869870] [self_driving]: [CROSSWALK_IGNORE] y=168 < th=180[0m
[self_driving-10] [0m[INFO] [1782998094.193343500] [self_driving]: [CW_STAGE 2] 정지선 앞 완전 정지! elapsed=0.96s[0m
[self_driving-10] [0m[INFO] [1782998094.273425537] [self_driving]: [CROSSWALK_IGNORE] y=168 < th=180[0m
[self_driving-10] [0m[INFO] [1782998094.274639740] [self_driving]: [CW_STAGE 2] 정지선 앞 완전 정지! elapsed=1.05s[0m
[self_driving-10] [0m[INFO] [1782998094.348750611] [self_driving]: [CROSSWALK_IGNORE] y=168 < th=180[0m
[self_driving-10] [0m[INFO] [1782998094.355057259] [self_driving]: [CW_STAGE 2] 정지선 앞 완전 정지! elapsed=1.12s[0m
[self_driving-10] [0m[INFO] [1782998094.415370351] [self_driving]: [CW_CANDIDATE] name=crosswalkcx=472 cy=191 area=11390 score=0.90 [0m
[self_driving-10] [0m[INFO] [1782998094.451596648] [self_driving]: [CW_STAGE 2] 정지선 앞 완전 정지! elapsed=1.22s[0m
[self_driving-10] [0m[INFO] [1782998094.520109574] [self_driving]: [CW_STAGE 2] 정지선 앞 완전 정지! elapsed=1.29s[0m
[self_driving-10] [0m[INFO] [1782998094.595735740] [self_driving]: [CW_STAGE 2] 정지선 앞 완전 정지! elapsed=1.37s[0m
[self_driving-10] [0m[INFO] [1782998094.678447036] [self_driving]: [CW_STAGE 2] 정지선 앞 완전 정지! elapsed=1.45s[0m
[self_driving-10] [0m[INFO] [1782998094.754608962] [self_driving]: [CW_STAGE 2] 정지선 앞 완전 정지! elapsed=1.53s[0m
[self_driving-10] [0m[INFO] [1782998094.758786592] [self_driving]: [OBJECTS] msg_count=17 n=1 names=['crosswalk'][0m
[self_driving-10] [0m[INFO] [1782998094.759302092] [self_driving]: [CW_CANDIDATE] name=crosswalkcx=470 cy=213 area=14238 score=0.92 [0m
[self_driving-10] [0m[INFO] [1782998094.840328851] [self_driving]: [CW_STAGE 2] 정지선 앞 완전 정지! elapsed=1.61s[0m
[self_driving-10] [0m[INFO] [1782998094.906497833] [self_driving]: [CW_STAGE 2] 정지선 앞 완전 정지! elapsed=1.68s[0m
[self_driving-10] [0m[INFO] [1782998094.990979573] [self_driving]: [CW_STAGE 3] 미션 완료 -> 정상 속도 회복 및 6초 락 가동[0m
[self_driving-10] [0m[INFO] [1782998094.991735721] [self_driving]: [DEBUG_DRIVE] state=LINE_FOLLOW raw_lane_x=138.0 lane_x=138.0 filter=stable linear=0.32 angular=-0.10 cw_y=213 right_done=False start_turn=False count_turn=0 traffic=None stop=False[0m
[self_driving-10] [0m[INFO] [1782998095.075492795] [self_driving]: [IMAGE] received count=378 shape=(480, 640, 3) queue=0[0m
[self_driving-10] [0m[INFO] [1782998095.091110295] [self_driving]: [CW_CANDIDATE] name=crosswalkcx=469 cy=214 area=14364 score=0.92 [0m
[self_driving-10] [0m[INFO] [1782998095.418720092] [self_driving]: [OBJECTS] msg_count=19 n=1 names=['crosswalk'][0m
[self_driving-10] [0m[INFO] [1782998095.421234684] [self_driving]: [CW_CANDIDATE] name=crosswalkcx=468 cy=214 area=13720 score=0.92 [0m
[self_driving-10] [0m[INFO] [1782998095.556839777] [self_driving]: [DEBUG_DRIVE] state=LINE_FOLLOW raw_lane_x=178.0 lane_x=178.0 filter=stable linear=0.32 angular=-0.10 cw_y=214 right_done=False start_turn=False count_turn=0 traffic=None stop=False[0m
[self_driving-10] [0m[INFO] [1782998095.774997499] [self_driving]: [CW_CANDIDATE] name=crosswalkcx=469 cy=214 area=13680 score=0.92 [0m
[self_driving-10] [0m[INFO] [1782998096.100042554] [self_driving]: [OBJECTS] msg_count=21 n=1 names=['crosswalk'][0m
[self_driving-10] [0m[INFO] [1782998096.101016387] [self_driving]: [CW_CANDIDATE] name=crosswalkcx=468 cy=214 area=14406 score=0.92 [0m
[self_driving-10] [0m[INFO] [1782998096.148496591] [self_driving]: [DEBUG_DRIVE] state=LINE_FOLLOW raw_lane_x=118.0 lane_x=118.0 filter=stable linear=0.32 angular=0.10 cw_y=214 right_done=False start_turn=False count_turn=0 traffic=None stop=False[0m
[self_driving-10] [0m[INFO] [1782998096.429425813] [self_driving]: [CW_CANDIDATE] name=crosswalkcx=485 cy=237 area=16068 score=0.92 [0m
[self_driving-10] [0m[INFO] [1782998096.687023591] [self_driving]: [DEBUG_DRIVE] state=LINE_FOLLOW raw_lane_x=150.5 lane_x=150.5 filter=stable linear=0.32 angular=-0.10 cw_y=237 right_done=False start_turn=False count_turn=0 traffic=None stop=False[0m
[self_driving-10] [0m[INFO] [1782998096.749571572] [self_driving]: [OBJECTS] msg_count=23 n=1 names=['crosswalk'][0m
[self_driving-10] [0m[INFO] [1782998096.754102813] [self_driving]: [CW_CANDIDATE] name=crosswalkcx=464 cy=314 area=36960 score=0.92 [0m
[self_driving-10] [0m[INFO] [1782998097.068562442] [self_driving]: [CW_CANDIDATE] name=crosswalkcx=449 cy=387 area=70866 score=0.82 [0m
[self_driving-10] [0m[INFO] [1782998097.081316257] [self_driving]: [IMAGE] received count=403 shape=(480, 640, 3) queue=0[0m
[self_driving-10] [0m[INFO] [1782998097.190493961] [self_driving]: [DEBUG_DRIVE] state=LINE_FOLLOW raw_lane_x=125.5 lane_x=125.5 filter=stable linear=0.32 angular=0.10 cw_y=387 right_done=False start_turn=False count_turn=0 traffic=None stop=False[0m
[self_driving-10] [0m[INFO] [1782998097.394213590] [self_driving]: [OBJECTS] msg_count=25 n=1 names=['crosswalk'][0m
[self_driving-10] [0m[INFO] [1782998097.742899238] [self_driving]: [DEBUG_DRIVE] state=LINE_FOLLOW raw_lane_x=123.5 lane_x=123.5 filter=stable linear=0.32 angular=0.10 cw_y=0 right_done=False start_turn=False count_turn=0 traffic=None stop=False[0m
[self_driving-10] [0m[INFO] [1782998098.070523831] [self_driving]: [OBJECTS] msg_count=26 n=1 names=['crosswalk'][0m
[self_driving-10] [0m[INFO] [1782998098.290595645] [self_driving]: [DEBUG_DRIVE] state=LINE_FOLLOW raw_lane_x=122.0 lane_x=122.0 filter=stable linear=0.32 angular=0.10 cw_y=0 right_done=False start_turn=False count_turn=0 traffic=None stop=False[0m
[self_driving-10] [0m[INFO] [1782998098.795635775] [self_driving]: [DEBUG_DRIVE] state=LINE_FOLLOW raw_lane_x=250.5 lane_x=250.5 filter=stable linear=0.32 angular=-0.70 cw_y=0 right_done=False start_turn=False count_turn=2 traffic=None stop=False[0m
[self_driving-10] [0m[INFO] [1782998099.106731219] [self_driving]: [IMAGE] received count=428 shape=(480, 640, 3) queue=0[0m
[self_driving-10] [0m[INFO] [1782998099.353941848] [self_driving]: [DEBUG_DRIVE] state=LINE_FOLLOW raw_lane_x=-1 lane_x=238.0 filter=hold_last linear=0.32 angular=-0.70 cw_y=0 right_done=False start_turn=False count_turn=4 traffic=None stop=False[0m
[self_driving-10] [33m[WARN] [1782998099.676009682] [self_driving]: [LANE_LOST] raw_lane_x=-1 lane_x=-1 filter=lost stop=False state=LINE_FOLLOW safe_linear=0.02 right_ready=False right_done=False[0m
[self_driving-10] [0m[INFO] [1782998099.919968607] [self_driving]: [DEBUG_DRIVE] state=LINE_FOLLOW raw_lane_x=-1 lane_x=-1 filter=lost linear=0.32 angular=0.00 cw_y=0 right_done=False start_turn=True count_turn=1 traffic=None stop=False[0m
[self_driving-10] [33m[WARN] [1782998100.234843163] [self_driving]: [LANE_LOST] raw_lane_x=-1 lane_x=-1 filter=lost stop=False state=LINE_FOLLOW safe_linear=0.02 right_ready=False right_done=False[0m
[self_driving-10] [0m[INFO] [1782998100.474287792] [self_driving]: [DEBUG_DRIVE] state=LINE_FOLLOW raw_lane_x=-1 lane_x=-1 filter=lost linear=0.32 angular=0.00 cw_y=0 right_done=False start_turn=True count_turn=1 traffic=None stop=False[0m
[self_driving-10] [33m[WARN] [1782998100.731386737] [self_driving]: [LANE_LOST] raw_lane_x=-1 lane_x=-1 filter=lost stop=False state=LINE_FOLLOW safe_linear=0.02 right_ready=False right_done=False[0m
[self_driving-10] [0m[INFO] [1782998101.042068014] [self_driving]: [DEBUG_DRIVE] state=LINE_FOLLOW raw_lane_x=-1 lane_x=-1 filter=lost linear=0.32 angular=0.00 cw_y=0 right_done=False start_turn=True count_turn=1 traffic=None stop=False[0m
[self_driving-10] [0m[INFO] [1782998101.110426625] [self_driving]: [IMAGE] received count=453 shape=(480, 640, 3) queue=0[0m
[self_driving-10] [33m[WARN] [1782998101.278857958] [self_driving]: [LANE_LOST] raw_lane_x=-1 lane_x=-1 filter=lost stop=False state=LINE_FOLLOW safe_linear=0.02 right_ready=False right_done=False[0m
[self_driving-10] [0m[INFO] [1782998101.607379736] [self_driving]: [DEBUG_DRIVE] state=LINE_FOLLOW raw_lane_x=-1 lane_x=-1 filter=lost linear=0.32 angular=0.00 cw_y=0 right_done=False start_turn=True count_turn=1 traffic=None stop=False[0m
[self_driving-10] [33m[WARN] [1782998101.852312180] [self_driving]: [LANE_LOST] raw_lane_x=-1 lane_x=-1 filter=lost stop=False state=LINE_FOLLOW safe_linear=0.02 right_ready=False right_done=False[0m
[self_driving-10] [0m[INFO] [1782998102.178667384] [self_driving]: [DEBUG_DRIVE] state=LINE_FOLLOW raw_lane_x=260.5 lane_x=260.5 filter=stable linear=0.32 angular=-0.70 cw_y=0 right_done=False start_turn=True count_turn=2 traffic=None stop=False[0m
[self_driving-10] [33m[WARN] [1782998102.263639050] [self_driving]: [LANE_X_JUMP_REJECT] raw=77.0 last=260.5 diff=183.5 candidate=77.0 cnt=1/4[0m
[self_driving-10] [33m[WARN] [1782998102.584078272] [self_driving]: [LANE_LOST] raw_lane_x=-1 lane_x=-1 filter=lost stop=False state=LINE_FOLLOW safe_linear=0.02 right_ready=False right_done=False[0m
[self_driving-10] [0m[INFO] [1782998102.733243624] [self_driving]: [DEBUG_DRIVE] state=LINE_FOLLOW raw_lane_x=-1 lane_x=-1 filter=lost linear=0.32 angular=0.00 cw_y=0 right_done=False start_turn=True count_turn=6 traffic=None stop=False[0m
[self_driving-10] [0m[INFO] [1782998103.140399920] [self_driving]: [IMAGE] received count=478 shape=(480, 640, 3) queue=0[0m
[self_driving-10] [33m[WARN] [1782998103.147474235] [self_driving]: [LANE_LOST] raw_lane_x=-1 lane_x=-1 filter=lost stop=False state=LINE_FOLLOW safe_linear=0.02 right_ready=False right_done=False[0m
[self_driving-10] [0m[INFO] [1782998103.319044309] [self_driving]: [DEBUG_DRIVE] state=LINE_FOLLOW raw_lane_x=-1 lane_x=-1 filter=lost linear=0.32 angular=0.00 cw_y=0 right_done=False start_turn=True count_turn=6 traffic=None stop=False[0m
[self_driving-10] [33m[WARN] [1782998103.715829957] [self_driving]: [LANE_LOST] raw_lane_x=-1 lane_x=-1 filter=lost stop=False state=LINE_FOLLOW safe_linear=0.02 right_ready=False right_done=False[0m
[self_driving-10] [0m[INFO] [1782998103.857189457] [self_driving]: [DEBUG_DRIVE] state=LINE_FOLLOW raw_lane_x=-1 lane_x=-1 filter=lost linear=0.32 angular=0.00 cw_y=0 right_done=False start_turn=True count_turn=6 traffic=None stop=False[0m
[self_driving-10] [0m[INFO] [1782998103.905772661] [self_driving]: [OBJECTS] msg_count=27 n=1 names=['crosswalk'][0m
[self_driving-10] [0m[INFO] [1782998103.908190105] [self_driving]: [CW_CANDIDATE] name=crosswalkcx=310 cy=155 area=4432 score=0.83 [0m
[self_driving-10] [0m[INFO] [1782998103.919630290] [self_driving]: [CW_CANDIDATE] name=crosswalkcx=316 cy=122 area=1422 score=0.78 [0m
[self_driving-10] [0m[INFO] [1782998104.252469660] [self_driving]: [CW_CANDIDATE] name=crosswalkcx=314 cy=123 area=1312 score=0.80 [0m
[self_driving-10] [0m[INFO] [1782998104.254440494] [self_driving]: [CW_CANDIDATE] name=crosswalkcx=308 cy=157 area=3976 score=0.75 [0m
[self_driving-10] [33m[WARN] [1782998104.271129068] [self_driving]: [LANE_LOST] raw_lane_x=-1 lane_x=-1 filter=lost stop=False state=LINE_FOLLOW safe_linear=0.02 right_ready=False right_done=False[0m
[self_driving-10] [0m[INFO] [1782998104.358130883] [self_driving]: [CROSSWALK_IGNORE] y=157 < th=180[0m
[self_driving-10] [0m[INFO] [1782998104.359111012] [self_driving]: [DEBUG_DRIVE] state=LINE_FOLLOW raw_lane_x=-1 lane_x=-1 filter=lost linear=0.32 angular=0.00 cw_y=157 right_done=False start_turn=True count_turn=6 traffic=None stop=False[0m
[self_driving-10] [0m[INFO] [1782998104.577405697] [self_driving]: [OBJECTS] msg_count=32 n=1 names=['go'][0m
[self_driving-10] [0m[INFO] [1782998104.579531493] [self_driving]: [CW_CANDIDATE] name=crosswalkcx=314 cy=123 area=1176 score=0.78 [0m
[self_driving-10] [0m[INFO] [1782998104.609791586] [self_driving]: [CW_CANDIDATE] name=crosswalkcx=309 cy=157 area=3948 score=0.73 [0m
[self_driving-10] [33m[WARN] [1782998104.839333938] [self_driving]: [LANE_LOST] raw_lane_x=-1 lane_x=-1 filter=lost stop=False state=LINE_FOLLOW safe_linear=0.02 right_ready=False right_done=False[0m
[self_driving-10] [0m[INFO] [1782998104.905199734] [self_driving]: [CROSSWALK_IGNORE] y=157 < th=180[0m
[self_driving-10] [0m[INFO] [1782998104.911062734] [self_driving]: [DEBUG_DRIVE] state=LINE_FOLLOW raw_lane_x=-1 lane_x=-1 filter=lost linear=0.32 angular=0.00 cw_y=157 right_done=False start_turn=True count_turn=6 traffic=None stop=False[0m
[self_driving-10] [0m[INFO] [1782998104.918613845] [self_driving]: [CW_CANDIDATE] name=crosswalkcx=315 cy=123 area=1141 score=0.83 [0m
[self_driving-10] [0m[INFO] [1782998104.922525586] [self_driving]: [CW_CANDIDATE] name=crosswalkcx=309 cy=157 area=3962 score=0.74 [0m
[self_driving-10] [0m[INFO] [1782998105.145591308] [self_driving]: [IMAGE] received count=503 shape=(480, 640, 3) queue=0[0m
[self_driving-10] [0m[INFO] [1782998105.255431197] [self_driving]: [OBJECTS] msg_count=38 n=1 names=['go'][0m
[self_driving-10] [0m[INFO] [1782998105.257257975] [self_driving]: [CW_CANDIDATE] name=crosswalkcx=316 cy=123 area=1134 score=0.83 [0m
[self_driving-10] [0m[INFO] [1782998105.264727956] [self_driving]: [CW_CANDIDATE] name=crosswalkcx=307 cy=157 area=4200 score=0.78 [0m
[self_driving-10] [33m[WARN] [1782998105.410438067] [self_driving]: [LANE_LOST] raw_lane_x=-1 lane_x=-1 filter=lost stop=False state=LINE_FOLLOW safe_linear=0.02 right_ready=False right_done=False[0m
[self_driving-10] [0m[INFO] [1782998105.413455826] [self_driving]: [DEBUG_DRIVE] state=LINE_FOLLOW raw_lane_x=-1 lane_x=-1 filter=lost linear=0.32 angular=0.00 cw_y=157 right_done=False start_turn=True count_turn=6 traffic=None stop=False[0m
[self_driving-10] [0m[INFO] [1782998105.590207900] [self_driving]: [CW_CANDIDATE] name=crosswalkcx=316 cy=123 area=1120 score=0.83 [0m
[self_driving-10] [0m[INFO] [1782998105.594387863] [self_driving]: [CW_CANDIDATE] name=crosswalkcx=307 cy=157 area=4215 score=0.79 [0m
[self_driving-10] [0m[INFO] [1782998105.915720215] [self_driving]: [OBJECTS] msg_count=44 n=1 names=['go'][0m
[self_driving-10] [0m[INFO] [1782998105.917844382] [self_driving]: [CW_CANDIDATE] name=crosswalkcx=315 cy=124 area=1272 score=0.83 [0m
[self_driving-10] [0m[INFO] [1782998105.920725196] [self_driving]: [CW_CANDIDATE] name=crosswalkcx=307 cy=158 area=4290 score=0.78 [0m
[self_driving-10] [0m[INFO] [1782998105.990956585] [self_driving]: [CROSSWALK_IGNORE] y=158 < th=180[0m
[self_driving-10] [33m[WARN] [1782998105.993386844] [self_driving]: [LANE_LOST] raw_lane_x=-1 lane_x=-1 filter=lost stop=False state=LINE_FOLLOW safe_linear=0.02 right_ready=False right_done=False[0m
[self_driving-10] [0m[INFO] [1782998105.994171585] [self_driving]: [DEBUG_DRIVE] state=LINE_FOLLOW raw_lane_x=-1 lane_x=-1 filter=lost linear=0.32 angular=0.00 cw_y=158 right_done=False start_turn=True count_turn=6 traffic=None stop=False[0m
[self_driving-10] [0m[INFO] [1782998106.276245289] [self_driving]: [CW_CANDIDATE] name=crosswalkcx=315 cy=123 area=1127 score=0.83 [0m
[self_driving-10] [0m[INFO] [1782998106.286220326] [self_driving]: [CW_CANDIDATE] name=crosswalkcx=307 cy=158 area=4305 score=0.77 [0m
[self_driving-10] [0m[INFO] [1782998106.529805715] [self_driving]: [CROSSWALK_IGNORE] y=158 < th=180[0m
[self_driving-10] [33m[WARN] [1782998106.532269344] [self_driving]: [LANE_LOST] raw_lane_x=-1 lane_x=-1 filter=lost stop=False state=LINE_FOLLOW safe_linear=0.02 right_ready=False right_done=False[0m
[self_driving-10] [0m[INFO] [1782998106.532803178] [self_driving]: [DEBUG_DRIVE] state=LINE_FOLLOW raw_lane_x=-1 lane_x=-1 filter=lost linear=0.32 angular=0.00 cw_y=158 right_done=False start_turn=True count_turn=6 traffic=None stop=False[0m
[self_driving-10] [0m[INFO] [1782998106.598505733] [self_driving]: [OBJECTS] msg_count=50 n=1 names=['go'][0m
[self_driving-10] [0m[INFO] [1782998106.600850529] [self_driving]: [CW_CANDIDATE] name=crosswalkcx=317 cy=124 area=1264 score=0.81 [0m
[self_driving-10] [0m[INFO] [1782998106.613861992] [self_driving]: [CW_CANDIDATE] name=crosswalkcx=307 cy=159 area=4335 score=0.74 [0m
[self_driving-10] [0m[INFO] [1782998106.933088714] [self_driving]: [CW_CANDIDATE] name=crosswalkcx=318 cy=124 area=1141 score=0.81 [0m
[self_driving-10] [0m[INFO] [1782998106.938663918] [self_driving]: [CW_CANDIDATE] name=crosswalkcx=308 cy=159 area=4440 score=0.74 [0m
[self_driving-10] [0m[INFO] [1782998107.088678270] [self_driving]: [CROSSWALK_IGNORE] y=159 < th=180[0m
[self_driving-10] [33m[WARN] [1782998107.090321029] [self_driving]: [LANE_LOST] raw_lane_x=-1 lane_x=-1 filter=lost stop=False state=LINE_FOLLOW safe_linear=0.02 right_ready=False right_done=False[0m
[self_driving-10] [0m[INFO] [1782998107.090864473] [self_driving]: [DEBUG_DRIVE] state=LINE_FOLLOW raw_lane_x=-1 lane_x=-1 filter=lost linear=0.32 angular=0.00 cw_y=159 right_done=False start_turn=True count_turn=6 traffic=None stop=False[0m
[self_driving-10] [0m[INFO] [1782998107.164021844] [self_driving]: [IMAGE] received count=528 shape=(480, 640, 3) queue=0[0m
[self_driving-10] [0m[INFO] [1782998107.257885270] [self_driving]: [OBJECTS] msg_count=55 n=1 names=['go'][0m
[self_driving-10] [0m[INFO] [1782998107.260222770] [self_driving]: [CW_CANDIDATE] name=crosswalkcx=317 cy=124 area=1120 score=0.80 [0m
[self_driving-10] [0m[INFO] [1782998107.267192010] [self_driving]: [CW_CANDIDATE] name=crosswalkcx=308 cy=160 area=4158 score=0.68 [0m
[self_driving-10] [0m[INFO] [1782998107.588906695] [self_driving]: [CW_CANDIDATE] name=crosswalkcx=316 cy=123 area=1141 score=0.81 [0m
[self_driving-10] [0m[INFO] [1782998107.596942047] [self_driving]: [CW_CANDIDATE] name=crosswalkcx=305 cy=159 area=4455 score=0.73 [0m
[self_driving-10] [0m[INFO] [1782998107.662673992] [self_driving]: [CROSSWALK_IGNORE] y=159 < th=180[0m
[self_driving-10] [33m[WARN] [1782998107.665232566] [self_driving]: [LANE_LOST] raw_lane_x=-1 lane_x=-1 filter=lost stop=False state=LINE_FOLLOW safe_linear=0.02 right_ready=False right_done=False[0m
[self_driving-10] [0m[INFO] [1782998107.665754455] [self_driving]: [DEBUG_DRIVE] state=LINE_FOLLOW raw_lane_x=-1 lane_x=-1 filter=lost linear=0.32 angular=0.00 cw_y=159 right_done=False start_turn=True count_turn=6 traffic=None stop=False[0m
[self_driving-10] [0m[INFO] [1782998107.958561491] [self_driving]: [OBJECTS] msg_count=61 n=1 names=['crosswalk'][0m
[self_driving-10] [0m[INFO] [1782998107.959804732] [self_driving]: [CW_CANDIDATE] name=crosswalkcx=318 cy=123 area=1155 score=0.81 [0m
[self_driving-10] [0m[INFO] [1782998107.967580806] [self_driving]: [CW_CANDIDATE] name=crosswalkcx=306 cy=160 area=4485 score=0.72 [0m
[self_driving-10] [0m[INFO] [1782998108.227017639] [self_driving]: [CROSSWALK_IGNORE] y=160 < th=180[0m
[self_driving-10] [33m[WARN] [1782998108.230072565] [self_driving]: [LANE_LOST] raw_lane_x=-1 lane_x=-1 filter=lost stop=False state=LINE_FOLLOW safe_linear=0.02 right_ready=False right_done=False[0m
[self_driving-10] [0m[INFO] [1782998108.230532788] [self_driving]: [DEBUG_DRIVE] state=LINE_FOLLOW raw_lane_x=-1 lane_x=-1 filter=lost linear=0.32 angular=0.00 cw_y=160 right_done=False start_turn=True count_turn=6 traffic=None stop=False[0m
[self_driving-10] [0m[INFO] [1782998108.315976362] [self_driving]: [CW_CANDIDATE] name=crosswalkcx=318 cy=124 area=1328 score=0.81 [0m
[self_driving-10] [0m[INFO] [1782998108.319633380] [self_driving]: [CW_CANDIDATE] name=crosswalkcx=305 cy=161 area=4312 score=0.75 [0m
[self_driving-10] [0m[INFO] [1782998108.636455028] [self_driving]: [OBJECTS] msg_count=66 n=1 names=['go'][0m
[self_driving-10] [0m[INFO] [1782998108.638072454] [self_driving]: [CW_CANDIDATE] name=crosswalkcx=320 cy=124 area=1162 score=0.84 [0m
[self_driving-10] [0m[INFO] [1782998108.643499065] [self_driving]: [CW_CANDIDATE] name=crosswalkcx=307 cy=161 area=4590 score=0.73 [0m
[self_driving-10] [0m[INFO] [1782998108.796775898] [self_driving]: [CROSSWALK_IGNORE] y=161 < th=180[0m
[self_driving-10] [33m[WARN] [1782998108.797740880] [self_driving]: [LANE_LOST] raw_lane_x=-1 lane_x=-1 filter=lost stop=False state=LINE_FOLLOW safe_linear=0.02 right_ready=False right_done=False[0m
[self_driving-10] [0m[INFO] [1782998108.798190158] [self_driving]: [DEBUG_DRIVE] state=LINE_FOLLOW raw_lane_x=-1 lane_x=-1 filter=lost linear=0.32 angular=0.00 cw_y=161 right_done=False start_turn=True count_turn=6 traffic=None stop=False[0m
[self_driving-10] [0m[INFO] [1782998108.968576083] [self_driving]: [CW_CANDIDATE] name=crosswalkcx=320 cy=124 area=1169 score=0.83 [0m
[self_driving-10] [0m[INFO] [1782998108.971927046] [self_driving]: [CW_CANDIDATE] name=crosswalkcx=308 cy=162 area=4382 score=0.74 [0m
[self_driving-10] [0m[INFO] [1782998109.185581343] [self_driving]: [IMAGE] received count=553 shape=(480, 640, 3) queue=0[0m
[self_driving-10] [0m[INFO] [1782998109.282792546] [self_driving]: [OBJECTS] msg_count=72 n=1 names=['go'][0m
[self_driving-10] [0m[INFO] [1782998109.284393028] [self_driving]: [CW_CANDIDATE] name=crosswalkcx=321 cy=124 area=1183 score=0.83 [0m
[self_driving-10] [0m[INFO] [1782998109.288044398] [self_driving]: [CW_CANDIDATE] name=crosswalkcx=307 cy=163 area=4438 score=0.76 [0m
[self_driving-10] [0m[INFO] [1782998109.367809602] [self_driving]: [CROSSWALK_IGNORE] y=163 < th=180[0m
[self_driving-10] [33m[WARN] [1782998109.371425991] [self_driving]: [LANE_LOST] raw_lane_x=-1 lane_x=-1 filter=lost stop=False state=LINE_FOLLOW safe_linear=0.02 right_ready=False right_done=False[0m
[self_driving-10] [0m[INFO] [1782998109.372948305] [self_driving]: [DEBUG_DRIVE] state=LINE_FOLLOW raw_lane_x=-1 lane_x=-1 filter=lost linear=0.32 angular=0.00 cw_y=163 right_done=False start_turn=True count_turn=6 traffic=None stop=False[0m
[self_driving-10] [33m[WARN] [1782998109.596629046] [self_driving]: [LANE_X_JUMP_REJECT] raw=28.0 last=260.5 diff=232.5 candidate=28.0 cnt=1/4[0m
[self_driving-10] [0m[INFO] [1782998109.624461028] [self_driving]: [CW_CANDIDATE] name=crosswalkcx=321 cy=125 area=1352 score=0.83 [0m
[self_driving-10] [0m[INFO] [1782998109.631489824] [self_driving]: [CW_CANDIDATE] name=crosswalkcx=307 cy=163 area=4755 score=0.75 [0m
[self_driving-10] [0m[INFO] [1782998109.830454379] [self_driving]: [LANE_X_JUMP_ACCEPT] raw=39.5 last=39.5 cnt=4/4[0m
[self_driving-10] [0m[INFO] [1782998109.920411824] [self_driving]: [CROSSWALK_IGNORE] y=163 < th=180[0m
[self_driving-10] [0m[INFO] [1782998109.924030120] [self_driving]: [DEBUG_DRIVE] state=LINE_FOLLOW raw_lane_x=33.5 lane_x=33.5 filter=stable linear=0.32 angular=0.10 cw_y=163 right_done=False start_turn=False count_turn=0 traffic=None stop=False[0m
[self_driving-10] [0m[INFO] [1782998109.952773731] [self_driving]: [OBJECTS] msg_count=78 n=1 names=['crosswalk'][0m
[self_driving-10] [0m[INFO] [1782998109.953760231] [self_driving]: [CW_CANDIDATE] name=crosswalkcx=311 cy=159 area=7260 score=0.83 [0m
[self_driving-10] [0m[INFO] [1782998109.956515083] [self_driving]: [CW_CANDIDATE] name=crosswalkcx=321 cy=120 area=2197 score=0.73 [0m
[self_driving-10] [0m[INFO] [1782998110.474758064] [self_driving]: [CROSSWALK_IGNORE] y=120 < th=180[0m
[self_driving-10] [0m[INFO] [1782998110.476390231] [self_driving]: [DEBUG_DRIVE] state=LINE_FOLLOW raw_lane_x=40.5 lane_x=40.5 filter=stable linear=0.32 angular=0.10 cw_y=120 right_done=False start_turn=False count_turn=0 traffic=None stop=False[0m
[self_driving-10] [0m[INFO] [1782998110.910048156] [self_driving]: [OBJECTS] msg_count=80 n=1 names=['go'][0m
[self_driving-10] [0m[INFO] [1782998110.912574934] [self_driving]: [CW_CANDIDATE] name=crosswalkcx=411 cy=145 area=3276 score=0.80 [0m
[self_driving-10] [0m[INFO] [1782998110.916266767] [self_driving]: [CW_CANDIDATE] name=crosswalkcx=389 cy=117 area=1008 score=0.78 [0m
[self_driving-10] [0m[INFO] [1782998110.984826767] [self_driving]: [CROSSWALK_IGNORE] y=117 < th=180[0m
[self_driving-10] [0m[INFO] [1782998110.987104267] [self_driving]: [DEBUG_DRIVE] state=LINE_FOLLOW raw_lane_x=72.0 lane_x=72.0 filter=stable linear=0.32 angular=0.10 cw_y=117 right_done=False start_turn=False count_turn=0 traffic=None stop=False[0m
[self_driving-10] [0m[INFO] [1782998111.207807119] [self_driving]: [IMAGE] received count=578 shape=(480, 640, 3) queue=0[0m
[self_driving-10] [0m[INFO] [1782998111.241037119] [self_driving]: [CW_CANDIDATE] name=crosswalkcx=368 cy=122 area=1127 score=0.76 [0m
[self_driving-10] [0m[INFO] [1782998111.245307175] [self_driving]: [CW_CANDIDATE] name=crosswalkcx=397 cy=157 area=4290 score=0.75 [0m
[self_driving-10] [0m[INFO] [1782998111.534282637] [self_driving]: [CROSSWALK_IGNORE] y=157 < th=180[0m
[self_driving-10] [0m[INFO] [1782998111.537130415] [self_driving]: [DEBUG_DRIVE] state=LINE_FOLLOW raw_lane_x=149.0 lane_x=149.0 filter=stable linear=0.32 angular=-0.10 cw_y=157 right_done=False start_turn=False count_turn=0 traffic=None stop=False[0m
[self_driving-10] [0m[INFO] [1782998111.575504989] [self_driving]: [OBJECTS] msg_count=86 n=1 names=['go'][0m
[self_driving-10] [0m[INFO] [1782998111.578252489] [self_driving]: [CW_CANDIDATE] name=crosswalkcx=428 cy=172 area=7590 score=0.86 [0m
[self_driving-10] [0m[INFO] [1782998111.581844378] [self_driving]: [CW_CANDIDATE] name=crosswalkcx=387 cy=127 area=1384 score=0.79 [0m
[self_driving-10] [0m[INFO] [1782998111.902399822] [self_driving]: [CW_CANDIDATE] name=crosswalkcx=452 cy=190 area=10528 score=0.86 [0m
[self_driving-10] [0m[INFO] [1782998111.906851545] [self_driving]: [CW_CANDIDATE] name=crosswalkcx=414 cy=131 area=1910 score=0.82 [0m
[self_driving-10] [0m[INFO] [1782998112.095690656] [self_driving]: [CROSSWALK_IGNORE] y=131 < th=180[0m
[self_driving-10] [0m[INFO] [1782998112.097462026] [self_driving]: [DEBUG_DRIVE] state=LINE_FOLLOW raw_lane_x=156.0 lane_x=156.0 filter=stable linear=0.32 angular=-0.10 cw_y=131 right_done=False start_turn=False count_turn=0 traffic=None stop=False[0m
[self_driving-10] [0m[INFO] [1782998112.236028119] [self_driving]: [OBJECTS] msg_count=92 n=1 names=['crosswalk'][0m
[self_driving-10] [0m[INFO] [1782998112.241504619] [self_driving]: [CW_CANDIDATE] name=crosswalkcx=452 cy=137 area=3094 score=0.85 [0m
[self_driving-10] [0m[INFO] [1782998112.571663767] [self_driving]: [CW_CANDIDATE] name=crosswalkcx=460 cy=286 area=35280 score=0.90 [0m
[self_driving-10] [0m[INFO] [1782998112.660508118] [self_driving]: [DEBUG_DRIVE] state=LINE_FOLLOW raw_lane_x=143.0 lane_x=143.0 filter=stable linear=0.32 angular=-0.10 cw_y=0 right_done=False start_turn=False count_turn=0 traffic=None stop=False[0m
[self_driving-10] [0m[INFO] [1782998112.893803655] [self_driving]: [OBJECTS] msg_count=95 n=1 names=['crosswalk'][0m
[self_driving-10] [0m[INFO] [1782998112.894467840] [self_driving]: [CW_CANDIDATE] name=crosswalkcx=498 cy=155 area=5580 score=0.87 [0m
[self_driving-10] [0m[INFO] [1782998112.897103544] [self_driving]: [CW_CANDIDATE] name=crosswalkcx=441 cy=386 area=74636 score=0.85 [0m
[self_driving-10] [0m[INFO] [1782998113.054487211] [self_driving]: [CROSSWALK_SLOW] y=386 th=180 confirm=2[0m
[self_driving-10] [0m[INFO] [1782998113.204262525] [self_driving]: [CW_CANDIDATE] name=crosswalkcx=490 cy=166 area=6670 score=0.87 [0m
[self_driving-10] [0m[INFO] [1782998113.220143099] [self_driving]: [IMAGE] received count=603 shape=(480, 640, 3) queue=0[0m
[self_driving-10] [0m[INFO] [1782998113.381664322] [self_driving]: [CW_STAGE 2] 정지선 앞 완전 정지! elapsed=0.33s[0m
[self_driving-10] [0m[INFO] [1782998113.453601229] [self_driving]: [CW_STAGE 2] 정지선 앞 완전 정지! elapsed=0.40s[0m
[self_driving-10] [0m[INFO] [1782998113.525064044] [self_driving]: [OBJECTS] msg_count=100 n=1 names=['crosswalk'][0m
[self_driving-10] [0m[INFO] [1782998113.526089414] [self_driving]: [CW_CANDIDATE] name=crosswalkcx=482 cy=180 area=8820 score=0.90 [0m
[self_driving-10] [0m[INFO] [1782998113.557411025] [self_driving]: [CW_STAGE 2] 정지선 앞 완전 정지! elapsed=0.50s[0m
[self_driving-10] [0m[INFO] [1782998113.619470433] [self_driving]: [CW_STAGE 2] 정지선 앞 완전 정지! elapsed=0.56s[0m
[self_driving-10] [0m[INFO] [1782998113.707479062] [self_driving]: [CW_STAGE 2] 정지선 앞 완전 정지! elapsed=0.65s[0m
[self_driving-10] [0m[INFO] [1782998113.776136525] [self_driving]: [CW_STAGE 2] 정지선 앞 완전 정지! elapsed=0.72s[0m
[self_driving-10] [0m[INFO] [1782998113.857907729] [self_driving]: [CW_CANDIDATE] name=crosswalkcx=480 cy=202 area=12480 score=0.92 [0m
[self_driving-10] [0m[INFO] [1782998113.873339655] [self_driving]: [CW_STAGE 2] 정지선 앞 완전 정지! elapsed=0.82s[0m
[self_driving-10] [0m[INFO] [1782998113.940742988] [self_driving]: [CW_STAGE 2] 정지선 앞 완전 정지! elapsed=0.89s[0m
[self_driving-10] [0m[INFO] [1782998114.034944951] [self_driving]: [CW_STAGE 2] 정지선 앞 완전 정지! elapsed=0.98s[0m
[self_driving-10] [0m[INFO] [1782998114.111832229] [self_driving]: [CW_STAGE 2] 정지선 앞 완전 정지! elapsed=1.06s[0m
[self_driving-10] [0m[INFO] [1782998114.177759414] [self_driving]: [CW_STAGE 2] 정지선 앞 완전 정지! elapsed=1.12s[0m
[self_driving-10] [0m[INFO] [1782998114.206109895] [self_driving]: [OBJECTS] msg_count=103 n=1 names=['crosswalk'][0m
[self_driving-10] [0m[INFO] [1782998114.207619840] [self_driving]: [CW_CANDIDATE] name=crosswalkcx=465 cy=238 area=20650 score=0.91 [0m
[self_driving-10] [0m[INFO] [1782998114.270598654] [self_driving]: [CW_STAGE 2] 정지선 앞 완전 정지! elapsed=1.21s[0m
[self_driving-10] [0m[INFO] [1782998114.348225525] [self_driving]: [CW_STAGE 2] 정지선 앞 완전 정지! elapsed=1.29s[0m
[self_driving-10] [0m[INFO] [1782998114.433048562] [self_driving]: [CW_STAGE 2] 정지선 앞 완전 정지! elapsed=1.38s[0m
[self_driving-10] [0m[INFO] [1782998114.521150580] [self_driving]: [CW_STAGE 2] 정지선 앞 완전 정지! elapsed=1.46s[0m
[self_driving-10] [0m[INFO] [1782998114.549206636] [self_driving]: [CW_CANDIDATE] name=crosswalkcx=455 cy=277 area=30461 score=0.92 [0m
[self_driving-10] [0m[INFO] [1782998114.600040895] [self_driving]: [CW_STAGE 2] 정지선 앞 완전 정지! elapsed=1.55s[0m
[self_driving-10] [0m[INFO] [1782998114.668225025] [self_driving]: [CW_STAGE 2] 정지선 앞 완전 정지! elapsed=1.61s[0m
[self_driving-10] [0m[INFO] [1782998114.762933561] [self_driving]: [CW_STAGE 3] 미션 완료 -> 정상 속도 회복 및 6초 락 가동[0m
[self_driving-10] [0m[INFO] [1782998114.763592747] [self_driving]: [DEBUG_DRIVE] state=LINE_FOLLOW raw_lane_x=131.5 lane_x=131.5 filter=stable linear=0.32 angular=-0.10 cw_y=277 right_done=False start_turn=False count_turn=0 traffic=None stop=False[0m
[self_driving-10] [0m[INFO] [1782998114.871368376] [self_driving]: [OBJECTS] msg_count=105 n=1 names=['crosswalk'][0m
[self_driving-10] [0m[INFO] [1782998114.872148487] [self_driving]: [CW_CANDIDATE] name=crosswalkcx=454 cy=281 area=31906 score=0.92 [0m
[self_driving-10] [0m[INFO] [1782998115.189524561] [self_driving]: [CW_CANDIDATE] name=crosswalkcx=455 cy=281 area=31820 score=0.92 [0m
[self_driving-10] [0m[INFO] [1782998115.240343635] [self_driving]: [IMAGE] received count=628 shape=(480, 640, 3) queue=0[0m
[self_driving-10] [0m[INFO] [1782998115.321888413] [self_driving]: [DEBUG_DRIVE] state=LINE_FOLLOW raw_lane_x=134.5 lane_x=134.5 filter=stable linear=0.32 angular=0.10 cw_y=281 right_done=False start_turn=False count_turn=0 traffic=None stop=False[0m
[self_driving-10] [0m[INFO] [1782998115.515107431] [self_driving]: [OBJECTS] msg_count=107 n=1 names=['crosswalk'][0m
[self_driving-10] [0m[INFO] [1782998115.520301117] [self_driving]: [CW_CANDIDATE] name=crosswalkcx=454 cy=281 area=31535 score=0.92 [0m
[self_driving-10] [0m[INFO] [1782998115.840633765] [self_driving]: [CW_CANDIDATE] name=crosswalkcx=455 cy=281 area=31450 score=0.92 [0m
[self_driving-10] [0m[INFO] [1782998115.885050876] [self_driving]: [DEBUG_DRIVE] state=LINE_FOLLOW raw_lane_x=136.0 lane_x=136.0 filter=stable linear=0.32 angular=-0.10 cw_y=281 right_done=False start_turn=False count_turn=0 traffic=None stop=False[0m
[self_driving-10] [0m[INFO] [1782998116.153746190] [self_driving]: [OBJECTS] msg_count=109 n=1 names=['crosswalk'][0m
[self_driving-10] [0m[INFO] [1782998116.155381450] [self_driving]: [CW_CANDIDATE] name=crosswalkcx=457 cy=315 area=43554 score=0.91 [0m
[self_driving-10] [0m[INFO] [1782998116.454637449] [self_driving]: [DEBUG_DRIVE] state=LINE_FOLLOW raw_lane_x=136.5 lane_x=136.5 filter=stable linear=0.32 angular=-0.10 cw_y=315 right_done=False start_turn=False count_turn=0 traffic=None stop=False[0m
[self_driving-10] [0m[INFO] [1782998116.501756727] [self_driving]: [CW_CANDIDATE] name=crosswalkcx=436 cy=416 area=52096 score=0.89 [0m
[self_driving-10] [0m[INFO] [1782998117.014614486] [self_driving]: [DEBUG_DRIVE] state=LINE_FOLLOW raw_lane_x=137.0 lane_x=137.0 filter=stable linear=0.32 angular=-0.10 cw_y=416 right_done=False start_turn=False count_turn=0 traffic=None stop=False[0m
[self_driving-10] [0m[INFO] [1782998117.241489949] [self_driving]: [IMAGE] received count=653 shape=(480, 640, 3) queue=0[0m
[self_driving-10] [0m[INFO] [1782998117.572101449] [self_driving]: [DEBUG_DRIVE] state=LINE_FOLLOW raw_lane_x=125.5 lane_x=125.5 filter=stable linear=0.32 angular=-0.10 cw_y=416 right_done=False start_turn=False count_turn=0 traffic=None stop=False[0m
[self_driving-10] [0m[INFO] [1782998118.153910393] [self_driving]: [DEBUG_DRIVE] state=LINE_FOLLOW raw_lane_x=125.5 lane_x=125.5 filter=stable linear=0.32 angular=0.10 cw_y=416 right_done=False start_turn=False count_turn=0 traffic=None stop=False[0m
[self_driving-10] [0m[INFO] [1782998118.704937763] [self_driving]: [DEBUG_DRIVE] state=LINE_FOLLOW raw_lane_x=222.0 lane_x=222.0 filter=stable linear=0.32 angular=-0.70 cw_y=416 right_done=False start_turn=False count_turn=1 traffic=None stop=False[0m
[self_driving-10] [33m[WARN] [1782998119.112612763] [self_driving]: [LANE_X_JUMP_REJECT] raw=196.0 last=283.0 diff=87.0 candidate=196.0 cnt=1/4[0m
[self_driving-10] [0m[INFO] [1782998119.246646300] [self_driving]: [DEBUG_DRIVE] state=LINE_FOLLOW raw_lane_x=276.0 lane_x=276.0 filter=stable linear=0.32 angular=-0.70 cw_y=416 right_done=False start_turn=True count_turn=2 traffic=None stop=False[0m
[self_driving-10] [0m[INFO] [1782998119.313797503] [self_driving]: [IMAGE] received count=679 shape=(480, 640, 3) queue=0[0m
[self_driving-10] [33m[WARN] [1782998119.781268540] [self_driving]: [LANE_LOST] raw_lane_x=-1 lane_x=-1 filter=lost stop=False state=LINE_FOLLOW safe_linear=0.02 right_ready=False right_done=False[0m
[self_driving-10] [0m[INFO] [1782998119.782049762] [self_driving]: [DEBUG_DRIVE] state=LINE_FOLLOW raw_lane_x=-1 lane_x=-1 filter=lost linear=0.32 angular=0.00 cw_y=416 right_done=False start_turn=True count_turn=6 traffic=None stop=False[0m
[self_driving-10] [33m[WARN] [1782998120.336765151] [self_driving]: [LANE_LOST] raw_lane_x=-1 lane_x=-1 filter=lost stop=False state=LINE_FOLLOW safe_linear=0.02 right_ready=False right_done=False[0m
[self_driving-10] [0m[INFO] [1782998120.339193447] [self_driving]: [DEBUG_DRIVE] state=LINE_FOLLOW raw_lane_x=-1 lane_x=-1 filter=lost linear=0.32 angular=0.00 cw_y=416 right_done=False start_turn=True count_turn=6 traffic=None stop=False[0m
[self_driving-10] [33m[WARN] [1782998120.855512669] [self_driving]: [LANE_LOST] raw_lane_x=-1 lane_x=-1 filter=lost stop=False state=LINE_FOLLOW safe_linear=0.02 right_ready=False right_done=False[0m
[self_driving-10] [0m[INFO] [1782998120.855973539] [self_driving]: [DEBUG_DRIVE] state=LINE_FOLLOW raw_lane_x=-1 lane_x=-1 filter=lost linear=0.32 angular=0.00 cw_y=416 right_done=False start_turn=True count_turn=6 traffic=None stop=False[0m
[self_driving-10] [0m[INFO] [1782998121.336409317] [self_driving]: [IMAGE] received count=709 shape=(480, 640, 3) queue=0[0m
[self_driving-10] [33m[WARN] [1782998121.408040465] [self_driving]: [LANE_LOST] raw_lane_x=-1 lane_x=-1 filter=lost stop=False state=LINE_FOLLOW safe_linear=0.02 right_ready=False right_done=False[0m
[self_driving-10] [0m[INFO] [1782998121.408512002] [self_driving]: [DEBUG_DRIVE] state=LINE_FOLLOW raw_lane_x=-1 lane_x=-1 filter=lost linear=0.32 angular=0.00 cw_y=416 right_done=False start_turn=True count_turn=6 traffic=None stop=False[0m
[self_driving-10] [33m[WARN] [1782998121.946802354] [self_driving]: [LANE_LOST] raw_lane_x=-1 lane_x=-1 filter=lost stop=False state=LINE_FOLLOW safe_linear=0.02 right_ready=False right_done=False[0m
[self_driving-10] [0m[INFO] [1782998121.952779131] [self_driving]: [DEBUG_DRIVE] state=LINE_FOLLOW raw_lane_x=-1 lane_x=-1 filter=lost linear=0.32 angular=0.00 cw_y=416 right_done=False start_turn=True count_turn=6 traffic=None stop=False[0m
[self_driving-10] [0m[INFO] [1782998122.340600909] [self_driving]: [CROSSWALK_SLOW] y=416 th=180 confirm=2[0m
[self_driving-10] [0m[INFO] [1782998122.683816260] [self_driving]: [CW_STAGE 2] 정지선 앞 완전 정지! elapsed=0.34s[0m
[self_driving-10] [0m[INFO] [1782998122.736901464] [self_driving]: [CW_STAGE 2] 정지선 앞 완전 정지! elapsed=0.40s[0m
[self_driving-10] [0m[INFO] [1782998122.803037834] [self_driving]: [CW_STAGE 2] 정지선 앞 완전 정지! elapsed=0.46s[0m
[self_driving-10] [0m[INFO] [1782998122.867517797] [self_driving]: [CW_STAGE 2] 정지선 앞 완전 정지! elapsed=0.53s[0m
[self_driving-10] [0m[INFO] [1782998122.961289353] [self_driving]: [CW_STAGE 2] 정지선 앞 완전 정지! elapsed=0.62s[0m
[self_driving-10] [0m[INFO] [1782998123.022836779] [self_driving]: [CW_STAGE 2] 정지선 앞 완전 정지! elapsed=0.68s[0m
[self_driving-10] [0m[INFO] [1782998123.080728408] [self_driving]: [CW_STAGE 2] 정지선 앞 완전 정지! elapsed=0.74s[0m
[self_driving-10] [0m[INFO] [1782998123.153294982] [self_driving]: [CW_STAGE 2] 정지선 앞 완전 정지! elapsed=0.81s[0m
[self_driving-10] [0m[INFO] [1782998123.206875334] [self_driving]: [CW_STAGE 2] 정지선 앞 완전 정지! elapsed=0.87s[0m
[self_driving-10] [0m[INFO] [1782998123.295510630] [self_driving]: [CW_STAGE 2] 정지선 앞 완전 정지! elapsed=0.95s[0m
[self_driving-10] [0m[INFO] [1782998123.355971630] [self_driving]: [IMAGE] received count=739 shape=(480, 640, 3) queue=0[0m
[self_driving-10] [0m[INFO] [1782998123.364531093] [self_driving]: [CW_STAGE 2] 정지선 앞 완전 정지! elapsed=1.02s[0m
[self_driving-10] [0m[INFO] [1782998123.435275556] [self_driving]: [CW_STAGE 2] 정지선 앞 완전 정지! elapsed=1.09s[0m
[self_driving-10] [0m[INFO] [1782998123.478783630] [self_driving]: [CW_STAGE 2] 정지선 앞 완전 정지! elapsed=1.14s[0m
[self_driving-10] [0m[INFO] [1782998123.543278908] [self_driving]: [CW_STAGE 2] 정지선 앞 완전 정지! elapsed=1.20s[0m
[self_driving-10] [0m[INFO] [1782998123.610530186] [self_driving]: [CW_STAGE 2] 정지선 앞 완전 정지! elapsed=1.27s[0m
[self_driving-10] [0m[INFO] [1782998123.690982445] [self_driving]: [CW_STAGE 2] 정지선 앞 완전 정지! elapsed=1.35s[0m
[self_driving-10] [0m[INFO] [1782998123.761586056] [self_driving]: [CW_STAGE 2] 정지선 앞 완전 정지! elapsed=1.42s[0m
[self_driving-10] [0m[INFO] [1782998123.828147093] [self_driving]: [CW_STAGE 2] 정지선 앞 완전 정지! elapsed=1.49s[0m
[self_driving-10] [0m[INFO] [1782998123.892725760] [self_driving]: [CW_STAGE 2] 정지선 앞 완전 정지! elapsed=1.55s[0m
[self_driving-10] [0m[INFO] [1782998123.955290000] [self_driving]: [CW_STAGE 2] 정지선 앞 완전 정지! elapsed=1.61s[0m
[self_driving-10] [0m[INFO] [1782998124.034255074] [self_driving]: [CW_STAGE 2] 정지선 앞 완전 정지! elapsed=1.69s[0m
[self_driving-10] [0m[INFO] [1782998124.090443352] [self_driving]: [CW_STAGE 3] 미션 완료 -> 정상 속도 회복 및 6초 락 가동[0m
[self_driving-10] [0m[INFO] [1782998124.091088056] [self_driving]: [DEBUG_DRIVE] state=LINE_FOLLOW raw_lane_x=301.5 lane_x=301.5 filter=stable linear=0.32 angular=-0.70 cw_y=416 right_done=False start_turn=True count_turn=7 traffic=None stop=False[0m
[self_driving-10] [0m[INFO] [1782998124.328461574] [self_driving]: [OBJECTS] msg_count=111 n=1 names=['go'][0m
[self_driving-10] [0m[INFO] [1782998124.330665519] [self_driving]: [CW_CANDIDATE] name=crosswalkcx=565 cy=128 area=1341 score=0.83 [0m
[self_driving-10] [0m[INFO] [1782998124.627737833] [self_driving]: [CROSSWALK_IGNORE] y=128 < th=180[0m
[self_driving-10] [0m[INFO] [1782998124.631450685] [self_driving]: [DEBUG_DRIVE] state=LINE_FOLLOW raw_lane_x=192.5 lane_x=192.5 filter=stable linear=0.32 angular=-0.10 cw_y=128 right_done=False start_turn=False count_turn=0 traffic=None stop=False[0m
[self_driving-10] [0m[INFO] [1782998124.686915611] [self_driving]: [CW_CANDIDATE] name=crosswalkcx=565 cy=129 area=1490 score=0.82 [0m
[self_driving-10] [0m[INFO] [1782998125.017069889] [self_driving]: [OBJECTS] msg_count=114 n=1 names=['go'][0m
[self_driving-10] [0m[INFO] [1782998125.020683463] [self_driving]: [CW_CANDIDATE] name=crosswalkcx=565 cy=129 area=1490 score=0.83 [0m
[self_driving-10] [0m[INFO] [1782998125.174508944] [self_driving]: [CROSSWALK_IGNORE] y=129 < th=180[0m
[self_driving-10] [0m[INFO] [1782998125.175433778] [self_driving]: [DEBUG_DRIVE] state=LINE_FOLLOW raw_lane_x=119.0 lane_x=119.0 filter=stable linear=0.32 angular=0.10 cw_y=129 right_done=False start_turn=False count_turn=0 traffic=None stop=False[0m
[self_driving-10] [0m[INFO] [1782998125.372633648] [self_driving]: [IMAGE] received count=769 shape=(480, 640, 3) queue=0[0m
[self_driving-10] [0m[INFO] [1782998125.670539888] [self_driving]: [OBJECTS] msg_count=116 n=1 names=['crosswalk'][0m
[self_driving-10] [0m[INFO] [1782998125.671564666] [self_driving]: [CW_CANDIDATE] name=crosswalkcx=374 cy=136 area=2266 score=0.83 [0m
[self_driving-10] [0m[INFO] [1782998125.720428944] [self_driving]: [DEBUG_DRIVE] state=LINE_FOLLOW raw_lane_x=123.5 lane_x=123.5 filter=stable linear=0.32 angular=0.10 cw_y=0 right_done=False start_turn=False count_turn=0 traffic=None stop=False[0m
[self_driving-10] [0m[INFO] [1782998126.008370370] [self_driving]: [CW_CANDIDATE] name=crosswalkcx=394 cy=138 area=2925 score=0.82 [0m
[self_driving-10] [0m[INFO] [1782998126.011037147] [self_driving]: [TRAFFIC_CANDIDATE] name=red valid=False cx=473 cy=15 area=182 score=0.73 min_area=270[0m
[self_driving-10] [0m[INFO] [1782998126.014603851] [self_driving]: [CW_CANDIDATE] name=crosswalkcx=355 cy=117 area=768 score=0.69 [0m
[self_driving-10] [0m[INFO] [1782998126.230877129] [self_driving]: [CROSSWALK_IGNORE] y=117 < th=180[0m
[self_driving-10] [0m[INFO] [1782998126.231587610] [self_driving]: [DEBUG_DRIVE] state=LINE_FOLLOW raw_lane_x=123.0 lane_x=123.0 filter=stable linear=0.32 angular=0.10 cw_y=117 right_done=False start_turn=False count_turn=0 traffic=None stop=False[0m
[self_driving-10] [0m[INFO] [1782998126.338707814] [self_driving]: [OBJECTS] msg_count=122 n=1 names=['crosswalk'][0m
[self_driving-10] [0m[INFO] [1782998126.340230795] [self_driving]: [CW_CANDIDATE] name=crosswalkcx=423 cy=147 area=3735 score=0.86 [0m
[self_driving-10] [0m[INFO] [1782998126.343803277] [self_driving]: [CW_CANDIDATE] name=crosswalkcx=384 cy=120 area=1071 score=0.59 [0m
[self_driving-10] [0m[INFO] [1782998126.673717443] [self_driving]: [CW_CANDIDATE] name=crosswalkcx=440 cy=156 area=5567 score=0.87 [0m
[self_driving-10] [0m[INFO] [1782998126.675955814] [self_driving]: [TRAFFIC_CANDIDATE] name=red valid=False cx=522 cy=7 area=192 score=0.77 min_area=270[0m
[self_driving-10] [0m[INFO] [1782998126.679261610] [self_driving]: [CW_CANDIDATE] name=crosswalkcx=385 cy=124 area=1296 score=0.59 [0m
[self_driving-10] [0m[INFO] [1782998126.773714925] [self_driving]: [CROSSWALK_IGNORE] y=124 < th=180[0m
[self_driving-10] [0m[INFO] [1782998126.775359647] [self_driving]: [DEBUG_DRIVE] state=LINE_FOLLOW raw_lane_x=128.5 lane_x=128.5 filter=stable linear=0.32 angular=0.10 cw_y=124 right_done=False start_turn=False count_turn=0 traffic=None stop=False[0m
[self_driving-10] [0m[INFO] [1782998127.024674110] [self_driving]: [OBJECTS] msg_count=128 n=1 names=['crosswalk'][0m
[self_driving-10] [0m[INFO] [1782998127.025384406] [self_driving]: [CW_CANDIDATE] name=crosswalkcx=469 cy=172 area=7728 score=0.89 [0m
[self_driving-10] [0m[INFO] [1782998127.319331443] [self_driving]: [DEBUG_DRIVE] state=LINE_FOLLOW raw_lane_x=128.5 lane_x=128.5 filter=stable linear=0.32 angular=-0.10 cw_y=0 right_done=False start_turn=False count_turn=0 traffic=None stop=False[0m
[self_driving-10] [0m[INFO] [1782998127.374986276] [self_driving]: [CW_CANDIDATE] name=crosswalkcx=466 cy=196 area=11104 score=0.91 [0m
[self_driving-10] [0m[INFO] [1782998127.379653128] [self_driving]: [CW_CANDIDATE] name=crosswalkcx=405 cy=134 area=2211 score=0.84 [0m
[self_driving-10] [0m[INFO] [1782998127.451392332] [self_driving]: [IMAGE] received count=800 shape=(480, 640, 3) queue=0[0m
[self_driving-10] [0m[INFO] [1782998127.705493683] [self_driving]: [OBJECTS] msg_count=134 n=1 names=['crosswalk'][0m
[self_driving-10] [0m[INFO] [1782998127.705995332] [self_driving]: [CW_CANDIDATE] name=crosswalkcx=462 cy=228 area=16732 score=0.92 [0m
[self_driving-10] [0m[INFO] [1782998127.857393683] [self_driving]: [DEBUG_DRIVE] state=LINE_FOLLOW raw_lane_x=120.5 lane_x=120.5 filter=stable linear=0.32 angular=0.10 cw_y=0 right_done=False start_turn=False count_turn=0 traffic=None stop=False[0m
[self_driving-10] [0m[INFO] [1782998128.056936405] [self_driving]: [CW_CANDIDATE] name=crosswalkcx=455 cy=287 area=30710 score=0.88 [0m
[self_driving-10] [0m[INFO] [1782998128.060711850] [self_driving]: [CW_CANDIDATE] name=crosswalkcx=426 cy=148 area=3915 score=0.84 [0m
[self_driving-10] [0m[INFO] [1782998128.370602739] [self_driving]: [OBJECTS] msg_count=138 n=1 names=['crosswalk'][0m
[self_driving-10] [0m[INFO] [1782998128.371854053] [self_driving]: [CW_CANDIDATE] name=crosswalkcx=450 cy=153 area=5148 score=0.86 [0m
[self_driving-10] [0m[INFO] [1782998128.375192090] [self_driving]: [CW_CANDIDATE] name=crosswalkcx=444 cy=391 area=67900 score=0.85 [0m
[self_driving-10] [0m[INFO] [1782998128.409451164] [self_driving]: [DEBUG_DRIVE] state=LINE_FOLLOW raw_lane_x=118.0 lane_x=118.0 filter=stable linear=0.32 angular=0.10 cw_y=391 right_done=False start_turn=False count_turn=0 traffic=None stop=False[0m
[self_driving-10] [0m[INFO] [1782998128.727665164] [self_driving]: [CW_CANDIDATE] name=crosswalkcx=461 cy=165 area=6930 score=0.87 [0m
[self_driving-10] [0m[INFO] [1782998128.934061386] [self_driving]: [CROSSWALK_IGNORE] y=165 < th=180[0m
[self_driving-10] [0m[INFO] [1782998128.934719942] [self_driving]: [DEBUG_DRIVE] state=LINE_FOLLOW raw_lane_x=68.0 lane_x=68.0 filter=stable linear=0.32 angular=0.10 cw_y=165 right_done=False start_turn=False count_turn=0 traffic=None stop=False[0m
[self_driving-10] [0m[INFO] [1782998129.086184794] [self_driving]: [OBJECTS] msg_count=142 n=1 names=['crosswalk'][0m
[self_driving-10] [0m[INFO] [1782998129.086987460] [self_driving]: [CW_CANDIDATE] name=crosswalkcx=473 cy=185 area=9352 score=0.90 [0m
[self_driving-10] [0m[INFO] [1782998129.424928645] [self_driving]: [CW_CANDIDATE] name=crosswalkcx=459 cy=209 area=14440 score=0.91 [0m
[self_driving-10] [0m[INFO] [1782998129.472378368] [self_driving]: [IMAGE] received count=830 shape=(480, 640, 3) queue=0[0m
[self_driving-10] [0m[INFO] [1782998129.487711238] [self_driving]: [DEBUG_DRIVE] state=LINE_FOLLOW raw_lane_x=31.5 lane_x=31.5 filter=stable linear=0.32 angular=0.10 cw_y=0 right_done=False start_turn=False count_turn=0 traffic=None stop=False[0m
[self_driving-10] [0m[INFO] [1782998129.764592478] [self_driving]: [OBJECTS] msg_count=146 n=1 names=['crosswalk'][0m
[self_driving-10] [0m[INFO] [1782998129.765688441] [self_driving]: [CW_CANDIDATE] name=crosswalkcx=436 cy=253 area=27269 score=0.91 [0m
[self_driving-10] [0m[INFO] [1782998130.005349071] [self_driving]: [DEBUG_DRIVE] state=LINE_FOLLOW raw_lane_x=-1 lane_x=9.5 filter=hold_last linear=0.32 angular=0.10 cw_y=0 right_done=False start_turn=False count_turn=0 traffic=None stop=False[0m
[self_driving-10] [0m[INFO] [1782998130.099088941] [self_driving]: [CW_CANDIDATE] name=crosswalkcx=400 cy=338 area=65075 score=0.89 [0m
[self_driving-10] [33m[WARN] [1782998130.206864182] [self_driving]: [LANE_LOST] raw_lane_x=-1 lane_x=-1 filter=lost stop=False state=LINE_FOLLOW safe_linear=0.02 right_ready=False right_done=False[0m
[self_driving-10] [0m[INFO] [1782998130.430891274] [self_driving]: [OBJECTS] msg_count=150 n=1 names=['crosswalk'][0m
[self_driving-10] [0m[INFO] [1782998130.431686645] [self_driving]: [CW_CANDIDATE] name=crosswalkcx=338 cy=433 area=56172 score=0.92 [0m
[self_driving-10] [0m[INFO] [1782998130.549308515] [self_driving]: [DEBUG_DRIVE] state=LINE_FOLLOW raw_lane_x=-1 lane_x=-1 filter=lost linear=0.32 angular=0.00 cw_y=433 right_done=False start_turn=False count_turn=0 traffic=None stop=False[0m
[self_driving-10] [33m[WARN] [1782998130.754540589] [self_driving]: [LANE_LOST] raw_lane_x=-1 lane_x=-1 filter=lost stop=False state=LINE_FOLLOW safe_linear=0.02 right_ready=False right_done=False[0m
[self_driving-10] [0m[INFO] [1782998131.085398885] [self_driving]: [DEBUG_DRIVE] state=LINE_FOLLOW raw_lane_x=-1 lane_x=-1 filter=lost linear=0.32 angular=0.00 cw_y=433 right_done=False start_turn=False count_turn=0 traffic=None stop=False[0m
[self_driving-10] [33m[WARN] [1782998131.272726292] [self_driving]: [LANE_LOST] raw_lane_x=-1 lane_x=-1 filter=lost stop=False state=LINE_FOLLOW safe_linear=0.02 right_ready=False right_done=False[0m
[self_driving-10] [0m[INFO] [1782998131.492489774] [self_driving]: [IMAGE] received count=860 shape=(480, 640, 3) queue=0[0m
[self_driving-10] [0m[INFO] [1782998131.618049126] [self_driving]: [DEBUG_DRIVE] state=LINE_FOLLOW raw_lane_x=-1 lane_x=-1 filter=lost linear=0.32 angular=0.00 cw_y=433 right_done=False start_turn=False count_turn=0 traffic=None stop=False[0m
[self_driving-10] [0m[INFO] [1782998131.672111700] [self_driving]: [CROSSWALK_SLOW] y=433 th=180 confirm=2[0m
[self_driving-10] [0m[INFO] [1782998132.009999662] [self_driving]: [CW_STAGE 2] 정지선 앞 완전 정지! elapsed=0.34s[0m
[self_driving-10] [0m[INFO] [1782998132.087979070] [self_driving]: [CW_STAGE 2] 정지선 앞 완전 정지! elapsed=0.42s[0m
[self_driving-10] [0m[INFO] [1782998132.180664903] [self_driving]: [CW_STAGE 2] 정지선 앞 완전 정지! elapsed=0.50s[0m
[self_driving-10] [33m[WARN] [1782998132.225313014] [self_driving]: [LANE_X_JUMP_REJECT] raw=159.5 last=266.5 diff=107.0 candidate=159.5 cnt=1/4[0m
[self_driving-10] [0m[INFO] [1782998132.226269088] [self_driving]: [CW_STAGE 2] 정지선 앞 완전 정지! elapsed=0.55s[0m
[self_driving-10] [0m[INFO] [1782998132.285882755] [self_driving]: [CW_STAGE 2] 정지선 앞 완전 정지! elapsed=0.61s[0m
[self_driving-10] [0m[INFO] [1782998132.344626829] [self_driving]: [CW_STAGE 2] 정지선 앞 완전 정지! elapsed=0.67s[0m
[self_driving-10] [0m[INFO] [1782998132.412766866] [self_driving]: [CW_STAGE 2] 정지선 앞 완전 정지! elapsed=0.74s[0m
[self_driving-10] [0m[INFO] [1782998132.494989847] [self_driving]: [CW_STAGE 2] 정지선 앞 완전 정지! elapsed=0.82s[0m
[self_driving-10] [0m[INFO] [1782998132.546940662] [self_driving]: [CW_STAGE 2] 정지선 앞 완전 정지! elapsed=0.87s[0m
[self_driving-10] [0m[INFO] [1782998132.629337180] [self_driving]: [CW_STAGE 2] 정지선 앞 완전 정지! elapsed=0.96s[0m
[self_driving-10] [0m[INFO] [1782998132.693441940] [self_driving]: [CW_STAGE 2] 정지선 앞 완전 정지! elapsed=1.02s[0m
[self_driving-10] [0m[INFO] [1782998132.759292125] [self_driving]: [CW_STAGE 2] 정지선 앞 완전 정지! elapsed=1.09s[0m
[self_driving-10] [0m[INFO] [1782998132.827347588] [self_driving]: [CW_STAGE 2] 정지선 앞 완전 정지! elapsed=1.15s[0m
[self_driving-10] [0m[INFO] [1782998132.895255199] [self_driving]: [CW_STAGE 2] 정지선 앞 완전 정지! elapsed=1.22s[0m
[self_driving-10] [0m[INFO] [1782998132.964362217] [self_driving]: [CW_STAGE 2] 정지선 앞 완전 정지! elapsed=1.29s[0m
[self_driving-10] [0m[INFO] [1782998133.033435569] [self_driving]: [CW_STAGE 2] 정지선 앞 완전 정지! elapsed=1.36s[0m
[self_driving-10] [0m[INFO] [1782998133.086979106] [self_driving]: [CW_STAGE 2] 정지선 앞 완전 정지! elapsed=1.41s[0m
[self_driving-10] [0m[INFO] [1782998133.165542939] [self_driving]: [CW_STAGE 2] 정지선 앞 완전 정지! elapsed=1.49s[0m
[self_driving-10] [0m[INFO] [1782998133.258134550] [self_driving]: [CW_STAGE 2] 정지선 앞 완전 정지! elapsed=1.58s[0m
[self_driving-10] [0m[INFO] [1782998133.324455273] [self_driving]: [CW_STAGE 2] 정지선 앞 완전 정지! elapsed=1.65s[0m
[self_driving-10] [0m[INFO] [1782998133.416462699] [self_driving]: [CW_STAGE 3] 미션 완료 -> 정상 속도 회복 및 6초 락 가동[0m
[self_driving-10] [33m[WARN] [1782998133.419167143] [self_driving]: [LANE_LOST] raw_lane_x=-1 lane_x=-1 filter=lost stop=False state=LINE_FOLLOW safe_linear=0.02 right_ready=False right_done=False[0m
[self_driving-10] [0m[INFO] [1782998133.419650680] [self_driving]: [DEBUG_DRIVE] state=LINE_FOLLOW raw_lane_x=-1 lane_x=-1 filter=lost linear=0.32 angular=0.00 cw_y=433 right_done=False start_turn=False count_turn=0 traffic=None stop=False[0m
[self_driving-10] [0m[INFO] [1782998133.493473773] [self_driving]: [IMAGE] received count=889 shape=(480, 640, 3) queue=0[0m
[self_driving-10] [33m[WARN] [1782998133.968725791] [self_driving]: [LANE_LOST] raw_lane_x=-1 lane_x=-1 filter=lost stop=False state=LINE_FOLLOW safe_linear=0.02 right_ready=False right_done=False[0m
[self_driving-10] [0m[INFO] [1782998133.970208494] [self_driving]: [DEBUG_DRIVE] state=LINE_FOLLOW raw_lane_x=-1 lane_x=-1 filter=lost linear=0.32 angular=0.00 cw_y=433 right_done=False start_turn=False count_turn=0 traffic=None stop=False[0m
[self_driving-10] [33m[WARN] [1782998134.542361439] [self_driving]: [LANE_LOST] raw_lane_x=-1 lane_x=-1 filter=lost stop=False state=LINE_FOLLOW safe_linear=0.02 right_ready=False right_done=False[0m
[self_driving-10] [0m[INFO] [1782998134.542859531] [self_driving]: [DEBUG_DRIVE] state=LINE_FOLLOW raw_lane_x=-1 lane_x=-1 filter=lost linear=0.32 angular=0.00 cw_y=433 right_done=False start_turn=False count_turn=0 traffic=None stop=False[0m
[self_driving-10] [33m[WARN] [1782998135.116891457] [self_driving]: [LANE_LOST] raw_lane_x=-1 lane_x=-1 filter=lost stop=False state=LINE_FOLLOW safe_linear=0.02 right_ready=False right_done=False[0m
[self_driving-10] [0m[INFO] [1782998135.117789327] [self_driving]: [DEBUG_DRIVE] state=LINE_FOLLOW raw_lane_x=-1 lane_x=-1 filter=lost linear=0.32 angular=0.00 cw_y=433 right_done=False start_turn=False count_turn=0 traffic=None stop=False[0m
[self_driving-10] [0m[INFO] [1782998135.510992068] [self_driving]: [IMAGE] received count=914 shape=(480, 640, 3) queue=0[0m
[self_driving-10] [33m[WARN] [1782998135.673670142] [self_driving]: [LANE_LOST] raw_lane_x=-1 lane_x=-1 filter=lost stop=False state=LINE_FOLLOW safe_linear=0.02 right_ready=False right_done=False[0m
[self_driving-10] [0m[INFO] [1782998135.675698808] [self_driving]: [DEBUG_DRIVE] state=LINE_FOLLOW raw_lane_x=-1 lane_x=-1 filter=lost linear=0.32 angular=0.00 cw_y=433 right_done=False start_turn=False count_turn=0 traffic=None stop=False[0m
[self_driving-10] [33m[WARN] [1782998136.229244641] [self_driving]: [LANE_LOST] raw_lane_x=-1 lane_x=-1 filter=lost stop=False state=LINE_FOLLOW safe_linear=0.02 right_ready=False right_done=False[0m
[self_driving-10] [0m[INFO] [1782998136.230056641] [self_driving]: [DEBUG_DRIVE] state=LINE_FOLLOW raw_lane_x=-1 lane_x=-1 filter=lost linear=0.32 angular=0.00 cw_y=433 right_done=False start_turn=False count_turn=0 traffic=None stop=False[0m
[self_driving-10] [33m[WARN] [1782998136.795549363] [self_driving]: [LANE_LOST] raw_lane_x=-1 lane_x=-1 filter=lost stop=False state=LINE_FOLLOW safe_linear=0.02 right_ready=False right_done=False[0m
[self_driving-10] [0m[INFO] [1782998136.797601104] [self_driving]: [DEBUG_DRIVE] state=LINE_FOLLOW raw_lane_x=-1 lane_x=-1 filter=lost linear=0.32 angular=0.00 cw_y=433 right_done=False start_turn=False count_turn=0 traffic=None stop=False[0m
[self_driving-10] [33m[WARN] [1782998137.377640492] [self_driving]: [LANE_LOST] raw_lane_x=-1 lane_x=-1 filter=lost stop=False state=LINE_FOLLOW safe_linear=0.02 right_ready=False right_done=False[0m
[self_driving-10] [0m[INFO] [1782998137.378186992] [self_driving]: [DEBUG_DRIVE] state=LINE_FOLLOW raw_lane_x=-1 lane_x=-1 filter=lost linear=0.32 angular=0.00 cw_y=433 right_done=False start_turn=False count_turn=0 traffic=None stop=False[0m
[self_driving-10] [0m[INFO] [1782998137.520497752] [self_driving]: [IMAGE] received count=939 shape=(480, 640, 3) queue=0[0m
[self_driving-10] [33m[WARN] [1782998137.919737788] [self_driving]: [LANE_LOST] raw_lane_x=-1 lane_x=-1 filter=lost stop=False state=LINE_FOLLOW safe_linear=0.02 right_ready=False right_done=False[0m
[self_driving-10] [0m[INFO] [1782998137.920252029] [self_driving]: [DEBUG_DRIVE] state=LINE_FOLLOW raw_lane_x=-1 lane_x=-1 filter=lost linear=0.32 angular=0.00 cw_y=433 right_done=False start_turn=False count_turn=0 traffic=None stop=False[0m
[self_driving-10] [33m[WARN] [1782998138.499484084] [self_driving]: [LANE_LOST] raw_lane_x=-1 lane_x=-1 filter=lost stop=False state=LINE_FOLLOW safe_linear=0.02 right_ready=False right_done=False[0m
[self_driving-10] [0m[INFO] [1782998138.500015103] [self_driving]: [DEBUG_DRIVE] state=LINE_FOLLOW raw_lane_x=-1 lane_x=-1 filter=lost linear=0.32 angular=0.00 cw_y=433 right_done=False start_turn=False count_turn=0 traffic=None stop=False[0m
[self_driving-10] [33m[WARN] [1782998139.062317066] [self_driving]: [LANE_LOST] raw_lane_x=-1 lane_x=-1 filter=lost stop=False state=LINE_FOLLOW safe_linear=0.02 right_ready=False right_done=False[0m
[self_driving-10] [0m[INFO] [1782998139.062836047] [self_driving]: [DEBUG_DRIVE] state=LINE_FOLLOW raw_lane_x=-1 lane_x=-1 filter=lost linear=0.32 angular=0.00 cw_y=433 right_done=False start_turn=False count_turn=0 traffic=None stop=False[0m
[self_driving-10] [0m[INFO] [1782998139.524887695] [self_driving]: [IMAGE] received count=964 shape=(480, 640, 3) queue=0[0m
[self_driving-10] [33m[WARN] [1782998139.641500121] [self_driving]: [LANE_LOST] raw_lane_x=-1 lane_x=-1 filter=lost stop=False state=LINE_FOLLOW safe_linear=0.02 right_ready=False right_done=False[0m
[self_driving-10] [0m[INFO] [1782998139.642047713] [self_driving]: [DEBUG_DRIVE] state=LINE_FOLLOW raw_lane_x=-1 lane_x=-1 filter=lost linear=0.32 angular=0.00 cw_y=433 right_done=False start_turn=False count_turn=0 traffic=None stop=False[0m
[self_driving-10] [33m[WARN] [1782998140.179946065] [self_driving]: [LANE_LOST] raw_lane_x=-1 lane_x=-1 filter=lost stop=False state=LINE_FOLLOW safe_linear=0.02 right_ready=False right_done=False[0m
[self_driving-10] [0m[INFO] [1782998140.180665620] [self_driving]: [DEBUG_DRIVE] state=LINE_FOLLOW raw_lane_x=-1 lane_x=-1 filter=lost linear=0.32 angular=0.00 cw_y=433 right_done=False start_turn=False count_turn=0 traffic=None stop=False[0m
[self_driving-10] [33m[WARN] [1782998140.704341083] [self_driving]: [LANE_LOST] raw_lane_x=-1 lane_x=-1 filter=lost stop=False state=LINE_FOLLOW safe_linear=0.02 right_ready=False right_done=False[0m
[self_driving-10] [0m[INFO] [1782998140.704846250] [self_driving]: [DEBUG_DRIVE] state=LINE_FOLLOW raw_lane_x=-1 lane_x=-1 filter=lost linear=0.32 angular=0.00 cw_y=433 right_done=False start_turn=False count_turn=0 traffic=None stop=False[0m
[self_driving-10] [0m[INFO] [1782998141.052095287] [self_driving]: [CROSSWALK_SLOW] y=433 th=180 confirm=2[0m
[self_driving-10] [0m[INFO] [1782998141.384610138] [self_driving]: [CW_STAGE 2] 정지선 앞 완전 정지! elapsed=0.33s[0m
[self_driving-10] [0m[INFO] [1782998141.458210416] [self_driving]: [CW_STAGE 2] 정지선 앞 완전 정지! elapsed=0.40s[0m
[self_driving-10] [0m[INFO] [1782998141.535983157] [self_driving]: [CW_STAGE 2] 정지선 앞 완전 정지! elapsed=0.48s[0m
[self_driving-10] [0m[INFO] [1782998141.577900083] [self_driving]: [IMAGE] received count=992 shape=(480, 640, 3) queue=0[0m
[self_driving-10] [33m[WARN] [1782998141.586814008] [self_driving]: [LANE_X_JUMP_REJECT] raw=288.0 last=204.0 diff=84.0 candidate=288.0 cnt=1/4[0m
[self_driving-10] [0m[INFO] [1782998141.590374786] [self_driving]: [CW_STAGE 2] 정지선 앞 완전 정지! elapsed=0.54s[0m
[self_driving-10] [0m[INFO] [1782998141.662172101] [self_driving]: [CW_STAGE 2] 정지선 앞 완전 정지! elapsed=0.61s[0m
[self_driving-10] [0m[INFO] [1782998141.707512620] [self_driving]: [CW_STAGE 2] 정지선 앞 완전 정지! elapsed=0.66s[0m
[self_driving-10] [0m[INFO] [1782998141.786855397] [self_driving]: [CW_STAGE 2] 정지선 앞 완전 정지! elapsed=0.73s[0m
[self_driving-10] [0m[INFO] [1782998141.870350231] [self_driving]: [CW_STAGE 2] 정지선 앞 완전 정지! elapsed=0.82s[0m
[self_driving-10] [0m[INFO] [1782998141.935203675] [self_driving]: [CW_STAGE 2] 정지선 앞 완전 정지! elapsed=0.88s[0m
[self_driving-10] [0m[INFO] [1782998141.992245934] [self_driving]: [CW_STAGE 2] 정지선 앞 완전 정지! elapsed=0.94s[0m
[self_driving-10] [0m[INFO] [1782998142.056735397] [self_driving]: [CW_STAGE 2] 정지선 앞 완전 정지! elapsed=1.00s[0m
[self_driving-10] [0m[INFO] [1782998142.122679638] [self_driving]: [CW_STAGE 2] 정지선 앞 완전 정지! elapsed=1.07s[0m
[self_driving-10] [33m[WARN] [1782998142.178592212] [self_driving]: [LANE_X_JUMP_REJECT] raw=309.0 last=18.0 diff=291.0 candidate=309.0 cnt=1/4[0m
[self_driving-10] [0m[INFO] [1782998142.182285434] [self_driving]: [CW_STAGE 2] 정지선 앞 완전 정지! elapsed=1.13s[0m
[self_driving-10] [0m[INFO] [1782998142.254570156] [self_driving]: [CW_STAGE 2] 정지선 앞 완전 정지! elapsed=1.20s[0m
[self_driving-10] [0m[INFO] [1782998142.325088193] [self_driving]: [CW_STAGE 2] 정지선 앞 완전 정지! elapsed=1.27s[0m
[self_driving-10] [0m[INFO] [1782998142.381778471] [self_driving]: [CW_STAGE 2] 정지선 앞 완전 정지! elapsed=1.33s[0m
[self_driving-10] [0m[INFO] [1782998142.447031286] [self_driving]: [CW_STAGE 2] 정지선 앞 완전 정지! elapsed=1.39s[0m
[self_driving-10] [0m[INFO] [1782998142.511382193] [self_driving]: [OBJECTS] msg_count=151 n=1 names=['crosswalk'][0m
[self_driving-10] [0m[INFO] [1782998142.538582415] [self_driving]: [CW_STAGE 2] 정지선 앞 완전 정지! elapsed=1.48s[0m
[self_driving-10] [0m[INFO] [1782998142.595421712] [self_driving]: [CW_STAGE 2] 정지선 앞 완전 정지! elapsed=1.54s[0m
[self_driving-10] [0m[INFO] [1782998142.662885174] [self_driving]: [CW_STAGE 2] 정지선 앞 완전 정지! elapsed=1.61s[0m
[self_driving-10] [0m[INFO] [1782998142.725864637] [self_driving]: [CW_STAGE 2] 정지선 앞 완전 정지! elapsed=1.67s[0m
[self_driving-10] [0m[INFO] [1782998142.799741971] [self_driving]: [CW_STAGE 3] 미션 완료 -> 정상 속도 회복 및 6초 락 가동[0m
[self_driving-10] [33m[WARN] [1782998142.803714211] [self_driving]: [LANE_LOST] raw_lane_x=-1 lane_x=-1 filter=lost stop=False state=LINE_FOLLOW safe_linear=0.02 right_ready=False right_done=False[0m
[self_driving-10] [0m[INFO] [1782998142.804162156] [self_driving]: [DEBUG_DRIVE] state=LINE_FOLLOW raw_lane_x=-1 lane_x=-1 filter=lost linear=0.32 angular=0.00 cw_y=0 right_done=False start_turn=False count_turn=0 traffic=None stop=False[0m
[self_driving-10] [0m[INFO] [1782998142.876771045] [self_driving]: [CW_CANDIDATE] name=crosswalkcx=38 cy=312 area=4158 score=0.42 [0m
[self_driving-10] [0m[INFO] [1782998143.212691933] [self_driving]: [OBJECTS] msg_count=153 n=1 names=['crosswalk'][0m
[self_driving-10] [33m[WARN] [1782998143.338269859] [self_driving]: [LANE_LOST] raw_lane_x=-1 lane_x=-1 filter=lost stop=False state=LINE_FOLLOW safe_linear=0.02 right_ready=False right_done=False[0m
[self_driving-10] [0m[INFO] [1782998143.338848137] [self_driving]: [DEBUG_DRIVE] state=LINE_FOLLOW raw_lane_x=-1 lane_x=-1 filter=lost linear=0.32 angular=0.00 cw_y=0 right_done=False start_turn=False count_turn=0 traffic=None stop=False[0m
[self_driving-10] [0m[INFO] [1782998143.619659155] [self_driving]: [IMAGE] received count=1022 shape=(480, 640, 3) queue=0[0m
[self_driving-10] [33m[WARN] [1782998143.868873377] [self_driving]: [LANE_LOST] raw_lane_x=-1 lane_x=-1 filter=lost stop=False state=LINE_FOLLOW safe_linear=0.02 right_ready=False right_done=False[0m
[self_driving-10] [0m[INFO] [1782998143.869589063] [self_driving]: [DEBUG_DRIVE] state=LINE_FOLLOW raw_lane_x=-1 lane_x=-1 filter=lost linear=0.32 angular=0.00 cw_y=0 right_done=False start_turn=False count_turn=0 traffic=None stop=False[0m
[self_driving-10] [33m[WARN] [1782998144.410032896] [self_driving]: [LANE_LOST] raw_lane_x=-1 lane_x=-1 filter=lost stop=False state=LINE_FOLLOW safe_linear=0.02 right_ready=False right_done=False[0m
[self_driving-10] [0m[INFO] [1782998144.410995673] [self_driving]: [DEBUG_DRIVE] state=LINE_FOLLOW raw_lane_x=-1 lane_x=-1 filter=lost linear=0.32 angular=0.00 cw_y=0 right_done=False start_turn=False count_turn=0 traffic=None stop=False[0m
[self_driving-10] [33m[WARN] [1782998144.938710006] [self_driving]: [LANE_LOST] raw_lane_x=-1 lane_x=-1 filter=lost stop=False state=LINE_FOLLOW safe_linear=0.02 right_ready=False right_done=False[0m
[self_driving-10] [0m[INFO] [1782998144.939822840] [self_driving]: [DEBUG_DRIVE] state=LINE_FOLLOW raw_lane_x=-1 lane_x=-1 filter=lost linear=0.32 angular=0.00 cw_y=0 right_done=False start_turn=False count_turn=0 traffic=None stop=False[0m
[self_driving-10] [33m[WARN] [1782998145.475341839] [self_driving]: [LANE_LOST] raw_lane_x=-1 lane_x=-1 filter=lost stop=False state=LINE_FOLLOW safe_linear=0.02 right_ready=False right_done=False[0m
[self_driving-10] [0m[INFO] [1782998145.477458784] [self_driving]: [DEBUG_DRIVE] state=LINE_FOLLOW raw_lane_x=-1 lane_x=-1 filter=lost linear=0.32 angular=0.00 cw_y=0 right_done=False start_turn=False count_turn=0 traffic=None stop=False[0m
[self_driving-10] [0m[INFO] [1782998145.662007376] [self_driving]: [IMAGE] received count=1053 shape=(480, 640, 3) queue=0[0m
[self_driving-10] [33m[WARN] [1782998146.007646265] [self_driving]: [LANE_LOST] raw_lane_x=-1 lane_x=-1 filter=lost stop=False state=LINE_FOLLOW safe_linear=0.02 right_ready=False right_done=False[0m
[self_driving-10] [0m[INFO] [1782998146.008434061] [self_driving]: [DEBUG_DRIVE] state=LINE_FOLLOW raw_lane_x=-1 lane_x=-1 filter=lost linear=0.32 angular=0.00 cw_y=0 right_done=False start_turn=False count_turn=0 traffic=None stop=False[0m
[self_driving-10] [33m[WARN] [1782998146.547535876] [self_driving]: [LANE_LOST] raw_lane_x=-1 lane_x=-1 filter=lost stop=False state=LINE_FOLLOW safe_linear=0.02 right_ready=False right_done=False[0m
[self_driving-10] [0m[INFO] [1782998146.551839117] [self_driving]: [DEBUG_DRIVE] state=LINE_FOLLOW raw_lane_x=-1 lane_x=-1 filter=lost linear=0.32 angular=0.00 cw_y=0 right_done=False start_turn=False count_turn=0 traffic=None stop=False[0m
[self_driving-10] [33m[WARN] [1782998147.098775468] [self_driving]: [LANE_LOST] raw_lane_x=-1 lane_x=-1 filter=lost stop=False state=LINE_FOLLOW safe_linear=0.02 right_ready=False right_done=False[0m
[self_driving-10] [0m[INFO] [1782998147.099756820] [self_driving]: [DEBUG_DRIVE] state=LINE_FOLLOW raw_lane_x=-1 lane_x=-1 filter=lost linear=0.32 angular=0.00 cw_y=0 right_done=False start_turn=False count_turn=0 traffic=None stop=False[0m
[self_driving-10] [33m[WARN] [1782998147.624195820] [self_driving]: [LANE_LOST] raw_lane_x=-1 lane_x=-1 filter=lost stop=False state=LINE_FOLLOW safe_linear=0.02 right_ready=False right_done=False[0m
[self_driving-10] [0m[INFO] [1782998147.624683727] [self_driving]: [DEBUG_DRIVE] state=LINE_FOLLOW raw_lane_x=-1 lane_x=-1 filter=lost linear=0.32 angular=0.00 cw_y=0 right_done=False start_turn=False count_turn=0 traffic=None stop=False[0m
[self_driving-10] [0m[INFO] [1782998147.707493042] [self_driving]: [IMAGE] received count=1083 shape=(480, 640, 3) queue=0[0m
[self_driving-10] [33m[WARN] [1782998148.170685893] [self_driving]: [LANE_LOST] raw_lane_x=-1 lane_x=-1 filter=lost stop=False state=LINE_FOLLOW safe_linear=0.02 right_ready=False right_done=False[0m
[self_driving-10] [0m[INFO] [1782998148.171214486] [self_driving]: [DEBUG_DRIVE] state=LINE_FOLLOW raw_lane_x=-1 lane_x=-1 filter=lost linear=0.32 angular=0.00 cw_y=0 right_done=False start_turn=False count_turn=0 traffic=None stop=False[0m
[self_driving-10] [33m[WARN] [1782998148.714542652] [self_driving]: [LANE_LOST] raw_lane_x=-1 lane_x=-1 filter=lost stop=False state=LINE_FOLLOW safe_linear=0.02 right_ready=False right_done=False[0m
[self_driving-10] [0m[INFO] [1782998148.718645930] [self_driving]: [DEBUG_DRIVE] state=LINE_FOLLOW raw_lane_x=-1 lane_x=-1 filter=lost linear=0.32 angular=0.00 cw_y=0 right_done=False start_turn=False count_turn=0 traffic=None stop=False[0m
[self_driving-10] [33m[WARN] [1782998149.245924152] [self_driving]: [LANE_LOST] raw_lane_x=-1 lane_x=-1 filter=lost stop=False state=LINE_FOLLOW safe_linear=0.02 right_ready=False right_done=False[0m
[self_driving-10] [0m[INFO] [1782998149.246866004] [self_driving]: [DEBUG_DRIVE] state=LINE_FOLLOW raw_lane_x=-1 lane_x=-1 filter=lost linear=0.32 angular=0.00 cw_y=0 right_done=False start_turn=False count_turn=0 traffic=None stop=False[0m
[self_driving-10] [0m[INFO] [1782998149.713073541] [self_driving]: [IMAGE] received count=1113 shape=(480, 640, 3) queue=0[0m
[self_driving-10] [33m[WARN] [1782998149.778642226] [self_driving]: [LANE_LOST] raw_lane_x=-1 lane_x=-1 filter=lost stop=False state=LINE_FOLLOW safe_linear=0.02 right_ready=False right_done=False[0m
[self_driving-10] [0m[INFO] [1782998149.779122504] [self_driving]: [DEBUG_DRIVE] state=LINE_FOLLOW raw_lane_x=-1 lane_x=-1 filter=lost linear=0.32 angular=0.00 cw_y=0 right_done=False start_turn=False count_turn=0 traffic=None stop=False[0m
[self_driving-10] [33m[WARN] [1782998150.318853707] [self_driving]: [LANE_LOST] raw_lane_x=-1 lane_x=-1 filter=lost stop=False state=LINE_FOLLOW safe_linear=0.02 right_ready=False right_done=False[0m
[self_driving-10] [0m[INFO] [1782998150.319320300] [self_driving]: [DEBUG_DRIVE] state=LINE_FOLLOW raw_lane_x=-1 lane_x=-1 filter=lost linear=0.32 angular=0.00 cw_y=0 right_done=False start_turn=False count_turn=0 traffic=None stop=False[0m
[self_driving-10] [33m[WARN] [1782998150.857367281] [self_driving]: [LANE_LOST] raw_lane_x=-1 lane_x=-1 filter=lost stop=False state=LINE_FOLLOW safe_linear=0.02 right_ready=False right_done=False[0m
[self_driving-10] [0m[INFO] [1782998150.858170873] [self_driving]: [DEBUG_DRIVE] state=LINE_FOLLOW raw_lane_x=-1 lane_x=-1 filter=lost linear=0.32 angular=0.00 cw_y=0 right_done=False start_turn=False count_turn=0 traffic=None stop=False[0m
[self_driving-10] [33m[WARN] [1782998151.405495225] [self_driving]: [LANE_LOST] raw_lane_x=-1 lane_x=-1 filter=lost stop=False state=LINE_FOLLOW safe_linear=0.02 right_ready=False right_done=False[0m
[self_driving-10] [0m[INFO] [1782998151.408211799] [self_driving]: [DEBUG_DRIVE] state=LINE_FOLLOW raw_lane_x=-1 lane_x=-1 filter=lost linear=0.32 angular=0.00 cw_y=0 right_done=False start_turn=False count_turn=0 traffic=None stop=False[0m
[self_driving-10] [0m[INFO] [1782998151.796488076] [self_driving]: [IMAGE] received count=1144 shape=(480, 640, 3) queue=0[0m
[self_driving-10] [33m[WARN] [1782998151.946225743] [self_driving]: [LANE_LOST] raw_lane_x=-1 lane_x=-1 filter=lost stop=False state=LINE_FOLLOW safe_linear=0.02 right_ready=False right_done=False[0m
[self_driving-10] [0m[INFO] [1782998151.946740002] [self_driving]: [DEBUG_DRIVE] state=LINE_FOLLOW raw_lane_x=-1 lane_x=-1 filter=lost linear=0.32 angular=0.00 cw_y=0 right_done=False start_turn=False count_turn=0 traffic=None stop=False[0m
[self_driving-10] [33m[WARN] [1782998152.463128558] [self_driving]: [LANE_LOST] raw_lane_x=-1 lane_x=-1 filter=lost stop=False state=LINE_FOLLOW safe_linear=0.02 right_ready=False right_done=False[0m
[self_driving-10] [0m[INFO] [1782998152.463679317] [self_driving]: [DEBUG_DRIVE] state=LINE_FOLLOW raw_lane_x=-1 lane_x=-1 filter=lost linear=0.32 angular=0.00 cw_y=0 right_done=False start_turn=False count_turn=0 traffic=None stop=False[0m
[self_driving-10] [33m[WARN] [1782998153.008669687] [self_driving]: [LANE_LOST] raw_lane_x=-1 lane_x=-1 filter=lost stop=False state=LINE_FOLLOW safe_linear=0.02 right_ready=False right_done=False[0m
[self_driving-10] [0m[INFO] [1782998153.012480539] [self_driving]: [DEBUG_DRIVE] state=LINE_FOLLOW raw_lane_x=-1 lane_x=-1 filter=lost linear=0.32 angular=0.00 cw_y=0 right_done=False start_turn=False count_turn=0 traffic=None stop=False[0m
[self_driving-10] [33m[WARN] [1782998153.552066446] [self_driving]: [LANE_LOST] raw_lane_x=-1 lane_x=-1 filter=lost stop=False state=LINE_FOLLOW safe_linear=0.02 right_ready=False right_done=False[0m
[self_driving-10] [0m[INFO] [1782998153.556858909] [self_driving]: [DEBUG_DRIVE] state=LINE_FOLLOW raw_lane_x=-1 lane_x=-1 filter=lost linear=0.32 angular=0.00 cw_y=0 right_done=False start_turn=False count_turn=0 traffic=None stop=False[0m
[self_driving-10] [0m[INFO] [1782998153.811778446] [self_driving]: [IMAGE] received count=1174 shape=(480, 640, 3) queue=0[0m
[self_driving-10] [33m[WARN] [1782998154.078931816] [self_driving]: [LANE_LOST] raw_lane_x=-1 lane_x=-1 filter=lost stop=False state=LINE_FOLLOW safe_linear=0.02 right_ready=False right_done=False[0m
[self_driving-10] [0m[INFO] [1782998154.079457797] [self_driving]: [DEBUG_DRIVE] state=LINE_FOLLOW raw_lane_x=-1 lane_x=-1 filter=lost linear=0.32 angular=0.00 cw_y=0 right_done=False start_turn=False count_turn=0 traffic=None stop=False[0m
[self_driving-10] [33m[WARN] [1782998154.626408908] [self_driving]: [LANE_LOST] raw_lane_x=-1 lane_x=-1 filter=lost stop=False state=LINE_FOLLOW safe_linear=0.02 right_ready=False right_done=False[0m
[self_driving-10] [0m[INFO] [1782998154.626923241] [self_driving]: [DEBUG_DRIVE] state=LINE_FOLLOW raw_lane_x=-1 lane_x=-1 filter=lost linear=0.32 angular=0.00 cw_y=0 right_done=False start_turn=False count_turn=0 traffic=None stop=False[0m
[self_driving-10] [0m[INFO] [1782998155.130381389] [self_driving]: [OBJECTS] msg_count=154 n=1 names=['green'][0m
[self_driving-10] [0m[INFO] [1782998155.131444926] [self_driving]: [TRAFFIC_CANDIDATE] name=green valid=False cx=88 cy=4 area=104 score=0.34 min_area=270[0m
[self_driving-10] [33m[WARN] [1782998155.174091760] [self_driving]: [LANE_LOST] raw_lane_x=-1 lane_x=-1 filter=lost stop=False state=LINE_FOLLOW safe_linear=0.02 right_ready=False right_done=False[0m
[self_driving-10] [0m[INFO] [1782998155.176756371] [self_driving]: [DEBUG_DRIVE] state=LINE_FOLLOW raw_lane_x=-1 lane_x=-1 filter=lost linear=0.32 angular=0.00 cw_y=0 right_done=False start_turn=False count_turn=0 traffic=None stop=False[0m
[self_driving-10] [33m[WARN] [1782998155.692859704] [self_driving]: [LANE_LOST] raw_lane_x=-1 lane_x=-1 filter=lost stop=False state=LINE_FOLLOW safe_linear=0.02 right_ready=False right_done=False[0m
[self_driving-10] [0m[INFO] [1782998155.694169204] [self_driving]: [DEBUG_DRIVE] state=LINE_FOLLOW raw_lane_x=-1 lane_x=-1 filter=lost linear=0.32 angular=0.00 cw_y=0 right_done=False start_turn=False count_turn=0 traffic=None stop=False[0m
[self_driving-10] [0m[INFO] [1782998155.835675815] [self_driving]: [IMAGE] received count=1204 shape=(480, 640, 3) queue=0[0m
[self_driving-10] [33m[WARN] [1782998156.250664963] [self_driving]: [LANE_LOST] raw_lane_x=-1 lane_x=-1 filter=lost stop=False state=LINE_FOLLOW safe_linear=0.02 right_ready=False right_done=False[0m
[self_driving-10] [0m[INFO] [1782998156.251260240] [self_driving]: [DEBUG_DRIVE] state=LINE_FOLLOW raw_lane_x=-1 lane_x=-1 filter=lost linear=0.32 angular=0.00 cw_y=0 right_done=False start_turn=False count_turn=0 traffic=None stop=False[0m
[self_driving-10] [33m[WARN] [1782998156.771663277] [self_driving]: [LANE_LOST] raw_lane_x=-1 lane_x=-1 filter=lost stop=False state=LINE_FOLLOW safe_linear=0.02 right_ready=False right_done=False[0m
[self_driving-10] [0m[INFO] [1782998156.772336740] [self_driving]: [DEBUG_DRIVE] state=LINE_FOLLOW raw_lane_x=-1 lane_x=-1 filter=lost linear=0.32 angular=0.00 cw_y=0 right_done=False start_turn=False count_turn=0 traffic=None stop=False[0m
[self_driving-10] [33m[WARN] [1782998157.311481536] [self_driving]: [LANE_LOST] raw_lane_x=-1 lane_x=-1 filter=lost stop=False state=LINE_FOLLOW safe_linear=0.02 right_ready=False right_done=False[0m
[self_driving-10] [0m[INFO] [1782998157.312024777] [self_driving]: [DEBUG_DRIVE] state=LINE_FOLLOW raw_lane_x=-1 lane_x=-1 filter=lost linear=0.32 angular=0.00 cw_y=0 right_done=False start_turn=False count_turn=0 traffic=None stop=False[0m
[self_driving-10] [0m[INFO] [1782998157.845379962] [self_driving]: [IMAGE] received count=1234 shape=(480, 640, 3) queue=0[0m
[self_driving-10] [33m[WARN] [1782998157.853643073] [self_driving]: [LANE_LOST] raw_lane_x=-1 lane_x=-1 filter=lost stop=False state=LINE_FOLLOW safe_linear=0.02 right_ready=False right_done=False[0m
[self_driving-10] [0m[INFO] [1782998157.856652758] [self_driving]: [DEBUG_DRIVE] state=LINE_FOLLOW raw_lane_x=-1 lane_x=-1 filter=lost linear=0.32 angular=0.00 cw_y=0 right_done=False start_turn=False count_turn=0 traffic=None stop=False[0m
[self_driving-10] [33m[WARN] [1782998158.372801369] [self_driving]: [LANE_LOST] raw_lane_x=-1 lane_x=-1 filter=lost stop=False state=LINE_FOLLOW safe_linear=0.02 right_ready=False right_done=False[0m
[self_driving-10] [0m[INFO] [1782998158.374785221] [self_driving]: [DEBUG_DRIVE] state=LINE_FOLLOW raw_lane_x=-1 lane_x=-1 filter=lost linear=0.32 angular=0.00 cw_y=0 right_done=False start_turn=False count_turn=0 traffic=None stop=False[0m
[self_driving-10] [33m[WARN] [1782998158.917823609] [self_driving]: [LANE_LOST] raw_lane_x=-1 lane_x=-1 filter=lost stop=False state=LINE_FOLLOW safe_linear=0.02 right_ready=False right_done=False[0m
[self_driving-10] [0m[INFO] [1782998158.919638369] [self_driving]: [DEBUG_DRIVE] state=LINE_FOLLOW raw_lane_x=-1 lane_x=-1 filter=lost linear=0.32 angular=0.00 cw_y=0 right_done=False start_turn=False count_turn=0 traffic=None stop=False[0m
[self_driving-10] [0m[INFO] [1782998159.044160887] [self_driving]: [OBJECTS] msg_count=155 n=1 names=['green'][0m
[self_driving-10] [0m[INFO] [1782998159.046496294] [self_driving]: [TRAFFIC_CANDIDATE] name=green valid=False cx=69 cy=21 area=182 score=0.31 min_area=270[0m
[self_driving-10] [33m[WARN] [1782998159.451110868] [self_driving]: [LANE_LOST] raw_lane_x=-1 lane_x=-1 filter=lost stop=False state=LINE_FOLLOW safe_linear=0.02 right_ready=False right_done=False[0m
[self_driving-10] [0m[INFO] [1782998159.451588035] [self_driving]: [DEBUG_DRIVE] state=LINE_FOLLOW raw_lane_x=-1 lane_x=-1 filter=lost linear=0.32 angular=0.00 cw_y=0 right_done=False start_turn=False count_turn=0 traffic=None stop=False[0m
[self_driving-10] [0m[INFO] [1782998159.861254516] [self_driving]: [IMAGE] received count=1264 shape=(480, 640, 3) queue=0[0m
[self_driving-10] [33m[WARN] [1782998159.992003479] [self_driving]: [LANE_LOST] raw_lane_x=-1 lane_x=-1 filter=lost stop=False state=LINE_FOLLOW safe_linear=0.02 right_ready=False right_done=False[0m
[self_driving-10] [0m[INFO] [1782998159.993858312] [self_driving]: [DEBUG_DRIVE] state=LINE_FOLLOW raw_lane_x=-1 lane_x=-1 filter=lost linear=0.32 angular=0.00 cw_y=0 right_done=False start_turn=False count_turn=0 traffic=None stop=False[0m
[self_driving-10] [33m[WARN] [1782998160.530257368] [self_driving]: [LANE_LOST] raw_lane_x=-1 lane_x=-1 filter=lost stop=False state=LINE_FOLLOW safe_linear=0.02 right_ready=False right_done=False[0m
[self_driving-10] [0m[INFO] [1782998160.531010645] [self_driving]: [DEBUG_DRIVE] state=LINE_FOLLOW raw_lane_x=-1 lane_x=-1 filter=lost linear=0.32 angular=0.00 cw_y=0 right_done=False start_turn=False count_turn=0 traffic=None stop=False[0m
[self_driving-10] [33m[WARN] [1782998161.083608423] [self_driving]: [LANE_LOST] raw_lane_x=-1 lane_x=-1 filter=lost stop=False state=LINE_FOLLOW safe_linear=0.02 right_ready=False right_done=False[0m
[self_driving-10] [0m[INFO] [1782998161.087103219] [self_driving]: [DEBUG_DRIVE] state=LINE_FOLLOW raw_lane_x=-1 lane_x=-1 filter=lost linear=0.32 angular=0.00 cw_y=0 right_done=False start_turn=False count_turn=0 traffic=None stop=False[0m
[self_driving-10] [33m[WARN] [1782998161.603909515] [self_driving]: [LANE_LOST] raw_lane_x=-1 lane_x=-1 filter=lost stop=False state=LINE_FOLLOW safe_linear=0.02 right_ready=False right_done=False[0m
[self_driving-10] [0m[INFO] [1782998161.605743459] [self_driving]: [DEBUG_DRIVE] state=LINE_FOLLOW raw_lane_x=-1 lane_x=-1 filter=lost linear=0.32 angular=0.00 cw_y=0 right_done=False start_turn=False count_turn=0 traffic=None stop=False[0m
[self_driving-10] [0m[INFO] [1782998161.872492941] [self_driving]: [IMAGE] received count=1294 shape=(480, 640, 3) queue=0[0m
[self_driving-10] [33m[WARN] [1782998162.154743941] [self_driving]: [LANE_LOST] raw_lane_x=-1 lane_x=-1 filter=lost stop=False state=LINE_FOLLOW safe_linear=0.02 right_ready=False right_done=False[0m
[self_driving-10] [0m[INFO] [1782998162.155578941] [self_driving]: [DEBUG_DRIVE] state=LINE_FOLLOW raw_lane_x=-1 lane_x=-1 filter=lost linear=0.32 angular=0.00 cw_y=0 right_done=False start_turn=False count_turn=0 traffic=None stop=False[0m
[self_driving-10] [33m[WARN] [1782998162.699289811] [self_driving]: [LANE_LOST] raw_lane_x=-1 lane_x=-1 filter=lost stop=False state=LINE_FOLLOW safe_linear=0.02 right_ready=False right_done=False[0m
[self_driving-10] [0m[INFO] [1782998162.702707292] [self_driving]: [DEBUG_DRIVE] state=LINE_FOLLOW raw_lane_x=-1 lane_x=-1 filter=lost linear=0.32 angular=0.00 cw_y=0 right_done=False start_turn=False count_turn=0 traffic=None stop=False[0m
[self_driving-10] [33m[WARN] [1782998163.231314662] [self_driving]: [LANE_LOST] raw_lane_x=-1 lane_x=-1 filter=lost stop=False state=LINE_FOLLOW safe_linear=0.02 right_ready=False right_done=False[0m
[self_driving-10] [0m[INFO] [1782998163.233138884] [self_driving]: [DEBUG_DRIVE] state=LINE_FOLLOW raw_lane_x=-1 lane_x=-1 filter=lost linear=0.32 angular=0.00 cw_y=0 right_done=False start_turn=False count_turn=0 traffic=None stop=False[0m
[self_driving-10] [33m[WARN] [1782998163.756726903] [self_driving]: [LANE_LOST] raw_lane_x=-1 lane_x=-1 filter=lost stop=False state=LINE_FOLLOW safe_linear=0.02 right_ready=False right_done=False[0m
[self_driving-10] [0m[INFO] [1782998163.757426329] [self_driving]: [DEBUG_DRIVE] state=LINE_FOLLOW raw_lane_x=-1 lane_x=-1 filter=lost linear=0.32 angular=0.00 cw_y=0 right_done=False start_turn=False count_turn=0 traffic=None stop=False[0m
[self_driving-10] [0m[INFO] [1782998163.878431329] [self_driving]: [IMAGE] received count=1324 shape=(480, 640, 3) queue=0[0m
[self_driving-10] [33m[WARN] [1782998164.283257550] [self_driving]: [LANE_LOST] raw_lane_x=-1 lane_x=-1 filter=lost stop=False state=LINE_FOLLOW safe_linear=0.02 right_ready=False right_done=False[0m
[self_driving-10] [0m[INFO] [1782998164.283717921] [self_driving]: [DEBUG_DRIVE] state=LINE_FOLLOW raw_lane_x=-1 lane_x=-1 filter=lost linear=0.32 angular=0.00 cw_y=0 right_done=False start_turn=False count_turn=0 traffic=None stop=False[0m
[self_driving-10] [33m[WARN] [1782998164.822207735] [self_driving]: [LANE_LOST] raw_lane_x=-1 lane_x=-1 filter=lost stop=False state=LINE_FOLLOW safe_linear=0.02 right_ready=False right_done=False[0m
[self_driving-10] [0m[INFO] [1782998164.822705550] [self_driving]: [DEBUG_DRIVE] state=LINE_FOLLOW raw_lane_x=-1 lane_x=-1 filter=lost linear=0.32 angular=0.00 cw_y=0 right_done=False start_turn=False count_turn=0 traffic=None stop=False[0m
[self_driving-10] [33m[WARN] [1782998165.368227013] [self_driving]: [LANE_LOST] raw_lane_x=-1 lane_x=-1 filter=lost stop=False state=LINE_FOLLOW safe_linear=0.02 right_ready=False right_done=False[0m
[self_driving-10] [0m[INFO] [1782998165.369506642] [self_driving]: [DEBUG_DRIVE] state=LINE_FOLLOW raw_lane_x=-1 lane_x=-1 filter=lost linear=0.32 angular=0.00 cw_y=0 right_done=False start_turn=False count_turn=0 traffic=None stop=False[0m
[self_driving-10] [0m[INFO] [1782998165.903532494] [self_driving]: [IMAGE] received count=1354 shape=(480, 640, 3) queue=0[0m
[self_driving-10] [33m[WARN] [1782998165.914794475] [self_driving]: [LANE_LOST] raw_lane_x=-1 lane_x=-1 filter=lost stop=False state=LINE_FOLLOW safe_linear=0.02 right_ready=False right_done=False[0m
[self_driving-10] [0m[INFO] [1782998165.918437179] [self_driving]: [DEBUG_DRIVE] state=LINE_FOLLOW raw_lane_x=-1 lane_x=-1 filter=lost linear=0.32 angular=0.00 cw_y=0 right_done=False start_turn=False count_turn=0 traffic=None stop=False[0m
[self_driving-10] [33m[WARN] [1782998166.446182790] [self_driving]: [LANE_LOST] raw_lane_x=-1 lane_x=-1 filter=lost stop=False state=LINE_FOLLOW safe_linear=0.02 right_ready=False right_done=False[0m
[self_driving-10] [0m[INFO] [1782998166.448292920] [self_driving]: [DEBUG_DRIVE] state=LINE_FOLLOW raw_lane_x=-1 lane_x=-1 filter=lost linear=0.32 angular=0.00 cw_y=0 right_done=False start_turn=False count_turn=0 traffic=None stop=False[0m
[self_driving-10] [33m[WARN] [1782998166.988275308] [self_driving]: [LANE_LOST] raw_lane_x=-1 lane_x=-1 filter=lost stop=False state=LINE_FOLLOW safe_linear=0.02 right_ready=False right_done=False[0m
[self_driving-10] [0m[INFO] [1782998166.988758197] [self_driving]: [DEBUG_DRIVE] state=LINE_FOLLOW raw_lane_x=-1 lane_x=-1 filter=lost linear=0.32 angular=0.00 cw_y=0 right_done=False start_turn=False count_turn=0 traffic=None stop=False[0m
[self_driving-10] [33m[WARN] [1782998167.517767271] [self_driving]: [LANE_LOST] raw_lane_x=-1 lane_x=-1 filter=lost stop=False state=LINE_FOLLOW safe_linear=0.02 right_ready=False right_done=False[0m
[self_driving-10] [0m[INFO] [1782998167.519843437] [self_driving]: [DEBUG_DRIVE] state=LINE_FOLLOW raw_lane_x=-1 lane_x=-1 filter=lost linear=0.32 angular=0.00 cw_y=0 right_done=False start_turn=False count_turn=0 traffic=None stop=False[0m
[self_driving-10] [0m[INFO] [1782998167.916597956] [self_driving]: [IMAGE] received count=1384 shape=(480, 640, 3) queue=0[0m
[self_driving-10] [33m[WARN] [1782998168.058710585] [self_driving]: [LANE_LOST] raw_lane_x=-1 lane_x=-1 filter=lost stop=False state=LINE_FOLLOW safe_linear=0.02 right_ready=False right_done=False[0m
[self_driving-10] [0m[INFO] [1782998168.059265141] [self_driving]: [DEBUG_DRIVE] state=LINE_FOLLOW raw_lane_x=-1 lane_x=-1 filter=lost linear=0.32 angular=0.00 cw_y=0 right_done=False start_turn=False count_turn=0 traffic=None stop=False[0m
[self_driving-10] [33m[WARN] [1782998168.614405696] [self_driving]: [LANE_LOST] raw_lane_x=-1 lane_x=-1 filter=lost stop=False state=LINE_FOLLOW safe_linear=0.02 right_ready=False right_done=False[0m
[self_driving-10] [0m[INFO] [1782998168.615066474] [self_driving]: [DEBUG_DRIVE] state=LINE_FOLLOW raw_lane_x=-1 lane_x=-1 filter=lost linear=0.32 angular=0.00 cw_y=0 right_done=False start_turn=False count_turn=0 traffic=None stop=False[0m
[self_driving-10] [33m[WARN] [1782998169.136498788] [self_driving]: [LANE_LOST] raw_lane_x=-1 lane_x=-1 filter=lost stop=False state=LINE_FOLLOW safe_linear=0.02 right_ready=False right_done=False[0m
[self_driving-10] [0m[INFO] [1782998169.137092196] [self_driving]: [DEBUG_DRIVE] state=LINE_FOLLOW raw_lane_x=-1 lane_x=-1 filter=lost linear=0.32 angular=0.00 cw_y=0 right_done=False start_turn=False count_turn=0 traffic=None stop=False[0m
[self_driving-10] [33m[WARN] [1782998169.659048566] [self_driving]: [LANE_LOST] raw_lane_x=-1 lane_x=-1 filter=lost stop=False state=LINE_FOLLOW safe_linear=0.02 right_ready=False right_done=False[0m
[self_driving-10] [0m[INFO] [1782998169.659571547] [self_driving]: [DEBUG_DRIVE] state=LINE_FOLLOW raw_lane_x=-1 lane_x=-1 filter=lost linear=0.32 angular=0.00 cw_y=0 right_done=False start_turn=False count_turn=0 traffic=None stop=False[0m
[self_driving-10] [0m[INFO] [1782998169.936682306] [self_driving]: [IMAGE] received count=1414 shape=(480, 640, 3) queue=0[0m
[self_driving-10] [33m[WARN] [1782998170.217179232] [self_driving]: [LANE_LOST] raw_lane_x=-1 lane_x=-1 filter=lost stop=False state=LINE_FOLLOW safe_linear=0.02 right_ready=False right_done=False[0m
[self_driving-10] [0m[INFO] [1782998170.218066788] [self_driving]: [DEBUG_DRIVE] state=LINE_FOLLOW raw_lane_x=-1 lane_x=-1 filter=lost linear=0.32 angular=0.00 cw_y=0 right_done=False start_turn=False count_turn=0 traffic=None stop=False[0m
[self_driving-10] [33m[WARN] [1782998170.748328491] [self_driving]: [LANE_LOST] raw_lane_x=-1 lane_x=-1 filter=lost stop=False state=LINE_FOLLOW safe_linear=0.02 right_ready=False right_done=False[0m
[self_driving-10] [0m[INFO] [1782998170.749916732] [self_driving]: [DEBUG_DRIVE] state=LINE_FOLLOW raw_lane_x=-1 lane_x=-1 filter=lost linear=0.32 angular=0.00 cw_y=0 right_done=False start_turn=False count_turn=0 traffic=None stop=False[0m
[self_driving-10] [33m[WARN] [1782998171.290161861] [self_driving]: [LANE_LOST] raw_lane_x=-1 lane_x=-1 filter=lost stop=False state=LINE_FOLLOW safe_linear=0.02 right_ready=False right_done=False[0m
[self_driving-10] [0m[INFO] [1782998171.291106454] [self_driving]: [DEBUG_DRIVE] state=LINE_FOLLOW raw_lane_x=-1 lane_x=-1 filter=lost linear=0.32 angular=0.00 cw_y=0 right_done=False start_turn=False count_turn=0 traffic=None stop=False[0m
[self_driving-10] [33m[WARN] [1782998171.846063176] [self_driving]: [LANE_LOST] raw_lane_x=-1 lane_x=-1 filter=lost stop=False state=LINE_FOLLOW safe_linear=0.02 right_ready=False right_done=False[0m
[self_driving-10] [0m[INFO] [1782998171.851663620] [self_driving]: [DEBUG_DRIVE] state=LINE_FOLLOW raw_lane_x=-1 lane_x=-1 filter=lost linear=0.32 angular=0.00 cw_y=0 right_done=False start_turn=False count_turn=0 traffic=None stop=False[0m
[self_driving-10] [0m[INFO] [1782998171.947737083] [self_driving]: [IMAGE] received count=1444 shape=(480, 640, 3) queue=0[0m
[self_driving-10] [33m[WARN] [1782998172.348563546] [self_driving]: [LANE_LOST] raw_lane_x=-1 lane_x=-1 filter=lost stop=False state=LINE_FOLLOW safe_linear=0.02 right_ready=False right_done=False[0m
[self_driving-10] [0m[INFO] [1782998172.349105786] [self_driving]: [DEBUG_DRIVE] state=LINE_FOLLOW raw_lane_x=-1 lane_x=-1 filter=lost linear=0.32 angular=0.00 cw_y=0 right_done=False start_turn=False count_turn=0 traffic=None stop=False[0m
[self_driving-10] [33m[WARN] [1782998172.905160416] [self_driving]: [LANE_LOST] raw_lane_x=-1 lane_x=-1 filter=lost stop=False state=LINE_FOLLOW safe_linear=0.02 right_ready=False right_done=False[0m
[self_driving-10] [0m[INFO] [1782998172.905668045] [self_driving]: [DEBUG_DRIVE] state=LINE_FOLLOW raw_lane_x=-1 lane_x=-1 filter=lost linear=0.32 angular=0.00 cw_y=0 right_done=False start_turn=False count_turn=0 traffic=None stop=False[0m
[self_driving-10] [33m[WARN] [1782998173.439291138] [self_driving]: [LANE_LOST] raw_lane_x=-1 lane_x=-1 filter=lost stop=False state=LINE_FOLLOW safe_linear=0.02 right_ready=False right_done=False[0m
[self_driving-10] [0m[INFO] [1782998173.441228027] [self_driving]: [DEBUG_DRIVE] state=LINE_FOLLOW raw_lane_x=-1 lane_x=-1 filter=lost linear=0.32 angular=0.00 cw_y=0 right_done=False start_turn=False count_turn=0 traffic=None stop=False[0m
[self_driving-10] [33m[WARN] [1782998173.944059137] [self_driving]: [LANE_LOST] raw_lane_x=-1 lane_x=-1 filter=lost stop=False state=LINE_FOLLOW safe_linear=0.02 right_ready=False right_done=False[0m
[self_driving-10] [0m[INFO] [1782998173.945076711] [self_driving]: [DEBUG_DRIVE] state=LINE_FOLLOW raw_lane_x=-1 lane_x=-1 filter=lost linear=0.32 angular=0.00 cw_y=0 right_done=False start_turn=False count_turn=0 traffic=None stop=False[0m
[self_driving-10] [0m[INFO] [1782998173.970185489] [self_driving]: [IMAGE] received count=1474 shape=(480, 640, 3) queue=0[0m
[self_driving-10] [33m[WARN] [1782998174.507176581] [self_driving]: [LANE_LOST] raw_lane_x=-1 lane_x=-1 filter=lost stop=False state=LINE_FOLLOW safe_linear=0.02 right_ready=False right_done=False[0m
[self_driving-10] [0m[INFO] [1782998174.507716878] [self_driving]: [DEBUG_DRIVE] state=LINE_FOLLOW raw_lane_x=-1 lane_x=-1 filter=lost linear=0.32 angular=0.00 cw_y=0 right_done=False start_turn=False count_turn=0 traffic=None stop=False[0m
[self_driving-10] [33m[WARN] [1782998175.052348489] [self_driving]: [LANE_LOST] raw_lane_x=-1 lane_x=-1 filter=lost stop=False state=LINE_FOLLOW safe_linear=0.02 right_ready=False right_done=False[0m
[self_driving-10] [0m[INFO] [1782998175.052809563] [self_driving]: [DEBUG_DRIVE] state=LINE_FOLLOW raw_lane_x=-1 lane_x=-1 filter=lost linear=0.32 angular=0.00 cw_y=0 right_done=False start_turn=False count_turn=0 traffic=None stop=False[0m
[self_driving-10] [33m[WARN] [1782998175.579351081] [self_driving]: [LANE_LOST] raw_lane_x=-1 lane_x=-1 filter=lost stop=False state=LINE_FOLLOW safe_linear=0.02 right_ready=False right_done=False[0m
[self_driving-10] [0m[INFO] [1782998175.580353877] [self_driving]: [DEBUG_DRIVE] state=LINE_FOLLOW raw_lane_x=-1 lane_x=-1 filter=lost linear=0.32 angular=0.00 cw_y=0 right_done=False start_turn=False count_turn=0 traffic=None stop=False[0m
[self_driving-10] [0m[INFO] [1782998175.983716414] [self_driving]: [IMAGE] received count=1504 shape=(480, 640, 3) queue=0[0m
[self_driving-10] [33m[WARN] [1782998176.116948173] [self_driving]: [LANE_LOST] raw_lane_x=-1 lane_x=-1 filter=lost stop=False state=LINE_FOLLOW safe_linear=0.02 right_ready=False right_done=False[0m
[self_driving-10] [0m[INFO] [1782998176.117804488] [self_driving]: [DEBUG_DRIVE] state=LINE_FOLLOW raw_lane_x=-1 lane_x=-1 filter=lost linear=0.32 angular=0.00 cw_y=0 right_done=False start_turn=False count_turn=0 traffic=None stop=False[0m
[self_driving-10] [33m[WARN] [1782998176.656524469] [self_driving]: [LANE_LOST] raw_lane_x=-1 lane_x=-1 filter=lost stop=False state=LINE_FOLLOW safe_linear=0.02 right_ready=False right_done=False[0m
[self_driving-10] [0m[INFO] [1782998176.656989006] [self_driving]: [DEBUG_DRIVE] state=LINE_FOLLOW raw_lane_x=-1 lane_x=-1 filter=lost linear=0.32 angular=0.00 cw_y=0 right_done=False start_turn=False count_turn=0 traffic=None stop=False[0m
[self_driving-10] [33m[WARN] [1782998177.198870043] [self_driving]: [LANE_LOST] raw_lane_x=-1 lane_x=-1 filter=lost stop=False state=LINE_FOLLOW safe_linear=0.02 right_ready=False right_done=False[0m
[self_driving-10] [0m[INFO] [1782998177.199346302] [self_driving]: [DEBUG_DRIVE] state=LINE_FOLLOW raw_lane_x=-1 lane_x=-1 filter=lost linear=0.32 angular=0.00 cw_y=0 right_done=False start_turn=False count_turn=0 traffic=None stop=False[0m
[self_driving-10] [33m[WARN] [1782998177.759898672] [self_driving]: [LANE_LOST] raw_lane_x=-1 lane_x=-1 filter=lost stop=False state=LINE_FOLLOW safe_linear=0.02 right_ready=False right_done=False[0m
[self_driving-10] [0m[INFO] [1782998177.761875246] [self_driving]: [DEBUG_DRIVE] state=LINE_FOLLOW raw_lane_x=-1 lane_x=-1 filter=lost linear=0.32 angular=0.00 cw_y=0 right_done=False start_turn=False count_turn=0 traffic=None stop=False[0m
[self_driving-10] [0m[INFO] [1782998178.006322320] [self_driving]: [IMAGE] received count=1534 shape=(480, 640, 3) queue=0[0m
[self_driving-10] [33m[WARN] [1782998178.265084542] [self_driving]: [LANE_LOST] raw_lane_x=-1 lane_x=-1 filter=lost stop=False state=LINE_FOLLOW safe_linear=0.02 right_ready=False right_done=False[0m
[self_driving-10] [0m[INFO] [1782998178.266129190] [self_driving]: [DEBUG_DRIVE] state=LINE_FOLLOW raw_lane_x=-1 lane_x=-1 filter=lost linear=0.32 angular=0.00 cw_y=0 right_done=False start_turn=False count_turn=0 traffic=None stop=False[0m
[self_driving-10] [33m[WARN] [1782998178.807840894] [self_driving]: [LANE_LOST] raw_lane_x=-1 lane_x=-1 filter=lost stop=False state=LINE_FOLLOW safe_linear=0.02 right_ready=False right_done=False[0m
[self_driving-10] [0m[INFO] [1782998178.810384931] [self_driving]: [DEBUG_DRIVE] state=LINE_FOLLOW raw_lane_x=-1 lane_x=-1 filter=lost linear=0.32 angular=0.00 cw_y=0 right_done=False start_turn=False count_turn=0 traffic=None stop=False[0m
[self_driving-10] [33m[WARN] [1782998179.345379690] [self_driving]: [LANE_LOST] raw_lane_x=-1 lane_x=-1 filter=lost stop=False state=LINE_FOLLOW safe_linear=0.02 right_ready=False right_done=False[0m
[self_driving-10] [0m[INFO] [1782998179.345961467] [self_driving]: [DEBUG_DRIVE] state=LINE_FOLLOW raw_lane_x=-1 lane_x=-1 filter=lost linear=0.32 angular=0.00 cw_y=0 right_done=False start_turn=False count_turn=0 traffic=None stop=False[0m
[self_driving-10] [33m[WARN] [1782998179.882815171] [self_driving]: [LANE_LOST] raw_lane_x=-1 lane_x=-1 filter=lost stop=False state=LINE_FOLLOW safe_linear=0.02 right_ready=False right_done=False[0m
[self_driving-10] [0m[INFO] [1782998179.883947837] [self_driving]: [DEBUG_DRIVE] state=LINE_FOLLOW raw_lane_x=-1 lane_x=-1 filter=lost linear=0.32 angular=0.00 cw_y=0 right_done=False start_turn=False count_turn=0 traffic=None stop=False[0m
[self_driving-10] [0m[INFO] [1782998180.011801115] [self_driving]: [IMAGE] received count=1564 shape=(480, 640, 3) queue=0[0m
[self_driving-10] [33m[WARN] [1782998180.426765078] [self_driving]: [LANE_LOST] raw_lane_x=-1 lane_x=-1 filter=lost stop=False state=LINE_FOLLOW safe_linear=0.02 right_ready=False right_done=False[0m
[self_driving-10] [0m[INFO] [1782998180.427210930] [self_driving]: [DEBUG_DRIVE] state=LINE_FOLLOW raw_lane_x=-1 lane_x=-1 filter=lost linear=0.32 angular=0.00 cw_y=0 right_done=False start_turn=False count_turn=0 traffic=None stop=False[0m
[self_driving-10] [33m[WARN] [1782998180.952498244] [self_driving]: [LANE_LOST] raw_lane_x=-1 lane_x=-1 filter=lost stop=False state=LINE_FOLLOW safe_linear=0.02 right_ready=False right_done=False[0m
[self_driving-10] [0m[INFO] [1782998180.955148559] [self_driving]: [DEBUG_DRIVE] state=LINE_FOLLOW raw_lane_x=-1 lane_x=-1 filter=lost linear=0.32 angular=0.00 cw_y=0 right_done=False start_turn=False count_turn=0 traffic=None stop=False[0m
[self_driving-10] [33m[WARN] [1782998181.510996725] [self_driving]: [LANE_LOST] raw_lane_x=-1 lane_x=-1 filter=lost stop=False state=LINE_FOLLOW safe_linear=0.02 right_ready=False right_done=False[0m
[self_driving-10] [0m[INFO] [1782998181.511582096] [self_driving]: [DEBUG_DRIVE] state=LINE_FOLLOW raw_lane_x=-1 lane_x=-1 filter=lost linear=0.32 angular=0.00 cw_y=0 right_done=False start_turn=False count_turn=0 traffic=None stop=False[0m
[self_driving-10] [0m[INFO] [1782998182.048161558] [self_driving]: [IMAGE] received count=1594 shape=(480, 640, 3) queue=0[0m
[self_driving-10] [33m[WARN] [1782998182.060973614] [self_driving]: [LANE_LOST] raw_lane_x=-1 lane_x=-1 filter=lost stop=False state=LINE_FOLLOW safe_linear=0.02 right_ready=False right_done=False[0m
[self_driving-10] [0m[INFO] [1782998182.062580188] [self_driving]: [DEBUG_DRIVE] state=LINE_FOLLOW raw_lane_x=-1 lane_x=-1 filter=lost linear=0.32 angular=0.00 cw_y=0 right_done=False start_turn=False count_turn=0 traffic=None stop=False[0m
[self_driving-10] [33m[WARN] [1782998182.559663262] [self_driving]: [LANE_LOST] raw_lane_x=-1 lane_x=-1 filter=lost stop=False state=LINE_FOLLOW safe_linear=0.02 right_ready=False right_done=False[0m
[self_driving-10] [0m[INFO] [1782998182.628699577] [self_driving]: [DEBUG_DRIVE] state=LINE_FOLLOW raw_lane_x=-1 lane_x=-1 filter=lost linear=0.32 angular=0.00 cw_y=0 right_done=False start_turn=False count_turn=0 traffic=None stop=False[0m
[self_driving-10] [33m[WARN] [1782998183.063852873] [self_driving]: [LANE_LOST] raw_lane_x=-1 lane_x=-1 filter=lost stop=False state=LINE_FOLLOW safe_linear=0.02 right_ready=False right_done=False[0m
[self_driving-10] [0m[INFO] [1782998183.183355058] [self_driving]: [DEBUG_DRIVE] state=LINE_FOLLOW raw_lane_x=-1 lane_x=-1 filter=lost linear=0.32 angular=0.00 cw_y=0 right_done=False start_turn=False count_turn=0 traffic=None stop=False[0m
[self_driving-10] [33m[WARN] [1782998183.583750983] [self_driving]: [LANE_LOST] raw_lane_x=-1 lane_x=-1 filter=lost stop=False state=LINE_FOLLOW safe_linear=0.02 right_ready=False right_done=False[0m
[self_driving-10] [0m[INFO] [1782998183.732796354] [self_driving]: [DEBUG_DRIVE] state=LINE_FOLLOW raw_lane_x=-1 lane_x=-1 filter=lost linear=0.32 angular=0.00 cw_y=0 right_done=False start_turn=False count_turn=0 traffic=None stop=False[0m
[self_driving-10] [0m[INFO] [1782998184.067037854] [self_driving]: [IMAGE] received count=1624 shape=(480, 640, 3) queue=0[0m
[self_driving-10] [33m[WARN] [1782998184.118997798] [self_driving]: [LANE_LOST] raw_lane_x=-1 lane_x=-1 filter=lost stop=False state=LINE_FOLLOW safe_linear=0.02 right_ready=False right_done=False[0m
[self_driving-10] [0m[INFO] [1782998184.241662242] [self_driving]: [DEBUG_DRIVE] state=LINE_FOLLOW raw_lane_x=-1 lane_x=-1 filter=lost linear=0.32 angular=0.00 cw_y=0 right_done=False start_turn=False count_turn=0 traffic=None stop=False[0m
[self_driving-10] [33m[WARN] [1782998184.665623094] [self_driving]: [LANE_LOST] raw_lane_x=-1 lane_x=-1 filter=lost stop=False state=LINE_FOLLOW safe_linear=0.02 right_ready=False right_done=False[0m
[self_driving-10] [0m[INFO] [1782998184.804054575] [self_driving]: [DEBUG_DRIVE] state=LINE_FOLLOW raw_lane_x=-1 lane_x=-1 filter=lost linear=0.32 angular=0.00 cw_y=0 right_done=False start_turn=False count_turn=0 traffic=None stop=False[0m
[self_driving-10] [33m[WARN] [1782998185.198771557] [self_driving]: [LANE_LOST] raw_lane_x=-1 lane_x=-1 filter=lost stop=False state=LINE_FOLLOW safe_linear=0.02 right_ready=False right_done=False[0m
[self_driving-10] [0m[INFO] [1782998185.331492945] [self_driving]: [DEBUG_DRIVE] state=LINE_FOLLOW raw_lane_x=-1 lane_x=-1 filter=lost linear=0.32 angular=0.00 cw_y=0 right_done=False start_turn=False count_turn=0 traffic=None stop=False[0m
[self_driving-10] [33m[WARN] [1782998185.723064445] [self_driving]: [LANE_LOST] raw_lane_x=-1 lane_x=-1 filter=lost stop=False state=LINE_FOLLOW safe_linear=0.02 right_ready=False right_done=False[0m
[self_driving-10] [0m[INFO] [1782998185.864815723] [self_driving]: [DEBUG_DRIVE] state=LINE_FOLLOW raw_lane_x=-1 lane_x=-1 filter=lost linear=0.32 angular=0.00 cw_y=0 right_done=False start_turn=False count_turn=0 traffic=None stop=False[0m
[self_driving-10] [0m[INFO] [1782998186.133342223] [self_driving]: [IMAGE] received count=1655 shape=(480, 640, 3) queue=0[0m
[self_driving-10] [33m[WARN] [1782998186.274149426] [self_driving]: [LANE_LOST] raw_lane_x=-1 lane_x=-1 filter=lost stop=False state=LINE_FOLLOW safe_linear=0.02 right_ready=False right_done=False[0m
[self_driving-10] [0m[INFO] [1782998186.419638389] [self_driving]: [DEBUG_DRIVE] state=LINE_FOLLOW raw_lane_x=-1 lane_x=-1 filter=lost linear=0.32 angular=0.00 cw_y=0 right_done=False start_turn=False count_turn=0 traffic=None stop=False[0m
[self_driving-10] [33m[WARN] [1782998186.800873019] [self_driving]: [LANE_LOST] raw_lane_x=-1 lane_x=-1 filter=lost stop=False state=LINE_FOLLOW safe_linear=0.02 right_ready=False right_done=False[0m
[self_driving-10] [0m[INFO] [1782998186.952069704] [self_driving]: [DEBUG_DRIVE] state=LINE_FOLLOW raw_lane_x=-1 lane_x=-1 filter=lost linear=0.32 angular=0.00 cw_y=0 right_done=False start_turn=False count_turn=0 traffic=None stop=False[0m
[self_driving-10] [33m[WARN] [1782998187.337558055] [self_driving]: [LANE_LOST] raw_lane_x=-1 lane_x=-1 filter=lost stop=False state=LINE_FOLLOW safe_linear=0.02 right_ready=False right_done=False[0m
[self_driving-10] [0m[INFO] [1782998187.486805463] [self_driving]: [DEBUG_DRIVE] state=LINE_FOLLOW raw_lane_x=-1 lane_x=-1 filter=lost linear=0.32 angular=0.00 cw_y=0 right_done=False start_turn=False count_turn=0 traffic=None stop=False[0m
[self_driving-10] [33m[WARN] [1782998187.879667740] [self_driving]: [LANE_LOST] raw_lane_x=-1 lane_x=-1 filter=lost stop=False state=LINE_FOLLOW safe_linear=0.02 right_ready=False right_done=False[0m
[self_driving-10] [0m[INFO] [1782998188.021436351] [self_driving]: [DEBUG_DRIVE] state=LINE_FOLLOW raw_lane_x=-1 lane_x=-1 filter=lost linear=0.32 angular=0.00 cw_y=0 right_done=False start_turn=False count_turn=0 traffic=None stop=False[0m
[self_driving-10] [0m[INFO] [1782998188.149586925] [self_driving]: [IMAGE] received count=1685 shape=(480, 640, 3) queue=0[0m
[self_driving-10] [33m[WARN] [1782998188.416284018] [self_driving]: [LANE_LOST] raw_lane_x=-1 lane_x=-1 filter=lost stop=False state=LINE_FOLLOW safe_linear=0.02 right_ready=False right_done=False[0m
[self_driving-10] [0m[INFO] [1782998188.552627036] [self_driving]: [DEBUG_DRIVE] state=LINE_FOLLOW raw_lane_x=-1 lane_x=-1 filter=lost linear=0.32 angular=0.00 cw_y=0 right_done=False start_turn=False count_turn=0 traffic=None stop=False[0m
[self_driving-10] [33m[WARN] [1782998188.957155739] [self_driving]: [LANE_LOST] raw_lane_x=-1 lane_x=-1 filter=lost stop=False state=LINE_FOLLOW safe_linear=0.02 right_ready=False right_done=False[0m
[self_driving-10] [0m[INFO] [1782998189.098049295] [self_driving]: [DEBUG_DRIVE] state=LINE_FOLLOW raw_lane_x=-1 lane_x=-1 filter=lost linear=0.32 angular=0.00 cw_y=0 right_done=False start_turn=False count_turn=0 traffic=None stop=False[0m
[self_driving-10] [33m[WARN] [1782998189.498847684] [self_driving]: [LANE_LOST] raw_lane_x=-1 lane_x=-1 filter=lost stop=False state=LINE_FOLLOW safe_linear=0.02 right_ready=False right_done=False[0m
[self_driving-10] [0m[INFO] [1782998189.623913517] [self_driving]: [DEBUG_DRIVE] state=LINE_FOLLOW raw_lane_x=-1 lane_x=-1 filter=lost linear=0.32 angular=0.00 cw_y=0 right_done=False start_turn=False count_turn=0 traffic=None stop=False[0m
[self_driving-10] [33m[WARN] [1782998190.043934294] [self_driving]: [LANE_LOST] raw_lane_x=-1 lane_x=-1 filter=lost stop=False state=LINE_FOLLOW safe_linear=0.02 right_ready=False right_done=False[0m
[self_driving-10] [0m[INFO] [1782998190.152974442] [self_driving]: [IMAGE] received count=1715 shape=(480, 640, 3) queue=0[0m
[self_driving-10] [0m[INFO] [1782998190.164917461] [self_driving]: [DEBUG_DRIVE] state=LINE_FOLLOW raw_lane_x=-1 lane_x=-1 filter=lost linear=0.32 angular=0.00 cw_y=0 right_done=False start_turn=False count_turn=0 traffic=None stop=False[0m
[self_driving-10] [33m[WARN] [1782998190.558479072] [self_driving]: [LANE_LOST] raw_lane_x=-1 lane_x=-1 filter=lost stop=False state=LINE_FOLLOW safe_linear=0.02 right_ready=False right_done=False[0m
[self_driving-10] [0m[INFO] [1782998190.726338331] [self_driving]: [DEBUG_DRIVE] state=LINE_FOLLOW raw_lane_x=-1 lane_x=-1 filter=lost linear=0.32 angular=0.00 cw_y=0 right_done=False start_turn=False count_turn=0 traffic=None stop=False[0m
[self_driving-10] [33m[WARN] [1782998191.108824164] [self_driving]: [LANE_LOST] raw_lane_x=-1 lane_x=-1 filter=lost stop=False state=LINE_FOLLOW safe_linear=0.02 right_ready=False right_done=False[0m
[self_driving-10] [0m[INFO] [1782998191.252403127] [self_driving]: [DEBUG_DRIVE] state=LINE_FOLLOW raw_lane_x=-1 lane_x=-1 filter=lost linear=0.32 angular=0.00 cw_y=0 right_done=False start_turn=False count_turn=0 traffic=None stop=False[0m
[self_driving-10] [33m[WARN] [1782998191.632872516] [self_driving]: [LANE_LOST] raw_lane_x=-1 lane_x=-1 filter=lost stop=False state=LINE_FOLLOW safe_linear=0.02 right_ready=False right_done=False[0m
[self_driving-10] [0m[INFO] [1782998191.782308867] [self_driving]: [DEBUG_DRIVE] state=LINE_FOLLOW raw_lane_x=-1 lane_x=-1 filter=lost linear=0.32 angular=0.00 cw_y=0 right_done=False start_turn=False count_turn=0 traffic=None stop=False[0m
[self_driving-10] [0m[INFO] [1782998192.179110886] [self_driving]: [IMAGE] received count=1745 shape=(480, 640, 3) queue=0[0m
[self_driving-10] [33m[WARN] [1782998192.189913367] [self_driving]: [LANE_LOST] raw_lane_x=-1 lane_x=-1 filter=lost stop=False state=LINE_FOLLOW safe_linear=0.02 right_ready=False right_done=False[0m
[self_driving-10] [0m[INFO] [1782998192.307286849] [self_driving]: [DEBUG_DRIVE] state=LINE_FOLLOW raw_lane_x=-1 lane_x=-1 filter=lost linear=0.32 angular=0.00 cw_y=0 right_done=False start_turn=False count_turn=0 traffic=None stop=False[0m
[self_driving-10] [33m[WARN] [1782998192.747661978] [self_driving]: [LANE_LOST] raw_lane_x=-1 lane_x=-1 filter=lost stop=False state=LINE_FOLLOW safe_linear=0.02 right_ready=False right_done=False[0m
[self_driving-10] [0m[INFO] [1782998192.858557126] [self_driving]: [DEBUG_DRIVE] state=LINE_FOLLOW raw_lane_x=-1 lane_x=-1 filter=lost linear=0.32 angular=0.00 cw_y=0 right_done=False start_turn=False count_turn=0 traffic=None stop=False[0m
[self_driving-10] [33m[WARN] [1782998193.257310478] [self_driving]: [LANE_LOST] raw_lane_x=-1 lane_x=-1 filter=lost stop=False state=LINE_FOLLOW safe_linear=0.02 right_ready=False right_done=False[0m
[self_driving-10] [0m[INFO] [1782998193.385904755] [self_driving]: [DEBUG_DRIVE] state=LINE_FOLLOW raw_lane_x=-1 lane_x=-1 filter=lost linear=0.32 angular=0.00 cw_y=0 right_done=False start_turn=False count_turn=0 traffic=None stop=False[0m
[self_driving-10] [33m[WARN] [1782998193.803014274] [self_driving]: [LANE_LOST] raw_lane_x=-1 lane_x=-1 filter=lost stop=False state=LINE_FOLLOW safe_linear=0.02 right_ready=False right_done=False[0m
[self_driving-10] [0m[INFO] [1782998193.943328181] [self_driving]: [DEBUG_DRIVE] state=LINE_FOLLOW raw_lane_x=-1 lane_x=-1 filter=lost linear=0.32 angular=0.00 cw_y=0 right_done=False start_turn=False count_turn=0 traffic=None stop=False[0m
[self_driving-10] [0m[INFO] [1782998194.190512977] [self_driving]: [IMAGE] received count=1775 shape=(480, 640, 3) queue=0[0m
[self_driving-10] [33m[WARN] [1782998194.326494736] [self_driving]: [LANE_LOST] raw_lane_x=-1 lane_x=-1 filter=lost stop=False state=LINE_FOLLOW safe_linear=0.02 right_ready=False right_done=False[0m
[self_driving-10] [0m[INFO] [1782998194.469449199] [self_driving]: [DEBUG_DRIVE] state=LINE_FOLLOW raw_lane_x=-1 lane_x=-1 filter=lost linear=0.32 angular=0.00 cw_y=0 right_done=False start_turn=False count_turn=0 traffic=None stop=False[0m
[self_driving-10] [33m[WARN] [1782998194.871884051] [self_driving]: [LANE_LOST] raw_lane_x=-1 lane_x=-1 filter=lost stop=False state=LINE_FOLLOW safe_linear=0.02 right_ready=False right_done=False[0m
[self_driving-10] [0m[INFO] [1782998195.004244810] [self_driving]: [DEBUG_DRIVE] state=LINE_FOLLOW raw_lane_x=-1 lane_x=-1 filter=lost linear=0.32 angular=0.00 cw_y=0 right_done=False start_turn=False count_turn=0 traffic=None stop=False[0m
[self_driving-10] [33m[WARN] [1782998195.411811310] [self_driving]: [LANE_LOST] raw_lane_x=-1 lane_x=-1 filter=lost stop=False state=LINE_FOLLOW safe_linear=0.02 right_ready=False right_done=False[0m
[self_driving-10] [0m[INFO] [1782998195.533651421] [self_driving]: [DEBUG_DRIVE] state=LINE_FOLLOW raw_lane_x=-1 lane_x=-1 filter=lost linear=0.32 angular=0.00 cw_y=0 right_done=False start_turn=False count_turn=0 traffic=None stop=False[0m
[self_driving-10] [33m[WARN] [1782998195.953810013] [self_driving]: [LANE_LOST] raw_lane_x=-1 lane_x=-1 filter=lost stop=False state=LINE_FOLLOW safe_linear=0.02 right_ready=False right_done=False[0m
[self_driving-10] [0m[INFO] [1782998196.090685476] [self_driving]: [DEBUG_DRIVE] state=LINE_FOLLOW raw_lane_x=-1 lane_x=-1 filter=lost linear=0.32 angular=0.00 cw_y=0 right_done=False start_turn=False count_turn=0 traffic=None stop=False[0m
[self_driving-10] [0m[INFO] [1782998196.218285883] [self_driving]: [IMAGE] received count=1805 shape=(480, 640, 3) queue=0[0m
[self_driving-10] [33m[WARN] [1782998196.493592050] [self_driving]: [LANE_LOST] raw_lane_x=-1 lane_x=-1 filter=lost stop=False state=LINE_FOLLOW safe_linear=0.02 right_ready=False right_done=False[0m
[self_driving-10] [0m[INFO] [1782998196.617145105] [self_driving]: [DEBUG_DRIVE] state=LINE_FOLLOW raw_lane_x=-1 lane_x=-1 filter=lost linear=0.32 angular=0.00 cw_y=0 right_done=False start_turn=False count_turn=0 traffic=None stop=False[0m
[self_driving-10] [33m[WARN] [1782998197.023238068] [self_driving]: [LANE_LOST] raw_lane_x=-1 lane_x=-1 filter=lost stop=False state=LINE_FOLLOW safe_linear=0.02 right_ready=False right_done=False[0m
[self_driving-10] [0m[INFO] [1782998197.165579827] [self_driving]: [DEBUG_DRIVE] state=LINE_FOLLOW raw_lane_x=-1 lane_x=-1 filter=lost linear=0.32 angular=0.00 cw_y=0 right_done=False start_turn=False count_turn=0 traffic=None stop=False[0m
[self_driving-10] [33m[WARN] [1782998197.562159808] [self_driving]: [LANE_LOST] raw_lane_x=-1 lane_x=-1 filter=lost stop=False state=LINE_FOLLOW safe_linear=0.02 right_ready=False right_done=False[0m
[self_driving-10] [0m[INFO] [1782998197.699895753] [self_driving]: [DEBUG_DRIVE] state=LINE_FOLLOW raw_lane_x=-1 lane_x=-1 filter=lost linear=0.32 angular=0.00 cw_y=0 right_done=False start_turn=False count_turn=0 traffic=None stop=False[0m
[self_driving-10] [33m[WARN] [1782998198.114382512] [self_driving]: [LANE_LOST] raw_lane_x=-1 lane_x=-1 filter=lost stop=False state=LINE_FOLLOW safe_linear=0.02 right_ready=False right_done=False[0m
[self_driving-10] [0m[INFO] [1782998198.231832252] [self_driving]: [IMAGE] received count=1835 shape=(480, 640, 3) queue=0[0m
[self_driving-10] [0m[INFO] [1782998198.240695678] [self_driving]: [DEBUG_DRIVE] state=LINE_FOLLOW raw_lane_x=-1 lane_x=-1 filter=lost linear=0.32 angular=0.00 cw_y=0 right_done=False start_turn=False count_turn=0 traffic=None stop=False[0m
[self_driving-10] [33m[WARN] [1782998198.638841882] [self_driving]: [LANE_LOST] raw_lane_x=-1 lane_x=-1 filter=lost stop=False state=LINE_FOLLOW safe_linear=0.02 right_ready=False right_done=False[0m
[self_driving-10] [0m[INFO] [1782998198.759751104] [self_driving]: [DEBUG_DRIVE] state=LINE_FOLLOW raw_lane_x=-1 lane_x=-1 filter=lost linear=0.32 angular=0.00 cw_y=0 right_done=False start_turn=False count_turn=0 traffic=None stop=False[0m
[self_driving-10] [33m[WARN] [1782998199.163509659] [self_driving]: [LANE_LOST] raw_lane_x=-1 lane_x=-1 filter=lost stop=False state=LINE_FOLLOW safe_linear=0.02 right_ready=False right_done=False[0m
[self_driving-10] [0m[INFO] [1782998199.310360900] [self_driving]: [DEBUG_DRIVE] state=LINE_FOLLOW raw_lane_x=-1 lane_x=-1 filter=lost linear=0.32 angular=0.00 cw_y=0 right_done=False start_turn=False count_turn=0 traffic=None stop=False[0m
[self_driving-10] [33m[WARN] [1782998199.712198622] [self_driving]: [LANE_LOST] raw_lane_x=-1 lane_x=-1 filter=lost stop=False state=LINE_FOLLOW safe_linear=0.02 right_ready=False right_done=False[0m
[self_driving-10] [0m[INFO] [1782998199.835278603] [self_driving]: [DEBUG_DRIVE] state=LINE_FOLLOW raw_lane_x=-1 lane_x=-1 filter=lost linear=0.32 angular=0.00 cw_y=0 right_done=False start_turn=False count_turn=0 traffic=None stop=False[0m
[self_driving-10] [0m[INFO] [1782998200.240340288] [self_driving]: [IMAGE] received count=1865 shape=(480, 640, 3) queue=0[0m
[self_driving-10] [33m[WARN] [1782998200.247504307] [self_driving]: [LANE_LOST] raw_lane_x=-1 lane_x=-1 filter=lost stop=False state=LINE_FOLLOW safe_linear=0.02 right_ready=False right_done=False[0m
[self_driving-10] [0m[INFO] [1782998200.388531640] [self_driving]: [DEBUG_DRIVE] state=LINE_FOLLOW raw_lane_x=-1 lane_x=-1 filter=lost linear=0.32 angular=0.00 cw_y=0 right_done=False start_turn=False count_turn=0 traffic=None stop=False[0m
[self_driving-10] [33m[WARN] [1782998200.787823695] [self_driving]: [LANE_LOST] raw_lane_x=-1 lane_x=-1 filter=lost stop=False state=LINE_FOLLOW safe_linear=0.02 right_ready=False right_done=False[0m
[self_driving-10] [0m[INFO] [1782998200.911152899] [self_driving]: [DEBUG_DRIVE] state=LINE_FOLLOW raw_lane_x=-1 lane_x=-1 filter=lost linear=0.32 angular=0.00 cw_y=0 right_done=False start_turn=False count_turn=0 traffic=None stop=False[0m
[self_driving-10] [33m[WARN] [1782998201.320350010] [self_driving]: [LANE_LOST] raw_lane_x=-1 lane_x=-1 filter=lost stop=False state=LINE_FOLLOW safe_linear=0.02 right_ready=False right_done=False[0m
[self_driving-10] [0m[INFO] [1782998201.452332121] [self_driving]: [DEBUG_DRIVE] state=LINE_FOLLOW raw_lane_x=-1 lane_x=-1 filter=lost linear=0.32 angular=0.00 cw_y=0 right_done=False start_turn=False count_turn=0 traffic=None stop=False[0m
[self_driving-10] [33m[WARN] [1782998201.869903639] [self_driving]: [LANE_LOST] raw_lane_x=-1 lane_x=-1 filter=lost stop=False state=LINE_FOLLOW safe_linear=0.02 right_ready=False right_done=False[0m
[self_driving-10] [0m[INFO] [1782998201.995947361] [self_driving]: [DEBUG_DRIVE] state=LINE_FOLLOW raw_lane_x=-1 lane_x=-1 filter=lost linear=0.32 angular=0.00 cw_y=0 right_done=False start_turn=False count_turn=0 traffic=None stop=False[0m
[self_driving-10] [0m[INFO] [1782998202.246266287] [self_driving]: [IMAGE] received count=1895 shape=(480, 640, 3) queue=0[0m
[self_driving-10] [33m[WARN] [1782998202.400569269] [self_driving]: [LANE_LOST] raw_lane_x=-1 lane_x=-1 filter=lost stop=False state=LINE_FOLLOW safe_linear=0.02 right_ready=False right_done=False[0m
[self_driving-10] [0m[INFO] [1782998202.530278546] [self_driving]: [DEBUG_DRIVE] state=LINE_FOLLOW raw_lane_x=-1 lane_x=-1 filter=lost linear=0.32 angular=0.00 cw_y=0 right_done=False start_turn=False count_turn=0 traffic=None stop=False[0m
[self_driving-10] [33m[WARN] [1782998202.938897768] [self_driving]: [LANE_LOST] raw_lane_x=-1 lane_x=-1 filter=lost stop=False state=LINE_FOLLOW safe_linear=0.02 right_ready=False right_done=False[0m
[self_driving-10] [0m[INFO] [1782998203.061550268] [self_driving]: [DEBUG_DRIVE] state=LINE_FOLLOW raw_lane_x=-1 lane_x=-1 filter=lost linear=0.32 angular=0.00 cw_y=0 right_done=False start_turn=False count_turn=0 traffic=None stop=False[0m
[self_driving-10] [0m[INFO] [1782998203.383047768] [self_driving]: [OBJECTS] msg_count=156 n=1 names=['crosswalk'][0m
[self_driving-10] [33m[WARN] [1782998203.489412583] [self_driving]: [LANE_LOST] raw_lane_x=-1 lane_x=-1 filter=lost stop=False state=LINE_FOLLOW safe_linear=0.02 right_ready=False right_done=False[0m
[self_driving-10] [0m[INFO] [1782998203.615464083] [self_driving]: [DEBUG_DRIVE] state=LINE_FOLLOW raw_lane_x=-1 lane_x=-1 filter=lost linear=0.32 angular=0.00 cw_y=0 right_done=False start_turn=False count_turn=0 traffic=None stop=False[0m
[self_driving-10] [33m[WARN] [1782998204.023788027] [self_driving]: [LANE_LOST] raw_lane_x=-1 lane_x=-1 filter=lost stop=False state=LINE_FOLLOW safe_linear=0.02 right_ready=False right_done=False[0m
[self_driving-10] [0m[INFO] [1782998204.147481545] [self_driving]: [DEBUG_DRIVE] state=LINE_FOLLOW raw_lane_x=-1 lane_x=-1 filter=lost linear=0.32 angular=0.00 cw_y=0 right_done=False start_turn=False count_turn=0 traffic=None stop=False[0m
[self_driving-10] [0m[INFO] [1782998204.265515008] [self_driving]: [IMAGE] received count=1925 shape=(480, 640, 3) queue=0[0m
[self_driving-10] [33m[WARN] [1782998204.554925989] [self_driving]: [LANE_LOST] raw_lane_x=-1 lane_x=-1 filter=lost stop=False state=LINE_FOLLOW safe_linear=0.02 right_ready=False right_done=False[0m
[self_driving-10] [0m[INFO] [1782998204.675390915] [self_driving]: [DEBUG_DRIVE] state=LINE_FOLLOW raw_lane_x=-1 lane_x=-1 filter=lost linear=0.32 angular=0.00 cw_y=0 right_done=False start_turn=False count_turn=0 traffic=None stop=False[0m
[self_driving-10] [33m[WARN] [1782998205.094548063] [self_driving]: [LANE_LOST] raw_lane_x=-1 lane_x=-1 filter=lost stop=False state=LINE_FOLLOW safe_linear=0.02 right_ready=False right_done=False[0m
[self_driving-10] [0m[INFO] [1782998205.217728267] [self_driving]: [DEBUG_DRIVE] state=LINE_FOLLOW raw_lane_x=-1 lane_x=-1 filter=lost linear=0.32 angular=0.00 cw_y=0 right_done=False start_turn=False count_turn=0 traffic=None stop=False[0m
[self_driving-10] [33m[WARN] [1782998205.625703896] [self_driving]: [LANE_LOST] raw_lane_x=-1 lane_x=-1 filter=lost stop=False state=LINE_FOLLOW safe_linear=0.02 right_ready=False right_done=False[0m
[self_driving-10] [0m[INFO] [1782998205.774084970] [self_driving]: [DEBUG_DRIVE] state=LINE_FOLLOW raw_lane_x=-1 lane_x=-1 filter=lost linear=0.32 angular=0.00 cw_y=0 right_done=False start_turn=False count_turn=0 traffic=None stop=False[0m
[self_driving-10] [33m[WARN] [1782998206.171161174] [self_driving]: [LANE_LOST] raw_lane_x=-1 lane_x=-1 filter=lost stop=False state=LINE_FOLLOW safe_linear=0.02 right_ready=False right_done=False[0m
[self_driving-10] [0m[INFO] [1782998206.291985674] [self_driving]: [IMAGE] received count=1955 shape=(480, 640, 3) queue=0[0m
[self_driving-10] [0m[INFO] [1782998206.303667525] [self_driving]: [DEBUG_DRIVE] state=LINE_FOLLOW raw_lane_x=-1 lane_x=-1 filter=lost linear=0.32 angular=0.00 cw_y=0 right_done=False start_turn=False count_turn=0 traffic=None stop=False[0m
[self_driving-10] [33m[WARN] [1782998206.703305747] [self_driving]: [LANE_LOST] raw_lane_x=-1 lane_x=-1 filter=lost stop=False state=LINE_FOLLOW safe_linear=0.02 right_ready=False right_done=False[0m
[self_driving-10] [0m[INFO] [1782998206.851677655] [self_driving]: [DEBUG_DRIVE] state=LINE_FOLLOW raw_lane_x=-1 lane_x=-1 filter=lost linear=0.32 angular=0.00 cw_y=0 right_done=False start_turn=False count_turn=0 traffic=None stop=False[0m
[self_driving-10] [33m[WARN] [1782998207.229714877] [self_driving]: [LANE_LOST] raw_lane_x=-1 lane_x=-1 filter=lost stop=False state=LINE_FOLLOW safe_linear=0.02 right_ready=False right_done=False[0m
[self_driving-10] [0m[INFO] [1782998207.360290599] [self_driving]: [DEBUG_DRIVE] state=LINE_FOLLOW raw_lane_x=-1 lane_x=-1 filter=lost linear=0.32 angular=0.00 cw_y=0 right_done=False start_turn=False count_turn=0 traffic=None stop=False[0m
[self_driving-10] [33m[WARN] [1782998207.772138988] [self_driving]: [LANE_LOST] raw_lane_x=-1 lane_x=-1 filter=lost stop=False state=LINE_FOLLOW safe_linear=0.02 right_ready=False right_done=False[0m
[self_driving-10] [0m[INFO] [1782998207.921602173] [self_driving]: [DEBUG_DRIVE] state=LINE_FOLLOW raw_lane_x=-1 lane_x=-1 filter=lost linear=0.32 angular=0.00 cw_y=0 right_done=False start_turn=False count_turn=0 traffic=None stop=False[0m
[self_driving-10] [0m[INFO] [1782998208.306258339] [self_driving]: [IMAGE] received count=1985 shape=(480, 640, 3) queue=0[0m
[self_driving-10] [33m[WARN] [1782998208.314798691] [self_driving]: [LANE_LOST] raw_lane_x=-1 lane_x=-1 filter=lost stop=False state=LINE_FOLLOW safe_linear=0.02 right_ready=False right_done=False[0m
[self_driving-10] [0m[INFO] [1782998208.438204524] [self_driving]: [DEBUG_DRIVE] state=LINE_FOLLOW raw_lane_x=-1 lane_x=-1 filter=lost linear=0.32 angular=0.00 cw_y=0 right_done=False start_turn=False count_turn=0 traffic=None stop=False[0m
[self_driving-10] [33m[WARN] [1782998208.859647617] [self_driving]: [LANE_LOST] raw_lane_x=-1 lane_x=-1 filter=lost stop=False state=LINE_FOLLOW safe_linear=0.02 right_ready=False right_done=False[0m
[self_driving-10] [0m[INFO] [1782998208.982263357] [self_driving]: [DEBUG_DRIVE] state=LINE_FOLLOW raw_lane_x=-1 lane_x=-1 filter=lost linear=0.32 angular=0.00 cw_y=0 right_done=False start_turn=False count_turn=0 traffic=None stop=False[0m
[self_driving-10] [33m[WARN] [1782998209.379026579] [self_driving]: [LANE_LOST] raw_lane_x=-1 lane_x=-1 filter=lost stop=False state=LINE_FOLLOW safe_linear=0.02 right_ready=False right_done=False[0m
[self_driving-10] [0m[INFO] [1782998209.518306061] [self_driving]: [DEBUG_DRIVE] state=LINE_FOLLOW raw_lane_x=-1 lane_x=-1 filter=lost linear=0.32 angular=0.00 cw_y=0 right_done=False start_turn=False count_turn=0 traffic=None stop=False[0m
[self_driving-10] [33m[WARN] [1782998209.933864560] [self_driving]: [LANE_LOST] raw_lane_x=-1 lane_x=-1 filter=lost stop=False state=LINE_FOLLOW safe_linear=0.02 right_ready=False right_done=False[0m
[self_driving-10] [0m[INFO] [1782998210.049291671] [self_driving]: [DEBUG_DRIVE] state=LINE_FOLLOW raw_lane_x=-1 lane_x=-1 filter=lost linear=0.32 angular=0.00 cw_y=0 right_done=False start_turn=False count_turn=0 traffic=None stop=False[0m
[self_driving-10] [0m[INFO] [1782998210.324098486] [self_driving]: [IMAGE] received count=2015 shape=(480, 640, 3) queue=0[0m
[self_driving-10] [33m[WARN] [1782998210.472074893] [self_driving]: [LANE_LOST] raw_lane_x=-1 lane_x=-1 filter=lost stop=False state=LINE_FOLLOW safe_linear=0.02 right_ready=False right_done=False[0m
[self_driving-10] [0m[INFO] [1782998210.590678560] [self_driving]: [DEBUG_DRIVE] state=LINE_FOLLOW raw_lane_x=-1 lane_x=-1 filter=lost linear=0.32 angular=0.00 cw_y=0 right_done=False start_turn=False count_turn=0 traffic=None stop=False[0m
[self_driving-10] [33m[WARN] [1782998211.003978041] [self_driving]: [LANE_LOST] raw_lane_x=-1 lane_x=-1 filter=lost stop=False state=LINE_FOLLOW safe_linear=0.02 right_ready=False right_done=False[0m
[self_driving-10] [0m[INFO] [1782998211.127025893] [self_driving]: [DEBUG_DRIVE] state=LINE_FOLLOW raw_lane_x=-1 lane_x=-1 filter=lost linear=0.32 angular=0.00 cw_y=0 right_done=False start_turn=False count_turn=0 traffic=None stop=False[0m
[self_driving-10] [33m[WARN] [1782998211.534575133] [self_driving]: [LANE_LOST] raw_lane_x=-1 lane_x=-1 filter=lost stop=False state=LINE_FOLLOW safe_linear=0.02 right_ready=False right_done=False[0m
[self_driving-10] [0m[INFO] [1782998211.672704893] [self_driving]: [DEBUG_DRIVE] state=LINE_FOLLOW raw_lane_x=-1 lane_x=-1 filter=lost linear=0.32 angular=0.00 cw_y=0 right_done=False start_turn=False count_turn=0 traffic=None stop=False[0m
[self_driving-10] [33m[WARN] [1782998212.077491300] [self_driving]: [LANE_LOST] raw_lane_x=-1 lane_x=-1 filter=lost stop=False state=LINE_FOLLOW safe_linear=0.02 right_ready=False right_done=False[0m
[self_driving-10] [0m[INFO] [1782998212.211159429] [self_driving]: [DEBUG_DRIVE] state=LINE_FOLLOW raw_lane_x=-1 lane_x=-1 filter=lost linear=0.32 angular=0.00 cw_y=0 right_done=False start_turn=False count_turn=0 traffic=None stop=False[0m
[self_driving-10] [0m[INFO] [1782998212.341595429] [self_driving]: [IMAGE] received count=2045 shape=(480, 640, 3) queue=0[0m
[self_driving-10] [33m[WARN] [1782998212.629711077] [self_driving]: [LANE_LOST] raw_lane_x=-1 lane_x=-1 filter=lost stop=False state=LINE_FOLLOW safe_linear=0.02 right_ready=False right_done=False[0m
[self_driving-10] [0m[INFO] [1782998212.739916559] [self_driving]: [DEBUG_DRIVE] state=LINE_FOLLOW raw_lane_x=-1 lane_x=-1 filter=lost linear=0.32 angular=0.00 cw_y=0 right_done=False start_turn=False count_turn=0 traffic=None stop=False[0m
[self_driving-10] [33m[WARN] [1782998213.148544281] [self_driving]: [LANE_LOST] raw_lane_x=-1 lane_x=-1 filter=lost stop=False state=LINE_FOLLOW safe_linear=0.02 right_ready=False right_done=False[0m
[self_driving-10] [0m[INFO] [1782998213.294019355] [self_driving]: [DEBUG_DRIVE] state=LINE_FOLLOW raw_lane_x=-1 lane_x=-1 filter=lost linear=0.32 angular=0.00 cw_y=0 right_done=False start_turn=False count_turn=0 traffic=None stop=False[0m
[self_driving-10] [33m[WARN] [1782998213.695777854] [self_driving]: [LANE_LOST] raw_lane_x=-1 lane_x=-1 filter=lost stop=False state=LINE_FOLLOW safe_linear=0.02 right_ready=False right_done=False[0m
[self_driving-10] [0m[INFO] [1782998213.819284947] [self_driving]: [DEBUG_DRIVE] state=LINE_FOLLOW raw_lane_x=-1 lane_x=-1 filter=lost linear=0.32 angular=0.00 cw_y=0 right_done=False start_turn=False count_turn=0 traffic=None stop=False[0m
[self_driving-10] [33m[WARN] [1782998214.232884965] [self_driving]: [LANE_LOST] raw_lane_x=-1 lane_x=-1 filter=lost stop=False state=LINE_FOLLOW safe_linear=0.02 right_ready=False right_done=False[0m
[self_driving-10] [0m[INFO] [1782998214.362729169] [self_driving]: [IMAGE] received count=2075 shape=(480, 640, 3) queue=0[0m
[self_driving-10] [0m[INFO] [1782998214.370663558] [self_driving]: [DEBUG_DRIVE] state=LINE_FOLLOW raw_lane_x=-1 lane_x=-1 filter=lost linear=0.32 angular=0.00 cw_y=0 right_done=False start_turn=False count_turn=0 traffic=None stop=False[0m
[self_driving-10] [33m[WARN] [1782998214.793608743] [self_driving]: [LANE_LOST] raw_lane_x=-1 lane_x=-1 filter=lost stop=False state=LINE_FOLLOW safe_linear=0.02 right_ready=False right_done=False[0m
[self_driving-10] [0m[INFO] [1782998214.893323594] [self_driving]: [DEBUG_DRIVE] state=LINE_FOLLOW raw_lane_x=-1 lane_x=-1 filter=lost linear=0.32 angular=0.00 cw_y=0 right_done=False start_turn=False count_turn=0 traffic=None stop=False[0m
[self_driving-10] [33m[WARN] [1782998215.290236057] [self_driving]: [LANE_LOST] raw_lane_x=-1 lane_x=-1 filter=lost stop=False state=LINE_FOLLOW safe_linear=0.02 right_ready=False right_done=False[0m
[self_driving-10] [0m[INFO] [1782998215.438672390] [self_driving]: [DEBUG_DRIVE] state=LINE_FOLLOW raw_lane_x=-1 lane_x=-1 filter=lost linear=0.32 angular=0.00 cw_y=0 right_done=False start_turn=False count_turn=0 traffic=None stop=False[0m
[self_driving-10] [33m[WARN] [1782998215.841581742] [self_driving]: [LANE_LOST] raw_lane_x=-1 lane_x=-1 filter=lost stop=False state=LINE_FOLLOW safe_linear=0.02 right_ready=False right_done=False[0m
[self_driving-10] [0m[INFO] [1782998215.962738649] [self_driving]: [DEBUG_DRIVE] state=LINE_FOLLOW raw_lane_x=-1 lane_x=-1 filter=lost linear=0.32 angular=0.00 cw_y=0 right_done=False start_turn=False count_turn=0 traffic=None stop=False[0m
[self_driving-10] [0m[INFO] [1782998216.373268279] [self_driving]: [IMAGE] received count=2105 shape=(480, 640, 3) queue=0[0m
[self_driving-10] [33m[WARN] [1782998216.379593982] [self_driving]: [LANE_LOST] raw_lane_x=-1 lane_x=-1 filter=lost stop=False state=LINE_FOLLOW safe_linear=0.02 right_ready=False right_done=False[0m
[self_driving-10] [0m[INFO] [1782998216.500082445] [self_driving]: [DEBUG_DRIVE] state=LINE_FOLLOW raw_lane_x=-1 lane_x=-1 filter=lost linear=0.32 angular=0.00 cw_y=0 right_done=False start_turn=False count_turn=0 traffic=None stop=False[0m
[self_driving-10] [33m[WARN] [1782998216.918861575] [self_driving]: [LANE_LOST] raw_lane_x=-1 lane_x=-1 filter=lost stop=False state=LINE_FOLLOW safe_linear=0.02 right_ready=False right_done=False[0m
[self_driving-10] [0m[INFO] [1782998217.037768501] [self_driving]: [DEBUG_DRIVE] state=LINE_FOLLOW raw_lane_x=-1 lane_x=-1 filter=lost linear=0.32 angular=0.00 cw_y=0 right_done=False start_turn=False count_turn=0 traffic=None stop=False[0m
[self_driving-10] [33m[WARN] [1782998217.470559297] [self_driving]: [LANE_LOST] raw_lane_x=-1 lane_x=-1 filter=lost stop=False state=LINE_FOLLOW safe_linear=0.02 right_ready=False right_done=False[0m
[self_driving-10] [0m[INFO] [1782998217.588278037] [self_driving]: [DEBUG_DRIVE] state=LINE_FOLLOW raw_lane_x=-1 lane_x=-1 filter=lost linear=0.32 angular=0.00 cw_y=0 right_done=False start_turn=False count_turn=0 traffic=None stop=False[0m
[self_driving-10] [33m[WARN] [1782998218.002294130] [self_driving]: [LANE_LOST] raw_lane_x=-1 lane_x=-1 filter=lost stop=False state=LINE_FOLLOW safe_linear=0.02 right_ready=False right_done=False[0m
[self_driving-10] [0m[INFO] [1782998218.131680407] [self_driving]: [DEBUG_DRIVE] state=LINE_FOLLOW raw_lane_x=-1 lane_x=-1 filter=lost linear=0.32 angular=0.00 cw_y=0 right_done=False start_turn=False count_turn=0 traffic=None stop=False[0m
[self_driving-10] [0m[INFO] [1782998218.376722648] [self_driving]: [IMAGE] received count=2135 shape=(480, 640, 3) queue=0[0m
[self_driving-10] [33m[WARN] [1782998218.525356796] [self_driving]: [LANE_LOST] raw_lane_x=-1 lane_x=-1 filter=lost stop=False state=LINE_FOLLOW safe_linear=0.02 right_ready=False right_done=False[0m
[self_driving-10] [0m[INFO] [1782998218.650407814] [self_driving]: [DEBUG_DRIVE] state=LINE_FOLLOW raw_lane_x=-1 lane_x=-1 filter=lost linear=0.32 angular=0.00 cw_y=0 right_done=False start_turn=False count_turn=0 traffic=None stop=False[0m
[self_driving-10] [33m[WARN] [1782998219.063161629] [self_driving]: [LANE_LOST] raw_lane_x=-1 lane_x=-1 filter=lost stop=False state=LINE_FOLLOW safe_linear=0.02 right_ready=False right_done=False[0m
[self_driving-10] [0m[INFO] [1782998219.204295073] [self_driving]: [DEBUG_DRIVE] state=LINE_FOLLOW raw_lane_x=-1 lane_x=-1 filter=lost linear=0.32 angular=0.00 cw_y=0 right_done=False start_turn=False count_turn=0 traffic=None stop=False[0m
[self_driving-10] [33m[WARN] [1782998219.596497425] [self_driving]: [LANE_LOST] raw_lane_x=-1 lane_x=-1 filter=lost stop=False state=LINE_FOLLOW safe_linear=0.02 right_ready=False right_done=False[0m
[self_driving-10] [0m[INFO] [1782998219.729327629] [self_driving]: [DEBUG_DRIVE] state=LINE_FOLLOW raw_lane_x=-1 lane_x=-1 filter=lost linear=0.32 angular=0.00 cw_y=0 right_done=False start_turn=False count_turn=0 traffic=None stop=False[0m
[self_driving-10] [0m[INFO] [1782998220.107148036] [self_driving]: [OBJECTS] msg_count=157 n=1 names=['crosswalk'][0m
[self_driving-10] [33m[WARN] [1782998220.147352906] [self_driving]: [LANE_LOST] raw_lane_x=-1 lane_x=-1 filter=lost stop=False state=LINE_FOLLOW safe_linear=0.02 right_ready=False right_done=False[0m
[self_driving-10] [0m[INFO] [1782998220.270776610] [self_driving]: [DEBUG_DRIVE] state=LINE_FOLLOW raw_lane_x=-1 lane_x=-1 filter=lost linear=0.32 angular=0.00 cw_y=0 right_done=False start_turn=False count_turn=0 traffic=None stop=False[0m
[self_driving-10] [0m[INFO] [1782998220.395788110] [self_driving]: [IMAGE] received count=2165 shape=(480, 640, 3) queue=0[0m
[self_driving-10] [33m[WARN] [1782998220.683284554] [self_driving]: [LANE_LOST] raw_lane_x=-1 lane_x=-1 filter=lost stop=False state=LINE_FOLLOW safe_linear=0.02 right_ready=False right_done=False[0m
[self_driving-10] [0m[INFO] [1782998220.769804554] [self_driving]: [OBJECTS] msg_count=159 n=1 names=['crosswalk'][0m
[self_driving-10] [0m[INFO] [1782998220.831765998] [self_driving]: [DEBUG_DRIVE] state=LINE_FOLLOW raw_lane_x=-1 lane_x=-1 filter=lost linear=0.32 angular=0.00 cw_y=0 right_done=False start_turn=False count_turn=0 traffic=None stop=False[0m
[self_driving-10] [33m[WARN] [1782998221.216494276] [self_driving]: [LANE_LOST] raw_lane_x=-1 lane_x=-1 filter=lost stop=False state=LINE_FOLLOW safe_linear=0.02 right_ready=False right_done=False[0m
[self_driving-10] [0m[INFO] [1782998221.352986165] [self_driving]: [DEBUG_DRIVE] state=LINE_FOLLOW raw_lane_x=-1 lane_x=-1 filter=lost linear=0.32 angular=0.00 cw_y=0 right_done=False start_turn=False count_turn=0 traffic=None stop=False[0m
[self_driving-10] [33m[WARN] [1782998221.759455164] [self_driving]: [LANE_LOST] raw_lane_x=-1 lane_x=-1 filter=lost stop=False state=LINE_FOLLOW safe_linear=0.02 right_ready=False right_done=False[0m
[self_driving-10] [0m[INFO] [1782998221.899601998] [self_driving]: [DEBUG_DRIVE] state=LINE_FOLLOW raw_lane_x=-1 lane_x=-1 filter=lost linear=0.32 angular=0.00 cw_y=0 right_done=False start_turn=False count_turn=0 traffic=None stop=False[0m
[self_driving-10] [33m[WARN] [1782998222.286916701] [self_driving]: [LANE_LOST] raw_lane_x=-1 lane_x=-1 filter=lost stop=False state=LINE_FOLLOW safe_linear=0.02 right_ready=False right_done=False[0m
[self_driving-10] [0m[INFO] [1782998222.411635868] [self_driving]: [IMAGE] received count=2195 shape=(480, 640, 3) queue=0[0m
[self_driving-10] [0m[INFO] [1782998222.419837238] [self_driving]: [DEBUG_DRIVE] state=LINE_FOLLOW raw_lane_x=-1 lane_x=-1 filter=lost linear=0.32 angular=0.00 cw_y=0 right_done=False start_turn=False count_turn=0 traffic=None stop=False[0m
[self_driving-10] [33m[WARN] [1782998222.827602145] [self_driving]: [LANE_LOST] raw_lane_x=-1 lane_x=-1 filter=lost stop=False state=LINE_FOLLOW safe_linear=0.02 right_ready=False right_done=False[0m
[self_driving-10] [0m[INFO] [1782998222.952954275] [self_driving]: [DEBUG_DRIVE] state=LINE_FOLLOW raw_lane_x=-1 lane_x=-1 filter=lost linear=0.32 angular=0.00 cw_y=0 right_done=False start_turn=False count_turn=0 traffic=None stop=False[0m
[self_driving-10] [33m[WARN] [1782998223.371072737] [self_driving]: [LANE_LOST] raw_lane_x=-1 lane_x=-1 filter=lost stop=False state=LINE_FOLLOW safe_linear=0.02 right_ready=False right_done=False[0m
[self_driving-10] [0m[INFO] [1782998223.508477293] [self_driving]: [DEBUG_DRIVE] state=LINE_FOLLOW raw_lane_x=-1 lane_x=-1 filter=lost linear=0.32 angular=0.00 cw_y=0 right_done=False start_turn=False count_turn=0 traffic=None stop=False[0m
[self_driving-10] [0m[INFO] [1782998223.777207830] [self_driving]: [OBJECTS] msg_count=160 n=1 names=['crosswalk'][0m
[self_driving-10] [33m[WARN] [1782998223.906447441] [self_driving]: [LANE_LOST] raw_lane_x=-1 lane_x=-1 filter=lost stop=False state=LINE_FOLLOW safe_linear=0.02 right_ready=False right_done=False[0m
[self_driving-10] [0m[INFO] [1782998224.026862700] [self_driving]: [DEBUG_DRIVE] state=LINE_FOLLOW raw_lane_x=-1 lane_x=-1 filter=lost linear=0.32 angular=0.00 cw_y=0 right_done=False start_turn=False count_turn=0 traffic=None stop=False[0m
[self_driving-10] [0m[INFO] [1782998224.428769996] [self_driving]: [IMAGE] received count=2225 shape=(480, 640, 3) queue=0[0m
[self_driving-10] [33m[WARN] [1782998224.437427496] [self_driving]: [LANE_LOST] raw_lane_x=-1 lane_x=-1 filter=lost stop=False state=LINE_FOLLOW safe_linear=0.02 right_ready=False right_done=False[0m
[self_driving-10] [0m[INFO] [1782998224.566191403] [self_driving]: [DEBUG_DRIVE] state=LINE_FOLLOW raw_lane_x=-1 lane_x=-1 filter=lost linear=0.32 angular=0.00 cw_y=0 right_done=False start_turn=False count_turn=0 traffic=None stop=False[0m
[self_driving-10] [33m[WARN] [1782998224.968637848] [self_driving]: [LANE_LOST] raw_lane_x=-1 lane_x=-1 filter=lost stop=False state=LINE_FOLLOW safe_linear=0.02 right_ready=False right_done=False[0m
[self_driving-10] [0m[INFO] [1782998225.105265570] [self_driving]: [DEBUG_DRIVE] state=LINE_FOLLOW raw_lane_x=-1 lane_x=-1 filter=lost linear=0.32 angular=0.00 cw_y=0 right_done=False start_turn=False count_turn=0 traffic=None stop=False[0m
[self_driving-10] [33m[WARN] [1782998225.528641718] [self_driving]: [LANE_LOST] raw_lane_x=-1 lane_x=-1 filter=lost stop=False state=LINE_FOLLOW safe_linear=0.02 right_ready=False right_done=False[0m
[self_driving-10] [0m[INFO] [1782998225.655379569] [self_driving]: [DEBUG_DRIVE] state=LINE_FOLLOW raw_lane_x=-1 lane_x=-1 filter=lost linear=0.32 angular=0.00 cw_y=0 right_done=False start_turn=False count_turn=0 traffic=None stop=False[0m
[self_driving-10] [33m[WARN] [1782998226.052469717] [self_driving]: [LANE_LOST] raw_lane_x=-1 lane_x=-1 filter=lost stop=False state=LINE_FOLLOW safe_linear=0.02 right_ready=False right_done=False[0m
[self_driving-10] [0m[INFO] [1782998226.189106180] [self_driving]: [DEBUG_DRIVE] state=LINE_FOLLOW raw_lane_x=-1 lane_x=-1 filter=lost linear=0.32 angular=0.00 cw_y=0 right_done=False start_turn=False count_turn=0 traffic=None stop=False[0m
[self_driving-10] [0m[INFO] [1782998226.443030310] [self_driving]: [IMAGE] received count=2255 shape=(480, 640, 3) queue=0[0m
[self_driving-10] [33m[WARN] [1782998226.596212791] [self_driving]: [LANE_LOST] raw_lane_x=-1 lane_x=-1 filter=lost stop=False state=LINE_FOLLOW safe_linear=0.02 right_ready=False right_done=False[0m
[self_driving-10] [0m[INFO] [1782998226.713309310] [self_driving]: [DEBUG_DRIVE] state=LINE_FOLLOW raw_lane_x=-1 lane_x=-1 filter=lost linear=0.32 angular=0.00 cw_y=0 right_done=False start_turn=False count_turn=0 traffic=None stop=False[0m
[self_driving-10] [33m[WARN] [1782998227.135594902] [self_driving]: [LANE_LOST] raw_lane_x=-1 lane_x=-1 filter=lost stop=False state=LINE_FOLLOW safe_linear=0.02 right_ready=False right_done=False[0m
[self_driving-10] [0m[INFO] [1782998227.258672198] [self_driving]: [DEBUG_DRIVE] state=LINE_FOLLOW raw_lane_x=-1 lane_x=-1 filter=lost linear=0.32 angular=0.00 cw_y=0 right_done=False start_turn=False count_turn=0 traffic=None stop=False[0m
[self_driving-10] [33m[WARN] [1782998227.675691568] [self_driving]: [LANE_LOST] raw_lane_x=-1 lane_x=-1 filter=lost stop=False state=LINE_FOLLOW safe_linear=0.02 right_ready=False right_done=False[0m
[self_driving-10] [0m[INFO] [1782998227.790322068] [self_driving]: [DEBUG_DRIVE] state=LINE_FOLLOW raw_lane_x=-1 lane_x=-1 filter=lost linear=0.32 angular=0.00 cw_y=0 right_done=False start_turn=False count_turn=0 traffic=None stop=False[0m
[self_driving-10] [33m[WARN] [1782998228.214052216] [self_driving]: [LANE_LOST] raw_lane_x=-1 lane_x=-1 filter=lost stop=False state=LINE_FOLLOW safe_linear=0.02 right_ready=False right_done=False[0m
[self_driving-10] [0m[INFO] [1782998228.337731457] [self_driving]: [DEBUG_DRIVE] state=LINE_FOLLOW raw_lane_x=-1 lane_x=-1 filter=lost linear=0.32 angular=0.00 cw_y=0 right_done=False start_turn=False count_turn=0 traffic=None stop=False[0m
[self_driving-10] [0m[INFO] [1782998228.475545994] [self_driving]: [IMAGE] received count=2285 shape=(480, 640, 3) queue=0[0m
[self_driving-10] [33m[WARN] [1782998228.738627790] [self_driving]: [LANE_LOST] raw_lane_x=-1 lane_x=-1 filter=lost stop=False state=LINE_FOLLOW safe_linear=0.02 right_ready=False right_done=False[0m
[self_driving-10] [0m[INFO] [1782998228.863647697] [self_driving]: [DEBUG_DRIVE] state=LINE_FOLLOW raw_lane_x=-1 lane_x=-1 filter=lost linear=0.32 angular=0.00 cw_y=0 right_done=False start_turn=False count_turn=0 traffic=None stop=False[0m
[self_driving-10] [33m[WARN] [1782998229.287060567] [self_driving]: [LANE_LOST] raw_lane_x=-1 lane_x=-1 filter=lost stop=False state=LINE_FOLLOW safe_linear=0.02 right_ready=False right_done=False[0m
[self_driving-10] [0m[INFO] [1782998229.407595734] [self_driving]: [DEBUG_DRIVE] state=LINE_FOLLOW raw_lane_x=-1 lane_x=-1 filter=lost linear=0.32 angular=0.00 cw_y=0 right_done=False start_turn=False count_turn=0 traffic=None stop=False[0m
[self_driving-10] [33m[WARN] [1782998229.819269826] [self_driving]: [LANE_LOST] raw_lane_x=-1 lane_x=-1 filter=lost stop=False state=LINE_FOLLOW safe_linear=0.02 right_ready=False right_done=False[0m
[self_driving-10] [0m[INFO] [1782998229.957681400] [self_driving]: [DEBUG_DRIVE] state=LINE_FOLLOW raw_lane_x=-1 lane_x=-1 filter=lost linear=0.32 angular=0.00 cw_y=0 right_done=False start_turn=False count_turn=0 traffic=None stop=False[0m
[self_driving-10] [33m[WARN] [1782998230.350988159] [self_driving]: [LANE_LOST] raw_lane_x=-1 lane_x=-1 filter=lost stop=False state=LINE_FOLLOW safe_linear=0.02 right_ready=False right_done=False[0m
[self_driving-10] [0m[INFO] [1782998230.484774141] [self_driving]: [DEBUG_DRIVE] state=LINE_FOLLOW raw_lane_x=-1 lane_x=-1 filter=lost linear=0.32 angular=0.00 cw_y=0 right_done=False start_turn=False count_turn=0 traffic=None stop=False[0m
[self_driving-10] [0m[INFO] [1782998230.540657011] [self_driving]: [IMAGE] received count=2316 shape=(480, 640, 3) queue=0[0m
[self_driving-10] [33m[WARN] [1782998230.893915326] [self_driving]: [LANE_LOST] raw_lane_x=-1 lane_x=-1 filter=lost stop=False state=LINE_FOLLOW safe_linear=0.02 right_ready=False right_done=False[0m
[self_driving-10] [0m[INFO] [1782998231.021936992] [self_driving]: [DEBUG_DRIVE] state=LINE_FOLLOW raw_lane_x=-1 lane_x=-1 filter=lost linear=0.32 angular=0.00 cw_y=0 right_done=False start_turn=False count_turn=0 traffic=None stop=False[0m
[self_driving-10] [33m[WARN] [1782998231.419799362] [self_driving]: [LANE_LOST] raw_lane_x=-1 lane_x=-1 filter=lost stop=False state=LINE_FOLLOW safe_linear=0.02 right_ready=False right_done=False[0m
[self_driving-10] [0m[INFO] [1782998231.578185436] [self_driving]: [DEBUG_DRIVE] state=LINE_FOLLOW raw_lane_x=-1 lane_x=-1 filter=lost linear=0.32 angular=0.00 cw_y=0 right_done=False start_turn=False count_turn=0 traffic=None stop=False[0m
[self_driving-10] [33m[WARN] [1782998231.972199973] [self_driving]: [LANE_LOST] raw_lane_x=-1 lane_x=-1 filter=lost stop=False state=LINE_FOLLOW safe_linear=0.02 right_ready=False right_done=False[0m
[self_driving-10] [0m[INFO] [1782998232.103129417] [self_driving]: [DEBUG_DRIVE] state=LINE_FOLLOW raw_lane_x=-1 lane_x=-1 filter=lost linear=0.32 angular=0.00 cw_y=0 right_done=False start_turn=False count_turn=0 traffic=None stop=False[0m
[self_driving-10] [33m[WARN] [1782998232.512232843] [self_driving]: [LANE_LOST] raw_lane_x=-1 lane_x=-1 filter=lost stop=False state=LINE_FOLLOW safe_linear=0.02 right_ready=False right_done=False[0m
[self_driving-10] [0m[INFO] [1782998232.556667714] [self_driving]: [IMAGE] received count=2346 shape=(480, 640, 3) queue=0[0m
[self_driving-10] [0m[INFO] [1782998232.646160769] [self_driving]: [DEBUG_DRIVE] state=LINE_FOLLOW raw_lane_x=-1 lane_x=-1 filter=lost linear=0.32 angular=0.00 cw_y=0 right_done=False start_turn=False count_turn=0 traffic=None stop=False[0m
[self_driving-10] [33m[WARN] [1782998233.050464639] [self_driving]: [LANE_LOST] raw_lane_x=-1 lane_x=-1 filter=lost stop=False state=LINE_FOLLOW safe_linear=0.02 right_ready=False right_done=False[0m
[self_driving-10] [0m[INFO] [1782998233.165449287] [self_driving]: [DEBUG_DRIVE] state=LINE_FOLLOW raw_lane_x=-1 lane_x=-1 filter=lost linear=0.32 angular=0.00 cw_y=0 right_done=False start_turn=False count_turn=0 traffic=None stop=False[0m
[self_driving-10] [33m[WARN] [1782998233.577781843] [self_driving]: [LANE_LOST] raw_lane_x=-1 lane_x=-1 filter=lost stop=False state=LINE_FOLLOW safe_linear=0.02 right_ready=False right_done=False[0m
[self_driving-10] [0m[INFO] [1782998233.707493935] [self_driving]: [DEBUG_DRIVE] state=LINE_FOLLOW raw_lane_x=-1 lane_x=-1 filter=lost linear=0.32 angular=0.00 cw_y=0 right_done=False start_turn=False count_turn=0 traffic=None stop=False[0m
[self_driving-10] [33m[WARN] [1782998234.119967935] [self_driving]: [LANE_LOST] raw_lane_x=-1 lane_x=-1 filter=lost stop=False state=LINE_FOLLOW safe_linear=0.02 right_ready=False right_done=False[0m
[self_driving-10] [0m[INFO] [1782998234.254147027] [self_driving]: [DEBUG_DRIVE] state=LINE_FOLLOW raw_lane_x=-1 lane_x=-1 filter=lost linear=0.32 angular=0.00 cw_y=0 right_done=False start_turn=False count_turn=0 traffic=None stop=False[0m
[self_driving-10] [0m[INFO] [1782998234.579132027] [self_driving]: [IMAGE] received count=2376 shape=(480, 640, 3) queue=0[0m
[self_driving-10] [33m[WARN] [1782998234.656906231] [self_driving]: [LANE_LOST] raw_lane_x=-1 lane_x=-1 filter=lost stop=False state=LINE_FOLLOW safe_linear=0.02 right_ready=False right_done=False[0m
[self_driving-10] [0m[INFO] [1782998234.787164842] [self_driving]: [DEBUG_DRIVE] state=LINE_FOLLOW raw_lane_x=-1 lane_x=-1 filter=lost linear=0.32 angular=0.00 cw_y=0 right_done=False start_turn=False count_turn=0 traffic=None stop=False[0m
[self_driving-10] [33m[WARN] [1782998235.180118786] [self_driving]: [LANE_X_JUMP_REJECT] raw=225.0 last=18.0 diff=207.0 candidate=225.0 cnt=1/4[0m
[self_driving-10] [33m[WARN] [1782998235.247555212] [self_driving]: [LANE_LOST] raw_lane_x=-1 lane_x=-1 filter=lost stop=False state=LINE_FOLLOW safe_linear=0.02 right_ready=False right_done=False[0m
[self_driving-10] [0m[INFO] [1782998235.339162508] [self_driving]: [DEBUG_DRIVE] state=LINE_FOLLOW raw_lane_x=-1 lane_x=-1 filter=lost linear=0.32 angular=0.00 cw_y=0 right_done=False start_turn=False count_turn=0 traffic=None stop=False[0m
[self_driving-10] [33m[WARN] [1782998235.792039452] [self_driving]: [LANE_LOST] raw_lane_x=-1 lane_x=-1 filter=lost stop=False state=LINE_FOLLOW safe_linear=0.02 right_ready=False right_done=False[0m
[self_driving-10] [0m[INFO] [1782998235.855110952] [self_driving]: [DEBUG_DRIVE] state=LINE_FOLLOW raw_lane_x=-1 lane_x=-1 filter=lost linear=0.32 angular=0.00 cw_y=0 right_done=False start_turn=False count_turn=0 traffic=None stop=False[0m
[self_driving-10] [0m[INFO] [1782998235.898971341] [self_driving]: [OBJECTS] msg_count=161 n=1 names=['crosswalk'][0m
[self_driving-10] [33m[WARN] [1782998236.061260526] [self_driving]: [LANE_X_JUMP_REJECT] raw=286.5 last=18.0 diff=268.5 candidate=286.5 cnt=1/4[0m
[self_driving-10] [33m[WARN] [1782998236.337652971] [self_driving]: [LANE_LOST] raw_lane_x=-1 lane_x=-1 filter=lost stop=False state=LINE_FOLLOW safe_linear=0.02 right_ready=False right_done=False[0m
[self_driving-10] [0m[INFO] [1782998236.402548452] [self_driving]: [DEBUG_DRIVE] state=LINE_FOLLOW raw_lane_x=-1 lane_x=-1 filter=lost linear=0.32 angular=0.00 cw_y=0 right_done=False start_turn=False count_turn=0 traffic=None stop=False[0m
[self_driving-10] [0m[INFO] [1782998236.606818359] [self_driving]: [IMAGE] received count=2406 shape=(480, 640, 3) queue=0[0m
[self_driving-10] [33m[WARN] [1782998236.864580970] [self_driving]: [LANE_LOST] raw_lane_x=-1 lane_x=-1 filter=lost stop=False state=LINE_FOLLOW safe_linear=0.02 right_ready=False right_done=False[0m
[self_driving-10] [0m[INFO] [1782998236.958962581] [self_driving]: [DEBUG_DRIVE] state=LINE_FOLLOW raw_lane_x=-1 lane_x=-1 filter=lost linear=0.32 angular=0.00 cw_y=0 right_done=False start_turn=False count_turn=0 traffic=None stop=False[0m
[self_driving-10] [33m[WARN] [1782998237.294630174] [self_driving]: [LANE_X_JUMP_REJECT] raw=134.5 last=18.0 diff=116.5 candidate=134.5 cnt=1/4[0m
[self_driving-10] [0m[INFO] [1782998237.479192581] [self_driving]: [DEBUG_DRIVE] state=LINE_FOLLOW raw_lane_x=172.0 lane_x=18.0 filter=jump_reject linear=0.32 angular=0.10 cw_y=0 right_done=False start_turn=False count_turn=0 traffic=None stop=False[0m
[self_driving-10] [33m[WARN] [1782998237.628641266] [self_driving]: [LANE_LOST] raw_lane_x=-1 lane_x=-1 filter=lost stop=False state=LINE_FOLLOW safe_linear=0.02 right_ready=False right_done=False[0m
[self_driving-10] [33m[WARN] [1782998237.801490136] [self_driving]: [LANE_X_JUMP_REJECT] raw=246.0 last=18.0 diff=228.0 candidate=246.0 cnt=1/4[0m
[self_driving-10] [0m[INFO] [1782998238.015490229] [self_driving]: [DEBUG_DRIVE] state=LINE_FOLLOW raw_lane_x=-1 lane_x=-1 filter=lost linear=0.32 angular=0.00 cw_y=0 right_done=False start_turn=False count_turn=0 traffic=None stop=False[0m
[self_driving-10] [33m[WARN] [1782998238.149282784] [self_driving]: [LANE_LOST] raw_lane_x=-1 lane_x=-1 filter=lost stop=False state=LINE_FOLLOW safe_linear=0.02 right_ready=False right_done=False[0m
[self_driving-10] [33m[WARN] [1782998238.490527358] [self_driving]: [LANE_X_JUMP_REJECT] raw=309.5 last=18.0 diff=291.5 candidate=309.5 cnt=1/4[0m
[self_driving-10] [0m[INFO] [1782998238.540758191] [self_driving]: [DEBUG_DRIVE] state=LINE_FOLLOW raw_lane_x=-1 lane_x=-1 filter=lost linear=0.32 angular=0.00 cw_y=0 right_done=False start_turn=False count_turn=0 traffic=None stop=False[0m
[self_driving-10] [0m[INFO] [1782998238.623605006] [self_driving]: [IMAGE] received count=2436 shape=(480, 640, 3) queue=0[0m
[self_driving-10] [33m[WARN] [1782998238.685892562] [self_driving]: [LANE_LOST] raw_lane_x=-1 lane_x=-1 filter=lost stop=False state=LINE_FOLLOW safe_linear=0.02 right_ready=False right_done=False[0m
[self_driving-10] [0m[INFO] [1782998239.092258210] [self_driving]: [DEBUG_DRIVE] state=LINE_FOLLOW raw_lane_x=-1 lane_x=-1 filter=lost linear=0.32 angular=0.00 cw_y=0 right_done=False start_turn=False count_turn=0 traffic=None stop=False[0m
[self_driving-10] [33m[WARN] [1782998239.229503802] [self_driving]: [LANE_LOST] raw_lane_x=-1 lane_x=-1 filter=lost stop=False state=LINE_FOLLOW safe_linear=0.02 right_ready=False right_done=False[0m
[self_driving-10] [0m[INFO] [1782998239.651595543] [self_driving]: [DEBUG_DRIVE] state=LINE_FOLLOW raw_lane_x=-1 lane_x=-1 filter=lost linear=0.32 angular=0.00 cw_y=0 right_done=False start_turn=False count_turn=0 traffic=None stop=False[0m
[self_driving-10] [33m[WARN] [1782998239.768379802] [self_driving]: [LANE_LOST] raw_lane_x=-1 lane_x=-1 filter=lost stop=False state=LINE_FOLLOW safe_linear=0.02 right_ready=False right_done=False[0m
[self_driving-10] [0m[INFO] [1782998240.171161783] [self_driving]: [DEBUG_DRIVE] state=LINE_FOLLOW raw_lane_x=-1 lane_x=-1 filter=lost linear=0.32 angular=0.00 cw_y=0 right_done=False start_turn=False count_turn=0 traffic=None stop=False[0m
[self_driving-10] [33m[WARN] [1782998240.299379042] [self_driving]: [LANE_X_JUMP_REJECT] raw=308.0 last=18.0 diff=290.0 candidate=309.5 cnt=2/4[0m
[self_driving-10] [33m[WARN] [1782998240.508064505] [self_driving]: [LANE_LOST] raw_lane_x=-1 lane_x=-1 filter=lost stop=False state=LINE_FOLLOW safe_linear=0.02 right_ready=False right_done=False[0m
[self_driving-10] [0m[INFO] [1782998240.698759764] [self_driving]: [IMAGE] received count=2467 shape=(480, 640, 3) queue=0[0m
[self_driving-10] [0m[INFO] [1782998240.710263468] [self_driving]: [DEBUG_DRIVE] state=LINE_FOLLOW raw_lane_x=-1 lane_x=-1 filter=lost linear=0.32 angular=0.00 cw_y=0 right_done=False start_turn=False count_turn=0 traffic=None stop=False[0m
[self_driving-10] [33m[WARN] [1782998241.044407190] [self_driving]: [LANE_LOST] raw_lane_x=-1 lane_x=-1 filter=lost stop=False state=LINE_FOLLOW safe_linear=0.02 right_ready=False right_done=False[0m
[self_driving-10] [0m[INFO] [1782998241.243864949] [self_driving]: [DEBUG_DRIVE] state=LINE_FOLLOW raw_lane_x=-1 lane_x=-1 filter=lost linear=0.32 angular=0.00 cw_y=0 right_done=False start_turn=False count_turn=0 traffic=None stop=False[0m
[self_driving-10] [33m[WARN] [1782998241.576411412] [self_driving]: [LANE_LOST] raw_lane_x=-1 lane_x=-1 filter=lost stop=False state=LINE_FOLLOW safe_linear=0.02 right_ready=False right_done=False[0m
[self_driving-10] [0m[INFO] [1782998241.777976801] [self_driving]: [DEBUG_DRIVE] state=LINE_FOLLOW raw_lane_x=-1 lane_x=-1 filter=lost linear=0.32 angular=0.00 cw_y=0 right_done=False start_turn=False count_turn=0 traffic=None stop=False[0m
[self_driving-10] [33m[WARN] [1782998242.117911578] [self_driving]: [LANE_LOST] raw_lane_x=-1 lane_x=-1 filter=lost stop=False state=LINE_FOLLOW safe_linear=0.02 right_ready=False right_done=False[0m
[self_driving-10] [0m[INFO] [1782998242.304587819] [self_driving]: [DEBUG_DRIVE] state=LINE_FOLLOW raw_lane_x=-1 lane_x=-1 filter=lost linear=0.32 angular=0.00 cw_y=0 right_done=False start_turn=False count_turn=0 traffic=None stop=False[0m
[self_driving-10] [33m[WARN] [1782998242.640322430] [self_driving]: [LANE_LOST] raw_lane_x=-1 lane_x=-1 filter=lost stop=False state=LINE_FOLLOW safe_linear=0.02 right_ready=False right_done=False[0m
[self_driving-10] [0m[INFO] [1782998242.724405300] [self_driving]: [IMAGE] received count=2497 shape=(480, 640, 3) queue=0[0m
[self_driving-10] [0m[INFO] [1782998242.849276967] [self_driving]: [DEBUG_DRIVE] state=LINE_FOLLOW raw_lane_x=-1 lane_x=-1 filter=lost linear=0.32 angular=0.00 cw_y=0 right_done=False start_turn=False count_turn=0 traffic=None stop=False[0m
[self_driving-10] [33m[WARN] [1782998243.191199985] [self_driving]: [LANE_LOST] raw_lane_x=-1 lane_x=-1 filter=lost stop=False state=LINE_FOLLOW safe_linear=0.02 right_ready=False right_done=False[0m
[self_driving-10] [0m[INFO] [1782998243.402787263] [self_driving]: [DEBUG_DRIVE] state=LINE_FOLLOW raw_lane_x=-1 lane_x=-1 filter=lost linear=0.32 angular=0.00 cw_y=0 right_done=False start_turn=False count_turn=0 traffic=None stop=False[0m
[self_driving-10] [33m[WARN] [1782998243.741057707] [self_driving]: [LANE_LOST] raw_lane_x=-1 lane_x=-1 filter=lost stop=False state=LINE_FOLLOW safe_linear=0.02 right_ready=False right_done=False[0m
[self_driving-10] [0m[INFO] [1782998243.922206633] [self_driving]: [DEBUG_DRIVE] state=LINE_FOLLOW raw_lane_x=-1 lane_x=-1 filter=lost linear=0.32 angular=0.00 cw_y=0 right_done=False start_turn=False count_turn=0 traffic=None stop=False[0m
[self_driving-10] [33m[WARN] [1782998244.263765577] [self_driving]: [LANE_LOST] raw_lane_x=-1 lane_x=-1 filter=lost stop=False state=LINE_FOLLOW safe_linear=0.02 right_ready=False right_done=False[0m
[self_driving-10] [0m[INFO] [1782998244.462555466] [self_driving]: [DEBUG_DRIVE] state=LINE_FOLLOW raw_lane_x=-1 lane_x=-1 filter=lost linear=0.32 angular=0.00 cw_y=0 right_done=False start_turn=False count_turn=0 traffic=None stop=False[0m
[self_driving-10] [0m[INFO] [1782998244.734714984] [self_driving]: [IMAGE] received count=2527 shape=(480, 640, 3) queue=0[0m
[self_driving-10] [33m[WARN] [1782998244.799697503] [self_driving]: [LANE_LOST] raw_lane_x=-1 lane_x=-1 filter=lost stop=False state=LINE_FOLLOW safe_linear=0.02 right_ready=False right_done=False[0m
[self_driving-10] [0m[INFO] [1782998245.028575188] [self_driving]: [DEBUG_DRIVE] state=LINE_FOLLOW raw_lane_x=-1 lane_x=-1 filter=lost linear=0.32 angular=0.00 cw_y=0 right_done=False start_turn=False count_turn=0 traffic=None stop=False[0m
[self_driving-10] [33m[WARN] [1782998245.328930261] [self_driving]: [LANE_LOST] raw_lane_x=-1 lane_x=-1 filter=lost stop=False state=LINE_FOLLOW safe_linear=0.02 right_ready=False right_done=False[0m
[self_driving-10] [0m[INFO] [1782998245.541672428] [self_driving]: [DEBUG_DRIVE] state=LINE_FOLLOW raw_lane_x=-1 lane_x=-1 filter=lost linear=0.32 angular=0.00 cw_y=0 right_done=False start_turn=False count_turn=0 traffic=None stop=False[0m
[self_driving-10] [33m[WARN] [1782998245.865116928] [self_driving]: [LANE_LOST] raw_lane_x=-1 lane_x=-1 filter=lost stop=False state=LINE_FOLLOW safe_linear=0.02 right_ready=False right_done=False[0m
[self_driving-10] [0m[INFO] [1782998246.074531854] [self_driving]: [DEBUG_DRIVE] state=LINE_FOLLOW raw_lane_x=-1 lane_x=-1 filter=lost linear=0.32 angular=0.00 cw_y=0 right_done=False start_turn=False count_turn=0 traffic=None stop=False[0m
[self_driving-10] [33m[WARN] [1782998246.411604890] [self_driving]: [LANE_LOST] raw_lane_x=-1 lane_x=-1 filter=lost stop=False state=LINE_FOLLOW safe_linear=0.02 right_ready=False right_done=False[0m
[self_driving-10] [0m[INFO] [1782998246.615595983] [self_driving]: [DEBUG_DRIVE] state=LINE_FOLLOW raw_lane_x=-1 lane_x=-1 filter=lost linear=0.32 angular=0.00 cw_y=0 right_done=False start_turn=False count_turn=0 traffic=None stop=False[0m
[self_driving-10] [0m[INFO] [1782998246.746810112] [self_driving]: [IMAGE] received count=2557 shape=(480, 640, 3) queue=0[0m
[self_driving-10] [33m[WARN] [1782998246.954823001] [self_driving]: [LANE_LOST] raw_lane_x=-1 lane_x=-1 filter=lost stop=False state=LINE_FOLLOW safe_linear=0.02 right_ready=False right_done=False[0m
[self_driving-10] [0m[INFO] [1782998247.171532871] [self_driving]: [DEBUG_DRIVE] state=LINE_FOLLOW raw_lane_x=-1 lane_x=-1 filter=lost linear=0.32 angular=0.00 cw_y=0 right_done=False start_turn=False count_turn=0 traffic=None stop=False[0m
[self_driving-10] [33m[WARN] [1782998247.485030982] [self_driving]: [LANE_LOST] raw_lane_x=-1 lane_x=-1 filter=lost stop=False state=LINE_FOLLOW safe_linear=0.02 right_ready=False right_done=False[0m
[self_driving-10] [0m[INFO] [1782998247.701742427] [self_driving]: [DEBUG_DRIVE] state=LINE_FOLLOW raw_lane_x=-1 lane_x=-1 filter=lost linear=0.32 angular=0.00 cw_y=0 right_done=False start_turn=False count_turn=0 traffic=None stop=False[0m
[self_driving-10] [33m[WARN] [1782998248.028681871] [self_driving]: [LANE_LOST] raw_lane_x=-1 lane_x=-1 filter=lost stop=False state=LINE_FOLLOW safe_linear=0.02 right_ready=False right_done=False[0m
[self_driving-10] [0m[INFO] [1782998248.220872445] [self_driving]: [DEBUG_DRIVE] state=LINE_FOLLOW raw_lane_x=-1 lane_x=-1 filter=lost linear=0.32 angular=0.00 cw_y=0 right_done=False start_turn=False count_turn=0 traffic=None stop=False[0m
[self_driving-10] [33m[WARN] [1782998248.565124556] [self_driving]: [LANE_LOST] raw_lane_x=-1 lane_x=-1 filter=lost stop=False state=LINE_FOLLOW safe_linear=0.02 right_ready=False right_done=False[0m
[self_driving-10] [0m[INFO] [1782998248.755610463] [self_driving]: [IMAGE] received count=2587 shape=(480, 640, 3) queue=0[0m
[self_driving-10] [0m[INFO] [1782998248.763050963] [self_driving]: [DEBUG_DRIVE] state=LINE_FOLLOW raw_lane_x=-1 lane_x=-1 filter=lost linear=0.32 angular=0.00 cw_y=0 right_done=False start_turn=False count_turn=0 traffic=None stop=False[0m
[self_driving-10] [33m[WARN] [1782998249.114805648] [self_driving]: [LANE_LOST] raw_lane_x=-1 lane_x=-1 filter=lost stop=False state=LINE_FOLLOW safe_linear=0.02 right_ready=False right_done=False[0m
[self_driving-10] [0m[INFO] [1782998249.289274315] [self_driving]: [DEBUG_DRIVE] state=LINE_FOLLOW raw_lane_x=-1 lane_x=-1 filter=lost linear=0.32 angular=0.00 cw_y=0 right_done=False start_turn=False count_turn=0 traffic=None stop=False[0m
[self_driving-10] [33m[WARN] [1782998249.638543851] [self_driving]: [LANE_LOST] raw_lane_x=-1 lane_x=-1 filter=lost stop=False state=LINE_FOLLOW safe_linear=0.02 right_ready=False right_done=False[0m
[self_driving-10] [0m[INFO] [1782998249.791365425] [self_driving]: [DEBUG_DRIVE] state=LINE_FOLLOW raw_lane_x=-1 lane_x=-1 filter=lost linear=0.32 angular=0.00 cw_y=0 right_done=False start_turn=False count_turn=0 traffic=None stop=False[0m
[self_driving-10] [33m[WARN] [1782998250.182951814] [self_driving]: [LANE_LOST] raw_lane_x=-1 lane_x=-1 filter=lost stop=False state=LINE_FOLLOW safe_linear=0.02 right_ready=False right_done=False[0m
[self_driving-10] [0m[INFO] [1782998250.319639184] [self_driving]: [DEBUG_DRIVE] state=LINE_FOLLOW raw_lane_x=-1 lane_x=-1 filter=lost linear=0.32 angular=0.00 cw_y=0 right_done=False start_turn=False count_turn=0 traffic=None stop=False[0m
[self_driving-10] [33m[WARN] [1782998250.703168314] [self_driving]: [LANE_LOST] raw_lane_x=-1 lane_x=-1 filter=lost stop=False state=LINE_FOLLOW safe_linear=0.02 right_ready=False right_done=False[0m
[self_driving-10] [0m[INFO] [1782998250.779852703] [self_driving]: [IMAGE] received count=2617 shape=(480, 640, 3) queue=0[0m
[self_driving-10] [0m[INFO] [1782998250.841171462] [self_driving]: [DEBUG_DRIVE] state=LINE_FOLLOW raw_lane_x=-1 lane_x=-1 filter=lost linear=0.32 angular=0.00 cw_y=0 right_done=False start_turn=False count_turn=0 traffic=None stop=False[0m
[self_driving-10] [33m[WARN] [1782998251.255336906] [self_driving]: [LANE_LOST] raw_lane_x=-1 lane_x=-1 filter=lost stop=False state=LINE_FOLLOW safe_linear=0.02 right_ready=False right_done=False[0m
[self_driving-10] [0m[INFO] [1782998251.377507906] [self_driving]: [DEBUG_DRIVE] state=LINE_FOLLOW raw_lane_x=-1 lane_x=-1 filter=lost linear=0.32 angular=0.00 cw_y=0 right_done=False start_turn=False count_turn=0 traffic=None stop=False[0m
[self_driving-10] [33m[WARN] [1782998251.818547998] [self_driving]: [LANE_LOST] raw_lane_x=-1 lane_x=-1 filter=lost stop=False state=LINE_FOLLOW safe_linear=0.02 right_ready=False right_done=False[0m
[self_driving-10] [0m[INFO] [1782998251.915047961] [self_driving]: [DEBUG_DRIVE] state=LINE_FOLLOW raw_lane_x=-1 lane_x=-1 filter=lost linear=0.32 angular=0.00 cw_y=0 right_done=False start_turn=False count_turn=0 traffic=None stop=False[0m
[self_driving-10] [33m[WARN] [1782998252.333548442] [self_driving]: [LANE_LOST] raw_lane_x=-1 lane_x=-1 filter=lost stop=False state=LINE_FOLLOW safe_linear=0.02 right_ready=False right_done=False[0m
[self_driving-10] [0m[INFO] [1782998252.468148720] [self_driving]: [DEBUG_DRIVE] state=LINE_FOLLOW raw_lane_x=-1 lane_x=-1 filter=lost linear=0.32 angular=0.00 cw_y=0 right_done=False start_turn=False count_turn=0 traffic=None stop=False[0m
[self_driving-10] [0m[INFO] [1782998252.786118701] [self_driving]: [IMAGE] received count=2647 shape=(480, 640, 3) queue=0[0m
[self_driving-10] [33m[WARN] [1782998252.872006720] [self_driving]: [LANE_LOST] raw_lane_x=-1 lane_x=-1 filter=lost stop=False state=LINE_FOLLOW safe_linear=0.02 right_ready=False right_done=False[0m
[self_driving-10] [0m[INFO] [1782998252.985087127] [self_driving]: [DEBUG_DRIVE] state=LINE_FOLLOW raw_lane_x=-1 lane_x=-1 filter=lost linear=0.32 angular=0.00 cw_y=0 right_done=False start_turn=False count_turn=0 traffic=None stop=False[0m
[self_driving-10] [33m[WARN] [1782998253.408343275] [self_driving]: [LANE_LOST] raw_lane_x=-1 lane_x=-1 filter=lost stop=False state=LINE_FOLLOW safe_linear=0.02 right_ready=False right_done=False[0m
[self_driving-10] [0m[INFO] [1782998253.542306479] [self_driving]: [DEBUG_DRIVE] state=LINE_FOLLOW raw_lane_x=-1 lane_x=-1 filter=lost linear=0.32 angular=0.00 cw_y=0 right_done=False start_turn=False count_turn=0 traffic=None stop=False[0m
[self_driving-10] [33m[WARN] [1782998253.937379182] [self_driving]: [LANE_LOST] raw_lane_x=-1 lane_x=-1 filter=lost stop=False state=LINE_FOLLOW safe_linear=0.02 right_ready=False right_done=False[0m
[self_driving-10] [0m[INFO] [1782998254.069460108] [self_driving]: [DEBUG_DRIVE] state=LINE_FOLLOW raw_lane_x=-1 lane_x=-1 filter=lost linear=0.32 angular=0.00 cw_y=0 right_done=False start_turn=False count_turn=0 traffic=None stop=False[0m
[self_driving-10] [33m[WARN] [1782998254.492910589] [self_driving]: [LANE_LOST] raw_lane_x=-1 lane_x=-1 filter=lost stop=False state=LINE_FOLLOW safe_linear=0.02 right_ready=False right_done=False[0m
[self_driving-10] [0m[INFO] [1782998254.605555071] [self_driving]: [DEBUG_DRIVE] state=LINE_FOLLOW raw_lane_x=-1 lane_x=-1 filter=lost linear=0.32 angular=0.00 cw_y=0 right_done=False start_turn=False count_turn=0 traffic=None stop=False[0m
[self_driving-10] [0m[INFO] [1782998254.814343385] [self_driving]: [IMAGE] received count=2677 shape=(480, 640, 3) queue=0[0m
[self_driving-10] [33m[WARN] [1782998255.021586348] [self_driving]: [LANE_LOST] raw_lane_x=-1 lane_x=-1 filter=lost stop=False state=LINE_FOLLOW safe_linear=0.02 right_ready=False right_done=False[0m
[self_driving-10] [0m[INFO] [1782998255.158595200] [self_driving]: [DEBUG_DRIVE] state=LINE_FOLLOW raw_lane_x=-1 lane_x=-1 filter=lost linear=0.32 angular=0.00 cw_y=0 right_done=False start_turn=False count_turn=0 traffic=None stop=False[0m
[self_driving-10] [33m[WARN] [1782998255.563418681] [self_driving]: [LANE_LOST] raw_lane_x=-1 lane_x=-1 filter=lost stop=False state=LINE_FOLLOW safe_linear=0.02 right_ready=False right_done=False[0m
[self_driving-10] [0m[INFO] [1782998255.690041959] [self_driving]: [DEBUG_DRIVE] state=LINE_FOLLOW raw_lane_x=-1 lane_x=-1 filter=lost linear=0.32 angular=0.00 cw_y=0 right_done=False start_turn=False count_turn=0 traffic=None stop=False[0m
