[INFO] [launch]: All log files can be found below /home/ubuntu/.ros/log/2026-07-02-13-46-27-209492-raspberrypi-225467
[INFO] [launch]: Default logging verbosity is set to INFO
[INFO] [ascamera_node-1]: process started with pid [225477]
[INFO] [static_transform_publisher-2]: process started with pid [225479]
[INFO] [static_transform_publisher-3]: process started with pid [225481]
[INFO] [joint_state_publisher-4]: process started with pid [225483]
[INFO] [robot_state_publisher-5]: process started with pid [225485]
[INFO] [ros_robot_controller-6]: process started with pid [225487]
[INFO] [odom_publisher-7]: process started with pid [225490]
[INFO] [ekf_node-8]: process started with pid [225501]
[INFO] [yolo_detect-9]: process started with pid [225505]
[INFO] [self_driving-10]: process started with pid [225519]
[ascamera_node-1] [0m[INFO] [1782999987.940044815] [as_logger]: hello world angstrong camera ros2 node[0m
[static_transform_publisher-2] [33m[WARN] [1782999987.940815260] []: Old-style arguments are deprecated; see --help for new-style arguments[0m
[static_transform_publisher-3] [33m[WARN] [1782999987.937084964] []: Old-style arguments are deprecated; see --help for new-style arguments[0m
[static_transform_publisher-3] [0m[INFO] [1782999987.967841945] [static_transform_publisher_nxRB4lxzcO5vQ3Ou]: Spinning until stopped - publishing transform
[static_transform_publisher-3] translation: ('0.000000', '0.000000', '0.000000')
[static_transform_publisher-3] rotation: ('-0.500000', '0.499602', '-0.500000', '0.500398')
[static_transform_publisher-3] from 'depth_cam' to 'ascamera_color_0'[0m
[robot_state_publisher-5] [0m[INFO] [1782999987.986413760] [robot_state_publisher]: got segment base_footprint[0m
[robot_state_publisher-5] [0m[INFO] [1782999987.986632482] [robot_state_publisher]: got segment base_link[0m
[robot_state_publisher-5] [0m[INFO] [1782999987.986673112] [robot_state_publisher]: got segment depth_cam[0m
[robot_state_publisher-5] [0m[INFO] [1782999987.986690315] [robot_state_publisher]: got segment imu_link[0m
[robot_state_publisher-5] [0m[INFO] [1782999987.986703334] [robot_state_publisher]: got segment lidar_frame[0m
[robot_state_publisher-5] [0m[INFO] [1782999987.986713723] [robot_state_publisher]: got segment wheel_lb_Link[0m
[robot_state_publisher-5] [0m[INFO] [1782999987.986725575] [robot_state_publisher]: got segment wheel_lf_Link[0m
[robot_state_publisher-5] [0m[INFO] [1782999987.986736834] [robot_state_publisher]: got segment wheel_rb_Link[0m
[robot_state_publisher-5] [0m[INFO] [1782999987.986746519] [robot_state_publisher]: got segment wheel_rf_Link[0m
[ascamera_node-1] 2026-07-02 13:46:28[INFO] [CameraPublisher.cpp] [1558] [printLaunchParams] get depth_width 640
[ascamera_node-1] 2026-07-02 13:46:28[INFO] [CameraPublisher.cpp] [1559] [printLaunchParams] get depth_height 480
[ascamera_node-1] 2026-07-02 13:46:28[INFO] [CameraPublisher.cpp] [1561] [printLaunchParams] get rgb_width 640
[ascamera_node-1] 2026-07-02 13:46:28[INFO] [CameraPublisher.cpp] [1562] [printLaunchParams] get rgb_height 480
[ascamera_node-1] 2026-07-02 13:46:28[INFO] [CameraPublisher.cpp] [1570] [printLaunchParams] get set_fps 15
[ascamera_node-1] 2026-07-02 13:46:28[INFO] [CameraPublisher.cpp] [1578] [printLaunchParams] get color_pcl 1
[ascamera_node-1] 2026-07-02 13:46:28[INFO] [CameraPublisher.cpp] [1582] [printLaunchParams] get pub_tfTree 1
[ascamera_node-1] 2026-07-02 13:46:28[INFO] [CameraSrv.cpp] [35] [CameraSrv] Angstrong camera server
[ascamera_node-1] 2026-07-02 13:46:28[INFO] [CameraSrv.cpp] [45] [CameraSrv] Angstrong camera sdk version:v1.2.22.20240516
[static_transform_publisher-2] [0m[INFO] [1782999988.015014426] [static_transform_publisher_0ACxzKgGEG8n67lu]: Spinning until stopped - publishing transform
[static_transform_publisher-2] translation: ('0.000000', '0.000000', '0.000000')
[static_transform_publisher-2] rotation: ('-0.500000', '0.499602', '-0.500000', '0.500398')
[static_transform_publisher-2] from 'depth_cam' to 'ascamera_camera_link_0'[0m
[odom_publisher-7] [0m[INFO] [1782999988.810808759] [odom_publisher]: [1;32m0.930000 1.010000[0m[0m
[odom_publisher-7] [0m[INFO] [1782999988.824659074] [odom_publisher]: [1;32mstart[0m[0m
[joint_state_publisher-4] [0m[INFO] [1782999988.960439759] [joint_state_publisher]: Waiting for robot_description to be published on the robot_description topic...[0m
[ascamera_node-1] 2026-07-02 13:46:29[INFO] [CameraSrv.cpp] [114] [onAttached] attached
[ascamera_node-1] 2026-07-02 13:46:29[INFO] [CameraSrv.cpp] [145] [onAttached] this is a new attach device, create and open it
[ros_robot_controller-6] [0m[INFO] [1782999989.323780426] [ros_robot_controller]: 已设置舵机 1 的偏移量为 0[0m
[ros_robot_controller-6] [0m[INFO] [1782999989.325326500] [ros_robot_controller]: 已设置舵机 2 的偏移量为 0[0m
[ros_robot_controller-6] [0m[INFO] [1782999989.327763277] [ros_robot_controller]: 已设置舵机 3 的偏移量为 4[0m
[ros_robot_controller-6] [0m[INFO] [1782999989.330199055] [ros_robot_controller]: 已设置舵机 4 的偏移量为 0[0m
[ros_robot_controller-6] [0m[INFO] [1782999989.336500463] [ros_robot_controller]: [1;32mstart[0m[0m
[self_driving-10] [0m[INFO] [1782999989.510957000] [self_driving]: [INIT] init_process started[0m
[self_driving-10] [0m[INFO] [1782999989.511510240] [self_driving]: [INIT] only_line_follow=False[0m
[self_driving-10] [0m[INFO] [1782999989.512000796] [self_driving]: [INIT] request /yolov5/start[0m
[ascamera_node-1] 2026-07-02 13:46:29[INFO] [CameraSrv.cpp] [154] [onAttached] get model type 9
[ascamera_node-1] 2026-07-02 13:46:29[INFO] [CameraSrv.cpp] [342] [getConfigFile] get file: /home/ubuntu/third_party_ros2/third_party_ws/src/ascamera/configurationfiles/hp60c_v2_00_20230704_configEncrypt.json
[ascamera_node-1] 2026-07-02 13:46:29[INFO] [CameraPublisher.cpp] [1501] [logCameraPathInfo] usb camera
[ascamera_node-1] 2026-07-02 13:46:29[INFO] [CameraPublisher.cpp] [1502] [logCameraPathInfo] bnum:1
[ascamera_node-1] 2026-07-02 13:46:29[INFO] [CameraPublisher.cpp] [1503] [logCameraPathInfo] dnum:3
[ascamera_node-1] 2026-07-02 13:46:29[INFO] [CameraPublisher.cpp] [1504] [logCameraPathInfo] port_numbers:2
[ascamera_node-1] 2026-07-02 13:46:29[INFO] [CameraPublisher.cpp] [171] [onCameraAttached] create a new publisher info set
[ascamera_node-1] 2026-07-02 13:46:29[INFO] [TfTreeFrameIdInfo.cpp] [11] [TfTreeFrameIdInfo] Namespace /ascamera
[ascamera_node-1] 2026-07-02 13:46:29[INFO] [CameraHp60c.cpp] [128] [open] according to the configuration file.
[ascamera_node-1] 2026-07-02 13:46:29[INFO] [CameraHp60c.cpp] [1528] [parseConfigFileParameter] moduleName:AS_CAM_HP60C
[ascamera_node-1] 2026-07-02 13:46:29[INFO] [CameraHp60c.cpp] [1555] [parseConfigFileParameter] Parsing config file /home/ubuntu/third_party_ros2/third_party_ws/src/ascamera/configurationfiles/hp60c_v2_00_20230704_configEncrypt.json
[ascamera_node-1] 2026-07-02 13:46:29[INFO] [CameraHp60c.cpp] [1620] [parseConfigFileParameter] configuration protocol Version: v2.x
[ascamera_node-1] 2026-07-02 13:46:29[INFO] [CameraHp60c.cpp] [1631] [parseConfigFileParameter] configuration Version: v2.0.0.20230704
[ascamera_node-1] 2026-07-02 13:46:29[INFO] [CameraHp60c.cpp] [1796] [setParamersAfterOpenCam] Camera confiParaEnable true, setting configuration parameter
[ascamera_node-1] 2026-07-02 13:46:31[ERROR] [XuCmdCameraHp60c.cpp] [454] [getMjpegSize] get mjpeg from xu command failed
[ascamera_node-1] 2026-07-02 13:46:31[INFO] [XuCmdCameraHp60c.cpp] [458] [getMjpegSize] mjpeg size:640x480
[ascamera_node-1] 2026-07-02 13:46:31[INFO] [CameraPublisher.cpp] [356] [onCameraOpen] camera opened
[ascamera_node-1] 2026-07-02 13:46:31[INFO] [CameraPublisher.cpp] [370] [onCameraOpen] get config info, ret 0, is_Registration 1
[ascamera_node-1] 2026-07-02 13:46:31[INFO] [Camera.cpp] [61] [init] #camera[0x55563177a710] SN[ASC60CF08000515]'s firmware version:DLS_VERc20865=:V01.09_2024110714:V01.19_2024110714:L01
[ascamera_node-1] 2026-07-02 13:46:31[INFO] [CameraPublisher.cpp] [1183] [setResolution] set depth resolution: 640 x 480 @ 15fps
[ascamera_node-1] 2026-07-02 13:46:31[INFO] [CameraPublisher.cpp] [1197] [setResolution] set rgb resolution: 640 x 480 @ 15fps
[ascamera_node-1] 2026-07-02 13:46:31[INFO] [CameraHp60c.cpp] [260] [startStreaming] start streaming
[ascamera_node-1] 2026-07-02 13:46:31[INFO] [CameraSrv.cpp] [202] [onAttached] attached end
[self_driving-10] [33m[WARN] [1782999991.515329832] [self_driving]: [YOLO_SERVICE] service not ready, continue without blocking[0m
[self_driving-10] [0m[INFO] [1782999992.016480591] [self_driving]: [INIT] enter + set_running start[0m
[self_driving-10] [0m[INFO] [1782999992.017026813] [self_driving]: [1;32mself driving enter[0m[0m
[self_driving-10] [0m[INFO] [1782999992.027047220] [self_driving]: [SUB] image=/ascamera/camera_publisher/rgb0/image object=/yolov5_ros2/object_detect[0m
[self_driving-10] [0m[INFO] [1782999992.028409961] [self_driving]: [1;32mset_running[0m[0m
[self_driving-10] [0m[INFO] [1782999992.032616461] [self_driving]: [1;32m[START] hybrid self_driving start: auto LINE_FOLLOW[0m[0m
[INFO] [apply_calib-11]: process started with pid [225666]
[INFO] [complementary_filter_node-12]: process started with pid [225668]
[ascamera_node-1] 2026-07-02 13:46:33[INFO] [CameraHp60c.cpp] [912] [setInternalParameter] mjpeg info: size(640x480)
[complementary_filter_node-12] [0m[INFO] [1782999993.329644516] [imu_filter]: Starting ComplementaryFilterROS[0m
[apply_calib-11] [0m[INFO] [1782999993.343301923] [imu_calib]: Calibrating gyros; do not move the IMU[0m
[ascamera_node-1] 2026-07-02 13:46:33[INFO] [Camera.cpp] [127] [backgroundThread] SN [ ASC60CF08000515 ]'s parameter:
[ascamera_node-1] 2026-07-02 13:46:33[INFO] [Camera.cpp] [128] [backgroundThread] irfx: 426.962
[ascamera_node-1] 2026-07-02 13:46:33[INFO] [Camera.cpp] [129] [backgroundThread] irfy: 426.374
[ascamera_node-1] 2026-07-02 13:46:33[INFO] [Camera.cpp] [130] [backgroundThread] ircx: 315.403
[ascamera_node-1] 2026-07-02 13:46:33[INFO] [Camera.cpp] [131] [backgroundThread] ircy: 240.933
[ascamera_node-1] 2026-07-02 13:46:33[INFO] [Camera.cpp] [132] [backgroundThread] rgbfx: 570.48
[ascamera_node-1] 2026-07-02 13:46:33[INFO] [Camera.cpp] [133] [backgroundThread] rgbfy: 569.949
[ascamera_node-1] 2026-07-02 13:46:33[INFO] [Camera.cpp] [134] [backgroundThread] rgbcx: 329.75
[ascamera_node-1] 2026-07-02 13:46:33[INFO] [Camera.cpp] [135] [backgroundThread] rgbcy: 238.406
[ascamera_node-1] 
[ascamera_node-1] 2026-07-02 13:46:33[INFO] [CameraHp60c.cpp] [1149] [streamCallback] set gain ret 0, gain 4
[self_driving-10] [0m[INFO] [1782999993.583549645] [self_driving]: [IMAGE] received count=1 shape=(480, 640, 3) queue=0[0m
[self_driving-10] [33m[WARN] [1782999993.752352330] [self_driving]: [IMAGE] queue full -> drop oldest frame[0m
[self_driving-10] [0m[INFO] [1782999993.768528386] [self_driving]: [DEBUG_DRIVE] state=LINE_FOLLOW raw_lane_x=208.0 lane_x=208.0 filter=init linear=0.32 angular=-0.10 cw_y=0 right_done=False start_turn=False count_turn=0 traffic=None stop=False[0m
[self_driving-10] [33m[WARN] [1782999994.164277164] [self_driving]: [LANE_LOST] raw_lane_x=-1 lane_x=-1 filter=lost stop=False state=LINE_FOLLOW safe_linear=0.02 right_ready=False right_done=False[0m
[self_driving-10] [0m[INFO] [1782999994.296731867] [self_driving]: [DEBUG_DRIVE] state=LINE_FOLLOW raw_lane_x=-1 lane_x=-1 filter=lost linear=0.32 angular=0.00 cw_y=0 right_done=False start_turn=False count_turn=0 traffic=None stop=False[0m
[yolo_detect-9] [0m[INFO] [1782999994.671355145] [yolov5_ros2]: Current ROS 2 distribution: humble[0m
[self_driving-10] [33m[WARN] [1782999994.695800145] [self_driving]: [LANE_LOST] raw_lane_x=-1 lane_x=-1 filter=lost stop=False state=LINE_FOLLOW safe_linear=0.02 right_ready=False right_done=False[0m
[self_driving-10] [0m[INFO] [1782999994.843544589] [self_driving]: [DEBUG_DRIVE] state=LINE_FOLLOW raw_lane_x=-1 lane_x=-1 filter=lost linear=0.32 angular=0.00 cw_y=0 right_done=False start_turn=False count_turn=0 traffic=None stop=False[0m
[self_driving-10] [33m[WARN] [1782999995.237152978] [self_driving]: [LANE_LOST] raw_lane_x=-1 lane_x=-1 filter=lost stop=False state=LINE_FOLLOW safe_linear=0.02 right_ready=False right_done=False[0m
[self_driving-10] [0m[INFO] [1782999995.367980237] [self_driving]: [DEBUG_DRIVE] state=LINE_FOLLOW raw_lane_x=-1 lane_x=-1 filter=lost linear=0.32 angular=0.00 cw_y=0 right_done=False start_turn=False count_turn=0 traffic=None stop=False[0m
[apply_calib-11] [0m[INFO] [1782999995.382878607] [imu_calib]: Gyro calibration complete! (bias = [0.328, 0.007, 0.124])[0m
[self_driving-10] [0m[INFO] [1782999995.633280181] [self_driving]: [IMAGE] received count=32 shape=(480, 640, 3) queue=0[0m
[self_driving-10] [33m[WARN] [1782999995.770441348] [self_driving]: [LANE_LOST] raw_lane_x=-1 lane_x=-1 filter=lost stop=False state=LINE_FOLLOW safe_linear=0.02 right_ready=False right_done=False[0m
[self_driving-10] [0m[INFO] [1782999996.219154347] [self_driving]: [DEBUG_DRIVE] state=LINE_FOLLOW raw_lane_x=-1 lane_x=-1 filter=lost linear=0.32 angular=0.00 cw_y=0 right_done=False start_turn=False count_turn=0 traffic=None stop=False[0m
[self_driving-10] [33m[WARN] [1782999996.307802903] [self_driving]: [LANE_LOST] raw_lane_x=-1 lane_x=-1 filter=lost stop=False state=LINE_FOLLOW safe_linear=0.02 right_ready=False right_done=False[0m
[self_driving-10] [0m[INFO] [1782999996.778190940] [self_driving]: [DEBUG_DRIVE] state=LINE_FOLLOW raw_lane_x=-1 lane_x=-1 filter=lost linear=0.32 angular=0.00 cw_y=0 right_done=False start_turn=False count_turn=0 traffic=None stop=False[0m
[self_driving-10] [33m[WARN] [1782999996.845507866] [self_driving]: [LANE_LOST] raw_lane_x=-1 lane_x=-1 filter=lost stop=False state=LINE_FOLLOW safe_linear=0.02 right_ready=False right_done=False[0m
[self_driving-10] [0m[INFO] [1782999997.316895421] [self_driving]: [DEBUG_DRIVE] state=LINE_FOLLOW raw_lane_x=-1 lane_x=-1 filter=lost linear=0.32 angular=0.00 cw_y=0 right_done=False start_turn=False count_turn=0 traffic=None stop=False[0m
[self_driving-10] [33m[WARN] [1782999997.385755588] [self_driving]: [LANE_LOST] raw_lane_x=-1 lane_x=-1 filter=lost stop=False state=LINE_FOLLOW safe_linear=0.02 right_ready=False right_done=False[0m
[self_driving-10] [0m[INFO] [1782999997.659644976] [self_driving]: [IMAGE] received count=58 shape=(480, 640, 3) queue=0[0m
[self_driving-10] [0m[INFO] [1782999997.871252384] [self_driving]: [DEBUG_DRIVE] state=LINE_FOLLOW raw_lane_x=-1 lane_x=-1 filter=lost linear=0.32 angular=0.00 cw_y=0 right_done=False start_turn=False count_turn=0 traffic=None stop=False[0m
[self_driving-10] [33m[WARN] [1782999997.938815050] [self_driving]: [LANE_LOST] raw_lane_x=-1 lane_x=-1 filter=lost stop=False state=LINE_FOLLOW safe_linear=0.02 right_ready=False right_done=False[0m
[self_driving-10] [0m[INFO] [1782999998.417296050] [self_driving]: [DEBUG_DRIVE] state=LINE_FOLLOW raw_lane_x=-1 lane_x=-1 filter=lost linear=0.32 angular=0.00 cw_y=0 right_done=False start_turn=False count_turn=0 traffic=None stop=False[0m
[self_driving-10] [33m[WARN] [1782999998.470555679] [self_driving]: [LANE_LOST] raw_lane_x=-1 lane_x=-1 filter=lost stop=False state=LINE_FOLLOW safe_linear=0.02 right_ready=False right_done=False[0m
[self_driving-10] [0m[INFO] [1782999998.950295216] [self_driving]: [DEBUG_DRIVE] state=LINE_FOLLOW raw_lane_x=-1 lane_x=-1 filter=lost linear=0.32 angular=0.00 cw_y=0 right_done=False start_turn=False count_turn=0 traffic=None stop=False[0m
[self_driving-10] [33m[WARN] [1782999999.025877346] [self_driving]: [LANE_LOST] raw_lane_x=-1 lane_x=-1 filter=lost stop=False state=LINE_FOLLOW safe_linear=0.02 right_ready=False right_done=False[0m
[self_driving-10] [0m[INFO] [1782999999.494559197] [self_driving]: [DEBUG_DRIVE] state=LINE_FOLLOW raw_lane_x=-1 lane_x=-1 filter=lost linear=0.32 angular=0.00 cw_y=0 right_done=False start_turn=False count_turn=0 traffic=None stop=False[0m
[self_driving-10] [33m[WARN] [1782999999.559351364] [self_driving]: [LANE_LOST] raw_lane_x=-1 lane_x=-1 filter=lost stop=False state=LINE_FOLLOW safe_linear=0.02 right_ready=False right_done=False[0m
[self_driving-10] [0m[INFO] [1782999999.685313475] [self_driving]: [IMAGE] received count=88 shape=(480, 640, 3) queue=0[0m
[self_driving-10] [0m[INFO] [1783000000.036768364] [self_driving]: [DEBUG_DRIVE] state=LINE_FOLLOW raw_lane_x=-1 lane_x=-1 filter=lost linear=0.32 angular=0.00 cw_y=0 right_done=False start_turn=False count_turn=0 traffic=None stop=False[0m
[self_driving-10] [33m[WARN] [1783000000.100290790] [self_driving]: [LANE_LOST] raw_lane_x=-1 lane_x=-1 filter=lost stop=False state=LINE_FOLLOW safe_linear=0.02 right_ready=False right_done=False[0m
[self_driving-10] [0m[INFO] [1783000000.559177067] [self_driving]: [DEBUG_DRIVE] state=LINE_FOLLOW raw_lane_x=-1 lane_x=-1 filter=lost linear=0.32 angular=0.00 cw_y=0 right_done=False start_turn=False count_turn=0 traffic=None stop=False[0m
[self_driving-10] [33m[WARN] [1783000000.630348326] [self_driving]: [LANE_LOST] raw_lane_x=-1 lane_x=-1 filter=lost stop=False state=LINE_FOLLOW safe_linear=0.02 right_ready=False right_done=False[0m
[self_driving-10] [0m[INFO] [1783000000.962523752] [self_driving]: [OBJECTS] msg_count=1 n=1 names=['crosswalk'][0m
[self_driving-10] [0m[INFO] [1783000001.103896882] [self_driving]: [DEBUG_DRIVE] state=LINE_FOLLOW raw_lane_x=-1 lane_x=-1 filter=lost linear=0.32 angular=0.00 cw_y=0 right_done=False start_turn=False count_turn=0 traffic=None stop=False[0m
[self_driving-10] [33m[WARN] [1783000001.159385307] [self_driving]: [LANE_LOST] raw_lane_x=-1 lane_x=-1 filter=lost stop=False state=LINE_FOLLOW safe_linear=0.02 right_ready=False right_done=False[0m
[self_driving-10] [0m[INFO] [1783000001.644042955] [self_driving]: [DEBUG_DRIVE] state=LINE_FOLLOW raw_lane_x=-1 lane_x=-1 filter=lost linear=0.32 angular=0.00 cw_y=0 right_done=False start_turn=False count_turn=0 traffic=None stop=False[0m
[self_driving-10] [0m[INFO] [1783000001.692052955] [self_driving]: [IMAGE] received count=118 shape=(480, 640, 3) queue=0[0m
[self_driving-10] [33m[WARN] [1783000001.699733992] [self_driving]: [LANE_LOST] raw_lane_x=-1 lane_x=-1 filter=lost stop=False state=LINE_FOLLOW safe_linear=0.02 right_ready=False right_done=False[0m
[self_driving-10] [0m[INFO] [1783000002.176823103] [self_driving]: [DEBUG_DRIVE] state=LINE_FOLLOW raw_lane_x=-1 lane_x=-1 filter=lost linear=0.32 angular=0.00 cw_y=0 right_done=False start_turn=False count_turn=0 traffic=None stop=False[0m
[self_driving-10] [33m[WARN] [1783000002.226071159] [self_driving]: [LANE_LOST] raw_lane_x=-1 lane_x=-1 filter=lost stop=False state=LINE_FOLLOW safe_linear=0.02 right_ready=False right_done=False[0m
[self_driving-10] [0m[INFO] [1783000002.703078566] [self_driving]: [DEBUG_DRIVE] state=LINE_FOLLOW raw_lane_x=-1 lane_x=-1 filter=lost linear=0.32 angular=0.00 cw_y=0 right_done=False start_turn=False count_turn=0 traffic=None stop=False[0m
[self_driving-10] [33m[WARN] [1783000002.767170158] [self_driving]: [LANE_LOST] raw_lane_x=-1 lane_x=-1 filter=lost stop=False state=LINE_FOLLOW safe_linear=0.02 right_ready=False right_done=False[0m
[self_driving-10] [0m[INFO] [1783000003.238422121] [self_driving]: [DEBUG_DRIVE] state=LINE_FOLLOW raw_lane_x=20.0 lane_x=20.0 filter=stable linear=0.32 angular=0.10 cw_y=0 right_done=False start_turn=False count_turn=0 traffic=None stop=False[0m
[self_driving-10] [0m[INFO] [1783000003.716105158] [self_driving]: [IMAGE] received count=148 shape=(480, 640, 3) queue=0[0m
[self_driving-10] [0m[INFO] [1783000003.779975010] [self_driving]: [DEBUG_DRIVE] state=LINE_FOLLOW raw_lane_x=10.0 lane_x=10.0 filter=stable linear=0.32 angular=0.10 cw_y=0 right_done=False start_turn=False count_turn=0 traffic=None stop=False[0m
[self_driving-10] [0m[INFO] [1783000003.902772102] [self_driving]: [OBJECTS] msg_count=2 n=1 names=['crosswalk'][0m
[self_driving-10] [0m[INFO] [1783000003.904547065] [self_driving]: [CW_CANDIDATE] name=crosswalkcx=324 cy=239 area=5338 score=0.83 [0m
[self_driving-10] [0m[INFO] [1783000003.915558473] [self_driving]: [CW_CANDIDATE] name=crosswalkcx=309 cy=197 area=1458 score=0.77 [0m
[self_driving-10] [0m[INFO] [1783000003.984647639] [self_driving]: [CROSSWALK_SLOW] y=197 th=180 confirm=2[0m
[self_driving-10] [0m[INFO] [1783000003.989856565] [self_driving]: [CW_STAGE 2] 정지선 앞 완전 정지! elapsed=0.00s[0m
[self_driving-10] [0m[INFO] [1783000004.063991213] [self_driving]: [CW_STAGE 2] 정지선 앞 완전 정지! elapsed=0.08s[0m
[self_driving-10] [0m[INFO] [1783000004.112222991] [self_driving]: [CW_STAGE 2] 정지선 앞 완전 정지! elapsed=0.13s[0m
[self_driving-10] [0m[INFO] [1783000004.191488583] [self_driving]: [CW_STAGE 2] 정지선 앞 완전 정지! elapsed=0.21s[0m
[self_driving-10] [0m[INFO] [1783000004.245922269] [self_driving]: [CW_STAGE 2] 정지선 앞 완전 정지! elapsed=0.26s[0m
[self_driving-10] [0m[INFO] [1783000004.259600287] [self_driving]: [CW_CANDIDATE] name=crosswalkcx=247 cy=248 area=5616 score=0.78 [0m
[self_driving-10] [0m[INFO] [1783000004.261694620] [self_driving]: [CW_CANDIDATE] name=crosswalkcx=239 cy=200 area=1566 score=0.76 [0m
[self_driving-10] [0m[INFO] [1783000004.336627824] [self_driving]: [CW_STAGE 2] 정지선 앞 완전 정지! elapsed=0.35s[0m
[self_driving-10] [0m[INFO] [1783000004.386927380] [self_driving]: [CW_STAGE 2] 정지선 앞 완전 정지! elapsed=0.40s[0m
[self_driving-10] [0m[INFO] [1783000004.465172639] [self_driving]: [CW_STAGE 2] 정지선 앞 완전 정지! elapsed=0.48s[0m
[self_driving-10] [0m[INFO] [1783000004.521560009] [self_driving]: [CW_STAGE 2] 정지선 앞 완전 정지! elapsed=0.54s[0m
[self_driving-10] [0m[INFO] [1783000004.585493824] [self_driving]: [CW_STAGE 2] 정지선 앞 완전 정지! elapsed=0.60s[0m
[self_driving-10] [0m[INFO] [1783000004.631722898] [self_driving]: [OBJECTS] msg_count=6 n=1 names=['crosswalk'][0m
[self_driving-10] [0m[INFO] [1783000004.632453713] [self_driving]: [CW_CANDIDATE] name=crosswalkcx=234 cy=267 area=9051 score=0.78 [0m
[self_driving-10] [0m[INFO] [1783000004.637191713] [self_driving]: [CW_CANDIDATE] name=crosswalkcx=234 cy=204 area=1719 score=0.76 [0m
[self_driving-10] [0m[INFO] [1783000004.669283583] [self_driving]: [CW_STAGE 2] 정지선 앞 완전 정지! elapsed=0.68s[0m
[self_driving-10] [0m[INFO] [1783000004.721212157] [self_driving]: [CW_STAGE 2] 정지선 앞 완전 정지! elapsed=0.73s[0m
[self_driving-10] [0m[INFO] [1783000004.782764861] [self_driving]: [CW_STAGE 2] 정지선 앞 완전 정지! elapsed=0.80s[0m
[self_driving-10] [0m[INFO] [1783000004.862753509] [self_driving]: [CW_STAGE 2] 정지선 앞 완전 정지! elapsed=0.88s[0m
[self_driving-10] [0m[INFO] [1783000004.927489972] [self_driving]: [CW_STAGE 2] 정지선 앞 완전 정지! elapsed=0.94s[0m
[self_driving-10] [0m[INFO] [1783000004.977950064] [self_driving]: [CW_CANDIDATE] name=crosswalkcx=256 cy=301 area=20040 score=0.86 [0m
[self_driving-10] [0m[INFO] [1783000004.981175694] [self_driving]: [CW_CANDIDATE] name=crosswalkcx=247 cy=213 area=2170 score=0.82 [0m
[self_driving-10] [0m[INFO] [1783000005.005659916] [self_driving]: [CW_STAGE 2] 정지선 앞 완전 정지! elapsed=1.02s[0m
[self_driving-10] [0m[INFO] [1783000005.063228768] [self_driving]: [CW_STAGE 2] 정지선 앞 완전 정지! elapsed=1.08s[0m
[self_driving-10] [0m[INFO] [1783000005.141453601] [self_driving]: [CW_STAGE 2] 정지선 앞 완전 정지! elapsed=1.16s[0m
[self_driving-10] [0m[INFO] [1783000005.195060250] [self_driving]: [CW_STAGE 2] 정지선 앞 완전 정지! elapsed=1.21s[0m
[self_driving-10] [0m[INFO] [1783000005.272651249] [self_driving]: [CW_STAGE 2] 정지선 앞 완전 정지! elapsed=1.29s[0m
[self_driving-10] [0m[INFO] [1783000005.320893194] [self_driving]: [OBJECTS] msg_count=10 n=1 names=['crosswalk'][0m
[self_driving-10] [0m[INFO] [1783000005.323737657] [self_driving]: [CW_CANDIDATE] name=crosswalkcx=288 cy=323 area=30581 score=0.85 [0m
[self_driving-10] [0m[INFO] [1783000005.350457749] [self_driving]: [CW_CANDIDATE] name=crosswalkcx=254 cy=215 area=2330 score=0.79 [0m
[self_driving-10] [0m[INFO] [1783000005.366642212] [self_driving]: [CW_STAGE 2] 정지선 앞 완전 정지! elapsed=1.37s[0m
[self_driving-10] [0m[INFO] [1783000005.398330564] [self_driving]: [CW_STAGE 3] 미션 완료 -> 정상 속도 회복 및 6초 락 가동[0m
[self_driving-10] [0m[INFO] [1783000005.399877194] [self_driving]: [DEBUG_DRIVE] state=LINE_FOLLOW raw_lane_x=12.0 lane_x=12.0 filter=stable linear=0.32 angular=0.10 cw_y=215 right_done=False start_turn=False count_turn=0 traffic=None stop=False[0m
[self_driving-10] [0m[INFO] [1783000005.662423583] [self_driving]: [CW_CANDIDATE] name=crosswalkcx=290 cy=323 area=32536 score=0.86 [0m
[self_driving-10] [0m[INFO] [1783000005.664968694] [self_driving]: [CW_CANDIDATE] name=crosswalkcx=254 cy=215 area=2350 score=0.79 [0m
[self_driving-10] [0m[INFO] [1783000005.736863323] [self_driving]: [IMAGE] received count=178 shape=(480, 640, 3) queue=0[0m
[self_driving-10] [0m[INFO] [1783000005.944647601] [self_driving]: [DEBUG_DRIVE] state=LINE_FOLLOW raw_lane_x=22.5 lane_x=22.5 filter=stable linear=0.32 angular=0.10 cw_y=215 right_done=False start_turn=False count_turn=0 traffic=None stop=False[0m
[self_driving-10] [0m[INFO] [1783000005.982533008] [self_driving]: [OBJECTS] msg_count=14 n=1 names=['crosswalk'][0m
[self_driving-10] [0m[INFO] [1783000005.983187897] [self_driving]: [CW_CANDIDATE] name=crosswalkcx=291 cy=323 area=33174 score=0.86 [0m
[self_driving-10] [0m[INFO] [1783000006.008950786] [self_driving]: [CW_CANDIDATE] name=crosswalkcx=254 cy=215 area=2340 score=0.78 [0m
[self_driving-10] [0m[INFO] [1783000006.312270582] [self_driving]: [CW_CANDIDATE] name=crosswalkcx=291 cy=323 area=34338 score=0.87 [0m
[self_driving-10] [0m[INFO] [1783000006.320105230] [self_driving]: [CW_CANDIDATE] name=crosswalkcx=254 cy=215 area=2350 score=0.78 [0m
[self_driving-10] [0m[INFO] [1783000006.463949730] [self_driving]: [DEBUG_DRIVE] state=LINE_FOLLOW raw_lane_x=35.5 lane_x=35.5 filter=stable linear=0.32 angular=0.10 cw_y=215 right_done=False start_turn=False count_turn=0 traffic=None stop=False[0m
[self_driving-10] [0m[INFO] [1783000006.686083100] [self_driving]: [OBJECTS] msg_count=18 n=1 names=['crosswalk'][0m
[self_driving-10] [0m[INFO] [1783000006.687108304] [self_driving]: [CW_CANDIDATE] name=crosswalkcx=313 cy=345 area=41316 score=0.89 [0m
[self_driving-10] [0m[INFO] [1783000006.690427934] [self_driving]: [CW_CANDIDATE] name=crosswalkcx=262 cy=218 area=2651 score=0.80 [0m
[self_driving-10] [0m[INFO] [1783000007.013744878] [self_driving]: [DEBUG_DRIVE] state=LINE_FOLLOW raw_lane_x=78.0 lane_x=78.0 filter=stable linear=0.32 angular=0.10 cw_y=218 right_done=False start_turn=False count_turn=0 traffic=None stop=False[0m
[self_driving-10] [0m[INFO] [1783000007.030506674] [self_driving]: [CW_CANDIDATE] name=crosswalkcx=320 cy=427 area=67200 score=0.87 [0m
[self_driving-10] [0m[INFO] [1783000007.036719193] [self_driving]: [CW_CANDIDATE] name=crosswalkcx=284 cy=224 area=4170 score=0.83 [0m
[self_driving-10] [0m[INFO] [1783000007.373775285] [self_driving]: [OBJECTS] msg_count=22 n=1 names=['crosswalk'][0m
[self_driving-10] [0m[INFO] [1783000007.376292748] [self_driving]: [CW_CANDIDATE] name=crosswalkcx=302 cy=235 area=5024 score=0.83 [0m
[self_driving-10] [0m[INFO] [1783000007.549659618] [self_driving]: [DEBUG_DRIVE] state=LINE_FOLLOW raw_lane_x=164.5 lane_x=164.5 filter=stable linear=0.32 angular=-0.10 cw_y=235 right_done=False start_turn=False count_turn=0 traffic=None stop=False[0m
[self_driving-10] [0m[INFO] [1783000007.698992137] [self_driving]: [CW_CANDIDATE] name=crosswalkcx=325 cy=252 area=10036 score=0.87 [0m
[self_driving-10] [0m[INFO] [1783000007.758667933] [self_driving]: [IMAGE] received count=208 shape=(480, 640, 3) queue=0[0m
[self_driving-10] [0m[INFO] [1783000008.028624303] [self_driving]: [OBJECTS] msg_count=24 n=1 names=['crosswalk'][0m
[self_driving-10] [0m[INFO] [1783000008.030155322] [self_driving]: [CW_CANDIDATE] name=crosswalkcx=353 cy=283 area=18642 score=0.91 [0m
[self_driving-10] [0m[INFO] [1783000008.097227118] [self_driving]: [DEBUG_DRIVE] state=LINE_FOLLOW raw_lane_x=99.0 lane_x=99.0 filter=stable linear=0.32 angular=0.10 cw_y=283 right_done=False start_turn=False count_turn=0 traffic=None stop=False[0m
[self_driving-10] [0m[INFO] [1783000008.381681044] [self_driving]: [CW_CANDIDATE] name=crosswalkcx=346 cy=336 area=38220 score=0.90 [0m
[self_driving-10] [0m[INFO] [1783000008.624955192] [self_driving]: [DEBUG_DRIVE] state=LINE_FOLLOW raw_lane_x=151.0 lane_x=151.0 filter=stable linear=0.32 angular=-0.10 cw_y=336 right_done=False start_turn=False count_turn=0 traffic=None stop=False[0m
[self_driving-10] [0m[INFO] [1783000008.735790081] [self_driving]: [OBJECTS] msg_count=26 n=1 names=['crosswalk'][0m
[self_driving-10] [0m[INFO] [1783000008.736283099] [self_driving]: [CW_CANDIDATE] name=crosswalkcx=320 cy=412 area=81920 score=0.83 [0m
[self_driving-10] [0m[INFO] [1783000009.063606321] [self_driving]: [CW_CANDIDATE] name=crosswalkcx=316 cy=466 area=16432 score=0.74 [0m
[self_driving-10] [0m[INFO] [1783000009.158792895] [self_driving]: [DEBUG_DRIVE] state=LINE_FOLLOW raw_lane_x=140.5 lane_x=140.5 filter=stable linear=0.32 angular=-0.10 cw_y=466 right_done=False start_turn=False count_turn=0 traffic=None stop=False[0m
[self_driving-10] [0m[INFO] [1783000009.698369728] [self_driving]: [DEBUG_DRIVE] state=LINE_FOLLOW raw_lane_x=156.0 lane_x=156.0 filter=stable linear=0.32 angular=-0.10 cw_y=466 right_done=False start_turn=False count_turn=0 traffic=None stop=False[0m
[self_driving-10] [0m[INFO] [1783000009.767507988] [self_driving]: [IMAGE] received count=238 shape=(480, 640, 3) queue=0[0m
[self_driving-10] [0m[INFO] [1783000010.229617784] [self_driving]: [DEBUG_DRIVE] state=LINE_FOLLOW raw_lane_x=269.5 lane_x=269.5 filter=stable linear=0.32 angular=-0.70 cw_y=466 right_done=False start_turn=False count_turn=3 traffic=None stop=False[0m
[self_driving-10] [33m[WARN] [1783000010.491940783] [self_driving]: [LANE_X_JUMP_REJECT] raw=159.0 last=264.0 diff=105.0 candidate=159.0 cnt=1/4[0m
[self_driving-10] [0m[INFO] [1783000010.706456783] [self_driving]: [LANE_X_JUMP_ACCEPT] raw=159.5 last=159.5 cnt=4/4[0m
[self_driving-10] [0m[INFO] [1783000010.778394487] [self_driving]: [DEBUG_DRIVE] state=LINE_FOLLOW raw_lane_x=167.5 lane_x=167.5 filter=stable linear=0.32 angular=0.00 cw_y=466 right_done=False start_turn=True count_turn=0 traffic=None stop=False[0m
[self_driving-10] [33m[WARN] [1783000011.056308320] [self_driving]: [LANE_X_JUMP_REJECT] raw=187.0 last=283.0 diff=96.0 candidate=159.5 cnt=2/4[0m
[self_driving-10] [0m[INFO] [1783000011.313666264] [self_driving]: [DEBUG_DRIVE] state=LINE_FOLLOW raw_lane_x=-1 lane_x=297.5 filter=hold_last linear=0.32 angular=-0.70 cw_y=466 right_done=False start_turn=True count_turn=8 traffic=None stop=False[0m
[self_driving-10] [33m[WARN] [1783000011.647535338] [self_driving]: [LANE_LOST] raw_lane_x=-1 lane_x=-1 filter=lost stop=False state=LINE_FOLLOW safe_linear=0.02 right_ready=False right_done=False[0m
[self_driving-10] [0m[INFO] [1783000011.769580894] [self_driving]: [IMAGE] received count=268 shape=(480, 640, 3) queue=0[0m
[self_driving-10] [0m[INFO] [1783000011.853502264] [self_driving]: [DEBUG_DRIVE] state=LINE_FOLLOW raw_lane_x=-1 lane_x=-1 filter=lost linear=0.32 angular=0.00 cw_y=466 right_done=False start_turn=True count_turn=12 traffic=None stop=False[0m
[self_driving-10] [33m[WARN] [1783000012.175739690] [self_driving]: [LANE_LOST] raw_lane_x=-1 lane_x=-1 filter=lost stop=False state=LINE_FOLLOW safe_linear=0.02 right_ready=False right_done=False[0m
[self_driving-10] [0m[INFO] [1783000012.408281060] [self_driving]: [DEBUG_DRIVE] state=LINE_FOLLOW raw_lane_x=307.5 lane_x=307.5 filter=stable linear=0.32 angular=-0.70 cw_y=466 right_done=False start_turn=True count_turn=13 traffic=None stop=False[0m
[self_driving-10] [0m[INFO] [1783000012.926638430] [self_driving]: [DEBUG_DRIVE] state=LINE_FOLLOW raw_lane_x=237.5 lane_x=237.5 filter=stable linear=0.32 angular=-0.70 cw_y=466 right_done=False start_turn=True count_turn=21 traffic=None stop=False[0m
[self_driving-10] [0m[INFO] [1783000012.992665430] [self_driving]: [CROSSWALK_SLOW] y=466 th=180 confirm=2[0m
[self_driving-10] [0m[INFO] [1783000012.995561875] [self_driving]: [CW_STAGE 2] 정지선 앞 완전 정지! elapsed=0.00s[0m
[self_driving-10] [0m[INFO] [1783000013.030781115] [self_driving]: [OBJECTS] msg_count=28 n=1 names=['go'][0m
[self_driving-10] [0m[INFO] [1783000013.067550763] [self_driving]: [CW_STAGE 2] 정지선 앞 완전 정지! elapsed=0.07s[0m
[self_driving-10] [0m[INFO] [1783000013.134114634] [self_driving]: [CW_STAGE 2] 정지선 앞 완전 정지! elapsed=0.14s[0m
[self_driving-10] [0m[INFO] [1783000013.206814745] [self_driving]: [CW_STAGE 2] 정지선 앞 완전 정지! elapsed=0.21s[0m
[self_driving-10] [0m[INFO] [1783000013.261488171] [self_driving]: [CW_STAGE 2] 정지선 앞 완전 정지! elapsed=0.27s[0m
[self_driving-10] [0m[INFO] [1783000013.326234226] [self_driving]: [CW_STAGE 2] 정지선 앞 완전 정지! elapsed=0.33s[0m
[self_driving-10] [0m[INFO] [1783000013.386959319] [self_driving]: [CW_STAGE 2] 정지선 앞 완전 정지! elapsed=0.39s[0m
[self_driving-10] [0m[INFO] [1783000013.391770356] [self_driving]: [CW_CANDIDATE] name=crosswalkcx=606 cy=280 area=2992 score=0.77 [0m
[self_driving-10] [0m[INFO] [1783000013.395275374] [self_driving]: [CW_CANDIDATE] name=crosswalkcx=613 cy=212 area=636 score=0.73 [0m
[self_driving-10] [0m[INFO] [1783000013.454931004] [self_driving]: [CW_STAGE 2] 정지선 앞 완전 정지! elapsed=0.46s[0m
[self_driving-10] [0m[INFO] [1783000013.524389485] [self_driving]: [CW_STAGE 2] 정지선 앞 완전 정지! elapsed=0.53s[0m
[self_driving-10] [0m[INFO] [1783000013.597293022] [self_driving]: [CW_STAGE 2] 정지선 앞 완전 정지! elapsed=0.60s[0m
[self_driving-10] [0m[INFO] [1783000013.660868448] [self_driving]: [CW_STAGE 2] 정지선 앞 완전 정지! elapsed=0.67s[0m
[self_driving-10] [0m[INFO] [1783000013.721925022] [self_driving]: [CW_STAGE 2] 정지선 앞 완전 정지! elapsed=0.73s[0m
[self_driving-10] [0m[INFO] [1783000013.728073263] [self_driving]: [OBJECTS] msg_count=32 n=1 names=['crosswalk'][0m
[self_driving-10] [0m[INFO] [1783000013.732691393] [self_driving]: [CW_CANDIDATE] name=crosswalkcx=501 cy=212 area=2808 score=0.70 [0m
[self_driving-10] [0m[INFO] [1783000013.800971059] [self_driving]: [IMAGE] received count=298 shape=(480, 640, 3) queue=0[0m
[self_driving-10] [0m[INFO] [1783000013.810232596] [self_driving]: [CW_STAGE 2] 정지선 앞 완전 정지! elapsed=0.82s[0m
[self_driving-10] [0m[INFO] [1783000013.860647893] [self_driving]: [CW_STAGE 2] 정지선 앞 완전 정지! elapsed=0.87s[0m
[self_driving-10] [0m[INFO] [1783000013.929283096] [self_driving]: [CW_STAGE 2] 정지선 앞 완전 정지! elapsed=0.94s[0m
[self_driving-10] [0m[INFO] [1783000014.001214004] [self_driving]: [CW_STAGE 2] 정지선 앞 완전 정지! elapsed=1.01s[0m
[self_driving-10] [0m[INFO] [1783000014.053889670] [self_driving]: [CW_STAGE 2] 정지선 앞 완전 정지! elapsed=1.06s[0m
[self_driving-10] [0m[INFO] [1783000014.066691503] [self_driving]: [CW_CANDIDATE] name=crosswalkcx=351 cy=215 area=2912 score=0.83 [0m
[self_driving-10] [0m[INFO] [1783000014.068744578] [self_driving]: [CW_CANDIDATE] name=crosswalkcx=415 cy=318 area=20654 score=0.82 [0m
[self_driving-10] [0m[INFO] [1783000014.138825059] [self_driving]: [CW_STAGE 2] 정지선 앞 완전 정지! elapsed=1.15s[0m
[self_driving-10] [0m[INFO] [1783000014.213642318] [self_driving]: [CW_STAGE 2] 정지선 앞 완전 정지! elapsed=1.22s[0m
[self_driving-10] [0m[INFO] [1783000014.271250985] [self_driving]: [CW_STAGE 2] 정지선 앞 완전 정지! elapsed=1.28s[0m
[self_driving-10] [0m[INFO] [1783000014.338520929] [self_driving]: [CW_STAGE 2] 정지선 앞 완전 정지! elapsed=1.35s[0m
[self_driving-10] [0m[INFO] [1783000014.390504948] [self_driving]: [CW_STAGE 2] 정지선 앞 완전 정지! elapsed=1.40s[0m
[self_driving-10] [0m[INFO] [1783000014.407298763] [self_driving]: [OBJECTS] msg_count=36 n=1 names=['go'][0m
[self_driving-10] [0m[INFO] [1783000014.409145911] [self_driving]: [CW_CANDIDATE] name=crosswalkcx=407 cy=326 area=25630 score=0.88 [0m
[self_driving-10] [0m[INFO] [1783000014.411695781] [self_driving]: [CW_CANDIDATE] name=crosswalkcx=339 cy=217 area=3003 score=0.83 [0m
[self_driving-10] [0m[INFO] [1783000014.415116281] [self_driving]: [CW_CANDIDATE] name=crosswalkcx=163 cy=429 area=966 score=0.52 [0m
[self_driving-10] [0m[INFO] [1783000014.482907966] [self_driving]: [CW_STAGE 3] 미션 완료 -> 정상 속도 회복 및 6초 락 가동[0m
[self_driving-10] [0m[INFO] [1783000014.483700225] [self_driving]: [DEBUG_DRIVE] state=LINE_FOLLOW raw_lane_x=121.5 lane_x=121.5 filter=stable linear=0.32 angular=0.10 cw_y=429 right_done=False start_turn=False count_turn=0 traffic=None stop=False[0m
[self_driving-10] [0m[INFO] [1783000014.758255114] [self_driving]: [CW_CANDIDATE] name=crosswalkcx=339 cy=217 area=3003 score=0.83 [0m
[self_driving-10] [0m[INFO] [1783000014.761138651] [self_driving]: [CW_CANDIDATE] name=crosswalkcx=161 cy=430 area=1112 score=0.45 [0m
[self_driving-10] [0m[INFO] [1783000015.006256262] [self_driving]: [DEBUG_DRIVE] state=LINE_FOLLOW raw_lane_x=129.0 lane_x=129.0 filter=stable linear=0.32 angular=0.10 cw_y=430 right_done=False start_turn=False count_turn=0 traffic=None stop=False[0m
[self_driving-10] [0m[INFO] [1783000015.114953984] [self_driving]: [OBJECTS] msg_count=43 n=1 names=['go'][0m
[self_driving-10] [0m[INFO] [1783000015.118212781] [self_driving]: [CW_CANDIDATE] name=crosswalkcx=340 cy=218 area=3248 score=0.82 [0m
[self_driving-10] [0m[INFO] [1783000015.125053503] [self_driving]: [CW_CANDIDATE] name=crosswalkcx=161 cy=430 area=1104 score=0.51 [0m
[self_driving-10] [0m[INFO] [1783000015.449763077] [self_driving]: [CW_CANDIDATE] name=crosswalkcx=406 cy=326 area=25685 score=0.88 [0m
[self_driving-10] [0m[INFO] [1783000015.451766929] [self_driving]: [CW_CANDIDATE] name=crosswalkcx=340 cy=217 area=3016 score=0.82 [0m
[self_driving-10] [0m[INFO] [1783000015.464310762] [self_driving]: [CW_CANDIDATE] name=crosswalkcx=162 cy=430 area=1088 score=0.59 [0m
[self_driving-10] [0m[INFO] [1783000015.545488151] [self_driving]: [DEBUG_DRIVE] state=LINE_FOLLOW raw_lane_x=122.0 lane_x=122.0 filter=stable linear=0.32 angular=0.10 cw_y=430 right_done=False start_turn=False count_turn=0 traffic=None stop=False[0m
[self_driving-10] [0m[INFO] [1783000015.779534873] [self_driving]: [OBJECTS] msg_count=50 n=1 names=['crosswalk'][0m
[self_driving-10] [0m[INFO] [1783000015.780046965] [self_driving]: [CW_CANDIDATE] name=crosswalkcx=403 cy=350 area=31691 score=0.90 [0m
[self_driving-10] [0m[INFO] [1783000015.782355836] [self_driving]: [CW_CANDIDATE] name=crosswalkcx=351 cy=220 area=3068 score=0.83 [0m
[self_driving-10] [0m[INFO] [1783000015.818317854] [self_driving]: [IMAGE] received count=328 shape=(480, 640, 3) queue=0[0m
[self_driving-10] [0m[INFO] [1783000016.087840280] [self_driving]: [DEBUG_DRIVE] state=LINE_FOLLOW raw_lane_x=125.5 lane_x=125.5 filter=stable linear=0.32 angular=0.10 cw_y=220 right_done=False start_turn=False count_turn=0 traffic=None stop=False[0m
[self_driving-10] [0m[INFO] [1783000016.111122076] [self_driving]: [CW_CANDIDATE] name=crosswalkcx=353 cy=436 area=50512 score=0.93 [0m
[self_driving-10] [0m[INFO] [1783000016.115785039] [self_driving]: [CW_CANDIDATE] name=crosswalkcx=349 cy=230 area=4035 score=0.84 [0m
[self_driving-10] [0m[INFO] [1783000016.450476539] [self_driving]: [OBJECTS] msg_count=55 n=1 names=['crosswalk'][0m
[self_driving-10] [0m[INFO] [1783000016.451493335] [self_driving]: [CW_CANDIDATE] name=crosswalkcx=372 cy=243 area=6180 score=0.87 [0m
[self_driving-10] [0m[INFO] [1783000016.610826076] [self_driving]: [DEBUG_DRIVE] state=LINE_FOLLOW raw_lane_x=124.5 lane_x=124.5 filter=stable linear=0.32 angular=0.10 cw_y=0 right_done=False start_turn=False count_turn=0 traffic=None stop=False[0m
[self_driving-10] [0m[INFO] [1783000016.788146502] [self_driving]: [CW_CANDIDATE] name=crosswalkcx=401 cy=258 area=11020 score=0.90 [0m
[self_driving-10] [0m[INFO] [1783000017.150426428] [self_driving]: [OBJECTS] msg_count=58 n=1 names=['crosswalk'][0m
[self_driving-10] [0m[INFO] [1783000017.152179742] [self_driving]: [CW_CANDIDATE] name=crosswalkcx=408 cy=284 area=18696 score=0.92 [0m
[self_driving-10] [0m[INFO] [1783000017.185341520] [self_driving]: [DEBUG_DRIVE] state=LINE_FOLLOW raw_lane_x=130.0 lane_x=130.0 filter=stable linear=0.32 angular=-0.10 cw_y=284 right_done=False start_turn=False count_turn=0 traffic=None stop=False[0m
[self_driving-10] [0m[INFO] [1783000017.478566316] [self_driving]: [CW_CANDIDATE] name=crosswalkcx=377 cy=337 area=38398 score=0.93 [0m
[self_driving-10] [0m[INFO] [1783000017.692977594] [self_driving]: [DEBUG_DRIVE] state=LINE_FOLLOW raw_lane_x=120.5 lane_x=120.5 filter=stable linear=0.32 angular=0.10 cw_y=337 right_done=False start_turn=False count_turn=0 traffic=None stop=False[0m
[self_driving-10] [0m[INFO] [1783000017.814672186] [self_driving]: [OBJECTS] msg_count=60 n=1 names=['crosswalk'][0m
[self_driving-10] [0m[INFO] [1783000017.815130964] [self_driving]: [CW_CANDIDATE] name=crosswalkcx=324 cy=420 area=74494 score=0.90 [0m
[self_driving-10] [0m[INFO] [1783000017.827870409] [self_driving]: [IMAGE] received count=358 shape=(480, 640, 3) queue=0[0m
[self_driving-10] [0m[INFO] [1783000018.238343316] [self_driving]: [DEBUG_DRIVE] state=LINE_FOLLOW raw_lane_x=132.0 lane_x=132.0 filter=stable linear=0.32 angular=0.10 cw_y=420 right_done=False start_turn=False count_turn=0 traffic=None stop=False[0m
[self_driving-10] [0m[INFO] [1783000018.466888408] [self_driving]: [OBJECTS] msg_count=61 n=1 names=['crosswalk'][0m
[self_driving-10] [0m[INFO] [1783000018.469093705] [self_driving]: [CW_CANDIDATE] name=crosswalkcx=319 cy=402 area=1206 score=0.49 [0m
[self_driving-10] [0m[INFO] [1783000018.777266797] [self_driving]: [DEBUG_DRIVE] state=LINE_FOLLOW raw_lane_x=135.5 lane_x=135.5 filter=stable linear=0.32 angular=-0.10 cw_y=402 right_done=False start_turn=False count_turn=0 traffic=None stop=False[0m
[self_driving-10] [0m[INFO] [1783000019.310665649] [self_driving]: [DEBUG_DRIVE] state=LINE_FOLLOW raw_lane_x=148.5 lane_x=148.5 filter=stable linear=0.32 angular=-0.10 cw_y=402 right_done=False start_turn=False count_turn=0 traffic=None stop=False[0m
[self_driving-10] [0m[INFO] [1783000019.505622500] [self_driving]: [OBJECTS] msg_count=62 n=1 names=['crosswalk'][0m
[self_driving-10] [0m[INFO] [1783000019.844692815] [self_driving]: [IMAGE] received count=388 shape=(480, 640, 3) queue=0[0m
[self_driving-10] [0m[INFO] [1783000019.860345444] [self_driving]: [DEBUG_DRIVE] state=LINE_FOLLOW raw_lane_x=228.5 lane_x=228.5 filter=stable linear=0.32 angular=-0.70 cw_y=0 right_done=False start_turn=False count_turn=2 traffic=None stop=False[0m
[self_driving-10] [33m[WARN] [1783000020.111645574] [self_driving]: [LANE_X_JUMP_REJECT] raw=49.0 last=252.5 diff=203.5 candidate=49.0 cnt=1/4[0m
[self_driving-10] [0m[INFO] [1783000020.390302018] [self_driving]: [DEBUG_DRIVE] state=LINE_FOLLOW raw_lane_x=159.5 lane_x=252.5 filter=jump_reject linear=0.32 angular=-0.70 cw_y=0 right_done=False start_turn=True count_turn=4 traffic=None stop=False[0m
[self_driving-10] [33m[WARN] [1783000020.776006944] [self_driving]: [LANE_X_JUMP_REJECT] raw=171.0 last=302.0 diff=131.0 candidate=171.0 cnt=1/4[0m
[self_driving-10] [0m[INFO] [1783000020.929994944] [self_driving]: [DEBUG_DRIVE] state=LINE_FOLLOW raw_lane_x=225.5 lane_x=225.5 filter=stable linear=0.32 angular=-0.70 cw_y=0 right_done=False start_turn=True count_turn=6 traffic=None stop=False[0m
[self_driving-10] [0m[INFO] [1783000021.454052406] [self_driving]: [DEBUG_DRIVE] state=LINE_FOLLOW raw_lane_x=294.5 lane_x=294.5 filter=stable linear=0.32 angular=-0.70 cw_y=0 right_done=False start_turn=True count_turn=14 traffic=None stop=False[0m
[self_driving-10] [0m[INFO] [1783000021.860219369] [self_driving]: [IMAGE] received count=418 shape=(480, 640, 3) queue=0[0m
[self_driving-10] [0m[INFO] [1783000021.988911591] [self_driving]: [DEBUG_DRIVE] state=LINE_FOLLOW raw_lane_x=308.0 lane_x=308.0 filter=stable linear=0.32 angular=-0.70 cw_y=0 right_done=False start_turn=True count_turn=22 traffic=None stop=False[0m
[self_driving-10] [0m[INFO] [1783000022.540662313] [self_driving]: [DEBUG_DRIVE] state=LINE_FOLLOW raw_lane_x=150.5 lane_x=150.5 filter=stable linear=0.32 angular=0.00 cw_y=0 right_done=False start_turn=True count_turn=0 traffic=None stop=False[0m
[self_driving-10] [0m[INFO] [1783000022.812717165] [self_driving]: [OBJECTS] msg_count=63 n=1 names=['crosswalk'][0m
[self_driving-10] [0m[INFO] [1783000022.814342739] [self_driving]: [CW_CANDIDATE] name=crosswalkcx=565 cy=216 area=1628 score=0.80 [0m
[self_driving-10] [0m[INFO] [1783000022.946246294] [self_driving]: [CROSSWALK_SLOW] y=216 th=180 confirm=2[0m
[self_driving-10] [0m[INFO] [1783000022.948443609] [self_driving]: [CW_STAGE 2] 정지선 앞 완전 정지! elapsed=0.00s[0m
[self_driving-10] [0m[INFO] [1783000023.010560054] [self_driving]: [CW_STAGE 2] 정지선 앞 완전 정지! elapsed=0.06s[0m
[self_driving-10] [0m[INFO] [1783000023.072537591] [self_driving]: [CW_STAGE 2] 정지선 앞 완전 정지! elapsed=0.13s[0m
[self_driving-10] [0m[INFO] [1783000023.129286091] [self_driving]: [CW_STAGE 2] 정지선 앞 완전 정지! elapsed=0.18s[0m
[self_driving-10] [0m[INFO] [1783000023.175810294] [self_driving]: [CW_CANDIDATE] name=crosswalkcx=468 cy=219 area=3332 score=0.85 [0m
[self_driving-10] [0m[INFO] [1783000023.217598442] [self_driving]: [CW_STAGE 2] 정지선 앞 완전 정지! elapsed=0.27s[0m
[self_driving-10] [0m[INFO] [1783000023.286935017] [self_driving]: [CW_STAGE 2] 정지선 앞 완전 정지! elapsed=0.34s[0m
[self_driving-10] [0m[INFO] [1783000023.341401350] [self_driving]: [CW_STAGE 2] 정지선 앞 완전 정지! elapsed=0.40s[0m
[self_driving-10] [0m[INFO] [1783000023.397616702] [self_driving]: [CW_STAGE 2] 정지선 앞 완전 정지! elapsed=0.45s[0m
[self_driving-10] [0m[INFO] [1783000023.462430702] [self_driving]: [CW_STAGE 2] 정지선 앞 완전 정지! elapsed=0.52s[0m
[self_driving-10] [0m[INFO] [1783000023.515137516] [self_driving]: [OBJECTS] msg_count=65 n=1 names=['crosswalk'][0m
[self_driving-10] [0m[INFO] [1783000023.515678479] [self_driving]: [CW_CANDIDATE] name=crosswalkcx=380 cy=226 area=4335 score=0.88 [0m
[self_driving-10] [0m[INFO] [1783000023.522965053] [self_driving]: [CW_CANDIDATE] name=crosswalkcx=343 cy=198 area=1022 score=0.75 [0m
[self_driving-10] [0m[INFO] [1783000023.553572535] [self_driving]: [CW_STAGE 2] 정지선 앞 완전 정지! elapsed=0.61s[0m
[self_driving-10] [0m[INFO] [1783000023.600173294] [self_driving]: [CW_STAGE 2] 정지선 앞 완전 정지! elapsed=0.65s[0m
[self_driving-10] [0m[INFO] [1783000023.669236016] [self_driving]: [CW_STAGE 2] 정지선 앞 완전 정지! elapsed=0.72s[0m
[self_driving-10] [0m[INFO] [1783000023.730173887] [self_driving]: [CW_STAGE 2] 정지선 앞 완전 정지! elapsed=0.78s[0m
[self_driving-10] [0m[INFO] [1783000023.812715183] [self_driving]: [CW_STAGE 2] 정지선 앞 완전 정지! elapsed=0.87s[0m
[self_driving-10] [0m[INFO] [1783000023.866312850] [self_driving]: [CW_CANDIDATE] name=crosswalkcx=347 cy=203 area=1106 score=0.83 [0m
[self_driving-10] [0m[INFO] [1783000023.867946498] [self_driving]: [CW_STAGE 2] 정지선 앞 완전 정지! elapsed=0.92s[0m
[self_driving-10] [0m[INFO] [1783000023.943856127] [self_driving]: [IMAGE] received count=449 shape=(480, 640, 3) queue=0[0m
[self_driving-10] [0m[INFO] [1783000023.958057646] [self_driving]: [CW_STAGE 2] 정지선 앞 완전 정지! elapsed=1.01s[0m
[self_driving-10] [0m[INFO] [1783000024.014760812] [self_driving]: [CW_STAGE 2] 정지선 앞 완전 정지! elapsed=1.07s[0m
[self_driving-10] [0m[INFO] [1783000024.085557257] [self_driving]: [CW_STAGE 2] 정지선 앞 완전 정지! elapsed=1.14s[0m
[self_driving-10] [0m[INFO] [1783000024.155014701] [self_driving]: [CW_STAGE 2] 정지선 앞 완전 정지! elapsed=1.21s[0m
[self_driving-10] [0m[INFO] [1783000024.215866664] [self_driving]: [OBJECTS] msg_count=70 n=1 names=['crosswalk'][0m
[self_driving-10] [0m[INFO] [1783000024.216866257] [self_driving]: [CW_CANDIDATE] name=crosswalkcx=400 cy=250 area=7889 score=0.87 [0m
[self_driving-10] [0m[INFO] [1783000024.222728609] [self_driving]: [CW_STAGE 2] 정지선 앞 완전 정지! elapsed=1.28s[0m
[self_driving-10] [0m[INFO] [1783000024.224685238] [self_driving]: [CW_CANDIDATE] name=crosswalkcx=346 cy=207 area=1352 score=0.73 [0m
[self_driving-10] [0m[INFO] [1783000024.297078720] [self_driving]: [CW_STAGE 2] 정지선 앞 완전 정지! elapsed=1.35s[0m
[self_driving-10] [0m[INFO] [1783000024.355903257] [self_driving]: [CW_STAGE 3] 미션 완료 -> 정상 속도 회복 및 6초 락 가동[0m
[self_driving-10] [0m[INFO] [1783000024.356805497] [self_driving]: [DEBUG_DRIVE] state=LINE_FOLLOW raw_lane_x=148.0 lane_x=148.0 filter=stable linear=0.32 angular=-0.10 cw_y=207 right_done=False start_turn=False count_turn=0 traffic=None stop=False[0m
[self_driving-10] [0m[INFO] [1783000024.581271886] [self_driving]: [CW_CANDIDATE] name=crosswalkcx=401 cy=250 area=7935 score=0.87 [0m
[self_driving-10] [0m[INFO] [1783000024.585847645] [self_driving]: [CW_CANDIDATE] name=crosswalkcx=346 cy=207 area=1352 score=0.71 [0m
[self_driving-10] [0m[INFO] [1783000024.889722312] [self_driving]: [DEBUG_DRIVE] state=LINE_FOLLOW raw_lane_x=120.0 lane_x=120.0 filter=stable linear=0.32 angular=0.10 cw_y=207 right_done=False start_turn=False count_turn=0 traffic=None stop=False[0m
[self_driving-10] [0m[INFO] [1783000024.930606460] [self_driving]: [OBJECTS] msg_count=75 n=1 names=['crosswalk'][0m
[self_driving-10] [0m[INFO] [1783000024.931360719] [self_driving]: [CW_CANDIDATE] name=crosswalkcx=346 cy=207 area=1183 score=0.71 [0m
[self_driving-10] [0m[INFO] [1783000025.292586145] [self_driving]: [CW_CANDIDATE] name=crosswalkcx=398 cy=251 area=7370 score=0.87 [0m
[self_driving-10] [0m[INFO] [1783000025.295887608] [self_driving]: [CW_CANDIDATE] name=crosswalkcx=346 cy=207 area=1183 score=0.70 [0m
[self_driving-10] [0m[INFO] [1783000025.418396589] [self_driving]: [DEBUG_DRIVE] state=LINE_FOLLOW raw_lane_x=121.5 lane_x=121.5 filter=stable linear=0.32 angular=0.10 cw_y=207 right_done=False start_turn=False count_turn=0 traffic=None stop=False[0m
[self_driving-10] [0m[INFO] [1783000025.627856626] [self_driving]: [OBJECTS] msg_count=79 n=1 names=['crosswalk'][0m
[self_driving-10] [0m[INFO] [1783000025.628747923] [self_driving]: [CW_CANDIDATE] name=crosswalkcx=404 cy=256 area=8736 score=0.86 [0m
[self_driving-10] [0m[INFO] [1783000025.634775052] [self_driving]: [CW_CANDIDATE] name=crosswalkcx=345 cy=208 area=1416 score=0.79 [0m
[self_driving-10] [0m[INFO] [1783000025.956103552] [self_driving]: [IMAGE] received count=479 shape=(480, 640, 3) queue=0[0m
[self_driving-10] [0m[INFO] [1783000025.964159885] [self_driving]: [DEBUG_DRIVE] state=LINE_FOLLOW raw_lane_x=119.0 lane_x=119.0 filter=stable linear=0.32 angular=0.10 cw_y=208 right_done=False start_turn=False count_turn=0 traffic=None stop=False[0m
[self_driving-10] [0m[INFO] [1783000025.965378274] [self_driving]: [CW_CANDIDATE] name=crosswalkcx=405 cy=280 area=14858 score=0.90 [0m
[self_driving-10] [0m[INFO] [1783000025.969998904] [self_driving]: [CW_CANDIDATE] name=crosswalkcx=339 cy=212 area=1746 score=0.81 [0m
[self_driving-10] [0m[INFO] [1783000026.317205848] [self_driving]: [OBJECTS] msg_count=83 n=1 names=['crosswalk'][0m
[self_driving-10] [0m[INFO] [1783000026.318857626] [self_driving]: [CW_CANDIDATE] name=crosswalkcx=390 cy=316 area=24451 score=0.89 [0m
[self_driving-10] [0m[INFO] [1783000026.325876015] [self_driving]: [CW_CANDIDATE] name=crosswalkcx=345 cy=220 area=2200 score=0.82 [0m
[self_driving-10] [0m[INFO] [1783000026.495524755] [self_driving]: [DEBUG_DRIVE] state=LINE_FOLLOW raw_lane_x=141.5 lane_x=141.5 filter=stable linear=0.32 angular=-0.10 cw_y=220 right_done=False start_turn=False count_turn=0 traffic=None stop=False[0m
[self_driving-10] [0m[INFO] [1783000026.644423570] [self_driving]: [CW_CANDIDATE] name=crosswalkcx=354 cy=231 area=3598 score=0.83 [0m
[self_driving-10] [0m[INFO] [1783000026.647960792] [self_driving]: [CW_CANDIDATE] name=crosswalkcx=338 cy=389 area=59192 score=0.79 [0m
[self_driving-10] [0m[INFO] [1783000026.654051626] [self_driving]: [TRAFFIC_CANDIDATE] name=green valid=False cx=526 cy=154 area=650 score=0.26 min_area=270[0m
[self_driving-10] [0m[INFO] [1783000026.967721255] [self_driving]: [OBJECTS] msg_count=89 n=1 names=['crosswalk'][0m
[self_driving-10] [0m[INFO] [1783000026.969401922] [self_driving]: [CW_CANDIDATE] name=crosswalkcx=369 cy=234 area=5292 score=0.88 [0m
[self_driving-10] [0m[INFO] [1783000027.041989125] [self_driving]: [DEBUG_DRIVE] state=LINE_FOLLOW raw_lane_x=157.5 lane_x=157.5 filter=stable linear=0.32 angular=-0.10 cw_y=0 right_done=False start_turn=False count_turn=0 traffic=green stop=False[0m
[self_driving-10] [0m[INFO] [1783000027.325314940] [self_driving]: [CW_CANDIDATE] name=crosswalkcx=402 cy=248 area=8700 score=0.89 [0m
[self_driving-10] [0m[INFO] [1783000027.325845014] [self_driving]: [TRAFFIC_CLEAR] no valid red/green in current object msg -> clear stale traffic[0m
[self_driving-10] [0m[INFO] [1783000027.570416495] [self_driving]: [DEBUG_DRIVE] state=LINE_FOLLOW raw_lane_x=114.5 lane_x=114.5 filter=stable linear=0.32 angular=0.10 cw_y=0 right_done=False start_turn=False count_turn=0 traffic=green stop=False[0m
[self_driving-10] [0m[INFO] [1783000027.686572458] [self_driving]: [OBJECTS] msg_count=94 n=1 names=['go'][0m
[self_driving-10] [0m[INFO] [1783000027.971581180] [self_driving]: [IMAGE] received count=509 shape=(480, 640, 3) queue=0[0m
[self_driving-10] [0m[INFO] [1783000028.039472162] [self_driving]: [CW_CANDIDATE] name=crosswalkcx=408 cy=298 area=21761 score=0.90 [0m
[self_driving-10] [0m[INFO] [1783000028.108941328] [self_driving]: [DEBUG_DRIVE] state=LINE_FOLLOW raw_lane_x=131.5 lane_x=131.5 filter=stable linear=0.32 angular=0.10 cw_y=298 right_done=False start_turn=False count_turn=0 traffic=None stop=False[0m
[self_driving-10] [0m[INFO] [1783000028.371968791] [self_driving]: [OBJECTS] msg_count=97 n=1 names=['crosswalk'][0m
[self_driving-10] [0m[INFO] [1783000028.374589662] [self_driving]: [CW_CANDIDATE] name=crosswalkcx=342 cy=360 area=53370 score=0.93 [0m
[self_driving-10] [0m[INFO] [1783000028.636564847] [self_driving]: [DEBUG_DRIVE] state=LINE_FOLLOW raw_lane_x=130.5 lane_x=130.5 filter=stable linear=0.32 angular=0.10 cw_y=0 right_done=False start_turn=False count_turn=0 traffic=None stop=False[0m
[self_driving-10] [0m[INFO] [1783000028.688186273] [self_driving]: [CW_CANDIDATE] name=crosswalkcx=320 cy=436 area=55680 score=0.91 [0m
[self_driving-10] [0m[INFO] [1783000029.191346624] [self_driving]: [DEBUG_DRIVE] state=LINE_FOLLOW raw_lane_x=141.5 lane_x=141.5 filter=stable linear=0.32 angular=-0.10 cw_y=436 right_done=False start_turn=False count_turn=0 traffic=None stop=False[0m
[self_driving-10] [0m[INFO] [1783000029.721856994] [self_driving]: [DEBUG_DRIVE] state=LINE_FOLLOW raw_lane_x=213.0 lane_x=213.0 filter=stable linear=0.32 angular=-0.10 cw_y=436 right_done=False start_turn=False count_turn=0 traffic=None stop=False[0m
[self_driving-10] [33m[WARN] [1783000029.910163624] [self_driving]: [LANE_X_JUMP_REJECT] raw=72.5 last=256.0 diff=183.5 candidate=72.5 cnt=1/4[0m
[self_driving-10] [0m[INFO] [1783000029.986362438] [self_driving]: [IMAGE] received count=539 shape=(480, 640, 3) queue=0[0m
[self_driving-10] [0m[INFO] [1783000030.255054975] [self_driving]: [DEBUG_DRIVE] state=LINE_FOLLOW raw_lane_x=194.5 lane_x=194.5 filter=stable linear=0.32 angular=0.00 cw_y=436 right_done=False start_turn=True count_turn=0 traffic=None stop=False[0m
[self_driving-10] [33m[WARN] [1783000030.461791975] [self_driving]: [LANE_X_JUMP_REJECT] raw=154.0 last=281.5 diff=127.5 candidate=154.0 cnt=1/4[0m
[self_driving-10] [0m[INFO] [1783000030.804890456] [self_driving]: [DEBUG_DRIVE] state=LINE_FOLLOW raw_lane_x=292.0 lane_x=292.0 filter=stable linear=0.32 angular=-0.70 cw_y=436 right_done=False start_turn=True count_turn=3 traffic=None stop=False[0m
[self_driving-10] [33m[WARN] [1783000031.189806456] [self_driving]: [LANE_LOST] raw_lane_x=-1 lane_x=-1 filter=lost stop=False state=LINE_FOLLOW safe_linear=0.02 right_ready=False right_done=False[0m
[self_driving-10] [0m[INFO] [1783000031.330474993] [self_driving]: [DEBUG_DRIVE] state=LINE_FOLLOW raw_lane_x=-1 lane_x=-1 filter=lost linear=0.32 angular=0.00 cw_y=436 right_done=False start_turn=True count_turn=8 traffic=None stop=False[0m
[self_driving-10] [33m[WARN] [1783000031.745973882] [self_driving]: [LANE_LOST] raw_lane_x=-1 lane_x=-1 filter=lost stop=False state=LINE_FOLLOW safe_linear=0.02 right_ready=False right_done=False[0m
[self_driving-10] [0m[INFO] [1783000031.874114400] [self_driving]: [DEBUG_DRIVE] state=LINE_FOLLOW raw_lane_x=305.0 lane_x=305.0 filter=stable linear=0.32 angular=-0.70 cw_y=436 right_done=False start_turn=True count_turn=9 traffic=None stop=False[0m
[self_driving-10] [0m[INFO] [1783000031.940672789] [self_driving]: [CROSSWALK_SLOW] y=436 th=180 confirm=2[0m
[self_driving-10] [0m[INFO] [1783000031.943293826] [self_driving]: [CW_STAGE 2] 정지선 앞 완전 정지! elapsed=0.00s[0m
[self_driving-10] [0m[INFO] [1783000032.011436030] [self_driving]: [IMAGE] received count=569 shape=(480, 640, 3) queue=0[0m
[self_driving-10] [0m[INFO] [1783000032.018862234] [self_driving]: [CW_STAGE 2] 정지선 앞 완전 정지! elapsed=0.08s[0m
[self_driving-10] [0m[INFO] [1783000032.070272659] [self_driving]: [CW_STAGE 2] 정지선 앞 완전 정지! elapsed=0.13s[0m
[self_driving-10] [0m[INFO] [1783000032.155178567] [self_driving]: [CW_STAGE 2] 정지선 앞 완전 정지! elapsed=0.21s[0m
[self_driving-10] [0m[INFO] [1783000032.199204307] [self_driving]: [CW_STAGE 2] 정지선 앞 완전 정지! elapsed=0.26s[0m
[self_driving-10] [0m[INFO] [1783000032.278433474] [self_driving]: [CW_STAGE 2] 정지선 앞 완전 정지! elapsed=0.34s[0m
[self_driving-10] [0m[INFO] [1783000032.364457178] [self_driving]: [CW_STAGE 2] 정지선 앞 완전 정지! elapsed=0.42s[0m
[self_driving-10] [0m[INFO] [1783000032.403514289] [self_driving]: [CW_STAGE 2] 정지선 앞 완전 정지! elapsed=0.46s[0m
[self_driving-10] [0m[INFO] [1783000032.479307196] [self_driving]: [CW_STAGE 2] 정지선 앞 완전 정지! elapsed=0.54s[0m
[self_driving-10] [0m[INFO] [1783000032.532912030] [self_driving]: [CW_STAGE 2] 정지선 앞 완전 정지! elapsed=0.59s[0m
[self_driving-10] [0m[INFO] [1783000032.612740511] [self_driving]: [CW_STAGE 2] 정지선 앞 완전 정지! elapsed=0.67s[0m
[self_driving-10] [0m[INFO] [1783000032.628309122] [self_driving]: [OBJECTS] msg_count=100 n=1 names=['right'][0m
[self_driving-10] [0m[INFO] [1783000032.628950233] [self_driving]: [RIGHT_CANDIDATE] valid=False reject=['small_area'] cnt=0 cx=604 cy=138 area=832 score=0.84 done=False[0m
[self_driving-10] [0m[INFO] [1783000032.697417381] [self_driving]: [CW_STAGE 2] 정지선 앞 완전 정지! elapsed=0.76s[0m
[self_driving-10] [0m[INFO] [1783000032.759898103] [self_driving]: [CW_STAGE 2] 정지선 앞 완전 정지! elapsed=0.82s[0m
[self_driving-10] [0m[INFO] [1783000032.807292178] [self_driving]: [CW_STAGE 2] 정지선 앞 완전 정지! elapsed=0.87s[0m
[self_driving-10] [0m[INFO] [1783000032.885769770] [self_driving]: [CW_STAGE 2] 정지선 앞 완전 정지! elapsed=0.94s[0m
[self_driving-10] [0m[INFO] [1783000032.940415511] [self_driving]: [CW_STAGE 2] 정지선 앞 완전 정지! elapsed=1.00s[0m
[self_driving-10] [0m[INFO] [1783000032.975244307] [self_driving]: [CW_CANDIDATE] name=crosswalkcx=595 cy=238 area=2160 score=0.82 [0m
[self_driving-10] [0m[INFO] [1783000033.033908381] [self_driving]: [CW_STAGE 2] 정지선 앞 완전 정지! elapsed=1.09s[0m
[self_driving-10] [0m[INFO] [1783000033.089943455] [self_driving]: [CW_STAGE 2] 정지선 앞 완전 정지! elapsed=1.15s[0m
[self_driving-10] [0m[INFO] [1783000033.159456807] [self_driving]: [CW_STAGE 2] 정지선 앞 완전 정지! elapsed=1.22s[0m
[self_driving-10] [0m[INFO] [1783000033.221561196] [self_driving]: [CW_STAGE 2] 정지선 앞 완전 정지! elapsed=1.28s[0m
[self_driving-10] [0m[INFO] [1783000033.275905511] [self_driving]: [CW_STAGE 2] 정지선 앞 완전 정지! elapsed=1.33s[0m
[self_driving-10] [0m[INFO] [1783000033.337503177] [self_driving]: [OBJECTS] msg_count=102 n=1 names=['right'][0m
[self_driving-10] [0m[INFO] [1783000033.338284418] [self_driving]: [RIGHT_CANDIDATE] valid=False reject=['small_area'] cnt=0 cx=421 cy=139 area=800 score=0.84 done=False[0m
[self_driving-10] [0m[INFO] [1783000033.346315362] [self_driving]: [CW_CANDIDATE] name=crosswalkcx=557 cy=199 area=1630 score=0.81 [0m
[self_driving-10] [0m[INFO] [1783000033.348790196] [self_driving]: [CW_STAGE 3] 미션 완료 -> 정상 속도 회복 및 6초 락 가동[0m
[self_driving-10] [0m[INFO] [1783000033.352918251] [self_driving]: [DEBUG_DRIVE] state=LINE_FOLLOW raw_lane_x=284.0 lane_x=284.0 filter=stable linear=0.32 angular=-0.70 cw_y=199 right_done=False start_turn=True count_turn=10 traffic=None stop=False[0m
[self_driving-10] [0m[INFO] [1783000033.709387936] [self_driving]: [CW_CANDIDATE] name=crosswalkcx=550 cy=235 area=4296 score=0.92 [0m
[self_driving-10] [0m[INFO] [1783000033.711511936] [self_driving]: [RIGHT_CANDIDATE] valid=False reject=['small_area'] cnt=0 cx=421 cy=139 area=800 score=0.84 done=False[0m
[self_driving-10] [0m[INFO] [1783000033.714777955] [self_driving]: [CW_CANDIDATE] name=crosswalkcx=557 cy=199 area=1458 score=0.80 [0m
[self_driving-10] [0m[INFO] [1783000033.894393677] [self_driving]: [DEBUG_DRIVE] state=LINE_FOLLOW raw_lane_x=212.5 lane_x=212.5 filter=stable linear=0.32 angular=0.00 cw_y=199 right_done=False start_turn=True count_turn=0 traffic=None stop=False[0m
[self_driving-10] [0m[INFO] [1783000034.015520566] [self_driving]: [IMAGE] received count=599 shape=(480, 640, 3) queue=0[0m
[self_driving-10] [0m[INFO] [1783000034.039487788] [self_driving]: [OBJECTS] msg_count=107 n=1 names=['crosswalk'][0m
[self_driving-10] [0m[INFO] [1783000034.039983269] [self_driving]: [CW_CANDIDATE] name=crosswalkcx=550 cy=235 area=4296 score=0.91 [0m
[self_driving-10] [0m[INFO] [1783000034.042186269] [self_driving]: [RIGHT_CANDIDATE] valid=False reject=['small_area'] cnt=0 cx=421 cy=139 area=800 score=0.84 done=False[0m
[self_driving-10] [0m[INFO] [1783000034.045740455] [self_driving]: [CW_CANDIDATE] name=crosswalkcx=557 cy=199 area=1458 score=0.79 [0m
[self_driving-10] [0m[INFO] [1783000034.389683917] [self_driving]: [CW_CANDIDATE] name=crosswalkcx=550 cy=235 area=4296 score=0.91 [0m
[self_driving-10] [0m[INFO] [1783000034.392158121] [self_driving]: [RIGHT_CANDIDATE] valid=False reject=['small_area'] cnt=0 cx=421 cy=139 area=800 score=0.84 done=False[0m
[self_driving-10] [0m[INFO] [1783000034.395512917] [self_driving]: [CW_CANDIDATE] name=crosswalkcx=557 cy=199 area=1458 score=0.80 [0m
[self_driving-10] [0m[INFO] [1783000034.440666788] [self_driving]: [DEBUG_DRIVE] state=LINE_FOLLOW raw_lane_x=126.0 lane_x=126.0 filter=stable linear=0.32 angular=0.10 cw_y=199 right_done=False start_turn=False count_turn=0 traffic=None stop=False[0m
[self_driving-10] [0m[INFO] [1783000034.729260102] [self_driving]: [OBJECTS] msg_count=113 n=1 names=['crosswalk'][0m
[self_driving-10] [0m[INFO] [1783000034.731099158] [self_driving]: [CW_CANDIDATE] name=crosswalkcx=496 cy=240 area=4997 score=0.73 [0m
[self_driving-10] [0m[INFO] [1783000034.965389084] [self_driving]: [DEBUG_DRIVE] state=LINE_FOLLOW raw_lane_x=131.5 lane_x=131.5 filter=stable linear=0.32 angular=-0.10 cw_y=240 right_done=False start_turn=False count_turn=0 traffic=None stop=False[0m
[self_driving-10] [0m[INFO] [1783000035.064288880] [self_driving]: [RIGHT_CANDIDATE] valid=False reject=['small_area'] cnt=0 cx=178 cy=136 area=1170 score=0.86 done=False[0m
[self_driving-10] [0m[INFO] [1783000035.066785287] [self_driving]: [CW_CANDIDATE] name=crosswalkcx=398 cy=253 area=8800 score=0.85 [0m
[self_driving-10] [0m[INFO] [1783000035.069115898] [self_driving]: [CW_CANDIDATE] name=crosswalkcx=340 cy=204 area=1566 score=0.79 [0m
[self_driving-10] [0m[INFO] [1783000035.399805991] [self_driving]: [OBJECTS] msg_count=117 n=1 names=['crosswalk'][0m
[self_driving-10] [0m[INFO] [1783000035.400275509] [self_driving]: [CW_CANDIDATE] name=crosswalkcx=409 cy=276 area=14157 score=0.86 [0m
[self_driving-10] [0m[INFO] [1783000035.402128991] [self_driving]: [RIGHT_CANDIDATE] valid=False reject=['small_area'] cnt=0 cx=156 cy=134 area=1440 score=0.86 done=False[0m
[self_driving-10] [0m[INFO] [1783000035.406077861] [self_driving]: [CW_CANDIDATE] name=crosswalkcx=342 cy=209 area=1764 score=0.80 [0m
[self_driving-10] [0m[INFO] [1783000035.507538176] [self_driving]: [DEBUG_DRIVE] state=LINE_FOLLOW raw_lane_x=120.0 lane_x=120.0 filter=stable linear=0.32 angular=0.10 cw_y=209 right_done=False start_turn=False count_turn=0 traffic=None stop=False[0m
[self_driving-10] [0m[INFO] [1783000035.770573509] [self_driving]: [CW_CANDIDATE] name=crosswalkcx=401 cy=313 area=24327 score=0.89 [0m
[self_driving-10] [0m[INFO] [1783000035.772716491] [self_driving]: [RIGHT_CANDIDATE] valid=False reject=['small_area'] cnt=0 cx=139 cy=131 area=1800 score=0.87 done=False[0m
[self_driving-10] [0m[INFO] [1783000035.775569250] [self_driving]: [CW_CANDIDATE] name=crosswalkcx=351 cy=215 area=2420 score=0.83 [0m
[self_driving-10] [0m[INFO] [1783000036.028050305] [self_driving]: [IMAGE] received count=629 shape=(480, 640, 3) queue=0[0m
[self_driving-10] [0m[INFO] [1783000036.036758324] [self_driving]: [DEBUG_DRIVE] state=LINE_FOLLOW raw_lane_x=126.0 lane_x=126.0 filter=stable linear=0.32 angular=0.10 cw_y=215 right_done=False start_turn=False count_turn=0 traffic=None stop=False[0m
[self_driving-10] [0m[INFO] [1783000036.109478898] [self_driving]: [OBJECTS] msg_count=123 n=1 names=['right'][0m
[self_driving-10] [0m[INFO] [1783000036.109950231] [self_driving]: [RIGHT_CANDIDATE] valid=True reject=[] cnt=0 cx=115 cy=127 area=2820 score=0.87 done=False[0m
[self_driving-10] [0m[INFO] [1783000036.112511657] [self_driving]: [CW_CANDIDATE] name=crosswalkcx=347 cy=412 area=75465 score=0.84 [0m
[self_driving-10] [0m[INFO] [1783000036.114917879] [self_driving]: [CW_CANDIDATE] name=crosswalkcx=373 cy=226 area=3393 score=0.84 [0m
[self_driving-10] [0m[INFO] [1783000036.428847509] [self_driving]: [RIGHT_CANDIDATE] valid=True reject=[] cnt=1 cx=43 cy=118 area=4800 score=0.88 done=False[0m
[self_driving-10] [0m[INFO] [1783000036.429393509] [self_driving]: [RIGHT_READY] cx=43 cy=118 area=4800 score=0.88[0m
[self_driving-10] [0m[INFO] [1783000036.431692564] [self_driving]: [CW_CANDIDATE] name=crosswalkcx=325 cy=465 area=18870 score=0.78 [0m
[self_driving-10] [0m[INFO] [1783000036.458167990] [self_driving]: [RIGHT_TRIGGER] enter ARROW_SIGNAL lane_x=138.5 raw_lane_x=138.5 filter=stable cw_y=465 candidate={'cx': 43, 'cy': 118, 'area': 4800, 'score': 0.8799999952316284}[0m
[self_driving-10] [0m[INFO] [1783000036.459436138] [self_driving]: [1;36m[FSM] LINE_FOLLOW -> ARROW_SIGNAL[0m[0m
[self_driving-10] [0m[INFO] [1783000036.579525231] [self_driving]: [ARROW_SIGNAL] waiting elapsed=0.12/3.00 direction=right[0m
[self_driving-10] [0m[INFO] [1783000036.758270138] [self_driving]: [OBJECTS] msg_count=128 n=1 names=['crosswalk'][0m
[self_driving-10] [0m[INFO] [1783000036.759307194] [self_driving]: [CW_CANDIDATE] name=crosswalkcx=388 cy=251 area=9126 score=0.90 [0m
[self_driving-10] [0m[INFO] [1783000036.764086638] [self_driving]: [RIGHT_CANDIDATE] valid=False reject=['small_area'] cnt=0 cx=9 cy=104 area=1602 score=0.73 done=False[0m
[self_driving-10] [0m[INFO] [1783000037.105078712] [self_driving]: [CW_CANDIDATE] name=crosswalkcx=402 cy=270 area=15264 score=0.91 [0m
[self_driving-10] [0m[INFO] [1783000037.106156527] [self_driving]: [ARROW_SIGNAL] waiting elapsed=0.64/3.00 direction=right[0m
[self_driving-10] [0m[INFO] [1783000037.415448675] [self_driving]: [OBJECTS] msg_count=131 n=1 names=['crosswalk'][0m
[self_driving-10] [0m[INFO] [1783000037.416346212] [self_driving]: [CW_CANDIDATE] name=crosswalkcx=402 cy=301 area=25175 score=0.92 [0m
[self_driving-10] [0m[INFO] [1783000037.639924952] [self_driving]: [ARROW_SIGNAL] waiting elapsed=1.18/3.00 direction=right[0m
[self_driving-10] [0m[INFO] [1783000037.755138341] [self_driving]: [CW_CANDIDATE] name=crosswalkcx=381 cy=320 area=33088 score=0.80 [0m
[self_driving-10] [0m[INFO] [1783000038.037222897] [self_driving]: [IMAGE] received count=659 shape=(480, 640, 3) queue=0[0m
[self_driving-10] [0m[INFO] [1783000038.071995804] [self_driving]: [OBJECTS] msg_count=133 n=1 names=['crosswalk'][0m
[self_driving-10] [0m[INFO] [1783000038.072718008] [self_driving]: [CW_CANDIDATE] name=crosswalkcx=381 cy=320 area=33152 score=0.78 [0m
[self_driving-10] [0m[INFO] [1783000038.184215230] [self_driving]: [ARROW_SIGNAL] waiting elapsed=1.72/3.00 direction=right[0m
[self_driving-10] [0m[INFO] [1783000038.395517230] [self_driving]: [CW_CANDIDATE] name=crosswalkcx=381 cy=320 area=33152 score=0.79 [0m
[self_driving-10] [0m[INFO] [1783000038.690943915] [self_driving]: [OBJECTS] msg_count=135 n=1 names=['crosswalk'][0m
[self_driving-10] [0m[INFO] [1783000038.691820618] [self_driving]: [CW_CANDIDATE] name=crosswalkcx=381 cy=320 area=33152 score=0.79 [0m
[self_driving-10] [0m[INFO] [1783000038.748331804] [self_driving]: [ARROW_SIGNAL] waiting elapsed=2.29/3.00 direction=right[0m
[self_driving-10] [0m[INFO] [1783000039.014464637] [self_driving]: [CW_CANDIDATE] name=crosswalkcx=383 cy=319 area=32896 score=0.78 [0m
[self_driving-10] [0m[INFO] [1783000039.253486118] [self_driving]: [ARROW_SIGNAL] waiting elapsed=2.79/3.00 direction=right[0m
[self_driving-10] [0m[INFO] [1783000039.316294025] [self_driving]: [OBJECTS] msg_count=137 n=1 names=['crosswalk'][0m
[self_driving-10] [0m[INFO] [1783000039.318096229] [self_driving]: [CW_CANDIDATE] name=crosswalkcx=381 cy=320 area=33152 score=0.78 [0m
[self_driving-10] [0m[INFO] [1783000039.470059099] [self_driving]: [ARROW_SIGNAL] done elapsed=3.01 -> INTERSECTION direction=right[0m
[self_driving-10] [0m[INFO] [1783000039.471567174] [self_driving]: [1;36m[FSM] ARROW_SIGNAL -> INTERSECTION[0m[0m
[self_driving-10] [0m[INFO] [1783000039.628103396] [self_driving]: [CW_CANDIDATE] name=crosswalkcx=381 cy=320 area=33152 score=0.78 [0m
[self_driving-10] [0m[INFO] [1783000039.799398562] [self_driving]: [RIGHT_TURN] elapsed=0.33 cmd=(0.10,-0.50) lane_x=85.0[0m
[self_driving-10] [0m[INFO] [1783000039.978527784] [self_driving]: [OBJECTS] msg_count=139 n=1 names=['crosswalk'][0m
[self_driving-10] [0m[INFO] [1783000039.983039118] [self_driving]: [CW_CANDIDATE] name=crosswalkcx=381 cy=320 area=33152 score=0.78 [0m
[self_driving-10] [0m[INFO] [1783000040.062667877] [self_driving]: [IMAGE] received count=689 shape=(480, 640, 3) queue=0[0m
[self_driving-10] [0m[INFO] [1783000040.312610525] [self_driving]: [CW_CANDIDATE] name=crosswalkcx=381 cy=320 area=33670 score=0.79 [0m
[self_driving-10] [0m[INFO] [1783000040.352922580] [self_driving]: [RIGHT_TURN] elapsed=0.88 cmd=(0.10,-0.50) lane_x=-1[0m
[self_driving-10] [0m[INFO] [1783000040.634805691] [self_driving]: [OBJECTS] msg_count=141 n=1 names=['crosswalk'][0m
[self_driving-10] [0m[INFO] [1783000040.635868654] [self_driving]: [CW_CANDIDATE] name=crosswalkcx=381 cy=320 area=33152 score=0.79 [0m
[self_driving-10] [0m[INFO] [1783000040.888522617] [self_driving]: [RIGHT_TURN] elapsed=1.42 cmd=(0.10,-0.50) lane_x=298.0[0m
[self_driving-10] [0m[INFO] [1783000040.965334969] [self_driving]: [CW_CANDIDATE] name=crosswalkcx=320 cy=338 area=57600 score=0.88 [0m
[self_driving-10] [0m[INFO] [1783000041.299450691] [self_driving]: [OBJECTS] msg_count=143 n=1 names=['crosswalk'][0m
[self_driving-10] [0m[INFO] [1783000041.300557728] [self_driving]: [CW_CANDIDATE] name=crosswalkcx=277 cy=369 area=82546 score=0.78 [0m
[self_driving-10] [0m[INFO] [1783000041.420464098] [self_driving]: [RIGHT_TURN] elapsed=1.95 cmd=(0.10,-0.50) lane_x=200.5[0m
[self_driving-10] [0m[INFO] [1783000041.628080950] [self_driving]: [CW_CANDIDATE] name=crosswalkcx=220 cy=376 area=74800 score=0.84 [0m
[self_driving-10] [0m[INFO] [1783000041.943043598] [self_driving]: [RIGHT_TURN] elapsed=2.47 cmd=(0.10,-0.50) lane_x=308.5[0m
[self_driving-10] [0m[INFO] [1783000041.976755431] [self_driving]: [OBJECTS] msg_count=145 n=1 names=['crosswalk'][0m
[self_driving-10] [0m[INFO] [1783000041.977747265] [self_driving]: [CW_CANDIDATE] name=crosswalkcx=154 cy=389 area=54516 score=0.83 [0m
[self_driving-10] [0m[INFO] [1783000041.981962616] [self_driving]: [CW_CANDIDATE] name=crosswalkcx=596 cy=403 area=11919 score=0.56 [0m
[self_driving-10] [0m[INFO] [1783000042.100396228] [self_driving]: [IMAGE] received count=719 shape=(480, 640, 3) queue=0[0m
[self_driving-10] [0m[INFO] [1783000042.309904079] [self_driving]: [CW_CANDIDATE] name=crosswalkcx=537 cy=421 area=24072 score=0.82 [0m
[self_driving-10] [0m[INFO] [1783000042.314248857] [self_driving]: [CW_CANDIDATE] name=crosswalkcx=84 cy=421 area=19824 score=0.72 [0m
[self_driving-10] [0m[INFO] [1783000042.488277042] [self_driving]: [RIGHT_TURN] elapsed=3.02 cmd=(0.10,-0.50) lane_x=242.5[0m
[self_driving-10] [0m[INFO] [1783000042.651773338] [self_driving]: [OBJECTS] msg_count=149 n=1 names=['crosswalk'][0m
[self_driving-10] [0m[INFO] [1783000042.652675949] [self_driving]: [CW_CANDIDATE] name=crosswalkcx=462 cy=430 area=27146 score=0.74 [0m
[self_driving-10] [0m[INFO] [1783000042.712815894] [self_driving]: [RIGHT_TURN] done elapsed=3.24 lane_x=185.0 -> LINE_FOLLOW. . . .[0m
[self_driving-10] [0m[INFO] [1783000042.713515449] [self_driving]: [1;36m[FSM] INTERSECTION -> PARKING[0m[0m
[self_driving-10] [0m[INFO] [1783000042.764094468] [self_driving]: [PARK!!!!] straight[0m
[self_driving-10] [0m[INFO] [1783000042.825290875] [self_driving]: [PARK!!!!] straight[0m
[self_driving-10] [0m[INFO] [1783000042.889590431] [self_driving]: [PARK!!!!] straight[0m
[self_driving-10] [0m[INFO] [1783000042.959219708] [self_driving]: [PARK!!!!] straight[0m
[self_driving-10] [0m[INFO] [1783000043.034901412] [self_driving]: [PARK!!!!] straight[0m
[self_driving-10] [0m[INFO] [1783000043.095266171] [self_driving]: [PARK!!!!] straight[0m
[self_driving-10] [0m[INFO] [1783000043.148344375] [self_driving]: [PARK!!!!] straight[0m
[self_driving-10] [0m[INFO] [1783000043.215906542] [self_driving]: [PARK!!!!] straight[0m
[self_driving-10] [0m[INFO] [1783000043.293698819] [self_driving]: [PARK!!!!] straight[0m
[self_driving-10] [0m[INFO] [1783000043.306348634] [self_driving]: [OBJECTS] msg_count=151 n=1 names=['crosswalk'][0m
[self_driving-10] [0m[INFO] [1783000043.362260171] [self_driving]: [PARK!!!!] straight[0m
[self_driving-10] [0m[INFO] [1783000043.431156782] [self_driving]: [PARK!!!!] straight[0m
[self_driving-10] [0m[INFO] [1783000043.499732227] [self_driving]: [PARK!!!!] straight[0m
[self_driving-10] [0m[INFO] [1783000043.568965097] [self_driving]: [PARK!!!!] straight[0m
[self_driving-10] [0m[INFO] [1783000043.627013634] [self_driving]: [PARK!!!!] straight[0m
[self_driving-10] [0m[INFO] [1783000043.700514430] [self_driving]: [PARK!!!!] straight[0m
[self_driving-10] [0m[INFO] [1783000043.762256986] [self_driving]: [PARK!!!!] straight[0m
[self_driving-10] [0m[INFO] [1783000043.820330560] [self_driving]: [PARK!!!!] straight[0m
[self_driving-10] [0m[INFO] [1783000043.895410171] [self_driving]: [PARK!!!!] straight[0m
[self_driving-10] [0m[INFO] [1783000043.957420745] [self_driving]: [PARK!!!!] straight[0m
[self_driving-10] [0m[INFO] [1783000043.977946356] [self_driving]: [OBJECTS] msg_count=152 n=1 names=['park'][0m
[self_driving-10] [0m[INFO] [1783000043.981154319] [self_driving]: [CW_CANDIDATE] name=crosswalkcx=320 cy=180 area=412 score=0.53 [0m
[self_driving-10] [0m[INFO] [1783000043.984467467] [self_driving]: [RIGHT_CANDIDATE] valid=False reject=['low_score', 'small_area', 'right_done'] cnt=0 cx=404 cy=145 area=238 score=0.29 done=True[0m
[self_driving-10] [0m[INFO] [1783000044.026168893] [self_driving]: [PARK!!!!] straight[0m
[self_driving-10] [0m[INFO] [1783000044.102006930] [self_driving]: [IMAGE] received count=749 shape=(480, 640, 3) queue=0[0m
[self_driving-10] [0m[INFO] [1783000044.105674615] [self_driving]: [PARK!!!!] straight[0m
[self_driving-10] [0m[INFO] [1783000044.159820374] [self_driving]: [PARK!!!!] straight[0m
[self_driving-10] [0m[INFO] [1783000044.241268078] [self_driving]: [PARK!!!!] straight[0m
[self_driving-10] [0m[INFO] [1783000044.290544300] [self_driving]: [PARK!!!!] straight[0m
[self_driving-10] [0m[INFO] [1783000044.310825763] [self_driving]: [CW_CANDIDATE] name=crosswalkcx=325 cy=180 area=428 score=0.61 [0m
[self_driving-10] [0m[INFO] [1783000044.375140800] [self_driving]: [PARK!!!!] straight[0m
[self_driving-10] [0m[INFO] [1783000044.437397171] [self_driving]: [PARK!!!!] straight[0m
[self_driving-10] [0m[INFO] [1783000044.504058004] [self_driving]: [PARK!!!!] straight[0m
[self_driving-10] [0m[INFO] [1783000044.573811893] [self_driving]: [PARK!!!!] straight[0m
[self_driving-10] [0m[INFO] [1783000044.614717578] [self_driving]: [OBJECTS] msg_count=157 n=1 names=['park'][0m
[self_driving-10] [0m[INFO] [1783000044.618179337] [self_driving]: [CW_CANDIDATE] name=crosswalkcx=326 cy=183 area=444 score=0.52 [0m
[self_driving-10] [0m[INFO] [1783000044.645997467] [self_driving]: [PARK!!!!] straight[0m
[self_driving-10] [0m[INFO] [1783000044.694571485] [self_driving]: [PARK!!!!] straight[0m
[self_driving-10] [0m[INFO] [1783000044.762684837] [self_driving]: [PARK!!!!] straight[0m
[self_driving-10] [0m[INFO] [1783000044.841538522] [self_driving]: [PARK!!!!] straight[0m
[self_driving-10] [0m[INFO] [1783000044.909424763] [self_driving]: [PARK!!!!] straight[0m
[self_driving-10] [0m[INFO] [1783000044.944406078] [self_driving]: [CW_CANDIDATE] name=crosswalkcx=323 cy=185 area=420 score=0.58 [0m
[self_driving-10] [0m[INFO] [1783000044.993576967] [self_driving]: [PARK!!!!] straight[0m
[self_driving-10] [0m[INFO] [1783000045.040787892] [self_driving]: [PARK!!!!] straight[0m
[self_driving-10] [0m[INFO] [1783000045.094188170] [self_driving]: [PARK!!!!] straight[0m
[self_driving-10] [0m[INFO] [1783000045.164770781] [self_driving]: [PARK!!!!] straight[0m
[self_driving-10] [0m[INFO] [1783000045.242346689] [self_driving]: [PARK!!!!] straight[0m
[self_driving-10] [0m[INFO] [1783000045.264024096] [self_driving]: [OBJECTS] msg_count=161 n=1 names=['park'][0m
[self_driving-10] [0m[INFO] [1783000045.267201577] [self_driving]: [CW_CANDIDATE] name=crosswalkcx=324 cy=185 area=428 score=0.68 [0m
[self_driving-10] [0m[INFO] [1783000045.314225189] [self_driving]: [PARK!!!!] straight[0m
[self_driving-10] [0m[INFO] [1783000045.381444633] [self_driving]: [PARK!!!!] straight[0m
[self_driving-10] [0m[INFO] [1783000045.446869707] [self_driving]: [PARK!!!!] straight[0m
[self_driving-10] [0m[INFO] [1783000045.514304207] [self_driving]: [PARK!!!!] straight[0m
[self_driving-10] [0m[INFO] [1783000045.570607762] [self_driving]: [PARK!!!!] straight[0m
[self_driving-10] [0m[INFO] [1783000045.595356077] [self_driving]: [CW_CANDIDATE] name=crosswalkcx=323 cy=184 area=555 score=0.68 [0m
[self_driving-10] [0m[INFO] [1783000045.657531003] [self_driving]: [PARK!!!!] straight[0m
[self_driving-10] [0m[INFO] [1783000045.709506799] [self_driving]: [PARK!!!!] straight[0m
[self_driving-10] [0m[INFO] [1783000045.776917725] [self_driving]: [PARK!!!!] straight[0m
[self_driving-10] [0m[INFO] [1783000045.838537799] [self_driving]: [PARK!!!!] straight[0m
[self_driving-10] [0m[INFO] [1783000045.913763707] [self_driving]: [PARK!!!!] straight[0m
[self_driving-10] [0m[INFO] [1783000045.948198410] [self_driving]: [OBJECTS] msg_count=165 n=1 names=['crosswalk'][0m
[self_driving-10] [0m[INFO] [1783000045.956950262] [self_driving]: [CW_CANDIDATE] name=crosswalkcx=326 cy=186 area=585 score=0.51 [0m
[self_driving-10] [0m[INFO] [1783000045.986690651] [self_driving]: [PARK!!!!] straight[0m
[self_driving-10] [0m[INFO] [1783000046.054165947] [self_driving]: [PARK!!!!] straight[0m
[self_driving-10] [0m[INFO] [1783000046.108848244] [self_driving]: [IMAGE] received count=779 shape=(480, 640, 3) queue=0[0m
[self_driving-10] [0m[INFO] [1783000046.111639299] [self_driving]: [PARK!!!!] straight[0m
[self_driving-10] [0m[INFO] [1783000046.174232947] [self_driving]: [PARK!!!!] straight[0m
[self_driving-10] [0m[INFO] [1783000046.253187873] [self_driving]: [PARK!!!!] straight[0m
[self_driving-10] [0m[INFO] [1783000046.278430392] [self_driving]: [CW_CANDIDATE] name=crosswalkcx=323 cy=212 area=500 score=0.67 [0m
[self_driving-10] [0m[INFO] [1783000046.343432706] [self_driving]: [PARK!!!!] straight[0m
[self_driving-10] [0m[INFO] [1783000046.396022392] [self_driving]: [PARK!!!!] straight[0m
[self_driving-10] [0m[INFO] [1783000046.445954299] [self_driving]: [PARK!!!!] straight[0m
[self_driving-10] [0m[INFO] [1783000046.522783317] [self_driving]: [PARK!!!!] straight[0m
[self_driving-10] [0m[INFO] [1783000046.580217058] [self_driving]: [PARK!!!!] straight[0m
[self_driving-10] [0m[INFO] [1783000046.610855780] [self_driving]: [OBJECTS] msg_count=168 n=1 names=['park'][0m
[self_driving-10] [0m[INFO] [1783000046.614616262] [self_driving]: [CW_CANDIDATE] name=crosswalkcx=340 cy=206 area=640 score=0.66 [0m
[self_driving-10] [0m[INFO] [1783000046.656737725] [self_driving]: [PARK!!!!] straight[0m
[self_driving-10] [0m[INFO] [1783000046.730257966] [self_driving]: [PARK!!!!] straight[0m
[self_driving-10] [0m[INFO] [1783000046.787337484] [self_driving]: [PARK!!!!] straight[0m
[self_driving-10] [0m[INFO] [1783000046.857403928] [self_driving]: [PARK!!!!] straight[0m
[self_driving-10] [0m[INFO] [1783000046.909817743] [self_driving]: [PARK!!!!] straight[0m
[self_driving-10] [0m[INFO] [1783000046.950883669] [self_driving]: [CW_CANDIDATE] name=crosswalkcx=337 cy=192 area=680 score=0.63 [0m
[self_driving-10] [0m[INFO] [1783000046.997156021] [self_driving]: [PARK!!!!] straight[0m
[self_driving-10] [0m[INFO] [1783000047.057819613] [self_driving]: [PARK!!!!] straight[0m
[self_driving-10] [0m[INFO] [1783000047.129996391] [self_driving]: [PARK!!!!] straight[0m
[self_driving-10] [0m[INFO] [1783000047.191018928] [self_driving]: [PARK!!!!] straight[0m
[self_driving-10] [0m[INFO] [1783000047.260227539] [self_driving]: [PARK!!!!] straight[0m
[self_driving-10] [0m[INFO] [1783000047.271525928] [self_driving]: [OBJECTS] msg_count=172 n=1 names=['park'][0m
[self_driving-10] [0m[INFO] [1783000047.274442558] [self_driving]: [CW_CANDIDATE] name=crosswalkcx=342 cy=187 area=858 score=0.63 [0m
[self_driving-10] [0m[INFO] [1783000047.332915021] [self_driving]: [PARK!!!!] straight[0m
[self_driving-10] [0m[INFO] [1783000047.385312243] [self_driving]: [PARK!!!!] straight[0m
[self_driving-10] [0m[INFO] [1783000047.454154132] [self_driving]: [PARK!!!!] straight[0m
[self_driving-10] [0m[INFO] [1783000047.525118224] [self_driving]: [PARK!!!!] straight[0m
[self_driving-10] [0m[INFO] [1783000047.589803854] [self_driving]: [PARK!!!!] straight[0m
[self_driving-10] [0m[INFO] [1783000047.596463798] [self_driving]: [CW_CANDIDATE] name=crosswalkcx=339 cy=184 area=888 score=0.54 [0m
[self_driving-10] [0m[INFO] [1783000047.659855150] [self_driving]: [PARK!!!!] straight[0m
[self_driving-10] [0m[INFO] [1783000047.729531502] [self_driving]: [PARK!!!!] straight[0m
[self_driving-10] [0m[INFO] [1783000047.789676872] [self_driving]: [PARK!!!!] straight[0m
[self_driving-10] [0m[INFO] [1783000047.854143150] [self_driving]: [PARK!!!!] straight[0m
[self_driving-10] [0m[INFO] [1783000047.900242057] [self_driving]: [OBJECTS] msg_count=176 n=1 names=['park'][0m
[self_driving-10] [0m[INFO] [1783000047.906279817] [self_driving]: [CW_CANDIDATE] name=crosswalkcx=347 cy=195 area=735 score=0.69 [0m
[self_driving-10] [0m[INFO] [1783000047.949766298] [self_driving]: [PARK!!!!] straight[0m
[self_driving-10] [0m[INFO] [1783000048.000845557] [self_driving]: [PARK!!!!] straight[0m
[self_driving-10] [0m[INFO] [1783000048.070465631] [self_driving]: [PARK!!!!] straight[0m
[self_driving-10] [0m[INFO] [1783000048.134299039] [self_driving]: [IMAGE] received count=809 shape=(480, 640, 3) queue=0[0m
[self_driving-10] [0m[INFO] [1783000048.136155428] [self_driving]: [PARK!!!!] straight[0m
[self_driving-10] [0m[INFO] [1783000048.205691650] [self_driving]: [PARK!!!!] straight[0m
[self_driving-10] [0m[INFO] [1783000048.252110779] [self_driving]: [CW_CANDIDATE] name=crosswalkcx=347 cy=195 area=608 score=0.65 [0m
[self_driving-10] [0m[INFO] [1783000048.277836428] [self_driving]: [PARK!!!!] straight[0m
[self_driving-10] [0m[INFO] [1783000048.345666946] [self_driving]: [PARK!!!!] straight[0m
[self_driving-10] [0m[INFO] [1783000048.405528298] [self_driving]: [PARK!!!!] straight[0m
[self_driving-10] [0m[INFO] [1783000048.458289298] [self_driving]: [PARK!!!!] straight[0m
[self_driving-10] [0m[INFO] [1783000048.536182724] [self_driving]: [PARK!!!!] straight[0m
[self_driving-10] [0m[INFO] [1783000048.578519242] [self_driving]: [OBJECTS] msg_count=180 n=1 names=['park'][0m
[self_driving-10] [0m[INFO] [1783000048.584133464] [self_driving]: [CW_CANDIDATE] name=crosswalkcx=357 cy=198 area=1020 score=0.72 [0m
[self_driving-10] [0m[INFO] [1783000048.597693298] [self_driving]: [PARK!!!!] straight[0m
[self_driving-10] [0m[INFO] [1783000048.672396446] [self_driving]: [PARK!!!!] straight[0m
[self_driving-10] [0m[INFO] [1783000048.741761168] [self_driving]: [PARK!!!!] straight[0m
[self_driving-10] [0m[INFO] [1783000048.804850353] [self_driving]: [PARK!!!!] straight[0m
[self_driving-10] [0m[INFO] [1783000048.862042261] [self_driving]: [PARK!!!!] straight[0m
[self_driving-10] [0m[INFO] [1783000048.916628983] [self_driving]: [CW_CANDIDATE] name=crosswalkcx=356 cy=202 area=1080 score=0.72 [0m
[self_driving-10] [0m[INFO] [1783000048.952464001] [self_driving]: [PARK!!!!] straight[0m
[self_driving-10] [0m[INFO] [1783000049.001091612] [self_driving]: [PARK!!!!] straight[0m
[self_driving-10] [0m[INFO] [1783000049.062319279] [self_driving]: [PARK!!!!] straight[0m
[self_driving-10] [0m[INFO] [1783000049.131185094] [self_driving]: [PARK!!!!] straight[0m
[self_driving-10] [0m[INFO] [1783000049.210011334] [self_driving]: [PARK!!!!] straight[0m
[self_driving-10] [0m[INFO] [1783000049.238640816] [self_driving]: [OBJECTS] msg_count=184 n=1 names=['park'][0m
[self_driving-10] [0m[INFO] [1783000049.242531075] [self_driving]: [CW_CANDIDATE] name=crosswalkcx=362 cy=205 area=1146 score=0.69 [0m
[self_driving-10] [0m[INFO] [1783000049.290073742] [self_driving]: [PARK!!!!] straight[0m
[self_driving-10] [0m[INFO] [1783000049.342396038] [self_driving]: [PARK!!!!] straight[0m
[self_driving-10] [0m[INFO] [1783000049.414654445] [self_driving]: [PARK!!!!] straight[0m
[self_driving-10] [0m[INFO] [1783000049.468294779] [self_driving]: [PARK!!!!] straight[0m
[self_driving-10] [0m[INFO] [1783000049.542013575] [self_driving]: [PARK!!!!] straight[0m
[self_driving-10] [0m[INFO] [1783000049.603098649] [self_driving]: [PARK!!!!] straight[0m
[self_driving-10] [0m[INFO] [1783000049.604506130] [self_driving]: [CW_CANDIDATE] name=crosswalkcx=366 cy=208 area=1400 score=0.70 [0m
[self_driving-10] [0m[INFO] [1783000049.692999075] [self_driving]: [PARK!!!!] straight[0m
[self_driving-10] [0m[INFO] [1783000049.747695038] [self_driving]: [PARK!!!!] straight[0m
[self_driving-10] [0m[INFO] [1783000049.817912649] [self_driving]: [PARK!!!!] straight[0m
[self_driving-10] [0m[INFO] [1783000049.879758112] [self_driving]: [PARK!!!!] straight[0m
[self_driving-10] [0m[INFO] [1783000049.946504038] [self_driving]: [PARK!!!!] straight[0m
[self_driving-10] [0m[INFO] [1783000049.960498130] [self_driving]: [OBJECTS] msg_count=189 n=1 names=['crosswalk'][0m
[self_driving-10] [0m[INFO] [1783000049.965361038] [self_driving]: [CW_CANDIDATE] name=crosswalkcx=367 cy=212 area=1962 score=0.74 [0m
[self_driving-10] [0m[INFO] [1783000050.024065019] [self_driving]: [PARK!!!!] straight[0m
[self_driving-10] [0m[INFO] [1783000050.090624315] [self_driving]: [PARK!!!!] straight[0m
[self_driving-10] [0m[INFO] [1783000050.140546741] [self_driving]: [IMAGE] received count=839 shape=(480, 640, 3) queue=0[0m
[self_driving-10] [0m[INFO] [1783000050.144035686] [self_driving]: [PARK!!!!] straight[0m
[self_driving-10] [0m[INFO] [1783000050.214255445] [self_driving]: [PARK!!!!] straight[0m
[self_driving-10] [0m[INFO] [1783000050.283297315] [self_driving]: [PARK!!!!] straight[0m
[self_driving-10] [0m[INFO] [1783000050.306448056] [self_driving]: [CW_CANDIDATE] name=crosswalkcx=371 cy=218 area=2563 score=0.80 [0m
[self_driving-10] [0m[INFO] [1783000050.351395982] [self_driving]: [PARK!!!!] straight[0m
[self_driving-10] [0m[INFO] [1783000050.427987130] [self_driving]: [PARK!!!!] straight[0m
[self_driving-10] [0m[INFO] [1783000050.483970093] [self_driving]: [PARK!!!!] straight[0m
[self_driving-10] [0m[INFO] [1783000050.557148519] [self_driving]: [PARK!!!!] straight[0m
[self_driving-10] [0m[INFO] [1783000050.613925500] [self_driving]: [PARK!!!!] straight[0m
[self_driving-10] [0m[INFO] [1783000050.635139426] [self_driving]: [OBJECTS] msg_count=192 n=1 names=['crosswalk'][0m
[self_driving-10] [0m[INFO] [1783000050.635665871] [self_driving]: [CW_CANDIDATE] name=crosswalkcx=372 cy=226 area=3237 score=0.84 [0m
[self_driving-10] [0m[INFO] [1783000050.699986593] [self_driving]: [PARK!!!!] straight[0m
[self_driving-10] [0m[INFO] [1783000050.750912185] [self_driving]: [PARK!!!!] straight[0m
[self_driving-10] [0m[INFO] [1783000050.825592019] [self_driving]: [PARK!!!!] straight[0m
[self_driving-10] [0m[INFO] [1783000050.888914648] [self_driving]: [PARK!!!!] straight[0m
[self_driving-10] [0m[INFO] [1783000050.949922056] [self_driving]: [PARK!!!!] straight[0m
[self_driving-10] [0m[INFO] [1783000050.979466185] [self_driving]: [CW_CANDIDATE] name=crosswalkcx=372 cy=239 area=4320 score=0.86 [0m
[self_driving-10] [0m[INFO] [1783000051.025037407] [self_driving]: [PARK!!!!] straight[0m
[self_driving-10] [0m[INFO] [1783000051.090938741] [self_driving]: [PARK!!!!] straight[0m
[self_driving-10] [0m[INFO] [1783000051.149299889] [self_driving]: [PARK!!!!] straight[0m
[self_driving-10] [0m[INFO] [1783000051.210078185] [self_driving]: [PARK!!!!] straight[0m
[self_driving-10] [0m[INFO] [1783000051.277125278] [self_driving]: [PARK!!!!] straight[0m
[self_driving-10] [0m[INFO] [1783000051.311207574] [self_driving]: [OBJECTS] msg_count=195 n=1 names=['crosswalk'][0m
[self_driving-10] [0m[INFO] [1783000051.312071518] [self_driving]: [CW_CANDIDATE] name=crosswalkcx=380 cy=244 area=4720 score=0.84 [0m
[self_driving-10] [0m[INFO] [1783000051.374876166] [self_driving]: [PARK!!!!] straight[0m
[self_driving-10] [0m[INFO] [1783000051.431182037] [self_driving]: [PARK!!!!] straight[0m
[self_driving-10] [0m[INFO] [1783000051.496006833] [self_driving]: [PARK!!!!] straight[0m
[self_driving-10] [0m[INFO] [1783000051.560314092] [self_driving]: [PARK!!!!] straight[0m
[self_driving-10] [0m[INFO] [1783000051.621317481] [self_driving]: [PARK!!!!] straight[0m
[self_driving-10] [0m[INFO] [1783000051.658958666] [self_driving]: [CW_CANDIDATE] name=crosswalkcx=392 cy=246 area=6400 score=0.88 [0m
[self_driving-10] [0m[INFO] [1783000051.703427426] [self_driving]: [PARK!!!!] straight[0m
[self_driving-10] [0m[INFO] [1783000051.778199814] [self_driving]: [PARK!!!!] park ready[0m
[self_driving-10] [0m[INFO] [1783000051.818490722] [self_driving]: [PARK!!!!] park ready[0m
[self_driving-10] [0m[INFO] [1783000051.893519703] [self_driving]: [PARK!!!!] park ready[0m
[self_driving-10] [0m[INFO] [1783000051.952241944] [self_driving]: [PARK!!!!] park ready[0m
[self_driving-10] [0m[INFO] [1783000051.989358481] [self_driving]: [OBJECTS] msg_count=197 n=1 names=['crosswalk'][0m
[self_driving-10] [0m[INFO] [1783000051.990373148] [self_driving]: [CW_CANDIDATE] name=crosswalkcx=397 cy=252 area=9747 score=0.90 [0m
[self_driving-10] [0m[INFO] [1783000052.052965333] [self_driving]: [PARK!!!!] park ready[0m
[self_driving-10] [0m[INFO] [1783000052.092059833] [self_driving]: [PARK!!!!] park ready[0m
[self_driving-10] [0m[INFO] [1783000052.153858944] [self_driving]: [IMAGE] received count=869 shape=(480, 640, 3) queue=0[0m
[self_driving-10] [0m[INFO] [1783000052.156924518] [self_driving]: [PARK!!!!] park ready[0m
[self_driving-10] [0m[INFO] [1783000052.235673777] [self_driving]: [PARK!!!!] park ready[0m
[self_driving-10] [0m[INFO] [1783000052.295142314] [self_driving]: [PARK!!!!] park ready[0m
[self_driving-10] [0m[INFO] [1783000052.347327129] [self_driving]: [CW_CANDIDATE] name=crosswalkcx=409 cy=267 area=13464 score=0.91 [0m
[self_driving-10] [0m[INFO] [1783000052.387598907] [self_driving]: [PARK!!!!] park ready[0m
[self_driving-10] [0m[INFO] [1783000052.420846499] [self_driving]: [PARK!!!!] park ready[0m
[self_driving-10] [0m[INFO] [1783000052.497480795] [self_driving]: [PARK!!!!] park ready[0m
[self_driving-10] [0m[INFO] [1783000052.557200925] [self_driving]: [PARK!!!!] park ready[0m
[self_driving-10] [0m[INFO] [1783000052.627890925] [self_driving]: [PARK!!!!] park ready[0m
[self_driving-10] [0m[INFO] [1783000052.670166369] [self_driving]: [OBJECTS] msg_count=199 n=1 names=['crosswalk'][0m
[self_driving-10] [0m[INFO] [1783000052.671011036] [self_driving]: [CW_CANDIDATE] name=crosswalkcx=413 cy=285 area=19026 score=0.90 [0m
[self_driving-10] [0m[INFO] [1783000052.705360221] [self_driving]: [PARK!!!!] park ready[0m
[self_driving-10] [0m[INFO] [1783000052.759386740] [self_driving]: [PARK!!!!] park ready[0m
[self_driving-10] [0m[INFO] [1783000052.833474480] [self_driving]: [PARK!!!!] park ready[0m
[self_driving-10] [0m[INFO] [1783000052.893722980] [self_driving]: [PARK!!!!] park ready[0m
[self_driving-10] [0m[INFO] [1783000052.972709684] [self_driving]: [PARK!!!!] park ready[0m
[self_driving-10] [0m[INFO] [1783000052.992746258] [self_driving]: [CW_CANDIDATE] name=crosswalkcx=401 cy=303 area=23422 score=0.91 [0m
[self_driving-10] [0m[INFO] [1783000053.049305110] [self_driving]: [PARK!!!!] park ready[0m
[self_driving-10] [0m[INFO] [1783000053.098861832] [self_driving]: [PARK!!!!] park ready[0m
[self_driving-10] [0m[INFO] [1783000053.171446591] [self_driving]: [PARK!!!!] park ready[0m
[self_driving-10] [0m[INFO] [1783000053.233089091] [self_driving]: [PARK!!!!] park ready[0m
[self_driving-10] [0m[INFO] [1783000053.310164221] [self_driving]: [OBJECTS] msg_count=201 n=1 names=['crosswalk'][0m
[self_driving-10] [0m[INFO] [1783000053.310962443] [self_driving]: [CW_CANDIDATE] name=crosswalkcx=397 cy=305 area=24250 score=0.91 [0m
[self_driving-10] [0m[INFO] [1783000053.315170147] [self_driving]: [PARK!!!!] park ready[0m
[self_driving-10] [0m[INFO] [1783000053.362605443] [self_driving]: [PARK!!!!] park ready[0m
[self_driving-10] [0m[INFO] [1783000053.434670295] [self_driving]: [PARK!!!!] park ready[0m
[self_driving-10] [0m[INFO] [1783000053.504364887] [self_driving]: [PARK!!!!] park ready[0m
[self_driving-10] [0m[INFO] [1783000053.572364573] [self_driving]: [PARK!!!!] park ready[0m
[self_driving-10] [0m[INFO] [1783000053.615677110] [self_driving]: [CW_CANDIDATE] name=crosswalkcx=397 cy=304 area=24735 score=0.91 [0m
[self_driving-10] [0m[INFO] [1783000053.650331313] [self_driving]: [PARK!!!!] park ready[0m
[self_driving-10] [0m[INFO] [1783000053.940375980] [self_driving]: [OBJECTS] msg_count=203 n=1 names=['crosswalk'][0m
[self_driving-10] [0m[INFO] [1783000053.944765795] [self_driving]: [CW_CANDIDATE] name=crosswalkcx=397 cy=304 area=24735 score=0.91 [0m
[self_driving-10] [0m[INFO] [1783000054.175674054] [self_driving]: [IMAGE] received count=899 shape=(480, 640, 3) queue=0[0m
[self_driving-10] [0m[INFO] [1783000054.271249442] [self_driving]: [CW_CANDIDATE] name=crosswalkcx=397 cy=304 area=24735 score=0.91 [0m
[self_driving-10] [0m[INFO] [1783000054.606447590] [self_driving]: [OBJECTS] msg_count=205 n=1 names=['crosswalk'][0m
[self_driving-10] [0m[INFO] [1783000054.609569035] [self_driving]: [CW_CANDIDATE] name=crosswalkcx=398 cy=304 area=24684 score=0.91 [0m
[self_driving-10] [0m[INFO] [1783000054.924208572] [self_driving]: [CW_CANDIDATE] name=crosswalkcx=393 cy=301 area=24010 score=0.92 [0m
[self_driving-10] [0m[INFO] [1783000055.236416312] [self_driving]: [OBJECTS] msg_count=207 n=1 names=['crosswalk'][0m
[self_driving-10] [0m[INFO] [1783000055.242168831] [self_driving]: [CW_CANDIDATE] name=crosswalkcx=324 cy=302 area=24702 score=0.92 [0m
[self_driving-10] [0m[INFO] [1783000055.532082960] [self_driving]: [CW_CANDIDATE] name=crosswalkcx=261 cy=300 area=24252 score=0.93 [0m
[self_driving-10] [0m[INFO] [1783000055.664013331] [self_driving]: [PARK !!!! ] park action complete[0m
[self_driving-10] [0m[INFO] [1783000055.664507219] [self_driving]: [1;36m[FSM] PARKING -> DONE[0m[0m
[self_driving-10] [0m[INFO] [1783000055.854042293] [self_driving]: [OBJECTS] msg_count=209 n=1 names=['crosswalk'][0m
[self_driving-10] [0m[INFO] [1783000055.856449905] [self_driving]: [CW_CANDIDATE] name=crosswalkcx=203 cy=300 area=20706 score=0.92 [0m
[self_driving-10] [0m[INFO] [1783000056.205321589] [self_driving]: [IMAGE] received count=929 shape=(480, 640, 3) queue=0[0m
[self_driving-10] [0m[INFO] [1783000056.543504571] [self_driving]: [OBJECTS] msg_count=211 n=1 names=['crosswalk'][0m
[self_driving-10] [0m[INFO] [1783000056.544323293] [self_driving]: [CW_CANDIDATE] name=crosswalkcx=112 cy=300 area=10800 score=0.85 [0m
[self_driving-10] [0m[INFO] [1783000057.156956107] [self_driving]: [OBJECTS] msg_count=213 n=1 names=['park'][0m
[self_driving-10] [0m[INFO] [1783000057.839539848] [self_driving]: [OBJECTS] msg_count=215 n=1 names=['park'][0m
[self_driving-10] [0m[INFO] [1783000058.226748644] [self_driving]: [IMAGE] received count=959 shape=(480, 640, 3) queue=0[0m
[self_driving-10] [0m[INFO] [1783000058.531539662] [self_driving]: [OBJECTS] msg_count=217 n=1 names=['park'][0m
[self_driving-10] [0m[INFO] [1783000059.161334532] [self_driving]: [OBJECTS] msg_count=219 n=1 names=['park'][0m
[self_driving-10] [0m[INFO] [1783000059.740202643] [self_driving]: [OBJECTS] msg_count=221 n=1 names=['park'][0m
[self_driving-10] [0m[INFO] [1783000060.295088420] [self_driving]: [IMAGE] received count=990 shape=(480, 640, 3) queue=0[0m
[self_driving-10] [0m[INFO] [1783000060.342758606] [self_driving]: [OBJECTS] msg_count=223 n=1 names=['park'][0m
[self_driving-10] [0m[INFO] [1783000060.990956401] [self_driving]: [OBJECTS] msg_count=225 n=1 names=['park'][0m
[self_driving-10] [0m[INFO] [1783000061.623400327] [self_driving]: [OBJECTS] msg_count=227 n=1 names=['park'][0m
[self_driving-10] [0m[INFO] [1783000062.222616660] [self_driving]: [OBJECTS] msg_count=229 n=1 names=['park'][0m
[self_driving-10] [0m[INFO] [1783000062.352296919] [self_driving]: [IMAGE] received count=1019 shape=(480, 640, 3) queue=0[0m
[self_driving-10] [0m[INFO] [1783000063.772047418] [self_driving]: [OBJECTS] msg_count=230 n=1 names=['crosswalk'][0m
[self_driving-10] [0m[INFO] [1783000063.774182270] [self_driving]: [CW_CANDIDATE] name=crosswalkcx=182 cy=162 area=32636 score=0.53 [0m
[self_driving-10] [0m[INFO] [1783000064.407577399] [self_driving]: [IMAGE] received count=1049 shape=(480, 640, 3) queue=0[0m
[self_driving-10] [0m[INFO] [1783000065.093530177] [self_driving]: [OBJECTS] msg_count=231 n=1 names=['red'][0m
[self_driving-10] [0m[INFO] [1783000065.094219362] [self_driving]: [TRAFFIC_CANDIDATE] name=red valid=True cx=621 cy=153 area=2835 score=0.53 min_area=270[0m
[self_driving-10] [0m[INFO] [1783000065.747511695] [self_driving]: [OBJECTS] msg_count=233 n=1 names=['red'][0m
[self_driving-10] [0m[INFO] [1783000065.748263102] [self_driving]: [TRAFFIC_CANDIDATE] name=red valid=True cx=573 cy=157 area=6804 score=0.42 min_area=270[0m
[self_driving-10] [0m[INFO] [1783000066.424961917] [self_driving]: [IMAGE] received count=1079 shape=(480, 640, 3) queue=0[0m
[self_driving-10] [0m[INFO] [1783000068.440299453] [self_driving]: [IMAGE] received count=1109 shape=(480, 640, 3) queue=0[0m
[self_driving-10] [0m[INFO] [1783000070.464271081] [self_driving]: [IMAGE] received count=1139 shape=(480, 640, 3) queue=0[0m
[self_driving-10] [0m[INFO] [1783000072.543925765] [self_driving]: [IMAGE] received count=1170 shape=(480, 640, 3) queue=0[0m
[self_driving-10] [0m[INFO] [1783000074.545773134] [self_driving]: [IMAGE] received count=1200 shape=(480, 640, 3) queue=0[0m
[self_driving-10] [0m[INFO] [1783000076.568597929] [self_driving]: [IMAGE] received count=1230 shape=(480, 640, 3) queue=0[0m
[self_driving-10] [0m[INFO] [1783000078.584095687] [self_driving]: [IMAGE] received count=1260 shape=(480, 640, 3) queue=0[0m
[self_driving-10] [0m[INFO] [1783000080.600348482] [self_driving]: [IMAGE] received count=1290 shape=(480, 640, 3) queue=0[0m
[self_driving-10] [0m[INFO] [1783000082.607172814] [self_driving]: [IMAGE] received count=1320 shape=(480, 640, 3) queue=0[0m
[self_driving-10] [0m[INFO] [1783000084.632610498] [self_driving]: [IMAGE] received count=1350 shape=(480, 640, 3) queue=0[0m
[self_driving-10] [0m[INFO] [1783000086.652992238] [self_driving]: [IMAGE] received count=1380 shape=(480, 640, 3) queue=0[0m
