[INFO] [launch]: All log files can be found below /home/ubuntu/.ros/log/2026-07-02-02-53-00-920731-raspberrypi-354012
[INFO] [launch]: Default logging verbosity is set to INFO
[INFO] [ascamera_node-1]: process started with pid [354028]
[INFO] [static_transform_publisher-2]: process started with pid [354030]
[INFO] [static_transform_publisher-3]: process started with pid [354032]
[INFO] [joint_state_publisher-4]: process started with pid [354034]
[INFO] [robot_state_publisher-5]: process started with pid [354036]
[INFO] [ros_robot_controller-6]: process started with pid [354038]
[INFO] [odom_publisher-7]: process started with pid [354059]
[INFO] [ekf_node-8]: process started with pid [354068]
[INFO] [yolo_detect-9]: process started with pid [354070]
[INFO] [self_driving-10]: process started with pid [354072]
[ascamera_node-1] [0m[INFO] [1782960781.673435186] [as_logger]: hello world angstrong camera ros2 node[0m
[static_transform_publisher-2] [33m[WARN] [1782960781.637978639] []: Old-style arguments are deprecated; see --help for new-style arguments[0m
[static_transform_publisher-3] [33m[WARN] [1782960781.637371432] []: Old-style arguments are deprecated; see --help for new-style arguments[0m
[static_transform_publisher-3] [0m[INFO] [1782960781.660224002] [static_transform_publisher_FWlxHnQSuJEJoF59]: Spinning until stopped - publishing transform
[static_transform_publisher-3] translation: ('0.000000', '0.000000', '0.000000')
[static_transform_publisher-3] rotation: ('-0.500000', '0.499602', '-0.500000', '0.500398')
[static_transform_publisher-3] from 'depth_cam' to 'ascamera_color_0'[0m
[static_transform_publisher-2] [0m[INFO] [1782960781.684966138] [static_transform_publisher_Aquveo7UMMGoH9ha]: Spinning until stopped - publishing transform
[static_transform_publisher-2] translation: ('0.000000', '0.000000', '0.000000')
[static_transform_publisher-2] rotation: ('-0.500000', '0.499602', '-0.500000', '0.500398')
[static_transform_publisher-2] from 'depth_cam' to 'ascamera_camera_link_0'[0m
[robot_state_publisher-5] [0m[INFO] [1782960781.703709259] [robot_state_publisher]: got segment base_footprint[0m
[robot_state_publisher-5] [0m[INFO] [1782960781.706653294] [robot_state_publisher]: got segment base_link[0m
[robot_state_publisher-5] [0m[INFO] [1782960781.706699665] [robot_state_publisher]: got segment depth_cam[0m
[robot_state_publisher-5] [0m[INFO] [1782960781.706710480] [robot_state_publisher]: got segment imu_link[0m
[robot_state_publisher-5] [0m[INFO] [1782960781.706718406] [robot_state_publisher]: got segment lidar_frame[0m
[robot_state_publisher-5] [0m[INFO] [1782960781.706726332] [robot_state_publisher]: got segment wheel_lb_Link[0m
[robot_state_publisher-5] [0m[INFO] [1782960781.706735258] [robot_state_publisher]: got segment wheel_lf_Link[0m
[robot_state_publisher-5] [0m[INFO] [1782960781.706743313] [robot_state_publisher]: got segment wheel_rb_Link[0m
[robot_state_publisher-5] [0m[INFO] [1782960781.706751109] [robot_state_publisher]: got segment wheel_rf_Link[0m
[ascamera_node-1] 2026-07-02 02:53:01[INFO] [CameraPublisher.cpp] [1558] [printLaunchParams] get depth_width 640
[ascamera_node-1] 2026-07-02 02:53:01[INFO] [CameraPublisher.cpp] [1559] [printLaunchParams] get depth_height 480
[ascamera_node-1] 2026-07-02 02:53:01[INFO] [CameraPublisher.cpp] [1561] [printLaunchParams] get rgb_width 640
[ascamera_node-1] 2026-07-02 02:53:01[INFO] [CameraPublisher.cpp] [1562] [printLaunchParams] get rgb_height 480
[ascamera_node-1] 2026-07-02 02:53:01[INFO] [CameraPublisher.cpp] [1570] [printLaunchParams] get set_fps 15
[ascamera_node-1] 2026-07-02 02:53:01[INFO] [CameraPublisher.cpp] [1578] [printLaunchParams] get color_pcl 1
[ascamera_node-1] 2026-07-02 02:53:01[INFO] [CameraPublisher.cpp] [1582] [printLaunchParams] get pub_tfTree 1
[ascamera_node-1] 2026-07-02 02:53:01[INFO] [CameraSrv.cpp] [35] [CameraSrv] Angstrong camera server
[ascamera_node-1] 2026-07-02 02:53:01[INFO] [CameraSrv.cpp] [45] [CameraSrv] Angstrong camera sdk version:v1.2.22.20240516
[odom_publisher-7] [0m[INFO] [1782960782.536127365] [odom_publisher]: [1;32m0.930000 1.010000[0m[0m
[joint_state_publisher-4] [0m[INFO] [1782960782.552485547] [joint_state_publisher]: Waiting for robot_description to be published on the robot_description topic...[0m
[odom_publisher-7] [0m[INFO] [1782960782.566062973] [odom_publisher]: [1;32mstart[0m[0m
[ascamera_node-1] 2026-07-02 02:53:02[INFO] [CameraSrv.cpp] [114] [onAttached] attached
[ascamera_node-1] 2026-07-02 02:53:02[INFO] [CameraSrv.cpp] [145] [onAttached] this is a new attach device, create and open it
[ros_robot_controller-6] [0m[INFO] [1782960783.226892563] [ros_robot_controller]: 已设置舵机 1 的偏移量为 0[0m
[ros_robot_controller-6] [0m[INFO] [1782960783.228341015] [ros_robot_controller]: 已设置舵机 2 的偏移量为 0[0m
[ros_robot_controller-6] [0m[INFO] [1782960783.229341261] [ros_robot_controller]: 已设置舵机 3 的偏移量为 4[0m
[ros_robot_controller-6] [0m[INFO] [1782960783.230313878] [ros_robot_controller]: 已设置舵机 4 的偏移量为 0[0m
[ros_robot_controller-6] [0m[INFO] [1782960783.235382591] [ros_robot_controller]: [1;32mstart[0m[0m
[self_driving-10] [0m[INFO] [1782960783.257886844] [self_driving]: [INIT] init_process started[0m
[self_driving-10] [0m[INFO] [1782960783.258385939] [self_driving]: [INIT] only_line_follow=False[0m
[self_driving-10] [0m[INFO] [1782960783.258787904] [self_driving]: [INIT] request /yolov5/start[0m
[ascamera_node-1] 2026-07-02 02:53:03[INFO] [CameraSrv.cpp] [154] [onAttached] get model type 9
[ascamera_node-1] 2026-07-02 02:53:03[INFO] [CameraSrv.cpp] [342] [getConfigFile] get file: /home/ubuntu/third_party_ros2/third_party_ws/src/ascamera/configurationfiles/hp60c_v2_00_20230704_configEncrypt.json
[ascamera_node-1] 2026-07-02 02:53:03[INFO] [CameraPublisher.cpp] [1501] [logCameraPathInfo] usb camera
[ascamera_node-1] 2026-07-02 02:53:03[INFO] [CameraPublisher.cpp] [1502] [logCameraPathInfo] bnum:1
[ascamera_node-1] 2026-07-02 02:53:03[INFO] [CameraPublisher.cpp] [1503] [logCameraPathInfo] dnum:31
[ascamera_node-1] 2026-07-02 02:53:03[INFO] [CameraPublisher.cpp] [1504] [logCameraPathInfo] port_numbers:2
[ascamera_node-1] 2026-07-02 02:53:03[INFO] [CameraPublisher.cpp] [171] [onCameraAttached] create a new publisher info set
[ascamera_node-1] 2026-07-02 02:53:03[INFO] [TfTreeFrameIdInfo.cpp] [11] [TfTreeFrameIdInfo] Namespace /ascamera
[ascamera_node-1] 2026-07-02 02:53:03[INFO] [CameraHp60c.cpp] [128] [open] according to the configuration file.
[ascamera_node-1] 2026-07-02 02:53:03[INFO] [CameraHp60c.cpp] [1528] [parseConfigFileParameter] moduleName:AS_CAM_HP60C
[ascamera_node-1] 2026-07-02 02:53:03[INFO] [CameraHp60c.cpp] [1555] [parseConfigFileParameter] Parsing config file /home/ubuntu/third_party_ros2/third_party_ws/src/ascamera/configurationfiles/hp60c_v2_00_20230704_configEncrypt.json
[ascamera_node-1] 2026-07-02 02:53:03[INFO] [CameraHp60c.cpp] [1620] [parseConfigFileParameter] configuration protocol Version: v2.x
[ascamera_node-1] 2026-07-02 02:53:03[INFO] [CameraHp60c.cpp] [1631] [parseConfigFileParameter] configuration Version: v2.0.0.20230704
[ascamera_node-1] 2026-07-02 02:53:03[INFO] [CameraHp60c.cpp] [1796] [setParamersAfterOpenCam] Camera confiParaEnable true, setting configuration parameter
[ascamera_node-1] 2026-07-02 02:53:04[ERROR] [UvcCamera.cpp] [279] [cmdMsg] do usb contorl transfer failed, ret -4
[ascamera_node-1] 2026-07-02 02:53:04[ERROR] [XuCmdCameraHp60c.cpp] [34] [xucmd_write] write command, ret: -2
[ascamera_node-1] 2026-07-02 02:53:04[ERROR] [XuCmdCameraHp60c.cpp] [507] [setAeMode] set AE mode failed
[ascamera_node-1] 2026-07-02 02:53:04[ERROR] [UvcCamera.cpp] [279] [cmdMsg] do usb contorl transfer failed, ret -4
[ascamera_node-1] 2026-07-02 02:53:04[ERROR] [XuCmdCameraHp60c.cpp] [34] [xucmd_write] write command, ret: -2
[ascamera_node-1] 2026-07-02 02:53:04[ERROR] [XuCmdCameraHp60c.cpp] [475] [setLightingTime] set LightingTime(T) failed
[ascamera_node-1] 2026-07-02 02:53:04[ERROR] [UvcCamera.cpp] [279] [cmdMsg] do usb contorl transfer failed, ret -4
[ascamera_node-1] 2026-07-02 02:53:04[ERROR] [XuCmdCameraHp60c.cpp] [34] [xucmd_write] write command, ret: -2
[ascamera_node-1] 2026-07-02 02:53:04[ERROR] [XuCmdCameraHp60c.cpp] [549] [setCurrentIntensity] set current intensity failed
[ascamera_node-1] 2026-07-02 02:53:04[ERROR] [UvcCamera.cpp] [279] [cmdMsg] do usb contorl transfer failed, ret -4
[ascamera_node-1] 2026-07-02 02:53:04[ERROR] [XuCmdCameraHp60c.cpp] [34] [xucmd_write] write command, ret: -2
[ascamera_node-1] 2026-07-02 02:53:04[ERROR] [XuCmdCameraHp60c.cpp] [369] [setGain] set Gain(G) failed
[ascamera_node-1] 2026-07-02 02:53:05[ERROR] [UvcCamera.cpp] [279] [cmdMsg] do usb contorl transfer failed, ret -4
[ascamera_node-1] 2026-07-02 02:53:05[ERROR] [XuCmdCameraHp60c.cpp] [34] [xucmd_write] write command, ret: -2
[ascamera_node-1] 2026-07-02 02:53:05[ERROR] [XuCmdCameraHp60c.cpp] [198] [setHimaxConfidenceLevel] set confidence level failed
[ascamera_node-1] 2026-07-02 02:53:05[ERROR] [UvcCamera.cpp] [279] [cmdMsg] do usb contorl transfer failed, ret -4
[ascamera_node-1] 2026-07-02 02:53:05[ERROR] [XuCmdCameraHp60c.cpp] [34] [xucmd_write] write command, ret: -2
[ascamera_node-1] 2026-07-02 02:53:05[ERROR] [XuCmdCameraHp60c.cpp] [235] [setHimaxSdLevel] set sd  level failed
[ascamera_node-1] 2026-07-02 02:53:05[ERROR] [UvcCamera.cpp] [279] [cmdMsg] do usb contorl transfer failed, ret -4
[ascamera_node-1] 2026-07-02 02:53:05[ERROR] [XuCmdCameraHp60c.cpp] [34] [xucmd_write] write command, ret: -2
[ascamera_node-1] 2026-07-02 02:53:05[ERROR] [XuCmdCameraHp60c.cpp] [271] [setHimaxTd] set time denoise failed
[ascamera_node-1] 2026-07-02 02:53:05[ERROR] [UvcCamera.cpp] [279] [cmdMsg] do usb contorl transfer failed, ret -4
[ascamera_node-1] 2026-07-02 02:53:05[ERROR] [XuCmdCameraHp60c.cpp] [54] [xucmd_read] read command, ret: -2
[ascamera_node-1] 2026-07-02 02:53:05[ERROR] [XuCmdCameraHp60c.cpp] [140] [getFwVersion] get fw version failed
[ascamera_node-1] 2026-07-02 02:53:05[ERROR] [XuCmdCameraHp60c.cpp] [434] [getMjpegSize] can't found info in the fw version string
[ascamera_node-1] 2026-07-02 02:53:05[INFO] [CameraPublisher.cpp] [356] [onCameraOpen] camera opened
[ascamera_node-1] 2026-07-02 02:53:05[INFO] [CameraPublisher.cpp] [370] [onCameraOpen] get config info, ret 0, is_Registration 1
[ascamera_node-1] 2026-07-02 02:53:05[ERROR] [UvcCamera.cpp] [279] [cmdMsg] do usb contorl transfer failed, ret -4
[ascamera_node-1] 2026-07-02 02:53:05[ERROR] [XuCmdCameraHp60c.cpp] [54] [xucmd_read] read command, ret: -2
[ascamera_node-1] 2026-07-02 02:53:05[ERROR] [XuCmdCameraHp60c.cpp] [104] [getSn] get sn failed
[ascamera_node-1] 2026-07-02 02:53:05[ERROR] [CameraHp60c.cpp] [378] [getSerialNo] get sn fail.
[ascamera_node-1] 2026-07-02 02:53:05[ERROR] [as_camera_sdk_api.cpp] [434] [AS_SDK_GetSerialNumber] get serialno fail.
[ascamera_node-1] 2026-07-02 02:53:05[ERROR] [Camera.cpp] [53] [init] get camera serial number failed
[ascamera_node-1] 2026-07-02 02:53:05[ERROR] [UvcCamera.cpp] [279] [cmdMsg] do usb contorl transfer failed, ret -4
[ascamera_node-1] 2026-07-02 02:53:05[ERROR] [XuCmdCameraHp60c.cpp] [34] [xucmd_write] write command, ret: -2
[ascamera_node-1] 2026-07-02 02:53:05[INFO] [CameraPublisher.cpp] [1183] [setResolution] set depth resolution: 640 x 480 @ 15fps
[ascamera_node-1] 2026-07-02 02:53:05[ERROR] [UvcCamera.cpp] [279] [cmdMsg] do usb contorl transfer failed, ret -4
[ascamera_node-1] 2026-07-02 02:53:05[ERROR] [XuCmdCameraHp60c.cpp] [34] [xucmd_write] write command, ret: -2
[ascamera_node-1] 2026-07-02 02:53:05[INFO] [CameraPublisher.cpp] [1197] [setResolution] set rgb resolution: 640 x 480 @ 15fps
[ascamera_node-1] 2026-07-02 02:53:05[ERROR] [UvcCamera.cpp] [279] [cmdMsg] do usb contorl transfer failed, ret -4
[ascamera_node-1] 2026-07-02 02:53:05[ERROR] [XuCmdCameraHp60c.cpp] [34] [xucmd_write] write command, ret: -2
[ascamera_node-1] 2026-07-02 02:53:05[ERROR] [UvcCamera.cpp] [279] [cmdMsg] do usb contorl transfer failed, ret -4
[ascamera_node-1] 2026-07-02 02:53:05[ERROR] [XuCmdCameraHp60c.cpp] [34] [xucmd_write] write command, ret: -2
[ascamera_node-1] 2026-07-02 02:53:05[ERROR] [XuCmdCameraHp60c.cpp] [308] [setTemperatureDrifgingCompensation] set confidence level failed
[ascamera_node-1] 2026-07-02 02:53:05[ERROR] [UvcCamera.cpp] [241] [start] uvc_start_streaming:No such device
[ascamera_node-1] 2026-07-02 02:53:05[ERROR] [CameraSrv.cpp] [195] [onAttached] start stream, ret: -86
[ascamera_node-1] 2026-07-02 02:53:05[INFO] [CameraSrv.cpp] [208] [onDetached] detached
[ascamera_node-1] 2026-07-02 02:53:05[INFO] [CameraSrv.cpp] [223] [onDetached] close and delete it from the list
[ascamera_node-1] 2026-07-02 02:53:05[WARN] [CameraHp60c.cpp] [271] [stopStreaming] The camera is not started
[ascamera_node-1] 2026-07-02 02:53:05[INFO] [CameraSrv.cpp] [229] [onDetached] stop stream success
[ascamera_node-1] 2026-07-02 02:53:05[INFO] [CameraSrv.cpp] [236] [onDetached] close camera success
[ascamera_node-1] 2026-07-02 02:53:05[INFO] [CameraPublisher.cpp] [286] [onCameraDetached] camera detached
[ascamera_node-1] 2026-07-02 02:53:05[INFO] [CameraSrv.cpp] [241] [onDetached] destory camera success
[ascamera_node-1] 2026-07-02 02:53:05[INFO] [CameraSrv.cpp] [277] [onDetached] detached end
[self_driving-10] [33m[WARN] [1782960785.262119324] [self_driving]: [YOLO_SERVICE] service not ready, continue without blocking[0m
[self_driving-10] [0m[INFO] [1782960785.763386075] [self_driving]: [INIT] enter + set_running start[0m
[self_driving-10] [0m[INFO] [1782960785.764364932] [self_driving]: [1;32mself driving enter[0m[0m
[self_driving-10] [0m[INFO] [1782960785.777833246] [self_driving]: [SUB] image=/ascamera/camera_publisher/rgb0/image object=/yolov5_ros2/object_detect[0m
[self_driving-10] [0m[INFO] [1782960785.779137420] [self_driving]: [1;32mset_running[0m[0m
[self_driving-10] [0m[INFO] [1782960785.783793798] [self_driving]: [1;32m[START] hybrid self_driving start: auto LINE_FOLLOW[0m[0m
[ascamera_node-1] 2026-07-02 02:53:06[INFO] [CameraSrv.cpp] [114] [onAttached] attached
[ascamera_node-1] 2026-07-02 02:53:06[INFO] [CameraSrv.cpp] [145] [onAttached] this is a new attach device, create and open it
[INFO] [apply_calib-11]: process started with pid [354220]
[INFO] [complementary_filter_node-12]: process started with pid [354222]
[apply_calib-11] [0m[INFO] [1782960787.035475852] [imu_calib]: Calibrating gyros; do not move the IMU[0m
[complementary_filter_node-12] [0m[INFO] [1782960787.040884844] [imu_filter]: Starting ComplementaryFilterROS[0m
[ascamera_node-1] 2026-07-02 02:53:07[INFO] [CameraSrv.cpp] [202] [onAttached] attached end
[ascamera_node-1] 2026-07-02 02:53:07[INFO] [CameraSrv.cpp] [208] [onDetached] detached
[ascamera_node-1] 2026-07-02 02:53:07[INFO] [CameraSrv.cpp] [277] [onDetached] detached end
[ascamera_node-1] 2026-07-02 02:53:08[INFO] [CameraSrv.cpp] [114] [onAttached] attached
[ascamera_node-1] 2026-07-02 02:53:08[INFO] [CameraSrv.cpp] [145] [onAttached] this is a new attach device, create and open it
[yolo_detect-9] [0m[INFO] [1782960788.288161004] [yolov5_ros2]: Current ROS 2 distribution: humble[0m
[apply_calib-11] [0m[INFO] [1782960789.064434560] [imu_calib]: Gyro calibration complete! (bias = [-0.007, 0.031, 0.001])[0m
[ascamera_node-1] 2026-07-02 02:53:09[INFO] [CameraSrv.cpp] [154] [onAttached] get model type 9
[ascamera_node-1] 2026-07-02 02:53:09[INFO] [CameraSrv.cpp] [342] [getConfigFile] get file: /home/ubuntu/third_party_ros2/third_party_ws/src/ascamera/configurationfiles/hp60c_v2_00_20230704_configEncrypt.json
[ascamera_node-1] 2026-07-02 02:53:09[INFO] [CameraPublisher.cpp] [1501] [logCameraPathInfo] usb camera
[ascamera_node-1] 2026-07-02 02:53:09[INFO] [CameraPublisher.cpp] [1502] [logCameraPathInfo] bnum:1
[ascamera_node-1] 2026-07-02 02:53:09[INFO] [CameraPublisher.cpp] [1503] [logCameraPathInfo] dnum:33
[ascamera_node-1] 2026-07-02 02:53:09[INFO] [CameraPublisher.cpp] [1504] [logCameraPathInfo] port_numbers:2
[ascamera_node-1] 2026-07-02 02:53:09[INFO] [CameraPublisher.cpp] [137] [onCameraAttached] reconnected, update the camera info
[ascamera_node-1] 2026-07-02 02:53:09[INFO] [TfTreeFrameIdInfo.cpp] [11] [TfTreeFrameIdInfo] Namespace /ascamera
[ascamera_node-1] 2026-07-02 02:53:09[INFO] [CameraHp60c.cpp] [128] [open] according to the configuration file.
[ascamera_node-1] 2026-07-02 02:53:09[INFO] [CameraHp60c.cpp] [1528] [parseConfigFileParameter] moduleName:AS_CAM_HP60C
[ascamera_node-1] 2026-07-02 02:53:09[INFO] [CameraHp60c.cpp] [1555] [parseConfigFileParameter] Parsing config file /home/ubuntu/third_party_ros2/third_party_ws/src/ascamera/configurationfiles/hp60c_v2_00_20230704_configEncrypt.json
[ascamera_node-1] 2026-07-02 02:53:09[INFO] [CameraHp60c.cpp] [1620] [parseConfigFileParameter] configuration protocol Version: v2.x
[ascamera_node-1] 2026-07-02 02:53:09[INFO] [CameraHp60c.cpp] [1631] [parseConfigFileParameter] configuration Version: v2.0.0.20230704
[ascamera_node-1] 2026-07-02 02:53:09[INFO] [CameraHp60c.cpp] [1796] [setParamersAfterOpenCam] Camera confiParaEnable true, setting configuration parameter
[ascamera_node-1] 2026-07-02 02:53:10[ERROR] [UvcCamera.cpp] [279] [cmdMsg] do usb contorl transfer failed, ret -4
[ascamera_node-1] 2026-07-02 02:53:10[ERROR] [XuCmdCameraHp60c.cpp] [34] [xucmd_write] write command, ret: -2
[ascamera_node-1] 2026-07-02 02:53:10[ERROR] [XuCmdCameraHp60c.cpp] [507] [setAeMode] set AE mode failed
[ascamera_node-1] 2026-07-02 02:53:10[ERROR] [UvcCamera.cpp] [279] [cmdMsg] do usb contorl transfer failed, ret -4
[ascamera_node-1] 2026-07-02 02:53:10[ERROR] [XuCmdCameraHp60c.cpp] [34] [xucmd_write] write command, ret: -2
[ascamera_node-1] 2026-07-02 02:53:10[ERROR] [XuCmdCameraHp60c.cpp] [475] [setLightingTime] set LightingTime(T) failed
[ascamera_node-1] 2026-07-02 02:53:10[ERROR] [UvcCamera.cpp] [279] [cmdMsg] do usb contorl transfer failed, ret -4
[ascamera_node-1] 2026-07-02 02:53:10[ERROR] [XuCmdCameraHp60c.cpp] [34] [xucmd_write] write command, ret: -2
[ascamera_node-1] 2026-07-02 02:53:10[ERROR] [XuCmdCameraHp60c.cpp] [549] [setCurrentIntensity] set current intensity failed
[ascamera_node-1] 2026-07-02 02:53:10[ERROR] [UvcCamera.cpp] [279] [cmdMsg] do usb contorl transfer failed, ret -4
[ascamera_node-1] 2026-07-02 02:53:10[ERROR] [XuCmdCameraHp60c.cpp] [34] [xucmd_write] write command, ret: -2
[ascamera_node-1] 2026-07-02 02:53:10[ERROR] [XuCmdCameraHp60c.cpp] [369] [setGain] set Gain(G) failed
[ascamera_node-1] 2026-07-02 02:53:10[ERROR] [UvcCamera.cpp] [279] [cmdMsg] do usb contorl transfer failed, ret -4
[ascamera_node-1] 2026-07-02 02:53:10[ERROR] [XuCmdCameraHp60c.cpp] [34] [xucmd_write] write command, ret: -2
[ascamera_node-1] 2026-07-02 02:53:10[ERROR] [XuCmdCameraHp60c.cpp] [198] [setHimaxConfidenceLevel] set confidence level failed
[ascamera_node-1] 2026-07-02 02:53:10[ERROR] [UvcCamera.cpp] [279] [cmdMsg] do usb contorl transfer failed, ret -4
[ascamera_node-1] 2026-07-02 02:53:10[ERROR] [XuCmdCameraHp60c.cpp] [34] [xucmd_write] write command, ret: -2
[ascamera_node-1] 2026-07-02 02:53:10[ERROR] [XuCmdCameraHp60c.cpp] [235] [setHimaxSdLevel] set sd  level failed
[ascamera_node-1] 2026-07-02 02:53:10[ERROR] [UvcCamera.cpp] [279] [cmdMsg] do usb contorl transfer failed, ret -4
[ascamera_node-1] 2026-07-02 02:53:10[ERROR] [XuCmdCameraHp60c.cpp] [34] [xucmd_write] write command, ret: -2
[ascamera_node-1] 2026-07-02 02:53:10[ERROR] [XuCmdCameraHp60c.cpp] [271] [setHimaxTd] set time denoise failed
[ascamera_node-1] 2026-07-02 02:53:10[ERROR] [UvcCamera.cpp] [279] [cmdMsg] do usb contorl transfer failed, ret -4
[ascamera_node-1] 2026-07-02 02:53:10[ERROR] [XuCmdCameraHp60c.cpp] [54] [xucmd_read] read command, ret: -2
[ascamera_node-1] 2026-07-02 02:53:10[ERROR] [XuCmdCameraHp60c.cpp] [140] [getFwVersion] get fw version failed
[ascamera_node-1] 2026-07-02 02:53:10[ERROR] [XuCmdCameraHp60c.cpp] [434] [getMjpegSize] can't found info in the fw version string
[ascamera_node-1] 2026-07-02 02:53:10[INFO] [CameraPublisher.cpp] [356] [onCameraOpen] camera opened
[ascamera_node-1] 2026-07-02 02:53:10[INFO] [CameraPublisher.cpp] [370] [onCameraOpen] get config info, ret 0, is_Registration 1
[ascamera_node-1] 2026-07-02 02:53:10[ERROR] [UvcCamera.cpp] [279] [cmdMsg] do usb contorl transfer failed, ret -4
[ascamera_node-1] 2026-07-02 02:53:10[ERROR] [XuCmdCameraHp60c.cpp] [54] [xucmd_read] read command, ret: -2
[ascamera_node-1] 2026-07-02 02:53:10[ERROR] [XuCmdCameraHp60c.cpp] [104] [getSn] get sn failed
[ascamera_node-1] 2026-07-02 02:53:10[ERROR] [CameraHp60c.cpp] [378] [getSerialNo] get sn fail.
[ascamera_node-1] 2026-07-02 02:53:10[ERROR] [as_camera_sdk_api.cpp] [434] [AS_SDK_GetSerialNumber] get serialno fail.
[ascamera_node-1] 2026-07-02 02:53:10[ERROR] [Camera.cpp] [53] [init] get camera serial number failed
[ascamera_node-1] 2026-07-02 02:53:10[ERROR] [UvcCamera.cpp] [279] [cmdMsg] do usb contorl transfer failed, ret -4
[ascamera_node-1] 2026-07-02 02:53:10[ERROR] [XuCmdCameraHp60c.cpp] [34] [xucmd_write] write command, ret: -2
[ascamera_node-1] 2026-07-02 02:53:10[INFO] [CameraPublisher.cpp] [1183] [setResolution] set depth resolution: 640 x 480 @ 15fps
[ascamera_node-1] 2026-07-02 02:53:10[ERROR] [UvcCamera.cpp] [279] [cmdMsg] do usb contorl transfer failed, ret -4
[ascamera_node-1] 2026-07-02 02:53:10[ERROR] [XuCmdCameraHp60c.cpp] [34] [xucmd_write] write command, ret: -2
[ascamera_node-1] 2026-07-02 02:53:10[INFO] [CameraPublisher.cpp] [1197] [setResolution] set rgb resolution: 640 x 480 @ 15fps
[ascamera_node-1] 2026-07-02 02:53:10[ERROR] [UvcCamera.cpp] [279] [cmdMsg] do usb contorl transfer failed, ret -4
[ascamera_node-1] 2026-07-02 02:53:10[ERROR] [XuCmdCameraHp60c.cpp] [34] [xucmd_write] write command, ret: -2
[ascamera_node-1] 2026-07-02 02:53:10[ERROR] [UvcCamera.cpp] [279] [cmdMsg] do usb contorl transfer failed, ret -4
[ascamera_node-1] 2026-07-02 02:53:10[ERROR] [XuCmdCameraHp60c.cpp] [34] [xucmd_write] write command, ret: -2
[ascamera_node-1] 2026-07-02 02:53:10[ERROR] [XuCmdCameraHp60c.cpp] [308] [setTemperatureDrifgingCompensation] set confidence level failed
[ascamera_node-1] 2026-07-02 02:53:10[ERROR] [UvcCamera.cpp] [241] [start] uvc_start_streaming:No such device
[ascamera_node-1] 2026-07-02 02:53:10[ERROR] [CameraSrv.cpp] [195] [onAttached] start stream, ret: -86
[ascamera_node-1] 2026-07-02 02:53:10[INFO] [CameraSrv.cpp] [208] [onDetached] detached
[ascamera_node-1] 2026-07-02 02:53:11[ERROR] [UvcCamera.cpp] [279] [cmdMsg] do usb contorl transfer failed, ret -4
[ascamera_node-1] 2026-07-02 02:53:11[ERROR] [XuCmdCameraHp60c.cpp] [34] [xucmd_write] write command, ret: -2
[ascamera_node-1] 2026-07-02 02:53:11[ERROR] [UvcCamera.cpp] [279] [cmdMsg] do usb contorl transfer failed, ret -4
[ascamera_node-1] 2026-07-02 02:53:11[ERROR] [XuCmdCameraHp60c.cpp] [34] [xucmd_write] write command, ret: -2
[ascamera_node-1] 2026-07-02 02:53:11[ERROR] [XuCmdCameraHp60c.cpp] [308] [setTemperatureDrifgingCompensation] set confidence level failed
[ascamera_node-1] 2026-07-02 02:53:11[ERROR] [UvcCamera.cpp] [241] [start] uvc_start_streaming:No such device
[ascamera_node-1] 2026-07-02 02:53:11[INFO] [CameraSrv.cpp] [223] [onDetached] close and delete it from the list
[ascamera_node-1] 2026-07-02 02:53:11[WARN] [CameraHp60c.cpp] [271] [stopStreaming] The camera is not started
[ascamera_node-1] 2026-07-02 02:53:11[INFO] [CameraSrv.cpp] [229] [onDetached] stop stream success
[ascamera_node-1] 2026-07-02 02:53:11[INFO] [CameraSrv.cpp] [236] [onDetached] close camera success
[ascamera_node-1] 2026-07-02 02:53:11[INFO] [CameraPublisher.cpp] [286] [onCameraDetached] camera detached
[ascamera_node-1] 2026-07-02 02:53:11[INFO] [CameraSrv.cpp] [241] [onDetached] destory camera success
[ascamera_node-1] 2026-07-02 02:53:11[INFO] [CameraSrv.cpp] [277] [onDetached] detached end
[ascamera_node-1] 2026-07-02 02:53:12[INFO] [CameraSrv.cpp] [114] [onAttached] attached
[ascamera_node-1] 2026-07-02 02:53:12[INFO] [CameraSrv.cpp] [145] [onAttached] this is a new attach device, create and open it
[ascamera_node-1] 2026-07-02 02:53:13[INFO] [CameraSrv.cpp] [154] [onAttached] get model type 9
[ascamera_node-1] 2026-07-02 02:53:13[INFO] [CameraSrv.cpp] [342] [getConfigFile] get file: /home/ubuntu/third_party_ros2/third_party_ws/src/ascamera/configurationfiles/hp60c_v2_00_20230704_configEncrypt.json
[ascamera_node-1] 2026-07-02 02:53:13[INFO] [CameraPublisher.cpp] [1501] [logCameraPathInfo] usb camera
[ascamera_node-1] 2026-07-02 02:53:13[INFO] [CameraPublisher.cpp] [1502] [logCameraPathInfo] bnum:1
[ascamera_node-1] 2026-07-02 02:53:13[INFO] [CameraPublisher.cpp] [1503] [logCameraPathInfo] dnum:34
[ascamera_node-1] 2026-07-02 02:53:13[INFO] [CameraPublisher.cpp] [1504] [logCameraPathInfo] port_numbers:2
[ascamera_node-1] 2026-07-02 02:53:13[INFO] [CameraPublisher.cpp] [137] [onCameraAttached] reconnected, update the camera info
[ascamera_node-1] 2026-07-02 02:53:13[INFO] [TfTreeFrameIdInfo.cpp] [11] [TfTreeFrameIdInfo] Namespace /ascamera
[ascamera_node-1] 2026-07-02 02:53:13[ERROR] [UvcCamera.cpp] [67] [UvcCamera] uvc_find_device
[ascamera_node-1] 2026-07-02 02:53:13[INFO] [CameraHp60c.cpp] [128] [open] according to the configuration file.
[ascamera_node-1] 2026-07-02 02:53:13[INFO] [CameraHp60c.cpp] [1528] [parseConfigFileParameter] moduleName:AS_CAM_HP60C
[ascamera_node-1] 2026-07-02 02:53:13[INFO] [CameraHp60c.cpp] [1555] [parseConfigFileParameter] Parsing config file /home/ubuntu/third_party_ros2/third_party_ws/src/ascamera/configurationfiles/hp60c_v2_00_20230704_configEncrypt.json
[ascamera_node-1] 2026-07-02 02:53:13[INFO] [CameraHp60c.cpp] [1620] [parseConfigFileParameter] configuration protocol Version: v2.x
[ascamera_node-1] 2026-07-02 02:53:13[INFO] [CameraHp60c.cpp] [1631] [parseConfigFileParameter] configuration Version: v2.0.0.20230704
[ascamera_node-1] 2026-07-02 02:53:13[ERROR] [UvcCamera.cpp] [99] [open] can't open the device, find device failed
[ascamera_node-1] 2026-07-02 02:53:13[ERROR] [as_camera_sdk_api.cpp] [304] [AS_SDK_OpenCamera] init camera error, maybe reopen can solve it
[ascamera_node-1] 2026-07-02 02:53:13[ERROR] [CameraSrv.cpp] [170] [onAttached] open camera, ret: -82
[ascamera_node-1] 2026-07-02 02:53:13[INFO] [CameraSrv.cpp] [208] [onDetached] detached
[ascamera_node-1] 2026-07-02 02:53:14[INFO] [CameraSrv.cpp] [223] [onDetached] close and delete it from the list
[ascamera_node-1] 2026-07-02 02:53:14[ERROR] [as_camera_sdk_api.cpp] [390] [AS_SDK_StopStream] please open camera first
[ascamera_node-1] 2026-07-02 02:53:14[INFO] [CameraSrv.cpp] [227] [onDetached] stop stream failed
[ascamera_node-1] 2026-07-02 02:53:14[INFO] [as_camera_sdk_api.cpp] [327] [AS_SDK_CloseCamera] This camera not open yet
[ascamera_node-1] 2026-07-02 02:53:14[INFO] [CameraSrv.cpp] [236] [onDetached] close camera success
[ascamera_node-1] 2026-07-02 02:53:14[INFO] [CameraPublisher.cpp] [286] [onCameraDetached] camera detached
[ascamera_node-1] 2026-07-02 02:53:14[INFO] [CameraSrv.cpp] [241] [onDetached] destory camera success
[ascamera_node-1] 2026-07-02 02:53:14[INFO] [CameraSrv.cpp] [277] [onDetached] detached end
[ascamera_node-1] 2026-07-02 02:53:15[INFO] [CameraSrv.cpp] [114] [onAttached] attached
[ascamera_node-1] 2026-07-02 02:53:15[INFO] [CameraSrv.cpp] [145] [onAttached] this is a new attach device, create and open it
[ascamera_node-1] 2026-07-02 02:53:16[INFO] [CameraSrv.cpp] [154] [onAttached] get model type 9
[ascamera_node-1] 2026-07-02 02:53:16[INFO] [CameraSrv.cpp] [342] [getConfigFile] get file: /home/ubuntu/third_party_ros2/third_party_ws/src/ascamera/configurationfiles/hp60c_v2_00_20230704_configEncrypt.json
[ascamera_node-1] 2026-07-02 02:53:16[INFO] [CameraPublisher.cpp] [1501] [logCameraPathInfo] usb camera
[ascamera_node-1] 2026-07-02 02:53:16[INFO] [CameraPublisher.cpp] [1502] [logCameraPathInfo] bnum:1
[ascamera_node-1] 2026-07-02 02:53:16[INFO] [CameraPublisher.cpp] [1503] [logCameraPathInfo] dnum:35
[ascamera_node-1] 2026-07-02 02:53:16[INFO] [CameraPublisher.cpp] [1504] [logCameraPathInfo] port_numbers:2
[ascamera_node-1] 2026-07-02 02:53:16[INFO] [CameraPublisher.cpp] [137] [onCameraAttached] reconnected, update the camera info
[ascamera_node-1] 2026-07-02 02:53:16[INFO] [TfTreeFrameIdInfo.cpp] [11] [TfTreeFrameIdInfo] Namespace /ascamera
[ascamera_node-1] 2026-07-02 02:53:16[INFO] [CameraHp60c.cpp] [128] [open] according to the configuration file.
[ascamera_node-1] 2026-07-02 02:53:16[INFO] [CameraHp60c.cpp] [1528] [parseConfigFileParameter] moduleName:AS_CAM_HP60C
[ascamera_node-1] 2026-07-02 02:53:16[INFO] [CameraHp60c.cpp] [1555] [parseConfigFileParameter] Parsing config file /home/ubuntu/third_party_ros2/third_party_ws/src/ascamera/configurationfiles/hp60c_v2_00_20230704_configEncrypt.json
[ascamera_node-1] 2026-07-02 02:53:16[INFO] [CameraHp60c.cpp] [1620] [parseConfigFileParameter] configuration protocol Version: v2.x
[ascamera_node-1] 2026-07-02 02:53:16[INFO] [CameraHp60c.cpp] [1631] [parseConfigFileParameter] configuration Version: v2.0.0.20230704
[ascamera_node-1] 2026-07-02 02:53:16[INFO] [CameraHp60c.cpp] [1796] [setParamersAfterOpenCam] Camera confiParaEnable true, setting configuration parameter
[ascamera_node-1] 2026-07-02 02:53:17[ERROR] [XuCmdCameraHp60c.cpp] [454] [getMjpegSize] get mjpeg from xu command failed
[ascamera_node-1] 2026-07-02 02:53:17[INFO] [XuCmdCameraHp60c.cpp] [458] [getMjpegSize] mjpeg size:640x480
[ascamera_node-1] 2026-07-02 02:53:17[INFO] [CameraPublisher.cpp] [356] [onCameraOpen] camera opened
[ascamera_node-1] 2026-07-02 02:53:17[INFO] [CameraPublisher.cpp] [370] [onCameraOpen] get config info, ret 0, is_Registration 1
[ascamera_node-1] 2026-07-02 02:53:17[INFO] [Camera.cpp] [61] [init] #camera[0x5555f0bea710] SN[ASC60CF08000515]'s firmware version:DLS_VERc20865=:V01.09_2024110714:V01.19_2024110714:L01
[ascamera_node-1] 2026-07-02 02:53:17[INFO] [CameraPublisher.cpp] [1183] [setResolution] set depth resolution: 640 x 480 @ 15fps
[ascamera_node-1] 2026-07-02 02:53:17[INFO] [CameraPublisher.cpp] [1197] [setResolution] set rgb resolution: 640 x 480 @ 15fps
[ascamera_node-1] 2026-07-02 02:53:17[INFO] [CameraHp60c.cpp] [260] [startStreaming] start streaming
[ascamera_node-1] 2026-07-02 02:53:17[INFO] [CameraSrv.cpp] [202] [onAttached] attached end
[ascamera_node-1] 2026-07-02 02:53:19[INFO] [CameraHp60c.cpp] [912] [setInternalParameter] mjpeg info: size(640x480)
[ascamera_node-1] 2026-07-02 02:53:19[INFO] [Camera.cpp] [127] [backgroundThread] SN [ ASC60CF08000515 ]'s parameter:
[ascamera_node-1] 2026-07-02 02:53:19[INFO] [Camera.cpp] [128] [backgroundThread] irfx: 426.962
[ascamera_node-1] 2026-07-02 02:53:19[INFO] [Camera.cpp] [129] [backgroundThread] irfy: 426.374
[ascamera_node-1] 2026-07-02 02:53:19[INFO] [Camera.cpp] [130] [backgroundThread] ircx: 315.403
[ascamera_node-1] 2026-07-02 02:53:19[INFO] [Camera.cpp] [131] [backgroundThread] ircy: 240.933
[ascamera_node-1] 2026-07-02 02:53:19[INFO] [Camera.cpp] [132] [backgroundThread] rgbfx: 570.48
[ascamera_node-1] 2026-07-02 02:53:19[INFO] [Camera.cpp] [133] [backgroundThread] rgbfy: 569.949
[ascamera_node-1] 2026-07-02 02:53:19[INFO] [Camera.cpp] [134] [backgroundThread] rgbcx: 329.75
[ascamera_node-1] 2026-07-02 02:53:19[INFO] [Camera.cpp] [135] [backgroundThread] rgbcy: 238.406
[ascamera_node-1] 
[self_driving-10] [0m[INFO] [1782960799.793671661] [self_driving]: [IMAGE] received count=1 shape=(480, 640, 3) queue=0[0m
[ascamera_node-1] 2026-07-02 02:53:19[INFO] [CameraHp60c.cpp] [1149] [streamCallback] set gain ret 0, gain 4
[self_driving-10] [33m[WARN] [1782960799.990817391] [self_driving]: [IMAGE] queue full -> drop oldest frame[0m
[self_driving-10] [33m[WARN] [1782960800.037200849] [self_driving]: [LANE_LOST] raw_lane_x=-1 lane_x=-1 filter=lost stop=False state=LINE_FOLLOW safe_linear=0.00 right_ready=False right_done=False[0m
[self_driving-10] [0m[INFO] [1782960800.037758241] [self_driving]: [DEBUG_DRIVE] state=LINE_FOLLOW raw_lane_x=-1 lane_x=-1 filter=lost linear=0.30 angular=0.00 cw_y=0 right_done=False start_turn=False count_turn=0 traffic=None stop=False[0m
[self_driving-10] [33m[WARN] [1782960800.542622975] [self_driving]: [LANE_LOST] raw_lane_x=-1 lane_x=-1 filter=lost stop=False state=LINE_FOLLOW safe_linear=0.00 right_ready=False right_done=False[0m
[self_driving-10] [0m[INFO] [1782960800.543090107] [self_driving]: [DEBUG_DRIVE] state=LINE_FOLLOW raw_lane_x=-1 lane_x=-1 filter=lost linear=0.30 angular=0.00 cw_y=0 right_done=False start_turn=False count_turn=0 traffic=None stop=False[0m
[self_driving-10] [33m[WARN] [1782960801.093855277] [self_driving]: [LANE_LOST] raw_lane_x=-1 lane_x=-1 filter=lost stop=False state=LINE_FOLLOW safe_linear=0.00 right_ready=False right_done=False[0m
[self_driving-10] [0m[INFO] [1782960801.094443151] [self_driving]: [DEBUG_DRIVE] state=LINE_FOLLOW raw_lane_x=-1 lane_x=-1 filter=lost linear=0.30 angular=0.00 cw_y=0 right_done=False start_turn=False count_turn=0 traffic=None stop=False[0m
[self_driving-10] [33m[WARN] [1782960801.610676650] [self_driving]: [LANE_LOST] raw_lane_x=-1 lane_x=-1 filter=lost stop=False state=LINE_FOLLOW safe_linear=0.00 right_ready=False right_done=False[0m
[self_driving-10] [0m[INFO] [1782960801.611198357] [self_driving]: [DEBUG_DRIVE] state=LINE_FOLLOW raw_lane_x=-1 lane_x=-1 filter=lost linear=0.30 angular=0.00 cw_y=0 right_done=False start_turn=False count_turn=0 traffic=None stop=False[0m
[self_driving-10] [0m[INFO] [1782960801.816848578] [self_driving]: [IMAGE] received count=31 shape=(480, 640, 3) queue=0[0m
[self_driving-10] [33m[WARN] [1782960802.136834686] [self_driving]: [LANE_LOST] raw_lane_x=-1 lane_x=-1 filter=lost stop=False state=LINE_FOLLOW safe_linear=0.00 right_ready=False right_done=False[0m
[self_driving-10] [0m[INFO] [1782960802.138117323] [self_driving]: [DEBUG_DRIVE] state=LINE_FOLLOW raw_lane_x=-1 lane_x=-1 filter=lost linear=0.30 angular=0.00 cw_y=0 right_done=False start_turn=False count_turn=0 traffic=None stop=False[0m
[ascamera_node-1] 2026-07-02 02:53:22[INFO] [CameraSrv.cpp] [208] [onDetached] detached
[ascamera_node-1] 2026-07-02 02:53:22[INFO] [CameraSrv.cpp] [223] [onDetached] close and delete it from the list
[ascamera_node-1] 2026-07-02 02:53:22[INFO] [CameraHp60c.cpp] [279] [stopStreaming] stop streaming
[ascamera_node-1] 2026-07-02 02:53:22[INFO] [CameraSrv.cpp] [229] [onDetached] stop stream success
[ascamera_node-1] 2026-07-02 02:53:22[INFO] [CameraSrv.cpp] [236] [onDetached] close camera success
[ascamera_node-1] 2026-07-02 02:53:22[INFO] [CameraPublisher.cpp] [286] [onCameraDetached] camera detached
[ascamera_node-1] 2026-07-02 02:53:22[INFO] [CameraSrv.cpp] [241] [onDetached] destory camera success
[ascamera_node-1] 2026-07-02 02:53:22[INFO] [CameraSrv.cpp] [277] [onDetached] detached end
[ascamera_node-1] 2026-07-02 02:53:24[INFO] [CameraSrv.cpp] [114] [onAttached] attached
[ascamera_node-1] 2026-07-02 02:53:24[INFO] [CameraSrv.cpp] [145] [onAttached] this is a new attach device, create and open it
[ascamera_node-1] 2026-07-02 02:53:25[INFO] [CameraSrv.cpp] [154] [onAttached] get model type 9
[ascamera_node-1] 2026-07-02 02:53:25[INFO] [CameraSrv.cpp] [342] [getConfigFile] get file: /home/ubuntu/third_party_ros2/third_party_ws/src/ascamera/configurationfiles/hp60c_v2_00_20230704_configEncrypt.json
[ascamera_node-1] 2026-07-02 02:53:25[INFO] [CameraPublisher.cpp] [1501] [logCameraPathInfo] usb camera
[ascamera_node-1] 2026-07-02 02:53:25[INFO] [CameraPublisher.cpp] [1502] [logCameraPathInfo] bnum:1
[ascamera_node-1] 2026-07-02 02:53:25[INFO] [CameraPublisher.cpp] [1503] [logCameraPathInfo] dnum:37
[ascamera_node-1] 2026-07-02 02:53:25[INFO] [CameraPublisher.cpp] [1504] [logCameraPathInfo] port_numbers:2
[ascamera_node-1] 2026-07-02 02:53:25[INFO] [CameraPublisher.cpp] [137] [onCameraAttached] reconnected, update the camera info
[ascamera_node-1] 2026-07-02 02:53:25[INFO] [TfTreeFrameIdInfo.cpp] [11] [TfTreeFrameIdInfo] Namespace /ascamera
[ascamera_node-1] 2026-07-02 02:53:25[INFO] [CameraHp60c.cpp] [128] [open] according to the configuration file.
[ascamera_node-1] 2026-07-02 02:53:25[INFO] [CameraHp60c.cpp] [1528] [parseConfigFileParameter] moduleName:AS_CAM_HP60C
[ascamera_node-1] 2026-07-02 02:53:25[INFO] [CameraHp60c.cpp] [1555] [parseConfigFileParameter] Parsing config file /home/ubuntu/third_party_ros2/third_party_ws/src/ascamera/configurationfiles/hp60c_v2_00_20230704_configEncrypt.json
[ascamera_node-1] 2026-07-02 02:53:25[INFO] [CameraHp60c.cpp] [1620] [parseConfigFileParameter] configuration protocol Version: v2.x
[ascamera_node-1] 2026-07-02 02:53:25[INFO] [CameraHp60c.cpp] [1631] [parseConfigFileParameter] configuration Version: v2.0.0.20230704
[ascamera_node-1] 2026-07-02 02:53:25[INFO] [CameraHp60c.cpp] [1796] [setParamersAfterOpenCam] Camera confiParaEnable true, setting configuration parameter
[ascamera_node-1] 2026-07-02 02:53:26[ERROR] [UvcCamera.cpp] [279] [cmdMsg] do usb contorl transfer failed, ret -4
[ascamera_node-1] 2026-07-02 02:53:26[ERROR] [XuCmdCameraHp60c.cpp] [34] [xucmd_write] write command, ret: -2
[ascamera_node-1] 2026-07-02 02:53:26[ERROR] [XuCmdCameraHp60c.cpp] [507] [setAeMode] set AE mode failed
[ascamera_node-1] 2026-07-02 02:53:26[ERROR] [UvcCamera.cpp] [279] [cmdMsg] do usb contorl transfer failed, ret -4
[ascamera_node-1] 2026-07-02 02:53:26[ERROR] [XuCmdCameraHp60c.cpp] [34] [xucmd_write] write command, ret: -2
[ascamera_node-1] 2026-07-02 02:53:26[ERROR] [XuCmdCameraHp60c.cpp] [475] [setLightingTime] set LightingTime(T) failed
[ascamera_node-1] 2026-07-02 02:53:26[ERROR] [UvcCamera.cpp] [279] [cmdMsg] do usb contorl transfer failed, ret -4
[ascamera_node-1] 2026-07-02 02:53:26[ERROR] [XuCmdCameraHp60c.cpp] [34] [xucmd_write] write command, ret: -2
[ascamera_node-1] 2026-07-02 02:53:26[ERROR] [XuCmdCameraHp60c.cpp] [549] [setCurrentIntensity] set current intensity failed
[ascamera_node-1] 2026-07-02 02:53:26[ERROR] [UvcCamera.cpp] [279] [cmdMsg] do usb contorl transfer failed, ret -4
[ascamera_node-1] 2026-07-02 02:53:26[ERROR] [XuCmdCameraHp60c.cpp] [34] [xucmd_write] write command, ret: -2
[ascamera_node-1] 2026-07-02 02:53:26[ERROR] [XuCmdCameraHp60c.cpp] [369] [setGain] set Gain(G) failed
[ascamera_node-1] 2026-07-02 02:53:26[ERROR] [UvcCamera.cpp] [279] [cmdMsg] do usb contorl transfer failed, ret -4
[ascamera_node-1] 2026-07-02 02:53:26[ERROR] [XuCmdCameraHp60c.cpp] [34] [xucmd_write] write command, ret: -2
[ascamera_node-1] 2026-07-02 02:53:26[ERROR] [XuCmdCameraHp60c.cpp] [198] [setHimaxConfidenceLevel] set confidence level failed
[ascamera_node-1] 2026-07-02 02:53:26[ERROR] [UvcCamera.cpp] [279] [cmdMsg] do usb contorl transfer failed, ret -4
[ascamera_node-1] 2026-07-02 02:53:26[ERROR] [XuCmdCameraHp60c.cpp] [34] [xucmd_write] write command, ret: -2
[ascamera_node-1] 2026-07-02 02:53:26[ERROR] [XuCmdCameraHp60c.cpp] [235] [setHimaxSdLevel] set sd  level failed
[ascamera_node-1] 2026-07-02 02:53:27[ERROR] [UvcCamera.cpp] [279] [cmdMsg] do usb contorl transfer failed, ret -4
[ascamera_node-1] 2026-07-02 02:53:27[ERROR] [XuCmdCameraHp60c.cpp] [34] [xucmd_write] write command, ret: -2
[ascamera_node-1] 2026-07-02 02:53:27[ERROR] [XuCmdCameraHp60c.cpp] [271] [setHimaxTd] set time denoise failed
[ascamera_node-1] 2026-07-02 02:53:27[ERROR] [UvcCamera.cpp] [279] [cmdMsg] do usb contorl transfer failed, ret -4
[ascamera_node-1] 2026-07-02 02:53:27[ERROR] [XuCmdCameraHp60c.cpp] [54] [xucmd_read] read command, ret: -2
[ascamera_node-1] 2026-07-02 02:53:27[ERROR] [XuCmdCameraHp60c.cpp] [140] [getFwVersion] get fw version failed
[ascamera_node-1] 2026-07-02 02:53:27[ERROR] [XuCmdCameraHp60c.cpp] [434] [getMjpegSize] can't found info in the fw version string
[ascamera_node-1] 2026-07-02 02:53:27[INFO] [CameraPublisher.cpp] [356] [onCameraOpen] camera opened
[ascamera_node-1] 2026-07-02 02:53:27[INFO] [CameraPublisher.cpp] [370] [onCameraOpen] get config info, ret 0, is_Registration 1
[ascamera_node-1] 2026-07-02 02:53:27[ERROR] [UvcCamera.cpp] [279] [cmdMsg] do usb contorl transfer failed, ret -4
[ascamera_node-1] 2026-07-02 02:53:27[ERROR] [XuCmdCameraHp60c.cpp] [54] [xucmd_read] read command, ret: -2
[ascamera_node-1] 2026-07-02 02:53:27[ERROR] [XuCmdCameraHp60c.cpp] [104] [getSn] get sn failed
[ascamera_node-1] 2026-07-02 02:53:27[ERROR] [CameraHp60c.cpp] [378] [getSerialNo] get sn fail.
[ascamera_node-1] 2026-07-02 02:53:27[ERROR] [as_camera_sdk_api.cpp] [434] [AS_SDK_GetSerialNumber] get serialno fail.
[ascamera_node-1] 2026-07-02 02:53:27[ERROR] [Camera.cpp] [53] [init] get camera serial number failed
[ascamera_node-1] 2026-07-02 02:53:27[ERROR] [UvcCamera.cpp] [279] [cmdMsg] do usb contorl transfer failed, ret -4
[ascamera_node-1] 2026-07-02 02:53:27[ERROR] [XuCmdCameraHp60c.cpp] [34] [xucmd_write] write command, ret: -2
[ascamera_node-1] 2026-07-02 02:53:27[INFO] [CameraPublisher.cpp] [1183] [setResolution] set depth resolution: 640 x 480 @ 15fps
[ascamera_node-1] 2026-07-02 02:53:27[ERROR] [UvcCamera.cpp] [279] [cmdMsg] do usb contorl transfer failed, ret -4
[ascamera_node-1] 2026-07-02 02:53:27[ERROR] [XuCmdCameraHp60c.cpp] [34] [xucmd_write] write command, ret: -2
[ascamera_node-1] 2026-07-02 02:53:27[INFO] [CameraPublisher.cpp] [1197] [setResolution] set rgb resolution: 640 x 480 @ 15fps
[ascamera_node-1] 2026-07-02 02:53:27[ERROR] [UvcCamera.cpp] [279] [cmdMsg] do usb contorl transfer failed, ret -4
[ascamera_node-1] 2026-07-02 02:53:27[ERROR] [XuCmdCameraHp60c.cpp] [34] [xucmd_write] write command, ret: -2
[ascamera_node-1] 2026-07-02 02:53:27[ERROR] [UvcCamera.cpp] [279] [cmdMsg] do usb contorl transfer failed, ret -4
[ascamera_node-1] 2026-07-02 02:53:27[ERROR] [XuCmdCameraHp60c.cpp] [34] [xucmd_write] write command, ret: -2
[ascamera_node-1] 2026-07-02 02:53:27[ERROR] [XuCmdCameraHp60c.cpp] [308] [setTemperatureDrifgingCompensation] set confidence level failed
[ascamera_node-1] 2026-07-02 02:53:27[ERROR] [UvcCamera.cpp] [241] [start] uvc_start_streaming:No such device
[ascamera_node-1] 2026-07-02 02:53:27[ERROR] [CameraSrv.cpp] [195] [onAttached] start stream, ret: -86
[ascamera_node-1] 2026-07-02 02:53:27[INFO] [CameraSrv.cpp] [208] [onDetached] detached
[ascamera_node-1] 2026-07-02 02:53:27[ERROR] [UvcCamera.cpp] [279] [cmdMsg] do usb contorl transfer failed, ret -4
[ascamera_node-1] 2026-07-02 02:53:27[ERROR] [XuCmdCameraHp60c.cpp] [34] [xucmd_write] write command, ret: -2
[ascamera_node-1] 2026-07-02 02:53:27[ERROR] [UvcCamera.cpp] [279] [cmdMsg] do usb contorl transfer failed, ret -4
[ascamera_node-1] 2026-07-02 02:53:27[ERROR] [XuCmdCameraHp60c.cpp] [34] [xucmd_write] write command, ret: -2
[ascamera_node-1] 2026-07-02 02:53:27[ERROR] [XuCmdCameraHp60c.cpp] [308] [setTemperatureDrifgingCompensation] set confidence level failed
[ascamera_node-1] 2026-07-02 02:53:27[ERROR] [UvcCamera.cpp] [241] [start] uvc_start_streaming:No such device
[ascamera_node-1] 2026-07-02 02:53:27[INFO] [CameraSrv.cpp] [223] [onDetached] close and delete it from the list
[ascamera_node-1] 2026-07-02 02:53:27[WARN] [CameraHp60c.cpp] [271] [stopStreaming] The camera is not started
[ascamera_node-1] 2026-07-02 02:53:27[INFO] [CameraSrv.cpp] [229] [onDetached] stop stream success
[ascamera_node-1] 2026-07-02 02:53:27[INFO] [CameraSrv.cpp] [236] [onDetached] close camera success
[ascamera_node-1] 2026-07-02 02:53:27[INFO] [CameraPublisher.cpp] [286] [onCameraDetached] camera detached
[ascamera_node-1] 2026-07-02 02:53:27[INFO] [CameraSrv.cpp] [241] [onDetached] destory camera success
[ascamera_node-1] 2026-07-02 02:53:27[INFO] [CameraSrv.cpp] [277] [onDetached] detached end
[ascamera_node-1] 2026-07-02 02:53:28[INFO] [CameraSrv.cpp] [114] [onAttached] attached
[ascamera_node-1] 2026-07-02 02:53:29[INFO] [CameraSrv.cpp] [145] [onAttached] this is a new attach device, create and open it
[ascamera_node-1] 2026-07-02 02:53:30[INFO] [CameraSrv.cpp] [202] [onAttached] attached end
[ascamera_node-1] 2026-07-02 02:53:30[INFO] [CameraSrv.cpp] [208] [onDetached] detached
[ascamera_node-1] 2026-07-02 02:53:30[INFO] [CameraSrv.cpp] [277] [onDetached] detached end
[ascamera_node-1] 2026-07-02 02:53:31[INFO] [CameraSrv.cpp] [114] [onAttached] attached
[ascamera_node-1] 2026-07-02 02:53:31[INFO] [CameraSrv.cpp] [145] [onAttached] this is a new attach device, create and open it
[ascamera_node-1] 2026-07-02 02:53:32[INFO] [CameraSrv.cpp] [202] [onAttached] attached end
[ascamera_node-1] 2026-07-02 02:53:32[INFO] [CameraSrv.cpp] [208] [onDetached] detached
[ascamera_node-1] 2026-07-02 02:53:32[INFO] [CameraSrv.cpp] [277] [onDetached] detached end
[ascamera_node-1] 2026-07-02 02:53:33[INFO] [CameraSrv.cpp] [114] [onAttached] attached
[ascamera_node-1] 2026-07-02 02:53:33[INFO] [CameraSrv.cpp] [145] [onAttached] this is a new attach device, create and open it
[ascamera_node-1] 2026-07-02 02:53:34[INFO] [CameraSrv.cpp] [154] [onAttached] get model type 9
[ascamera_node-1] 2026-07-02 02:53:34[INFO] [CameraSrv.cpp] [342] [getConfigFile] get file: /home/ubuntu/third_party_ros2/third_party_ws/src/ascamera/configurationfiles/hp60c_v2_00_20230704_configEncrypt.json
[ascamera_node-1] 2026-07-02 02:53:34[INFO] [CameraPublisher.cpp] [1501] [logCameraPathInfo] usb camera
[ascamera_node-1] 2026-07-02 02:53:34[INFO] [CameraPublisher.cpp] [1502] [logCameraPathInfo] bnum:1
[ascamera_node-1] 2026-07-02 02:53:34[INFO] [CameraPublisher.cpp] [1503] [logCameraPathInfo] dnum:40
[ascamera_node-1] 2026-07-02 02:53:34[INFO] [CameraPublisher.cpp] [1504] [logCameraPathInfo] port_numbers:2
[ascamera_node-1] 2026-07-02 02:53:34[INFO] [CameraPublisher.cpp] [137] [onCameraAttached] reconnected, update the camera info
[ascamera_node-1] 2026-07-02 02:53:34[INFO] [TfTreeFrameIdInfo.cpp] [11] [TfTreeFrameIdInfo] Namespace /ascamera
[ascamera_node-1] 2026-07-02 02:53:34[INFO] [CameraHp60c.cpp] [128] [open] according to the configuration file.
[ascamera_node-1] 2026-07-02 02:53:34[INFO] [CameraHp60c.cpp] [1528] [parseConfigFileParameter] moduleName:AS_CAM_HP60C
[ascamera_node-1] 2026-07-02 02:53:34[INFO] [CameraHp60c.cpp] [1555] [parseConfigFileParameter] Parsing config file /home/ubuntu/third_party_ros2/third_party_ws/src/ascamera/configurationfiles/hp60c_v2_00_20230704_configEncrypt.json
[ascamera_node-1] 2026-07-02 02:53:34[INFO] [CameraHp60c.cpp] [1620] [parseConfigFileParameter] configuration protocol Version: v2.x
[ascamera_node-1] 2026-07-02 02:53:34[INFO] [CameraHp60c.cpp] [1631] [parseConfigFileParameter] configuration Version: v2.0.0.20230704
[ascamera_node-1] 2026-07-02 02:53:34[INFO] [CameraHp60c.cpp] [1796] [setParamersAfterOpenCam] Camera confiParaEnable true, setting configuration parameter
[ascamera_node-1] 2026-07-02 02:53:35[ERROR] [XuCmdCameraHp60c.cpp] [454] [getMjpegSize] get mjpeg from xu command failed
[ascamera_node-1] 2026-07-02 02:53:35[INFO] [XuCmdCameraHp60c.cpp] [458] [getMjpegSize] mjpeg size:640x480
[ascamera_node-1] 2026-07-02 02:53:35[INFO] [CameraPublisher.cpp] [356] [onCameraOpen] camera opened
[ascamera_node-1] 2026-07-02 02:53:35[INFO] [CameraPublisher.cpp] [370] [onCameraOpen] get config info, ret 0, is_Registration 1
[ascamera_node-1] 2026-07-02 02:53:35[INFO] [Camera.cpp] [61] [init] #camera[0x5555f0bea710] SN[ASC60CF08000515]'s firmware version:DLS_VERc20865=:V01.09_2024110714:V01.19_2024110714:L01
[ascamera_node-1] 2026-07-02 02:53:35[INFO] [CameraPublisher.cpp] [1183] [setResolution] set depth resolution: 640 x 480 @ 15fps
[ascamera_node-1] 2026-07-02 02:53:35[INFO] [CameraPublisher.cpp] [1197] [setResolution] set rgb resolution: 640 x 480 @ 15fps
[ascamera_node-1] 2026-07-02 02:53:35[INFO] [CameraHp60c.cpp] [260] [startStreaming] start streaming
[ascamera_node-1] 2026-07-02 02:53:35[INFO] [CameraSrv.cpp] [202] [onAttached] attached end
[ascamera_node-1] 2026-07-02 02:53:36[INFO] [CameraHp60c.cpp] [912] [setInternalParameter] mjpeg info: size(640x480)
[ascamera_node-1] 2026-07-02 02:53:37[INFO] [Camera.cpp] [127] [backgroundThread] SN [ ASC60CF08000515 ]'s parameter:
[ascamera_node-1] 2026-07-02 02:53:37[INFO] [Camera.cpp] [128] [backgroundThread] irfx: 426.962
[ascamera_node-1] 2026-07-02 02:53:37[INFO] [Camera.cpp] [129] [backgroundThread] irfy: 426.374
[ascamera_node-1] 2026-07-02 02:53:37[INFO] [Camera.cpp] [130] [backgroundThread] ircx: 315.403
[ascamera_node-1] 2026-07-02 02:53:37[INFO] [Camera.cpp] [131] [backgroundThread] ircy: 240.933
[ascamera_node-1] 2026-07-02 02:53:37[INFO] [Camera.cpp] [132] [backgroundThread] rgbfx: 570.48
[ascamera_node-1] 2026-07-02 02:53:37[INFO] [Camera.cpp] [133] [backgroundThread] rgbfy: 569.949
[ascamera_node-1] 2026-07-02 02:53:37[INFO] [Camera.cpp] [134] [backgroundThread] rgbcx: 329.75
[ascamera_node-1] 2026-07-02 02:53:37[INFO] [Camera.cpp] [135] [backgroundThread] rgbcy: 238.406
[ascamera_node-1] 
[ascamera_node-1] 2026-07-02 02:53:37[INFO] [CameraHp60c.cpp] [1149] [streamCallback] set gain ret 0, gain 4
[self_driving-10] [0m[INFO] [1782960817.843345100] [self_driving]: [IMAGE] received count=38 shape=(480, 640, 3) queue=0[0m
[self_driving-10] [33m[WARN] [1782960817.858915445] [self_driving]: [LANE_LOST] raw_lane_x=-1 lane_x=-1 filter=lost stop=False state=LINE_FOLLOW safe_linear=0.00 right_ready=False right_done=False[0m
[self_driving-10] [0m[INFO] [1782960817.865561056] [self_driving]: [DEBUG_DRIVE] state=LINE_FOLLOW raw_lane_x=-1 lane_x=-1 filter=lost linear=0.30 angular=0.00 cw_y=0 right_done=False start_turn=False count_turn=0 traffic=None stop=False[0m
[self_driving-10] [0m[INFO] [1782960818.232247568] [self_driving]: [OBJECTS] msg_count=1 n=1 names=['crosswalk'][0m
[self_driving-10] [0m[INFO] [1782960818.233802651] [self_driving]: [CW_CANDIDATE] name=crosswalkcx=595 cy=294 area=850 score=0.40 [0m
[self_driving-10] [33m[WARN] [1782960818.389435875] [self_driving]: [LANE_LOST] raw_lane_x=-1 lane_x=-1 filter=lost stop=False state=LINE_FOLLOW safe_linear=0.00 right_ready=False right_done=False[0m
[self_driving-10] [0m[INFO] [1782960818.389958193] [self_driving]: [DEBUG_DRIVE] state=LINE_FOLLOW raw_lane_x=-1 lane_x=-1 filter=lost linear=0.30 angular=0.00 cw_y=294 right_done=False start_turn=False count_turn=0 traffic=None stop=False[0m
[self_driving-10] [0m[INFO] [1782960818.454759345] [self_driving]: [CROSSWALK_SLOW] y=294 th=180 confirm=4[0m
[self_driving-10] [0m[INFO] [1782960818.618922060] [self_driving]: [CW_CANDIDATE] name=crosswalkcx=596 cy=294 area=860 score=0.40 [0m
[ascamera_node-1] 2026-07-02 02:53:38[INFO] [CameraSrv.cpp] [208] [onDetached] detached
[ascamera_node-1] 2026-07-02 02:53:38[INFO] [CameraSrv.cpp] [223] [onDetached] close and delete it from the list
[ascamera_node-1] 2026-07-02 02:53:38[INFO] [CameraHp60c.cpp] [279] [stopStreaming] stop streaming
[ascamera_node-1] 2026-07-02 02:53:38[INFO] [CameraSrv.cpp] [229] [onDetached] stop stream success
[ascamera_node-1] 2026-07-02 02:53:38[INFO] [CameraSrv.cpp] [236] [onDetached] close camera success
[ascamera_node-1] 2026-07-02 02:53:38[INFO] [CameraPublisher.cpp] [286] [onCameraDetached] camera detached
[ascamera_node-1] 2026-07-02 02:53:38[INFO] [CameraSrv.cpp] [241] [onDetached] destory camera success
[ascamera_node-1] 2026-07-02 02:53:38[INFO] [CameraSrv.cpp] [277] [onDetached] detached end
[self_driving-10] [0m[INFO] [1782960818.980245747] [self_driving]: [OBJECTS] msg_count=3 n=1 names=['crosswalk'][0m
[self_driving-10] [0m[INFO] [1782960818.982368203] [self_driving]: [CW_CANDIDATE] name=crosswalkcx=596 cy=294 area=850 score=0.48 [0m
[self_driving-10] [0m[INFO] [1782960819.251600884] [self_driving]: [CW_CANDIDATE] name=crosswalkcx=596 cy=294 area=850 score=0.46 [0m
[self_driving-10] [0m[INFO] [1782960819.514298844] [self_driving]: [OBJECTS] msg_count=5 n=1 names=['crosswalk'][0m
[self_driving-10] [0m[INFO] [1782960819.514988181] [self_driving]: [CW_CANDIDATE] name=crosswalkcx=596 cy=294 area=850 score=0.40 [0m
[self_driving-10] [0m[INFO] [1782960819.794603919] [self_driving]: [CW_CANDIDATE] name=crosswalkcx=596 cy=294 area=850 score=0.44 [0m
[self_driving-10] [0m[INFO] [1782960820.046982212] [self_driving]: [OBJECTS] msg_count=7 n=1 names=['crosswalk'][0m
[self_driving-10] [0m[INFO] [1782960820.048329145] [self_driving]: [CW_CANDIDATE] name=crosswalkcx=596 cy=294 area=850 score=0.41 [0m
[self_driving-10] [0m[INFO] [1782960820.559990582] [self_driving]: [OBJECTS] msg_count=9 n=1 names=['crosswalk'][0m
[self_driving-10] [0m[INFO] [1782960820.812815748] [self_driving]: [CW_CANDIDATE] name=crosswalkcx=596 cy=300 area=1144 score=0.72 [0m
[ascamera_node-1] 2026-07-02 02:53:41[INFO] [CameraSrv.cpp] [114] [onAttached] attached
[ascamera_node-1] 2026-07-02 02:53:41[INFO] [CameraSrv.cpp] [145] [onAttached] this is a new attach device, create and open it
[ascamera_node-1] 2026-07-02 02:53:42[INFO] [CameraSrv.cpp] [154] [onAttached] get model type 9
[ascamera_node-1] 2026-07-02 02:53:42[INFO] [CameraSrv.cpp] [342] [getConfigFile] get file: /home/ubuntu/third_party_ros2/third_party_ws/src/ascamera/configurationfiles/hp60c_v2_00_20230704_configEncrypt.json
[ascamera_node-1] 2026-07-02 02:53:42[INFO] [CameraPublisher.cpp] [1501] [logCameraPathInfo] usb camera
[ascamera_node-1] 2026-07-02 02:53:42[INFO] [CameraPublisher.cpp] [1502] [logCameraPathInfo] bnum:1
[ascamera_node-1] 2026-07-02 02:53:42[INFO] [CameraPublisher.cpp] [1503] [logCameraPathInfo] dnum:42
[ascamera_node-1] 2026-07-02 02:53:42[INFO] [CameraPublisher.cpp] [1504] [logCameraPathInfo] port_numbers:2
[ascamera_node-1] 2026-07-02 02:53:42[INFO] [CameraPublisher.cpp] [137] [onCameraAttached] reconnected, update the camera info
[ascamera_node-1] 2026-07-02 02:53:42[INFO] [TfTreeFrameIdInfo.cpp] [11] [TfTreeFrameIdInfo] Namespace /ascamera
[ascamera_node-1] 2026-07-02 02:53:42[ERROR] [UvcCamera.cpp] [67] [UvcCamera] uvc_find_device
[ascamera_node-1] 2026-07-02 02:53:42[INFO] [CameraHp60c.cpp] [128] [open] according to the configuration file.
[ascamera_node-1] 2026-07-02 02:53:42[INFO] [CameraHp60c.cpp] [1528] [parseConfigFileParameter] moduleName:AS_CAM_HP60C
[ascamera_node-1] 2026-07-02 02:53:42[INFO] [CameraHp60c.cpp] [1555] [parseConfigFileParameter] Parsing config file /home/ubuntu/third_party_ros2/third_party_ws/src/ascamera/configurationfiles/hp60c_v2_00_20230704_configEncrypt.json
[ascamera_node-1] 2026-07-02 02:53:42[INFO] [CameraHp60c.cpp] [1620] [parseConfigFileParameter] configuration protocol Version: v2.x
[ascamera_node-1] 2026-07-02 02:53:42[INFO] [CameraHp60c.cpp] [1631] [parseConfigFileParameter] configuration Version: v2.0.0.20230704
[ascamera_node-1] 2026-07-02 02:53:42[ERROR] [UvcCamera.cpp] [99] [open] can't open the device, find device failed
[ascamera_node-1] 2026-07-02 02:53:42[ERROR] [as_camera_sdk_api.cpp] [304] [AS_SDK_OpenCamera] init camera error, maybe reopen can solve it
[ascamera_node-1] 2026-07-02 02:53:42[ERROR] [CameraSrv.cpp] [170] [onAttached] open camera, ret: -82
[ascamera_node-1] 2026-07-02 02:53:42[INFO] [CameraSrv.cpp] [208] [onDetached] detached
[ascamera_node-1] 2026-07-02 02:53:43[INFO] [CameraSrv.cpp] [223] [onDetached] close and delete it from the list
[ascamera_node-1] 2026-07-02 02:53:43[ERROR] [as_camera_sdk_api.cpp] [390] [AS_SDK_StopStream] please open camera first
[ascamera_node-1] 2026-07-02 02:53:43[INFO] [CameraSrv.cpp] [227] [onDetached] stop stream failed
[ascamera_node-1] 2026-07-02 02:53:43[INFO] [as_camera_sdk_api.cpp] [327] [AS_SDK_CloseCamera] This camera not open yet
[ascamera_node-1] 2026-07-02 02:53:43[INFO] [CameraSrv.cpp] [236] [onDetached] close camera success
[ascamera_node-1] 2026-07-02 02:53:43[INFO] [CameraPublisher.cpp] [286] [onCameraDetached] camera detached
[ascamera_node-1] 2026-07-02 02:53:43[INFO] [CameraSrv.cpp] [241] [onDetached] destory camera success
[ascamera_node-1] 2026-07-02 02:53:43[INFO] [CameraSrv.cpp] [277] [onDetached] detached end
[ascamera_node-1] 2026-07-02 02:53:44[INFO] [CameraSrv.cpp] [114] [onAttached] attached
[ascamera_node-1] 2026-07-02 02:53:44[INFO] [CameraSrv.cpp] [145] [onAttached] this is a new attach device, create and open it
[ascamera_node-1] 2026-07-02 02:53:45[INFO] [CameraSrv.cpp] [154] [onAttached] get model type 9
[ascamera_node-1] 2026-07-02 02:53:45[INFO] [CameraSrv.cpp] [342] [getConfigFile] get file: /home/ubuntu/third_party_ros2/third_party_ws/src/ascamera/configurationfiles/hp60c_v2_00_20230704_configEncrypt.json
[ascamera_node-1] 2026-07-02 02:53:45[INFO] [CameraPublisher.cpp] [1501] [logCameraPathInfo] usb camera
[ascamera_node-1] 2026-07-02 02:53:45[INFO] [CameraPublisher.cpp] [1502] [logCameraPathInfo] bnum:1
[ascamera_node-1] 2026-07-02 02:53:45[INFO] [CameraPublisher.cpp] [1503] [logCameraPathInfo] dnum:43
[ascamera_node-1] 2026-07-02 02:53:45[INFO] [CameraPublisher.cpp] [1504] [logCameraPathInfo] port_numbers:2
[ascamera_node-1] 2026-07-02 02:53:45[INFO] [CameraPublisher.cpp] [137] [onCameraAttached] reconnected, update the camera info
[ascamera_node-1] 2026-07-02 02:53:45[INFO] [TfTreeFrameIdInfo.cpp] [11] [TfTreeFrameIdInfo] Namespace /ascamera
[ascamera_node-1] 2026-07-02 02:53:45[INFO] [CameraHp60c.cpp] [128] [open] according to the configuration file.
[ascamera_node-1] 2026-07-02 02:53:45[INFO] [CameraHp60c.cpp] [1528] [parseConfigFileParameter] moduleName:AS_CAM_HP60C
[ascamera_node-1] 2026-07-02 02:53:45[INFO] [CameraHp60c.cpp] [1555] [parseConfigFileParameter] Parsing config file /home/ubuntu/third_party_ros2/third_party_ws/src/ascamera/configurationfiles/hp60c_v2_00_20230704_configEncrypt.json
[ascamera_node-1] 2026-07-02 02:53:45[INFO] [CameraHp60c.cpp] [1620] [parseConfigFileParameter] configuration protocol Version: v2.x
[ascamera_node-1] 2026-07-02 02:53:45[INFO] [CameraHp60c.cpp] [1631] [parseConfigFileParameter] configuration Version: v2.0.0.20230704
[ascamera_node-1] 2026-07-02 02:53:45[INFO] [CameraHp60c.cpp] [1796] [setParamersAfterOpenCam] Camera confiParaEnable true, setting configuration parameter
[ascamera_node-1] 2026-07-02 02:53:47[ERROR] [XuCmdCameraHp60c.cpp] [454] [getMjpegSize] get mjpeg from xu command failed
[ascamera_node-1] 2026-07-02 02:53:47[INFO] [XuCmdCameraHp60c.cpp] [458] [getMjpegSize] mjpeg size:640x480
[ascamera_node-1] 2026-07-02 02:53:47[INFO] [CameraPublisher.cpp] [356] [onCameraOpen] camera opened
[ascamera_node-1] 2026-07-02 02:53:47[INFO] [CameraPublisher.cpp] [370] [onCameraOpen] get config info, ret 0, is_Registration 1
[ascamera_node-1] 2026-07-02 02:53:47[INFO] [Camera.cpp] [61] [init] #camera[0x5555f0bea710] SN[ASC60CF08000515]'s firmware version:DLS_VERc20865=:V01.09_2024110714:V01.19_2024110714:L01
[ascamera_node-1] 2026-07-02 02:53:47[INFO] [CameraPublisher.cpp] [1183] [setResolution] set depth resolution: 640 x 480 @ 15fps
[ascamera_node-1] 2026-07-02 02:53:47[INFO] [CameraPublisher.cpp] [1197] [setResolution] set rgb resolution: 640 x 480 @ 15fps
[ascamera_node-1] 2026-07-02 02:53:47[INFO] [CameraHp60c.cpp] [260] [startStreaming] start streaming
[ascamera_node-1] 2026-07-02 02:53:47[INFO] [CameraSrv.cpp] [202] [onAttached] attached end
[ascamera_node-1] 2026-07-02 02:53:48[INFO] [CameraHp60c.cpp] [912] [setInternalParameter] mjpeg info: size(640x480)
[ascamera_node-1] 2026-07-02 02:53:49[INFO] [Camera.cpp] [127] [backgroundThread] SN [ ASC60CF08000515 ]'s parameter:
[ascamera_node-1] 2026-07-02 02:53:49[INFO] [Camera.cpp] [128] [backgroundThread] irfx: 426.962
[ascamera_node-1] 2026-07-02 02:53:49[INFO] [Camera.cpp] [129] [backgroundThread] irfy: 426.374
[ascamera_node-1] 2026-07-02 02:53:49[INFO] [Camera.cpp] [130] [backgroundThread] ircx: 315.403
[ascamera_node-1] 2026-07-02 02:53:49[INFO] [Camera.cpp] [131] [backgroundThread] ircy: 240.933
[ascamera_node-1] 2026-07-02 02:53:49[INFO] [Camera.cpp] [132] [backgroundThread] rgbfx: 570.48
[ascamera_node-1] 2026-07-02 02:53:49[INFO] [Camera.cpp] [133] [backgroundThread] rgbfy: 569.949
[ascamera_node-1] 2026-07-02 02:53:49[INFO] [Camera.cpp] [134] [backgroundThread] rgbcx: 329.75
[ascamera_node-1] 2026-07-02 02:53:49[INFO] [Camera.cpp] [135] [backgroundThread] rgbcy: 238.406
[ascamera_node-1] 
[ascamera_node-1] 2026-07-02 02:53:49[INFO] [CameraHp60c.cpp] [1149] [streamCallback] set gain ret 0, gain 4
[self_driving-10] [0m[INFO] [1782960829.142418328] [self_driving]: [IMAGE] received count=56 shape=(480, 640, 3) queue=0[0m
[self_driving-10] [0m[INFO] [1782960829.154472672] [self_driving]: [CW_STAGE 3] 미션 완료 -> 정상 속도 회복 및 6초 락 가동[0m
[self_driving-10] [33m[WARN] [1782960829.155530326] [self_driving]: [LANE_LOST] raw_lane_x=-1 lane_x=-1 filter=lost stop=False state=LINE_FOLLOW safe_linear=0.00 right_ready=False right_done=False[0m
[self_driving-10] [0m[INFO] [1782960829.156304052] [self_driving]: [DEBUG_DRIVE] state=LINE_FOLLOW raw_lane_x=-1 lane_x=-1 filter=lost linear=0.30 angular=0.00 cw_y=300 right_done=False start_turn=False count_turn=0 traffic=None stop=False[0m
[self_driving-10] [0m[INFO] [1782960829.524496128] [self_driving]: [OBJECTS] msg_count=11 n=1 names=['crosswalk'][0m
[self_driving-10] [0m[INFO] [1782960829.527822239] [self_driving]: [CW_CANDIDATE] name=crosswalkcx=339 cy=254 area=62608 score=0.88 [0m
[self_driving-10] [0m[INFO] [1782960829.532615580] [self_driving]: [CW_CANDIDATE] name=crosswalkcx=395 cy=84 area=3497 score=0.79 [0m
[self_driving-10] [0m[INFO] [1782960829.678605270] [self_driving]: [CROSSWALK_IGNORE] y=84 < th=180[0m
[self_driving-10] [33m[WARN] [1782960829.679504646] [self_driving]: [LANE_LOST] raw_lane_x=-1 lane_x=-1 filter=lost stop=False state=LINE_FOLLOW safe_linear=0.00 right_ready=False right_done=False[0m
[self_driving-10] [0m[INFO] [1782960829.680860987] [self_driving]: [DEBUG_DRIVE] state=LINE_FOLLOW raw_lane_x=-1 lane_x=-1 filter=lost linear=0.30 angular=0.00 cw_y=84 right_done=False start_turn=False count_turn=0 traffic=None stop=False[0m
[self_driving-10] [0m[INFO] [1782960829.929812538] [self_driving]: [CW_CANDIDATE] name=crosswalkcx=333 cy=263 area=69269 score=0.93 [0m
[self_driving-10] [0m[INFO] [1782960829.937734970] [self_driving]: [CW_CANDIDATE] name=crosswalkcx=397 cy=85 area=3264 score=0.79 [0m
[self_driving-10] [0m[INFO] [1782960830.214320673] [self_driving]: [CROSSWALK_IGNORE] y=85 < th=180[0m
[self_driving-10] [33m[WARN] [1782960830.215376994] [self_driving]: [LANE_LOST] raw_lane_x=-1 lane_x=-1 filter=lost stop=False state=LINE_FOLLOW safe_linear=0.00 right_ready=False right_done=False[0m
[self_driving-10] [0m[INFO] [1782960830.215852571] [self_driving]: [DEBUG_DRIVE] state=LINE_FOLLOW raw_lane_x=-1 lane_x=-1 filter=lost linear=0.30 angular=0.00 cw_y=85 right_done=False start_turn=False count_turn=0 traffic=None stop=False[0m
[self_driving-10] [0m[INFO] [1782960830.318839673] [self_driving]: [OBJECTS] msg_count=15 n=1 names=['crosswalk'][0m
[self_driving-10] [0m[INFO] [1782960830.320757646] [self_driving]: [CW_CANDIDATE] name=crosswalkcx=403 cy=88 area=4200 score=0.81 [0m
[self_driving-10] [0m[INFO] [1782960830.703998009] [self_driving]: [CW_CANDIDATE] name=crosswalkcx=329 cy=313 area=99520 score=0.88 [0m
[self_driving-10] [0m[INFO] [1782960830.706873932] [self_driving]: [CW_CANDIDATE] name=crosswalkcx=406 cy=88 area=4215 score=0.82 [0m
[self_driving-10] [0m[INFO] [1782960830.783944281] [self_driving]: [CROSSWALK_IGNORE] y=88 < th=180[0m
[self_driving-10] [33m[WARN] [1782960830.784753748] [self_driving]: [LANE_LOST] raw_lane_x=-1 lane_x=-1 filter=lost stop=False state=LINE_FOLLOW safe_linear=0.00 right_ready=False right_done=False[0m
[self_driving-10] [0m[INFO] [1782960830.785251158] [self_driving]: [DEBUG_DRIVE] state=LINE_FOLLOW raw_lane_x=-1 lane_x=-1 filter=lost linear=0.30 angular=0.00 cw_y=88 right_done=False start_turn=False count_turn=0 traffic=None stop=False[0m
[self_driving-10] [0m[INFO] [1782960831.094526504] [self_driving]: [OBJECTS] msg_count=18 n=1 names=['crosswalk'][0m
[self_driving-10] [0m[INFO] [1782960831.095617898] [self_driving]: [CW_CANDIDATE] name=crosswalkcx=329 cy=313 area=98739 score=0.88 [0m
[self_driving-10] [0m[INFO] [1782960831.098147431] [self_driving]: [CW_CANDIDATE] name=crosswalkcx=406 cy=88 area=4496 score=0.82 [0m
[self_driving-10] [0m[INFO] [1782960831.171546982] [self_driving]: [IMAGE] received count=87 shape=(480, 640, 3) queue=0[0m
[self_driving-10] [0m[INFO] [1782960831.294173266] [self_driving]: [CROSSWALK_IGNORE] y=88 < th=180[0m
[self_driving-10] [33m[WARN] [1782960831.296031072] [self_driving]: [LANE_LOST] raw_lane_x=-1 lane_x=-1 filter=lost stop=False state=LINE_FOLLOW safe_linear=0.00 right_ready=False right_done=False[0m
[self_driving-10] [0m[INFO] [1782960831.298993514] [self_driving]: [DEBUG_DRIVE] state=LINE_FOLLOW raw_lane_x=-1 lane_x=-1 filter=lost linear=0.30 angular=0.00 cw_y=88 right_done=False start_turn=False count_turn=0 traffic=None stop=False[0m
[self_driving-10] [0m[INFO] [1782960831.496683025] [self_driving]: [CW_CANDIDATE] name=crosswalkcx=329 cy=313 area=98898 score=0.88 [0m
[self_driving-10] [0m[INFO] [1782960831.500704807] [self_driving]: [CW_CANDIDATE] name=crosswalkcx=406 cy=88 area=4215 score=0.82 [0m
[self_driving-10] [0m[INFO] [1782960831.847108337] [self_driving]: [CROSSWALK_IGNORE] y=88 < th=180[0m
[self_driving-10] [33m[WARN] [1782960831.848567530] [self_driving]: [LANE_LOST] raw_lane_x=-1 lane_x=-1 filter=lost stop=False state=LINE_FOLLOW safe_linear=0.00 right_ready=False right_done=False[0m
[self_driving-10] [0m[INFO] [1782960831.849799000] [self_driving]: [DEBUG_DRIVE] state=LINE_FOLLOW raw_lane_x=-1 lane_x=-1 filter=lost linear=0.30 angular=0.00 cw_y=88 right_done=False start_turn=False count_turn=0 traffic=None stop=False[0m
[self_driving-10] [0m[INFO] [1782960831.893095904] [self_driving]: [OBJECTS] msg_count=22 n=1 names=['crosswalk'][0m
[self_driving-10] [0m[INFO] [1782960831.894191133] [self_driving]: [CW_CANDIDATE] name=crosswalkcx=331 cy=313 area=98262 score=0.88 [0m
[self_driving-10] [0m[INFO] [1782960831.900556723] [self_driving]: [CW_CANDIDATE] name=crosswalkcx=406 cy=88 area=4496 score=0.82 [0m
[self_driving-10] [0m[INFO] [1782960832.283246027] [self_driving]: [CW_CANDIDATE] name=crosswalkcx=330 cy=313 area=99820 score=0.88 [0m
[self_driving-10] [0m[INFO] [1782960832.286647453] [self_driving]: [CW_CANDIDATE] name=crosswalkcx=406 cy=88 area=4480 score=0.82 [0m
[self_driving-10] [0m[INFO] [1782960832.379560815] [self_driving]: [CROSSWALK_IGNORE] y=88 < th=180[0m
[self_driving-10] [33m[WARN] [1782960832.385569718] [self_driving]: [LANE_LOST] raw_lane_x=-1 lane_x=-1 filter=lost stop=False state=LINE_FOLLOW safe_linear=0.00 right_ready=False right_done=False[0m
[self_driving-10] [0m[INFO] [1782960832.388979181] [self_driving]: [DEBUG_DRIVE] state=LINE_FOLLOW raw_lane_x=-1 lane_x=-1 filter=lost linear=0.30 angular=0.00 cw_y=88 right_done=False start_turn=False count_turn=0 traffic=None stop=False[0m
[self_driving-10] [0m[INFO] [1782960832.672852146] [self_driving]: [OBJECTS] msg_count=26 n=1 names=['crosswalk'][0m
[self_driving-10] [0m[INFO] [1782960832.674454007] [self_driving]: [CW_CANDIDATE] name=crosswalkcx=330 cy=313 area=99200 score=0.88 [0m
[self_driving-10] [0m[INFO] [1782960832.679819333] [self_driving]: [CW_CANDIDATE] name=crosswalkcx=406 cy=88 area=4215 score=0.82 [0m
[self_driving-10] [0m[INFO] [1782960832.905240940] [self_driving]: [CROSSWALK_IGNORE] y=88 < th=180[0m
[self_driving-10] [33m[WARN] [1782960832.906096963] [self_driving]: [LANE_LOST] raw_lane_x=-1 lane_x=-1 filter=lost stop=False state=LINE_FOLLOW safe_linear=0.00 right_ready=False right_done=False[0m
[self_driving-10] [0m[INFO] [1782960832.906603355] [self_driving]: [DEBUG_DRIVE] state=LINE_FOLLOW raw_lane_x=-1 lane_x=-1 filter=lost linear=0.30 angular=0.00 cw_y=88 right_done=False start_turn=False count_turn=0 traffic=None stop=False[0m
[self_driving-10] [0m[INFO] [1782960833.053431994] [self_driving]: [CW_CANDIDATE] name=crosswalkcx=331 cy=313 area=99498 score=0.88 [0m
[self_driving-10] [0m[INFO] [1782960833.055517228] [self_driving]: [CW_CANDIDATE] name=crosswalkcx=406 cy=88 area=4496 score=0.82 [0m
[self_driving-10] [0m[INFO] [1782960833.177217451] [self_driving]: [IMAGE] received count=117 shape=(480, 640, 3) queue=0[0m
[self_driving-10] [0m[INFO] [1782960833.435124607] [self_driving]: [OBJECTS] msg_count=30 n=1 names=['crosswalk'][0m
[self_driving-10] [0m[INFO] [1782960833.438339754] [self_driving]: [CW_CANDIDATE] name=crosswalkcx=330 cy=313 area=99200 score=0.88 [0m
[self_driving-10] [0m[INFO] [1782960833.472239218] [self_driving]: [CW_CANDIDATE] name=crosswalkcx=406 cy=88 area=4496 score=0.82 [0m
[self_driving-10] [0m[INFO] [1782960833.481779678] [self_driving]: [CROSSWALK_IGNORE] y=88 < th=180[0m
[self_driving-10] [33m[WARN] [1782960833.485531662] [self_driving]: [LANE_LOST] raw_lane_x=-1 lane_x=-1 filter=lost stop=False state=LINE_FOLLOW safe_linear=0.00 right_ready=False right_done=False[0m
[self_driving-10] [0m[INFO] [1782960833.488995458] [self_driving]: [DEBUG_DRIVE] state=LINE_FOLLOW raw_lane_x=-1 lane_x=-1 filter=lost linear=0.30 angular=0.00 cw_y=88 right_done=False start_turn=False count_turn=0 traffic=None stop=False[0m
[self_driving-10] [0m[INFO] [1782960833.830914575] [self_driving]: [CW_CANDIDATE] name=crosswalkcx=328 cy=313 area=100303 score=0.86 [0m
[self_driving-10] [0m[INFO] [1782960833.833764110] [self_driving]: [CW_CANDIDATE] name=crosswalkcx=406 cy=88 area=4496 score=0.82 [0m
[self_driving-10] [33m[WARN] [1782960833.986016445] [self_driving]: [LANE_LOST] raw_lane_x=-1 lane_x=-1 filter=lost stop=False state=LINE_FOLLOW safe_linear=0.00 right_ready=False right_done=False[0m
[self_driving-10] [0m[INFO] [1782960833.986582485] [self_driving]: [DEBUG_DRIVE] state=LINE_FOLLOW raw_lane_x=-1 lane_x=-1 filter=lost linear=0.30 angular=0.00 cw_y=88 right_done=False start_turn=False count_turn=0 traffic=None stop=False[0m
[self_driving-10] [0m[INFO] [1782960834.237586974] [self_driving]: [OBJECTS] msg_count=34 n=1 names=['crosswalk'][0m
[self_driving-10] [0m[INFO] [1782960834.238317367] [self_driving]: [CW_CANDIDATE] name=crosswalkcx=329 cy=314 area=99520 score=0.86 [0m
[self_driving-10] [0m[INFO] [1782960834.242873929] [self_driving]: [CW_CANDIDATE] name=crosswalkcx=405 cy=88 area=4496 score=0.82 [0m
[self_driving-10] [0m[INFO] [1782960834.507375158] [self_driving]: [CROSSWALK_IGNORE] y=88 < th=180[0m
[self_driving-10] [33m[WARN] [1782960834.508275070] [self_driving]: [LANE_LOST] raw_lane_x=-1 lane_x=-1 filter=lost stop=False state=LINE_FOLLOW safe_linear=0.00 right_ready=False right_done=False[0m
[self_driving-10] [0m[INFO] [1782960834.508845314] [self_driving]: [DEBUG_DRIVE] state=LINE_FOLLOW raw_lane_x=-1 lane_x=-1 filter=lost linear=0.30 angular=0.00 cw_y=88 right_done=False start_turn=False count_turn=0 traffic=None stop=False[0m
[self_driving-10] [0m[INFO] [1782960834.652525677] [self_driving]: [CW_CANDIDATE] name=crosswalkcx=329 cy=313 area=98739 score=0.88 [0m
[self_driving-10] [0m[INFO] [1782960834.655432859] [self_driving]: [CW_CANDIDATE] name=crosswalkcx=406 cy=88 area=4215 score=0.82 [0m
[self_driving-10] [0m[INFO] [1782960835.006922233] [self_driving]: [OBJECTS] msg_count=38 n=1 names=['crosswalk'][0m
[self_driving-10] [0m[INFO] [1782960835.007946683] [self_driving]: [CW_CANDIDATE] name=crosswalkcx=331 cy=313 area=98262 score=0.86 [0m
[self_driving-10] [0m[INFO] [1782960835.012405855] [self_driving]: [CW_CANDIDATE] name=crosswalkcx=406 cy=88 area=4200 score=0.82 [0m
[self_driving-10] [0m[INFO] [1782960835.079784984] [self_driving]: [CROSSWALK_IGNORE] y=88 < th=180[0m
[self_driving-10] [33m[WARN] [1782960835.084935161] [self_driving]: [LANE_LOST] raw_lane_x=-1 lane_x=-1 filter=lost stop=False state=LINE_FOLLOW safe_linear=0.00 right_ready=False right_done=False[0m
[self_driving-10] [0m[INFO] [1782960835.085977370] [self_driving]: [DEBUG_DRIVE] state=LINE_FOLLOW raw_lane_x=-1 lane_x=-1 filter=lost linear=0.30 angular=0.00 cw_y=88 right_done=False start_turn=False count_turn=0 traffic=None stop=False[0m
[self_driving-10] [0m[INFO] [1782960835.194022074] [self_driving]: [IMAGE] received count=147 shape=(480, 640, 3) queue=0[0m
[self_driving-10] [0m[INFO] [1782960835.403497909] [self_driving]: [CW_CANDIDATE] name=crosswalkcx=332 cy=313 area=99176 score=0.87 [0m
[self_driving-10] [0m[INFO] [1782960835.405670365] [self_driving]: [CW_CANDIDATE] name=crosswalkcx=406 cy=88 area=4215 score=0.82 [0m
[self_driving-10] [0m[INFO] [1782960835.597743919] [self_driving]: [CROSSWALK_IGNORE] y=88 < th=180[0m
[self_driving-10] [33m[WARN] [1782960835.598705036] [self_driving]: [LANE_LOST] raw_lane_x=-1 lane_x=-1 filter=lost stop=False state=LINE_FOLLOW safe_linear=0.00 right_ready=False right_done=False[0m
[self_driving-10] [0m[INFO] [1782960835.599173094] [self_driving]: [DEBUG_DRIVE] state=LINE_FOLLOW raw_lane_x=-1 lane_x=-1 filter=lost linear=0.30 angular=0.00 cw_y=88 right_done=False start_turn=False count_turn=0 traffic=None stop=False[0m
[self_driving-10] [0m[INFO] [1782960835.793758754] [self_driving]: [OBJECTS] msg_count=42 n=1 names=['crosswalk'][0m
[self_driving-10] [0m[INFO] [1782960835.801823317] [self_driving]: [CW_CANDIDATE] name=crosswalkcx=406 cy=88 area=4200 score=0.82 [0m
[self_driving-10] [0m[INFO] [1782960836.138569165] [self_driving]: [CROSSWALK_IGNORE] y=88 < th=180[0m
[self_driving-10] [33m[WARN] [1782960836.141605645] [self_driving]: [LANE_LOST] raw_lane_x=-1 lane_x=-1 filter=lost stop=False state=LINE_FOLLOW safe_linear=0.00 right_ready=False right_done=False[0m
[self_driving-10] [0m[INFO] [1782960836.142646669] [self_driving]: [DEBUG_DRIVE] state=LINE_FOLLOW raw_lane_x=-1 lane_x=-1 filter=lost linear=0.30 angular=0.00 cw_y=88 right_done=False start_turn=False count_turn=0 traffic=None stop=False[0m
[self_driving-10] [0m[INFO] [1782960836.166716042] [self_driving]: [CW_CANDIDATE] name=crosswalkcx=331 cy=313 area=99498 score=0.87 [0m
[self_driving-10] [0m[INFO] [1782960836.177190803] [self_driving]: [CW_CANDIDATE] name=crosswalkcx=406 cy=88 area=4200 score=0.82 [0m
[self_driving-10] [0m[INFO] [1782960836.561705561] [self_driving]: [OBJECTS] msg_count=45 n=1 names=['crosswalk'][0m
[self_driving-10] [0m[INFO] [1782960836.562777660] [self_driving]: [CW_CANDIDATE] name=crosswalkcx=330 cy=313 area=98580 score=0.88 [0m
[self_driving-10] [0m[INFO] [1782960836.568004466] [self_driving]: [CW_CANDIDATE] name=crosswalkcx=406 cy=88 area=4215 score=0.82 [0m
[self_driving-10] [0m[INFO] [1782960836.685335962] [self_driving]: [CROSSWALK_IGNORE] y=88 < th=180[0m
[self_driving-10] [33m[WARN] [1782960836.688500331] [self_driving]: [LANE_LOST] raw_lane_x=-1 lane_x=-1 filter=lost stop=False state=LINE_FOLLOW safe_linear=0.00 right_ready=False right_done=False[0m
[self_driving-10] [0m[INFO] [1782960836.690650269] [self_driving]: [DEBUG_DRIVE] state=LINE_FOLLOW raw_lane_x=-1 lane_x=-1 filter=lost linear=0.30 angular=0.00 cw_y=88 right_done=False start_turn=False count_turn=0 traffic=None stop=False[0m
[self_driving-10] [0m[INFO] [1782960836.945433704] [self_driving]: [CW_CANDIDATE] name=crosswalkcx=330 cy=314 area=99040 score=0.86 [0m
[self_driving-10] [0m[INFO] [1782960836.968867573] [self_driving]: [CW_CANDIDATE] name=crosswalkcx=406 cy=88 area=4200 score=0.82 [0m
[self_driving-10] [0m[INFO] [1782960837.197141659] [self_driving]: [CROSSWALK_IGNORE] y=88 < th=180[0m
[self_driving-10] [33m[WARN] [1782960837.198505667] [self_driving]: [LANE_LOST] raw_lane_x=-1 lane_x=-1 filter=lost stop=False state=LINE_FOLLOW safe_linear=0.00 right_ready=False right_done=False[0m
[self_driving-10] [0m[INFO] [1782960837.199026003] [self_driving]: [DEBUG_DRIVE] state=LINE_FOLLOW raw_lane_x=-1 lane_x=-1 filter=lost linear=0.30 angular=0.00 cw_y=88 right_done=False start_turn=False count_turn=0 traffic=None stop=False[0m
[self_driving-10] [0m[INFO] [1782960837.258773627] [self_driving]: [IMAGE] received count=178 shape=(480, 640, 3) queue=0[0m
[self_driving-10] [0m[INFO] [1782960837.355575510] [self_driving]: [OBJECTS] msg_count=49 n=1 names=['crosswalk'][0m
[self_driving-10] [0m[INFO] [1782960837.356864628] [self_driving]: [CW_CANDIDATE] name=crosswalkcx=328 cy=313 area=99057 score=0.88 [0m
[self_driving-10] [0m[INFO] [1782960837.360290518] [self_driving]: [CW_CANDIDATE] name=crosswalkcx=406 cy=88 area=4200 score=0.82 [0m
[self_driving-10] [0m[INFO] [1782960837.734183217] [self_driving]: [CW_CANDIDATE] name=crosswalkcx=330 cy=313 area=98421 score=0.87 [0m
[self_driving-10] [0m[INFO] [1782960837.736746139] [self_driving]: [CW_CANDIDATE] name=crosswalkcx=406 cy=88 area=4200 score=0.82 [0m
[self_driving-10] [0m[INFO] [1782960837.768248201] [self_driving]: [CROSSWALK_IGNORE] y=88 < th=180[0m
[self_driving-10] [33m[WARN] [1782960837.773344321] [self_driving]: [LANE_LOST] raw_lane_x=-1 lane_x=-1 filter=lost stop=False state=LINE_FOLLOW safe_linear=0.00 right_ready=False right_done=False[0m
[self_driving-10] [0m[INFO] [1782960837.776434227] [self_driving]: [DEBUG_DRIVE] state=LINE_FOLLOW raw_lane_x=-1 lane_x=-1 filter=lost linear=0.30 angular=0.00 cw_y=88 right_done=False start_turn=False count_turn=0 traffic=None stop=False[0m
[self_driving-10] [0m[INFO] [1782960838.110202336] [self_driving]: [OBJECTS] msg_count=53 n=1 names=['crosswalk'][0m
[self_driving-10] [0m[INFO] [1782960838.110697543] [self_driving]: [CW_CANDIDATE] name=crosswalkcx=332 cy=313 area=97944 score=0.88 [0m
[self_driving-10] [0m[INFO] [1782960838.113589003] [self_driving]: [CW_CANDIDATE] name=crosswalkcx=406 cy=88 area=4200 score=0.82 [0m
[self_driving-10] [0m[INFO] [1782960838.296345469] [self_driving]: [CROSSWALK_IGNORE] y=88 < th=180[0m
[self_driving-10] [0m[INFO] [1782960838.298199479] [self_driving]: [DEBUG_DRIVE] state=LINE_FOLLOW raw_lane_x=35.0 lane_x=35.0 filter=stable linear=0.30 angular=0.10 cw_y=88 right_done=False start_turn=False count_turn=0 traffic=None stop=False[0m
[self_driving-10] [0m[INFO] [1782960838.531708279] [self_driving]: [CW_CANDIDATE] name=crosswalkcx=329 cy=313 area=99360 score=0.87 [0m
[self_driving-10] [0m[INFO] [1782960838.535552578] [self_driving]: [CW_CANDIDATE] name=crosswalkcx=406 cy=88 area=4215 score=0.82 [0m
[self_driving-10] [33m[WARN] [1782960838.763652959] [self_driving]: [LANE_LOST] raw_lane_x=-1 lane_x=-1 filter=lost stop=False state=LINE_FOLLOW safe_linear=0.00 right_ready=False right_done=False[0m
[self_driving-10] [0m[INFO] [1782960838.806086322] [self_driving]: [CROSSWALK_IGNORE] y=88 < th=180[0m
[self_driving-10] [0m[INFO] [1782960838.808910226] [self_driving]: [DEBUG_DRIVE] state=LINE_FOLLOW raw_lane_x=-1 lane_x=-1 filter=lost linear=0.30 angular=0.00 cw_y=88 right_done=False start_turn=False count_turn=0 traffic=None stop=False[0m
[self_driving-10] [0m[INFO] [1782960838.907217007] [self_driving]: [OBJECTS] msg_count=57 n=1 names=['crosswalk'][0m
[self_driving-10] [0m[INFO] [1782960838.908282457] [self_driving]: [CW_CANDIDATE] name=crosswalkcx=328 cy=313 area=101088 score=0.88 [0m
[self_driving-10] [0m[INFO] [1782960838.915865702] [self_driving]: [CW_CANDIDATE] name=crosswalkcx=406 cy=90 area=4230 score=0.84 [0m
[self_driving-10] [0m[INFO] [1782960839.286023289] [self_driving]: [IMAGE] received count=208 shape=(480, 640, 3) queue=0[0m
[self_driving-10] [0m[INFO] [1782960839.298639043] [self_driving]: [CW_CANDIDATE] name=crosswalkcx=399 cy=139 area=6768 score=0.90 [0m
[self_driving-10] [0m[INFO] [1782960839.301088409] [self_driving]: [CW_CANDIDATE] name=crosswalkcx=320 cy=399 area=103680 score=0.85 [0m
[self_driving-10] [0m[INFO] [1782960839.378959632] [self_driving]: [DEBUG_DRIVE] state=LINE_FOLLOW raw_lane_x=7.5 lane_x=7.5 filter=stable linear=0.30 angular=0.10 cw_y=0 right_done=False start_turn=False count_turn=0 traffic=None stop=False[0m
[self_driving-10] [0m[INFO] [1782960839.677749772] [self_driving]: [OBJECTS] msg_count=62 n=1 names=['crosswalk'][0m
[self_driving-10] [0m[INFO] [1782960839.679812135] [self_driving]: [CW_CANDIDATE] name=crosswalkcx=435 cy=100 area=6972 score=0.88 [0m
[self_driving-10] [0m[INFO] [1782960839.687160453] [self_driving]: [CW_CANDIDATE] name=crosswalkcx=370 cy=419 area=60146 score=0.64 [0m
[self_driving-10] [0m[INFO] [1782960839.891758891] [self_driving]: [DEBUG_DRIVE] state=LINE_FOLLOW raw_lane_x=91.5 lane_x=91.5 filter=stable linear=0.30 angular=0.10 cw_y=419 right_done=False start_turn=False count_turn=0 traffic=None stop=False[0m
[self_driving-10] [0m[INFO] [1782960840.046795316] [self_driving]: [CW_CANDIDATE] name=crosswalkcx=465 cy=115 area=9660 score=0.90 [0m
[self_driving-10] [0m[INFO] [1782960840.435461337] [self_driving]: [CROSSWALK_IGNORE] y=115 < th=180[0m
[self_driving-10] [0m[INFO] [1782960840.438330705] [self_driving]: [DEBUG_DRIVE] state=LINE_FOLLOW raw_lane_x=179.5 lane_x=179.5 filter=stable linear=0.30 angular=-0.10 cw_y=115 right_done=False start_turn=False count_turn=0 traffic=None stop=False[0m
[self_driving-10] [0m[INFO] [1782960840.481582813] [self_driving]: [OBJECTS] msg_count=65 n=1 names=['crosswalk'][0m
[self_driving-10] [0m[INFO] [1782960840.482433003] [self_driving]: [CW_CANDIDATE] name=crosswalkcx=476 cy=137 area=12350 score=0.91 [0m
[self_driving-10] [0m[INFO] [1782960840.859778907] [self_driving]: [CW_CANDIDATE] name=crosswalkcx=485 cy=177 area=18290 score=0.90 [0m
[self_driving-10] [0m[INFO] [1782960840.977205736] [self_driving]: [CROSSWALK_IGNORE] y=177 < th=180[0m
[self_driving-10] [0m[INFO] [1782960840.978253816] [self_driving]: [DEBUG_DRIVE] state=LINE_FOLLOW raw_lane_x=155.0 lane_x=155.0 filter=stable linear=0.30 angular=0.10 cw_y=177 right_done=False start_turn=False count_turn=0 traffic=None stop=False[0m
[self_driving-10] [0m[INFO] [1782960841.245319893] [self_driving]: [OBJECTS] msg_count=67 n=1 names=['crosswalk'][0m
[self_driving-10] [0m[INFO] [1782960841.249359156] [self_driving]: [CW_CANDIDATE] name=crosswalkcx=506 cy=255 area=31059 score=0.83 [0m
[self_driving-10] [0m[INFO] [1782960841.317556437] [self_driving]: [IMAGE] received count=238 shape=(480, 640, 3) queue=0[0m
[self_driving-10] [0m[INFO] [1782960841.500506626] [self_driving]: [DEBUG_DRIVE] state=LINE_FOLLOW raw_lane_x=137.5 lane_x=137.5 filter=stable linear=0.30 angular=-0.10 cw_y=255 right_done=False start_turn=False count_turn=0 traffic=None stop=False[0m
[self_driving-10] [0m[INFO] [1782960842.055055336] [self_driving]: [DEBUG_DRIVE] state=LINE_FOLLOW raw_lane_x=131.0 lane_x=131.0 filter=stable linear=0.30 angular=-0.10 cw_y=0 right_done=False start_turn=False count_turn=0 traffic=None stop=False[0m
[self_driving-10] [0m[INFO] [1782960842.588710209] [self_driving]: [DEBUG_DRIVE] state=LINE_FOLLOW raw_lane_x=141.0 lane_x=141.0 filter=stable linear=0.30 angular=-0.10 cw_y=0 right_done=False start_turn=False count_turn=0 traffic=None stop=False[0m
[self_driving-10] [0m[INFO] [1782960843.137078922] [self_driving]: [DEBUG_DRIVE] state=LINE_FOLLOW raw_lane_x=126.0 lane_x=126.0 filter=stable linear=0.30 angular=0.10 cw_y=0 right_done=False start_turn=False count_turn=0 traffic=None stop=False[0m
[self_driving-10] [0m[INFO] [1782960843.381583171] [self_driving]: [IMAGE] received count=269 shape=(480, 640, 3) queue=0[0m
[self_driving-10] [0m[INFO] [1782960843.688284280] [self_driving]: [DEBUG_DRIVE] state=LINE_FOLLOW raw_lane_x=139.5 lane_x=139.5 filter=stable linear=0.30 angular=-0.10 cw_y=0 right_done=False start_turn=False count_turn=0 traffic=None stop=False[0m
[self_driving-10] [33m[WARN] [1782960844.019661266] [self_driving]: [LANE_X_JUMP_REJECT] raw=40.0 last=130.5 diff=90.5 candidate=40.0 cnt=1/4[0m
[self_driving-10] [0m[INFO] [1782960844.238597893] [self_driving]: [DEBUG_DRIVE] state=LINE_FOLLOW raw_lane_x=-1 lane_x=130.5 filter=hold_last linear=0.30 angular=-0.10 cw_y=0 right_done=False start_turn=False count_turn=0 traffic=None stop=False[0m
[self_driving-10] [33m[WARN] [1782960844.340478063] [self_driving]: [LANE_LOST] raw_lane_x=-1 lane_x=-1 filter=lost stop=False state=LINE_FOLLOW safe_linear=0.00 right_ready=False right_done=False[0m
[self_driving-10] [0m[INFO] [1782960844.741789062] [self_driving]: [DEBUG_DRIVE] state=LINE_FOLLOW raw_lane_x=-1 lane_x=-1 filter=lost linear=0.30 angular=0.00 cw_y=0 right_done=False start_turn=False count_turn=0 traffic=None stop=False[0m
[self_driving-10] [33m[WARN] [1782960844.882072757] [self_driving]: [LANE_LOST] raw_lane_x=-1 lane_x=-1 filter=lost stop=False state=LINE_FOLLOW safe_linear=0.00 right_ready=False right_done=False[0m
[self_driving-10] [0m[INFO] [1782960845.292489806] [self_driving]: [DEBUG_DRIVE] state=LINE_FOLLOW raw_lane_x=-1 lane_x=-1 filter=lost linear=0.30 angular=0.00 cw_y=0 right_done=False start_turn=False count_turn=0 traffic=None stop=False[0m
[self_driving-10] [0m[INFO] [1782960845.446608929] [self_driving]: [IMAGE] received count=295 shape=(480, 640, 3) queue=0[0m
[self_driving-10] [33m[WARN] [1782960845.457637749] [self_driving]: [LANE_LOST] raw_lane_x=-1 lane_x=-1 filter=lost stop=False state=LINE_FOLLOW safe_linear=0.00 right_ready=False right_done=False[0m
[self_driving-10] [0m[INFO] [1782960845.795911069] [self_driving]: [DEBUG_DRIVE] state=LINE_FOLLOW raw_lane_x=-1 lane_x=-1 filter=lost linear=0.30 angular=0.00 cw_y=0 right_done=False start_turn=False count_turn=0 traffic=None stop=False[0m
[self_driving-10] [33m[WARN] [1782960846.018449753] [self_driving]: [LANE_LOST] raw_lane_x=-1 lane_x=-1 filter=lost stop=False state=LINE_FOLLOW safe_linear=0.00 right_ready=False right_done=False[0m
[self_driving-10] [0m[INFO] [1782960846.326871112] [self_driving]: [DEBUG_DRIVE] state=LINE_FOLLOW raw_lane_x=-1 lane_x=-1 filter=lost linear=0.30 angular=0.00 cw_y=0 right_done=False start_turn=False count_turn=0 traffic=None stop=False[0m
[self_driving-10] [33m[WARN] [1782960846.547218729] [self_driving]: [LANE_LOST] raw_lane_x=-1 lane_x=-1 filter=lost stop=False state=LINE_FOLLOW safe_linear=0.00 right_ready=False right_done=False[0m
[self_driving-10] [0m[INFO] [1782960846.828583828] [self_driving]: [DEBUG_DRIVE] state=LINE_FOLLOW raw_lane_x=-1 lane_x=-1 filter=lost linear=0.30 angular=0.00 cw_y=0 right_done=False start_turn=False count_turn=0 traffic=None stop=False[0m
[self_driving-10] [33m[WARN] [1782960847.054674458] [self_driving]: [LANE_LOST] raw_lane_x=-1 lane_x=-1 filter=lost stop=False state=LINE_FOLLOW safe_linear=0.00 right_ready=False right_done=False[0m
[self_driving-10] [0m[INFO] [1782960847.393798133] [self_driving]: [DEBUG_DRIVE] state=LINE_FOLLOW raw_lane_x=-1 lane_x=-1 filter=lost linear=0.30 angular=0.00 cw_y=0 right_done=False start_turn=False count_turn=0 traffic=None stop=False[0m
[self_driving-10] [0m[INFO] [1782960847.457437575] [self_driving]: [IMAGE] received count=320 shape=(480, 640, 3) queue=0[0m
[self_driving-10] [33m[WARN] [1782960847.638271438] [self_driving]: [LANE_LOST] raw_lane_x=-1 lane_x=-1 filter=lost stop=False state=LINE_FOLLOW safe_linear=0.00 right_ready=False right_done=False[0m
[self_driving-10] [0m[INFO] [1782960847.947276745] [self_driving]: [DEBUG_DRIVE] state=LINE_FOLLOW raw_lane_x=-1 lane_x=-1 filter=lost linear=0.30 angular=0.00 cw_y=0 right_done=False start_turn=False count_turn=0 traffic=None stop=False[0m
[self_driving-10] [33m[WARN] [1782960848.179614335] [self_driving]: [LANE_LOST] raw_lane_x=-1 lane_x=-1 filter=lost stop=False state=LINE_FOLLOW safe_linear=0.00 right_ready=False right_done=False[0m
[self_driving-10] [0m[INFO] [1782960848.509462237] [self_driving]: [DEBUG_DRIVE] state=LINE_FOLLOW raw_lane_x=-1 lane_x=-1 filter=lost linear=0.30 angular=0.00 cw_y=0 right_done=False start_turn=False count_turn=0 traffic=None stop=False[0m
[self_driving-10] [33m[WARN] [1782960848.694282252] [self_driving]: [LANE_LOST] raw_lane_x=-1 lane_x=-1 filter=lost stop=False state=LINE_FOLLOW safe_linear=0.00 right_ready=False right_done=False[0m
[self_driving-10] [0m[INFO] [1782960849.107994522] [self_driving]: [DEBUG_DRIVE] state=LINE_FOLLOW raw_lane_x=-1 lane_x=-1 filter=lost linear=0.30 angular=0.00 cw_y=0 right_done=False start_turn=False count_turn=0 traffic=None stop=False[0m
[self_driving-10] [33m[WARN] [1782960849.232975523] [self_driving]: [LANE_LOST] raw_lane_x=-1 lane_x=-1 filter=lost stop=False state=LINE_FOLLOW safe_linear=0.00 right_ready=False right_done=False[0m
[self_driving-10] [0m[INFO] [1782960849.475941671] [self_driving]: [IMAGE] received count=345 shape=(480, 640, 3) queue=0[0m
[self_driving-10] [0m[INFO] [1782960849.648249672] [self_driving]: [DEBUG_DRIVE] state=LINE_FOLLOW raw_lane_x=-1 lane_x=-1 filter=lost linear=0.30 angular=0.00 cw_y=0 right_done=False start_turn=False count_turn=0 traffic=None stop=False[0m
[self_driving-10] [33m[WARN] [1782960849.742904302] [self_driving]: [LANE_LOST] raw_lane_x=-1 lane_x=-1 filter=lost stop=False state=LINE_FOLLOW safe_linear=0.00 right_ready=False right_done=False[0m
[self_driving-10] [0m[INFO] [1782960850.213936443] [self_driving]: [DEBUG_DRIVE] state=LINE_FOLLOW raw_lane_x=-1 lane_x=-1 filter=lost linear=0.30 angular=0.00 cw_y=0 right_done=False start_turn=False count_turn=0 traffic=None stop=False[0m
[self_driving-10] [33m[WARN] [1782960850.279729359] [self_driving]: [LANE_LOST] raw_lane_x=-1 lane_x=-1 filter=lost stop=False state=LINE_FOLLOW safe_linear=0.00 right_ready=False right_done=False[0m
[self_driving-10] [33m[WARN] [1782960850.802030540] [self_driving]: [LANE_X_JUMP_REJECT] raw=32.5 last=130.5 diff=98.0 candidate=40.0 cnt=2/4[0m
[self_driving-10] [0m[INFO] [1782960850.803271825] [self_driving]: [DEBUG_DRIVE] state=LINE_FOLLOW raw_lane_x=32.5 lane_x=130.5 filter=jump_reject linear=0.30 angular=-0.10 cw_y=0 right_done=False start_turn=False count_turn=0 traffic=None stop=False[0m
[self_driving-10] [0m[INFO] [1782960851.306867996] [self_driving]: [DEBUG_DRIVE] state=LINE_FOLLOW raw_lane_x=-1 lane_x=316.5 filter=hold_last linear=0.30 angular=-0.50 cw_y=0 right_done=False start_turn=False count_turn=4 traffic=None stop=False[0m
[self_driving-10] [0m[INFO] [1782960851.492773979] [self_driving]: [IMAGE] received count=370 shape=(480, 640, 3) queue=0[0m
[self_driving-10] [33m[WARN] [1782960851.502130716] [self_driving]: [LANE_LOST] raw_lane_x=-1 lane_x=-1 filter=lost stop=False state=LINE_FOLLOW safe_linear=0.00 right_ready=False right_done=False[0m
[self_driving-10] [0m[INFO] [1782960851.609609454] [self_driving]: [OBJECTS] msg_count=69 n=1 names=['go'][0m
[self_driving-10] [0m[INFO] [1782960851.611401389] [self_driving]: [CW_CANDIDATE] name=crosswalkcx=384 cy=57 area=1539 score=0.77 [0m
[self_driving-10] [0m[INFO] [1782960851.614048534] [self_driving]: [CW_CANDIDATE] name=crosswalkcx=394 cy=42 area=585 score=0.71 [0m
[self_driving-10] [0m[INFO] [1782960851.619690490] [self_driving]: [TRAFFIC_CANDIDATE] name=green valid=False cx=507 cy=5 area=165 score=0.28 min_area=800[0m
[self_driving-10] [0m[INFO] [1782960851.826447347] [self_driving]: [DEBUG_DRIVE] state=LINE_FOLLOW raw_lane_x=-1 lane_x=-1 filter=lost linear=0.30 angular=0.00 cw_y=0 right_done=False start_turn=True count_turn=0 traffic=None stop=False[0m
[self_driving-10] [0m[INFO] [1782960852.016035684] [self_driving]: [CW_CANDIDATE] name=crosswalkcx=341 cy=141 area=3040 score=0.87 [0m
[self_driving-10] [0m[INFO] [1782960852.019615981] [self_driving]: [CW_CANDIDATE] name=crosswalkcx=350 cy=108 area=1296 score=0.84 [0m
[self_driving-10] [33m[WARN] [1782960852.103272792] [self_driving]: [LANE_LOST] raw_lane_x=-1 lane_x=-1 filter=lost stop=False state=LINE_FOLLOW safe_linear=0.00 right_ready=False right_done=False[0m
[self_driving-10] [0m[INFO] [1782960852.387624501] [self_driving]: [CROSSWALK_IGNORE] y=108 < th=180[0m
[self_driving-10] [0m[INFO] [1782960852.391027168] [self_driving]: [DEBUG_DRIVE] state=LINE_FOLLOW raw_lane_x=298.5 lane_x=298.5 filter=stable linear=0.30 angular=-0.50 cw_y=108 right_done=False start_turn=True count_turn=4 traffic=None stop=False[0m
[self_driving-10] [0m[INFO] [1782960852.432253320] [self_driving]: [OBJECTS] msg_count=75 n=1 names=['crosswalk'][0m
[self_driving-10] [33m[WARN] [1782960852.562384645] [self_driving]: [LANE_X_JUMP_REJECT] raw=112.5 last=262.0 diff=149.5 candidate=112.5 cnt=1/4[0m
[self_driving-10] [0m[INFO] [1782960852.872344272] [self_driving]: [CW_CANDIDATE] name=crosswalkcx=578 cy=388 area=16482 score=0.46 [0m
[self_driving-10] [33m[WARN] [1782960852.970732867] [self_driving]: [LANE_LOST] raw_lane_x=-1 lane_x=-1 filter=lost stop=False state=LINE_FOLLOW safe_linear=0.00 right_ready=False right_done=False[0m
[self_driving-10] [0m[INFO] [1782960852.971531650] [self_driving]: [DEBUG_DRIVE] state=LINE_FOLLOW raw_lane_x=-1 lane_x=-1 filter=lost linear=0.30 angular=0.00 cw_y=388 right_done=False start_turn=True count_turn=10 traffic=None stop=False[0m
[self_driving-10] [33m[WARN] [1782960853.072681668] [self_driving]: [LANE_X_JUMP_REJECT] raw=4.0 last=262.0 diff=258.0 candidate=35.0 cnt=3/4[0m
[self_driving-10] [0m[INFO] [1782960853.127523802] [self_driving]: [LANE_X_JUMP_ACCEPT] raw=18.0 last=18.0 cnt=4/4[0m
[self_driving-10] [0m[INFO] [1782960853.128633827] [self_driving]: [CROSSWALK_SLOW] y=388 th=180 confirm=4[0m
[self_driving-10] [0m[INFO] [1782960853.354221639] [self_driving]: [OBJECTS] msg_count=77 n=1 names=['green'][0m
[self_driving-10] [0m[INFO] [1782960853.354807605] [self_driving]: [TRAFFIC_CANDIDATE] name=green valid=True cx=125 cy=435 area=20328 score=0.79 min_area=800[0m
[self_driving-10] [0m[INFO] [1782960853.394321470] [self_driving]: [TRAFFIC_GREEN_GO] area=20328 cw_y=0[0m
[self_driving-10] [0m[INFO] [1782960853.469873014] [self_driving]: [TRAFFIC_GREEN_GO] area=20328 cw_y=0[0m
[self_driving-10] [0m[INFO] [1782960853.522079708] [self_driving]: [IMAGE] received count=395 shape=(480, 640, 3) queue=0[0m
[self_driving-10] [0m[INFO] [1782960853.530054807] [self_driving]: [LANE_X_JUMP_ACCEPT] raw=237.5 last=237.5 cnt=4/4[0m
[self_driving-10] [0m[INFO] [1782960853.531210054] [self_driving]: [TRAFFIC_GREEN_GO] area=20328 cw_y=0[0m
[self_driving-10] [0m[INFO] [1782960853.624123138] [self_driving]: [TRAFFIC_GREEN_GO] area=20328 cw_y=0[0m
[self_driving-10] [0m[INFO] [1782960853.703750020] [self_driving]: [TRAFFIC_GREEN_GO] area=20328 cw_y=0[0m
[self_driving-10] [0m[INFO] [1782960853.704654080] [self_driving]: [CW_STAGE 2] 정지선 앞 완전 정지! elapsed=0.58s[0m
[self_driving-10] [0m[INFO] [1782960853.786671734] [self_driving]: [TRAFFIC_GREEN_GO] area=20328 cw_y=0[0m
[self_driving-10] [0m[INFO] [1782960853.794121423] [self_driving]: [CW_STAGE 2] 정지선 앞 완전 정지! elapsed=0.66s[0m
[self_driving-10] [0m[INFO] [1782960853.881562088] [self_driving]: [TRAFFIC_GREEN_GO] area=20328 cw_y=0[0m
[self_driving-10] [0m[INFO] [1782960853.882211258] [self_driving]: [CW_STAGE 2] 정지선 앞 완전 정지! elapsed=0.75s[0m
[self_driving-10] [0m[INFO] [1782960853.941395120] [self_driving]: [TRAFFIC_GREEN_GO] area=20328 cw_y=0[0m
[self_driving-10] [0m[INFO] [1782960853.943455298] [self_driving]: [CW_STAGE 2] 정지선 앞 완전 정지! elapsed=0.81s[0m
[self_driving-10] [33m[WARN] [1782960854.017716743] [self_driving]: [LANE_X_JUMP_REJECT] raw=189.5 last=311.5 diff=122.0 candidate=189.5 cnt=1/4[0m
[self_driving-10] [0m[INFO] [1782960854.018608766] [self_driving]: [TRAFFIC_GREEN_GO] area=20328 cw_y=0[0m
[self_driving-10] [0m[INFO] [1782960854.021258429] [self_driving]: [CW_STAGE 2] 정지선 앞 완전 정지! elapsed=0.89s[0m
[self_driving-10] [0m[INFO] [1782960854.099336672] [self_driving]: [TRAFFIC_GREEN_GO] area=20328 cw_y=0[0m
[self_driving-10] [0m[INFO] [1782960854.100153862] [self_driving]: [CW_STAGE 2] 정지선 앞 완전 정지! elapsed=0.97s[0m
[self_driving-10] [0m[INFO] [1782960854.177217859] [self_driving]: [TRAFFIC_GREEN_GO] area=20328 cw_y=0[0m
[self_driving-10] [0m[INFO] [1782960854.179535779] [self_driving]: [CW_STAGE 2] 정지선 앞 완전 정지! elapsed=1.05s[0m
[self_driving-10] [0m[INFO] [1782960854.261242023] [self_driving]: [TRAFFIC_GREEN_GO] area=20328 cw_y=0[0m
[self_driving-10] [0m[INFO] [1782960854.263741796] [self_driving]: [CW_STAGE 2] 정지선 앞 완전 정지! elapsed=1.13s[0m
[self_driving-10] [0m[INFO] [1782960854.371526314] [self_driving]: [TRAFFIC_GREEN_GO] area=20328 cw_y=0[0m
[self_driving-10] [0m[INFO] [1782960854.373546232] [self_driving]: [CW_STAGE 2] 정지선 앞 완전 정지! elapsed=1.24s[0m
[self_driving-10] [0m[INFO] [1782960854.437725140] [self_driving]: [TRAFFIC_GREEN_GO] area=20328 cw_y=0[0m
[self_driving-10] [0m[INFO] [1782960854.438731275] [self_driving]: [CW_STAGE 2] 정지선 앞 완전 정지! elapsed=1.31s[0m
[self_driving-10] [0m[INFO] [1782960854.509254884] [self_driving]: [TRAFFIC_GREEN_GO] area=20328 cw_y=0[0m
[self_driving-10] [0m[INFO] [1782960854.511278636] [self_driving]: [CW_STAGE 2] 정지선 앞 완전 정지! elapsed=1.38s[0m
[self_driving-10] [33m[WARN] [1782960854.579777679] [self_driving]: [LANE_X_JUMP_REJECT] raw=114.5 last=282.5 diff=168.0 candidate=108.5 cnt=3/4[0m
[self_driving-10] [0m[INFO] [1782960854.580976963] [self_driving]: [TRAFFIC_GREEN_GO] area=20328 cw_y=0[0m
[self_driving-10] [0m[INFO] [1782960854.583028215] [self_driving]: [CW_STAGE 2] 정지선 앞 완전 정지! elapsed=1.45s[0m
[self_driving-10] [0m[INFO] [1782960854.664416310] [self_driving]: [LANE_X_JUMP_ACCEPT] raw=87.5 last=87.5 cnt=4/4[0m
[self_driving-10] [0m[INFO] [1782960854.665985411] [self_driving]: [TRAFFIC_GREEN_GO] area=20328 cw_y=0[0m
[self_driving-10] [0m[INFO] [1782960854.669537245] [self_driving]: [CW_STAGE 2] 정지선 앞 완전 정지! elapsed=1.54s[0m
[self_driving-10] [0m[INFO] [1782960854.719630317] [self_driving]: [TRAFFIC_GREEN_GO] area=20328 cw_y=0[0m
[self_driving-10] [0m[INFO] [1782960854.720586618] [self_driving]: [CW_STAGE 2] 정지선 앞 완전 정지! elapsed=1.59s[0m
[self_driving-10] [0m[INFO] [1782960854.733607560] [self_driving]: [OBJECTS] msg_count=78 n=1 names=['crosswalk'][0m
[self_driving-10] [0m[INFO] [1782960854.734086859] [self_driving]: [CW_CANDIDATE] name=crosswalkcx=138 cy=364 area=10890 score=0.89 [0m
[self_driving-10] [0m[INFO] [1782960854.734493546] [self_driving]: [TRAFFIC_CLEAR] no valid red/green in current object msg -> clear stale traffic[0m
[self_driving-10] [0m[INFO] [1782960854.828162801] [self_driving]: [CW_STAGE 2] 정지선 앞 완전 정지! elapsed=1.70s[0m
[self_driving-10] [0m[INFO] [1782960854.896196767] [self_driving]: [CW_STAGE 2] 정지선 앞 완전 정지! elapsed=1.77s[0m
[self_driving-10] [0m[INFO] [1782960854.969128667] [self_driving]: [CW_STAGE 2] 정지선 앞 완전 정지! elapsed=1.84s[0m
[self_driving-10] [0m[INFO] [1782960855.050684707] [self_driving]: [CW_STAGE 2] 정지선 앞 완전 정지! elapsed=1.92s[0m
[self_driving-10] [0m[INFO] [1782960855.141687373] [self_driving]: [CW_STAGE 3] 미션 완료 -> 정상 속도 회복 및 6초 락 가동[0m
[self_driving-10] [0m[INFO] [1782960855.147496294] [self_driving]: [DEBUG_DRIVE] state=LINE_FOLLOW raw_lane_x=-1 lane_x=22.5 filter=hold_last linear=0.30 angular=0.10 cw_y=0 right_done=False start_turn=False count_turn=0 traffic=None stop=False[0m
[self_driving-10] [33m[WARN] [1782960855.220836289] [self_driving]: [LANE_LOST] raw_lane_x=-1 lane_x=-1 filter=lost stop=False state=LINE_FOLLOW safe_linear=0.00 right_ready=False right_done=False[0m
[self_driving-10] [0m[INFO] [1782960855.471418238] [self_driving]: [OBJECTS] msg_count=82 n=1 names=['crosswalk'][0m
[self_driving-10] [0m[INFO] [1782960855.473191804] [self_driving]: [CW_CANDIDATE] name=crosswalkcx=175 cy=300 area=11136 score=0.60 [0m
[self_driving-10] [0m[INFO] [1782960855.538339643] [self_driving]: [IMAGE] received count=420 shape=(480, 640, 3) queue=0[0m
[self_driving-10] [0m[INFO] [1782960855.701090351] [self_driving]: [DEBUG_DRIVE] state=LINE_FOLLOW raw_lane_x=-1 lane_x=-1 filter=lost linear=0.30 angular=0.00 cw_y=300 right_done=False start_turn=False count_turn=0 traffic=None stop=False[0m
[self_driving-10] [33m[WARN] [1782960855.773414062] [self_driving]: [LANE_LOST] raw_lane_x=-1 lane_x=-1 filter=lost stop=False state=LINE_FOLLOW safe_linear=0.00 right_ready=False right_done=False[0m
[self_driving-10] [0m[INFO] [1782960855.833293854] [self_driving]: [CW_CANDIDATE] name=crosswalkcx=288 cy=101 area=5249 score=0.87 [0m
[self_driving-10] [0m[INFO] [1782960855.837451469] [self_driving]: [CW_CANDIDATE] name=crosswalkcx=314 cy=208 area=27621 score=0.82 [0m
[self_driving-10] [0m[INFO] [1782960856.189183418] [self_driving]: [OBJECTS] msg_count=85 n=1 names=['crosswalk'][0m
[self_driving-10] [0m[INFO] [1782960856.189644476] [self_driving]: [CW_CANDIDATE] name=crosswalkcx=382 cy=101 area=9750 score=0.81 [0m
[self_driving-10] [0m[INFO] [1782960856.193113440] [self_driving]: [CW_CANDIDATE] name=crosswalkcx=371 cy=54 area=1900 score=0.79 [0m
[self_driving-10] [0m[INFO] [1782960856.265194576] [self_driving]: [CROSSWALK_IGNORE] y=54 < th=180[0m
[self_driving-10] [0m[INFO] [1782960856.266492287] [self_driving]: [DEBUG_DRIVE] state=LINE_FOLLOW raw_lane_x=-1 lane_x=-1 filter=lost linear=0.30 angular=0.00 cw_y=54 right_done=False start_turn=False count_turn=0 traffic=None stop=False[0m
[self_driving-10] [33m[WARN] [1782960856.338481626] [self_driving]: [LANE_LOST] raw_lane_x=-1 lane_x=-1 filter=lost stop=False state=LINE_FOLLOW safe_linear=0.00 right_ready=False right_done=False[0m
[self_driving-10] [0m[INFO] [1782960856.544113903] [self_driving]: [CW_CANDIDATE] name=crosswalkcx=420 cy=113 area=11194 score=0.87 [0m
[self_driving-10] [0m[INFO] [1782960856.823570214] [self_driving]: [DEBUG_DRIVE] state=LINE_FOLLOW raw_lane_x=-1 lane_x=-1 filter=lost linear=0.30 angular=0.00 cw_y=0 right_done=False start_turn=False count_turn=0 traffic=None stop=False[0m
[self_driving-10] [0m[INFO] [1782960856.883470469] [self_driving]: [OBJECTS] msg_count=89 n=1 names=['crosswalk'][0m
[self_driving-10] [0m[INFO] [1782960856.883964397] [self_driving]: [CW_CANDIDATE] name=crosswalkcx=421 cy=115 area=11194 score=0.87 [0m
[self_driving-10] [33m[WARN] [1782960856.900788805] [self_driving]: [LANE_LOST] raw_lane_x=-1 lane_x=-1 filter=lost stop=False state=LINE_FOLLOW safe_linear=0.00 right_ready=False right_done=False[0m
[self_driving-10] [0m[INFO] [1782960857.241160654] [self_driving]: [CW_CANDIDATE] name=crosswalkcx=397 cy=63 area=1480 score=0.71 [0m
[self_driving-10] [0m[INFO] [1782960857.329559287] [self_driving]: [DEBUG_DRIVE] state=LINE_FOLLOW raw_lane_x=-1 lane_x=-1 filter=lost linear=0.30 angular=0.00 cw_y=0 right_done=False start_turn=False count_turn=0 traffic=None stop=False[0m
[self_driving-10] [33m[WARN] [1782960857.402207001] [self_driving]: [LANE_LOST] raw_lane_x=-1 lane_x=-1 filter=lost stop=False state=LINE_FOLLOW safe_linear=0.00 right_ready=False right_done=False[0m
[self_driving-10] [0m[INFO] [1782960857.609728454] [self_driving]: [IMAGE] received count=446 shape=(480, 640, 3) queue=0[0m
[self_driving-10] [0m[INFO] [1782960857.614446147] [self_driving]: [OBJECTS] msg_count=93 n=1 names=['crosswalk'][0m
[self_driving-10] [0m[INFO] [1782960857.615068021] [self_driving]: [CW_CANDIDATE] name=crosswalkcx=419 cy=114 area=11136 score=0.85 [0m
[self_driving-10] [0m[INFO] [1782960857.869735085] [self_driving]: [DEBUG_DRIVE] state=LINE_FOLLOW raw_lane_x=-1 lane_x=-1 filter=lost linear=0.30 angular=0.00 cw_y=0 right_done=False start_turn=False count_turn=0 traffic=None stop=False[0m
[self_driving-10] [33m[WARN] [1782960857.940800049] [self_driving]: [LANE_LOST] raw_lane_x=-1 lane_x=-1 filter=lost stop=False state=LINE_FOLLOW safe_linear=0.00 right_ready=False right_done=False[0m
[self_driving-10] [0m[INFO] [1782960857.972055683] [self_driving]: [CW_CANDIDATE] name=crosswalkcx=418 cy=114 area=11107 score=0.85 [0m
[self_driving-10] [0m[INFO] [1782960857.974671809] [self_driving]: [CW_CANDIDATE] name=crosswalkcx=397 cy=63 area=1480 score=0.73 [0m
[self_driving-10] [0m[INFO] [1782960858.348866436] [self_driving]: [OBJECTS] msg_count=98 n=1 names=['go'][0m
[self_driving-10] [0m[INFO] [1782960858.436184601] [self_driving]: [DEBUG_DRIVE] state=LINE_FOLLOW raw_lane_x=-1 lane_x=-1 filter=lost linear=0.30 angular=0.00 cw_y=0 right_done=False start_turn=False count_turn=0 traffic=None stop=False[0m
[self_driving-10] [33m[WARN] [1782960858.505244943] [self_driving]: [LANE_LOST] raw_lane_x=-1 lane_x=-1 filter=lost stop=False state=LINE_FOLLOW safe_linear=0.00 right_ready=False right_done=False[0m
[self_driving-10] [0m[INFO] [1782960858.705484004] [self_driving]: [CW_CANDIDATE] name=crosswalkcx=418 cy=114 area=11136 score=0.85 [0m
[self_driving-10] [0m[INFO] [1782960858.707771610] [self_driving]: [CW_CANDIDATE] name=crosswalkcx=397 cy=63 area=1480 score=0.73 [0m
[self_driving-10] [0m[INFO] [1782960859.004791536] [self_driving]: [DEBUG_DRIVE] state=LINE_FOLLOW raw_lane_x=-1 lane_x=-1 filter=lost linear=0.30 angular=0.00 cw_y=0 right_done=False start_turn=False count_turn=0 traffic=None stop=False[0m
[self_driving-10] [0m[INFO] [1782960859.055663796] [self_driving]: [OBJECTS] msg_count=102 n=1 names=['crosswalk'][0m
[self_driving-10] [0m[INFO] [1782960859.056327467] [self_driving]: [CW_CANDIDATE] name=crosswalkcx=419 cy=114 area=10368 score=0.84 [0m
[self_driving-10] [33m[WARN] [1782960859.094596695] [self_driving]: [LANE_LOST] raw_lane_x=-1 lane_x=-1 filter=lost stop=False state=LINE_FOLLOW safe_linear=0.00 right_ready=False right_done=False[0m
[self_driving-10] [0m[INFO] [1782960859.405418623] [self_driving]: [CW_CANDIDATE] name=crosswalkcx=420 cy=115 area=11520 score=0.86 [0m
[self_driving-10] [0m[INFO] [1782960859.408993865] [self_driving]: [CW_CANDIDATE] name=crosswalkcx=396 cy=63 area=1480 score=0.73 [0m
[self_driving-10] [0m[INFO] [1782960859.568727501] [self_driving]: [DEBUG_DRIVE] state=LINE_FOLLOW raw_lane_x=-1 lane_x=-1 filter=lost linear=0.30 angular=0.00 cw_y=0 right_done=False start_turn=False count_turn=0 traffic=None stop=False[0m
[self_driving-10] [0m[INFO] [1782960859.630744378] [self_driving]: [IMAGE] received count=471 shape=(480, 640, 3) queue=0[0m
[self_driving-10] [33m[WARN] [1782960859.637099654] [self_driving]: [LANE_LOST] raw_lane_x=-1 lane_x=-1 filter=lost stop=False state=LINE_FOLLOW safe_linear=0.00 right_ready=False right_done=False[0m
[self_driving-10] [0m[INFO] [1782960859.773462161] [self_driving]: [OBJECTS] msg_count=107 n=1 names=['go'][0m
[self_driving-10] [0m[INFO] [1782960860.122926024] [self_driving]: [DEBUG_DRIVE] state=LINE_FOLLOW raw_lane_x=-1 lane_x=-1 filter=lost linear=0.30 angular=0.00 cw_y=0 right_done=False start_turn=False count_turn=0 traffic=None stop=False[0m
[self_driving-10] [33m[WARN] [1782960860.216506019] [self_driving]: [LANE_LOST] raw_lane_x=-1 lane_x=-1 filter=lost stop=False state=LINE_FOLLOW safe_linear=0.00 right_ready=False right_done=False[0m
[self_driving-10] [0m[INFO] [1782960860.465519422] [self_driving]: [OBJECTS] msg_count=109 n=1 names=['crosswalk'][0m
[self_driving-10] [0m[INFO] [1782960860.466096925] [self_driving]: [CW_CANDIDATE] name=crosswalkcx=418 cy=114 area=9625 score=0.82 [0m
[self_driving-10] [0m[INFO] [1782960860.681970166] [self_driving]: [DEBUG_DRIVE] state=LINE_FOLLOW raw_lane_x=-1 lane_x=-1 filter=lost linear=0.30 angular=0.00 cw_y=0 right_done=False start_turn=False count_turn=0 traffic=None stop=False[0m
[self_driving-10] [33m[WARN] [1782960860.780066093] [self_driving]: [LANE_LOST] raw_lane_x=-1 lane_x=-1 filter=lost stop=False state=LINE_FOLLOW safe_linear=0.00 right_ready=False right_done=False[0m
[self_driving-10] [0m[INFO] [1782960860.833784869] [self_driving]: [CW_CANDIDATE] name=crosswalkcx=418 cy=114 area=9625 score=0.83 [0m
[self_driving-10] [0m[INFO] [1782960860.836222568] [self_driving]: [CW_CANDIDATE] name=crosswalkcx=398 cy=63 area=1302 score=0.71 [0m
[self_driving-10] [0m[INFO] [1782960861.176344027] [self_driving]: [OBJECTS] msg_count=114 n=1 names=['crosswalk'][0m
[self_driving-10] [0m[INFO] [1782960861.177355310] [self_driving]: [CW_CANDIDATE] name=crosswalkcx=418 cy=114 area=10395 score=0.84 [0m
[self_driving-10] [0m[INFO] [1782960861.274964105] [self_driving]: [DEBUG_DRIVE] state=LINE_FOLLOW raw_lane_x=-1 lane_x=-1 filter=lost linear=0.30 angular=0.00 cw_y=0 right_done=False start_turn=False count_turn=0 traffic=None stop=False[0m
[self_driving-10] [33m[WARN] [1782960861.337657986] [self_driving]: [LANE_LOST] raw_lane_x=-1 lane_x=-1 filter=lost stop=False state=LINE_FOLLOW safe_linear=0.00 right_ready=False right_done=False[0m
[self_driving-10] [0m[INFO] [1782960861.538254383] [self_driving]: [CW_CANDIDATE] name=crosswalkcx=418 cy=114 area=9650 score=0.83 [0m
[self_driving-10] [0m[INFO] [1782960861.546283723] [self_driving]: [CW_CANDIDATE] name=crosswalkcx=398 cy=63 area=1302 score=0.71 [0m
[self_driving-10] [0m[INFO] [1782960861.658283912] [self_driving]: [IMAGE] received count=496 shape=(480, 640, 3) queue=0[0m
[self_driving-10] [0m[INFO] [1782960861.819182702] [self_driving]: [DEBUG_DRIVE] state=LINE_FOLLOW raw_lane_x=-1 lane_x=5.5 filter=hold_last linear=0.30 angular=0.10 cw_y=0 right_done=False start_turn=False count_turn=0 traffic=None stop=False[0m
[self_driving-10] [0m[INFO] [1782960861.945072060] [self_driving]: [OBJECTS] msg_count=119 n=1 names=['crosswalk'][0m
[self_driving-10] [0m[INFO] [1782960861.945677137] [self_driving]: [CW_CANDIDATE] name=crosswalkcx=418 cy=114 area=10062 score=0.83 [0m
[self_driving-10] [33m[WARN] [1782960862.058732887] [self_driving]: [LANE_LOST] raw_lane_x=-1 lane_x=-1 filter=lost stop=False state=LINE_FOLLOW safe_linear=0.00 right_ready=False right_done=False[0m
[self_driving-10] [0m[INFO] [1782960862.303844455] [self_driving]: [CW_CANDIDATE] name=crosswalkcx=398 cy=81 area=13357 score=0.40 [0m
[self_driving-10] [0m[INFO] [1782960862.404503785] [self_driving]: [CROSSWALK_IGNORE] y=81 < th=180[0m
[self_driving-10] [0m[INFO] [1782960862.406286721] [self_driving]: [DEBUG_DRIVE] state=LINE_FOLLOW raw_lane_x=30.0 lane_x=30.0 filter=stable linear=0.30 angular=0.10 cw_y=81 right_done=False start_turn=False count_turn=0 traffic=None stop=False[0m
[self_driving-10] [0m[INFO] [1782960862.649921039] [self_driving]: [OBJECTS] msg_count=122 n=1 names=['crosswalk'][0m
[self_driving-10] [0m[INFO] [1782960862.650391560] [self_driving]: [CW_CANDIDATE] name=crosswalkcx=449 cy=122 area=13335 score=0.89 [0m
[self_driving-10] [0m[INFO] [1782960862.653050501] [self_driving]: [CW_CANDIDATE] name=crosswalkcx=422 cy=58 area=2304 score=0.83 [0m
[self_driving-10] [0m[INFO] [1782960862.657615174] [self_driving]: [RIGHT_CANDIDATE] valid=False reject=['low_score', 'small_area'] cnt=0 cx=235 cy=3 area=203 score=0.33 done=False[0m
[self_driving-10] [0m[INFO] [1782960862.948456955] [self_driving]: [DEBUG_DRIVE] state=LINE_FOLLOW raw_lane_x=89.5 lane_x=89.5 filter=stable linear=0.30 angular=0.10 cw_y=0 right_done=False start_turn=False count_turn=0 traffic=None stop=False[0m
[self_driving-10] [0m[INFO] [1782960863.005555046] [self_driving]: [CW_CANDIDATE] name=crosswalkcx=447 cy=129 area=12954 score=0.82 [0m
[self_driving-10] [0m[INFO] [1782960863.009458938] [self_driving]: [CW_CANDIDATE] name=crosswalkcx=420 cy=67 area=1584 score=0.81 [0m
[self_driving-10] [0m[INFO] [1782960863.387801144] [self_driving]: [OBJECTS] msg_count=128 n=1 names=['crosswalk'][0m
[self_driving-10] [0m[INFO] [1782960863.390562677] [self_driving]: [CW_CANDIDATE] name=crosswalkcx=460 cy=74 area=2519 score=0.82 [0m
[self_driving-10] [0m[INFO] [1782960863.450091930] [self_driving]: [DEBUG_DRIVE] state=LINE_FOLLOW raw_lane_x=187.5 lane_x=187.5 filter=stable linear=0.30 angular=-0.10 cw_y=0 right_done=False start_turn=False count_turn=0 traffic=None stop=False[0m
[self_driving-10] [0m[INFO] [1782960863.721734865] [self_driving]: [IMAGE] received count=523 shape=(480, 640, 3) queue=0[0m
[self_driving-10] [0m[INFO] [1782960863.804690895] [self_driving]: [CW_CANDIDATE] name=crosswalkcx=459 cy=217 area=32851 score=0.90 [0m
[self_driving-10] [0m[INFO] [1782960863.807708374] [self_driving]: [CW_CANDIDATE] name=crosswalkcx=508 cy=81 area=3900 score=0.88 [0m
[self_driving-10] [0m[INFO] [1782960863.981802885] [self_driving]: [CROSSWALK_IGNORE] y=81 < th=180[0m
[self_driving-10] [0m[INFO] [1782960863.982740057] [self_driving]: [DEBUG_DRIVE] state=LINE_FOLLOW raw_lane_x=193.5 lane_x=193.5 filter=stable linear=0.30 angular=-0.10 cw_y=81 right_done=False start_turn=False count_turn=0 traffic=None stop=False[0m
[self_driving-10] [0m[INFO] [1782960864.195271001] [self_driving]: [OBJECTS] msg_count=132 n=1 names=['crosswalk'][0m
[self_driving-10] [0m[INFO] [1782960864.196655342] [self_driving]: [CW_CANDIDATE] name=crosswalkcx=532 cy=96 area=4730 score=0.88 [0m
[self_driving-10] [0m[INFO] [1782960864.200259769] [self_driving]: [CW_CANDIDATE] name=crosswalkcx=483 cy=365 area=69616 score=0.57 [0m
[self_driving-10] [0m[INFO] [1782960864.514589420] [self_driving]: [DEBUG_DRIVE] state=LINE_FOLLOW raw_lane_x=157.5 lane_x=157.5 filter=stable linear=0.30 angular=-0.10 cw_y=365 right_done=False start_turn=False count_turn=0 traffic=None stop=False[0m
[self_driving-10] [0m[INFO] [1782960864.601622490] [self_driving]: [CW_CANDIDATE] name=crosswalkcx=539 cy=111 area=5400 score=0.91 [0m
[self_driving-10] [0m[INFO] [1782960865.000347937] [self_driving]: [OBJECTS] msg_count=135 n=1 names=['crosswalk'][0m
[self_driving-10] [0m[INFO] [1782960865.001184720] [self_driving]: [CW_CANDIDATE] name=crosswalkcx=498 cy=131 area=9870 score=0.90 [0m
[self_driving-10] [0m[INFO] [1782960865.080865768] [self_driving]: [CROSSWALK_IGNORE] y=131 < th=180[0m
[self_driving-10] [0m[INFO] [1782960865.081617976] [self_driving]: [DEBUG_DRIVE] state=LINE_FOLLOW raw_lane_x=131.5 lane_x=131.5 filter=stable linear=0.30 angular=0.10 cw_y=131 right_done=False start_turn=False count_turn=0 traffic=None stop=False[0m
[self_driving-10] [0m[INFO] [1782960865.394305247] [self_driving]: [CW_CANDIDATE] name=crosswalkcx=501 cy=172 area=15512 score=0.90 [0m
[self_driving-10] [0m[INFO] [1782960865.604692846] [self_driving]: [CROSSWALK_IGNORE] y=172 < th=180[0m
[self_driving-10] [0m[INFO] [1782960865.605597055] [self_driving]: [DEBUG_DRIVE] state=LINE_FOLLOW raw_lane_x=63.0 lane_x=63.0 filter=stable linear=0.30 angular=0.10 cw_y=172 right_done=False start_turn=False count_turn=0 traffic=None stop=False[0m
[self_driving-10] [0m[INFO] [1782960865.738030634] [self_driving]: [IMAGE] received count=553 shape=(480, 640, 3) queue=0[0m
[self_driving-10] [0m[INFO] [1782960865.749529530] [self_driving]: [OBJECTS] msg_count=137 n=1 names=['crosswalk'][0m
[self_driving-10] [0m[INFO] [1782960865.750856852] [self_driving]: [CW_CANDIDATE] name=crosswalkcx=493 cy=237 area=28128 score=0.91 [0m
[self_driving-10] [33m[WARN] [1782960866.057260441] [self_driving]: [LANE_LOST] raw_lane_x=-1 lane_x=-1 filter=lost stop=False state=LINE_FOLLOW safe_linear=0.00 right_ready=False right_done=False[0m
[self_driving-10] [0m[INFO] [1782960866.134818681] [self_driving]: [DEBUG_DRIVE] state=LINE_FOLLOW raw_lane_x=-1 lane_x=-1 filter=lost linear=0.30 angular=0.00 cw_y=237 right_done=False start_turn=False count_turn=0 traffic=None stop=False[0m
[self_driving-10] [0m[INFO] [1782960866.138118977] [self_driving]: [CW_CANDIDATE] name=crosswalkcx=463 cy=362 area=83308 score=0.59 [0m
[self_driving-10] [0m[INFO] [1782960866.501129414] [self_driving]: [OBJECTS] msg_count=139 n=1 names=['crosswalk'][0m
[self_driving-10] [0m[INFO] [1782960866.501782992] [self_driving]: [CW_CANDIDATE] name=crosswalkcx=459 cy=394 area=61370 score=0.90 [0m
[self_driving-10] [33m[WARN] [1782960866.620234105] [self_driving]: [LANE_LOST] raw_lane_x=-1 lane_x=-1 filter=lost stop=False state=LINE_FOLLOW safe_linear=0.00 right_ready=False right_done=False[0m
[self_driving-10] [0m[INFO] [1782960866.682312667] [self_driving]: [DEBUG_DRIVE] state=LINE_FOLLOW raw_lane_x=-1 lane_x=-1 filter=lost linear=0.30 angular=0.00 cw_y=394 right_done=False start_turn=False count_turn=0 traffic=None stop=False[0m
[self_driving-10] [0m[INFO] [1782960866.908718410] [self_driving]: [CW_CANDIDATE] name=crosswalkcx=325 cy=310 area=153232 score=0.52 [0m
[self_driving-10] [33m[WARN] [1782960867.154286720] [self_driving]: [LANE_LOST] raw_lane_x=-1 lane_x=-1 filter=lost stop=False state=LINE_FOLLOW safe_linear=0.00 right_ready=False right_done=False[0m
[self_driving-10] [0m[INFO] [1782960867.219780969] [self_driving]: [DEBUG_DRIVE] state=LINE_FOLLOW raw_lane_x=-1 lane_x=-1 filter=lost linear=0.30 angular=0.00 cw_y=310 right_done=False start_turn=False count_turn=0 traffic=None stop=False[0m
[self_driving-10] [0m[INFO] [1782960867.304530508] [self_driving]: [OBJECTS] msg_count=141 n=1 names=['crosswalk'][0m
[self_driving-10] [33m[WARN] [1782960867.682757620] [self_driving]: [LANE_LOST] raw_lane_x=-1 lane_x=-1 filter=lost stop=False state=LINE_FOLLOW safe_linear=0.00 right_ready=False right_done=False[0m
[self_driving-10] [0m[INFO] [1782960867.756700619] [self_driving]: [IMAGE] received count=583 shape=(480, 640, 3) queue=0[0m
[self_driving-10] [0m[INFO] [1782960867.764013344] [self_driving]: [DEBUG_DRIVE] state=LINE_FOLLOW raw_lane_x=-1 lane_x=-1 filter=lost linear=0.30 angular=0.00 cw_y=0 right_done=False start_turn=False count_turn=0 traffic=None stop=False[0m
[self_driving-10] [0m[INFO] [1782960868.096194982] [self_driving]: [OBJECTS] msg_count=144 n=1 names=['crosswalk'][0m
[self_driving-10] [33m[WARN] [1782960868.234545926] [self_driving]: [LANE_LOST] raw_lane_x=-1 lane_x=-1 filter=lost stop=False state=LINE_FOLLOW safe_linear=0.00 right_ready=False right_done=False[0m
[self_driving-10] [0m[INFO] [1782960868.289566376] [self_driving]: [DEBUG_DRIVE] state=LINE_FOLLOW raw_lane_x=-1 lane_x=-1 filter=lost linear=0.30 angular=0.00 cw_y=0 right_done=False start_turn=False count_turn=0 traffic=None stop=False[0m
[self_driving-10] [33m[WARN] [1782960868.746926479] [self_driving]: [LANE_LOST] raw_lane_x=-1 lane_x=-1 filter=lost stop=False state=LINE_FOLLOW safe_linear=0.00 right_ready=False right_done=False[0m
[self_driving-10] [0m[INFO] [1782960868.834896869] [self_driving]: [DEBUG_DRIVE] state=LINE_FOLLOW raw_lane_x=-1 lane_x=-1 filter=lost linear=0.30 angular=0.00 cw_y=0 right_done=False start_turn=False count_turn=0 traffic=None stop=False[0m
[self_driving-10] [33m[WARN] [1782960869.315398117] [self_driving]: [LANE_LOST] raw_lane_x=-1 lane_x=-1 filter=lost stop=False state=LINE_FOLLOW safe_linear=0.00 right_ready=False right_done=False[0m
[self_driving-10] [0m[INFO] [1782960869.367007122] [self_driving]: [DEBUG_DRIVE] state=LINE_FOLLOW raw_lane_x=-1 lane_x=-1 filter=lost linear=0.30 angular=0.00 cw_y=0 right_done=False start_turn=False count_turn=0 traffic=None stop=False[0m
[self_driving-10] [0m[INFO] [1782960869.767289782] [self_driving]: [IMAGE] received count=613 shape=(480, 640, 3) queue=0[0m
[self_driving-10] [33m[WARN] [1782960869.846523143] [self_driving]: [LANE_LOST] raw_lane_x=-1 lane_x=-1 filter=lost stop=False state=LINE_FOLLOW safe_linear=0.00 right_ready=False right_done=False[0m
[self_driving-10] [0m[INFO] [1782960869.895891654] [self_driving]: [DEBUG_DRIVE] state=LINE_FOLLOW raw_lane_x=-1 lane_x=-1 filter=lost linear=0.30 angular=0.00 cw_y=0 right_done=False start_turn=False count_turn=0 traffic=None stop=False[0m
[self_driving-10] [33m[WARN] [1782960870.374995432] [self_driving]: [LANE_LOST] raw_lane_x=-1 lane_x=-1 filter=lost stop=False state=LINE_FOLLOW safe_linear=0.00 right_ready=False right_done=False[0m
[self_driving-10] [0m[INFO] [1782960870.436051859] [self_driving]: [DEBUG_DRIVE] state=LINE_FOLLOW raw_lane_x=-1 lane_x=-1 filter=lost linear=0.30 angular=0.00 cw_y=0 right_done=False start_turn=False count_turn=0 traffic=None stop=False[0m
[self_driving-10] [0m[INFO] [1782960870.836004073] [self_driving]: [OBJECTS] msg_count=145 n=1 names=['crosswalk'][0m
[self_driving-10] [33m[WARN] [1782960870.927835058] [self_driving]: [LANE_LOST] raw_lane_x=-1 lane_x=-1 filter=lost stop=False state=LINE_FOLLOW safe_linear=0.00 right_ready=False right_done=False[0m
[self_driving-10] [0m[INFO] [1782960870.983362807] [self_driving]: [DEBUG_DRIVE] state=LINE_FOLLOW raw_lane_x=-1 lane_x=-1 filter=lost linear=0.30 angular=0.00 cw_y=0 right_done=False start_turn=False count_turn=0 traffic=None stop=False[0m
[self_driving-10] [33m[WARN] [1782960871.447614651] [self_driving]: [LANE_LOST] raw_lane_x=-1 lane_x=-1 filter=lost stop=False state=LINE_FOLLOW safe_linear=0.00 right_ready=False right_done=False[0m
[self_driving-10] [0m[INFO] [1782960871.512420081] [self_driving]: [DEBUG_DRIVE] state=LINE_FOLLOW raw_lane_x=-1 lane_x=-1 filter=lost linear=0.30 angular=0.00 cw_y=0 right_done=False start_turn=False count_turn=0 traffic=None stop=False[0m
[self_driving-10] [0m[INFO] [1782960871.774435759] [self_driving]: [IMAGE] received count=643 shape=(480, 640, 3) queue=0[0m
[self_driving-10] [33m[WARN] [1782960871.971566989] [self_driving]: [LANE_LOST] raw_lane_x=-1 lane_x=-1 filter=lost stop=False state=LINE_FOLLOW safe_linear=0.00 right_ready=False right_done=False[0m
[self_driving-10] [0m[INFO] [1782960871.984963767] [self_driving]: [OBJECTS] msg_count=148 n=1 names=['crosswalk'][0m
[self_driving-10] [0m[INFO] [1782960872.061228167] [self_driving]: [DEBUG_DRIVE] state=LINE_FOLLOW raw_lane_x=-1 lane_x=-1 filter=lost linear=0.30 angular=0.00 cw_y=0 right_done=False start_turn=False count_turn=0 traffic=None stop=False[0m
[self_driving-10] [33m[WARN] [1782960872.474258507] [self_driving]: [LANE_LOST] raw_lane_x=-1 lane_x=-1 filter=lost stop=False state=LINE_FOLLOW safe_linear=0.00 right_ready=False right_done=False[0m
[self_driving-10] [0m[INFO] [1782960872.588263522] [self_driving]: [DEBUG_DRIVE] state=LINE_FOLLOW raw_lane_x=-1 lane_x=-1 filter=lost linear=0.30 angular=0.00 cw_y=0 right_done=False start_turn=False count_turn=0 traffic=None stop=False[0m
[self_driving-10] [0m[INFO] [1782960872.784192208] [self_driving]: [OBJECTS] msg_count=149 n=1 names=['crosswalk'][0m
[self_driving-10] [33m[WARN] [1782960872.943407822] [self_driving]: [LANE_X_JUMP_REJECT] raw=176.5 last=83.5 diff=93.0 candidate=176.5 cnt=1/4[0m
[self_driving-10] [0m[INFO] [1782960873.144485148] [self_driving]: [DEBUG_DRIVE] state=LINE_FOLLOW raw_lane_x=212.0 lane_x=83.5 filter=jump_reject linear=0.30 angular=0.10 cw_y=0 right_done=False start_turn=False count_turn=0 traffic=None stop=False[0m
[self_driving-10] [0m[INFO] [1782960873.379957940] [self_driving]: [LANE_X_JUMP_ACCEPT] raw=190.0 last=190.0 cnt=4/4[0m
[self_driving-10] [0m[INFO] [1782960873.670503090] [self_driving]: [DEBUG_DRIVE] state=LINE_FOLLOW raw_lane_x=213.0 lane_x=213.0 filter=stable linear=0.30 angular=-0.50 cw_y=0 right_done=False start_turn=False count_turn=3 traffic=None stop=False[0m
[self_driving-10] [0m[INFO] [1782960873.743633177] [self_driving]: [OBJECTS] msg_count=153 n=1 names=['crosswalk'][0m
[self_driving-10] [0m[INFO] [1782960873.745453724] [self_driving]: [CW_CANDIDATE] name=crosswalkcx=306 cy=444 area=43452 score=0.45 [0m
[self_driving-10] [0m[INFO] [1782960873.815662794] [self_driving]: [IMAGE] received count=673 shape=(480, 640, 3) queue=0[0m
[self_driving-10] [0m[INFO] [1782960873.998193703] [self_driving]: [CROSSWALK_SLOW] y=444 th=180 confirm=4[0m
[self_driving-10] [0m[INFO] [1782960874.553590307] [self_driving]: [CW_STAGE 2] 정지선 앞 완전 정지! elapsed=0.55s[0m
[self_driving-10] [0m[INFO] [1782960874.609022018] [self_driving]: [CW_STAGE 2] 정지선 앞 완전 정지! elapsed=0.61s[0m
[self_driving-10] [0m[INFO] [1782960874.673922597] [self_driving]: [CW_STAGE 2] 정지선 앞 완전 정지! elapsed=0.68s[0m
[self_driving-10] [0m[INFO] [1782960874.738814712] [self_driving]: [CW_STAGE 2] 정지선 앞 완전 정지! elapsed=0.74s[0m
[self_driving-10] [0m[INFO] [1782960874.804890649] [self_driving]: [CW_STAGE 2] 정지선 앞 완전 정지! elapsed=0.80s[0m
[self_driving-10] [0m[INFO] [1782960874.875318554] [self_driving]: [CW_STAGE 2] 정지선 앞 완전 정지! elapsed=0.88s[0m
[self_driving-10] [0m[INFO] [1782960874.964740211] [self_driving]: [CW_STAGE 2] 정지선 앞 완전 정지! elapsed=0.96s[0m
[self_driving-10] [0m[INFO] [1782960875.011999859] [self_driving]: [CW_STAGE 2] 정지선 앞 완전 정지! elapsed=1.01s[0m
[self_driving-10] [0m[INFO] [1782960875.078349538] [self_driving]: [CW_STAGE 2] 정지선 앞 완전 정지! elapsed=1.08s[0m
[self_driving-10] [0m[INFO] [1782960875.139943136] [self_driving]: [CW_STAGE 2] 정지선 앞 완전 정지! elapsed=1.14s[0m
[self_driving-10] [0m[INFO] [1782960875.215914793] [self_driving]: [CW_STAGE 2] 정지선 앞 완전 정지! elapsed=1.22s[0m
[self_driving-10] [0m[INFO] [1782960875.263298405] [self_driving]: [OBJECTS] msg_count=154 n=1 names=['crosswalk'][0m
[self_driving-10] [0m[INFO] [1782960875.263802593] [self_driving]: [CW_CANDIDATE] name=crosswalkcx=476 cy=249 area=1060 score=0.57 [0m
[self_driving-10] [0m[INFO] [1782960875.296495865] [self_driving]: [CW_STAGE 2] 정지선 앞 완전 정지! elapsed=1.29s[0m
[self_driving-10] [0m[INFO] [1782960875.352020410] [self_driving]: [CW_STAGE 2] 정지선 앞 완전 정지! elapsed=1.35s[0m
[self_driving-10] [0m[INFO] [1782960875.408594906] [self_driving]: [CW_STAGE 2] 정지선 앞 완전 정지! elapsed=1.41s[0m
[self_driving-10] [0m[INFO] [1782960875.482745887] [self_driving]: [CW_STAGE 2] 정지선 앞 완전 정지! elapsed=1.48s[0m
[self_driving-10] [0m[INFO] [1782960875.540466408] [self_driving]: [CW_STAGE 2] 정지선 앞 완전 정지! elapsed=1.54s[0m
[self_driving-10] [0m[INFO] [1782960875.614640426] [self_driving]: [CW_STAGE 2] 정지선 앞 완전 정지! elapsed=1.62s[0m
[self_driving-10] [0m[INFO] [1782960875.680950882] [self_driving]: [CW_STAGE 2] 정지선 앞 완전 정지! elapsed=1.68s[0m
[self_driving-10] [0m[INFO] [1782960875.689737264] [self_driving]: [CW_CANDIDATE] name=crosswalkcx=309 cy=318 area=1611 score=0.70 [0m
[self_driving-10] [0m[INFO] [1782960875.764135598] [self_driving]: [CW_STAGE 2] 정지선 앞 완전 정지! elapsed=1.77s[0m
[self_driving-10] [0m[INFO] [1782960875.818474063] [self_driving]: [IMAGE] received count=703 shape=(480, 640, 3) queue=0[0m
[self_driving-10] [0m[INFO] [1782960875.828479173] [self_driving]: [CW_STAGE 2] 정지선 앞 완전 정지! elapsed=1.83s[0m
[self_driving-10] [0m[INFO] [1782960875.877763314] [self_driving]: [CW_STAGE 2] 정지선 앞 완전 정지! elapsed=1.88s[0m
[self_driving-10] [33m[WARN] [1782960875.949001946] [self_driving]: [LANE_X_JUMP_REJECT] raw=176.0 last=29.5 diff=146.5 candidate=176.0 cnt=1/4[0m
[self_driving-10] [0m[INFO] [1782960875.949903951] [self_driving]: [CW_STAGE 2] 정지선 앞 완전 정지! elapsed=1.95s[0m
[self_driving-10] [0m[INFO] [1782960876.017967583] [self_driving]: [CW_STAGE 3] 미션 완료 -> 정상 속도 회복 및 6초 락 가동[0m
[self_driving-10] [0m[INFO] [1782960876.018806292] [self_driving]: [DEBUG_DRIVE] state=LINE_FOLLOW raw_lane_x=258.5 lane_x=29.5 filter=jump_reject linear=0.30 angular=0.10 cw_y=318 right_done=False start_turn=False count_turn=0 traffic=None stop=False[0m
[self_driving-10] [33m[WARN] [1782960876.375758788] [self_driving]: [LANE_LOST] raw_lane_x=-1 lane_x=-1 filter=lost stop=False state=LINE_FOLLOW safe_linear=0.00 right_ready=False right_done=False[0m
[self_driving-10] [0m[INFO] [1782960876.554427713] [self_driving]: [DEBUG_DRIVE] state=LINE_FOLLOW raw_lane_x=-1 lane_x=-1 filter=lost linear=0.30 angular=0.00 cw_y=318 right_done=False start_turn=False count_turn=0 traffic=None stop=False[0m
[self_driving-10] [33m[WARN] [1782960876.906636219] [self_driving]: [LANE_LOST] raw_lane_x=-1 lane_x=-1 filter=lost stop=False state=LINE_FOLLOW safe_linear=0.00 right_ready=False right_done=False[0m
[self_driving-10] [0m[INFO] [1782960877.115160160] [self_driving]: [DEBUG_DRIVE] state=LINE_FOLLOW raw_lane_x=-1 lane_x=-1 filter=lost linear=0.30 angular=0.00 cw_y=318 right_done=False start_turn=False count_turn=0 traffic=None stop=False[0m
[self_driving-10] [33m[WARN] [1782960877.448865417] [self_driving]: [LANE_LOST] raw_lane_x=-1 lane_x=-1 filter=lost stop=False state=LINE_FOLLOW safe_linear=0.00 right_ready=False right_done=False[0m
[self_driving-10] [0m[INFO] [1782960877.638820700] [self_driving]: [DEBUG_DRIVE] state=LINE_FOLLOW raw_lane_x=-1 lane_x=-1 filter=lost linear=0.30 angular=0.00 cw_y=318 right_done=False start_turn=False count_turn=0 traffic=None stop=False[0m
[self_driving-10] [0m[INFO] [1782960877.674173598] [self_driving]: [OBJECTS] msg_count=157 n=1 names=['crosswalk'][0m
[self_driving-10] [0m[INFO] [1782960877.863431192] [self_driving]: [IMAGE] received count=733 shape=(480, 640, 3) queue=0[0m
[self_driving-10] [33m[WARN] [1782960877.993026126] [self_driving]: [LANE_LOST] raw_lane_x=-1 lane_x=-1 filter=lost stop=False state=LINE_FOLLOW safe_linear=0.00 right_ready=False right_done=False[0m
[self_driving-10] [0m[INFO] [1782960878.183556153] [self_driving]: [DEBUG_DRIVE] state=LINE_FOLLOW raw_lane_x=-1 lane_x=-1 filter=lost linear=0.30 angular=0.00 cw_y=0 right_done=False start_turn=False count_turn=0 traffic=None stop=False[0m
[self_driving-10] [33m[WARN] [1782960878.518746788] [self_driving]: [LANE_LOST] raw_lane_x=-1 lane_x=-1 filter=lost stop=False state=LINE_FOLLOW safe_linear=0.00 right_ready=False right_done=False[0m
[self_driving-10] [0m[INFO] [1782960878.723021928] [self_driving]: [DEBUG_DRIVE] state=LINE_FOLLOW raw_lane_x=-1 lane_x=-1 filter=lost linear=0.30 angular=0.00 cw_y=0 right_done=False start_turn=False count_turn=0 traffic=None stop=False[0m
[self_driving-10] [33m[WARN] [1782960879.057801358] [self_driving]: [LANE_LOST] raw_lane_x=-1 lane_x=-1 filter=lost stop=False state=LINE_FOLLOW safe_linear=0.00 right_ready=False right_done=False[0m
[self_driving-10] [0m[INFO] [1782960879.259156796] [self_driving]: [DEBUG_DRIVE] state=LINE_FOLLOW raw_lane_x=-1 lane_x=-1 filter=lost linear=0.30 angular=0.00 cw_y=0 right_done=False start_turn=False count_turn=0 traffic=None stop=False[0m
[self_driving-10] [33m[WARN] [1782960879.596000237] [self_driving]: [LANE_LOST] raw_lane_x=-1 lane_x=-1 filter=lost stop=False state=LINE_FOLLOW safe_linear=0.00 right_ready=False right_done=False[0m
[self_driving-10] [0m[INFO] [1782960879.785865149] [self_driving]: [DEBUG_DRIVE] state=LINE_FOLLOW raw_lane_x=-1 lane_x=-1 filter=lost linear=0.30 angular=0.00 cw_y=0 right_done=False start_turn=False count_turn=0 traffic=None stop=False[0m
[self_driving-10] [0m[INFO] [1782960879.882333253] [self_driving]: [IMAGE] received count=763 shape=(480, 640, 3) queue=0[0m
[self_driving-10] [33m[WARN] [1782960880.132210957] [self_driving]: [LANE_LOST] raw_lane_x=-1 lane_x=-1 filter=lost stop=False state=LINE_FOLLOW safe_linear=0.00 right_ready=False right_done=False[0m
[self_driving-10] [0m[INFO] [1782960880.360404413] [self_driving]: [DEBUG_DRIVE] state=LINE_FOLLOW raw_lane_x=-1 lane_x=-1 filter=lost linear=0.30 angular=0.00 cw_y=0 right_done=False start_turn=False count_turn=0 traffic=None stop=False[0m
[self_driving-10] [33m[WARN] [1782960880.689719109] [self_driving]: [LANE_LOST] raw_lane_x=-1 lane_x=-1 filter=lost stop=False state=LINE_FOLLOW safe_linear=0.00 right_ready=False right_done=False[0m
[self_driving-10] [0m[INFO] [1782960880.913471893] [self_driving]: [DEBUG_DRIVE] state=LINE_FOLLOW raw_lane_x=-1 lane_x=-1 filter=lost linear=0.30 angular=0.00 cw_y=0 right_done=False start_turn=False count_turn=0 traffic=None stop=False[0m
[self_driving-10] [33m[WARN] [1782960881.214536545] [self_driving]: [LANE_LOST] raw_lane_x=-1 lane_x=-1 filter=lost stop=False state=LINE_FOLLOW safe_linear=0.00 right_ready=False right_done=False[0m
[self_driving-10] [0m[INFO] [1782960881.450300876] [self_driving]: [DEBUG_DRIVE] state=LINE_FOLLOW raw_lane_x=-1 lane_x=-1 filter=lost linear=0.30 angular=0.00 cw_y=0 right_done=False start_turn=False count_turn=0 traffic=None stop=False[0m
[self_driving-10] [33m[WARN] [1782960881.752231310] [self_driving]: [LANE_LOST] raw_lane_x=-1 lane_x=-1 filter=lost stop=False state=LINE_FOLLOW safe_linear=0.00 right_ready=False right_done=False[0m
[self_driving-10] [0m[INFO] [1782960881.892731470] [self_driving]: [IMAGE] received count=793 shape=(480, 640, 3) queue=0[0m
[self_driving-10] [0m[INFO] [1782960881.977113619] [self_driving]: [DEBUG_DRIVE] state=LINE_FOLLOW raw_lane_x=-1 lane_x=-1 filter=lost linear=0.30 angular=0.00 cw_y=0 right_done=False start_turn=False count_turn=0 traffic=None stop=False[0m
[self_driving-10] [33m[WARN] [1782960882.281268547] [self_driving]: [LANE_LOST] raw_lane_x=-1 lane_x=-1 filter=lost stop=False state=LINE_FOLLOW safe_linear=0.00 right_ready=False right_done=False[0m
[self_driving-10] [0m[INFO] [1782960882.509057334] [self_driving]: [DEBUG_DRIVE] state=LINE_FOLLOW raw_lane_x=-1 lane_x=-1 filter=lost linear=0.30 angular=0.00 cw_y=0 right_done=False start_turn=False count_turn=0 traffic=None stop=False[0m
[self_driving-10] [33m[WARN] [1782960882.823541912] [self_driving]: [LANE_LOST] raw_lane_x=-1 lane_x=-1 filter=lost stop=False state=LINE_FOLLOW safe_linear=0.00 right_ready=False right_done=False[0m
[self_driving-10] [0m[INFO] [1782960883.040932993] [self_driving]: [DEBUG_DRIVE] state=LINE_FOLLOW raw_lane_x=-1 lane_x=-1 filter=lost linear=0.30 angular=0.00 cw_y=0 right_done=False start_turn=False count_turn=0 traffic=None stop=False[0m
[self_driving-10] [33m[WARN] [1782960883.354181675] [self_driving]: [LANE_LOST] raw_lane_x=-1 lane_x=-1 filter=lost stop=False state=LINE_FOLLOW safe_linear=0.00 right_ready=False right_done=False[0m
[self_driving-10] [33m[WARN] [1782960883.520615552] [self_driving]: [LANE_X_JUMP_REJECT] raw=239.0 last=29.5 diff=209.5 candidate=239.0 cnt=1/4[0m
[self_driving-10] [0m[INFO] [1782960883.583665027] [self_driving]: [DEBUG_DRIVE] state=LINE_FOLLOW raw_lane_x=-1 lane_x=-1 filter=lost linear=0.30 angular=0.00 cw_y=0 right_done=False start_turn=False count_turn=0 traffic=None stop=False[0m
[self_driving-10] [0m[INFO] [1782960883.931523177] [self_driving]: [IMAGE] received count=824 shape=(480, 640, 3) queue=0[0m
[self_driving-10] [0m[INFO] [1782960884.144055899] [self_driving]: [DEBUG_DRIVE] state=LINE_FOLLOW raw_lane_x=-1 lane_x=34.0 filter=hold_last linear=0.30 angular=0.10 cw_y=0 right_done=False start_turn=False count_turn=0 traffic=None stop=False[0m
[self_driving-10] [33m[WARN] [1782960884.367930609] [self_driving]: [LANE_LOST] raw_lane_x=-1 lane_x=-1 filter=lost stop=False state=LINE_FOLLOW safe_linear=0.00 right_ready=False right_done=False[0m
[self_driving-10] [0m[INFO] [1782960884.683370858] [self_driving]: [DEBUG_DRIVE] state=LINE_FOLLOW raw_lane_x=-1 lane_x=-1 filter=lost linear=0.30 angular=0.00 cw_y=0 right_done=False start_turn=False count_turn=0 traffic=None stop=False[0m
[self_driving-10] [33m[WARN] [1782960884.887968500] [self_driving]: [LANE_LOST] raw_lane_x=-1 lane_x=-1 filter=lost stop=False state=LINE_FOLLOW safe_linear=0.00 right_ready=False right_done=False[0m
[self_driving-10] [0m[INFO] [1782960885.120011495] [self_driving]: [OBJECTS] msg_count=158 n=1 names=['crosswalk'][0m
[self_driving-10] [0m[INFO] [1782960885.121359058] [self_driving]: [CW_CANDIDATE] name=crosswalkcx=323 cy=413 area=84822 score=0.74 [0m
[self_driving-10] [0m[INFO] [1782960885.219166651] [self_driving]: [DEBUG_DRIVE] state=LINE_FOLLOW raw_lane_x=-1 lane_x=-1 filter=lost linear=0.30 angular=0.00 cw_y=413 right_done=False start_turn=False count_turn=0 traffic=None stop=False[0m
[self_driving-10] [0m[INFO] [1782960885.751279922] [self_driving]: [DEBUG_DRIVE] state=LINE_FOLLOW raw_lane_x=10.5 lane_x=10.5 filter=stable linear=0.30 angular=0.10 cw_y=413 right_done=False start_turn=False count_turn=0 traffic=None stop=False[0m
[self_driving-10] [0m[INFO] [1782960885.886950482] [self_driving]: [OBJECTS] msg_count=159 n=1 names=['crosswalk'][0m
[self_driving-10] [0m[INFO] [1782960885.965925452] [self_driving]: [IMAGE] received count=854 shape=(480, 640, 3) queue=0[0m
[self_driving-10] [0m[INFO] [1782960886.328590553] [self_driving]: [DEBUG_DRIVE] state=LINE_FOLLOW raw_lane_x=57.5 lane_x=57.5 filter=stable linear=0.30 angular=0.10 cw_y=0 right_done=False start_turn=False count_turn=0 traffic=None stop=False[0m
[self_driving-10] [0m[INFO] [1782960886.834553237] [self_driving]: [DEBUG_DRIVE] state=LINE_FOLLOW raw_lane_x=157.0 lane_x=157.0 filter=stable linear=0.30 angular=-0.10 cw_y=0 right_done=False start_turn=False count_turn=0 traffic=None stop=False[0m
[self_driving-10] [0m[INFO] [1782960887.368218592] [self_driving]: [DEBUG_DRIVE] state=LINE_FOLLOW raw_lane_x=206.0 lane_x=206.0 filter=stable linear=0.30 angular=-0.50 cw_y=0 right_done=False start_turn=False count_turn=2 traffic=None stop=False[0m
[self_driving-10] [0m[INFO] [1782960887.924892536] [self_driving]: [DEBUG_DRIVE] state=LINE_FOLLOW raw_lane_x=125.5 lane_x=125.5 filter=stable linear=0.30 angular=-0.10 cw_y=0 right_done=False start_turn=False count_turn=0 traffic=None stop=False[0m
[self_driving-10] [0m[INFO] [1782960887.970870732] [self_driving]: [IMAGE] received count=884 shape=(480, 640, 3) queue=0[0m
[self_driving-10] [0m[INFO] [1782960888.440963886] [self_driving]: [DEBUG_DRIVE] state=LINE_FOLLOW raw_lane_x=133.5 lane_x=133.5 filter=stable linear=0.30 angular=-0.10 cw_y=0 right_done=False start_turn=False count_turn=0 traffic=None stop=False[0m
[self_driving-10] [0m[INFO] [1782960889.014445107] [self_driving]: [DEBUG_DRIVE] state=LINE_FOLLOW raw_lane_x=185.5 lane_x=185.5 filter=stable linear=0.30 angular=-0.10 cw_y=0 right_done=False start_turn=False count_turn=0 traffic=None stop=False[0m
[self_driving-10] [0m[INFO] [1782960889.552830747] [self_driving]: [DEBUG_DRIVE] state=LINE_FOLLOW raw_lane_x=281.5 lane_x=281.5 filter=stable linear=0.30 angular=-0.50 cw_y=0 right_done=False start_turn=True count_turn=2 traffic=None stop=False[0m
[self_driving-10] [0m[INFO] [1782960889.980597280] [self_driving]: [IMAGE] received count=914 shape=(480, 640, 3) queue=0[0m
[self_driving-10] [33m[WARN] [1782960890.076022100] [self_driving]: [LANE_LOST] raw_lane_x=-1 lane_x=-1 filter=lost stop=False state=LINE_FOLLOW safe_linear=0.00 right_ready=False right_done=False[0m
[self_driving-10] [0m[INFO] [1782960890.076705900] [self_driving]: [DEBUG_DRIVE] state=LINE_FOLLOW raw_lane_x=-1 lane_x=-1 filter=lost linear=0.30 angular=0.00 cw_y=0 right_done=False start_turn=True count_turn=9 traffic=None stop=False[0m
[self_driving-10] [33m[WARN] [1782960890.628250760] [self_driving]: [LANE_LOST] raw_lane_x=-1 lane_x=-1 filter=lost stop=False state=LINE_FOLLOW safe_linear=0.00 right_ready=False right_done=False[0m
[self_driving-10] [0m[INFO] [1782960890.631235295] [self_driving]: [DEBUG_DRIVE] state=LINE_FOLLOW raw_lane_x=-1 lane_x=-1 filter=lost linear=0.30 angular=0.00 cw_y=0 right_done=False start_turn=True count_turn=9 traffic=None stop=False[0m
[self_driving-10] [33m[WARN] [1782960891.138507782] [self_driving]: [LANE_LOST] raw_lane_x=-1 lane_x=-1 filter=lost stop=False state=LINE_FOLLOW safe_linear=0.00 right_ready=False right_done=False[0m
[self_driving-10] [0m[INFO] [1782960891.139407787] [self_driving]: [DEBUG_DRIVE] state=LINE_FOLLOW raw_lane_x=-1 lane_x=-1 filter=lost linear=0.30 angular=0.00 cw_y=0 right_done=False start_turn=True count_turn=9 traffic=None stop=False[0m
[self_driving-10] [33m[WARN] [1782960891.431051165] [self_driving]: [LANE_X_JUMP_REJECT] raw=152.5 last=250.5 diff=98.0 candidate=152.5 cnt=1/4[0m
[self_driving-10] [0m[INFO] [1782960891.669273213] [self_driving]: [DEBUG_DRIVE] state=LINE_FOLLOW raw_lane_x=56.0 lane_x=250.5 filter=jump_reject linear=0.30 angular=-0.50 cw_y=0 right_done=False start_turn=True count_turn=16 traffic=None stop=False[0m
[self_driving-10] [0m[INFO] [1782960891.819334481] [self_driving]: [LANE_X_JUMP_ACCEPT] raw=38.0 last=38.0 cnt=4/4[0m
[self_driving-10] [0m[INFO] [1782960892.005517447] [self_driving]: [IMAGE] received count=944 shape=(480, 640, 3) queue=0[0m
[self_driving-10] [0m[INFO] [1782960892.213425940] [self_driving]: [DEBUG_DRIVE] state=LINE_FOLLOW raw_lane_x=16.5 lane_x=16.5 filter=stable linear=0.30 angular=0.10 cw_y=0 right_done=False start_turn=False count_turn=0 traffic=None stop=False[0m
[self_driving-10] [0m[INFO] [1782960892.480223645] [self_driving]: [OBJECTS] msg_count=160 n=1 names=['crosswalk'][0m
[self_driving-10] [0m[INFO] [1782960892.481412059] [self_driving]: [CW_CANDIDATE] name=crosswalkcx=415 cy=85 area=762 score=0.70 [0m
[self_driving-10] [0m[INFO] [1782960892.754087092] [self_driving]: [CROSSWALK_IGNORE] y=85 < th=180[0m
[self_driving-10] [0m[INFO] [1782960892.755222080] [self_driving]: [DEBUG_DRIVE] state=LINE_FOLLOW raw_lane_x=37.0 lane_x=37.0 filter=stable linear=0.30 angular=0.10 cw_y=85 right_done=False start_turn=False count_turn=0 traffic=None stop=False[0m
[self_driving-10] [0m[INFO] [1782960892.838048497] [self_driving]: [CW_CANDIDATE] name=crosswalkcx=384 cy=89 area=1969 score=0.76 [0m
[self_driving-10] [0m[INFO] [1782960892.842776357] [self_driving]: [CW_CANDIDATE] name=crosswalkcx=367 cy=73 area=1016 score=0.69 [0m
[self_driving-10] [0m[INFO] [1782960893.275635195] [self_driving]: [OBJECTS] msg_count=164 n=1 names=['go'][0m
[self_driving-10] [0m[INFO] [1782960893.278515433] [self_driving]: [CW_CANDIDATE] name=crosswalkcx=376 cy=94 area=1728 score=0.76 [0m
[self_driving-10] [0m[INFO] [1782960893.290028885] [self_driving]: [CW_CANDIDATE] name=crosswalkcx=358 cy=76 area=750 score=0.71 [0m
[self_driving-10] [0m[INFO] [1782960893.297252573] [self_driving]: [CROSSWALK_IGNORE] y=76 < th=180[0m
[self_driving-10] [0m[INFO] [1782960893.302783733] [self_driving]: [DEBUG_DRIVE] state=LINE_FOLLOW raw_lane_x=73.0 lane_x=73.0 filter=stable linear=0.30 angular=0.10 cw_y=76 right_done=False start_turn=False count_turn=0 traffic=None stop=False[0m
[self_driving-10] [0m[INFO] [1782960893.663531620] [self_driving]: [CW_CANDIDATE] name=crosswalkcx=394 cy=79 area=1176 score=0.58 [0m
[self_driving-10] [0m[INFO] [1782960893.818222098] [self_driving]: [CROSSWALK_IGNORE] y=79 < th=180[0m
[self_driving-10] [0m[INFO] [1782960893.819479198] [self_driving]: [DEBUG_DRIVE] state=LINE_FOLLOW raw_lane_x=143.5 lane_x=143.5 filter=stable linear=0.30 angular=-0.10 cw_y=79 right_done=False start_turn=False count_turn=0 traffic=None stop=False[0m
[self_driving-10] [0m[INFO] [1782960894.010979415] [self_driving]: [IMAGE] received count=974 shape=(480, 640, 3) queue=0[0m
[self_driving-10] [0m[INFO] [1782960894.038416992] [self_driving]: [OBJECTS] msg_count=168 n=1 names=['go'][0m
[self_driving-10] [0m[INFO] [1782960894.040677060] [self_driving]: [CW_CANDIDATE] name=crosswalkcx=457 cy=108 area=3626 score=0.84 [0m
[self_driving-10] [0m[INFO] [1782960894.043693151] [self_driving]: [CW_CANDIDATE] name=crosswalkcx=420 cy=81 area=882 score=0.75 [0m
[self_driving-10] [0m[INFO] [1782960894.353828649] [self_driving]: [CROSSWALK_IGNORE] y=81 < th=180[0m
[self_driving-10] [0m[INFO] [1782960894.356778554] [self_driving]: [DEBUG_DRIVE] state=LINE_FOLLOW raw_lane_x=155.0 lane_x=155.0 filter=stable linear=0.30 angular=-0.10 cw_y=81 right_done=False start_turn=False count_turn=0 traffic=None stop=False[0m
[self_driving-10] [0m[INFO] [1782960894.437433737] [self_driving]: [CW_CANDIDATE] name=crosswalkcx=494 cy=122 area=4464 score=0.85 [0m
[self_driving-10] [0m[INFO] [1782960894.442298412] [self_driving]: [CW_CANDIDATE] name=crosswalkcx=461 cy=86 area=1218 score=0.72 [0m
[self_driving-10] [0m[INFO] [1782960894.834966882] [self_driving]: [OBJECTS] msg_count=174 n=1 names=['crosswalk'][0m
[self_driving-10] [0m[INFO] [1782960894.835438625] [self_driving]: [CW_CANDIDATE] name=crosswalkcx=508 cy=139 area=5676 score=0.89 [0m
[self_driving-10] [0m[INFO] [1782960894.840249744] [self_driving]: [CW_CANDIDATE] name=crosswalkcx=495 cy=92 area=1764 score=0.74 [0m
[self_driving-10] [0m[INFO] [1782960894.900226629] [self_driving]: [CROSSWALK_IGNORE] y=92 < th=180[0m
[self_driving-10] [0m[INFO] [1782960894.905804511] [self_driving]: [DEBUG_DRIVE] state=LINE_FOLLOW raw_lane_x=151.0 lane_x=151.0 filter=stable linear=0.30 angular=-0.10 cw_y=92 right_done=False start_turn=False count_turn=0 traffic=None stop=False[0m
[self_driving-10] [0m[INFO] [1782960895.224169795] [self_driving]: [CW_CANDIDATE] name=crosswalkcx=505 cy=161 area=8246 score=0.89 [0m
[self_driving-10] [0m[INFO] [1782960895.238924061] [self_driving]: [CW_CANDIDATE] name=crosswalkcx=490 cy=96 area=2090 score=0.73 [0m
[self_driving-10] [0m[INFO] [1782960895.444147947] [self_driving]: [CROSSWALK_IGNORE] y=96 < th=180[0m
[self_driving-10] [0m[INFO] [1782960895.445046137] [self_driving]: [DEBUG_DRIVE] state=LINE_FOLLOW raw_lane_x=125.0 lane_x=125.0 filter=stable linear=0.30 angular=0.10 cw_y=96 right_done=False start_turn=False count_turn=0 traffic=None stop=False[0m
[self_driving-10] [0m[INFO] [1782960895.655346995] [self_driving]: [OBJECTS] msg_count=178 n=1 names=['crosswalk'][0m
[self_driving-10] [0m[INFO] [1782960895.656385075] [self_driving]: [CW_CANDIDATE] name=crosswalkcx=496 cy=198 area=14112 score=0.89 [0m
[self_driving-10] [0m[INFO] [1782960895.659143071] [self_driving]: [CW_CANDIDATE] name=crosswalkcx=480 cy=103 area=2892 score=0.83 [0m
[self_driving-10] [0m[INFO] [1782960895.982558957] [self_driving]: [DEBUG_DRIVE] state=LINE_FOLLOW raw_lane_x=145.0 lane_x=145.0 filter=stable linear=0.30 angular=-0.10 cw_y=0 right_done=False start_turn=False count_turn=0 traffic=None stop=False[0m
[self_driving-10] [0m[INFO] [1782960896.034139518] [self_driving]: [IMAGE] received count=1004 shape=(480, 640, 3) queue=0[0m
[self_driving-10] [0m[INFO] [1782960896.038787654] [self_driving]: [CW_CANDIDATE] name=crosswalkcx=485 cy=278 area=30282 score=0.88 [0m
[self_driving-10] [0m[INFO] [1782960896.044140758] [self_driving]: [CW_CANDIDATE] name=crosswalkcx=475 cy=117 area=4336 score=0.84 [0m
[self_driving-10] [0m[INFO] [1782960896.411979777] [self_driving]: [OBJECTS] msg_count=184 n=1 names=['crosswalk'][0m
[self_driving-10] [0m[INFO] [1782960896.412872818] [self_driving]: [CW_CANDIDATE] name=crosswalkcx=468 cy=393 area=59682 score=0.88 [0m
[self_driving-10] [0m[INFO] [1782960896.526380330] [self_driving]: [DEBUG_DRIVE] state=LINE_FOLLOW raw_lane_x=123.5 lane_x=123.5 filter=stable linear=0.30 angular=0.06 cw_y=0 right_done=False start_turn=False count_turn=0 traffic=None stop=False[0m
[self_driving-10] [0m[INFO] [1782960896.825685232] [self_driving]: [CW_CANDIDATE] name=crosswalkcx=490 cy=129 area=6831 score=0.85 [0m
[self_driving-10] [0m[INFO] [1782960897.048994106] [self_driving]: [DEBUG_DRIVE] state=LINE_FOLLOW raw_lane_x=148.5 lane_x=148.5 filter=stable linear=0.30 angular=-0.10 cw_y=0 right_done=False start_turn=False count_turn=0 traffic=None stop=False[0m
[self_driving-10] [0m[INFO] [1782960897.234141844] [self_driving]: [OBJECTS] msg_count=188 n=1 names=['go'][0m
[self_driving-10] [0m[INFO] [1782960897.238403812] [self_driving]: [CW_CANDIDATE] name=crosswalkcx=481 cy=160 area=11095 score=0.86 [0m
[self_driving-10] [0m[INFO] [1782960897.587246448] [self_driving]: [CROSSWALK_IGNORE] y=160 < th=180[0m
[self_driving-10] [0m[INFO] [1782960897.589800647] [self_driving]: [DEBUG_DRIVE] state=LINE_FOLLOW raw_lane_x=130.0 lane_x=130.0 filter=stable linear=0.30 angular=0.10 cw_y=160 right_done=False start_turn=False count_turn=0 traffic=None stop=False[0m
[self_driving-10] [0m[INFO] [1782960897.664749151] [self_driving]: [CW_CANDIDATE] name=crosswalkcx=485 cy=202 area=17980 score=0.92 [0m
[self_driving-10] [0m[INFO] [1782960898.039482171] [self_driving]: [IMAGE] received count=1034 shape=(480, 640, 3) queue=0[0m
[self_driving-10] [0m[INFO] [1782960898.059046167] [self_driving]: [OBJECTS] msg_count=192 n=1 names=['crosswalk'][0m
[self_driving-10] [0m[INFO] [1782960898.059917968] [self_driving]: [CW_CANDIDATE] name=crosswalkcx=481 cy=284 area=36340 score=0.84 [0m
[self_driving-10] [0m[INFO] [1782960898.155078194] [self_driving]: [DEBUG_DRIVE] state=LINE_FOLLOW raw_lane_x=138.5 lane_x=138.5 filter=stable linear=0.30 angular=-0.10 cw_y=0 right_done=False start_turn=False count_turn=0 traffic=None stop=False[0m
[self_driving-10] [0m[INFO] [1782960898.448173932] [self_driving]: [CW_CANDIDATE] name=crosswalkcx=451 cy=410 area=52780 score=0.63 [0m
[self_driving-10] [0m[INFO] [1782960898.657327654] [self_driving]: [CROSSWALK_SLOW] y=410 th=180 confirm=4[0m
[self_driving-10] [0m[INFO] [1782960899.211006581] [self_driving]: [CW_STAGE 2] 정지선 앞 완전 정지! elapsed=0.55s[0m
[self_driving-10] [0m[INFO] [1782960899.288864731] [self_driving]: [CW_STAGE 2] 정지선 앞 완전 정지! elapsed=0.63s[0m
[self_driving-10] [0m[INFO] [1782960899.339478342] [self_driving]: [CW_STAGE 2] 정지선 앞 완전 정지! elapsed=0.68s[0m
[self_driving-10] [0m[INFO] [1782960899.393861307] [self_driving]: [CW_STAGE 2] 정지선 앞 완전 정지! elapsed=0.74s[0m
[self_driving-10] [0m[INFO] [1782960899.470045280] [self_driving]: [CW_STAGE 2] 정지선 앞 완전 정지! elapsed=0.81s[0m
[self_driving-10] [0m[INFO] [1782960899.547388316] [self_driving]: [CW_STAGE 2] 정지선 앞 완전 정지! elapsed=0.89s[0m
[self_driving-10] [0m[INFO] [1782960899.613577846] [self_driving]: [CW_STAGE 2] 정지선 앞 완전 정지! elapsed=0.96s[0m
[self_driving-10] [0m[INFO] [1782960899.695634074] [self_driving]: [CW_STAGE 2] 정지선 앞 완전 정지! elapsed=1.04s[0m
[self_driving-10] [0m[INFO] [1782960899.761241564] [self_driving]: [CW_STAGE 2] 정지선 앞 완전 정지! elapsed=1.10s[0m
[self_driving-10] [0m[INFO] [1782960899.803345387] [self_driving]: [CW_STAGE 2] 정지선 앞 완전 정지! elapsed=1.15s[0m
[self_driving-10] [0m[INFO] [1782960899.872022597] [self_driving]: [CW_STAGE 2] 정지선 앞 완전 정지! elapsed=1.21s[0m
[self_driving-10] [0m[INFO] [1782960899.937337678] [self_driving]: [CW_STAGE 2] 정지선 앞 완전 정지! elapsed=1.28s[0m
[self_driving-10] [0m[INFO] [1782960900.012215441] [self_driving]: [CW_STAGE 2] 정지선 앞 완전 정지! elapsed=1.35s[0m
[self_driving-10] [0m[INFO] [1782960900.074915433] [self_driving]: [IMAGE] received count=1064 shape=(480, 640, 3) queue=0[0m
[self_driving-10] [0m[INFO] [1782960900.093346164] [self_driving]: [CW_STAGE 2] 정지선 앞 완전 정지! elapsed=1.43s[0m
[self_driving-10] [0m[INFO] [1782960900.162435636] [self_driving]: [CW_STAGE 2] 정지선 앞 완전 정지! elapsed=1.50s[0m
[self_driving-10] [0m[INFO] [1782960900.200247250] [self_driving]: [CW_STAGE 2] 정지선 앞 완전 정지! elapsed=1.54s[0m
[self_driving-10] [0m[INFO] [1782960900.273503412] [self_driving]: [CW_STAGE 2] 정지선 앞 완전 정지! elapsed=1.62s[0m
[self_driving-10] [0m[INFO] [1782960900.329330718] [self_driving]: [CW_STAGE 2] 정지선 앞 완전 정지! elapsed=1.67s[0m
[self_driving-10] [0m[INFO] [1782960900.416919495] [self_driving]: [CW_STAGE 2] 정지선 앞 완전 정지! elapsed=1.76s[0m
[self_driving-10] [0m[INFO] [1782960900.489369504] [self_driving]: [CW_STAGE 2] 정지선 앞 완전 정지! elapsed=1.83s[0m
[self_driving-10] [0m[INFO] [1782960900.543262522] [self_driving]: [CW_STAGE 2] 정지선 앞 완전 정지! elapsed=1.89s[0m
[self_driving-10] [0m[INFO] [1782960900.607080187] [self_driving]: [CW_STAGE 2] 정지선 앞 완전 정지! elapsed=1.95s[0m
[self_driving-10] [0m[INFO] [1782960900.681395983] [self_driving]: [CW_STAGE 3] 미션 완료 -> 정상 속도 회복 및 6초 락 가동[0m
[self_driving-10] [0m[INFO] [1782960900.682618435] [self_driving]: [DEBUG_DRIVE] state=LINE_FOLLOW raw_lane_x=133.5 lane_x=133.5 filter=stable linear=0.30 angular=-0.10 cw_y=410 right_done=False start_turn=False count_turn=0 traffic=None stop=False[0m
[self_driving-10] [0m[INFO] [1782960901.219446584] [self_driving]: [DEBUG_DRIVE] state=LINE_FOLLOW raw_lane_x=116.5 lane_x=116.5 filter=stable linear=0.30 angular=0.10 cw_y=410 right_done=False start_turn=False count_turn=0 traffic=None stop=False[0m
[self_driving-10] [0m[INFO] [1782960901.762737066] [self_driving]: [DEBUG_DRIVE] state=LINE_FOLLOW raw_lane_x=177.5 lane_x=177.5 filter=stable linear=0.30 angular=-0.10 cw_y=410 right_done=False start_turn=False count_turn=0 traffic=None stop=False[0m
[self_driving-10] [0m[INFO] [1782960902.095957746] [self_driving]: [IMAGE] received count=1094 shape=(480, 640, 3) queue=0[0m
[self_driving-10] [0m[INFO] [1782960902.300966075] [self_driving]: [DEBUG_DRIVE] state=LINE_FOLLOW raw_lane_x=255.0 lane_x=255.0 filter=stable linear=0.30 angular=-0.50 cw_y=410 right_done=False start_turn=True count_turn=2 traffic=None stop=False[0m
[self_driving-10] [0m[INFO] [1782960902.822828494] [self_driving]: [DEBUG_DRIVE] state=LINE_FOLLOW raw_lane_x=-1 lane_x=310.0 filter=hold_last linear=0.30 angular=-0.50 cw_y=410 right_done=False start_turn=True count_turn=10 traffic=None stop=False[0m
[self_driving-10] [33m[WARN] [1782960902.892146245] [self_driving]: [LANE_LOST] raw_lane_x=-1 lane_x=-1 filter=lost stop=False state=LINE_FOLLOW safe_linear=0.00 right_ready=False right_done=False[0m
[self_driving-10] [0m[INFO] [1782960903.329827517] [self_driving]: [DEBUG_DRIVE] state=LINE_FOLLOW raw_lane_x=-1 lane_x=-1 filter=lost linear=0.30 angular=0.00 cw_y=410 right_done=False start_turn=True count_turn=10 traffic=None stop=False[0m
[self_driving-10] [33m[WARN] [1782960903.414567260] [self_driving]: [LANE_LOST] raw_lane_x=-1 lane_x=-1 filter=lost stop=False state=LINE_FOLLOW safe_linear=0.00 right_ready=False right_done=False[0m
[self_driving-10] [0m[INFO] [1782960903.832004069] [self_driving]: [DEBUG_DRIVE] state=LINE_FOLLOW raw_lane_x=-1 lane_x=-1 filter=lost linear=0.30 angular=0.00 cw_y=410 right_done=False start_turn=True count_turn=10 traffic=None stop=False[0m
[self_driving-10] [33m[WARN] [1782960904.002260707] [self_driving]: [LANE_LOST] raw_lane_x=-1 lane_x=-1 filter=lost stop=False state=LINE_FOLLOW safe_linear=0.00 right_ready=False right_done=False[0m
[self_driving-10] [0m[INFO] [1782960904.139389349] [self_driving]: [IMAGE] received count=1122 shape=(480, 640, 3) queue=0[0m
[self_driving-10] [0m[INFO] [1782960904.394411822] [self_driving]: [DEBUG_DRIVE] state=LINE_FOLLOW raw_lane_x=-1 lane_x=-1 filter=lost linear=0.30 angular=0.00 cw_y=410 right_done=False start_turn=True count_turn=10 traffic=None stop=False[0m
[self_driving-10] [33m[WARN] [1782960904.554496312] [self_driving]: [LANE_LOST] raw_lane_x=-1 lane_x=-1 filter=lost stop=False state=LINE_FOLLOW safe_linear=0.00 right_ready=False right_done=False[0m
[self_driving-10] [0m[INFO] [1782960904.947856285] [self_driving]: [DEBUG_DRIVE] state=LINE_FOLLOW raw_lane_x=-1 lane_x=-1 filter=lost linear=0.30 angular=0.00 cw_y=410 right_done=False start_turn=True count_turn=10 traffic=None stop=False[0m
[self_driving-10] [33m[WARN] [1782960905.109351005] [self_driving]: [LANE_LOST] raw_lane_x=-1 lane_x=-1 filter=lost stop=False state=LINE_FOLLOW safe_linear=0.00 right_ready=False right_done=False[0m
[self_driving-10] [0m[INFO] [1782960905.511801343] [self_driving]: [DEBUG_DRIVE] state=LINE_FOLLOW raw_lane_x=-1 lane_x=-1 filter=lost linear=0.30 angular=0.00 cw_y=410 right_done=False start_turn=True count_turn=10 traffic=None stop=False[0m
[self_driving-10] [33m[WARN] [1782960905.679864210] [self_driving]: [LANE_LOST] raw_lane_x=-1 lane_x=-1 filter=lost stop=False state=LINE_FOLLOW safe_linear=0.00 right_ready=False right_done=False[0m
[self_driving-10] [0m[INFO] [1782960906.097107592] [self_driving]: [DEBUG_DRIVE] state=LINE_FOLLOW raw_lane_x=-1 lane_x=-1 filter=lost linear=0.30 angular=0.00 cw_y=410 right_done=False start_turn=True count_turn=10 traffic=None stop=False[0m
[self_driving-10] [0m[INFO] [1782960906.145122874] [self_driving]: [IMAGE] received count=1147 shape=(480, 640, 3) queue=0[0m
[self_driving-10] [33m[WARN] [1782960906.249864838] [self_driving]: [LANE_LOST] raw_lane_x=-1 lane_x=-1 filter=lost stop=False state=LINE_FOLLOW safe_linear=0.00 right_ready=False right_done=False[0m
[self_driving-10] [33m[WARN] [1782960906.574244432] [self_driving]: [LANE_X_JUMP_REJECT] raw=129.5 last=237.5 diff=108.0 candidate=129.5 cnt=1/4[0m
[self_driving-10] [0m[INFO] [1782960906.652721937] [self_driving]: [DEBUG_DRIVE] state=LINE_FOLLOW raw_lane_x=56.0 lane_x=237.5 filter=jump_reject linear=0.30 angular=-0.50 cw_y=410 right_done=False start_turn=True count_turn=14 traffic=None stop=False[0m
[self_driving-10] [0m[INFO] [1782960906.894822136] [self_driving]: [LANE_X_JUMP_ACCEPT] raw=24.5 last=24.5 cnt=4/4[0m
[self_driving-10] [0m[INFO] [1782960907.205059950] [self_driving]: [DEBUG_DRIVE] state=LINE_FOLLOW raw_lane_x=-1 lane_x=8.5 filter=hold_last linear=0.30 angular=0.10 cw_y=410 right_done=False start_turn=False count_turn=0 traffic=None stop=False[0m
[self_driving-10] [33m[WARN] [1782960907.382820240] [self_driving]: [LANE_LOST] raw_lane_x=-1 lane_x=-1 filter=lost stop=False state=LINE_FOLLOW safe_linear=0.00 right_ready=False right_done=False[0m
[self_driving-10] [0m[INFO] [1782960907.779148674] [self_driving]: [DEBUG_DRIVE] state=LINE_FOLLOW raw_lane_x=-1 lane_x=-1 filter=lost linear=0.30 angular=0.00 cw_y=410 right_done=False start_turn=False count_turn=0 traffic=None stop=False[0m
[self_driving-10] [0m[INFO] [1782960907.789799992] [self_driving]: [OBJECTS] msg_count=195 n=1 names=['crosswalk'][0m
[self_driving-10] [0m[INFO] [1782960907.790929535] [self_driving]: [CW_CANDIDATE] name=crosswalkcx=424 cy=92 area=4240 score=0.50 [0m
[self_driving-10] [33m[WARN] [1782960907.954985435] [self_driving]: [LANE_LOST] raw_lane_x=-1 lane_x=-1 filter=lost stop=False state=LINE_FOLLOW safe_linear=0.00 right_ready=False right_done=False[0m
[self_driving-10] [0m[INFO] [1782960908.156496189] [self_driving]: [RIGHT_CANDIDATE] valid=False reject=['small_area'] cnt=0 cx=176 cy=21 area=720 score=0.82 done=False[0m
[self_driving-10] [0m[INFO] [1782960908.162370203] [self_driving]: [CW_CANDIDATE] name=crosswalkcx=333 cy=104 area=3003 score=0.81 [0m
[self_driving-10] [0m[INFO] [1782960908.169438427] [self_driving]: [CW_CANDIDATE] name=crosswalkcx=311 cy=79 area=1128 score=0.63 [0m
[self_driving-10] [0m[INFO] [1782960908.181356511] [self_driving]: [IMAGE] received count=1172 shape=(480, 640, 3) queue=0[0m
[self_driving-10] [0m[INFO] [1782960908.353340621] [self_driving]: [CROSSWALK_IGNORE] y=79 < th=180[0m
[self_driving-10] [0m[INFO] [1782960908.354278756] [self_driving]: [DEBUG_DRIVE] state=LINE_FOLLOW raw_lane_x=-1 lane_x=-1 filter=lost linear=0.30 angular=0.00 cw_y=79 right_done=False start_turn=False count_turn=0 traffic=None stop=False[0m
[self_driving-10] [33m[WARN] [1782960908.514105874] [self_driving]: [LANE_LOST] raw_lane_x=-1 lane_x=-1 filter=lost stop=False state=LINE_FOLLOW safe_linear=0.00 right_ready=False right_done=False[0m
[self_driving-10] [0m[INFO] [1782960908.547007573] [self_driving]: [OBJECTS] msg_count=199 n=1 names=['right'][0m
[self_driving-10] [0m[INFO] [1782960908.547559446] [self_driving]: [RIGHT_CANDIDATE] valid=False reject=['small_area'] cnt=0 cx=188 cy=19 area=999 score=0.85 done=False[0m
[self_driving-10] [0m[INFO] [1782960908.553800036] [self_driving]: [CW_CANDIDATE] name=crosswalkcx=335 cy=82 area=1015 score=0.66 [0m
[self_driving-10] [0m[INFO] [1782960908.913894975] [self_driving]: [CROSSWALK_IGNORE] y=82 < th=180[0m
[self_driving-10] [0m[INFO] [1782960908.914608294] [self_driving]: [DEBUG_DRIVE] state=LINE_FOLLOW raw_lane_x=-1 lane_x=-1 filter=lost linear=0.30 angular=0.00 cw_y=82 right_done=False start_turn=False count_turn=0 traffic=None stop=False[0m
[self_driving-10] [0m[INFO] [1782960908.950093952] [self_driving]: [RIGHT_CANDIDATE] valid=False reject=['small_area'] cnt=0 cx=191 cy=18 area=999 score=0.85 done=False[0m
[self_driving-10] [0m[INFO] [1782960908.955649575] [self_driving]: [CW_CANDIDATE] name=crosswalkcx=346 cy=83 area=1092 score=0.76 [0m
[self_driving-10] [33m[WARN] [1782960909.079099530] [self_driving]: [LANE_LOST] raw_lane_x=-1 lane_x=-1 filter=lost stop=False state=LINE_FOLLOW safe_linear=0.00 right_ready=False right_done=False[0m
[self_driving-10] [0m[INFO] [1782960909.314104894] [self_driving]: [OBJECTS] msg_count=203 n=1 names=['crosswalk'][0m
[self_driving-10] [0m[INFO] [1782960909.315760921] [self_driving]: [CW_CANDIDATE] name=crosswalkcx=373 cy=117 area=5244 score=0.83 [0m
[self_driving-10] [0m[INFO] [1782960909.318961754] [self_driving]: [CW_CANDIDATE] name=crosswalkcx=345 cy=84 area=1256 score=0.77 [0m
[self_driving-10] [0m[INFO] [1782960909.478379406] [self_driving]: [CROSSWALK_IGNORE] y=84 < th=180[0m
[self_driving-10] [0m[INFO] [1782960909.480036990] [self_driving]: [DEBUG_DRIVE] state=LINE_FOLLOW raw_lane_x=-1 lane_x=-1 filter=lost linear=0.30 angular=0.00 cw_y=84 right_done=False start_turn=False count_turn=0 traffic=None stop=False[0m
[self_driving-10] [33m[WARN] [1782960909.623966168] [self_driving]: [LANE_LOST] raw_lane_x=-1 lane_x=-1 filter=lost stop=False state=LINE_FOLLOW safe_linear=0.00 right_ready=False right_done=False[0m
[self_driving-10] [0m[INFO] [1782960909.658375357] [self_driving]: [RIGHT_CANDIDATE] valid=False reject=['small_area'] cnt=0 cx=191 cy=19 area=972 score=0.86 done=False[0m
[self_driving-10] [0m[INFO] [1782960909.661845228] [self_driving]: [CW_CANDIDATE] name=crosswalkcx=346 cy=83 area=1099 score=0.76 [0m
[self_driving-10] [0m[INFO] [1782960910.021751610] [self_driving]: [OBJECTS] msg_count=207 n=1 names=['right'][0m
[self_driving-10] [0m[INFO] [1782960910.023065766] [self_driving]: [RIGHT_CANDIDATE] valid=False reject=['small_area'] cnt=0 cx=191 cy=19 area=972 score=0.86 done=False[0m
[self_driving-10] [0m[INFO] [1782960910.030710511] [self_driving]: [CW_CANDIDATE] name=crosswalkcx=346 cy=83 area=1106 score=0.76 [0m
[self_driving-10] [0m[INFO] [1782960910.062334852] [self_driving]: [CROSSWALK_IGNORE] y=83 < th=180[0m
[self_driving-10] [0m[INFO] [1782960910.063446210] [self_driving]: [DEBUG_DRIVE] state=LINE_FOLLOW raw_lane_x=-1 lane_x=-1 filter=lost linear=0.30 angular=0.00 cw_y=83 right_done=False start_turn=False count_turn=0 traffic=None stop=False[0m
[self_driving-10] [33m[WARN] [1782960910.143041702] [self_driving]: [LANE_LOST] raw_lane_x=-1 lane_x=-1 filter=lost stop=False state=LINE_FOLLOW safe_linear=0.00 right_ready=False right_done=False[0m
[self_driving-10] [0m[INFO] [1782960910.183589591] [self_driving]: [IMAGE] received count=1197 shape=(480, 640, 3) queue=0[0m
[self_driving-10] [0m[INFO] [1782960910.412185938] [self_driving]: [CW_CANDIDATE] name=crosswalkcx=403 cy=114 area=5129 score=0.83 [0m
[self_driving-10] [0m[INFO] [1782960910.422251512] [self_driving]: [CW_CANDIDATE] name=crosswalkcx=361 cy=82 area=868 score=0.69 [0m
[self_driving-10] [0m[INFO] [1782960910.603171616] [self_driving]: [CROSSWALK_IGNORE] y=82 < th=180[0m
[self_driving-10] [0m[INFO] [1782960910.603909990] [self_driving]: [DEBUG_DRIVE] state=LINE_FOLLOW raw_lane_x=-1 lane_x=-1 filter=lost linear=0.30 angular=0.00 cw_y=82 right_done=False start_turn=False count_turn=0 traffic=None stop=False[0m
[self_driving-10] [33m[WARN] [1782960910.685350456] [self_driving]: [LANE_LOST] raw_lane_x=-1 lane_x=-1 filter=lost stop=False state=LINE_FOLLOW safe_linear=0.00 right_ready=False right_done=False[0m
[self_driving-10] [0m[INFO] [1782960910.791081740] [self_driving]: [OBJECTS] msg_count=211 n=1 names=['crosswalk'][0m
[self_driving-10] [0m[INFO] [1782960910.792234690] [self_driving]: [CW_CANDIDATE] name=crosswalkcx=395 cy=115 area=4977 score=0.81 [0m
[self_driving-10] [0m[INFO] [1782960910.798514392] [self_driving]: [CW_CANDIDATE] name=crosswalkcx=350 cy=83 area=1168 score=0.72 [0m
[self_driving-10] [0m[INFO] [1782960911.153524340] [self_driving]: [CW_CANDIDATE] name=crosswalkcx=396 cy=115 area=4956 score=0.80 [0m
[self_driving-10] [0m[INFO] [1782960911.158778554] [self_driving]: [CW_CANDIDATE] name=crosswalkcx=346 cy=83 area=906 score=0.71 [0m
[self_driving-10] [0m[INFO] [1782960911.208407437] [self_driving]: [CROSSWALK_IGNORE] y=83 < th=180[0m
[self_driving-10] [0m[INFO] [1782960911.212793998] [self_driving]: [DEBUG_DRIVE] state=LINE_FOLLOW raw_lane_x=137.0 lane_x=137.0 filter=stable linear=0.30 angular=-0.10 cw_y=83 right_done=False start_turn=False count_turn=0 traffic=None stop=False[0m
[self_driving-10] [33m[WARN] [1782960911.278141190] [self_driving]: [LANE_X_JUMP_REJECT] raw=305.5 last=137.0 diff=168.5 candidate=305.5 cnt=1/4[0m
[self_driving-10] [0m[INFO] [1782960911.532260029] [self_driving]: [OBJECTS] msg_count=215 n=1 names=['right'][0m
[self_driving-10] [0m[INFO] [1782960911.533818686] [self_driving]: [RIGHT_CANDIDATE] valid=False reject=['small_area'] cnt=0 cx=191 cy=19 area=1008 score=0.85 done=False[0m
[self_driving-10] [0m[INFO] [1782960911.541417376] [self_driving]: [CW_CANDIDATE] name=crosswalkcx=346 cy=83 area=1099 score=0.75 [0m
[self_driving-10] [33m[WARN] [1782960911.618030667] [self_driving]: [LANE_LOST] raw_lane_x=-1 lane_x=-1 filter=lost stop=False state=LINE_FOLLOW safe_linear=0.00 right_ready=False right_done=False[0m
[self_driving-10] [0m[INFO] [1782960911.744139025] [self_driving]: [CROSSWALK_IGNORE] y=83 < th=180[0m
[self_driving-10] [0m[INFO] [1782960911.746200518] [self_driving]: [DEBUG_DRIVE] state=LINE_FOLLOW raw_lane_x=-1 lane_x=-1 filter=lost linear=0.30 angular=0.00 cw_y=83 right_done=False start_turn=False count_turn=0 traffic=None stop=False[0m
[self_driving-10] [0m[INFO] [1782960911.935544113] [self_driving]: [RIGHT_CANDIDATE] valid=False reject=['small_area'] cnt=0 cx=192 cy=21 area=1026 score=0.85 done=False[0m
[self_driving-10] [0m[INFO] [1782960911.939619135] [self_driving]: [CW_CANDIDATE] name=crosswalkcx=373 cy=120 area=4986 score=0.83 [0m
[self_driving-10] [0m[INFO] [1782960911.944323253] [self_driving]: [CW_CANDIDATE] name=crosswalkcx=346 cy=85 area=1113 score=0.74 [0m
[self_driving-10] [33m[WARN] [1782960912.131817634] [self_driving]: [LANE_LOST] raw_lane_x=-1 lane_x=-1 filter=lost stop=False state=LINE_FOLLOW safe_linear=0.00 right_ready=False right_done=False[0m
[self_driving-10] [0m[INFO] [1782960912.187565107] [self_driving]: [IMAGE] received count=1222 shape=(480, 640, 3) queue=0[0m
[self_driving-10] [0m[INFO] [1782960912.304886954] [self_driving]: [CROSSWALK_IGNORE] y=85 < th=180[0m
[self_driving-10] [0m[INFO] [1782960912.305778570] [self_driving]: [DEBUG_DRIVE] state=LINE_FOLLOW raw_lane_x=-1 lane_x=-1 filter=lost linear=0.30 angular=0.00 cw_y=85 right_done=False start_turn=False count_turn=0 traffic=None stop=False[0m
[self_driving-10] [0m[INFO] [1782960912.862131549] [self_driving]: [CROSSWALK_IGNORE] y=85 < th=180[0m
[self_driving-10] [0m[INFO] [1782960912.863569891] [self_driving]: [DEBUG_DRIVE] state=LINE_FOLLOW raw_lane_x=91.0 lane_x=91.0 filter=stable linear=0.30 angular=0.10 cw_y=85 right_done=False start_turn=False count_turn=0 traffic=None stop=False[0m
[self_driving-10] [0m[INFO] [1782960913.405305974] [self_driving]: [CROSSWALK_IGNORE] y=85 < th=180[0m
[self_driving-10] [33m[WARN] [1782960913.409126532] [self_driving]: [LANE_LOST] raw_lane_x=-1 lane_x=-1 filter=lost stop=False state=LINE_FOLLOW safe_linear=0.00 right_ready=False right_done=False[0m
[self_driving-10] [0m[INFO] [1782960913.409708239] [self_driving]: [DEBUG_DRIVE] state=LINE_FOLLOW raw_lane_x=-1 lane_x=-1 filter=lost linear=0.30 angular=0.00 cw_y=85 right_done=False start_turn=False count_turn=0 traffic=None stop=False[0m
[self_driving-10] [0m[INFO] [1782960913.757321832] [self_driving]: [OBJECTS] msg_count=220 n=1 names=['crosswalk'][0m
[self_driving-10] [33m[WARN] [1782960913.924531324] [self_driving]: [LANE_LOST] raw_lane_x=-1 lane_x=-1 filter=lost stop=False state=LINE_FOLLOW safe_linear=0.00 right_ready=False right_done=False[0m
[self_driving-10] [0m[INFO] [1782960913.925212809] [self_driving]: [DEBUG_DRIVE] state=LINE_FOLLOW raw_lane_x=-1 lane_x=-1 filter=lost linear=0.30 angular=0.00 cw_y=0 right_done=False start_turn=False count_turn=0 traffic=None stop=False[0m
[self_driving-10] [0m[INFO] [1782960914.276067642] [self_driving]: [IMAGE] received count=1253 shape=(480, 640, 3) queue=0[0m
[self_driving-10] [33m[WARN] [1782960914.473201724] [self_driving]: [LANE_LOST] raw_lane_x=-1 lane_x=-1 filter=lost stop=False state=LINE_FOLLOW safe_linear=0.00 right_ready=False right_done=False[0m
[self_driving-10] [0m[INFO] [1782960914.473755801] [self_driving]: [DEBUG_DRIVE] state=LINE_FOLLOW raw_lane_x=-1 lane_x=-1 filter=lost linear=0.30 angular=0.00 cw_y=0 right_done=False start_turn=False count_turn=0 traffic=None stop=False[0m
[self_driving-10] [0m[INFO] [1782960915.010757285] [self_driving]: [DEBUG_DRIVE] state=LINE_FOLLOW raw_lane_x=-1 lane_x=91.5 filter=hold_last linear=0.30 angular=0.10 cw_y=0 right_done=False start_turn=False count_turn=0 traffic=None stop=False[0m
[self_driving-10] [33m[WARN] [1782960915.274215027] [self_driving]: [LANE_LOST] raw_lane_x=-1 lane_x=-1 filter=lost stop=False state=LINE_FOLLOW safe_linear=0.00 right_ready=False right_done=False[0m
[self_driving-10] [0m[INFO] [1782960915.550212578] [self_driving]: [DEBUG_DRIVE] state=LINE_FOLLOW raw_lane_x=-1 lane_x=-1 filter=lost linear=0.30 angular=0.00 cw_y=0 right_done=False start_turn=False count_turn=0 traffic=None stop=False[0m
[self_driving-10] [0m[INFO] [1782960915.565135179] [self_driving]: [OBJECTS] msg_count=221 n=1 names=['crosswalk'][0m
[self_driving-10] [33m[WARN] [1782960915.827225561] [self_driving]: [LANE_LOST] raw_lane_x=-1 lane_x=-1 filter=lost stop=False state=LINE_FOLLOW safe_linear=0.00 right_ready=False right_done=False[0m
[self_driving-10] [0m[INFO] [1782960916.083247133] [self_driving]: [DEBUG_DRIVE] state=LINE_FOLLOW raw_lane_x=-1 lane_x=-1 filter=lost linear=0.30 angular=0.00 cw_y=0 right_done=False start_turn=False count_turn=0 traffic=None stop=False[0m
[self_driving-10] [0m[INFO] [1782960916.292144465] [self_driving]: [IMAGE] received count=1283 shape=(480, 640, 3) queue=0[0m
[self_driving-10] [33m[WARN] [1782960916.358463291] [self_driving]: [LANE_LOST] raw_lane_x=-1 lane_x=-1 filter=lost stop=False state=LINE_FOLLOW safe_linear=0.00 right_ready=False right_done=False[0m
[self_driving-10] [33m[WARN] [1782960916.424245319] [self_driving]: [LANE_X_JUMP_REJECT] raw=259.5 last=91.5 diff=168.0 candidate=259.5 cnt=1/4[0m
[self_driving-10] [0m[INFO] [1782960916.605619537] [self_driving]: [OBJECTS] msg_count=222 n=1 names=['crosswalk'][0m
[self_driving-10] [0m[INFO] [1782960916.606410541] [self_driving]: [CW_CANDIDATE] name=crosswalkcx=562 cy=69 area=21252 score=0.52 [0m
[self_driving-10] [0m[INFO] [1782960916.632924742] [self_driving]: [CROSSWALK_IGNORE] y=69 < th=180[0m
[self_driving-10] [0m[INFO] [1782960916.636518947] [self_driving]: [DEBUG_DRIVE] state=LINE_FOLLOW raw_lane_x=148.0 lane_x=148.0 filter=stable linear=0.30 angular=-0.10 cw_y=69 right_done=False start_turn=False count_turn=0 traffic=None stop=False[0m
[self_driving-10] [33m[WARN] [1782960916.943982560] [self_driving]: [LANE_X_JUMP_REJECT] raw=243.5 last=149.5 diff=94.0 candidate=243.5 cnt=1/4[0m
[self_driving-10] [0m[INFO] [1782960917.078861689] [self_driving]: [CW_CANDIDATE] name=crosswalkcx=576 cy=75 area=18450 score=0.66 [0m
[self_driving-10] [0m[INFO] [1782960917.167057988] [self_driving]: [CROSSWALK_IGNORE] y=75 < th=180[0m
[self_driving-10] [0m[INFO] [1782960917.169357593] [self_driving]: [DEBUG_DRIVE] state=LINE_FOLLOW raw_lane_x=-1 lane_x=188.0 filter=hold_last linear=0.30 angular=-0.10 cw_y=75 right_done=False start_turn=False count_turn=0 traffic=None stop=False[0m
[self_driving-10] [0m[INFO] [1782960917.706045687] [self_driving]: [CROSSWALK_IGNORE] y=75 < th=180[0m
[self_driving-10] [0m[INFO] [1782960917.709774689] [self_driving]: [DEBUG_DRIVE] state=LINE_FOLLOW raw_lane_x=-1 lane_x=65.0 filter=hold_last linear=0.30 angular=0.10 cw_y=75 right_done=False start_turn=False count_turn=0 traffic=None stop=False[0m
[self_driving-10] [33m[WARN] [1782960917.769144237] [self_driving]: [LANE_LOST] raw_lane_x=-1 lane_x=-1 filter=lost stop=False state=LINE_FOLLOW safe_linear=0.00 right_ready=False right_done=False[0m
[self_driving-10] [0m[INFO] [1782960918.238843092] [self_driving]: [CROSSWALK_IGNORE] y=75 < th=180[0m
[self_driving-10] [0m[INFO] [1782960918.239528188] [self_driving]: [DEBUG_DRIVE] state=LINE_FOLLOW raw_lane_x=-1 lane_x=-1 filter=lost linear=0.30 angular=0.00 cw_y=75 right_done=False start_turn=False count_turn=0 traffic=None stop=False[0m
[self_driving-10] [33m[WARN] [1782960918.289945965] [self_driving]: [LANE_LOST] raw_lane_x=-1 lane_x=-1 filter=lost stop=False state=LINE_FOLLOW safe_linear=0.00 right_ready=False right_done=False[0m
[self_driving-10] [0m[INFO] [1782960918.362159250] [self_driving]: [IMAGE] received count=1314 shape=(480, 640, 3) queue=0[0m
[self_driving-10] [0m[INFO] [1782960918.457207105] [self_driving]: [OBJECTS] msg_count=224 n=1 names=['green'][0m
[self_driving-10] [0m[INFO] [1782960918.458800095] [self_driving]: [TRAFFIC_CANDIDATE] name=green valid=False cx=239 cy=356 area=71176 score=0.27 min_area=800[0m
[self_driving-10] [0m[INFO] [1782960918.778012180] [self_driving]: [DEBUG_DRIVE] state=LINE_FOLLOW raw_lane_x=-1 lane_x=-1 filter=lost linear=0.30 angular=0.00 cw_y=0 right_done=False start_turn=False count_turn=0 traffic=None stop=False[0m
[self_driving-10] [33m[WARN] [1782960918.841215527] [self_driving]: [LANE_LOST] raw_lane_x=-1 lane_x=-1 filter=lost stop=False state=LINE_FOLLOW safe_linear=0.00 right_ready=False right_done=False[0m
[self_driving-10] [0m[INFO] [1782960919.298786094] [self_driving]: [DEBUG_DRIVE] state=LINE_FOLLOW raw_lane_x=-1 lane_x=-1 filter=lost linear=0.30 angular=0.00 cw_y=0 right_done=False start_turn=False count_turn=0 traffic=None stop=False[0m
[self_driving-10] [33m[WARN] [1782960919.380710247] [self_driving]: [LANE_LOST] raw_lane_x=-1 lane_x=-1 filter=lost stop=False state=LINE_FOLLOW safe_linear=0.00 right_ready=False right_done=False[0m
[self_driving-10] [0m[INFO] [1782960919.837511106] [self_driving]: [DEBUG_DRIVE] state=LINE_FOLLOW raw_lane_x=-1 lane_x=-1 filter=lost linear=0.30 angular=0.00 cw_y=0 right_done=False start_turn=False count_turn=0 traffic=None stop=False[0m
[self_driving-10] [33m[WARN] [1782960919.921496752] [self_driving]: [LANE_LOST] raw_lane_x=-1 lane_x=-1 filter=lost stop=False state=LINE_FOLLOW safe_linear=0.00 right_ready=False right_done=False[0m
[self_driving-10] [0m[INFO] [1782960920.375591781] [self_driving]: [IMAGE] received count=1344 shape=(480, 640, 3) queue=0[0m
[self_driving-10] [0m[INFO] [1782960920.383538991] [self_driving]: [DEBUG_DRIVE] state=LINE_FOLLOW raw_lane_x=-1 lane_x=-1 filter=lost linear=0.30 angular=0.00 cw_y=0 right_done=False start_turn=False count_turn=0 traffic=None stop=False[0m
[self_driving-10] [33m[WARN] [1782960920.459661705] [self_driving]: [LANE_LOST] raw_lane_x=-1 lane_x=-1 filter=lost stop=False state=LINE_FOLLOW safe_linear=0.00 right_ready=False right_done=False[0m
[self_driving-10] [0m[INFO] [1782960920.902581358] [self_driving]: [DEBUG_DRIVE] state=LINE_FOLLOW raw_lane_x=-1 lane_x=-1 filter=lost linear=0.30 angular=0.00 cw_y=0 right_done=False start_turn=False count_turn=0 traffic=None stop=False[0m
[self_driving-10] [33m[WARN] [1782960920.984396362] [self_driving]: [LANE_LOST] raw_lane_x=-1 lane_x=-1 filter=lost stop=False state=LINE_FOLLOW safe_linear=0.00 right_ready=False right_done=False[0m
[self_driving-10] [0m[INFO] [1782960921.481883203] [self_driving]: [DEBUG_DRIVE] state=LINE_FOLLOW raw_lane_x=-1 lane_x=-1 filter=lost linear=0.30 angular=0.00 cw_y=0 right_done=False start_turn=False count_turn=0 traffic=None stop=False[0m
[self_driving-10] [33m[WARN] [1782960921.525038311] [self_driving]: [LANE_LOST] raw_lane_x=-1 lane_x=-1 filter=lost stop=False state=LINE_FOLLOW safe_linear=0.00 right_ready=False right_done=False[0m
[self_driving-10] [0m[INFO] [1782960922.005853986] [self_driving]: [DEBUG_DRIVE] state=LINE_FOLLOW raw_lane_x=-1 lane_x=-1 filter=lost linear=0.30 angular=0.00 cw_y=0 right_done=False start_turn=False count_turn=0 traffic=None stop=False[0m
[self_driving-10] [33m[WARN] [1782960922.073922582] [self_driving]: [LANE_LOST] raw_lane_x=-1 lane_x=-1 filter=lost stop=False state=LINE_FOLLOW safe_linear=0.00 right_ready=False right_done=False[0m
[self_driving-10] [0m[INFO] [1782960922.326563153] [self_driving]: [OBJECTS] msg_count=225 n=1 names=['crosswalk'][0m
[self_driving-10] [0m[INFO] [1782960922.328041106] [self_driving]: [CW_CANDIDATE] name=crosswalkcx=364 cy=120 area=5100 score=0.77 [0m
[self_driving-10] [0m[INFO] [1782960922.414173486] [self_driving]: [IMAGE] received count=1374 shape=(480, 640, 3) queue=0[0m
[self_driving-10] [0m[INFO] [1782960922.535381725] [self_driving]: [CROSSWALK_IGNORE] y=120 < th=180[0m
[self_driving-10] [0m[INFO] [1782960922.537559793] [self_driving]: [DEBUG_DRIVE] state=LINE_FOLLOW raw_lane_x=-1 lane_x=-1 filter=lost linear=0.30 angular=0.00 cw_y=120 right_done=False start_turn=False count_turn=0 traffic=None stop=False[0m
[self_driving-10] [33m[WARN] [1782960922.609764282] [self_driving]: [LANE_LOST] raw_lane_x=-1 lane_x=-1 filter=lost stop=False state=LINE_FOLLOW safe_linear=0.00 right_ready=False right_done=False[0m
[self_driving-10] [0m[INFO] [1782960923.083067064] [self_driving]: [CROSSWALK_IGNORE] y=120 < th=180[0m
[self_driving-10] [0m[INFO] [1782960923.084651703] [self_driving]: [DEBUG_DRIVE] state=LINE_FOLLOW raw_lane_x=-1 lane_x=-1 filter=lost linear=0.30 angular=0.00 cw_y=120 right_done=False start_turn=False count_turn=0 traffic=None stop=False[0m
[self_driving-10] [33m[WARN] [1782960923.131549886] [self_driving]: [LANE_LOST] raw_lane_x=-1 lane_x=-1 filter=lost stop=False state=LINE_FOLLOW safe_linear=0.00 right_ready=False right_done=False[0m
[self_driving-10] [0m[INFO] [1782960923.616865086] [self_driving]: [CROSSWALK_IGNORE] y=120 < th=180[0m
[self_driving-10] [0m[INFO] [1782960923.619651842] [self_driving]: [DEBUG_DRIVE] state=LINE_FOLLOW raw_lane_x=-1 lane_x=-1 filter=lost linear=0.30 angular=0.00 cw_y=120 right_done=False start_turn=False count_turn=0 traffic=None stop=False[0m
[self_driving-10] [33m[WARN] [1782960923.665412964] [self_driving]: [LANE_LOST] raw_lane_x=-1 lane_x=-1 filter=lost stop=False state=LINE_FOLLOW safe_linear=0.00 right_ready=False right_done=False[0m
[self_driving-10] [0m[INFO] [1782960924.154996076] [self_driving]: [CROSSWALK_IGNORE] y=120 < th=180[0m
[self_driving-10] [0m[INFO] [1782960924.157499294] [self_driving]: [DEBUG_DRIVE] state=LINE_FOLLOW raw_lane_x=-1 lane_x=-1 filter=lost linear=0.30 angular=0.00 cw_y=120 right_done=False start_turn=False count_turn=0 traffic=None stop=False[0m
[self_driving-10] [33m[WARN] [1782960924.222912430] [self_driving]: [LANE_LOST] raw_lane_x=-1 lane_x=-1 filter=lost stop=False state=LINE_FOLLOW safe_linear=0.00 right_ready=False right_done=False[0m
[self_driving-10] [0m[INFO] [1782960924.501663645] [self_driving]: [IMAGE] received count=1405 shape=(480, 640, 3) queue=0[0m
[self_driving-10] [0m[INFO] [1782960924.683040289] [self_driving]: [CROSSWALK_IGNORE] y=120 < th=180[0m
[self_driving-10] [0m[INFO] [1782960924.685016929] [self_driving]: [DEBUG_DRIVE] state=LINE_FOLLOW raw_lane_x=-1 lane_x=-1 filter=lost linear=0.30 angular=0.00 cw_y=120 right_done=False start_turn=False count_turn=0 traffic=None stop=False[0m
[self_driving-10] [33m[WARN] [1782960924.756587359] [self_driving]: [LANE_LOST] raw_lane_x=-1 lane_x=-1 filter=lost stop=False state=LINE_FOLLOW safe_linear=0.00 right_ready=False right_done=False[0m
[self_driving-10] [0m[INFO] [1782960925.221467336] [self_driving]: [CROSSWALK_IGNORE] y=120 < th=180[0m
[self_driving-10] [0m[INFO] [1782960925.223497384] [self_driving]: [DEBUG_DRIVE] state=LINE_FOLLOW raw_lane_x=-1 lane_x=-1 filter=lost linear=0.30 angular=0.00 cw_y=120 right_done=False start_turn=False count_turn=0 traffic=None stop=False[0m
[self_driving-10] [33m[WARN] [1782960925.295741207] [self_driving]: [LANE_LOST] raw_lane_x=-1 lane_x=-1 filter=lost stop=False state=LINE_FOLLOW safe_linear=0.00 right_ready=False right_done=False[0m
[self_driving-10] [0m[INFO] [1782960925.751175502] [self_driving]: [CROSSWALK_IGNORE] y=120 < th=180[0m
[self_driving-10] [0m[INFO] [1782960925.751997025] [self_driving]: [DEBUG_DRIVE] state=LINE_FOLLOW raw_lane_x=-1 lane_x=-1 filter=lost linear=0.30 angular=0.00 cw_y=120 right_done=False start_turn=False count_turn=0 traffic=None stop=False[0m
[self_driving-10] [33m[WARN] [1782960925.834234458] [self_driving]: [LANE_LOST] raw_lane_x=-1 lane_x=-1 filter=lost stop=False state=LINE_FOLLOW safe_linear=0.00 right_ready=False right_done=False[0m
[self_driving-10] [0m[INFO] [1782960926.302229915] [self_driving]: [CROSSWALK_IGNORE] y=120 < th=180[0m
[self_driving-10] [0m[INFO] [1782960926.305766842] [self_driving]: [DEBUG_DRIVE] state=LINE_FOLLOW raw_lane_x=-1 lane_x=-1 filter=lost linear=0.30 angular=0.00 cw_y=120 right_done=False start_turn=False count_turn=0 traffic=None stop=False[0m
[self_driving-10] [33m[WARN] [1782960926.362294448] [self_driving]: [LANE_LOST] raw_lane_x=-1 lane_x=-1 filter=lost stop=False state=LINE_FOLLOW safe_linear=0.00 right_ready=False right_done=False[0m
[self_driving-10] [0m[INFO] [1782960926.429364594] [self_driving]: [OBJECTS] msg_count=226 n=1 names=['crosswalk'][0m
[self_driving-10] [0m[INFO] [1782960926.511587082] [self_driving]: [IMAGE] received count=1435 shape=(480, 640, 3) queue=0[0m
[self_driving-10] [0m[INFO] [1782960926.833452034] [self_driving]: [DEBUG_DRIVE] state=LINE_FOLLOW raw_lane_x=-1 lane_x=-1 filter=lost linear=0.30 angular=0.00 cw_y=0 right_done=False start_turn=False count_turn=0 traffic=None stop=False[0m
[self_driving-10] [33m[WARN] [1782960926.915433317] [self_driving]: [LANE_LOST] raw_lane_x=-1 lane_x=-1 filter=lost stop=False state=LINE_FOLLOW safe_linear=0.00 right_ready=False right_done=False[0m
[self_driving-10] [0m[INFO] [1782960927.385089117] [self_driving]: [DEBUG_DRIVE] state=LINE_FOLLOW raw_lane_x=-1 lane_x=-1 filter=lost linear=0.30 angular=0.00 cw_y=0 right_done=False start_turn=False count_turn=0 traffic=None stop=False[0m
[self_driving-10] [33m[WARN] [1782960927.435802858] [self_driving]: [LANE_LOST] raw_lane_x=-1 lane_x=-1 filter=lost stop=False state=LINE_FOLLOW safe_linear=0.00 right_ready=False right_done=False[0m
[self_driving-10] [0m[INFO] [1782960927.911774377] [self_driving]: [DEBUG_DRIVE] state=LINE_FOLLOW raw_lane_x=-1 lane_x=-1 filter=lost linear=0.30 angular=0.00 cw_y=0 right_done=False start_turn=False count_turn=0 traffic=None stop=False[0m
[self_driving-10] [33m[WARN] [1782960927.978504799] [self_driving]: [LANE_LOST] raw_lane_x=-1 lane_x=-1 filter=lost stop=False state=LINE_FOLLOW safe_linear=0.00 right_ready=False right_done=False[0m
[self_driving-10] [0m[INFO] [1782960927.983382974] [self_driving]: [OBJECTS] msg_count=227 n=1 names=['crosswalk'][0m
[self_driving-10] [0m[INFO] [1782960927.985840673] [self_driving]: [CW_CANDIDATE] name=crosswalkcx=81 cy=351 area=39120 score=0.41 [0m
[self_driving-10] [0m[INFO] [1782960928.263065898] [self_driving]: [CROSSWALK_SLOW] y=351 th=180 confirm=4[0m
[self_driving-10] [0m[INFO] [1782960928.554892573] [self_driving]: [IMAGE] received count=1465 shape=(480, 640, 3) queue=0[0m
[self_driving-10] [0m[INFO] [1782960928.772389767] [self_driving]: [CW_STAGE 2] 정지선 앞 완전 정지! elapsed=0.51s[0m
[self_driving-10] [0m[INFO] [1782960928.846343932] [self_driving]: [CW_STAGE 2] 정지선 앞 완전 정지! elapsed=0.58s[0m
[self_driving-10] [0m[INFO] [1782960928.923694856] [self_driving]: [CW_STAGE 2] 정지선 앞 완전 정지! elapsed=0.66s[0m
[self_driving-10] [0m[INFO] [1782960929.002590974] [self_driving]: [CW_STAGE 2] 정지선 앞 완전 정지! elapsed=0.74s[0m
[self_driving-10] [0m[INFO] [1782960929.059697917] [self_driving]: [CW_STAGE 2] 정지선 앞 완전 정지! elapsed=0.80s[0m
[self_driving-10] [0m[INFO] [1782960929.142455779] [self_driving]: [CW_STAGE 2] 정지선 앞 완전 정지! elapsed=0.88s[0m
[self_driving-10] [0m[INFO] [1782960929.199971669] [self_driving]: [CW_STAGE 2] 정지선 앞 완전 정지! elapsed=0.94s[0m
[self_driving-10] [0m[INFO] [1782960929.258115358] [self_driving]: [CW_STAGE 2] 정지선 앞 완전 정지! elapsed=0.99s[0m
[self_driving-10] [0m[INFO] [1782960929.324698094] [self_driving]: [CW_STAGE 2] 정지선 앞 완전 정지! elapsed=1.06s[0m
[self_driving-10] [0m[INFO] [1782960929.374135810] [self_driving]: [CW_STAGE 2] 정지선 앞 완전 정지! elapsed=1.11s[0m
[self_driving-10] [0m[INFO] [1782960929.464612084] [self_driving]: [CW_STAGE 2] 정지선 앞 완전 정지! elapsed=1.20s[0m
[self_driving-10] [0m[INFO] [1782960929.513375833] [self_driving]: [CW_STAGE 2] 정지선 앞 완전 정지! elapsed=1.25s[0m
[self_driving-10] [0m[INFO] [1782960929.622496913] [self_driving]: [CW_STAGE 2] 정지선 앞 완전 정지! elapsed=1.36s[0m
[self_driving-10] [0m[INFO] [1782960929.681777461] [self_driving]: [CW_STAGE 2] 정지선 앞 완전 정지! elapsed=1.42s[0m
[self_driving-10] [0m[INFO] [1782960929.747825453] [self_driving]: [CW_STAGE 2] 정지선 앞 완전 정지! elapsed=1.48s[0m
[self_driving-10] [0m[INFO] [1782960929.790069481] [self_driving]: [CW_STAGE 2] 정지선 앞 완전 정지! elapsed=1.53s[0m
[self_driving-10] [0m[INFO] [1782960929.867586110] [self_driving]: [CW_STAGE 2] 정지선 앞 완전 정지! elapsed=1.60s[0m
[self_driving-10] [0m[INFO] [1782960929.913095564] [self_driving]: [CW_STAGE 2] 정지선 앞 완전 정지! elapsed=1.65s[0m
[self_driving-10] [0m[INFO] [1782960929.998510736] [self_driving]: [CW_STAGE 2] 정지선 앞 완전 정지! elapsed=1.74s[0m
[self_driving-10] [0m[INFO] [1782960930.048918772] [self_driving]: [CW_STAGE 2] 정지선 앞 완전 정지! elapsed=1.79s[0m
[self_driving-10] [0m[INFO] [1782960930.165658320] [self_driving]: [CW_STAGE 2] 정지선 앞 완전 정지! elapsed=1.90s[0m
[self_driving-10] [0m[INFO] [1782960930.208727630] [self_driving]: [CW_STAGE 2] 정지선 앞 완전 정지! elapsed=1.95s[0m
[self_driving-10] [0m[INFO] [1782960930.264667437] [self_driving]: [CW_STAGE 3] 미션 완료 -> 정상 속도 회복 및 6초 락 가동[0m
[self_driving-10] [33m[WARN] [1782960930.265495183] [self_driving]: [LANE_LOST] raw_lane_x=-1 lane_x=-1 filter=lost stop=False state=LINE_FOLLOW safe_linear=0.00 right_ready=False right_done=False[0m
[self_driving-10] [0m[INFO] [1782960930.267970085] [self_driving]: [DEBUG_DRIVE] state=LINE_FOLLOW raw_lane_x=-1 lane_x=-1 filter=lost linear=0.30 angular=0.00 cw_y=351 right_done=False start_turn=False count_turn=0 traffic=None stop=False[0m
[self_driving-10] [0m[INFO] [1782960930.610109333] [self_driving]: [IMAGE] received count=1496 shape=(480, 640, 3) queue=0[0m
[self_driving-10] [33m[WARN] [1782960930.804399714] [self_driving]: [LANE_LOST] raw_lane_x=-1 lane_x=-1 filter=lost stop=False state=LINE_FOLLOW safe_linear=0.00 right_ready=False right_done=False[0m
[self_driving-10] [0m[INFO] [1782960930.805145996] [self_driving]: [DEBUG_DRIVE] state=LINE_FOLLOW raw_lane_x=-1 lane_x=-1 filter=lost linear=0.30 angular=0.00 cw_y=351 right_done=False start_turn=False count_turn=0 traffic=None stop=False[0m
[self_driving-10] [33m[WARN] [1782960931.339205278] [self_driving]: [LANE_LOST] raw_lane_x=-1 lane_x=-1 filter=lost stop=False state=LINE_FOLLOW safe_linear=0.00 right_ready=False right_done=False[0m
[self_driving-10] [0m[INFO] [1782960931.339820930] [self_driving]: [DEBUG_DRIVE] state=LINE_FOLLOW raw_lane_x=-1 lane_x=-1 filter=lost linear=0.30 angular=0.00 cw_y=351 right_done=False start_turn=False count_turn=0 traffic=None stop=False[0m
[self_driving-10] [33m[WARN] [1782960931.885300497] [self_driving]: [LANE_LOST] raw_lane_x=-1 lane_x=-1 filter=lost stop=False state=LINE_FOLLOW safe_linear=0.00 right_ready=False right_done=False[0m
[self_driving-10] [0m[INFO] [1782960931.885906408] [self_driving]: [DEBUG_DRIVE] state=LINE_FOLLOW raw_lane_x=-1 lane_x=-1 filter=lost linear=0.30 angular=0.00 cw_y=351 right_done=False start_turn=False count_turn=0 traffic=None stop=False[0m
