[INFO] [launch]: All log files can be found below /home/ubuntu/.ros/log/2026-07-02-12-09-50-868480-raspberrypi-342308
[INFO] [launch]: Default logging verbosity is set to INFO
[INFO] [ascamera_node-1]: process started with pid [342324]
[INFO] [static_transform_publisher-2]: process started with pid [342326]
[INFO] [static_transform_publisher-3]: process started with pid [342328]
[INFO] [joint_state_publisher-4]: process started with pid [342330]
[INFO] [robot_state_publisher-5]: process started with pid [342332]
[INFO] [ros_robot_controller-6]: process started with pid [342339]
[INFO] [odom_publisher-7]: process started with pid [342346]
[INFO] [ekf_node-8]: process started with pid [342350]
[INFO] [yolo_detect-9]: process started with pid [342364]
[INFO] [self_driving-10]: process started with pid [342372]
[ascamera_node-1] [0m[INFO] [1782994191.613287543] [as_logger]: hello world angstrong camera ros2 node[0m
[static_transform_publisher-2] [33m[WARN] [1782994191.610030536] []: Old-style arguments are deprecated; see --help for new-style arguments[0m
[static_transform_publisher-3] [33m[WARN] [1782994191.601333652] []: Old-style arguments are deprecated; see --help for new-style arguments[0m
[static_transform_publisher-3] [0m[INFO] [1782994191.618273824] [static_transform_publisher_6qX1zetEdOFqtx8C]: Spinning until stopped - publishing transform
[static_transform_publisher-3] translation: ('0.000000', '0.000000', '0.000000')
[static_transform_publisher-3] rotation: ('-0.500000', '0.499602', '-0.500000', '0.500398')
[static_transform_publisher-3] from 'depth_cam' to 'ascamera_color_0'[0m
[static_transform_publisher-2] [0m[INFO] [1782994191.667082155] [static_transform_publisher_IRKq2IbdYj27KUCY]: Spinning until stopped - publishing transform
[static_transform_publisher-2] translation: ('0.000000', '0.000000', '0.000000')
[static_transform_publisher-2] rotation: ('-0.500000', '0.499602', '-0.500000', '0.500398')
[static_transform_publisher-2] from 'depth_cam' to 'ascamera_camera_link_0'[0m
[robot_state_publisher-5] [0m[INFO] [1782994191.676610897] [robot_state_publisher]: got segment base_footprint[0m
[robot_state_publisher-5] [0m[INFO] [1782994191.677843166] [robot_state_publisher]: got segment base_link[0m
[robot_state_publisher-5] [0m[INFO] [1782994191.677884889] [robot_state_publisher]: got segment depth_cam[0m
[robot_state_publisher-5] [0m[INFO] [1782994191.677899444] [robot_state_publisher]: got segment imu_link[0m
[robot_state_publisher-5] [0m[INFO] [1782994191.677908759] [robot_state_publisher]: got segment lidar_frame[0m
[robot_state_publisher-5] [0m[INFO] [1782994191.677916408] [robot_state_publisher]: got segment wheel_lb_Link[0m
[robot_state_publisher-5] [0m[INFO] [1782994191.677924204] [robot_state_publisher]: got segment wheel_lf_Link[0m
[robot_state_publisher-5] [0m[INFO] [1782994191.677931574] [robot_state_publisher]: got segment wheel_rb_Link[0m
[robot_state_publisher-5] [0m[INFO] [1782994191.677939500] [robot_state_publisher]: got segment wheel_rf_Link[0m
[ascamera_node-1] 2026-07-02 12:09:51[INFO] [CameraPublisher.cpp] [1558] [printLaunchParams] get depth_width 640
[ascamera_node-1] 2026-07-02 12:09:51[INFO] [CameraPublisher.cpp] [1559] [printLaunchParams] get depth_height 480
[ascamera_node-1] 2026-07-02 12:09:51[INFO] [CameraPublisher.cpp] [1561] [printLaunchParams] get rgb_width 640
[ascamera_node-1] 2026-07-02 12:09:51[INFO] [CameraPublisher.cpp] [1562] [printLaunchParams] get rgb_height 480
[ascamera_node-1] 2026-07-02 12:09:51[INFO] [CameraPublisher.cpp] [1570] [printLaunchParams] get set_fps 15
[ascamera_node-1] 2026-07-02 12:09:51[INFO] [CameraPublisher.cpp] [1578] [printLaunchParams] get color_pcl 1
[ascamera_node-1] 2026-07-02 12:09:51[INFO] [CameraPublisher.cpp] [1582] [printLaunchParams] get pub_tfTree 1
[ascamera_node-1] 2026-07-02 12:09:51[INFO] [CameraSrv.cpp] [35] [CameraSrv] Angstrong camera server
[ascamera_node-1] 2026-07-02 12:09:51[INFO] [CameraSrv.cpp] [45] [CameraSrv] Angstrong camera sdk version:v1.2.22.20240516
[joint_state_publisher-4] [0m[INFO] [1782994192.680426705] [joint_state_publisher]: Waiting for robot_description to be published on the robot_description topic...[0m
[odom_publisher-7] [0m[INFO] [1782994192.688324119] [odom_publisher]: [1;32m0.930000 1.010000[0m[0m
[ascamera_node-1] 2026-07-02 12:09:52[INFO] [CameraSrv.cpp] [114] [onAttached] attached
[ascamera_node-1] 2026-07-02 12:09:52[INFO] [CameraSrv.cpp] [145] [onAttached] this is a new attach device, create and open it
[odom_publisher-7] [0m[INFO] [1782994192.709763826] [odom_publisher]: [1;32mstart[0m[0m
[ros_robot_controller-6] [0m[INFO] [1782994193.070118923] [ros_robot_controller]: 已设置舵机 1 的偏移量为 0[0m
[ros_robot_controller-6] [0m[INFO] [1782994193.070970670] [ros_robot_controller]: 已设置舵机 2 的偏移量为 0[0m
[ros_robot_controller-6] [0m[INFO] [1782994193.071769436] [ros_robot_controller]: 已设置舵机 3 的偏移量为 4[0m
[ros_robot_controller-6] [0m[INFO] [1782994193.072703499] [ros_robot_controller]: 已设置舵机 4 的偏移量为 0[0m
[ros_robot_controller-6] [0m[INFO] [1782994193.077817206] [ros_robot_controller]: [1;32mstart[0m[0m
[self_driving-10] [0m[INFO] [1782994193.109401845] [self_driving]: [INIT] init_process started[0m
[self_driving-10] [0m[INFO] [1782994193.111071377] [self_driving]: [INIT] only_line_follow=False[0m
[self_driving-10] [0m[INFO] [1782994193.111558566] [self_driving]: [INIT] request /yolov5/start[0m
[ascamera_node-1] 2026-07-02 12:09:53[INFO] [CameraSrv.cpp] [154] [onAttached] get model type 9
[ascamera_node-1] 2026-07-02 12:09:53[INFO] [CameraSrv.cpp] [342] [getConfigFile] get file: /home/ubuntu/third_party_ros2/third_party_ws/src/ascamera/configurationfiles/hp60c_v2_00_20230704_configEncrypt.json
[ascamera_node-1] 2026-07-02 12:09:53[INFO] [CameraPublisher.cpp] [1501] [logCameraPathInfo] usb camera
[ascamera_node-1] 2026-07-02 12:09:53[INFO] [CameraPublisher.cpp] [1502] [logCameraPathInfo] bnum:1
[ascamera_node-1] 2026-07-02 12:09:53[INFO] [CameraPublisher.cpp] [1503] [logCameraPathInfo] dnum:3
[ascamera_node-1] 2026-07-02 12:09:53[INFO] [CameraPublisher.cpp] [1504] [logCameraPathInfo] port_numbers:2
[ascamera_node-1] 2026-07-02 12:09:53[INFO] [CameraPublisher.cpp] [171] [onCameraAttached] create a new publisher info set
[ascamera_node-1] 2026-07-02 12:09:53[INFO] [TfTreeFrameIdInfo.cpp] [11] [TfTreeFrameIdInfo] Namespace /ascamera
[ascamera_node-1] 2026-07-02 12:09:53[INFO] [CameraHp60c.cpp] [128] [open] according to the configuration file.
[ascamera_node-1] 2026-07-02 12:09:53[INFO] [CameraHp60c.cpp] [1528] [parseConfigFileParameter] moduleName:AS_CAM_HP60C
[ascamera_node-1] 2026-07-02 12:09:53[INFO] [CameraHp60c.cpp] [1555] [parseConfigFileParameter] Parsing config file /home/ubuntu/third_party_ros2/third_party_ws/src/ascamera/configurationfiles/hp60c_v2_00_20230704_configEncrypt.json
[ascamera_node-1] 2026-07-02 12:09:53[INFO] [CameraHp60c.cpp] [1620] [parseConfigFileParameter] configuration protocol Version: v2.x
[ascamera_node-1] 2026-07-02 12:09:53[INFO] [CameraHp60c.cpp] [1631] [parseConfigFileParameter] configuration Version: v2.0.0.20230704
[ascamera_node-1] 2026-07-02 12:09:53[INFO] [CameraHp60c.cpp] [1796] [setParamersAfterOpenCam] Camera confiParaEnable true, setting configuration parameter
[self_driving-10] [33m[WARN] [1782994195.114985500] [self_driving]: [YOLO_SERVICE] service not ready, continue without blocking[0m
[ascamera_node-1] 2026-07-02 12:09:55[ERROR] [XuCmdCameraHp60c.cpp] [454] [getMjpegSize] get mjpeg from xu command failed
[ascamera_node-1] 2026-07-02 12:09:55[INFO] [XuCmdCameraHp60c.cpp] [458] [getMjpegSize] mjpeg size:640x480
[ascamera_node-1] 2026-07-02 12:09:55[INFO] [CameraPublisher.cpp] [356] [onCameraOpen] camera opened
[ascamera_node-1] 2026-07-02 12:09:55[INFO] [CameraPublisher.cpp] [370] [onCameraOpen] get config info, ret 0, is_Registration 1
[ascamera_node-1] 2026-07-02 12:09:55[INFO] [Camera.cpp] [61] [init] #camera[0x55565145a710] SN[ASC60CF08000515]'s firmware version:DLS_VERc20865=:V01.09_2024110714:V01.19_2024110714:L01
[ascamera_node-1] 2026-07-02 12:09:55[INFO] [CameraPublisher.cpp] [1183] [setResolution] set depth resolution: 640 x 480 @ 15fps
[ascamera_node-1] 2026-07-02 12:09:55[INFO] [CameraPublisher.cpp] [1197] [setResolution] set rgb resolution: 640 x 480 @ 15fps
[ascamera_node-1] 2026-07-02 12:09:55[INFO] [CameraHp60c.cpp] [260] [startStreaming] start streaming
[ascamera_node-1] 2026-07-02 12:09:55[INFO] [CameraSrv.cpp] [202] [onAttached] attached end
[self_driving-10] [0m[INFO] [1782994195.616256769] [self_driving]: [INIT] enter + set_running start[0m
[self_driving-10] [0m[INFO] [1782994195.616897459] [self_driving]: [1;32mself driving enter[0m[0m
[self_driving-10] [0m[INFO] [1782994195.628312605] [self_driving]: [SUB] image=/ascamera/camera_publisher/rgb0/image object=/yolov5_ros2/object_detect[0m
[self_driving-10] [0m[INFO] [1782994195.629771395] [self_driving]: [1;32mset_running[0m[0m
[self_driving-10] [0m[INFO] [1782994195.635597163] [self_driving]: [1;32m[START] hybrid self_driving start: auto LINE_FOLLOW[0m[0m
[INFO] [apply_calib-11]: process started with pid [342505]
[INFO] [complementary_filter_node-12]: process started with pid [342507]
[complementary_filter_node-12] [0m[INFO] [1782994196.640377886] [imu_filter]: Starting ComplementaryFilterROS[0m
[apply_calib-11] [0m[INFO] [1782994196.705494957] [imu_calib]: Calibrating gyros; do not move the IMU[0m
[ascamera_node-1] 2026-07-02 12:09:56[INFO] [CameraHp60c.cpp] [912] [setInternalParameter] mjpeg info: size(640x480)
[ascamera_node-1] 2026-07-02 12:09:57[INFO] [Camera.cpp] [127] [backgroundThread] SN [ ASC60CF08000515 ]'s parameter:
[ascamera_node-1] 2026-07-02 12:09:57[INFO] [Camera.cpp] [128] [backgroundThread] irfx: 426.962
[ascamera_node-1] 2026-07-02 12:09:57[INFO] [Camera.cpp] [129] [backgroundThread] irfy: 426.374
[ascamera_node-1] 2026-07-02 12:09:57[INFO] [Camera.cpp] [130] [backgroundThread] ircx: 315.403
[ascamera_node-1] 2026-07-02 12:09:57[INFO] [Camera.cpp] [131] [backgroundThread] ircy: 240.933
[ascamera_node-1] 2026-07-02 12:09:57[INFO] [Camera.cpp] [132] [backgroundThread] rgbfx: 570.48
[ascamera_node-1] 2026-07-02 12:09:57[INFO] [Camera.cpp] [133] [backgroundThread] rgbfy: 569.949
[ascamera_node-1] 2026-07-02 12:09:57[INFO] [Camera.cpp] [134] [backgroundThread] rgbcx: 329.75
[ascamera_node-1] 2026-07-02 12:09:57[INFO] [Camera.cpp] [135] [backgroundThread] rgbcy: 238.406
[ascamera_node-1] 
[self_driving-10] [0m[INFO] [1782994197.389183672] [self_driving]: [IMAGE] received count=1 shape=(480, 640, 3) queue=0[0m
[ascamera_node-1] 2026-07-02 12:09:57[INFO] [CameraHp60c.cpp] [1149] [streamCallback] set gain ret 0, gain 4
[self_driving-10] [0m[INFO] [1782994197.568901893] [self_driving]: [CMD] n=1 source=lane_lost_safe linear_x=0.05 linear_y=0.00 angular_z=0.00 state=LINE_FOLLOW stop=False raw_lane_x=-1 lane_filter=lost[0m
[self_driving-10] [33m[WARN] [1782994197.569696769] [self_driving]: [LANE_LOST] raw_lane_x=-1 lane_x=-1 filter=lost stop=False state=LINE_FOLLOW safe_linear=0.05 right_ready=False right_done=False[0m
[self_driving-10] [0m[INFO] [1782994197.570409571] [self_driving]: [DEBUG_DRIVE] state=LINE_FOLLOW raw_lane_x=-1 lane_x=-1 filter=lost linear=0.30 angular=0.00 cw_y=0 cw_n=0 cw_event_idx=0 right_done=False start_turn=False count_turn=0 park_x=-1 park_done=False traffic=None stop=False last_turn_age=-1.00[0m
[self_driving-10] [0m[INFO] [1782994198.121249622] [self_driving]: [CMD] n=12 source=lane_lost_safe linear_x=0.05 linear_y=0.00 angular_z=0.00 state=LINE_FOLLOW stop=False raw_lane_x=-1 lane_filter=lost[0m
[self_driving-10] [33m[WARN] [1782994198.122933080] [self_driving]: [LANE_LOST] raw_lane_x=-1 lane_x=-1 filter=lost stop=False state=LINE_FOLLOW safe_linear=0.05 right_ready=False right_done=False[0m
[self_driving-10] [0m[INFO] [1782994198.123553640] [self_driving]: [DEBUG_DRIVE] state=LINE_FOLLOW raw_lane_x=-1 lane_x=-1 filter=lost linear=0.30 angular=0.00 cw_y=0 cw_n=0 cw_event_idx=0 right_done=False start_turn=False count_turn=0 park_x=-1 park_done=False traffic=None stop=False last_turn_age=-1.00[0m
[yolo_detect-9] [0m[INFO] [1782994198.328618692] [yolov5_ros2]: Current ROS 2 distribution: humble[0m
[self_driving-10] [0m[INFO] [1782994198.656821348] [self_driving]: [CMD] n=20 source=lane_lost_safe linear_x=0.05 linear_y=0.00 angular_z=0.00 state=LINE_FOLLOW stop=False raw_lane_x=-1 lane_filter=lost[0m
[self_driving-10] [33m[WARN] [1782994198.658022358] [self_driving]: [LANE_LOST] raw_lane_x=-1 lane_x=-1 filter=lost stop=False state=LINE_FOLLOW safe_linear=0.05 right_ready=False right_done=False[0m
[self_driving-10] [0m[INFO] [1782994198.660028726] [self_driving]: [DEBUG_DRIVE] state=LINE_FOLLOW raw_lane_x=-1 lane_x=-1 filter=lost linear=0.30 angular=0.00 cw_y=0 cw_n=0 cw_event_idx=0 right_done=False start_turn=False count_turn=0 park_x=-1 park_done=False traffic=None stop=False last_turn_age=-1.00[0m
[apply_calib-11] [0m[INFO] [1782994198.753112056] [imu_calib]: Gyro calibration complete! (bias = [-0.005, 0.029, -0.001])[0m
[self_driving-10] [0m[INFO] [1782994199.228007709] [self_driving]: [CMD] n=28 source=lane_lost_safe linear_x=0.05 linear_y=0.00 angular_z=0.00 state=LINE_FOLLOW stop=False raw_lane_x=-1 lane_filter=lost[0m
[self_driving-10] [33m[WARN] [1782994199.228735381] [self_driving]: [LANE_LOST] raw_lane_x=-1 lane_x=-1 filter=lost stop=False state=LINE_FOLLOW safe_linear=0.05 right_ready=False right_done=False[0m
[self_driving-10] [0m[INFO] [1782994199.231048214] [self_driving]: [DEBUG_DRIVE] state=LINE_FOLLOW raw_lane_x=-1 lane_x=-1 filter=lost linear=0.30 angular=0.00 cw_y=0 cw_n=0 cw_event_idx=0 right_done=False start_turn=False count_turn=0 park_x=-1 park_done=False traffic=None stop=False last_turn_age=-1.00[0m
[self_driving-10] [0m[INFO] [1782994199.747487511] [self_driving]: [CMD] n=36 source=lane_lost_safe linear_x=0.05 linear_y=0.00 angular_z=0.00 state=LINE_FOLLOW stop=False raw_lane_x=-1 lane_filter=lost[0m
[self_driving-10] [33m[WARN] [1782994199.748114497] [self_driving]: [LANE_LOST] raw_lane_x=-1 lane_x=-1 filter=lost stop=False state=LINE_FOLLOW safe_linear=0.05 right_ready=False right_done=False[0m
[self_driving-10] [0m[INFO] [1782994199.748693965] [self_driving]: [DEBUG_DRIVE] state=LINE_FOLLOW raw_lane_x=-1 lane_x=-1 filter=lost linear=0.30 angular=0.00 cw_y=0 cw_n=0 cw_event_idx=0 right_done=False start_turn=False count_turn=0 park_x=-1 park_done=False traffic=None stop=False last_turn_age=-1.00[0m
[self_driving-10] [0m[INFO] [1782994200.280460994] [self_driving]: [CMD] n=44 source=lane_lost_safe linear_x=0.05 linear_y=0.00 angular_z=0.00 state=LINE_FOLLOW stop=False raw_lane_x=-1 lane_filter=lost[0m
[self_driving-10] [33m[WARN] [1782994200.283324980] [self_driving]: [LANE_LOST] raw_lane_x=-1 lane_x=-1 filter=lost stop=False state=LINE_FOLLOW safe_linear=0.05 right_ready=False right_done=False[0m
[self_driving-10] [0m[INFO] [1782994200.284024411] [self_driving]: [DEBUG_DRIVE] state=LINE_FOLLOW raw_lane_x=-1 lane_x=-1 filter=lost linear=0.30 angular=0.00 cw_y=0 cw_n=0 cw_event_idx=0 right_done=False start_turn=False count_turn=0 park_x=-1 park_done=False traffic=None stop=False last_turn_age=-1.00[0m
[self_driving-10] [0m[INFO] [1782994200.823546595] [self_driving]: [CMD] n=52 source=lane_lost_safe linear_x=0.05 linear_y=0.00 angular_z=0.00 state=LINE_FOLLOW stop=False raw_lane_x=-1 lane_filter=lost[0m
[self_driving-10] [33m[WARN] [1782994200.824441898] [self_driving]: [LANE_LOST] raw_lane_x=-1 lane_x=-1 filter=lost stop=False state=LINE_FOLLOW safe_linear=0.05 right_ready=False right_done=False[0m
[self_driving-10] [0m[INFO] [1782994200.830102480] [self_driving]: [DEBUG_DRIVE] state=LINE_FOLLOW raw_lane_x=-1 lane_x=-1 filter=lost linear=0.30 angular=0.00 cw_y=0 cw_n=0 cw_event_idx=0 right_done=False start_turn=False count_turn=0 park_x=-1 park_done=False traffic=None stop=False last_turn_age=-1.00[0m
[self_driving-10] [0m[INFO] [1782994201.366659899] [self_driving]: [CMD] n=60 source=lane_lost_safe linear_x=0.05 linear_y=0.00 angular_z=0.00 state=LINE_FOLLOW stop=False raw_lane_x=-1 lane_filter=lost[0m
[self_driving-10] [33m[WARN] [1782994201.367401572] [self_driving]: [LANE_LOST] raw_lane_x=-1 lane_x=-1 filter=lost stop=False state=LINE_FOLLOW safe_linear=0.05 right_ready=False right_done=False[0m
[self_driving-10] [0m[INFO] [1782994201.367952465] [self_driving]: [DEBUG_DRIVE] state=LINE_FOLLOW raw_lane_x=-1 lane_x=-1 filter=lost linear=0.30 angular=0.00 cw_y=0 cw_n=0 cw_event_idx=0 right_done=False start_turn=False count_turn=0 park_x=-1 park_done=False traffic=None stop=False last_turn_age=-1.00[0m
[self_driving-10] [0m[INFO] [1782994201.916375793] [self_driving]: [CMD] n=68 source=lane_lost_safe linear_x=0.05 linear_y=0.00 angular_z=0.00 state=LINE_FOLLOW stop=False raw_lane_x=-1 lane_filter=lost[0m
[self_driving-10] [33m[WARN] [1782994201.917195281] [self_driving]: [LANE_LOST] raw_lane_x=-1 lane_x=-1 filter=lost stop=False state=LINE_FOLLOW safe_linear=0.05 right_ready=False right_done=False[0m
[self_driving-10] [0m[INFO] [1782994201.918080343] [self_driving]: [DEBUG_DRIVE] state=LINE_FOLLOW raw_lane_x=-1 lane_x=-1 filter=lost linear=0.30 angular=0.00 cw_y=0 cw_n=0 cw_event_idx=0 right_done=False start_turn=False count_turn=0 park_x=-1 park_done=False traffic=None stop=False last_turn_age=-1.00[0m
[self_driving-10] [0m[INFO] [1782994202.431351763] [self_driving]: [CMD] n=76 source=lane_lost_safe linear_x=0.05 linear_y=0.00 angular_z=0.00 state=LINE_FOLLOW stop=False raw_lane_x=-1 lane_filter=lost[0m
[self_driving-10] [33m[WARN] [1782994202.431948620] [self_driving]: [LANE_LOST] raw_lane_x=-1 lane_x=-1 filter=lost stop=False state=LINE_FOLLOW safe_linear=0.05 right_ready=False right_done=False[0m
[self_driving-10] [0m[INFO] [1782994202.432448790] [self_driving]: [DEBUG_DRIVE] state=LINE_FOLLOW raw_lane_x=-1 lane_x=-1 filter=lost linear=0.30 angular=0.00 cw_y=0 cw_n=0 cw_event_idx=0 right_done=False start_turn=False count_turn=0 park_x=-1 park_done=False traffic=None stop=False last_turn_age=-1.00[0m
[self_driving-10] [0m[INFO] [1782994202.982526780] [self_driving]: [CMD] n=84 source=lane_lost_safe linear_x=0.05 linear_y=0.00 angular_z=0.00 state=LINE_FOLLOW stop=False raw_lane_x=-1 lane_filter=lost[0m
[self_driving-10] [33m[WARN] [1782994202.983167840] [self_driving]: [LANE_LOST] raw_lane_x=-1 lane_x=-1 filter=lost stop=False state=LINE_FOLLOW safe_linear=0.05 right_ready=False right_done=False[0m
[self_driving-10] [0m[INFO] [1782994202.983634159] [self_driving]: [DEBUG_DRIVE] state=LINE_FOLLOW raw_lane_x=-1 lane_x=-1 filter=lost linear=0.30 angular=0.00 cw_y=0 cw_n=0 cw_event_idx=0 right_done=False start_turn=False count_turn=0 park_x=-1 park_done=False traffic=None stop=False last_turn_age=-1.00[0m
[self_driving-10] [0m[INFO] [1782994203.495716199] [self_driving]: [CMD] n=92 source=lane_lost_safe linear_x=0.05 linear_y=0.00 angular_z=0.00 state=LINE_FOLLOW stop=False raw_lane_x=-1 lane_filter=lost[0m
[self_driving-10] [33m[WARN] [1782994203.496377167] [self_driving]: [LANE_LOST] raw_lane_x=-1 lane_x=-1 filter=lost stop=False state=LINE_FOLLOW safe_linear=0.05 right_ready=False right_done=False[0m
[self_driving-10] [0m[INFO] [1782994203.496933505] [self_driving]: [DEBUG_DRIVE] state=LINE_FOLLOW raw_lane_x=-1 lane_x=-1 filter=lost linear=0.30 angular=0.00 cw_y=0 cw_n=0 cw_event_idx=0 right_done=False start_turn=False count_turn=0 park_x=-1 park_done=False traffic=None stop=False last_turn_age=-1.00[0m
[self_driving-10] [0m[INFO] [1782994204.040254533] [self_driving]: [CMD] n=100 source=lane_lost_safe linear_x=0.05 linear_y=0.00 angular_z=0.00 state=LINE_FOLLOW stop=False raw_lane_x=-1 lane_filter=lost[0m
[self_driving-10] [33m[WARN] [1782994204.041060280] [self_driving]: [LANE_LOST] raw_lane_x=-1 lane_x=-1 filter=lost stop=False state=LINE_FOLLOW safe_linear=0.05 right_ready=False right_done=False[0m
[self_driving-10] [0m[INFO] [1782994204.041570969] [self_driving]: [DEBUG_DRIVE] state=LINE_FOLLOW raw_lane_x=-1 lane_x=-1 filter=lost linear=0.30 angular=0.00 cw_y=0 cw_n=0 cw_event_idx=0 right_done=False start_turn=False count_turn=0 park_x=-1 park_done=False traffic=None stop=False last_turn_age=-1.00[0m
[self_driving-10] [0m[INFO] [1782994204.582932464] [self_driving]: [CMD] n=108 source=lane_lost_safe linear_x=0.05 linear_y=0.00 angular_z=0.00 state=LINE_FOLLOW stop=False raw_lane_x=-1 lane_filter=lost[0m
[self_driving-10] [33m[WARN] [1782994204.583710451] [self_driving]: [LANE_LOST] raw_lane_x=-1 lane_x=-1 filter=lost stop=False state=LINE_FOLLOW safe_linear=0.05 right_ready=False right_done=False[0m
[self_driving-10] [0m[INFO] [1782994204.587604427] [self_driving]: [DEBUG_DRIVE] state=LINE_FOLLOW raw_lane_x=-1 lane_x=-1 filter=lost linear=0.30 angular=0.00 cw_y=0 cw_n=0 cw_event_idx=0 right_done=False start_turn=False count_turn=0 park_x=-1 park_done=False traffic=None stop=False last_turn_age=-1.00[0m
[self_driving-10] [0m[INFO] [1782994205.128487399] [self_driving]: [CMD] n=116 source=lane_lost_safe linear_x=0.05 linear_y=0.00 angular_z=0.00 state=LINE_FOLLOW stop=False raw_lane_x=-1 lane_filter=lost[0m
[self_driving-10] [33m[WARN] [1782994205.133084231] [self_driving]: [LANE_LOST] raw_lane_x=-1 lane_x=-1 filter=lost stop=False state=LINE_FOLLOW safe_linear=0.05 right_ready=False right_done=False[0m
[self_driving-10] [0m[INFO] [1782994205.135223304] [self_driving]: [DEBUG_DRIVE] state=LINE_FOLLOW raw_lane_x=-1 lane_x=-1 filter=lost linear=0.30 angular=0.00 cw_y=0 cw_n=0 cw_event_idx=0 right_done=False start_turn=False count_turn=0 park_x=-1 park_done=False traffic=None stop=False last_turn_age=-1.00[0m
[self_driving-10] [0m[INFO] [1782994205.444752942] [self_driving]: [IMAGE] received count=121 shape=(480, 640, 3) queue=0[0m
[self_driving-10] [0m[INFO] [1782994205.659321495] [self_driving]: [CMD] n=124 source=lane_lost_safe linear_x=0.05 linear_y=0.00 angular_z=0.00 state=LINE_FOLLOW stop=False raw_lane_x=-1 lane_filter=lost[0m
[self_driving-10] [33m[WARN] [1782994205.666641997] [self_driving]: [LANE_LOST] raw_lane_x=-1 lane_x=-1 filter=lost stop=False state=LINE_FOLLOW safe_linear=0.05 right_ready=False right_done=False[0m
[self_driving-10] [0m[INFO] [1782994205.669451334] [self_driving]: [DEBUG_DRIVE] state=LINE_FOLLOW raw_lane_x=-1 lane_x=-1 filter=lost linear=0.30 angular=0.00 cw_y=0 cw_n=0 cw_event_idx=0 right_done=False start_turn=False count_turn=0 park_x=-1 park_done=False traffic=None stop=False last_turn_age=-1.00[0m
[self_driving-10] [0m[INFO] [1782994206.196807014] [self_driving]: [CMD] n=132 source=lane_lost_safe linear_x=0.05 linear_y=0.00 angular_z=0.00 state=LINE_FOLLOW stop=False raw_lane_x=-1 lane_filter=lost[0m
[self_driving-10] [33m[WARN] [1782994206.197410463] [self_driving]: [LANE_LOST] raw_lane_x=-1 lane_x=-1 filter=lost stop=False state=LINE_FOLLOW safe_linear=0.05 right_ready=False right_done=False[0m
[self_driving-10] [0m[INFO] [1782994206.200842194] [self_driving]: [DEBUG_DRIVE] state=LINE_FOLLOW raw_lane_x=-1 lane_x=-1 filter=lost linear=0.30 angular=0.00 cw_y=0 cw_n=0 cw_event_idx=0 right_done=False start_turn=False count_turn=0 park_x=-1 park_done=False traffic=None stop=False last_turn_age=-1.00[0m
[self_driving-10] [0m[INFO] [1782994206.729768256] [self_driving]: [CMD] n=140 source=lane_lost_safe linear_x=0.05 linear_y=0.00 angular_z=0.00 state=LINE_FOLLOW stop=False raw_lane_x=-1 lane_filter=lost[0m
[self_driving-10] [33m[WARN] [1782994206.730492077] [self_driving]: [LANE_LOST] raw_lane_x=-1 lane_x=-1 filter=lost stop=False state=LINE_FOLLOW safe_linear=0.05 right_ready=False right_done=False[0m
[self_driving-10] [0m[INFO] [1782994206.731034599] [self_driving]: [DEBUG_DRIVE] state=LINE_FOLLOW raw_lane_x=-1 lane_x=-1 filter=lost linear=0.30 angular=0.00 cw_y=0 cw_n=0 cw_event_idx=0 right_done=False start_turn=False count_turn=0 park_x=-1 park_done=False traffic=None stop=False last_turn_age=-1.00[0m
[self_driving-10] [0m[INFO] [1782994207.268315154] [self_driving]: [CMD] n=148 source=lane_lost_safe linear_x=0.05 linear_y=0.00 angular_z=0.00 state=LINE_FOLLOW stop=False raw_lane_x=-1 lane_filter=lost[0m
[self_driving-10] [33m[WARN] [1782994207.269868833] [self_driving]: [LANE_LOST] raw_lane_x=-1 lane_x=-1 filter=lost stop=False state=LINE_FOLLOW safe_linear=0.05 right_ready=False right_done=False[0m
[self_driving-10] [0m[INFO] [1782994207.270395263] [self_driving]: [DEBUG_DRIVE] state=LINE_FOLLOW raw_lane_x=-1 lane_x=-1 filter=lost linear=0.30 angular=0.00 cw_y=0 cw_n=0 cw_event_idx=0 right_done=False start_turn=False count_turn=0 park_x=-1 park_done=False traffic=None stop=False last_turn_age=-1.00[0m
[self_driving-10] [0m[INFO] [1782994207.439652382] [self_driving]: [OBJECTS] msg_count=1 n=1 names=['crosswalk'][0m
[self_driving-10] [0m[INFO] [1782994207.440613668] [self_driving]: [CROSSWALK_METRIC] n=1 nearest={'cx': 553, 'cy': 229, 'w': 168, 'h': 93, 'area': 15624, 'score': 0.33000001311302185} all=[{'cx': 553, 'cy': 229, 'w': 168, 'h': 93, 'area': 15624, 'score': 0.33000001311302185}] event_idx=0[0m
[self_driving-10] [33m[WARN] [1782994207.443148632] [self_driving]: [CROSSWALK_EVENT] idx=1 policy=future_stop_candidate nearest={'cx': 553, 'cy': 229, 'w': 168, 'h': 93, 'area': 15624, 'score': 0.33000001311302185} y_th=120[0m
[self_driving-10] [0m[INFO] [1782994207.671868852] [self_driving]: [CROSSWALK_SLOW] y=229 th=180 confirm=4 candidates=[{'cx': 553, 'cy': 229, 'w': 168, 'h': 93, 'area': 15624, 'score': 0.33000001311302185}][0m
[self_driving-10] [0m[INFO] [1782994207.828012349] [self_driving]: [CMD] n=156 source=lane_lost_safe linear_x=0.05 linear_y=0.00 angular_z=0.00 state=LINE_FOLLOW stop=False raw_lane_x=-1 lane_filter=lost[0m
[self_driving-10] [33m[WARN] [1782994207.829990254] [self_driving]: [LANE_LOST] raw_lane_x=-1 lane_x=-1 filter=lost stop=False state=LINE_FOLLOW safe_linear=0.05 right_ready=False right_done=False[0m
[self_driving-10] [0m[INFO] [1782994207.830556054] [self_driving]: [DEBUG_DRIVE] state=LINE_FOLLOW raw_lane_x=-1 lane_x=-1 filter=lost linear=0.15 angular=0.00 cw_y=229 cw_n=1 cw_event_idx=1 right_done=False start_turn=False count_turn=0 park_x=-1 park_done=False traffic=None stop=False last_turn_age=-1.00[0m
[self_driving-10] [0m[INFO] [1782994208.135973771] [self_driving]: [OBJECTS] msg_count=2 n=1 names=['crosswalk'][0m
[self_driving-10] [0m[INFO] [1782994208.170980104] [self_driving]: [CMD] n=161 source=pid_follow linear_x=0.15 linear_y=0.00 angular_z=0.10 state=LINE_FOLLOW stop=False lane_x=73.5 raw_lane_x=73.5 lane_filter=init cw_y=145 park_x=-1 right_done=False[0m
[self_driving-10] [0m[INFO] [1782994208.352381135] [self_driving]: [CROSSWALK_IGNORE] y=145 < th=180 candidates=[{'cx': 569, 'cy': 145, 'w': 142, 'h': 100, 'area': 14200, 'score': 0.4699999988079071}][0m
[self_driving-10] [0m[INFO] [1782994208.356090868] [self_driving]: [DEBUG_DRIVE] state=LINE_FOLLOW raw_lane_x=-1 lane_x=35.5 filter=hold_last linear=0.15 angular=0.10 cw_y=145 cw_n=1 cw_event_idx=1 right_done=False start_turn=False count_turn=0 park_x=-1 park_done=False traffic=None stop=False last_turn_age=-1.00[0m
[self_driving-10] [0m[INFO] [1782994208.620461833] [self_driving]: [CMD] n=168 source=lane_lost_safe linear_x=0.05 linear_y=0.00 angular_z=0.00 state=LINE_FOLLOW stop=False raw_lane_x=-1 lane_filter=lost[0m
[self_driving-10] [33m[WARN] [1782994208.621412859] [self_driving]: [LANE_LOST] raw_lane_x=-1 lane_x=-1 filter=lost stop=False state=LINE_FOLLOW safe_linear=0.05 right_ready=False right_done=False[0m
[self_driving-10] [0m[INFO] [1782994208.871415007] [self_driving]: [CROSSWALK_IGNORE] y=145 < th=180 candidates=[{'cx': 569, 'cy': 145, 'w': 142, 'h': 100, 'area': 14200, 'score': 0.4699999988079071}][0m
[self_driving-10] [0m[INFO] [1782994208.874307419] [self_driving]: [DEBUG_DRIVE] state=LINE_FOLLOW raw_lane_x=-1 lane_x=-1 filter=lost linear=0.15 angular=0.00 cw_y=145 cw_n=1 cw_event_idx=1 right_done=False start_turn=False count_turn=0 park_x=-1 park_done=False traffic=None stop=False last_turn_age=-1.00[0m
[self_driving-10] [0m[INFO] [1782994209.164852463] [self_driving]: [CMD] n=176 source=lane_lost_safe linear_x=0.05 linear_y=0.00 angular_z=0.00 state=LINE_FOLLOW stop=False raw_lane_x=-1 lane_filter=lost[0m
[self_driving-10] [33m[WARN] [1782994209.169012922] [self_driving]: [LANE_LOST] raw_lane_x=-1 lane_x=-1 filter=lost stop=False state=LINE_FOLLOW safe_linear=0.05 right_ready=False right_done=False[0m
[self_driving-10] [0m[INFO] [1782994209.438503465] [self_driving]: [CROSSWALK_IGNORE] y=145 < th=180 candidates=[{'cx': 569, 'cy': 145, 'w': 142, 'h': 100, 'area': 14200, 'score': 0.4699999988079071}][0m
[self_driving-10] [0m[INFO] [1782994209.439346212] [self_driving]: [DEBUG_DRIVE] state=LINE_FOLLOW raw_lane_x=-1 lane_x=-1 filter=lost linear=0.15 angular=0.00 cw_y=145 cw_n=1 cw_event_idx=1 right_done=False start_turn=False count_turn=0 park_x=-1 park_done=False traffic=None stop=False last_turn_age=-1.00[0m
[self_driving-10] [0m[INFO] [1782994209.630304559] [self_driving]: [CMD] n=183 source=pid_follow linear_x=0.15 linear_y=0.00 angular_z=0.10 state=LINE_FOLLOW stop=False lane_x=86.5 raw_lane_x=86.5 lane_filter=stable cw_y=145 park_x=-1 right_done=False[0m
[self_driving-10] [0m[INFO] [1782994209.967939235] [self_driving]: [CROSSWALK_IGNORE] y=145 < th=180 candidates=[{'cx': 569, 'cy': 145, 'w': 142, 'h': 100, 'area': 14200, 'score': 0.4699999988079071}][0m
[self_driving-10] [0m[INFO] [1782994209.968592518] [self_driving]: [DEBUG_DRIVE] state=LINE_FOLLOW raw_lane_x=-1 lane_x=86.5 filter=hold_last linear=0.15 angular=0.10 cw_y=145 cw_n=1 cw_event_idx=1 right_done=False start_turn=False count_turn=0 park_x=-1 park_done=False traffic=None stop=False last_turn_age=-1.00[0m
[self_driving-10] [0m[INFO] [1782994210.043330092] [self_driving]: [CMD] n=189 source=lane_lost_safe linear_x=0.05 linear_y=0.00 angular_z=0.00 state=LINE_FOLLOW stop=False raw_lane_x=-1 lane_filter=lost[0m
[self_driving-10] [33m[WARN] [1782994210.043833577] [self_driving]: [LANE_LOST] raw_lane_x=-1 lane_x=-1 filter=lost stop=False state=LINE_FOLLOW safe_linear=0.05 right_ready=False right_done=False[0m
[self_driving-10] [0m[INFO] [1782994210.152004231] [self_driving]: [CMD] n=191 source=pid_follow linear_x=0.15 linear_y=0.00 angular_z=0.10 state=LINE_FOLLOW stop=False lane_x=92.5 raw_lane_x=92.5 lane_filter=stable cw_y=145 park_x=-1 right_done=False[0m
[self_driving-10] [0m[INFO] [1782994210.180269251] [self_driving]: [OBJECTS] msg_count=3 n=1 names=['crosswalk'][0m
[self_driving-10] [0m[INFO] [1782994210.181142832] [self_driving]: [CROSSWALK_METRIC] n=1 nearest={'cx': 591, 'cy': 47, 'w': 92, 'h': 83, 'area': 7636, 'score': 0.28999999165534973} all=[{'cx': 591, 'cy': 47, 'w': 92, 'h': 83, 'area': 7636, 'score': 0.28999999165534973}] event_idx=1[0m
[self_driving-10] [0m[INFO] [1782994210.358330107] [self_driving]: [CROSSWALK_SLOW_DONE] return normal speed[0m
[self_driving-10] [0m[INFO] [1782994210.503042772] [self_driving]: [CROSSWALK_IGNORE] y=47 < th=180 candidates=[{'cx': 591, 'cy': 47, 'w': 92, 'h': 83, 'area': 7636, 'score': 0.28999999165534973}][0m
[self_driving-10] [0m[INFO] [1782994210.503870131] [self_driving]: [CMD] n=196 source=lane_lost_safe linear_x=0.05 linear_y=0.00 angular_z=0.00 state=LINE_FOLLOW stop=False raw_lane_x=-1 lane_filter=lost[0m
[self_driving-10] [0m[INFO] [1782994210.506495448] [self_driving]: [DEBUG_DRIVE] state=LINE_FOLLOW raw_lane_x=-1 lane_x=-1 filter=lost linear=0.30 angular=0.00 cw_y=47 cw_n=1 cw_event_idx=1 right_done=False start_turn=False count_turn=0 park_x=-1 park_done=False traffic=None stop=False last_turn_age=-1.00[0m
[self_driving-10] [33m[WARN] [1782994210.563485862] [self_driving]: [LANE_LOST] raw_lane_x=-1 lane_x=-1 filter=lost stop=False state=LINE_FOLLOW safe_linear=0.05 right_ready=False right_done=False[0m
[self_driving-10] [0m[INFO] [1782994210.974832011] [self_driving]: [CMD] n=203 source=pid_follow linear_x=0.30 linear_y=0.00 angular_z=0.10 state=LINE_FOLLOW stop=False lane_x=56.0 raw_lane_x=56.0 lane_filter=stable cw_y=47 park_x=-1 right_done=False[0m
[self_driving-10] [0m[INFO] [1782994211.024999539] [self_driving]: [CROSSWALK_IGNORE] y=47 < th=180 candidates=[{'cx': 591, 'cy': 47, 'w': 92, 'h': 83, 'area': 7636, 'score': 0.28999999165534973}][0m
[self_driving-10] [0m[INFO] [1782994211.025844786] [self_driving]: [DEBUG_DRIVE] state=LINE_FOLLOW raw_lane_x=-1 lane_x=56.0 filter=hold_last linear=0.30 angular=0.10 cw_y=47 cw_n=1 cw_event_idx=1 right_done=False start_turn=False count_turn=0 park_x=-1 park_done=False traffic=None stop=False last_turn_age=-1.00[0m
[self_driving-10] [0m[INFO] [1782994211.521436084] [self_driving]: [CMD] n=211 source=pid_follow linear_x=0.30 linear_y=0.00 angular_z=0.10 state=LINE_FOLLOW stop=False lane_x=56.5 raw_lane_x=56.5 lane_filter=stable cw_y=47 park_x=-1 right_done=False[0m
[self_driving-10] [0m[INFO] [1782994211.567931453] [self_driving]: [CROSSWALK_IGNORE] y=47 < th=180 candidates=[{'cx': 591, 'cy': 47, 'w': 92, 'h': 83, 'area': 7636, 'score': 0.28999999165534973}][0m
[self_driving-10] [0m[INFO] [1782994211.568565773] [self_driving]: [DEBUG_DRIVE] state=LINE_FOLLOW raw_lane_x=46.5 lane_x=46.5 filter=stable linear=0.30 angular=0.10 cw_y=47 cw_n=1 cw_event_idx=1 right_done=False start_turn=False count_turn=0 park_x=-1 park_done=False traffic=None stop=False last_turn_age=-1.00[0m
[self_driving-10] [0m[INFO] [1782994212.038357033] [self_driving]: [CMD] n=219 source=pid_follow linear_x=0.30 linear_y=0.00 angular_z=0.10 state=LINE_FOLLOW stop=False lane_x=40.0 raw_lane_x=-1 lane_filter=hold_last cw_y=47 park_x=-1 right_done=False[0m
[self_driving-10] [0m[INFO] [1782994212.113109459] [self_driving]: [CROSSWALK_IGNORE] y=47 < th=180 candidates=[{'cx': 591, 'cy': 47, 'w': 92, 'h': 83, 'area': 7636, 'score': 0.28999999165534973}][0m
[self_driving-10] [0m[INFO] [1782994212.116588708] [self_driving]: [DEBUG_DRIVE] state=LINE_FOLLOW raw_lane_x=-1 lane_x=40.0 filter=hold_last linear=0.30 angular=0.10 cw_y=47 cw_n=1 cw_event_idx=1 right_done=False start_turn=False count_turn=0 park_x=-1 park_done=False traffic=None stop=False last_turn_age=-1.00[0m
[self_driving-10] [0m[INFO] [1782994212.193291168] [self_driving]: [CMD] n=221 source=lane_lost_safe linear_x=0.05 linear_y=0.00 angular_z=0.00 state=LINE_FOLLOW stop=False raw_lane_x=-1 lane_filter=lost[0m
[self_driving-10] [33m[WARN] [1782994212.194728346] [self_driving]: [LANE_LOST] raw_lane_x=-1 lane_x=-1 filter=lost stop=False state=LINE_FOLLOW safe_linear=0.05 right_ready=False right_done=False[0m
[self_driving-10] [0m[INFO] [1782994212.322438729] [self_driving]: [CMD] n=223 source=pid_follow linear_x=0.30 linear_y=0.00 angular_z=0.10 state=LINE_FOLLOW stop=False lane_x=101.5 raw_lane_x=101.5 lane_filter=stable cw_y=47 park_x=-1 right_done=False[0m
[self_driving-10] [0m[INFO] [1782994212.641144977] [self_driving]: [CROSSWALK_IGNORE] y=47 < th=180 candidates=[{'cx': 591, 'cy': 47, 'w': 92, 'h': 83, 'area': 7636, 'score': 0.28999999165534973}][0m
[self_driving-10] [0m[INFO] [1782994212.642035521] [self_driving]: [DEBUG_DRIVE] state=LINE_FOLLOW raw_lane_x=85.0 lane_x=85.0 filter=stable linear=0.30 angular=0.10 cw_y=47 cw_n=1 cw_event_idx=1 right_done=False start_turn=False count_turn=0 park_x=-1 park_done=False traffic=None stop=False last_turn_age=-1.00[0m
[self_driving-10] [0m[INFO] [1782994212.842924446] [self_driving]: [CMD] n=231 source=pid_follow linear_x=0.30 linear_y=0.00 angular_z=0.10 state=LINE_FOLLOW stop=False lane_x=98.5 raw_lane_x=-1 lane_filter=hold_last cw_y=47 park_x=-1 right_done=False[0m
[self_driving-10] [33m[WARN] [1782994212.911135394] [self_driving]: [LANE_X_JUMP_REJECT] raw=261.0 last=98.5 diff=162.5 candidate=261.0 cnt=1/4[0m
[self_driving-10] [0m[INFO] [1782994213.217556749] [self_driving]: [CROSSWALK_IGNORE] y=47 < th=180 candidates=[{'cx': 591, 'cy': 47, 'w': 92, 'h': 83, 'area': 7636, 'score': 0.28999999165534973}][0m
[self_driving-10] [0m[INFO] [1782994213.221024480] [self_driving]: [CMD] n=236 source=lane_lost_safe linear_x=0.05 linear_y=0.00 angular_z=0.00 state=LINE_FOLLOW stop=False raw_lane_x=-1 lane_filter=lost[0m
[self_driving-10] [33m[WARN] [1782994213.221583077] [self_driving]: [LANE_LOST] raw_lane_x=-1 lane_x=-1 filter=lost stop=False state=LINE_FOLLOW safe_linear=0.05 right_ready=False right_done=False[0m
[self_driving-10] [0m[INFO] [1782994213.225276032] [self_driving]: [DEBUG_DRIVE] state=LINE_FOLLOW raw_lane_x=-1 lane_x=-1 filter=lost linear=0.30 angular=0.00 cw_y=47 cw_n=1 cw_event_idx=1 right_done=False start_turn=False count_turn=0 park_x=-1 park_done=False traffic=None stop=False last_turn_age=-1.00[0m
[self_driving-10] [0m[INFO] [1782994213.512450531] [self_driving]: [IMAGE] received count=241 shape=(480, 640, 3) queue=0[0m
[self_driving-10] [0m[INFO] [1782994213.732615109] [self_driving]: [CROSSWALK_IGNORE] y=47 < th=180 candidates=[{'cx': 591, 'cy': 47, 'w': 92, 'h': 83, 'area': 7636, 'score': 0.28999999165534973}][0m
[self_driving-10] [0m[INFO] [1782994213.737523648] [self_driving]: [CMD] n=244 source=lane_lost_safe linear_x=0.05 linear_y=0.00 angular_z=0.00 state=LINE_FOLLOW stop=False raw_lane_x=-1 lane_filter=lost[0m
[self_driving-10] [33m[WARN] [1782994213.739008567] [self_driving]: [LANE_LOST] raw_lane_x=-1 lane_x=-1 filter=lost stop=False state=LINE_FOLLOW safe_linear=0.05 right_ready=False right_done=False[0m
[self_driving-10] [0m[INFO] [1782994213.740384633] [self_driving]: [DEBUG_DRIVE] state=LINE_FOLLOW raw_lane_x=-1 lane_x=-1 filter=lost linear=0.30 angular=0.00 cw_y=47 cw_n=1 cw_event_idx=1 right_done=False start_turn=False count_turn=0 park_x=-1 park_done=False traffic=None stop=False last_turn_age=-1.00[0m
[self_driving-10] [0m[INFO] [1782994214.255513457] [self_driving]: [CROSSWALK_IGNORE] y=47 < th=180 candidates=[{'cx': 591, 'cy': 47, 'w': 92, 'h': 83, 'area': 7636, 'score': 0.28999999165534973}][0m
[self_driving-10] [0m[INFO] [1782994214.257417176] [self_driving]: [CMD] n=252 source=lane_lost_safe linear_x=0.05 linear_y=0.00 angular_z=0.00 state=LINE_FOLLOW stop=False raw_lane_x=-1 lane_filter=lost[0m
[self_driving-10] [33m[WARN] [1782994214.260254772] [self_driving]: [LANE_LOST] raw_lane_x=-1 lane_x=-1 filter=lost stop=False state=LINE_FOLLOW safe_linear=0.05 right_ready=False right_done=False[0m
[self_driving-10] [0m[INFO] [1782994214.266023929] [self_driving]: [DEBUG_DRIVE] state=LINE_FOLLOW raw_lane_x=-1 lane_x=-1 filter=lost linear=0.30 angular=0.00 cw_y=47 cw_n=1 cw_event_idx=1 right_done=False start_turn=False count_turn=0 park_x=-1 park_done=False traffic=None stop=False last_turn_age=-1.00[0m
[self_driving-10] [0m[INFO] [1782994214.515878576] [self_driving]: [OBJECTS] msg_count=4 n=1 names=['crosswalk'][0m
[self_driving-10] [0m[INFO] [1782994214.526891626] [self_driving]: [CROSSWALK_METRIC] n=1 nearest={'cx': 593, 'cy': 38, 'w': 93, 'h': 77, 'area': 7161, 'score': 0.6200000047683716} all=[{'cx': 593, 'cy': 38, 'w': 93, 'h': 77, 'area': 7161, 'score': 0.6200000047683716}] event_idx=1[0m
[self_driving-10] [0m[INFO] [1782994214.789221001] [self_driving]: [CROSSWALK_IGNORE] y=38 < th=180 candidates=[{'cx': 593, 'cy': 38, 'w': 93, 'h': 77, 'area': 7161, 'score': 0.6200000047683716}][0m
[self_driving-10] [0m[INFO] [1782994214.791045664] [self_driving]: [CMD] n=260 source=lane_lost_safe linear_x=0.05 linear_y=0.00 angular_z=0.00 state=LINE_FOLLOW stop=False raw_lane_x=-1 lane_filter=lost[0m
[self_driving-10] [33m[WARN] [1782994214.792231933] [self_driving]: [LANE_LOST] raw_lane_x=-1 lane_x=-1 filter=lost stop=False state=LINE_FOLLOW safe_linear=0.05 right_ready=False right_done=False[0m
[self_driving-10] [0m[INFO] [1782994214.792989883] [self_driving]: [DEBUG_DRIVE] state=LINE_FOLLOW raw_lane_x=-1 lane_x=-1 filter=lost linear=0.30 angular=0.00 cw_y=38 cw_n=1 cw_event_idx=1 right_done=False start_turn=False count_turn=0 park_x=-1 park_done=False traffic=None stop=False last_turn_age=-1.00[0m
[self_driving-10] [33m[WARN] [1782994215.011974267] [self_driving]: [LANE_X_JUMP_REJECT] raw=3.5 last=98.5 diff=95.0 candidate=3.5 cnt=1/4[0m
[self_driving-10] [0m[INFO] [1782994215.016799361] [self_driving]: [CMD] n=263 source=pid_follow linear_x=0.30 linear_y=0.00 angular_z=0.10 state=LINE_FOLLOW stop=False lane_x=98.5 raw_lane_x=3.5 lane_filter=jump_reject cw_y=38 park_x=-1 right_done=False[0m
[self_driving-10] [0m[INFO] [1782994215.338756857] [self_driving]: [CROSSWALK_IGNORE] y=38 < th=180 candidates=[{'cx': 593, 'cy': 38, 'w': 93, 'h': 77, 'area': 7161, 'score': 0.6200000047683716}][0m
[self_driving-10] [0m[INFO] [1782994215.342983816] [self_driving]: [DEBUG_DRIVE] state=LINE_FOLLOW raw_lane_x=-1 lane_x=67.0 filter=hold_last linear=0.30 angular=0.10 cw_y=38 cw_n=1 cw_event_idx=1 right_done=False start_turn=False count_turn=0 park_x=-1 park_done=False traffic=None stop=False last_turn_age=-1.00[0m
[self_driving-10] [0m[INFO] [1782994215.469533264] [self_driving]: [CMD] n=270 source=lane_lost_safe linear_x=0.05 linear_y=0.00 angular_z=0.00 state=LINE_FOLLOW stop=False raw_lane_x=-1 lane_filter=lost[0m
[self_driving-10] [33m[WARN] [1782994215.470876571] [self_driving]: [LANE_LOST] raw_lane_x=-1 lane_x=-1 filter=lost stop=False state=LINE_FOLLOW safe_linear=0.05 right_ready=False right_done=False[0m
[self_driving-10] [0m[INFO] [1782994215.531447847] [self_driving]: [OBJECTS] msg_count=5 n=1 names=['crosswalk'][0m
[self_driving-10] [0m[INFO] [1782994215.682845491] [self_driving]: [CMD] n=273 source=pid_follow linear_x=0.30 linear_y=0.00 angular_z=0.10 state=LINE_FOLLOW stop=False lane_x=15.5 raw_lane_x=15.5 lane_filter=stable cw_y=102 park_x=-1 right_done=False[0m
[self_driving-10] [0m[INFO] [1782994215.868861928] [self_driving]: [CROSSWALK_IGNORE] y=12 < th=180 candidates=[{'cx': 336, 'cy': 12, 'w': 504, 'h': 24, 'area': 12096, 'score': 0.25}][0m
[self_driving-10] [0m[INFO] [1782994215.870050308] [self_driving]: [DEBUG_DRIVE] state=LINE_FOLLOW raw_lane_x=-1 lane_x=15.5 filter=hold_last linear=0.30 angular=0.10 cw_y=12 cw_n=1 cw_event_idx=1 right_done=False start_turn=False count_turn=0 park_x=-1 park_done=False traffic=None stop=False last_turn_age=-1.00[0m
[self_driving-10] [33m[WARN] [1782994215.945436832] [self_driving]: [LANE_X_JUMP_REJECT] raw=272.5 last=15.5 diff=257.0 candidate=272.5 cnt=1/4[0m
[self_driving-10] [0m[INFO] [1782994216.142772210] [self_driving]: [LANE_X_JUMP_ACCEPT] raw=302.5 last=302.5 cnt=4/4[0m
[self_driving-10] [33m[WARN] [1782994216.143404419] [self_driving]: [LANE_TURN_EVENT_START] idx=1 raw_lane_x=302.5 lane_x=302.5 filter=jump_accept th=200 cw_y=12[0m
[self_driving-10] [33m[WARN] [1782994216.143893627] [self_driving]: [TURN_CLUSTER_START] cluster=1 event_idx=1 raw_lane_x=302.5 lane_x=302.5 filter=jump_accept cw_y=12[0m
[self_driving-10] [0m[INFO] [1782994216.144306630] [self_driving]: [TURN_CLUSTER_UPDATE] cluster=1 samples=1 lane_x=302.5 max_lane_x=302.5 cw_y=12 cw_range=(12,12)[0m
[self_driving-10] [0m[INFO] [1782994216.148594923] [self_driving]: [CMD] n=280 source=line_turn linear_x=0.30 linear_y=0.00 angular_z=-0.45 state=LINE_FOLLOW stop=False lane_x=302.5 raw_lane_x=302.5 lane_filter=jump_accept cw_y=12 park_x=-1 right_done=False[0m
[self_driving-10] [33m[WARN] [1782994216.408322037] [self_driving]: [LANE_TURN_EVENT_END] idx=1 raw_lane_x=167.0 lane_x=167.0 filter=stable last_turn_done_time=1782994216.41[0m
[self_driving-10] [0m[INFO] [1782994216.408976098] [self_driving]: [CROSSWALK_IGNORE] y=12 < th=180 candidates=[{'cx': 336, 'cy': 12, 'w': 504, 'h': 24, 'area': 12096, 'score': 0.25}][0m
[self_driving-10] [0m[INFO] [1782994216.409594621] [self_driving]: [CMD] n=284 source=pid_follow linear_x=0.30 linear_y=0.00 angular_z=-0.10 state=LINE_FOLLOW stop=False lane_x=167.0 raw_lane_x=167.0 lane_filter=stable cw_y=12 park_x=-1 right_done=False[0m
[self_driving-10] [0m[INFO] [1782994216.414757051] [self_driving]: [DEBUG_DRIVE] state=LINE_FOLLOW raw_lane_x=167.0 lane_x=167.0 filter=stable linear=0.30 angular=-0.10 cw_y=12 cw_n=1 cw_event_idx=1 right_done=False start_turn=False count_turn=0 park_x=-1 park_done=False traffic=None stop=False last_turn_age=0.01[0m
[self_driving-10] [33m[WARN] [1782994216.484299325] [self_driving]: [LANE_X_JUMP_REJECT] raw=53.5 last=167.0 diff=113.5 candidate=53.5 cnt=1/4[0m
[self_driving-10] [0m[INFO] [1782994216.571099772] [self_driving]: [OBJECTS] msg_count=7 n=1 names=['crosswalk'][0m
[self_driving-10] [0m[INFO] [1782994216.572669525] [self_driving]: [CROSSWALK_METRIC] n=1 nearest={'cx': 566, 'cy': 44, 'w': 147, 'h': 85, 'area': 12495, 'score': 0.8100000023841858} all=[{'cx': 566, 'cy': 44, 'w': 147, 'h': 85, 'area': 12495, 'score': 0.8100000023841858}] event_idx=1[0m
[self_driving-10] [0m[INFO] [1782994216.687573454] [self_driving]: [LANE_X_JUMP_ACCEPT] raw=38.0 last=38.0 cnt=4/4[0m
[self_driving-10] [33m[WARN] [1782994216.943688817] [self_driving]: [CROSSWALK_EVENT] idx=2 policy=future_pass_candidate nearest={'cx': 349, 'cy': 376, 'w': 132, 'h': 16, 'area': 2112, 'score': 0.8799999952316284} y_th=120[0m
[self_driving-10] [0m[INFO] [1782994216.947032714] [self_driving]: [CMD] n=292 source=pid_follow linear_x=0.30 linear_y=0.00 angular_z=0.10 state=LINE_FOLLOW stop=False lane_x=41.0 raw_lane_x=41.0 lane_filter=stable cw_y=376 park_x=-1 right_done=False[0m
[self_driving-10] [0m[INFO] [1782994216.947760090] [self_driving]: [DEBUG_DRIVE] state=LINE_FOLLOW raw_lane_x=41.0 lane_x=41.0 filter=stable linear=0.30 angular=0.10 cw_y=376 cw_n=1 cw_event_idx=2 right_done=False start_turn=False count_turn=0 park_x=-1 park_done=False traffic=None stop=False last_turn_age=0.54[0m
[self_driving-10] [0m[INFO] [1782994217.143045342] [self_driving]: [CROSSWALK_SLOW] y=376 th=180 confirm=4 candidates=[{'cx': 349, 'cy': 376, 'w': 132, 'h': 16, 'area': 2112, 'score': 0.8799999952316284}][0m
[self_driving-10] [0m[INFO] [1782994217.286968297] [self_driving]: [OBJECTS] msg_count=9 n=1 names=['crosswalk'][0m
[self_driving-10] [0m[INFO] [1782994217.488319097] [self_driving]: [CMD] n=300 source=pid_follow linear_x=0.15 linear_y=0.00 angular_z=0.10 state=LINE_FOLLOW stop=False lane_x=68.0 raw_lane_x=68.0 lane_filter=stable cw_y=192 park_x=-1 right_done=False[0m
[self_driving-10] [0m[INFO] [1782994217.489212956] [self_driving]: [DEBUG_DRIVE] state=LINE_FOLLOW raw_lane_x=68.0 lane_x=68.0 filter=stable linear=0.15 angular=0.10 cw_y=192 cw_n=1 cw_event_idx=2 right_done=False start_turn=False count_turn=0 park_x=-1 park_done=False traffic=None stop=False last_turn_age=1.08[0m
[self_driving-10] [33m[WARN] [1782994217.558761303] [self_driving]: [TURN_CLUSTER_END] cluster=1 duration=1.42 samples=4 max_lane_x=302.5 cw_range=(12,12) last_event_idx=1[0m
[self_driving-10] [0m[INFO] [1782994217.628864285] [self_driving]: [TRAFFIC_CANDIDATE] name=green valid=False cx=625 cy=104 w=25 h=29 area=725 score=0.75 min_area=800[0m
[self_driving-10] [0m[INFO] [1782994217.950802503] [self_driving]: [OBJECTS] msg_count=14 n=1 names=['crosswalk'][0m
[self_driving-10] [0m[INFO] [1782994218.038165769] [self_driving]: [CROSSWALK_IGNORE] y=168 < th=180 candidates=[{'cx': 341, 'cy': 168, 'w': 163, 'h': 6, 'area': 978, 'score': 0.6499999761581421}][0m
[self_driving-10] [0m[INFO] [1782994218.039045887] [self_driving]: [CMD] n=308 source=pid_follow linear_x=0.15 linear_y=0.00 angular_z=0.10 state=LINE_FOLLOW stop=False lane_x=111.0 raw_lane_x=111.0 lane_filter=stable cw_y=168 park_x=-1 right_done=False[0m
[self_driving-10] [0m[INFO] [1782994218.039554447] [self_driving]: [DEBUG_DRIVE] state=LINE_FOLLOW raw_lane_x=111.0 lane_x=111.0 filter=stable linear=0.15 angular=0.10 cw_y=168 cw_n=1 cw_event_idx=2 right_done=False start_turn=False count_turn=0 park_x=-1 park_done=False traffic=None stop=False last_turn_age=1.63[0m
[self_driving-10] [0m[INFO] [1782994218.414744476] [self_driving]: [CROSSWALK_METRIC] n=1 nearest={'cx': 390, 'cy': 217, 'w': 333, 'h': 22, 'area': 7326, 'score': 0.8500000238418579} all=[{'cx': 390, 'cy': 217, 'w': 333, 'h': 22, 'area': 7326, 'score': 0.8500000238418579}] event_idx=2[0m
[self_driving-10] [0m[INFO] [1782994218.572016315] [self_driving]: [CROSSWALK_IGNORE] y=170 < th=180 candidates=[{'cx': 369, 'cy': 170, 'w': 176, 'h': 7, 'area': 1232, 'score': 0.7300000190734863}][0m
[self_driving-10] [0m[INFO] [1782994218.573635569] [self_driving]: [CMD] n=316 source=pid_follow linear_x=0.15 linear_y=0.00 angular_z=0.10 state=LINE_FOLLOW stop=False lane_x=130.0 raw_lane_x=130.0 lane_filter=stable cw_y=170 park_x=-1 right_done=False[0m
[self_driving-10] [0m[INFO] [1782994218.574155906] [self_driving]: [DEBUG_DRIVE] state=LINE_FOLLOW raw_lane_x=130.0 lane_x=130.0 filter=stable linear=0.15 angular=0.10 cw_y=170 cw_n=1 cw_event_idx=2 right_done=False start_turn=False count_turn=0 park_x=-1 park_done=False traffic=None stop=False last_turn_age=2.17[0m
[self_driving-10] [0m[INFO] [1782994218.766832822] [self_driving]: [OBJECTS] msg_count=17 n=1 names=['crosswalk'][0m
[self_driving-10] [0m[INFO] [1782994219.111900872] [self_driving]: [CROSSWALK_IGNORE] y=177 < th=180 candidates=[{'cx': 424, 'cy': 177, 'w': 191, 'h': 10, 'area': 1910, 'score': 0.7900000214576721}][0m
[self_driving-10] [0m[INFO] [1782994219.117551454] [self_driving]: [CMD] n=324 source=pid_follow linear_x=0.15 linear_y=0.00 angular_z=-0.10 state=LINE_FOLLOW stop=False lane_x=141.5 raw_lane_x=141.5 lane_filter=stable cw_y=177 park_x=-1 right_done=False[0m
[self_driving-10] [0m[INFO] [1782994219.122205046] [self_driving]: [DEBUG_DRIVE] state=LINE_FOLLOW raw_lane_x=141.5 lane_x=141.5 filter=stable linear=0.15 angular=-0.10 cw_y=177 cw_n=1 cw_event_idx=2 right_done=False start_turn=False count_turn=0 park_x=-1 park_done=False traffic=None stop=False last_turn_age=2.71[0m
[self_driving-10] [0m[INFO] [1782994219.409068986] [self_driving]: [OBJECTS] msg_count=19 n=1 names=['crosswalk'][0m
[self_driving-10] [0m[INFO] [1782994219.622899218] [self_driving]: [CROSSWALK_IGNORE] y=178 < th=180 candidates=[{'cx': 433, 'cy': 178, 'w': 200, 'h': 9, 'area': 1800, 'score': 0.800000011920929}][0m
[self_driving-10] [0m[INFO] [1782994219.623552482] [self_driving]: [CMD] n=332 source=pid_follow linear_x=0.15 linear_y=0.00 angular_z=-0.10 state=LINE_FOLLOW stop=False lane_x=137.0 raw_lane_x=137.0 lane_filter=stable cw_y=178 park_x=-1 right_done=False[0m
[self_driving-10] [0m[INFO] [1782994219.623975764] [self_driving]: [DEBUG_DRIVE] state=LINE_FOLLOW raw_lane_x=137.0 lane_x=137.0 filter=stable linear=0.15 angular=-0.10 cw_y=178 cw_n=1 cw_event_idx=2 right_done=False start_turn=False count_turn=0 park_x=-1 park_done=False traffic=None stop=False last_turn_age=3.22[0m
[self_driving-10] [0m[INFO] [1782994219.845206313] [self_driving]: [CROSSWALK_SLOW_DONE] return normal speed[0m
[self_driving-10] [0m[INFO] [1782994220.069642444] [self_driving]: [OBJECTS] msg_count=23 n=1 names=['crosswalk'][0m
[self_driving-10] [0m[INFO] [1782994220.070859972] [self_driving]: [CROSSWALK_METRIC] n=1 nearest={'cx': 436, 'cy': 277, 'w': 407, 'h': 54, 'area': 21978, 'score': 0.8999999761581421} all=[{'cx': 436, 'cy': 277, 'w': 407, 'h': 54, 'area': 21978, 'score': 0.8999999761581421}] event_idx=2[0m
[self_driving-10] [0m[INFO] [1782994220.125705240] [self_driving]: [CROSSWALK_SLOW] y=185 th=180 confirm=4 candidates=[{'cx': 437, 'cy': 185, 'w': 223, 'h': 10, 'area': 2230, 'score': 0.8199999928474426}][0m
[self_driving-10] [0m[INFO] [1782994220.134213382] [self_driving]: [CMD] n=339 source=pid_follow linear_x=0.15 linear_y=0.00 angular_z=0.10 state=LINE_FOLLOW stop=False lane_x=125.0 raw_lane_x=125.0 lane_filter=stable cw_y=185 park_x=-1 right_done=False[0m
[self_driving-10] [0m[INFO] [1782994220.137489667] [self_driving]: [DEBUG_DRIVE] state=LINE_FOLLOW raw_lane_x=125.0 lane_x=125.0 filter=stable linear=0.15 angular=0.10 cw_y=185 cw_n=1 cw_event_idx=2 right_done=False start_turn=False count_turn=0 park_x=-1 park_done=False traffic=None stop=False last_turn_age=3.73[0m
[self_driving-10] [0m[INFO] [1782994220.649073703] [self_driving]: [CMD] n=347 source=pid_follow linear_x=0.15 linear_y=0.00 angular_z=-0.10 state=LINE_FOLLOW stop=False lane_x=132.0 raw_lane_x=132.0 lane_filter=stable cw_y=188 park_x=-1 right_done=False[0m
[self_driving-10] [0m[INFO] [1782994220.649897839] [self_driving]: [DEBUG_DRIVE] state=LINE_FOLLOW raw_lane_x=132.0 lane_x=132.0 filter=stable linear=0.15 angular=-0.10 cw_y=188 cw_n=1 cw_event_idx=2 right_done=False start_turn=False count_turn=0 park_x=-1 park_done=False traffic=None stop=False last_turn_age=4.24[0m
[self_driving-10] [0m[INFO] [1782994220.751389903] [self_driving]: [OBJECTS] msg_count=26 n=1 names=['crosswalk'][0m
[self_driving-10] [33m[WARN] [1782994221.103796121] [self_driving]: [CROSSWALK_EVENT] idx=3 policy=future_pass_candidate nearest={'cx': 367, 'cy': 371, 'w': 528, 'h': 119, 'area': 62832, 'score': 0.8500000238418579} y_th=120[0m
[self_driving-10] [0m[INFO] [1782994221.188723869] [self_driving]: [CMD] n=355 source=pid_follow linear_x=0.15 linear_y=0.00 angular_z=-0.10 state=LINE_FOLLOW stop=False lane_x=132.5 raw_lane_x=132.5 lane_filter=stable cw_y=196 park_x=-1 right_done=False[0m
[self_driving-10] [0m[INFO] [1782994221.190335715] [self_driving]: [DEBUG_DRIVE] state=LINE_FOLLOW raw_lane_x=132.5 lane_x=132.5 filter=stable linear=0.15 angular=-0.10 cw_y=196 cw_n=1 cw_event_idx=3 right_done=False start_turn=False count_turn=0 park_x=-1 park_done=False traffic=None stop=False last_turn_age=4.78[0m
[self_driving-10] [0m[INFO] [1782994221.477929235] [self_driving]: [OBJECTS] msg_count=31 n=1 names=['crosswalk'][0m
[self_driving-10] [0m[INFO] [1782994221.515459903] [self_driving]: [IMAGE] received count=360 shape=(480, 640, 3) queue=0[0m
[self_driving-10] [0m[INFO] [1782994221.733244369] [self_driving]: [CMD] n=363 source=pid_follow linear_x=0.15 linear_y=0.00 angular_z=0.10 state=LINE_FOLLOW stop=False lane_x=124.5 raw_lane_x=124.5 lane_filter=stable cw_y=204 park_x=-1 right_done=False[0m
[self_driving-10] [0m[INFO] [1782994221.734178469] [self_driving]: [DEBUG_DRIVE] state=LINE_FOLLOW raw_lane_x=124.5 lane_x=124.5 filter=stable linear=0.15 angular=0.10 cw_y=204 cw_n=1 cw_event_idx=3 right_done=False start_turn=False count_turn=0 park_x=-1 park_done=False traffic=None stop=False last_turn_age=5.33[0m
[self_driving-10] [0m[INFO] [1782994221.800866998] [self_driving]: [CROSSWALK_METRIC] n=1 nearest={'cx': 448, 'cy': 207, 'w': 317, 'h': 22, 'area': 6974, 'score': 0.8899999856948853} all=[{'cx': 448, 'cy': 207, 'w': 317, 'h': 22, 'area': 6974, 'score': 0.8899999856948853}] event_idx=3[0m
[self_driving-10] [0m[INFO] [1782994222.145949048] [self_driving]: [OBJECTS] msg_count=34 n=1 names=['crosswalk'][0m
[self_driving-10] [0m[INFO] [1782994222.261781318] [self_driving]: [CMD] n=371 source=pid_follow linear_x=0.15 linear_y=0.00 angular_z=-0.10 state=LINE_FOLLOW stop=False lane_x=140.5 raw_lane_x=140.5 lane_filter=stable cw_y=211 park_x=-1 right_done=False[0m
[self_driving-10] [0m[INFO] [1782994222.262398063] [self_driving]: [DEBUG_DRIVE] state=LINE_FOLLOW raw_lane_x=140.5 lane_x=140.5 filter=stable linear=0.15 angular=-0.10 cw_y=211 cw_n=1 cw_event_idx=3 right_done=False start_turn=False count_turn=0 park_x=-1 park_done=False traffic=None stop=False last_turn_age=5.85[0m
[self_driving-10] [0m[INFO] [1782994222.797521101] [self_driving]: [CROSSWALK_SLOW_DONE] return normal speed[0m
[self_driving-10] [0m[INFO] [1782994222.799466468] [self_driving]: [CMD] n=379 source=pid_follow linear_x=0.15 linear_y=0.00 angular_z=-0.10 state=LINE_FOLLOW stop=False lane_x=143.5 raw_lane_x=143.5 lane_filter=stable cw_y=219 park_x=-1 right_done=False[0m
[self_driving-10] [0m[INFO] [1782994222.802622104] [self_driving]: [DEBUG_DRIVE] state=LINE_FOLLOW raw_lane_x=143.5 lane_x=143.5 filter=stable linear=0.15 angular=-0.10 cw_y=219 cw_n=1 cw_event_idx=3 right_done=False start_turn=False count_turn=0 park_x=-1 park_done=False traffic=None stop=False last_turn_age=6.39[0m
[self_driving-10] [0m[INFO] [1782994222.838573593] [self_driving]: [OBJECTS] msg_count=36 n=1 names=['crosswalk'][0m
[self_driving-10] [33m[WARN] [1782994223.155977053] [self_driving]: [CROSSWALK_EVENT] idx=4 policy=future_pass_candidate nearest={'cx': 454, 'cy': 242, 'w': 372, 'h': 32, 'area': 11904, 'score': 0.8999999761581421} y_th=120[0m
[self_driving-10] [0m[INFO] [1782994223.350686114] [self_driving]: [CMD] n=387 source=pid_follow linear_x=0.30 linear_y=0.00 angular_z=-0.10 state=LINE_FOLLOW stop=False lane_x=144.5 raw_lane_x=144.5 lane_filter=stable cw_y=242 park_x=-1 right_done=False[0m
[self_driving-10] [0m[INFO] [1782994223.351383361] [self_driving]: [DEBUG_DRIVE] state=LINE_FOLLOW raw_lane_x=144.5 lane_x=144.5 filter=stable linear=0.30 angular=-0.10 cw_y=242 cw_n=1 cw_event_idx=4 right_done=False start_turn=False count_turn=0 park_x=-1 park_done=False traffic=None stop=False last_turn_age=6.94[0m
[self_driving-10] [0m[INFO] [1782994223.385868967] [self_driving]: [CROSSWALK_SLOW] y=242 th=180 confirm=4 candidates=[{'cx': 454, 'cy': 242, 'w': 372, 'h': 32, 'area': 11904, 'score': 0.8999999761581421}][0m
[self_driving-10] [0m[INFO] [1782994223.495248723] [self_driving]: [OBJECTS] msg_count=39 n=1 names=['crosswalk'][0m
[self_driving-10] [0m[INFO] [1782994223.497983819] [self_driving]: [CROSSWALK_METRIC] n=1 nearest={'cx': 440, 'cy': 260, 'w': 399, 'h': 39, 'area': 15561, 'score': 0.9200000166893005} all=[{'cx': 440, 'cy': 260, 'w': 399, 'h': 39, 'area': 15561, 'score': 0.9200000166893005}] event_idx=4[0m
[self_driving-10] [0m[INFO] [1782994223.873602444] [self_driving]: [CMD] n=395 source=pid_follow linear_x=0.15 linear_y=0.00 angular_z=0.10 state=LINE_FOLLOW stop=False lane_x=98.0 raw_lane_x=98.0 lane_filter=stable cw_y=285 park_x=-1 right_done=False[0m
[self_driving-10] [0m[INFO] [1782994223.874411080] [self_driving]: [DEBUG_DRIVE] state=LINE_FOLLOW raw_lane_x=98.0 lane_x=98.0 filter=stable linear=0.15 angular=0.10 cw_y=285 cw_n=1 cw_event_idx=4 right_done=False start_turn=False count_turn=0 park_x=-1 park_done=False traffic=None stop=False last_turn_age=7.47[0m
[self_driving-10] [0m[INFO] [1782994224.162049119] [self_driving]: [OBJECTS] msg_count=41 n=1 names=['crosswalk'][0m
[self_driving-10] [0m[INFO] [1782994224.420688224] [self_driving]: [CMD] n=403 source=pid_follow linear_x=0.15 linear_y=0.00 angular_z=-0.10 state=LINE_FOLLOW stop=False lane_x=142.5 raw_lane_x=142.5 lane_filter=stable cw_y=328 park_x=-1 right_done=False[0m
[self_driving-10] [0m[INFO] [1782994224.424031047] [self_driving]: [DEBUG_DRIVE] state=LINE_FOLLOW raw_lane_x=142.5 lane_x=142.5 filter=stable linear=0.15 angular=-0.10 cw_y=328 cw_n=1 cw_event_idx=4 right_done=False start_turn=False count_turn=0 park_x=-1 park_done=False traffic=None stop=False last_turn_age=8.01[0m
[self_driving-10] [0m[INFO] [1782994224.822583817] [self_driving]: [OBJECTS] msg_count=43 n=1 names=['crosswalk'][0m
[self_driving-10] [0m[INFO] [1782994224.955069089] [self_driving]: [CMD] n=411 source=pid_follow linear_x=0.15 linear_y=0.00 angular_z=-0.10 state=LINE_FOLLOW stop=False lane_x=131.5 raw_lane_x=131.5 lane_filter=stable cw_y=427 park_x=-1 right_done=False[0m
[self_driving-10] [0m[INFO] [1782994224.957649832] [self_driving]: [DEBUG_DRIVE] state=LINE_FOLLOW raw_lane_x=131.5 lane_x=131.5 filter=stable linear=0.15 angular=-0.10 cw_y=427 cw_n=1 cw_event_idx=4 right_done=False start_turn=False count_turn=0 park_x=-1 park_done=False traffic=None stop=False last_turn_age=8.55[0m
[self_driving-10] [0m[INFO] [1782994225.159279133] [self_driving]: [CROSSWALK_METRIC] n=1 nearest={'cx': 329, 'cy': 452, 'w': 622, 'h': 54, 'area': 33588, 'score': 0.8799999952316284} all=[{'cx': 329, 'cy': 452, 'w': 622, 'h': 54, 'area': 33588, 'score': 0.8799999952316284}] event_idx=4[0m
[self_driving-10] [0m[INFO] [1782994225.487995072] [self_driving]: [CMD] n=419 source=pid_follow linear_x=0.15 linear_y=0.00 angular_z=0.10 state=LINE_FOLLOW stop=False lane_x=126.0 raw_lane_x=126.0 lane_filter=stable cw_y=452 park_x=-1 right_done=False[0m
[self_driving-10] [0m[INFO] [1782994225.489574492] [self_driving]: [DEBUG_DRIVE] state=LINE_FOLLOW raw_lane_x=126.0 lane_x=126.0 filter=stable linear=0.15 angular=0.10 cw_y=452 cw_n=1 cw_event_idx=4 right_done=False start_turn=False count_turn=0 park_x=-1 park_done=False traffic=None stop=False last_turn_age=9.08[0m
[self_driving-10] [0m[INFO] [1782994226.019959436] [self_driving]: [CMD] n=427 source=pid_follow linear_x=0.15 linear_y=0.00 angular_z=0.10 state=LINE_FOLLOW stop=False lane_x=124.0 raw_lane_x=124.0 lane_filter=stable cw_y=452 park_x=-1 right_done=False[0m
[self_driving-10] [0m[INFO] [1782994226.020526811] [self_driving]: [DEBUG_DRIVE] state=LINE_FOLLOW raw_lane_x=124.0 lane_x=124.0 filter=stable linear=0.15 angular=0.10 cw_y=452 cw_n=1 cw_event_idx=4 right_done=False start_turn=False count_turn=0 park_x=-1 park_done=False traffic=None stop=False last_turn_age=9.61[0m
[self_driving-10] [0m[INFO] [1782994226.094915456] [self_driving]: [CROSSWALK_SLOW_DONE] return normal speed[0m
[self_driving-10] [0m[INFO] [1782994226.360580747] [self_driving]: [CROSSWALK_SLOW] y=452 th=180 confirm=4 candidates=[{'cx': 329, 'cy': 452, 'w': 622, 'h': 54, 'area': 33588, 'score': 0.8799999952316284}][0m
[self_driving-10] [0m[INFO] [1782994226.585654123] [self_driving]: [CMD] n=435 source=pid_follow linear_x=0.15 linear_y=0.00 angular_z=-0.10 state=LINE_FOLLOW stop=False lane_x=148.5 raw_lane_x=148.5 lane_filter=stable cw_y=452 park_x=-1 right_done=False[0m
[self_driving-10] [0m[INFO] [1782994226.586691095] [self_driving]: [DEBUG_DRIVE] state=LINE_FOLLOW raw_lane_x=148.5 lane_x=148.5 filter=stable linear=0.15 angular=-0.10 cw_y=452 cw_n=1 cw_event_idx=4 right_done=False start_turn=False count_turn=0 park_x=-1 park_done=False traffic=None stop=False last_turn_age=10.18[0m
[self_driving-10] [0m[INFO] [1782994226.857075997] [self_driving]: [OBJECTS] msg_count=45 n=1 names=['crosswalk'][0m
[self_driving-10] [0m[INFO] [1782994226.859685462] [self_driving]: [CROSSWALK_METRIC] n=1 nearest={'cx': 529, 'cy': 300, 'w': 152, 'h': 88, 'area': 13376, 'score': 0.2800000011920929} all=[{'cx': 529, 'cy': 300, 'w': 152, 'h': 88, 'area': 13376, 'score': 0.2800000011920929}] event_idx=4[0m
[self_driving-10] [0m[INFO] [1782994227.095512090] [self_driving]: [CMD] n=443 source=pid_follow linear_x=0.15 linear_y=0.00 angular_z=0.10 state=LINE_FOLLOW stop=False lane_x=120.0 raw_lane_x=120.0 lane_filter=stable cw_y=300 park_x=-1 right_done=False[0m
[self_driving-10] [0m[INFO] [1782994227.096079595] [self_driving]: [DEBUG_DRIVE] state=LINE_FOLLOW raw_lane_x=120.0 lane_x=120.0 filter=stable linear=0.15 angular=0.10 cw_y=300 cw_n=1 cw_event_idx=4 right_done=False start_turn=False count_turn=0 park_x=-1 park_done=False traffic=None stop=False last_turn_age=10.69[0m
[self_driving-10] [0m[INFO] [1782994227.644810332] [self_driving]: [CMD] n=451 source=pid_follow linear_x=0.15 linear_y=0.00 angular_z=-0.10 state=LINE_FOLLOW stop=False lane_x=141.5 raw_lane_x=141.5 lane_filter=stable cw_y=329 park_x=-1 right_done=False[0m
[self_driving-10] [0m[INFO] [1782994227.645904267] [self_driving]: [DEBUG_DRIVE] state=LINE_FOLLOW raw_lane_x=141.5 lane_x=141.5 filter=stable linear=0.15 angular=-0.10 cw_y=329 cw_n=1 cw_event_idx=4 right_done=False start_turn=False count_turn=0 park_x=-1 park_done=False traffic=None stop=False last_turn_age=11.24[0m
[self_driving-10] [0m[INFO] [1782994228.162689381] [self_driving]: [CMD] n=459 source=pid_follow linear_x=0.15 linear_y=0.00 angular_z=-0.10 state=LINE_FOLLOW stop=False lane_x=152.0 raw_lane_x=152.0 lane_filter=stable cw_y=329 park_x=-1 right_done=False[0m
[self_driving-10] [0m[INFO] [1782994228.163512166] [self_driving]: [DEBUG_DRIVE] state=LINE_FOLLOW raw_lane_x=152.0 lane_x=152.0 filter=stable linear=0.15 angular=-0.10 cw_y=329 cw_n=1 cw_event_idx=4 right_done=False start_turn=False count_turn=0 park_x=-1 park_done=False traffic=None stop=False last_turn_age=11.76[0m
[self_driving-10] [33m[WARN] [1782994228.584622577] [self_driving]: [LANE_TURN_EVENT_START] idx=2 raw_lane_x=203.0 lane_x=203.0 filter=stable th=200 cw_y=329[0m
[self_driving-10] [33m[WARN] [1782994228.585585622] [self_driving]: [TURN_CLUSTER_START] cluster=2 event_idx=2 raw_lane_x=203.0 lane_x=203.0 filter=stable cw_y=329[0m
[self_driving-10] [0m[INFO] [1782994228.586159089] [self_driving]: [TURN_CLUSTER_UPDATE] cluster=2 samples=1 lane_x=203.0 max_lane_x=203.0 cw_y=329 cw_range=(329,329)[0m
[self_driving-10] [0m[INFO] [1782994228.586811446] [self_driving]: [CMD] n=465 source=line_turn linear_x=0.15 linear_y=0.00 angular_z=-0.45 state=LINE_FOLLOW stop=False lane_x=203.0 raw_lane_x=203.0 lane_filter=stable cw_y=329 park_x=-1 right_done=False[0m
[self_driving-10] [0m[INFO] [1782994228.722874951] [self_driving]: [DEBUG_DRIVE] state=LINE_FOLLOW raw_lane_x=205.0 lane_x=205.0 filter=stable linear=0.15 angular=-0.45 cw_y=329 cw_n=1 cw_event_idx=4 right_done=False start_turn=False count_turn=3 park_x=-1 park_done=False traffic=None stop=False last_turn_age=12.31[0m
[self_driving-10] [0m[INFO] [1782994229.034513532] [self_driving]: [CROSSWALK_SLOW_DONE] return normal speed[0m
[self_driving-10] [0m[INFO] [1782994229.103089668] [self_driving]: [CMD] n=473 source=line_turn linear_x=0.30 linear_y=0.00 angular_z=-0.45 state=LINE_FOLLOW stop=False lane_x=209.5 raw_lane_x=209.5 lane_filter=stable cw_y=329 park_x=-1 right_done=False[0m
[self_driving-10] [0m[INFO] [1782994229.263698737] [self_driving]: [DEBUG_DRIVE] state=LINE_FOLLOW raw_lane_x=218.5 lane_x=218.5 filter=stable linear=0.30 angular=-0.45 cw_y=329 cw_n=1 cw_event_idx=4 right_done=False start_turn=True count_turn=5 park_x=-1 park_done=False traffic=None stop=False last_turn_age=12.86[0m
[self_driving-10] [0m[INFO] [1782994229.314482714] [self_driving]: [CROSSWALK_SLOW] y=329 th=180 confirm=4 candidates=[{'cx': 553, 'cy': 329, 'w': 168, 'h': 125, 'area': 21000, 'score': 0.5799999833106995}][0m
[self_driving-10] [33m[WARN] [1782994229.442560543] [self_driving]: [LANE_X_JUMP_REJECT] raw=159.5 last=280.0 diff=120.5 candidate=159.5 cnt=1/4[0m
[self_driving-10] [0m[INFO] [1782994229.578850550] [self_driving]: [IMAGE] received count=480 shape=(480, 640, 3) queue=0[0m
[self_driving-10] [0m[INFO] [1782994229.584594114] [self_driving]: [TURN_CLUSTER_UPDATE] cluster=2 samples=16 lane_x=280.0 max_lane_x=280.0 cw_y=329 cw_range=(329,329)[0m
[self_driving-10] [0m[INFO] [1782994229.650932510] [self_driving]: [LANE_X_JUMP_ACCEPT] raw=191.5 last=191.5 cnt=4/4[0m
[self_driving-10] [33m[WARN] [1782994229.651537385] [self_driving]: [LANE_TURN_EVENT_END] idx=2 raw_lane_x=191.5 lane_x=191.5 filter=jump_accept last_turn_done_time=1782994229.65[0m
[self_driving-10] [0m[INFO] [1782994229.653546364] [self_driving]: [CMD] n=481 source=pid_follow linear_x=0.15 linear_y=0.00 angular_z=0.00 state=LINE_FOLLOW stop=False lane_x=191.5 raw_lane_x=191.5 lane_filter=jump_accept cw_y=329 park_x=-1 right_done=False[0m
[self_driving-10] [33m[WARN] [1782994229.713732693] [self_driving]: [LANE_TURN_EVENT_START] idx=3 raw_lane_x=203.0 lane_x=203.0 filter=stable th=200 cw_y=329[0m
[self_driving-10] [0m[INFO] [1782994229.714416605] [self_driving]: [CMD] n=482 source=line_turn linear_x=0.15 linear_y=0.00 angular_z=-0.45 state=LINE_FOLLOW stop=False lane_x=203.0 raw_lane_x=203.0 lane_filter=stable cw_y=329 park_x=-1 right_done=False[0m
[self_driving-10] [0m[INFO] [1782994229.788377266] [self_driving]: [DEBUG_DRIVE] state=LINE_FOLLOW raw_lane_x=215.0 lane_x=215.0 filter=stable linear=0.15 angular=-0.45 cw_y=329 cw_n=1 cw_event_idx=4 right_done=False start_turn=True count_turn=2 park_x=-1 park_done=False traffic=None stop=False last_turn_age=0.14[0m
[self_driving-10] [0m[INFO] [1782994230.258335324] [self_driving]: [CMD] n=490 source=line_turn linear_x=0.15 linear_y=0.00 angular_z=-0.45 state=LINE_FOLLOW stop=False lane_x=267.5 raw_lane_x=267.5 lane_filter=stable cw_y=329 park_x=-1 right_done=False[0m
[self_driving-10] [0m[INFO] [1782994230.328721826] [self_driving]: [DEBUG_DRIVE] state=LINE_FOLLOW raw_lane_x=272.0 lane_x=272.0 filter=stable linear=0.15 angular=-0.45 cw_y=329 cw_n=1 cw_event_idx=4 right_done=False start_turn=True count_turn=10 park_x=-1 park_done=False traffic=None stop=False last_turn_age=0.67[0m
[self_driving-10] [0m[INFO] [1782994230.603047667] [self_driving]: [TURN_CLUSTER_UPDATE] cluster=2 samples=30 lane_x=276.0 max_lane_x=280.0 cw_y=329 cw_range=(329,329)[0m
[self_driving-10] [0m[INFO] [1782994230.801901076] [self_driving]: [CMD] n=498 source=line_turn linear_x=0.15 linear_y=0.00 angular_z=-0.45 state=LINE_FOLLOW stop=False lane_x=272.0 raw_lane_x=272.0 lane_filter=stable cw_y=329 park_x=-1 right_done=False[0m
[self_driving-10] [0m[INFO] [1782994230.862391204] [self_driving]: [DEBUG_DRIVE] state=LINE_FOLLOW raw_lane_x=271.5 lane_x=271.5 filter=stable linear=0.15 angular=-0.45 cw_y=329 cw_n=1 cw_event_idx=4 right_done=False start_turn=True count_turn=18 park_x=-1 park_done=False traffic=None stop=False last_turn_age=1.21[0m
[self_driving-10] [0m[INFO] [1782994231.333298010] [self_driving]: [CMD] n=506 source=line_turn linear_x=0.15 linear_y=0.00 angular_z=-0.45 state=LINE_FOLLOW stop=False lane_x=294.0 raw_lane_x=294.0 lane_filter=stable cw_y=329 park_x=-1 right_done=False[0m
[self_driving-10] [0m[INFO] [1782994231.407949713] [self_driving]: [DEBUG_DRIVE] state=LINE_FOLLOW raw_lane_x=287.0 lane_x=287.0 filter=stable linear=0.15 angular=-0.45 cw_y=329 cw_n=1 cw_event_idx=4 right_done=False start_turn=True count_turn=26 park_x=-1 park_done=False traffic=None stop=False last_turn_age=1.76[0m
[self_driving-10] [0m[INFO] [1782994231.625664494] [self_driving]: [TURN_CLUSTER_UPDATE] cluster=2 samples=45 lane_x=260.5 max_lane_x=311.5 cw_y=329 cw_range=(329,329)[0m
[self_driving-10] [33m[WARN] [1782994231.874226075] [self_driving]: [LANE_TURN_EVENT_END] idx=3 raw_lane_x=193.5 lane_x=193.5 filter=stable last_turn_done_time=1782994231.87[0m
[self_driving-10] [0m[INFO] [1782994231.875368991] [self_driving]: [CMD] n=514 source=pid_follow linear_x=0.15 linear_y=0.00 angular_z=-0.10 state=LINE_FOLLOW stop=False lane_x=193.5 raw_lane_x=193.5 lane_filter=stable cw_y=329 park_x=-1 right_done=False[0m
[self_driving-10] [0m[INFO] [1782994231.881497318] [self_driving]: [OBJECTS] msg_count=47 n=1 names=['crosswalk'][0m
[self_driving-10] [0m[INFO] [1782994231.887036102] [self_driving]: [CROSSWALK_METRIC] n=1 nearest={'cx': 608, 'cy': 229, 'w': 62, 'h': 37, 'area': 2294, 'score': 0.5899999737739563} all=[{'cx': 608, 'cy': 229, 'w': 62, 'h': 37, 'area': 2294, 'score': 0.5899999737739563}] event_idx=4[0m
[self_driving-10] [0m[INFO] [1782994231.947955641] [self_driving]: [DEBUG_DRIVE] state=LINE_FOLLOW raw_lane_x=171.0 lane_x=171.0 filter=stable linear=0.15 angular=-0.10 cw_y=229 cw_n=1 cw_event_idx=4 right_done=False start_turn=False count_turn=0 park_x=-1 park_done=False traffic=None stop=False last_turn_age=0.07[0m
[self_driving-10] [0m[INFO] [1782994231.999408863] [self_driving]: [CROSSWALK_SLOW_DONE] return normal speed[0m
[self_driving-10] [0m[INFO] [1782994232.286277415] [self_driving]: [CROSSWALK_SLOW] y=180 th=180 confirm=4 candidates=[{'cx': 590, 'cy': 180, 'w': 100, 'h': 10, 'area': 1000, 'score': 0.7799999713897705}][0m
[self_driving-10] [0m[INFO] [1782994232.423885005] [self_driving]: [CMD] n=522 source=pid_follow linear_x=0.15 linear_y=0.00 angular_z=-0.10 state=LINE_FOLLOW stop=False lane_x=140.0 raw_lane_x=140.0 lane_filter=stable cw_y=180 park_x=-1 right_done=False[0m
[self_driving-10] [0m[INFO] [1782994232.467087774] [self_driving]: [DEBUG_DRIVE] state=LINE_FOLLOW raw_lane_x=137.5 lane_x=137.5 filter=stable linear=0.15 angular=-0.10 cw_y=180 cw_n=1 cw_event_idx=4 right_done=False start_turn=False count_turn=0 park_x=-1 park_done=False traffic=None stop=False last_turn_age=0.59[0m
[self_driving-10] [0m[INFO] [1782994232.574577200] [self_driving]: [OBJECTS] msg_count=51 n=1 names=['crosswalk'][0m
[self_driving-10] [0m[INFO] [1782994232.947793602] [self_driving]: [CMD] n=530 source=pid_follow linear_x=0.15 linear_y=0.00 angular_z=0.10 state=LINE_FOLLOW stop=False lane_x=118.0 raw_lane_x=118.0 lane_filter=stable cw_y=182 park_x=-1 right_done=False[0m
[self_driving-10] [33m[WARN] [1782994233.008824141] [self_driving]: [TURN_CLUSTER_END] cluster=2 duration=4.42 samples=48 max_lane_x=311.5 cw_range=(329,329) last_event_idx=3[0m
[self_driving-10] [0m[INFO] [1782994233.010423506] [self_driving]: [DEBUG_DRIVE] state=LINE_FOLLOW raw_lane_x=111.0 lane_x=111.0 filter=stable linear=0.15 angular=0.10 cw_y=0 cw_n=0 cw_event_idx=4 right_done=False start_turn=False count_turn=0 park_x=-1 park_done=False traffic=None stop=False last_turn_age=1.14[0m
[self_driving-10] [0m[INFO] [1782994233.253238060] [self_driving]: [OBJECTS] msg_count=57 n=1 names=['crosswalk'][0m
[self_driving-10] [0m[INFO] [1782994233.483364587] [self_driving]: [CMD] n=538 source=pid_follow linear_x=0.15 linear_y=0.00 angular_z=-0.10 state=LINE_FOLLOW stop=False lane_x=132.5 raw_lane_x=132.5 lane_filter=stable cw_y=185 park_x=-1 right_done=False[0m
[self_driving-10] [0m[INFO] [1782994233.551965353] [self_driving]: [DEBUG_DRIVE] state=LINE_FOLLOW raw_lane_x=137.5 lane_x=137.5 filter=stable linear=0.15 angular=-0.10 cw_y=185 cw_n=1 cw_event_idx=4 right_done=False start_turn=False count_turn=0 park_x=-1 park_done=False traffic=None stop=False last_turn_age=1.68[0m
[self_driving-10] [0m[INFO] [1782994233.580072206] [self_driving]: [CROSSWALK_METRIC] n=1 nearest={'cx': 419, 'cy': 291, 'w': 442, 'h': 57, 'area': 25194, 'score': 0.9200000166893005} all=[{'cx': 419, 'cy': 291, 'w': 442, 'h': 57, 'area': 25194, 'score': 0.9200000166893005}] event_idx=4[0m
[self_driving-10] [0m[INFO] [1782994233.913926203] [self_driving]: [OBJECTS] msg_count=62 n=1 names=['crosswalk'][0m
[self_driving-10] [0m[INFO] [1782994234.017151373] [self_driving]: [CMD] n=546 source=pid_follow linear_x=0.15 linear_y=0.00 angular_z=-0.10 state=LINE_FOLLOW stop=False lane_x=130.0 raw_lane_x=130.0 lane_filter=stable cw_y=191 park_x=-1 right_done=False[0m
[self_driving-10] [0m[INFO] [1782994234.078369470] [self_driving]: [DEBUG_DRIVE] state=LINE_FOLLOW raw_lane_x=129.0 lane_x=129.0 filter=stable linear=0.15 angular=0.10 cw_y=191 cw_n=1 cw_event_idx=4 right_done=False start_turn=False count_turn=0 park_x=-1 park_done=False traffic=None stop=False last_turn_age=2.20[0m
[self_driving-10] [0m[INFO] [1782994234.559872341] [self_driving]: [CMD] n=554 source=pid_follow linear_x=0.15 linear_y=0.00 angular_z=0.10 state=LINE_FOLLOW stop=False lane_x=127.5 raw_lane_x=127.5 lane_filter=stable cw_y=194 park_x=-1 right_done=False[0m
[self_driving-10] [0m[INFO] [1782994234.597185415] [self_driving]: [OBJECTS] msg_count=66 n=1 names=['crosswalk'][0m
[self_driving-10] [0m[INFO] [1782994234.632462861] [self_driving]: [DEBUG_DRIVE] state=LINE_FOLLOW raw_lane_x=120.0 lane_x=120.0 filter=stable linear=0.15 angular=0.10 cw_y=201 cw_n=1 cw_event_idx=4 right_done=False start_turn=False count_turn=0 park_x=-1 park_done=False traffic=None stop=False last_turn_age=2.75[0m
[self_driving-10] [0m[INFO] [1782994234.957299436] [self_driving]: [CROSSWALK_SLOW_DONE] return normal speed[0m
[self_driving-10] [0m[INFO] [1782994235.102816459] [self_driving]: [CMD] n=562 source=pid_follow linear_x=0.30 linear_y=0.00 angular_z=-0.10 state=LINE_FOLLOW stop=False lane_x=134.0 raw_lane_x=134.0 lane_filter=stable cw_y=0 park_x=-1 right_done=False[0m
[self_driving-10] [0m[INFO] [1782994235.168822427] [self_driving]: [DEBUG_DRIVE] state=LINE_FOLLOW raw_lane_x=134.5 lane_x=134.5 filter=stable linear=0.30 angular=-0.10 cw_y=0 cw_n=0 cw_event_idx=4 right_done=False start_turn=False count_turn=0 park_x=-1 park_done=False traffic=None stop=False last_turn_age=3.29[0m
[self_driving-10] [0m[INFO] [1782994235.318990450] [self_driving]: [OBJECTS] msg_count=71 n=1 names=['crosswalk'][0m
[self_driving-10] [0m[INFO] [1782994235.319694752] [self_driving]: [CROSSWALK_METRIC] n=1 nearest={'cx': 328, 'cy': 458, 'w': 618, 'h': 42, 'area': 25956, 'score': 0.8799999952316284} all=[{'cx': 328, 'cy': 458, 'w': 618, 'h': 42, 'area': 25956, 'score': 0.8799999952316284}] event_idx=4[0m
[self_driving-10] [0m[INFO] [1782994235.631285629] [self_driving]: [CMD] n=570 source=pid_follow linear_x=0.30 linear_y=0.00 angular_z=-0.10 state=LINE_FOLLOW stop=False lane_x=127.5 raw_lane_x=127.5 lane_filter=stable cw_y=0 park_x=-1 right_done=False[0m
[self_driving-10] [0m[INFO] [1782994235.710520961] [self_driving]: [DEBUG_DRIVE] state=LINE_FOLLOW raw_lane_x=134.0 lane_x=134.0 filter=stable linear=0.30 angular=-0.10 cw_y=0 cw_n=0 cw_event_idx=4 right_done=False start_turn=False count_turn=0 park_x=-1 park_done=False traffic=None stop=False last_turn_age=3.83[0m
[self_driving-10] [0m[INFO] [1782994236.002274014] [self_driving]: [OBJECTS] msg_count=75 n=1 names=['go'][0m
[self_driving-10] [0m[INFO] [1782994236.161885575] [self_driving]: [CMD] n=578 source=pid_follow linear_x=0.30 linear_y=0.00 angular_z=0.10 state=LINE_FOLLOW stop=False lane_x=127.5 raw_lane_x=127.5 lane_filter=stable cw_y=223 park_x=-1 right_done=False[0m
[self_driving-10] [0m[INFO] [1782994236.233172066] [self_driving]: [CROSSWALK_SLOW] y=223 th=180 confirm=4 candidates=[{'cx': 451, 'cy': 223, 'w': 358, 'h': 29, 'area': 10382, 'score': 0.75}][0m
[self_driving-10] [0m[INFO] [1782994236.234054388] [self_driving]: [DEBUG_DRIVE] state=LINE_FOLLOW raw_lane_x=121.0 lane_x=121.0 filter=stable linear=0.15 angular=0.10 cw_y=223 cw_n=1 cw_event_idx=4 right_done=False start_turn=False count_turn=0 park_x=-1 park_done=False traffic=None stop=False last_turn_age=4.36[0m
[self_driving-10] [0m[INFO] [1782994236.689429997] [self_driving]: [OBJECTS] msg_count=78 n=1 names=['crosswalk'][0m
[self_driving-10] [0m[INFO] [1782994236.716361895] [self_driving]: [CMD] n=586 source=pid_follow linear_x=0.15 linear_y=0.00 angular_z=-0.10 state=LINE_FOLLOW stop=False lane_x=132.5 raw_lane_x=132.5 lane_filter=stable cw_y=264 park_x=-1 right_done=False[0m
[self_driving-10] [0m[INFO] [1782994236.781069075] [self_driving]: [DEBUG_DRIVE] state=LINE_FOLLOW raw_lane_x=135.0 lane_x=135.0 filter=stable linear=0.15 angular=-0.10 cw_y=264 cw_n=1 cw_event_idx=4 right_done=False start_turn=False count_turn=0 park_x=-1 park_done=False traffic=None stop=False last_turn_age=4.91[0m
[self_driving-10] [0m[INFO] [1782994237.049180811] [self_driving]: [CROSSWALK_METRIC] n=1 nearest={'cx': 407, 'cy': 320, 'w': 461, 'h': 78, 'area': 35958, 'score': 0.9100000262260437} all=[{'cx': 407, 'cy': 320, 'w': 461, 'h': 78, 'area': 35958, 'score': 0.9100000262260437}] event_idx=4[0m
[self_driving-10] [0m[INFO] [1782994237.246274336] [self_driving]: [CMD] n=594 source=pid_follow linear_x=0.15 linear_y=0.00 angular_z=0.10 state=LINE_FOLLOW stop=False lane_x=123.0 raw_lane_x=123.0 lane_filter=stable cw_y=320 park_x=-1 right_done=False[0m
[self_driving-10] [0m[INFO] [1782994237.300423821] [self_driving]: [DEBUG_DRIVE] state=LINE_FOLLOW raw_lane_x=125.5 lane_x=125.5 filter=stable linear=0.15 angular=0.10 cw_y=320 cw_n=1 cw_event_idx=4 right_done=False start_turn=False count_turn=0 park_x=-1 park_done=False traffic=None stop=False last_turn_age=5.43[0m
[self_driving-10] [0m[INFO] [1782994237.391514376] [self_driving]: [OBJECTS] msg_count=80 n=1 names=['crosswalk'][0m
[self_driving-10] [0m[INFO] [1782994237.639915382] [self_driving]: [IMAGE] received count=600 shape=(480, 640, 3) queue=0[0m
[self_driving-10] [0m[INFO] [1782994237.790349981] [self_driving]: [CMD] n=602 source=pid_follow linear_x=0.15 linear_y=0.00 angular_z=0.10 state=LINE_FOLLOW stop=False lane_x=125.5 raw_lane_x=125.5 lane_filter=stable cw_y=428 park_x=-1 right_done=False[0m
[self_driving-10] [0m[INFO] [1782994237.851903210] [self_driving]: [DEBUG_DRIVE] state=LINE_FOLLOW raw_lane_x=118.5 lane_x=118.5 filter=stable linear=0.15 angular=0.10 cw_y=428 cw_n=1 cw_event_idx=4 right_done=False start_turn=False count_turn=0 park_x=-1 park_done=False traffic=None stop=False last_turn_age=5.98[0m
[self_driving-10] [0m[INFO] [1782994238.058643423] [self_driving]: [OBJECTS] msg_count=82 n=1 names=['crosswalk'][0m
[self_driving-10] [0m[INFO] [1782994238.319722084] [self_driving]: [CMD] n=610 source=pid_follow linear_x=0.15 linear_y=0.00 angular_z=0.10 state=LINE_FOLLOW stop=False lane_x=125.5 raw_lane_x=125.5 lane_filter=stable cw_y=460 park_x=-1 right_done=False[0m
[self_driving-10] [0m[INFO] [1782994238.388527667] [self_driving]: [DEBUG_DRIVE] state=LINE_FOLLOW raw_lane_x=125.5 lane_x=125.5 filter=stable linear=0.15 angular=0.10 cw_y=460 cw_n=1 cw_event_idx=4 right_done=False start_turn=False count_turn=0 park_x=-1 park_done=False traffic=None stop=False last_turn_age=6.51[0m
[self_driving-10] [0m[INFO] [1782994238.721332749] [self_driving]: [OBJECTS] msg_count=83 n=1 names=['crosswalk'][0m
[self_driving-10] [0m[INFO] [1782994238.729151922] [self_driving]: [CROSSWALK_METRIC] n=1 nearest={'cx': 550, 'cy': 375, 'w': 108, 'h': 12, 'area': 1296, 'score': 0.5600000023841858} all=[{'cx': 550, 'cy': 375, 'w': 108, 'h': 12, 'area': 1296, 'score': 0.5600000023841858}] event_idx=4[0m
[self_driving-10] [0m[INFO] [1782994238.852257583] [self_driving]: [CMD] n=618 source=pid_follow linear_x=0.15 linear_y=0.00 angular_z=-0.10 state=LINE_FOLLOW stop=False lane_x=132.0 raw_lane_x=132.0 lane_filter=stable cw_y=375 park_x=-1 right_done=False[0m
[self_driving-10] [0m[INFO] [1782994238.928045128] [self_driving]: [CROSSWALK_SLOW_DONE] return normal speed[0m
[self_driving-10] [0m[INFO] [1782994238.928811041] [self_driving]: [DEBUG_DRIVE] state=LINE_FOLLOW raw_lane_x=134.5 lane_x=134.5 filter=stable linear=0.15 angular=-0.10 cw_y=375 cw_n=1 cw_event_idx=4 right_done=False start_turn=False count_turn=0 park_x=-1 park_done=False traffic=None stop=False last_turn_age=7.05[0m
[self_driving-10] [0m[INFO] [1782994239.195916195] [self_driving]: [CROSSWALK_SLOW] y=375 th=180 confirm=4 candidates=[{'cx': 550, 'cy': 375, 'w': 108, 'h': 12, 'area': 1296, 'score': 0.5600000023841858}][0m
[self_driving-10] [0m[INFO] [1782994239.396707935] [self_driving]: [CMD] n=626 source=pid_follow linear_x=0.15 linear_y=0.00 angular_z=-0.10 state=LINE_FOLLOW stop=False lane_x=172.5 raw_lane_x=172.5 lane_filter=stable cw_y=375 park_x=-1 right_done=False[0m
[self_driving-10] [0m[INFO] [1782994239.476810051] [self_driving]: [DEBUG_DRIVE] state=LINE_FOLLOW raw_lane_x=176.5 lane_x=176.5 filter=stable linear=0.15 angular=-0.10 cw_y=375 cw_n=1 cw_event_idx=4 right_done=False start_turn=False count_turn=0 park_x=-1 park_done=False traffic=None stop=False last_turn_age=7.60[0m
[self_driving-10] [33m[WARN] [1782994239.802743338] [self_driving]: [LANE_TURN_EVENT_START] idx=4 raw_lane_x=202.5 lane_x=202.5 filter=stable th=200 cw_y=375[0m
[self_driving-10] [33m[WARN] [1782994239.803324287] [self_driving]: [TURN_CLUSTER_START] cluster=3 event_idx=4 raw_lane_x=202.5 lane_x=202.5 filter=stable cw_y=375[0m
[self_driving-10] [0m[INFO] [1782994239.804594205] [self_driving]: [TURN_CLUSTER_UPDATE] cluster=3 samples=1 lane_x=202.5 max_lane_x=202.5 cw_y=375 cw_range=(375,375)[0m
[self_driving-10] [0m[INFO] [1782994239.805266228] [self_driving]: [CMD] n=632 source=line_turn linear_x=0.15 linear_y=0.00 angular_z=-0.45 state=LINE_FOLLOW stop=False lane_x=202.5 raw_lane_x=202.5 lane_filter=stable cw_y=375 park_x=-1 right_done=False[0m
[self_driving-10] [0m[INFO] [1782994240.009223530] [self_driving]: [DEBUG_DRIVE] state=LINE_FOLLOW raw_lane_x=223.0 lane_x=223.0 filter=stable linear=0.15 angular=-0.45 cw_y=375 cw_n=1 cw_event_idx=4 right_done=False start_turn=False count_turn=4 park_x=-1 park_done=False traffic=None stop=False last_turn_age=8.14[0m
[self_driving-10] [0m[INFO] [1782994240.325210053] [self_driving]: [CMD] n=640 source=line_turn linear_x=0.15 linear_y=0.00 angular_z=-0.45 state=LINE_FOLLOW stop=False lane_x=252.0 raw_lane_x=252.0 lane_filter=stable cw_y=375 park_x=-1 right_done=False[0m
[self_driving-10] [0m[INFO] [1782994240.540377554] [self_driving]: [DEBUG_DRIVE] state=LINE_FOLLOW raw_lane_x=269.5 lane_x=269.5 filter=stable linear=0.15 angular=-0.45 cw_y=375 cw_n=1 cw_event_idx=4 right_done=False start_turn=True count_turn=6 park_x=-1 park_done=False traffic=None stop=False last_turn_age=8.67[0m
[self_driving-10] [0m[INFO] [1782994240.813061142] [self_driving]: [TURN_CLUSTER_UPDATE] cluster=3 samples=16 lane_x=286.5 max_lane_x=286.5 cw_y=375 cw_range=(375,375)[0m
[self_driving-10] [0m[INFO] [1782994240.863774580] [self_driving]: [CMD] n=648 source=line_turn linear_x=0.15 linear_y=0.00 angular_z=-0.45 state=LINE_FOLLOW stop=False lane_x=289.5 raw_lane_x=289.5 lane_filter=stable cw_y=375 park_x=-1 right_done=False[0m
[self_driving-10] [0m[INFO] [1782994241.114360381] [self_driving]: [DEBUG_DRIVE] state=LINE_FOLLOW raw_lane_x=301.0 lane_x=301.0 filter=stable linear=0.15 angular=-0.45 cw_y=375 cw_n=1 cw_event_idx=4 right_done=False start_turn=True count_turn=14 park_x=-1 park_done=False traffic=None stop=False last_turn_age=9.23[0m
[self_driving-10] [0m[INFO] [1782994241.399615346] [self_driving]: [CMD] n=656 source=line_turn linear_x=0.15 linear_y=0.00 angular_z=-0.45 state=LINE_FOLLOW stop=False lane_x=297.5 raw_lane_x=297.5 lane_filter=stable cw_y=375 park_x=-1 right_done=False[0m
[self_driving-10] [0m[INFO] [1782994241.619801109] [self_driving]: [DEBUG_DRIVE] state=LINE_FOLLOW raw_lane_x=293.0 lane_x=293.0 filter=stable linear=0.15 angular=-0.45 cw_y=375 cw_n=1 cw_event_idx=4 right_done=False start_turn=True count_turn=22 park_x=-1 park_done=False traffic=None stop=False last_turn_age=9.75[0m
[self_driving-10] [0m[INFO] [1782994241.819018929] [self_driving]: [TURN_CLUSTER_UPDATE] cluster=3 samples=31 lane_x=313.0 max_lane_x=313.0 cw_y=375 cw_range=(375,375)[0m
[self_driving-10] [0m[INFO] [1782994241.872432686] [self_driving]: [CROSSWALK_SLOW_DONE] return normal speed[0m
[self_driving-10] [0m[INFO] [1782994241.946563588] [self_driving]: [CMD] n=664 source=line_turn linear_x=0.30 linear_y=0.00 angular_z=-0.45 state=LINE_FOLLOW stop=False lane_x=313.0 raw_lane_x=-1 lane_filter=hold_last cw_y=375 park_x=-1 right_done=False[0m
[self_driving-10] [0m[INFO] [1782994242.163373862] [self_driving]: [CROSSWALK_SLOW] y=375 th=180 confirm=4 candidates=[{'cx': 550, 'cy': 375, 'w': 108, 'h': 12, 'area': 1296, 'score': 0.5600000023841858}][0m
[self_driving-10] [0m[INFO] [1782994242.166051624] [self_driving]: [DEBUG_DRIVE] state=LINE_FOLLOW raw_lane_x=-1 lane_x=313.0 filter=hold_last linear=0.15 angular=-0.45 cw_y=375 cw_n=1 cw_event_idx=4 right_done=False start_turn=True count_turn=30 park_x=-1 park_done=False traffic=None stop=False last_turn_age=10.29[0m
[self_driving-10] [33m[WARN] [1782994242.207475360] [self_driving]: [LANE_TURN_EVENT_END] idx=4 raw_lane_x=-1 lane_x=-1 filter=lost last_turn_done_time=1782994242.21[0m
[self_driving-10] [0m[INFO] [1782994242.208914278] [self_driving]: [CMD] n=668 source=lane_lost_safe linear_x=0.05 linear_y=0.00 angular_z=0.00 state=LINE_FOLLOW stop=False raw_lane_x=-1 lane_filter=lost[0m
[self_driving-10] [33m[WARN] [1782994242.209708618] [self_driving]: [LANE_LOST] raw_lane_x=-1 lane_x=-1 filter=lost stop=False state=LINE_FOLLOW safe_linear=0.05 right_ready=False right_done=False[0m
[self_driving-10] [0m[INFO] [1782994242.675154918] [self_driving]: [DEBUG_DRIVE] state=LINE_FOLLOW raw_lane_x=-1 lane_x=-1 filter=lost linear=0.15 angular=0.00 cw_y=375 cw_n=1 cw_event_idx=4 right_done=False start_turn=True count_turn=30 park_x=-1 park_done=False traffic=None stop=False last_turn_age=0.47[0m
[self_driving-10] [0m[INFO] [1782994242.751618783] [self_driving]: [CMD] n=676 source=lane_lost_safe linear_x=0.05 linear_y=0.00 angular_z=0.00 state=LINE_FOLLOW stop=False raw_lane_x=-1 lane_filter=lost[0m
[self_driving-10] [33m[WARN] [1782994242.754789938] [self_driving]: [LANE_LOST] raw_lane_x=-1 lane_x=-1 filter=lost stop=False state=LINE_FOLLOW safe_linear=0.05 right_ready=False right_done=False[0m
[self_driving-10] [0m[INFO] [1782994243.175353753] [self_driving]: [DEBUG_DRIVE] state=LINE_FOLLOW raw_lane_x=-1 lane_x=-1 filter=lost linear=0.15 angular=0.00 cw_y=375 cw_n=1 cw_event_idx=4 right_done=False start_turn=True count_turn=30 park_x=-1 park_done=False traffic=None stop=False last_turn_age=0.97[0m
[self_driving-10] [0m[INFO] [1782994243.289798660] [self_driving]: [CMD] n=684 source=lane_lost_safe linear_x=0.05 linear_y=0.00 angular_z=0.00 state=LINE_FOLLOW stop=False raw_lane_x=-1 lane_filter=lost[0m
[self_driving-10] [33m[WARN] [1782994243.293762821] [self_driving]: [LANE_LOST] raw_lane_x=-1 lane_x=-1 filter=lost stop=False state=LINE_FOLLOW safe_linear=0.05 right_ready=False right_done=False[0m
[self_driving-10] [33m[WARN] [1782994243.373550157] [self_driving]: [TURN_CLUSTER_END] cluster=3 duration=3.57 samples=36 max_lane_x=313.0 cw_range=(375,375) last_event_idx=4[0m
[self_driving-10] [0m[INFO] [1782994243.715147123] [self_driving]: [DEBUG_DRIVE] state=LINE_FOLLOW raw_lane_x=-1 lane_x=-1 filter=lost linear=0.15 angular=0.00 cw_y=375 cw_n=1 cw_event_idx=4 right_done=False start_turn=True count_turn=30 park_x=-1 park_done=False traffic=None stop=False last_turn_age=1.50[0m
[self_driving-10] [0m[INFO] [1782994243.885199730] [self_driving]: [CMD] n=691 source=lane_lost_safe linear_x=0.05 linear_y=0.00 angular_z=0.00 state=LINE_FOLLOW stop=False raw_lane_x=-1 lane_filter=lost[0m
[self_driving-10] [33m[WARN] [1782994243.885902699] [self_driving]: [LANE_LOST] raw_lane_x=-1 lane_x=-1 filter=lost stop=False state=LINE_FOLLOW safe_linear=0.05 right_ready=False right_done=False[0m
[self_driving-10] [0m[INFO] [1782994244.263126615] [self_driving]: [DEBUG_DRIVE] state=LINE_FOLLOW raw_lane_x=-1 lane_x=-1 filter=lost linear=0.15 angular=0.00 cw_y=375 cw_n=1 cw_event_idx=4 right_done=False start_turn=True count_turn=30 park_x=-1 park_done=False traffic=None stop=False last_turn_age=2.06[0m
[self_driving-10] [0m[INFO] [1782994244.449075996] [self_driving]: [CMD] n=698 source=lane_lost_safe linear_x=0.05 linear_y=0.00 angular_z=0.00 state=LINE_FOLLOW stop=False raw_lane_x=-1 lane_filter=lost[0m
[self_driving-10] [33m[WARN] [1782994244.449735390] [self_driving]: [LANE_LOST] raw_lane_x=-1 lane_x=-1 filter=lost stop=False state=LINE_FOLLOW safe_linear=0.05 right_ready=False right_done=False[0m
[self_driving-10] [0m[INFO] [1782994244.770396339] [self_driving]: [DEBUG_DRIVE] state=LINE_FOLLOW raw_lane_x=-1 lane_x=-1 filter=lost linear=0.15 angular=0.00 cw_y=375 cw_n=1 cw_event_idx=4 right_done=False start_turn=True count_turn=30 park_x=-1 park_done=False traffic=None stop=False last_turn_age=2.56[0m
[self_driving-10] [0m[INFO] [1782994244.913295675] [self_driving]: [CROSSWALK_SLOW_DONE] return normal speed[0m
[self_driving-10] [0m[INFO] [1782994244.985565877] [self_driving]: [CMD] n=705 source=lane_lost_safe linear_x=0.05 linear_y=0.00 angular_z=0.00 state=LINE_FOLLOW stop=False raw_lane_x=-1 lane_filter=lost[0m
[self_driving-10] [33m[WARN] [1782994244.988166639] [self_driving]: [LANE_LOST] raw_lane_x=-1 lane_x=-1 filter=lost stop=False state=LINE_FOLLOW safe_linear=0.05 right_ready=False right_done=False[0m
[self_driving-10] [0m[INFO] [1782994245.244062130] [self_driving]: [CROSSWALK_SLOW] y=375 th=180 confirm=4 candidates=[{'cx': 550, 'cy': 375, 'w': 108, 'h': 12, 'area': 1296, 'score': 0.5600000023841858}][0m
[self_driving-10] [0m[INFO] [1782994245.310362192] [self_driving]: [DEBUG_DRIVE] state=LINE_FOLLOW raw_lane_x=-1 lane_x=-1 filter=lost linear=0.15 angular=0.00 cw_y=375 cw_n=1 cw_event_idx=4 right_done=False start_turn=True count_turn=30 park_x=-1 park_done=False traffic=None stop=False last_turn_age=3.10[0m
[self_driving-10] [0m[INFO] [1782994245.492410579] [self_driving]: [CMD] n=711 source=lane_lost_safe linear_x=0.05 linear_y=0.00 angular_z=0.00 state=LINE_FOLLOW stop=False raw_lane_x=-1 lane_filter=lost[0m
[self_driving-10] [33m[WARN] [1782994245.493774238] [self_driving]: [LANE_LOST] raw_lane_x=-1 lane_x=-1 filter=lost stop=False state=LINE_FOLLOW safe_linear=0.05 right_ready=False right_done=False[0m
[self_driving-10] [0m[INFO] [1782994245.719618232] [self_driving]: [IMAGE] received count=714 shape=(480, 640, 3) queue=0[0m
[self_driving-10] [0m[INFO] [1782994245.890164361] [self_driving]: [DEBUG_DRIVE] state=LINE_FOLLOW raw_lane_x=-1 lane_x=-1 filter=lost linear=0.15 angular=0.00 cw_y=375 cw_n=1 cw_event_idx=4 right_done=False start_turn=True count_turn=30 park_x=-1 park_done=False traffic=None stop=False last_turn_age=3.68[0m
[self_driving-10] [0m[INFO] [1782994246.042953165] [self_driving]: [CMD] n=718 source=lane_lost_safe linear_x=0.05 linear_y=0.00 angular_z=0.00 state=LINE_FOLLOW stop=False raw_lane_x=-1 lane_filter=lost[0m
[self_driving-10] [33m[WARN] [1782994246.043520132] [self_driving]: [LANE_LOST] raw_lane_x=-1 lane_x=-1 filter=lost stop=False state=LINE_FOLLOW safe_linear=0.05 right_ready=False right_done=False[0m
[self_driving-10] [0m[INFO] [1782994246.468881967] [self_driving]: [DEBUG_DRIVE] state=LINE_FOLLOW raw_lane_x=-1 lane_x=-1 filter=lost linear=0.15 angular=0.00 cw_y=375 cw_n=1 cw_event_idx=4 right_done=False start_turn=True count_turn=30 park_x=-1 park_done=False traffic=None stop=False last_turn_age=4.26[0m
[self_driving-10] [0m[INFO] [1782994246.610752128] [self_driving]: [CMD] n=725 source=lane_lost_safe linear_x=0.05 linear_y=0.00 angular_z=0.00 state=LINE_FOLLOW stop=False raw_lane_x=-1 lane_filter=lost[0m
[self_driving-10] [33m[WARN] [1782994246.611423633] [self_driving]: [LANE_LOST] raw_lane_x=-1 lane_x=-1 filter=lost stop=False state=LINE_FOLLOW safe_linear=0.05 right_ready=False right_done=False[0m
[self_driving-10] [33m[WARN] [1782994246.848183750] [self_driving]: [LANE_TURN_EVENT_START] idx=5 raw_lane_x=256.5 lane_x=256.5 filter=stable th=200 cw_y=375[0m
[self_driving-10] [33m[WARN] [1782994246.848876330] [self_driving]: [TURN_CLUSTER_START] cluster=4 event_idx=5 raw_lane_x=256.5 lane_x=256.5 filter=stable cw_y=375[0m
[self_driving-10] [0m[INFO] [1782994246.849510076] [self_driving]: [TURN_CLUSTER_UPDATE] cluster=4 samples=1 lane_x=256.5 max_lane_x=256.5 cw_y=375 cw_range=(375,375)[0m
[self_driving-10] [0m[INFO] [1782994246.850217618] [self_driving]: [CMD] n=728 source=line_turn linear_x=0.15 linear_y=0.00 angular_z=-0.45 state=LINE_FOLLOW stop=False lane_x=256.5 raw_lane_x=256.5 lane_filter=stable cw_y=375 park_x=-1 right_done=False[0m
[self_driving-10] [0m[INFO] [1782994247.016873495] [self_driving]: [DEBUG_DRIVE] state=LINE_FOLLOW raw_lane_x=232.0 lane_x=232.0 filter=stable linear=0.15 angular=-0.45 cw_y=375 cw_n=1 cw_event_idx=4 right_done=False start_turn=True count_turn=33 park_x=-1 park_done=False traffic=None stop=False last_turn_age=4.81[0m
[self_driving-10] [33m[WARN] [1782994247.095832287] [self_driving]: [LANE_X_JUMP_REJECT] raw=139.5 last=232.0 diff=92.5 candidate=139.5 cnt=1/4[0m
[self_driving-10] [33m[WARN] [1782994247.427445304] [self_driving]: [LANE_TURN_EVENT_END] idx=5 raw_lane_x=-1 lane_x=-1 filter=lost last_turn_done_time=1782994247.43[0m
[self_driving-10] [0m[INFO] [1782994247.428204940] [self_driving]: [CMD] n=735 source=lane_lost_safe linear_x=0.05 linear_y=0.00 angular_z=0.00 state=LINE_FOLLOW stop=False raw_lane_x=-1 lane_filter=lost[0m
[self_driving-10] [33m[WARN] [1782994247.428759222] [self_driving]: [LANE_LOST] raw_lane_x=-1 lane_x=-1 filter=lost stop=False state=LINE_FOLLOW safe_linear=0.05 right_ready=False right_done=False[0m
[self_driving-10] [0m[INFO] [1782994247.574416006] [self_driving]: [DEBUG_DRIVE] state=LINE_FOLLOW raw_lane_x=-1 lane_x=-1 filter=lost linear=0.15 angular=0.00 cw_y=375 cw_n=1 cw_event_idx=4 right_done=False start_turn=True count_turn=37 park_x=-1 park_done=False traffic=None stop=False last_turn_age=0.15[0m
[self_driving-10] [0m[INFO] [1782994247.968816651] [self_driving]: [CROSSWALK_SLOW_DONE] return normal speed[0m
[self_driving-10] [0m[INFO] [1782994247.972243418] [self_driving]: [CMD] n=742 source=lane_lost_safe linear_x=0.05 linear_y=0.00 angular_z=0.00 state=LINE_FOLLOW stop=False raw_lane_x=-1 lane_filter=lost[0m
[self_driving-10] [33m[WARN] [1782994247.972860183] [self_driving]: [LANE_LOST] raw_lane_x=-1 lane_x=-1 filter=lost stop=False state=LINE_FOLLOW safe_linear=0.05 right_ready=False right_done=False[0m
[self_driving-10] [0m[INFO] [1782994248.146077685] [self_driving]: [DEBUG_DRIVE] state=LINE_FOLLOW raw_lane_x=-1 lane_x=-1 filter=lost linear=0.30 angular=0.00 cw_y=375 cw_n=1 cw_event_idx=4 right_done=False start_turn=True count_turn=37 park_x=-1 park_done=False traffic=None stop=False last_turn_age=0.72[0m
[self_driving-10] [0m[INFO] [1782994248.305169261] [self_driving]: [CROSSWALK_SLOW] y=375 th=180 confirm=4 candidates=[{'cx': 550, 'cy': 375, 'w': 108, 'h': 12, 'area': 1296, 'score': 0.5600000023841858}][0m
[self_driving-10] [33m[WARN] [1782994248.542006953] [self_driving]: [TURN_CLUSTER_END] cluster=4 duration=1.69 samples=7 max_lane_x=256.5 cw_range=(375,375) last_event_idx=5[0m
[self_driving-10] [0m[INFO] [1782994248.542851107] [self_driving]: [CMD] n=749 source=lane_lost_safe linear_x=0.05 linear_y=0.00 angular_z=0.00 state=LINE_FOLLOW stop=False raw_lane_x=-1 lane_filter=lost[0m
[self_driving-10] [33m[WARN] [1782994248.543414723] [self_driving]: [LANE_LOST] raw_lane_x=-1 lane_x=-1 filter=lost stop=False state=LINE_FOLLOW safe_linear=0.05 right_ready=False right_done=False[0m
[self_driving-10] [0m[INFO] [1782994248.713847296] [self_driving]: [DEBUG_DRIVE] state=LINE_FOLLOW raw_lane_x=-1 lane_x=-1 filter=lost linear=0.15 angular=0.00 cw_y=375 cw_n=1 cw_event_idx=4 right_done=False start_turn=True count_turn=37 park_x=-1 park_done=False traffic=None stop=False last_turn_age=1.28[0m
[self_driving-10] [33m[WARN] [1782994248.860862832] [self_driving]: [LANE_X_JUMP_REJECT] raw=24.5 last=232.0 diff=207.5 candidate=52.0 cnt=2/4[0m
[self_driving-10] [33m[WARN] [1782994248.861685542] [self_driving]: [LANE_TURN_EVENT_START] idx=6 raw_lane_x=24.5 lane_x=232.0 filter=jump_reject th=200 cw_y=375[0m
[self_driving-10] [33m[WARN] [1782994248.863344407] [self_driving]: [TURN_CLUSTER_START] cluster=5 event_idx=6 raw_lane_x=24.5 lane_x=232.0 filter=jump_reject cw_y=375[0m
[self_driving-10] [0m[INFO] [1782994248.863870170] [self_driving]: [TURN_CLUSTER_UPDATE] cluster=5 samples=1 lane_x=232.0 max_lane_x=232.0 cw_y=375 cw_range=(375,375)[0m
[self_driving-10] [0m[INFO] [1782994248.867858072] [self_driving]: [CMD] n=753 source=line_turn linear_x=0.15 linear_y=0.00 angular_z=-0.45 state=LINE_FOLLOW stop=False lane_x=232.0 raw_lane_x=24.5 lane_filter=jump_reject cw_y=375 park_x=-1 right_done=False[0m
[self_driving-10] [0m[INFO] [1782994249.035765070] [self_driving]: [LANE_X_JUMP_ACCEPT] raw=41.0 last=41.0 cnt=4/4[0m
[self_driving-10] [33m[WARN] [1782994249.037000765] [self_driving]: [LANE_TURN_EVENT_END] idx=6 raw_lane_x=41.0 lane_x=41.0 filter=jump_accept last_turn_done_time=1782994249.04[0m
[self_driving-10] [0m[INFO] [1782994249.040002918] [self_driving]: [CMD] n=755 source=pid_follow linear_x=0.15 linear_y=0.00 angular_z=0.10 state=LINE_FOLLOW stop=False lane_x=41.0 raw_lane_x=41.0 lane_filter=jump_accept cw_y=375 park_x=-1 right_done=False[0m
[self_driving-10] [0m[INFO] [1782994249.262861573] [self_driving]: [DEBUG_DRIVE] state=LINE_FOLLOW raw_lane_x=68.5 lane_x=68.5 filter=stable linear=0.15 angular=0.10 cw_y=375 cw_n=1 cw_event_idx=4 right_done=False start_turn=False count_turn=0 park_x=-1 park_done=False traffic=None stop=False last_turn_age=0.23[0m
[self_driving-10] [0m[INFO] [1782994249.595503376] [self_driving]: [CMD] n=762 source=pid_follow linear_x=0.15 linear_y=0.00 angular_z=0.10 state=LINE_FOLLOW stop=False lane_x=115.5 raw_lane_x=115.5 lane_filter=stable cw_y=375 park_x=-1 right_done=False[0m
[self_driving-10] [0m[INFO] [1782994249.831593784] [self_driving]: [DEBUG_DRIVE] state=LINE_FOLLOW raw_lane_x=136.5 lane_x=136.5 filter=stable linear=0.15 angular=-0.10 cw_y=375 cw_n=1 cw_event_idx=4 right_done=False start_turn=False count_turn=0 park_x=-1 park_done=False traffic=None stop=False last_turn_age=0.80[0m
[self_driving-10] [0m[INFO] [1782994249.949876407] [self_driving]: [OBJECTS] msg_count=84 n=1 names=['crosswalk'][0m
[self_driving-10] [0m[INFO] [1782994249.950396244] [self_driving]: [CROSSWALK_METRIC] n=1 nearest={'cx': 398, 'cy': 216, 'w': 479, 'h': 68, 'area': 32572, 'score': 0.7200000286102295} all=[{'cx': 398, 'cy': 216, 'w': 479, 'h': 68, 'area': 32572, 'score': 0.7200000286102295}] event_idx=4[0m
[self_driving-10] [33m[WARN] [1782994250.155668056] [self_driving]: [TURN_CLUSTER_END] cluster=5 duration=1.29 samples=2 max_lane_x=232.0 cw_range=(375,375) last_event_idx=6[0m
[self_driving-10] [0m[INFO] [1782994250.159701366] [self_driving]: [CMD] n=769 source=pid_follow linear_x=0.15 linear_y=0.00 angular_z=-0.10 state=LINE_FOLLOW stop=False lane_x=149.5 raw_lane_x=149.5 lane_filter=stable cw_y=216 park_x=-1 right_done=False[0m
[self_driving-10] [0m[INFO] [1782994250.277928155] [self_driving]: [TRAFFIC_CANDIDATE] name=green valid=False cx=616 cy=124 w=26 h=23 area=598 score=0.33 min_area=800[0m
[self_driving-10] [0m[INFO] [1782994250.401081779] [self_driving]: [DEBUG_DRIVE] state=LINE_FOLLOW raw_lane_x=167.0 lane_x=167.0 filter=stable linear=0.15 angular=-0.10 cw_y=0 cw_n=0 cw_event_idx=4 right_done=False start_turn=False count_turn=0 park_x=-1 park_done=False traffic=None stop=False last_turn_age=1.36[0m
[self_driving-10] [0m[INFO] [1782994250.595650877] [self_driving]: [OBJECTS] msg_count=89 n=1 names=['crosswalk'][0m
[self_driving-10] [0m[INFO] [1782994250.669160441] [self_driving]: [CMD] n=775 source=pid_follow linear_x=0.15 linear_y=0.00 angular_z=-0.10 state=LINE_FOLLOW stop=False lane_x=187.5 raw_lane_x=187.5 lane_filter=stable cw_y=322 park_x=-1 right_done=False[0m
[self_driving-10] [33m[WARN] [1782994250.874672070] [self_driving]: [LANE_TURN_EVENT_START] idx=7 raw_lane_x=211.0 lane_x=211.0 filter=stable th=200 cw_y=322[0m
[self_driving-10] [33m[WARN] [1782994250.877998411] [self_driving]: [TURN_CLUSTER_START] cluster=6 event_idx=7 raw_lane_x=211.0 lane_x=211.0 filter=stable cw_y=322[0m
[self_driving-10] [0m[INFO] [1782994250.878511341] [self_driving]: [TURN_CLUSTER_UPDATE] cluster=6 samples=1 lane_x=211.0 max_lane_x=211.0 cw_y=322 cw_range=(322,322)[0m
[self_driving-10] [0m[INFO] [1782994250.881476568] [self_driving]: [CMD] n=778 source=line_turn linear_x=0.15 linear_y=0.00 angular_z=-0.45 state=LINE_FOLLOW stop=False lane_x=211.0 raw_lane_x=211.0 lane_filter=stable cw_y=322 park_x=-1 right_done=False[0m
[self_driving-10] [0m[INFO] [1782994250.976788120] [self_driving]: [CROSSWALK_SLOW_DONE] return normal speed[0m
[self_driving-10] [0m[INFO] [1782994250.981816863] [self_driving]: [DEBUG_DRIVE] state=LINE_FOLLOW raw_lane_x=223.0 lane_x=223.0 filter=stable linear=0.15 angular=-0.45 cw_y=364 cw_n=1 cw_event_idx=4 right_done=False start_turn=False count_turn=2 park_x=-1 park_done=False traffic=None stop=False last_turn_age=1.94[0m
[self_driving-10] [0m[INFO] [1782994251.237268258] [self_driving]: [OBJECTS] msg_count=94 n=1 names=['go'][0m
[self_driving-10] [0m[INFO] [1782994251.300664835] [self_driving]: [CROSSWALK_SLOW] y=204 th=180 confirm=4 candidates=[{'cx': 456, 'cy': 204, 'w': 278, 'h': 17, 'area': 4726, 'score': 0.8799999952316284}][0m
[self_driving-10] [0m[INFO] [1782994251.451259973] [self_driving]: [CMD] n=785 source=line_turn linear_x=0.15 linear_y=0.00 angular_z=-0.45 state=LINE_FOLLOW stop=False lane_x=274.0 raw_lane_x=274.0 lane_filter=stable cw_y=204 park_x=-1 right_done=False[0m
[self_driving-10] [0m[INFO] [1782994251.518302486] [self_driving]: [DEBUG_DRIVE] state=LINE_FOLLOW raw_lane_x=279.0 lane_x=279.0 filter=stable linear=0.15 angular=-0.45 cw_y=204 cw_n=1 cw_event_idx=4 right_done=False start_turn=True count_turn=3 park_x=-1 park_done=False traffic=None stop=False last_turn_age=2.48[0m
[self_driving-10] [0m[INFO] [1782994251.558156005] [self_driving]: [CROSSWALK_METRIC] n=1 nearest={'cx': 353, 'cy': 423, 'w': 573, 'h': 111, 'area': 63603, 'score': 0.8999999761581421} all=[{'cx': 353, 'cy': 423, 'w': 573, 'h': 111, 'area': 63603, 'score': 0.8999999761581421}] event_idx=4[0m
[self_driving-10] [0m[INFO] [1782994251.899849269] [self_driving]: [OBJECTS] msg_count=100 n=1 names=['crosswalk'][0m
[self_driving-10] [0m[INFO] [1782994251.933936372] [self_driving]: [TURN_CLUSTER_UPDATE] cluster=6 samples=14 lane_x=304.5 max_lane_x=304.5 cw_y=448 cw_range=(204,448)[0m
[self_driving-10] [0m[INFO] [1782994252.021683697] [self_driving]: [CMD] n=792 source=line_turn linear_x=0.15 linear_y=0.00 angular_z=-0.45 state=LINE_FOLLOW stop=False lane_x=308.5 raw_lane_x=308.5 lane_filter=stable cw_y=448 park_x=-1 right_done=False[0m
[self_driving-10] [0m[INFO] [1782994252.022309480] [self_driving]: [DEBUG_DRIVE] state=LINE_FOLLOW raw_lane_x=308.5 lane_x=308.5 filter=stable linear=0.15 angular=-0.45 cw_y=448 cw_n=1 cw_event_idx=4 right_done=False start_turn=True count_turn=9 park_x=-1 park_done=False traffic=None stop=False last_turn_age=2.99[0m
[self_driving-10] [0m[INFO] [1782994252.537668787] [self_driving]: [OBJECTS] msg_count=105 n=1 names=['crosswalk'][0m
[self_driving-10] [0m[INFO] [1782994252.590628929] [self_driving]: [CMD] n=799 source=line_turn linear_x=0.15 linear_y=0.00 angular_z=-0.45 state=LINE_FOLLOW stop=False lane_x=297.5 raw_lane_x=297.5 lane_filter=stable cw_y=0 park_x=-1 right_done=False[0m
[self_driving-10] [0m[INFO] [1782994252.596119269] [self_driving]: [DEBUG_DRIVE] state=LINE_FOLLOW raw_lane_x=297.5 lane_x=297.5 filter=stable linear=0.15 angular=-0.45 cw_y=0 cw_n=0 cw_event_idx=4 right_done=False start_turn=True count_turn=16 park_x=-1 park_done=False traffic=None stop=False last_turn_age=3.55[0m
[self_driving-10] [33m[WARN] [1782994252.985809450] [self_driving]: [LANE_TURN_EVENT_END] idx=7 raw_lane_x=191.5 lane_x=191.5 filter=stable last_turn_done_time=1782994252.99[0m
[self_driving-10] [0m[INFO] [1782994252.987945374] [self_driving]: [CMD] n=804 source=pid_follow linear_x=0.15 linear_y=0.00 angular_z=0.00 state=LINE_FOLLOW stop=False lane_x=191.5 raw_lane_x=191.5 lane_filter=stable cw_y=236 park_x=-1 right_done=False[0m
[self_driving-10] [33m[WARN] [1782994253.058523156] [self_driving]: [LANE_X_JUMP_REJECT] raw=97.0 last=191.5 diff=94.5 candidate=97.0 cnt=1/4[0m
[self_driving-10] [0m[INFO] [1782994253.148932205] [self_driving]: [DEBUG_DRIVE] state=LINE_FOLLOW raw_lane_x=31.5 lane_x=191.5 filter=jump_reject linear=0.15 angular=0.00 cw_y=236 cw_n=1 cw_event_idx=4 right_done=False start_turn=True count_turn=0 park_x=-1 park_done=False traffic=None stop=False last_turn_age=0.16[0m
[self_driving-10] [0m[INFO] [1782994253.191656692] [self_driving]: [OBJECTS] msg_count=109 n=1 names=['go'][0m
[self_driving-10] [0m[INFO] [1782994253.202888207] [self_driving]: [CROSSWALK_METRIC] n=1 nearest={'cx': 561, 'cy': 248, 'w': 157, 'h': 33, 'area': 5181, 'score': 0.8700000047683716} all=[{'cx': 561, 'cy': 248, 'w': 157, 'h': 33, 'area': 5181, 'score': 0.8700000047683716}] event_idx=4[0m
[self_driving-10] [0m[INFO] [1782994253.548220259] [self_driving]: [CMD] n=811 source=pid_follow linear_x=0.15 linear_y=0.00 angular_z=-0.10 state=LINE_FOLLOW stop=False lane_x=191.5 raw_lane_x=97.5 lane_filter=jump_reject cw_y=262 park_x=-1 right_done=False[0m
[self_driving-10] [0m[INFO] [1782994253.627486535] [self_driving]: [LANE_X_JUMP_ACCEPT] raw=105.5 last=105.5 cnt=4/4[0m
[self_driving-10] [0m[INFO] [1782994253.704660295] [self_driving]: [DEBUG_DRIVE] state=LINE_FOLLOW raw_lane_x=103.5 lane_x=103.5 filter=stable linear=0.15 angular=0.10 cw_y=262 cw_n=1 cw_event_idx=4 right_done=False start_turn=False count_turn=0 park_x=-1 park_done=False traffic=None stop=False last_turn_age=0.72[0m
[self_driving-10] [0m[INFO] [1782994253.781486496] [self_driving]: [IMAGE] received count=814 shape=(480, 640, 3) queue=0[0m
[self_driving-10] [0m[INFO] [1782994254.024281550] [self_driving]: [CROSSWALK_SLOW_DONE] return normal speed[0m
[self_driving-10] [33m[WARN] [1782994254.111953004] [self_driving]: [TURN_CLUSTER_END] cluster=6 duration=3.24 samples=26 max_lane_x=310.5 cw_range=(204,448) last_event_idx=7[0m
[self_driving-10] [0m[INFO] [1782994254.115656497] [self_driving]: [CMD] n=818 source=pid_follow linear_x=0.30 linear_y=0.00 angular_z=0.10 state=LINE_FOLLOW stop=False lane_x=122.0 raw_lane_x=122.0 lane_filter=stable cw_y=262 park_x=-1 right_done=False[0m
[self_driving-10] [0m[INFO] [1782994254.191096113] [self_driving]: [OBJECTS] msg_count=113 n=1 names=['crosswalk'][0m
[self_driving-10] [0m[INFO] [1782994254.284365889] [self_driving]: [DEBUG_DRIVE] state=LINE_FOLLOW raw_lane_x=137.0 lane_x=137.0 filter=stable linear=0.30 angular=-0.10 cw_y=0 cw_n=0 cw_event_idx=4 right_done=False start_turn=False count_turn=0 park_x=-1 park_done=False traffic=None stop=False last_turn_age=1.30[0m
[self_driving-10] [0m[INFO] [1782994254.683248995] [self_driving]: [CMD] n=825 source=pid_follow linear_x=0.30 linear_y=0.00 angular_z=-0.10 state=LINE_FOLLOW stop=False lane_x=179.5 raw_lane_x=179.5 lane_filter=stable cw_y=0 park_x=-1 right_done=False[0m
[self_driving-10] [0m[INFO] [1782994254.832738606] [self_driving]: [OBJECTS] msg_count=117 n=1 names=['go'][0m
[self_driving-10] [0m[INFO] [1782994254.837348050] [self_driving]: [CROSSWALK_METRIC] n=1 nearest={'cx': 343, 'cy': 354, 'w': 594, 'h': 105, 'area': 62370, 'score': 0.8999999761581421} all=[{'cx': 343, 'cy': 354, 'w': 594, 'h': 105, 'area': 62370, 'score': 0.8999999761581421}] event_idx=4[0m
[self_driving-10] [0m[INFO] [1782994254.840501167] [self_driving]: [DEBUG_DRIVE] state=LINE_FOLLOW raw_lane_x=192.0 lane_x=192.0 filter=stable linear=0.30 angular=-0.10 cw_y=0 cw_n=1 cw_event_idx=4 right_done=False start_turn=False count_turn=0 park_x=-1 park_done=False traffic=None stop=False last_turn_age=1.85[0m
[self_driving-10] [33m[WARN] [1782994255.000455324] [self_driving]: [LANE_TURN_EVENT_START] idx=8 raw_lane_x=209.5 lane_x=209.5 filter=stable th=200 cw_y=354[0m
[self_driving-10] [33m[WARN] [1782994255.001352887] [self_driving]: [TURN_CLUSTER_START] cluster=7 event_idx=8 raw_lane_x=209.5 lane_x=209.5 filter=stable cw_y=354[0m
[self_driving-10] [0m[INFO] [1782994255.002076337] [self_driving]: [TURN_CLUSTER_UPDATE] cluster=7 samples=1 lane_x=209.5 max_lane_x=209.5 cw_y=354 cw_range=(354,354)[0m
[self_driving-10] [0m[INFO] [1782994255.003154345] [self_driving]: [CMD] n=829 source=line_turn linear_x=0.30 linear_y=0.00 angular_z=-0.45 state=LINE_FOLLOW stop=False lane_x=209.5 raw_lane_x=209.5 lane_filter=stable cw_y=354 park_x=-1 right_done=False[0m
[self_driving-10] [0m[INFO] [1782994255.159992792] [self_driving]: [CROSSWALK_SLOW] y=354 th=180 confirm=4 candidates=[{'cx': 343, 'cy': 354, 'w': 594, 'h': 105, 'area': 62370, 'score': 0.8999999761581421}][0m
[self_driving-10] [0m[INFO] [1782994255.411424748] [self_driving]: [DEBUG_DRIVE] state=LINE_FOLLOW raw_lane_x=254.0 lane_x=254.0 filter=stable linear=0.15 angular=-0.45 cw_y=0 cw_n=0 cw_event_idx=4 right_done=False start_turn=True count_turn=0 park_x=-1 park_done=False traffic=None stop=False last_turn_age=2.43[0m
[self_driving-10] [0m[INFO] [1782994255.551187318] [self_driving]: [CMD] n=836 source=line_turn linear_x=0.15 linear_y=0.00 angular_z=-0.45 state=LINE_FOLLOW stop=False lane_x=274.5 raw_lane_x=274.5 lane_filter=stable cw_y=0 park_x=-1 right_done=False[0m
[self_driving-10] [0m[INFO] [1782994255.613272477] [self_driving]: [OBJECTS] msg_count=121 n=1 names=['crosswalk'][0m
[self_driving-10] [0m[INFO] [1782994255.973115551] [self_driving]: [DEBUG_DRIVE] state=LINE_FOLLOW raw_lane_x=294.5 lane_x=294.5 filter=stable linear=0.15 angular=-0.45 cw_y=0 cw_n=0 cw_event_idx=4 right_done=False start_turn=True count_turn=7 park_x=-1 park_done=False traffic=None stop=False last_turn_age=2.99[0m
[self_driving-10] [0m[INFO] [1782994256.033523771] [self_driving]: [TURN_CLUSTER_UPDATE] cluster=7 samples=14 lane_x=301.5 max_lane_x=301.5 cw_y=0 cw_range=(354,354)[0m
[self_driving-10] [0m[INFO] [1782994256.126844677] [self_driving]: [CMD] n=843 source=line_turn linear_x=0.15 linear_y=0.00 angular_z=-0.45 state=LINE_FOLLOW stop=False lane_x=306.0 raw_lane_x=306.0 lane_filter=stable cw_y=0 park_x=-1 right_done=False[0m
[self_driving-10] [0m[INFO] [1782994256.305889022] [self_driving]: [OBJECTS] msg_count=125 n=1 names=['crosswalk'][0m
[self_driving-10] [0m[INFO] [1782994256.529307385] [self_driving]: [DEBUG_DRIVE] state=LINE_FOLLOW raw_lane_x=307.5 lane_x=307.5 filter=stable linear=0.15 angular=-0.45 cw_y=263 cw_n=1 cw_event_idx=4 right_done=False start_turn=True count_turn=14 park_x=-1 park_done=False traffic=None stop=False last_turn_age=3.54[0m
[self_driving-10] [0m[INFO] [1782994256.712596523] [self_driving]: [CMD] n=850 source=line_turn linear_x=0.15 linear_y=0.00 angular_z=-0.45 state=LINE_FOLLOW stop=False lane_x=292.5 raw_lane_x=292.5 lane_filter=stable cw_y=263 park_x=-1 right_done=False[0m
[self_driving-10] [0m[INFO] [1782994257.089426528] [self_driving]: [TURN_CLUSTER_UPDATE] cluster=7 samples=27 lane_x=310.5 max_lane_x=313.0 cw_y=263 cw_range=(263,354)[0m
[self_driving-10] [0m[INFO] [1782994257.090324591] [self_driving]: [DEBUG_DRIVE] state=LINE_FOLLOW raw_lane_x=-1 lane_x=310.5 filter=hold_last linear=0.15 angular=-0.45 cw_y=263 cw_n=1 cw_event_idx=4 right_done=False start_turn=True count_turn=21 park_x=-1 park_done=False traffic=None stop=False last_turn_age=4.10[0m
[self_driving-10] [33m[WARN] [1782994257.264220136] [self_driving]: [LANE_TURN_EVENT_END] idx=8 raw_lane_x=-1 lane_x=-1 filter=lost last_turn_done_time=1782994257.26[0m
[self_driving-10] [0m[INFO] [1782994257.268385410] [self_driving]: [CMD] n=857 source=lane_lost_safe linear_x=0.05 linear_y=0.00 angular_z=0.00 state=LINE_FOLLOW stop=False raw_lane_x=-1 lane_filter=lost[0m
[self_driving-10] [33m[WARN] [1782994257.272424201] [self_driving]: [LANE_LOST] raw_lane_x=-1 lane_x=-1 filter=lost stop=False state=LINE_FOLLOW safe_linear=0.05 right_ready=False right_done=False[0m
[self_driving-10] [0m[INFO] [1782994257.665655854] [self_driving]: [DEBUG_DRIVE] state=LINE_FOLLOW raw_lane_x=-1 lane_x=-1 filter=lost linear=0.15 angular=0.00 cw_y=263 cw_n=1 cw_event_idx=4 right_done=False start_turn=True count_turn=22 park_x=-1 park_done=False traffic=None stop=False last_turn_age=0.40[0m
[self_driving-10] [0m[INFO] [1782994257.809326160] [self_driving]: [CMD] n=864 source=lane_lost_safe linear_x=0.05 linear_y=0.00 angular_z=0.00 state=LINE_FOLLOW stop=False raw_lane_x=-1 lane_filter=lost[0m
[self_driving-10] [33m[WARN] [1782994257.810334871] [self_driving]: [LANE_LOST] raw_lane_x=-1 lane_x=-1 filter=lost stop=False state=LINE_FOLLOW safe_linear=0.05 right_ready=False right_done=False[0m
[self_driving-10] [0m[INFO] [1782994257.907008730] [self_driving]: [CROSSWALK_SLOW_DONE] return normal speed[0m
[self_driving-10] [0m[INFO] [1782994258.220961700] [self_driving]: [CROSSWALK_SLOW] y=263 th=180 confirm=4 candidates=[{'cx': 591, 'cy': 263, 'w': 98, 'h': 61, 'area': 5978, 'score': 0.28999999165534973}][0m
[self_driving-10] [0m[INFO] [1782994258.223548776] [self_driving]: [DEBUG_DRIVE] state=LINE_FOLLOW raw_lane_x=-1 lane_x=-1 filter=lost linear=0.15 angular=0.00 cw_y=263 cw_n=1 cw_event_idx=4 right_done=False start_turn=True count_turn=22 park_x=-1 park_done=False traffic=None stop=False last_turn_age=0.96[0m
[self_driving-10] [33m[WARN] [1782994258.371355707] [self_driving]: [TURN_CLUSTER_END] cluster=7 duration=3.37 samples=28 max_lane_x=313.0 cw_range=(263,354) last_event_idx=8[0m
[self_driving-10] [0m[INFO] [1782994258.372054712] [self_driving]: [CMD] n=871 source=lane_lost_safe linear_x=0.05 linear_y=0.00 angular_z=0.00 state=LINE_FOLLOW stop=False raw_lane_x=-1 lane_filter=lost[0m
[self_driving-10] [33m[WARN] [1782994258.372575661] [self_driving]: [LANE_LOST] raw_lane_x=-1 lane_x=-1 filter=lost stop=False state=LINE_FOLLOW safe_linear=0.05 right_ready=False right_done=False[0m
[self_driving-10] [33m[WARN] [1782994258.775086999] [self_driving]: [LANE_X_JUMP_REJECT] raw=27.5 last=310.5 diff=283.0 candidate=27.5 cnt=1/4[0m
[self_driving-10] [33m[WARN] [1782994258.778023893] [self_driving]: [LANE_TURN_EVENT_START] idx=9 raw_lane_x=27.5 lane_x=310.5 filter=jump_reject th=200 cw_y=263[0m
[self_driving-10] [33m[WARN] [1782994258.780168632] [self_driving]: [TURN_CLUSTER_START] cluster=8 event_idx=9 raw_lane_x=27.5 lane_x=310.5 filter=jump_reject cw_y=263[0m
[self_driving-10] [0m[INFO] [1782994258.780904175] [self_driving]: [TURN_CLUSTER_UPDATE] cluster=8 samples=1 lane_x=310.5 max_lane_x=310.5 cw_y=263 cw_range=(263,263)[0m
[self_driving-10] [0m[INFO] [1782994258.784591500] [self_driving]: [CMD] n=876 source=line_turn linear_x=0.15 linear_y=0.00 angular_z=-0.45 state=LINE_FOLLOW stop=False lane_x=310.5 raw_lane_x=27.5 lane_filter=jump_reject cw_y=263 park_x=-1 right_done=False[0m
[self_driving-10] [0m[INFO] [1782994258.785129579] [self_driving]: [DEBUG_DRIVE] state=LINE_FOLLOW raw_lane_x=27.5 lane_x=310.5 filter=jump_reject linear=0.15 angular=-0.45 cw_y=263 cw_n=1 cw_event_idx=4 right_done=False start_turn=True count_turn=23 park_x=-1 park_done=False traffic=None stop=False last_turn_age=1.52[0m
[self_driving-10] [33m[WARN] [1782994258.954638681] [self_driving]: [LANE_TURN_EVENT_END] idx=9 raw_lane_x=-1 lane_x=-1 filter=lost last_turn_done_time=1782994258.95[0m
[self_driving-10] [0m[INFO] [1782994258.955399854] [self_driving]: [CMD] n=878 source=lane_lost_safe linear_x=0.05 linear_y=0.00 angular_z=0.00 state=LINE_FOLLOW stop=False raw_lane_x=-1 lane_filter=lost[0m
[self_driving-10] [33m[WARN] [1782994258.958021893] [self_driving]: [LANE_LOST] raw_lane_x=-1 lane_x=-1 filter=lost stop=False state=LINE_FOLLOW safe_linear=0.05 right_ready=False right_done=False[0m
[self_driving-10] [0m[INFO] [1782994259.316113231] [self_driving]: [DEBUG_DRIVE] state=LINE_FOLLOW raw_lane_x=-1 lane_x=-1 filter=lost linear=0.15 angular=0.00 cw_y=263 cw_n=1 cw_event_idx=4 right_done=False start_turn=True count_turn=24 park_x=-1 park_done=False traffic=None stop=False last_turn_age=0.36[0m
[self_driving-10] [0m[INFO] [1782994259.456120952] [self_driving]: [CMD] n=885 source=lane_lost_safe linear_x=0.05 linear_y=0.00 angular_z=0.00 state=LINE_FOLLOW stop=False raw_lane_x=-1 lane_filter=lost[0m
[self_driving-10] [33m[WARN] [1782994259.456805846] [self_driving]: [LANE_LOST] raw_lane_x=-1 lane_x=-1 filter=lost stop=False state=LINE_FOLLOW safe_linear=0.05 right_ready=False right_done=False[0m
[self_driving-10] [0m[INFO] [1782994259.591834176] [self_driving]: [CMD] n=887 source=line_turn linear_x=0.15 linear_y=0.00 angular_z=-0.45 state=LINE_FOLLOW stop=False lane_x=314.0 raw_lane_x=314.0 lane_filter=stable cw_y=263 park_x=-1 right_done=False[0m
[self_driving-10] [33m[WARN] [1782994259.792932529] [self_driving]: [LANE_TURN_EVENT_START] idx=10 raw_lane_x=-1 lane_x=222.5 filter=hold_last th=200 cw_y=263[0m
[self_driving-10] [0m[INFO] [1782994259.793500182] [self_driving]: [TURN_CLUSTER_UPDATE] cluster=8 samples=6 lane_x=222.5 max_lane_x=314.0 cw_y=263 cw_range=(263,263)[0m
[self_driving-10] [0m[INFO] [1782994259.876426450] [self_driving]: [DEBUG_DRIVE] state=LINE_FOLLOW raw_lane_x=-1 lane_x=222.5 filter=hold_last linear=0.15 angular=-0.45 cw_y=263 cw_n=1 cw_event_idx=4 right_done=False start_turn=True count_turn=29 park_x=-1 park_done=False traffic=None stop=False last_turn_age=0.92[0m
[self_driving-10] [33m[WARN] [1782994260.135428151] [self_driving]: [LANE_TURN_EVENT_END] idx=10 raw_lane_x=-1 lane_x=-1 filter=lost last_turn_done_time=1782994260.13[0m
[self_driving-10] [0m[INFO] [1782994260.137951837] [self_driving]: [CMD] n=895 source=lane_lost_safe linear_x=0.05 linear_y=0.00 angular_z=0.00 state=LINE_FOLLOW stop=False raw_lane_x=-1 lane_filter=lost[0m
[self_driving-10] [33m[WARN] [1782994260.139005068] [self_driving]: [LANE_LOST] raw_lane_x=-1 lane_x=-1 filter=lost stop=False state=LINE_FOLLOW safe_linear=0.05 right_ready=False right_done=False[0m
[self_driving-10] [0m[INFO] [1782994260.390770600] [self_driving]: [DEBUG_DRIVE] state=LINE_FOLLOW raw_lane_x=-1 lane_x=-1 filter=lost linear=0.15 angular=0.00 cw_y=263 cw_n=1 cw_event_idx=4 right_done=False start_turn=True count_turn=32 park_x=-1 park_done=False traffic=None stop=False last_turn_age=0.26[0m
[self_driving-10] [0m[INFO] [1782994260.661862064] [self_driving]: [CMD] n=903 source=lane_lost_safe linear_x=0.05 linear_y=0.00 angular_z=0.00 state=LINE_FOLLOW stop=False raw_lane_x=-1 lane_filter=lost[0m
[self_driving-10] [33m[WARN] [1782994260.663750875] [self_driving]: [LANE_LOST] raw_lane_x=-1 lane_x=-1 filter=lost stop=False state=LINE_FOLLOW safe_linear=0.05 right_ready=False right_done=False[0m
[self_driving-10] [33m[WARN] [1782994260.739820404] [self_driving]: [LANE_X_JUMP_REJECT] raw=306.5 last=222.5 diff=84.0 candidate=306.5 cnt=1/4[0m
[self_driving-10] [0m[INFO] [1782994260.743286061] [self_driving]: [CMD] n=904 source=line_turn linear_x=0.15 linear_y=0.00 angular_z=-0.45 state=LINE_FOLLOW stop=False lane_x=222.5 raw_lane_x=306.5 lane_filter=jump_reject cw_y=263 park_x=-1 right_done=False[0m
[self_driving-10] [33m[WARN] [1782994260.805543406] [self_driving]: [LANE_TURN_EVENT_START] idx=11 raw_lane_x=221.0 lane_x=221.0 filter=stable th=200 cw_y=263[0m
[self_driving-10] [0m[INFO] [1782994260.806645322] [self_driving]: [TURN_CLUSTER_UPDATE] cluster=8 samples=12 lane_x=221.0 max_lane_x=314.0 cw_y=263 cw_range=(263,263)[0m
[self_driving-10] [0m[INFO] [1782994260.925660803] [self_driving]: [CROSSWALK_SLOW_DONE] return normal speed[0m
[self_driving-10] [0m[INFO] [1782994260.926438901] [self_driving]: [DEBUG_DRIVE] state=LINE_FOLLOW raw_lane_x=272.0 lane_x=272.0 filter=stable linear=0.15 angular=-0.45 cw_y=263 cw_n=1 cw_event_idx=4 right_done=False start_turn=True count_turn=36 park_x=-1 park_done=False traffic=None stop=False last_turn_age=0.79[0m
[self_driving-10] [0m[INFO] [1782994261.193898947] [self_driving]: [CROSSWALK_SLOW] y=263 th=180 confirm=4 candidates=[{'cx': 591, 'cy': 263, 'w': 98, 'h': 61, 'area': 5978, 'score': 0.28999999165534973}][0m
[self_driving-10] [33m[WARN] [1782994261.275731818] [self_driving]: [LANE_X_JUMP_REJECT] raw=147.5 last=257.5 diff=110.0 candidate=171.5 cnt=3/4[0m
[self_driving-10] [0m[INFO] [1782994261.276503120] [self_driving]: [CMD] n=912 source=line_turn linear_x=0.15 linear_y=0.00 angular_z=-0.45 state=LINE_FOLLOW stop=False lane_x=257.5 raw_lane_x=147.5 lane_filter=jump_reject cw_y=263 park_x=-1 right_done=False[0m
[self_driving-10] [0m[INFO] [1782994261.340619962] [self_driving]: [LANE_X_JUMP_ACCEPT] raw=154.5 last=154.5 cnt=4/4[0m
[self_driving-10] [33m[WARN] [1782994261.341223504] [self_driving]: [LANE_TURN_EVENT_END] idx=11 raw_lane_x=154.5 lane_x=154.5 filter=jump_accept last_turn_done_time=1782994261.34[0m
[self_driving-10] [0m[INFO] [1782994261.345782058] [self_driving]: [CMD] n=913 source=pid_follow linear_x=0.15 linear_y=0.00 angular_z=-0.10 state=LINE_FOLLOW stop=False lane_x=154.5 raw_lane_x=154.5 lane_filter=jump_accept cw_y=263 park_x=-1 right_done=False[0m
[self_driving-10] [0m[INFO] [1782994261.468640013] [self_driving]: [DEBUG_DRIVE] state=LINE_FOLLOW raw_lane_x=92.5 lane_x=92.5 filter=stable linear=0.15 angular=0.10 cw_y=263 cw_n=1 cw_event_idx=4 right_done=False start_turn=False count_turn=0 park_x=-1 park_done=False traffic=None stop=False last_turn_age=0.13[0m
[self_driving-10] [0m[INFO] [1782994261.806825712] [self_driving]: [IMAGE] received count=920 shape=(480, 640, 3) queue=0[0m
[self_driving-10] [33m[WARN] [1782994261.823626901] [self_driving]: [LANE_X_JUMP_REJECT] raw=243.5 last=41.0 diff=202.5 candidate=243.5 cnt=1/4[0m
[self_driving-10] [0m[INFO] [1782994261.865947533] [self_driving]: [CMD] n=921 source=pid_follow linear_x=0.15 linear_y=0.00 angular_z=0.10 state=LINE_FOLLOW stop=False lane_x=41.0 raw_lane_x=311.0 lane_filter=jump_reject cw_y=263 park_x=-1 right_done=False[0m
[self_driving-10] [0m[INFO] [1782994261.998661270] [self_driving]: [DEBUG_DRIVE] state=LINE_FOLLOW raw_lane_x=297.5 lane_x=41.0 filter=jump_reject linear=0.15 angular=0.10 cw_y=263 cw_n=1 cw_event_idx=4 right_done=False start_turn=False count_turn=0 park_x=-1 park_done=False traffic=None stop=False last_turn_age=0.66[0m
[self_driving-10] [0m[INFO] [1782994262.077021317] [self_driving]: [LANE_X_JUMP_ACCEPT] raw=304.0 last=304.0 cnt=4/4[0m
[self_driving-10] [33m[WARN] [1782994262.083188254] [self_driving]: [LANE_TURN_EVENT_START] idx=12 raw_lane_x=304.0 lane_x=304.0 filter=jump_accept th=200 cw_y=263[0m
[self_driving-10] [0m[INFO] [1782994262.084927824] [self_driving]: [TURN_CLUSTER_UPDATE] cluster=8 samples=20 lane_x=304.0 max_lane_x=314.0 cw_y=263 cw_range=(263,263)[0m
[self_driving-10] [0m[INFO] [1782994262.089553138] [self_driving]: [CMD] n=924 source=line_turn linear_x=0.15 linear_y=0.00 angular_z=-0.45 state=LINE_FOLLOW stop=False lane_x=304.0 raw_lane_x=304.0 lane_filter=jump_accept cw_y=263 park_x=-1 right_done=False[0m
[self_driving-10] [33m[WARN] [1782994262.343708171] [self_driving]: [LANE_TURN_EVENT_END] idx=12 raw_lane_x=197.5 lane_x=197.5 filter=stable last_turn_done_time=1782994262.34[0m
[self_driving-10] [0m[INFO] [1782994262.345824447] [self_driving]: [CMD] n=928 source=pid_follow linear_x=0.15 linear_y=0.00 angular_z=-0.10 state=LINE_FOLLOW stop=False lane_x=197.5 raw_lane_x=197.5 lane_filter=stable cw_y=263 park_x=-1 right_done=False[0m
[self_driving-10] [0m[INFO] [1782994262.431524941] [self_driving]: [OBJECTS] msg_count=126 n=1 names=['crosswalk'][0m
[self_driving-10] [0m[INFO] [1782994262.433079416] [self_driving]: [CROSSWALK_METRIC] n=1 nearest={'cx': 584, 'cy': 88, 'w': 112, 'h': 49, 'area': 5488, 'score': 0.27000001072883606} all=[{'cx': 584, 'cy': 88, 'w': 112, 'h': 49, 'area': 5488, 'score': 0.27000001072883606}] event_idx=4[0m
[self_driving-10] [0m[INFO] [1782994262.544501281] [self_driving]: [CROSSWALK_IGNORE] y=88 < th=180 candidates=[{'cx': 584, 'cy': 88, 'w': 112, 'h': 49, 'area': 5488, 'score': 0.27000001072883606}][0m
[self_driving-10] [0m[INFO] [1782994262.546862985] [self_driving]: [DEBUG_DRIVE] state=LINE_FOLLOW raw_lane_x=95.5 lane_x=95.5 filter=stable linear=0.15 angular=0.10 cw_y=88 cw_n=1 cw_event_idx=4 right_done=False start_turn=False count_turn=0 park_x=-1 park_done=False traffic=None stop=False last_turn_age=0.20[0m
[self_driving-10] [0m[INFO] [1782994262.899638355] [self_driving]: [CMD] n=936 source=pid_follow linear_x=0.15 linear_y=0.00 angular_z=0.10 state=LINE_FOLLOW stop=False lane_x=43.0 raw_lane_x=43.0 lane_filter=stable cw_y=356 park_x=-1 right_done=False[0m
[self_driving-10] [0m[INFO] [1782994263.089827473] [self_driving]: [DEBUG_DRIVE] state=LINE_FOLLOW raw_lane_x=49.5 lane_x=49.5 filter=stable linear=0.15 angular=0.10 cw_y=356 cw_n=1 cw_event_idx=4 right_done=False start_turn=False count_turn=0 park_x=-1 park_done=False traffic=None stop=False last_turn_age=0.75[0m
[self_driving-10] [0m[INFO] [1782994263.100560169] [self_driving]: [OBJECTS] msg_count=128 n=1 names=['crosswalk'][0m
[self_driving-10] [0m[INFO] [1782994263.419735977] [self_driving]: [CMD] n=944 source=pid_follow linear_x=0.15 linear_y=0.00 angular_z=0.10 state=LINE_FOLLOW stop=False lane_x=73.5 raw_lane_x=73.5 lane_filter=stable cw_y=18 park_x=-1 right_done=False[0m
[self_driving-10] [33m[WARN] [1782994263.440499308] [self_driving]: [CROSSWALK_EVENT] idx=5 policy=future_pass_candidate nearest={'cx': 366, 'cy': 250, 'w': 211, 'h': 20, 'area': 4220, 'score': 0.800000011920929} y_th=120[0m
[self_driving-10] [33m[WARN] [1782994263.501660756] [self_driving]: [TURN_CLUSTER_END] cluster=8 duration=4.72 samples=23 max_lane_x=314.0 cw_range=(263,263) last_event_idx=12[0m
[self_driving-10] [0m[INFO] [1782994263.623240275] [self_driving]: [DEBUG_DRIVE] state=LINE_FOLLOW raw_lane_x=100.5 lane_x=100.5 filter=stable linear=0.15 angular=0.10 cw_y=219 cw_n=1 cw_event_idx=5 right_done=False start_turn=False count_turn=0 park_x=-1 park_done=False traffic=None stop=False last_turn_age=1.28[0m
[self_driving-10] [0m[INFO] [1782994263.785931786] [self_driving]: [OBJECTS] msg_count=133 n=1 names=['crosswalk'][0m
[self_driving-10] [0m[INFO] [1782994263.789502092] [self_driving]: [TRAFFIC_CANDIDATE] name=green valid=True cx=619 cy=105 w=31 h=31 area=961 score=0.79 min_area=800[0m
[self_driving-10] [0m[INFO] [1782994263.895314820] [self_driving]: [CROSSWALK_SLOW_DONE] return normal speed[0m
[self_driving-10] [0m[INFO] [1782994263.947610901] [self_driving]: [CMD] n=952 source=pid_follow linear_x=0.30 linear_y=0.00 angular_z=-0.10 state=LINE_FOLLOW stop=False lane_x=127.5 raw_lane_x=127.5 lane_filter=stable cw_y=157 park_x=-1 right_done=False[0m
[self_driving-10] [0m[INFO] [1782994264.125508293] [self_driving]: [CROSSWALK_METRIC] n=1 nearest={'cx': 382, 'cy': 189, 'w': 249, 'h': 13, 'area': 3237, 'score': 0.8600000143051147} all=[{'cx': 382, 'cy': 189, 'w': 249, 'h': 13, 'area': 3237, 'score': 0.8600000143051147}] event_idx=5[0m
[self_driving-10] [0m[INFO] [1782994264.172394572] [self_driving]: [CROSSWALK_IGNORE] y=160 < th=180 candidates=[{'cx': 371, 'cy': 160, 'w': 149, 'h': 6, 'area': 894, 'score': 0.699999988079071}][0m
[self_driving-10] [0m[INFO] [1782994264.173878417] [self_driving]: [DEBUG_DRIVE] state=LINE_FOLLOW raw_lane_x=141.0 lane_x=141.0 filter=stable linear=0.30 angular=-0.10 cw_y=160 cw_n=1 cw_event_idx=5 right_done=False start_turn=False count_turn=0 park_x=-1 park_done=False traffic=None stop=False last_turn_age=1.83[0m
[self_driving-10] [0m[INFO] [1782994264.487826757] [self_driving]: [CMD] n=960 source=pid_follow linear_x=0.30 linear_y=0.00 angular_z=-0.10 state=LINE_FOLLOW stop=False lane_x=172.5 raw_lane_x=172.5 lane_filter=stable cw_y=160 park_x=-1 right_done=False[0m
[self_driving-10] [0m[INFO] [1782994264.492323496] [self_driving]: [OBJECTS] msg_count=138 n=1 names=['crosswalk'][0m
[self_driving-10] [0m[INFO] [1782994264.684880707] [self_driving]: [CROSSWALK_IGNORE] y=164 < th=180 candidates=[{'cx': 393, 'cy': 164, 'w': 163, 'h': 6, 'area': 978, 'score': 0.7300000190734863}][0m
[self_driving-10] [0m[INFO] [1782994264.685574805] [self_driving]: [DEBUG_DRIVE] state=LINE_FOLLOW raw_lane_x=194.5 lane_x=194.5 filter=stable linear=0.30 angular=-0.10 cw_y=164 cw_n=1 cw_event_idx=5 right_done=False start_turn=False count_turn=0 park_x=-1 park_done=False traffic=None stop=False last_turn_age=2.34[0m
[self_driving-10] [33m[WARN] [1782994264.765841034] [self_driving]: [LANE_TURN_EVENT_START] idx=13 raw_lane_x=202.0 lane_x=202.0 filter=stable th=200 cw_y=164[0m
[self_driving-10] [33m[WARN] [1782994264.766469317] [self_driving]: [TURN_CLUSTER_START] cluster=9 event_idx=13 raw_lane_x=202.0 lane_x=202.0 filter=stable cw_y=164[0m
[self_driving-10] [0m[INFO] [1782994264.766913209] [self_driving]: [TURN_CLUSTER_UPDATE] cluster=9 samples=1 lane_x=202.0 max_lane_x=202.0 cw_y=164 cw_range=(164,164)[0m
[self_driving-10] [0m[INFO] [1782994264.767781475] [self_driving]: [CMD] n=964 source=line_turn linear_x=0.30 linear_y=0.00 angular_z=-0.45 state=LINE_FOLLOW stop=False lane_x=202.0 raw_lane_x=202.0 lane_filter=stable cw_y=164 park_x=-1 right_done=False[0m
[self_driving-10] [0m[INFO] [1782994265.175553022] [self_driving]: [OBJECTS] msg_count=142 n=1 names=['crosswalk'][0m
[self_driving-10] [0m[INFO] [1782994265.246080229] [self_driving]: [CROSSWALK_IGNORE] y=170 < th=180 candidates=[{'cx': 442, 'cy': 170, 'w': 172, 'h': 7, 'area': 1204, 'score': 0.7599999904632568}][0m
[self_driving-10] [0m[INFO] [1782994265.246792216] [self_driving]: [DEBUG_DRIVE] state=LINE_FOLLOW raw_lane_x=256.0 lane_x=256.0 filter=stable linear=0.30 angular=-0.45 cw_y=170 cw_n=1 cw_event_idx=5 right_done=False start_turn=True count_turn=2 park_x=-1 park_done=False traffic=None stop=False last_turn_age=2.90[0m
[self_driving-10] [0m[INFO] [1782994265.294625095] [self_driving]: [CMD] n=972 source=line_turn linear_x=0.30 linear_y=0.00 angular_z=-0.45 state=LINE_FOLLOW stop=False lane_x=263.5 raw_lane_x=263.5 lane_filter=stable cw_y=170 park_x=-1 right_done=False[0m
[self_driving-10] [0m[INFO] [1782994265.775815094] [self_driving]: [TURN_CLUSTER_UPDATE] cluster=9 samples=16 lane_x=292.0 max_lane_x=292.0 cw_y=171 cw_range=(164,171)[0m
[self_driving-10] [0m[INFO] [1782994265.776381488] [self_driving]: [CROSSWALK_IGNORE] y=171 < th=180 candidates=[{'cx': 473, 'cy': 171, 'w': 184, 'h': 7, 'area': 1288, 'score': 0.7300000190734863}][0m
[self_driving-10] [0m[INFO] [1782994265.778241965] [self_driving]: [DEBUG_DRIVE] state=LINE_FOLLOW raw_lane_x=292.0 lane_x=292.0 filter=stable linear=0.30 angular=-0.45 cw_y=171 cw_n=1 cw_event_idx=5 right_done=False start_turn=True count_turn=10 park_x=-1 park_done=False traffic=None stop=False last_turn_age=3.43[0m
[self_driving-10] [0m[INFO] [1782994265.827487633] [self_driving]: [OBJECTS] msg_count=146 n=1 names=['crosswalk'][0m
[self_driving-10] [0m[INFO] [1782994265.832105392] [self_driving]: [CROSSWALK_METRIC] n=1 nearest={'cx': 503, 'cy': 227, 'w': 273, 'h': 31, 'area': 8463, 'score': 0.8600000143051147} all=[{'cx': 503, 'cy': 227, 'w': 273, 'h': 31, 'area': 8463, 'score': 0.8600000143051147}] event_idx=5[0m
[self_driving-10] [0m[INFO] [1782994265.837822363] [self_driving]: [CMD] n=980 source=line_turn linear_x=0.30 linear_y=0.00 angular_z=-0.45 state=LINE_FOLLOW stop=False lane_x=297.5 raw_lane_x=297.5 lane_filter=stable cw_y=171 park_x=-1 right_done=False[0m
[self_driving-10] [0m[INFO] [1782994266.309778400] [self_driving]: [CROSSWALK_IGNORE] y=178 < th=180 candidates=[{'cx': 530, 'cy': 178, 'w': 201, 'h': 10, 'area': 2010, 'score': 0.7799999713897705}][0m
[self_driving-10] [0m[INFO] [1782994266.310955372] [self_driving]: [DEBUG_DRIVE] state=LINE_FOLLOW raw_lane_x=299.0 lane_x=299.0 filter=stable linear=0.30 angular=-0.45 cw_y=178 cw_n=1 cw_event_idx=5 right_done=False start_turn=True count_turn=18 park_x=-1 park_done=False traffic=None stop=False last_turn_age=3.97[0m
[self_driving-10] [0m[INFO] [1782994266.385739502] [self_driving]: [CMD] n=988 source=line_turn linear_x=0.30 linear_y=0.00 angular_z=-0.45 state=LINE_FOLLOW stop=False lane_x=306.0 raw_lane_x=306.0 lane_filter=stable cw_y=178 park_x=-1 right_done=False[0m
[self_driving-10] [0m[INFO] [1782994266.530532983] [self_driving]: [OBJECTS] msg_count=149 n=1 names=['crosswalk'][0m
[self_driving-10] [0m[INFO] [1782994266.840888498] [self_driving]: [TURN_CLUSTER_UPDATE] cluster=9 samples=32 lane_x=314.5 max_lane_x=314.5 cw_y=178 cw_range=(164,178)[0m
[self_driving-10] [0m[INFO] [1782994266.841552781] [self_driving]: [CROSSWALK_IGNORE] y=178 < th=180 candidates=[{'cx': 546, 'cy': 178, 'w': 185, 'h': 10, 'area': 1850, 'score': 0.800000011920929}][0m
[self_driving-10] [0m[INFO] [1782994266.844949327] [self_driving]: [DEBUG_DRIVE] state=LINE_FOLLOW raw_lane_x=-1 lane_x=314.5 filter=hold_last linear=0.30 angular=-0.45 cw_y=178 cw_n=1 cw_event_idx=5 right_done=False start_turn=True count_turn=26 park_x=-1 park_done=False traffic=None stop=False last_turn_age=4.50[0m
[self_driving-10] [0m[INFO] [1782994266.932741912] [self_driving]: [CMD] n=996 source=line_turn linear_x=0.30 linear_y=0.00 angular_z=-0.45 state=LINE_FOLLOW stop=False lane_x=314.5 raw_lane_x=-1 lane_filter=hold_last cw_y=181 park_x=-1 right_done=False[0m
[self_driving-10] [33m[WARN] [1782994267.124976954] [self_driving]: [LANE_TURN_EVENT_END] idx=13 raw_lane_x=-1 lane_x=-1 filter=lost last_turn_done_time=1782994267.12[0m
[self_driving-10] [0m[INFO] [1782994267.126638393] [self_driving]: [CROSSWALK_SLOW] y=181 th=180 confirm=4 candidates=[{'cx': 564, 'cy': 181, 'w': 151, 'h': 12, 'area': 1812, 'score': 0.7900000214576721}][0m
[self_driving-10] [0m[INFO] [1782994267.128102034] [self_driving]: [CMD] n=999 source=lane_lost_safe linear_x=0.05 linear_y=0.00 angular_z=0.00 state=LINE_FOLLOW stop=False raw_lane_x=-1 lane_filter=lost[0m
[self_driving-10] [33m[WARN] [1782994267.129226710] [self_driving]: [LANE_LOST] raw_lane_x=-1 lane_x=-1 filter=lost stop=False state=LINE_FOLLOW safe_linear=0.05 right_ready=False right_done=False[0m
[self_driving-10] [0m[INFO] [1782994267.208676876] [self_driving]: [OBJECTS] msg_count=153 n=1 names=['crosswalk'][0m
[self_driving-10] [0m[INFO] [1782994267.391424065] [self_driving]: [CROSSWALK_IGNORE] y=18 < th=180 candidates=[{'cx': 514, 'cy': 18, 'w': 251, 'h': 35, 'area': 8785, 'score': 0.27000001072883606}][0m
[self_driving-10] [0m[INFO] [1782994267.394684184] [self_driving]: [DEBUG_DRIVE] state=LINE_FOLLOW raw_lane_x=-1 lane_x=-1 filter=lost linear=0.15 angular=0.00 cw_y=18 cw_n=1 cw_event_idx=5 right_done=False start_turn=True count_turn=29 park_x=-1 park_done=False traffic=None stop=False last_turn_age=0.27[0m
[self_driving-10] [0m[INFO] [1782994267.539351904] [self_driving]: [CROSSWALK_METRIC] n=1 nearest={'cx': 595, 'cy': 300, 'w': 88, 'h': 75, 'area': 6600, 'score': 0.7400000095367432} all=[{'cx': 595, 'cy': 300, 'w': 88, 'h': 75, 'area': 6600, 'score': 0.7400000095367432}] event_idx=5[0m
[self_driving-10] [33m[WARN] [1782994267.540135188] [self_driving]: [CROSSWALK_EVENT] idx=6 policy=future_pass_candidate nearest={'cx': 595, 'cy': 300, 'w': 88, 'h': 75, 'area': 6600, 'score': 0.7400000095367432} y_th=120[0m
[self_driving-10] [0m[INFO] [1782994267.663806446] [self_driving]: [CMD] n=1007 source=lane_lost_safe linear_x=0.05 linear_y=0.00 angular_z=0.00 state=LINE_FOLLOW stop=False raw_lane_x=-1 lane_filter=lost[0m
[self_driving-10] [33m[WARN] [1782994267.665520164] [self_driving]: [LANE_LOST] raw_lane_x=-1 lane_x=-1 filter=lost stop=False state=LINE_FOLLOW safe_linear=0.05 right_ready=False right_done=False[0m
[self_driving-10] [0m[INFO] [1782994267.868202640] [self_driving]: [OBJECTS] msg_count=157 n=1 names=['crosswalk'][0m
[self_driving-10] [0m[INFO] [1782994267.929697387] [self_driving]: [DEBUG_DRIVE] state=LINE_FOLLOW raw_lane_x=-1 lane_x=-1 filter=lost linear=0.15 angular=0.00 cw_y=200 cw_n=1 cw_event_idx=6 right_done=False start_turn=True count_turn=29 park_x=-1 park_done=False traffic=None stop=False last_turn_age=0.80[0m
[self_driving-10] [0m[INFO] [1782994268.187949897] [self_driving]: [CMD] n=1015 source=lane_lost_safe linear_x=0.05 linear_y=0.00 angular_z=0.00 state=LINE_FOLLOW stop=False raw_lane_x=-1 lane_filter=lost[0m
[self_driving-10] [33m[WARN] [1782994268.189742355] [self_driving]: [LANE_LOST] raw_lane_x=-1 lane_x=-1 filter=lost stop=False state=LINE_FOLLOW safe_linear=0.05 right_ready=False right_done=False[0m
[self_driving-10] [33m[WARN] [1782994268.254330089] [self_driving]: [TURN_CLUSTER_END] cluster=9 duration=3.49 samples=35 max_lane_x=314.5 cw_range=(164,181) last_event_idx=13[0m
[self_driving-10] [0m[INFO] [1782994268.463667100] [self_driving]: [DEBUG_DRIVE] state=LINE_FOLLOW raw_lane_x=-1 lane_x=-1 filter=lost linear=0.15 angular=0.00 cw_y=200 cw_n=1 cw_event_idx=6 right_done=False start_turn=True count_turn=29 park_x=-1 park_done=False traffic=None stop=False last_turn_age=1.34[0m
[self_driving-10] [0m[INFO] [1782994268.752693113] [self_driving]: [CMD] n=1023 source=lane_lost_safe linear_x=0.05 linear_y=0.00 angular_z=0.00 state=LINE_FOLLOW stop=False raw_lane_x=-1 lane_filter=lost[0m
[self_driving-10] [33m[WARN] [1782994268.753294248] [self_driving]: [LANE_LOST] raw_lane_x=-1 lane_x=-1 filter=lost stop=False state=LINE_FOLLOW safe_linear=0.05 right_ready=False right_done=False[0m
[self_driving-10] [0m[INFO] [1782994268.989514879] [self_driving]: [DEBUG_DRIVE] state=LINE_FOLLOW raw_lane_x=-1 lane_x=-1 filter=lost linear=0.15 angular=0.00 cw_y=200 cw_n=1 cw_event_idx=6 right_done=False start_turn=True count_turn=29 park_x=-1 park_done=False traffic=None stop=False last_turn_age=1.86[0m
[self_driving-10] [0m[INFO] [1782994269.254763185] [self_driving]: [CMD] n=1029 source=lane_lost_safe linear_x=0.05 linear_y=0.00 angular_z=0.00 state=LINE_FOLLOW stop=False raw_lane_x=-1 lane_filter=lost[0m
[self_driving-10] [33m[WARN] [1782994269.256463939] [self_driving]: [LANE_LOST] raw_lane_x=-1 lane_x=-1 filter=lost stop=False state=LINE_FOLLOW safe_linear=0.05 right_ready=False right_done=False[0m
[self_driving-10] [0m[INFO] [1782994269.554887453] [self_driving]: [DEBUG_DRIVE] state=LINE_FOLLOW raw_lane_x=-1 lane_x=-1 filter=lost linear=0.15 angular=0.00 cw_y=200 cw_n=1 cw_event_idx=6 right_done=False start_turn=True count_turn=29 park_x=-1 park_done=False traffic=None stop=False last_turn_age=2.43[0m
[self_driving-10] [0m[INFO] [1782994269.802280376] [self_driving]: [CROSSWALK_SLOW_DONE] return normal speed[0m
[self_driving-10] [0m[INFO] [1782994269.803735517] [self_driving]: [CMD] n=1036 source=lane_lost_safe linear_x=0.05 linear_y=0.00 angular_z=0.00 state=LINE_FOLLOW stop=False raw_lane_x=-1 lane_filter=lost[0m
[self_driving-10] [33m[WARN] [1782994269.806522262] [self_driving]: [LANE_LOST] raw_lane_x=-1 lane_x=-1 filter=lost stop=False state=LINE_FOLLOW safe_linear=0.05 right_ready=False right_done=False[0m
[self_driving-10] [0m[INFO] [1782994269.864865724] [self_driving]: [IMAGE] received count=1037 shape=(480, 640, 3) queue=0[0m
[self_driving-10] [0m[INFO] [1782994270.123483774] [self_driving]: [CROSSWALK_SLOW] y=200 th=180 confirm=4 candidates=[{'cx': 617, 'cy': 200, 'w': 44, 'h': 19, 'area': 836, 'score': 0.7400000095367432}][0m
[self_driving-10] [0m[INFO] [1782994270.125125157] [self_driving]: [DEBUG_DRIVE] state=LINE_FOLLOW raw_lane_x=-1 lane_x=-1 filter=lost linear=0.15 angular=0.00 cw_y=200 cw_n=1 cw_event_idx=6 right_done=False start_turn=True count_turn=29 park_x=-1 park_done=False traffic=None stop=False last_turn_age=3.00[0m
[self_driving-10] [0m[INFO] [1782994270.357713093] [self_driving]: [CMD] n=1043 source=lane_lost_safe linear_x=0.05 linear_y=0.00 angular_z=0.00 state=LINE_FOLLOW stop=False raw_lane_x=-1 lane_filter=lost[0m
[self_driving-10] [33m[WARN] [1782994270.358366117] [self_driving]: [LANE_LOST] raw_lane_x=-1 lane_x=-1 filter=lost stop=False state=LINE_FOLLOW safe_linear=0.05 right_ready=False right_done=False[0m
[self_driving-10] [0m[INFO] [1782994270.673229964] [self_driving]: [DEBUG_DRIVE] state=LINE_FOLLOW raw_lane_x=-1 lane_x=-1 filter=lost linear=0.15 angular=0.00 cw_y=200 cw_n=1 cw_event_idx=6 right_done=False start_turn=True count_turn=29 park_x=-1 park_done=False traffic=None stop=False last_turn_age=3.55[0m
[self_driving-10] [0m[INFO] [1782994270.863707529] [self_driving]: [CMD] n=1049 source=lane_lost_safe linear_x=0.05 linear_y=0.00 angular_z=0.00 state=LINE_FOLLOW stop=False raw_lane_x=-1 lane_filter=lost[0m
[self_driving-10] [33m[WARN] [1782994270.864307664] [self_driving]: [LANE_LOST] raw_lane_x=-1 lane_x=-1 filter=lost stop=False state=LINE_FOLLOW safe_linear=0.05 right_ready=False right_done=False[0m
[self_driving-10] [33m[WARN] [1782994271.003850344] [self_driving]: [LANE_TURN_EVENT_START] idx=14 raw_lane_x=308.5 lane_x=308.5 filter=stable th=200 cw_y=200[0m
[self_driving-10] [33m[WARN] [1782994271.004550497] [self_driving]: [TURN_CLUSTER_START] cluster=10 event_idx=14 raw_lane_x=308.5 lane_x=308.5 filter=stable cw_y=200[0m
[self_driving-10] [0m[INFO] [1782994271.006877312] [self_driving]: [TURN_CLUSTER_UPDATE] cluster=10 samples=1 lane_x=308.5 max_lane_x=308.5 cw_y=200 cw_range=(200,200)[0m
[self_driving-10] [0m[INFO] [1782994271.009342091] [self_driving]: [CMD] n=1051 source=line_turn linear_x=0.15 linear_y=0.00 angular_z=-0.45 state=LINE_FOLLOW stop=False lane_x=308.5 raw_lane_x=308.5 lane_filter=stable cw_y=200 park_x=-1 right_done=False[0m
[self_driving-10] [33m[WARN] [1782994271.183851085] [self_driving]: [LANE_X_JUMP_REJECT] raw=151.0 last=308.5 diff=157.5 candidate=151.0 cnt=1/4[0m
[self_driving-10] [0m[INFO] [1782994271.184688610] [self_driving]: [DEBUG_DRIVE] state=LINE_FOLLOW raw_lane_x=151.0 lane_x=308.5 filter=jump_reject linear=0.15 angular=-0.45 cw_y=200 cw_n=1 cw_event_idx=6 right_done=False start_turn=True count_turn=32 park_x=-1 park_done=False traffic=None stop=False last_turn_age=4.06[0m
[self_driving-10] [0m[INFO] [1782994271.383448630] [self_driving]: [LANE_X_JUMP_ACCEPT] raw=168.5 last=168.5 cnt=4/4[0m
[self_driving-10] [33m[WARN] [1782994271.384921105] [self_driving]: [LANE_TURN_EVENT_END] idx=14 raw_lane_x=168.5 lane_x=168.5 filter=jump_accept last_turn_done_time=1782994271.38[0m
[self_driving-10] [0m[INFO] [1782994271.386940769] [self_driving]: [CMD] n=1056 source=pid_follow linear_x=0.15 linear_y=0.00 angular_z=-0.10 state=LINE_FOLLOW stop=False lane_x=168.5 raw_lane_x=168.5 lane_filter=jump_accept cw_y=200 park_x=-1 right_done=False[0m
[self_driving-10] [0m[INFO] [1782994271.714588532] [self_driving]: [DEBUG_DRIVE] state=LINE_FOLLOW raw_lane_x=178.5 lane_x=178.5 filter=stable linear=0.15 angular=-0.10 cw_y=200 cw_n=1 cw_event_idx=6 right_done=False start_turn=False count_turn=0 park_x=-1 park_done=False traffic=None stop=False last_turn_age=0.33[0m
[self_driving-10] [0m[INFO] [1782994271.932963300] [self_driving]: [CMD] n=1064 source=pid_follow linear_x=0.15 linear_y=0.00 angular_z=-0.10 state=LINE_FOLLOW stop=False lane_x=198.5 raw_lane_x=198.5 lane_filter=stable cw_y=200 park_x=-1 right_done=False[0m
[self_driving-10] [0m[INFO] [1782994271.996067115] [self_driving]: [CMD] n=1065 source=line_turn linear_x=0.15 linear_y=0.00 angular_z=-0.45 state=LINE_FOLLOW stop=False lane_x=208.0 raw_lane_x=208.0 lane_filter=stable cw_y=200 park_x=-1 right_done=False[0m
[self_driving-10] [33m[WARN] [1782994272.059802842] [self_driving]: [LANE_TURN_EVENT_START] idx=15 raw_lane_x=213.0 lane_x=213.0 filter=stable th=200 cw_y=200[0m
[self_driving-10] [0m[INFO] [1782994272.062798718] [self_driving]: [TURN_CLUSTER_UPDATE] cluster=10 samples=7 lane_x=213.0 max_lane_x=308.5 cw_y=200 cw_range=(200,200)[0m
[self_driving-10] [0m[INFO] [1782994272.113663547] [self_driving]: [OBJECTS] msg_count=158 n=1 names=['crosswalk'][0m
[self_driving-10] [0m[INFO] [1782994272.114647481] [self_driving]: [CROSSWALK_METRIC] n=1 nearest={'cx': 411, 'cy': 295, 'w': 458, 'h': 80, 'area': 36640, 'score': 0.7900000214576721} all=[{'cx': 411, 'cy': 295, 'w': 458, 'h': 80, 'area': 36640, 'score': 0.7900000214576721}] event_idx=6[0m
[self_driving-10] [0m[INFO] [1782994272.255921785] [self_driving]: [DEBUG_DRIVE] state=LINE_FOLLOW raw_lane_x=219.5 lane_x=219.5 filter=stable linear=0.15 angular=-0.45 cw_y=295 cw_n=1 cw_event_idx=6 right_done=False start_turn=False count_turn=5 park_x=-1 park_done=False traffic=None stop=False last_turn_age=0.87[0m
[self_driving-10] [0m[INFO] [1782994272.527603920] [self_driving]: [CMD] n=1073 source=line_turn linear_x=0.15 linear_y=0.00 angular_z=-0.45 state=LINE_FOLLOW stop=False lane_x=235.5 raw_lane_x=235.5 lane_filter=stable cw_y=301 park_x=-1 right_done=False[0m
[self_driving-10] [0m[INFO] [1782994272.792828856] [self_driving]: [DEBUG_DRIVE] state=LINE_FOLLOW raw_lane_x=247.0 lane_x=247.0 filter=stable linear=0.15 angular=-0.45 cw_y=301 cw_n=1 cw_event_idx=6 right_done=False start_turn=True count_turn=7 park_x=-1 park_done=False traffic=None stop=False last_turn_age=1.41[0m
[self_driving-10] [0m[INFO] [1782994272.815975187] [self_driving]: [OBJECTS] msg_count=160 n=1 names=['crosswalk'][0m
[self_driving-10] [0m[INFO] [1782994272.876276054] [self_driving]: [CROSSWALK_SLOW_DONE] return normal speed[0m
[self_driving-10] [0m[INFO] [1782994273.063220721] [self_driving]: [TURN_CLUSTER_UPDATE] cluster=10 samples=22 lane_x=271.5 max_lane_x=308.5 cw_y=333 cw_range=(200,333)[0m
[self_driving-10] [0m[INFO] [1782994273.064620547] [self_driving]: [CMD] n=1081 source=line_turn linear_x=0.30 linear_y=0.00 angular_z=-0.45 state=LINE_FOLLOW stop=False lane_x=271.5 raw_lane_x=271.5 lane_filter=stable cw_y=333 park_x=-1 right_done=False[0m
[self_driving-10] [0m[INFO] [1782994273.125033822] [self_driving]: [CROSSWALK_SLOW] y=333 th=180 confirm=4 candidates=[{'cx': 431, 'cy': 333, 'w': 417, 'h': 74, 'area': 30858, 'score': 0.9200000166893005}][0m
[self_driving-10] [0m[INFO] [1782994273.334108145] [self_driving]: [DEBUG_DRIVE] state=LINE_FOLLOW raw_lane_x=229.0 lane_x=229.0 filter=stable linear=0.15 angular=-0.45 cw_y=369 cw_n=1 cw_event_idx=6 right_done=False start_turn=True count_turn=15 park_x=-1 park_done=False traffic=None stop=False last_turn_age=1.95[0m
[self_driving-10] [33m[WARN] [1782994273.463240298] [self_driving]: [LANE_TURN_EVENT_END] idx=15 raw_lane_x=197.0 lane_x=197.0 filter=stable last_turn_done_time=1782994273.46[0m
[self_driving-10] [0m[INFO] [1782994273.465416427] [self_driving]: [CMD] n=1087 source=pid_follow linear_x=0.15 linear_y=0.00 angular_z=0.00 state=LINE_FOLLOW stop=False lane_x=197.0 raw_lane_x=197.0 lane_filter=stable cw_y=369 park_x=-1 right_done=False[0m
[self_driving-10] [0m[INFO] [1782994273.493317315] [self_driving]: [OBJECTS] msg_count=162 n=1 names=['crosswalk'][0m
[self_driving-10] [0m[INFO] [1782994273.823713785] [self_driving]: [CROSSWALK_METRIC] n=1 nearest={'cx': 467, 'cy': 425, 'w': 346, 'h': 110, 'area': 38060, 'score': 0.8999999761581421} all=[{'cx': 467, 'cy': 425, 'w': 346, 'h': 110, 'area': 38060, 'score': 0.8999999761581421}] event_idx=6[0m
[self_driving-10] [0m[INFO] [1782994273.888578392] [self_driving]: [DEBUG_DRIVE] state=LINE_FOLLOW raw_lane_x=34.0 lane_x=34.0 filter=stable linear=0.15 angular=0.00 cw_y=425 cw_n=1 cw_event_idx=6 right_done=False start_turn=True count_turn=0 park_x=-1 park_done=False traffic=None stop=False last_turn_age=0.43[0m
[self_driving-10] [0m[INFO] [1782994274.009206681] [self_driving]: [CMD] n=1095 source=pid_follow linear_x=0.15 linear_y=0.00 angular_z=0.00 state=LINE_FOLLOW stop=False lane_x=59.5 raw_lane_x=59.5 lane_filter=stable cw_y=425 park_x=-1 right_done=False[0m
[self_driving-10] [0m[INFO] [1782994274.159795578] [self_driving]: [OBJECTS] msg_count=164 n=1 names=['crosswalk'][0m
[self_driving-10] [0m[INFO] [1782994274.407392596] [self_driving]: [DEBUG_DRIVE] state=LINE_FOLLOW raw_lane_x=100.5 lane_x=100.5 filter=stable linear=0.15 angular=0.10 cw_y=453 cw_n=1 cw_event_idx=6 right_done=False start_turn=False count_turn=0 park_x=-1 park_done=False traffic=None stop=False last_turn_age=0.94[0m
[self_driving-10] [0m[INFO] [1782994274.551022957] [self_driving]: [CMD] n=1103 source=pid_follow linear_x=0.15 linear_y=0.00 angular_z=0.10 state=LINE_FOLLOW stop=False lane_x=109.5 raw_lane_x=109.5 lane_filter=stable cw_y=448 park_x=-1 right_done=False[0m
[self_driving-10] [33m[WARN] [1782994274.618324064] [self_driving]: [TURN_CLUSTER_END] cluster=10 duration=3.61 samples=27 max_lane_x=308.5 cw_range=(200,369) last_event_idx=15[0m
[self_driving-10] [0m[INFO] [1782994274.850024271] [self_driving]: [OBJECTS] msg_count=166 n=1 names=['crosswalk'][0m
[self_driving-10] [0m[INFO] [1782994274.952428990] [self_driving]: [DEBUG_DRIVE] state=LINE_FOLLOW raw_lane_x=142.5 lane_x=142.5 filter=stable linear=0.15 angular=-0.10 cw_y=458 cw_n=1 cw_event_idx=6 right_done=False start_turn=False count_turn=0 park_x=-1 park_done=False traffic=None stop=False last_turn_age=1.49[0m
[self_driving-10] [0m[INFO] [1782994275.071255191] [self_driving]: [CMD] n=1111 source=pid_follow linear_x=0.15 linear_y=0.00 angular_z=-0.10 state=LINE_FOLLOW stop=False lane_x=146.5 raw_lane_x=146.5 lane_filter=stable cw_y=458 park_x=-1 right_done=False[0m
[self_driving-10] [0m[INFO] [1782994275.493346444] [self_driving]: [DEBUG_DRIVE] state=LINE_FOLLOW raw_lane_x=177.5 lane_x=177.5 filter=stable linear=0.15 angular=-0.10 cw_y=458 cw_n=1 cw_event_idx=6 right_done=False start_turn=False count_turn=0 park_x=-1 park_done=False traffic=None stop=False last_turn_age=2.03[0m
[self_driving-10] [0m[INFO] [1782994275.581663792] [self_driving]: [CMD] n=1118 source=pid_follow linear_x=0.15 linear_y=0.00 angular_z=-0.10 state=LINE_FOLLOW stop=False lane_x=180.0 raw_lane_x=180.0 lane_filter=stable cw_y=458 park_x=-1 right_done=False[0m
[self_driving-10] [33m[WARN] [1782994275.824101454] [self_driving]: [LANE_TURN_EVENT_START] idx=16 raw_lane_x=203.5 lane_x=203.5 filter=stable th=200 cw_y=458[0m
[self_driving-10] [33m[WARN] [1782994275.825779486] [self_driving]: [TURN_CLUSTER_START] cluster=11 event_idx=16 raw_lane_x=203.5 lane_x=203.5 filter=stable cw_y=458[0m
[self_driving-10] [0m[INFO] [1782994275.826873198] [self_driving]: [TURN_CLUSTER_UPDATE] cluster=11 samples=1 lane_x=203.5 max_lane_x=203.5 cw_y=458 cw_range=(458,458)[0m
[self_driving-10] [0m[INFO] [1782994275.828021337] [self_driving]: [CROSSWALK_SLOW_DONE] return normal speed[0m
[self_driving-10] [0m[INFO] [1782994275.829063475] [self_driving]: [CMD] n=1122 source=line_turn linear_x=0.15 linear_y=0.00 angular_z=-0.45 state=LINE_FOLLOW stop=False lane_x=203.5 raw_lane_x=203.5 lane_filter=stable cw_y=458 park_x=-1 right_done=False[0m
[self_driving-10] [0m[INFO] [1782994275.855096922] [self_driving]: [OBJECTS] msg_count=167 n=1 names=['crosswalk'][0m
[self_driving-10] [0m[INFO] [1782994275.859456882] [self_driving]: [CROSSWALK_METRIC] n=1 nearest={'cx': 277, 'cy': 373, 'w': 255, 'h': 9, 'area': 2295, 'score': 0.2800000011920929} all=[{'cx': 277, 'cy': 373, 'w': 255, 'h': 9, 'area': 2295, 'score': 0.2800000011920929}] event_idx=6[0m
[self_driving-10] [0m[INFO] [1782994276.025914387] [self_driving]: [DEBUG_DRIVE] state=LINE_FOLLOW raw_lane_x=223.5 lane_x=223.5 filter=stable linear=0.30 angular=-0.45 cw_y=373 cw_n=1 cw_event_idx=6 right_done=False start_turn=False count_turn=4 park_x=-1 park_done=False traffic=None stop=False last_turn_age=2.56[0m
[self_driving-10] [0m[INFO] [1782994276.081770496] [self_driving]: [CROSSWALK_SLOW] y=373 th=180 confirm=4 candidates=[{'cx': 277, 'cy': 373, 'w': 255, 'h': 9, 'area': 2295, 'score': 0.2800000011920929}][0m
[self_driving-10] [0m[INFO] [1782994276.346706633] [self_driving]: [CMD] n=1130 source=line_turn linear_x=0.15 linear_y=0.00 angular_z=-0.45 state=LINE_FOLLOW stop=False lane_x=248.5 raw_lane_x=248.5 lane_filter=stable cw_y=294 park_x=-1 right_done=False[0m
[self_driving-10] [0m[INFO] [1782994276.591109903] [self_driving]: [DEBUG_DRIVE] state=LINE_FOLLOW raw_lane_x=267.0 lane_x=267.0 filter=stable linear=0.15 angular=-0.45 cw_y=294 cw_n=1 cw_event_idx=6 right_done=False start_turn=True count_turn=6 park_x=-1 park_done=False traffic=None stop=False last_turn_age=3.13[0m
[self_driving-10] [0m[INFO] [1782994276.835345561] [self_driving]: [TURN_CLUSTER_UPDATE] cluster=11 samples=16 lane_x=286.0 max_lane_x=286.0 cw_y=294 cw_range=(294,458)[0m
[self_driving-10] [0m[INFO] [1782994276.903335081] [self_driving]: [CMD] n=1138 source=line_turn linear_x=0.15 linear_y=0.00 angular_z=-0.45 state=LINE_FOLLOW stop=False lane_x=290.5 raw_lane_x=290.5 lane_filter=stable cw_y=294 park_x=-1 right_done=False[0m
[self_driving-10] [0m[INFO] [1782994277.106131911] [self_driving]: [DEBUG_DRIVE] state=LINE_FOLLOW raw_lane_x=301.0 lane_x=301.0 filter=stable linear=0.15 angular=-0.45 cw_y=294 cw_n=1 cw_event_idx=6 right_done=False start_turn=True count_turn=14 park_x=-1 park_done=False traffic=None stop=False last_turn_age=3.64[0m
[self_driving-10] [0m[INFO] [1782994277.438703398] [self_driving]: [CMD] n=1146 source=line_turn linear_x=0.15 linear_y=0.00 angular_z=-0.45 state=LINE_FOLLOW stop=False lane_x=297.5 raw_lane_x=297.5 lane_filter=stable cw_y=294 park_x=-1 right_done=False[0m
[self_driving-10] [0m[INFO] [1782994277.633444572] [self_driving]: [DEBUG_DRIVE] state=LINE_FOLLOW raw_lane_x=312.0 lane_x=312.0 filter=stable linear=0.15 angular=-0.45 cw_y=294 cw_n=1 cw_event_idx=6 right_done=False start_turn=True count_turn=22 park_x=-1 park_done=False traffic=None stop=False last_turn_age=4.17[0m
[self_driving-10] [0m[INFO] [1782994277.918975372] [self_driving]: [IMAGE] received count=1153 shape=(480, 640, 3) queue=0[0m
[self_driving-10] [0m[INFO] [1782994277.925974205] [self_driving]: [TURN_CLUSTER_UPDATE] cluster=11 samples=32 lane_x=313.5 max_lane_x=313.5 cw_y=294 cw_range=(294,458)[0m
[self_driving-10] [0m[INFO] [1782994277.973761750] [self_driving]: [CMD] n=1154 source=line_turn linear_x=0.15 linear_y=0.00 angular_z=-0.45 state=LINE_FOLLOW stop=False lane_x=313.5 raw_lane_x=-1 lane_filter=hold_last cw_y=294 park_x=-1 right_done=False[0m
[self_driving-10] [0m[INFO] [1782994278.165871384] [self_driving]: [DEBUG_DRIVE] state=LINE_FOLLOW raw_lane_x=-1 lane_x=313.5 filter=hold_last linear=0.15 angular=-0.45 cw_y=294 cw_n=1 cw_event_idx=6 right_done=False start_turn=True count_turn=30 park_x=-1 park_done=False traffic=None stop=False last_turn_age=4.70[0m
[self_driving-10] [33m[WARN] [1782994278.319071024] [self_driving]: [LANE_TURN_EVENT_END] idx=16 raw_lane_x=-1 lane_x=-1 filter=lost last_turn_done_time=1782994278.32[0m
[self_driving-10] [0m[INFO] [1782994278.319800419] [self_driving]: [CMD] n=1159 source=lane_lost_safe linear_x=0.05 linear_y=0.00 angular_z=0.00 state=LINE_FOLLOW stop=False raw_lane_x=-1 lane_filter=lost[0m
[self_driving-10] [33m[WARN] [1782994278.320451998] [self_driving]: [LANE_LOST] raw_lane_x=-1 lane_x=-1 filter=lost stop=False state=LINE_FOLLOW safe_linear=0.05 right_ready=False right_done=False[0m
[self_driving-10] [0m[INFO] [1782994278.703881852] [self_driving]: [DEBUG_DRIVE] state=LINE_FOLLOW raw_lane_x=-1 lane_x=-1 filter=lost linear=0.15 angular=0.00 cw_y=294 cw_n=1 cw_event_idx=6 right_done=False start_turn=True count_turn=31 park_x=-1 park_done=False traffic=None stop=False last_turn_age=0.38[0m
[self_driving-10] [0m[INFO] [1782994278.787086104] [self_driving]: [CROSSWALK_SLOW_DONE] return normal speed[0m
[self_driving-10] [0m[INFO] [1782994278.840066023] [self_driving]: [CMD] n=1167 source=lane_lost_safe linear_x=0.05 linear_y=0.00 angular_z=0.00 state=LINE_FOLLOW stop=False raw_lane_x=-1 lane_filter=lost[0m
[self_driving-10] [33m[WARN] [1782994278.842936509] [self_driving]: [LANE_LOST] raw_lane_x=-1 lane_x=-1 filter=lost stop=False state=LINE_FOLLOW safe_linear=0.05 right_ready=False right_done=False[0m
[self_driving-10] [0m[INFO] [1782994279.059226075] [self_driving]: [CROSSWALK_SLOW] y=294 th=180 confirm=4 candidates=[{'cx': 558, 'cy': 294, 'w': 145, 'h': 80, 'area': 11600, 'score': 0.36000001430511475}][0m
[self_driving-10] [0m[INFO] [1782994279.251306542] [self_driving]: [DEBUG_DRIVE] state=LINE_FOLLOW raw_lane_x=-1 lane_x=-1 filter=lost linear=0.15 angular=0.00 cw_y=294 cw_n=1 cw_event_idx=6 right_done=False start_turn=True count_turn=31 park_x=-1 park_done=False traffic=None stop=False last_turn_age=0.93[0m
[self_driving-10] [0m[INFO] [1782994279.394354620] [self_driving]: [CMD] n=1175 source=lane_lost_safe linear_x=0.05 linear_y=0.00 angular_z=0.00 state=LINE_FOLLOW stop=False raw_lane_x=-1 lane_filter=lost[0m
[self_driving-10] [33m[WARN] [1782994279.398064372] [self_driving]: [LANE_LOST] raw_lane_x=-1 lane_x=-1 filter=lost stop=False state=LINE_FOLLOW safe_linear=0.05 right_ready=False right_done=False[0m
[self_driving-10] [33m[WARN] [1782994279.455396771] [self_driving]: [TURN_CLUSTER_END] cluster=11 duration=3.63 samples=37 max_lane_x=313.5 cw_range=(294,458) last_event_idx=16[0m
[self_driving-10] [0m[INFO] [1782994279.789328565] [self_driving]: [DEBUG_DRIVE] state=LINE_FOLLOW raw_lane_x=-1 lane_x=-1 filter=lost linear=0.15 angular=0.00 cw_y=294 cw_n=1 cw_event_idx=6 right_done=False start_turn=True count_turn=31 park_x=-1 park_done=False traffic=None stop=False last_turn_age=1.47[0m
[self_driving-10] [0m[INFO] [1782994279.923469332] [self_driving]: [CMD] n=1183 source=lane_lost_safe linear_x=0.05 linear_y=0.00 angular_z=0.00 state=LINE_FOLLOW stop=False raw_lane_x=-1 lane_filter=lost[0m
[self_driving-10] [33m[WARN] [1782994279.924006929] [self_driving]: [LANE_LOST] raw_lane_x=-1 lane_x=-1 filter=lost stop=False state=LINE_FOLLOW safe_linear=0.05 right_ready=False right_done=False[0m
[self_driving-10] [0m[INFO] [1782994280.313158532] [self_driving]: [DEBUG_DRIVE] state=LINE_FOLLOW raw_lane_x=-1 lane_x=-1 filter=lost linear=0.15 angular=0.00 cw_y=294 cw_n=1 cw_event_idx=6 right_done=False start_turn=True count_turn=31 park_x=-1 park_done=False traffic=None stop=False last_turn_age=1.99[0m
[self_driving-10] [0m[INFO] [1782994280.473111133] [self_driving]: [CMD] n=1190 source=lane_lost_safe linear_x=0.05 linear_y=0.00 angular_z=0.00 state=LINE_FOLLOW stop=False raw_lane_x=-1 lane_filter=lost[0m
[self_driving-10] [33m[WARN] [1782994280.473784323] [self_driving]: [LANE_LOST] raw_lane_x=-1 lane_x=-1 filter=lost stop=False state=LINE_FOLLOW safe_linear=0.05 right_ready=False right_done=False[0m
[self_driving-10] [0m[INFO] [1782994280.562542582] [self_driving]: [OBJECTS] msg_count=169 n=1 names=['crosswalk'][0m
[self_driving-10] [0m[INFO] [1782994280.563177717] [self_driving]: [CROSSWALK_METRIC] n=1 nearest={'cx': 539, 'cy': 243, 'w': 186, 'h': 10, 'area': 1860, 'score': 0.5600000023841858} all=[{'cx': 539, 'cy': 243, 'w': 186, 'h': 10, 'area': 1860, 'score': 0.5600000023841858}] event_idx=6[0m
[self_driving-10] [0m[INFO] [1782994280.873021302] [self_driving]: [DEBUG_DRIVE] state=LINE_FOLLOW raw_lane_x=-1 lane_x=-1 filter=lost linear=0.15 angular=0.00 cw_y=243 cw_n=1 cw_event_idx=6 right_done=False start_turn=True count_turn=31 park_x=-1 park_done=False traffic=None stop=False last_turn_age=2.55[0m
[self_driving-10] [0m[INFO] [1782994281.035072161] [self_driving]: [CMD] n=1197 source=lane_lost_safe linear_x=0.05 linear_y=0.00 angular_z=0.00 state=LINE_FOLLOW stop=False raw_lane_x=-1 lane_filter=lost[0m
[self_driving-10] [33m[WARN] [1782994281.035763407] [self_driving]: [LANE_LOST] raw_lane_x=-1 lane_x=-1 filter=lost stop=False state=LINE_FOLLOW safe_linear=0.05 right_ready=False right_done=False[0m
[self_driving-10] [0m[INFO] [1782994281.216103910] [self_driving]: [OBJECTS] msg_count=170 n=1 names=['crosswalk'][0m
[self_driving-10] [0m[INFO] [1782994281.437735722] [self_driving]: [DEBUG_DRIVE] state=LINE_FOLLOW raw_lane_x=-1 lane_x=-1 filter=lost linear=0.15 angular=0.00 cw_y=254 cw_n=1 cw_event_idx=6 right_done=False start_turn=True count_turn=31 park_x=-1 park_done=False traffic=None stop=False last_turn_age=3.12[0m
[self_driving-10] [0m[INFO] [1782994281.540404962] [self_driving]: [CMD] n=1203 source=lane_lost_safe linear_x=0.05 linear_y=0.00 angular_z=0.00 state=LINE_FOLLOW stop=False raw_lane_x=-1 lane_filter=lost[0m
[self_driving-10] [33m[WARN] [1782994281.541221191] [self_driving]: [LANE_LOST] raw_lane_x=-1 lane_x=-1 filter=lost stop=False state=LINE_FOLLOW safe_linear=0.05 right_ready=False right_done=False[0m
[self_driving-10] [0m[INFO] [1782994281.758713877] [self_driving]: [CROSSWALK_SLOW_DONE] return normal speed[0m
[self_driving-10] [0m[INFO] [1782994281.939101381] [self_driving]: [DEBUG_DRIVE] state=LINE_FOLLOW raw_lane_x=-1 lane_x=-1 filter=lost linear=0.30 angular=0.00 cw_y=254 cw_n=1 cw_event_idx=6 right_done=False start_turn=True count_turn=31 park_x=-1 park_done=False traffic=None stop=False last_turn_age=3.62[0m
[self_driving-10] [0m[INFO] [1782994282.098850018] [self_driving]: [CROSSWALK_SLOW] y=254 th=180 confirm=4 candidates=[{'cx': 507, 'cy': 254, 'w': 102, 'h': 8, 'area': 816, 'score': 0.7400000095367432}][0m
[self_driving-10] [0m[INFO] [1782994282.099773266] [self_driving]: [CMD] n=1210 source=lane_lost_safe linear_x=0.05 linear_y=0.00 angular_z=0.00 state=LINE_FOLLOW stop=False raw_lane_x=-1 lane_filter=lost[0m
[self_driving-10] [33m[WARN] [1782994282.100567661] [self_driving]: [LANE_LOST] raw_lane_x=-1 lane_x=-1 filter=lost stop=False state=LINE_FOLLOW safe_linear=0.05 right_ready=False right_done=False[0m
[self_driving-10] [0m[INFO] [1782994282.510513151] [self_driving]: [DEBUG_DRIVE] state=LINE_FOLLOW raw_lane_x=-1 lane_x=-1 filter=lost linear=0.15 angular=0.00 cw_y=254 cw_n=1 cw_event_idx=6 right_done=False start_turn=True count_turn=31 park_x=-1 park_done=False traffic=None stop=False last_turn_age=4.19[0m
[self_driving-10] [0m[INFO] [1782994282.649201361] [self_driving]: [CMD] n=1217 source=lane_lost_safe linear_x=0.05 linear_y=0.00 angular_z=0.00 state=LINE_FOLLOW stop=False raw_lane_x=-1 lane_filter=lost[0m
[self_driving-10] [33m[WARN] [1782994282.650506593] [self_driving]: [LANE_LOST] raw_lane_x=-1 lane_x=-1 filter=lost stop=False state=LINE_FOLLOW safe_linear=0.05 right_ready=False right_done=False[0m
[self_driving-10] [0m[INFO] [1782994283.022802581] [self_driving]: [DEBUG_DRIVE] state=LINE_FOLLOW raw_lane_x=-1 lane_x=-1 filter=lost linear=0.15 angular=0.00 cw_y=254 cw_n=1 cw_event_idx=6 right_done=False start_turn=True count_turn=31 park_x=-1 park_done=False traffic=None stop=False last_turn_age=4.70[0m
[self_driving-10] [0m[INFO] [1782994283.166533887] [self_driving]: [CMD] n=1224 source=lane_lost_safe linear_x=0.05 linear_y=0.00 angular_z=0.00 state=LINE_FOLLOW stop=False raw_lane_x=-1 lane_filter=lost[0m
[self_driving-10] [33m[WARN] [1782994283.171507093] [self_driving]: [LANE_LOST] raw_lane_x=-1 lane_x=-1 filter=lost stop=False state=LINE_FOLLOW safe_linear=0.05 right_ready=False right_done=False[0m
[self_driving-10] [0m[INFO] [1782994283.563326828] [self_driving]: [DEBUG_DRIVE] state=LINE_FOLLOW raw_lane_x=-1 lane_x=-1 filter=lost linear=0.15 angular=0.00 cw_y=254 cw_n=1 cw_event_idx=6 right_done=False start_turn=True count_turn=31 park_x=-1 park_done=False traffic=None stop=False last_turn_age=5.24[0m
[self_driving-10] [0m[INFO] [1782994283.687231514] [self_driving]: [CMD] n=1232 source=lane_lost_safe linear_x=0.05 linear_y=0.00 angular_z=0.00 state=LINE_FOLLOW stop=False raw_lane_x=-1 lane_filter=lost[0m
[self_driving-10] [33m[WARN] [1782994283.690985358] [self_driving]: [LANE_LOST] raw_lane_x=-1 lane_x=-1 filter=lost stop=False state=LINE_FOLLOW safe_linear=0.05 right_ready=False right_done=False[0m
[self_driving-10] [33m[WARN] [1782994283.755055051] [self_driving]: [LANE_X_JUMP_REJECT] raw=206.0 last=313.5 diff=107.5 candidate=206.0 cnt=1/4[0m
[self_driving-10] [33m[WARN] [1782994283.755705816] [self_driving]: [LANE_TURN_EVENT_START] idx=17 raw_lane_x=206.0 lane_x=313.5 filter=jump_reject th=200 cw_y=254[0m
[self_driving-10] [33m[WARN] [1782994283.756474988] [self_driving]: [TURN_CLUSTER_START] cluster=12 event_idx=17 raw_lane_x=206.0 lane_x=313.5 filter=jump_reject cw_y=254[0m
[self_driving-10] [0m[INFO] [1782994283.757165235] [self_driving]: [TURN_CLUSTER_UPDATE] cluster=12 samples=1 lane_x=313.5 max_lane_x=313.5 cw_y=254 cw_range=(254,254)[0m
[self_driving-10] [0m[INFO] [1782994283.758417874] [self_driving]: [CMD] n=1233 source=line_turn linear_x=0.15 linear_y=0.00 angular_z=-0.45 state=LINE_FOLLOW stop=False lane_x=313.5 raw_lane_x=206.0 lane_filter=jump_reject cw_y=254 park_x=-1 right_done=False[0m
[self_driving-10] [0m[INFO] [1782994284.097057280] [self_driving]: [DEBUG_DRIVE] state=LINE_FOLLOW raw_lane_x=227.5 lane_x=227.5 filter=stable linear=0.15 angular=-0.45 cw_y=254 cw_n=1 cw_event_idx=6 right_done=False start_turn=True count_turn=37 park_x=-1 park_done=False traffic=None stop=False last_turn_age=5.78[0m
[self_driving-10] [0m[INFO] [1782994284.296922568] [self_driving]: [CMD] n=1241 source=line_turn linear_x=0.15 linear_y=0.00 angular_z=-0.45 state=LINE_FOLLOW stop=False lane_x=227.5 raw_lane_x=-1 lane_filter=hold_last cw_y=254 park_x=-1 right_done=False[0m
[self_driving-10] [33m[WARN] [1782994284.359702417] [self_driving]: [LANE_X_JUMP_REJECT] raw=77.5 last=227.5 diff=150.0 candidate=76.0 cnt=2/4[0m
[self_driving-10] [33m[WARN] [1782994284.494321373] [self_driving]: [LANE_TURN_EVENT_END] idx=17 raw_lane_x=-1 lane_x=-1 filter=lost last_turn_done_time=1782994284.49[0m
[self_driving-10] [0m[INFO] [1782994284.495133324] [self_driving]: [CMD] n=1244 source=lane_lost_safe linear_x=0.05 linear_y=0.00 angular_z=0.00 state=LINE_FOLLOW stop=False raw_lane_x=-1 lane_filter=lost[0m
[self_driving-10] [33m[WARN] [1782994284.496366315] [self_driving]: [LANE_LOST] raw_lane_x=-1 lane_x=-1 filter=lost stop=False state=LINE_FOLLOW safe_linear=0.05 right_ready=False right_done=False[0m
[self_driving-10] [0m[INFO] [1782994284.638566146] [self_driving]: [DEBUG_DRIVE] state=LINE_FOLLOW raw_lane_x=-1 lane_x=-1 filter=lost linear=0.15 angular=0.00 cw_y=254 cw_n=1 cw_event_idx=6 right_done=False start_turn=True count_turn=42 park_x=-1 park_done=False traffic=None stop=False last_turn_age=0.15[0m
[self_driving-10] [0m[INFO] [1782994284.768277118] [self_driving]: [CROSSWALK_SLOW_DONE] return normal speed[0m
[self_driving-10] [0m[INFO] [1782994285.039939068] [self_driving]: [CROSSWALK_SLOW] y=254 th=180 confirm=4 candidates=[{'cx': 507, 'cy': 254, 'w': 102, 'h': 8, 'area': 816, 'score': 0.7400000095367432}][0m
[self_driving-10] [0m[INFO] [1782994285.043380947] [self_driving]: [CMD] n=1252 source=lane_lost_safe linear_x=0.05 linear_y=0.00 angular_z=0.00 state=LINE_FOLLOW stop=False raw_lane_x=-1 lane_filter=lost[0m
[self_driving-10] [33m[WARN] [1782994285.045337388] [self_driving]: [LANE_LOST] raw_lane_x=-1 lane_x=-1 filter=lost stop=False state=LINE_FOLLOW safe_linear=0.05 right_ready=False right_done=False[0m
[self_driving-10] [0m[INFO] [1782994285.187780647] [self_driving]: [DEBUG_DRIVE] state=LINE_FOLLOW raw_lane_x=-1 lane_x=-1 filter=lost linear=0.15 angular=0.00 cw_y=254 cw_n=1 cw_event_idx=6 right_done=False start_turn=True count_turn=42 park_x=-1 park_done=False traffic=None stop=False last_turn_age=0.70[0m
[self_driving-10] [0m[INFO] [1782994285.583854656] [self_driving]: [CMD] n=1260 source=lane_lost_safe linear_x=0.05 linear_y=0.00 angular_z=0.00 state=LINE_FOLLOW stop=False raw_lane_x=-1 lane_filter=lost[0m
[self_driving-10] [33m[WARN] [1782994285.584460050] [self_driving]: [LANE_LOST] raw_lane_x=-1 lane_x=-1 filter=lost stop=False state=LINE_FOLLOW safe_linear=0.05 right_ready=False right_done=False[0m
[self_driving-10] [33m[WARN] [1782994285.647496383] [self_driving]: [TURN_CLUSTER_END] cluster=12 duration=1.89 samples=11 max_lane_x=313.5 cw_range=(254,254) last_event_idx=17[0m
[self_driving-10] [0m[INFO] [1782994285.711163332] [self_driving]: [DEBUG_DRIVE] state=LINE_FOLLOW raw_lane_x=-1 lane_x=-1 filter=lost linear=0.15 angular=0.00 cw_y=254 cw_n=1 cw_event_idx=6 right_done=False start_turn=True count_turn=42 park_x=-1 park_done=False traffic=None stop=False last_turn_age=1.22[0m
[self_driving-10] [0m[INFO] [1782994285.973962767] [self_driving]: [IMAGE] received count=1266 shape=(480, 640, 3) queue=0[0m
[self_driving-10] [0m[INFO] [1782994286.116057541] [self_driving]: [CMD] n=1268 source=lane_lost_safe linear_x=0.05 linear_y=0.00 angular_z=0.00 state=LINE_FOLLOW stop=False raw_lane_x=-1 lane_filter=lost[0m
[self_driving-10] [33m[WARN] [1782994286.120122703] [self_driving]: [LANE_LOST] raw_lane_x=-1 lane_x=-1 filter=lost stop=False state=LINE_FOLLOW safe_linear=0.05 right_ready=False right_done=False[0m
[self_driving-10] [0m[INFO] [1782994286.250227549] [self_driving]: [DEBUG_DRIVE] state=LINE_FOLLOW raw_lane_x=-1 lane_x=-1 filter=lost linear=0.15 angular=0.00 cw_y=254 cw_n=1 cw_event_idx=6 right_done=False start_turn=True count_turn=42 park_x=-1 park_done=False traffic=None stop=False last_turn_age=1.76[0m
[self_driving-10] [0m[INFO] [1782994286.655604484] [self_driving]: [CMD] n=1276 source=lane_lost_safe linear_x=0.05 linear_y=0.00 angular_z=0.00 state=LINE_FOLLOW stop=False raw_lane_x=-1 lane_filter=lost[0m
[self_driving-10] [33m[WARN] [1782994286.656406601] [self_driving]: [LANE_LOST] raw_lane_x=-1 lane_x=-1 filter=lost stop=False state=LINE_FOLLOW safe_linear=0.05 right_ready=False right_done=False[0m
[self_driving-10] [0m[INFO] [1782994286.785154696] [self_driving]: [DEBUG_DRIVE] state=LINE_FOLLOW raw_lane_x=-1 lane_x=-1 filter=lost linear=0.15 angular=0.00 cw_y=254 cw_n=1 cw_event_idx=6 right_done=False start_turn=True count_turn=42 park_x=-1 park_done=False traffic=None stop=False last_turn_age=2.30[0m
[self_driving-10] [0m[INFO] [1782994287.190302536] [self_driving]: [CMD] n=1284 source=lane_lost_safe linear_x=0.05 linear_y=0.00 angular_z=0.00 state=LINE_FOLLOW stop=False raw_lane_x=-1 lane_filter=lost[0m
[self_driving-10] [33m[WARN] [1782994287.191271081] [self_driving]: [LANE_LOST] raw_lane_x=-1 lane_x=-1 filter=lost stop=False state=LINE_FOLLOW safe_linear=0.05 right_ready=False right_done=False[0m
[self_driving-10] [0m[INFO] [1782994287.320152380] [self_driving]: [DEBUG_DRIVE] state=LINE_FOLLOW raw_lane_x=-1 lane_x=-1 filter=lost linear=0.15 angular=0.00 cw_y=254 cw_n=1 cw_event_idx=6 right_done=False start_turn=True count_turn=42 park_x=-1 park_done=False traffic=None stop=False last_turn_age=2.83[0m
[self_driving-10] [0m[INFO] [1782994287.729535995] [self_driving]: [CROSSWALK_SLOW_DONE] return normal speed[0m
[self_driving-10] [0m[INFO] [1782994287.732660261] [self_driving]: [CMD] n=1292 source=lane_lost_safe linear_x=0.05 linear_y=0.00 angular_z=0.00 state=LINE_FOLLOW stop=False raw_lane_x=-1 lane_filter=lost[0m
[self_driving-10] [33m[WARN] [1782994287.734696999] [self_driving]: [LANE_LOST] raw_lane_x=-1 lane_x=-1 filter=lost stop=False state=LINE_FOLLOW safe_linear=0.05 right_ready=False right_done=False[0m
[self_driving-10] [0m[INFO] [1782994287.765382113] [self_driving]: [OBJECTS] msg_count=171 n=1 names=['green'][0m
[self_driving-10] [0m[INFO] [1782994287.767579574] [self_driving]: [TRAFFIC_CANDIDATE] name=green valid=False cx=343 cy=381 w=372 h=198 area=73656 score=0.34 min_area=800[0m
[self_driving-10] [33m[WARN] [1782994287.864061747] [self_driving]: [LANE_TURN_EVENT_START] idx=18 raw_lane_x=240.5 lane_x=240.5 filter=stable th=200 cw_y=0[0m
[self_driving-10] [33m[WARN] [1782994287.866305450] [self_driving]: [TURN_CLUSTER_START] cluster=13 event_idx=18 raw_lane_x=240.5 lane_x=240.5 filter=stable cw_y=0[0m
[self_driving-10] [0m[INFO] [1782994287.866882362] [self_driving]: [TURN_CLUSTER_UPDATE] cluster=13 samples=1 lane_x=240.5 max_lane_x=240.5 cw_y=0 cw_range=(99999,0)[0m
[self_driving-10] [0m[INFO] [1782994287.870576280] [self_driving]: [CMD] n=1294 source=line_turn linear_x=0.30 linear_y=0.00 angular_z=-0.45 state=LINE_FOLLOW stop=False lane_x=240.5 raw_lane_x=240.5 lane_filter=stable cw_y=0 park_x=-1 right_done=False[0m
[self_driving-10] [0m[INFO] [1782994287.871280915] [self_driving]: [DEBUG_DRIVE] state=LINE_FOLLOW raw_lane_x=240.5 lane_x=240.5 filter=stable linear=0.30 angular=-0.45 cw_y=0 cw_n=0 cw_event_idx=6 right_done=False start_turn=True count_turn=43 park_x=-1 park_done=False traffic=None stop=False last_turn_age=3.38[0m
[self_driving-10] [0m[INFO] [1782994288.391387704] [self_driving]: [CMD] n=1302 source=line_turn linear_x=0.30 linear_y=0.00 angular_z=-0.45 state=LINE_FOLLOW stop=False lane_x=213.5 raw_lane_x=-1 lane_filter=hold_last cw_y=0 park_x=-1 right_done=False[0m
[self_driving-10] [0m[INFO] [1782994288.392315396] [self_driving]: [DEBUG_DRIVE] state=LINE_FOLLOW raw_lane_x=-1 lane_x=213.5 filter=hold_last linear=0.30 angular=-0.45 cw_y=0 cw_n=0 cw_event_idx=6 right_done=False start_turn=True count_turn=51 park_x=-1 park_done=False traffic=None stop=False last_turn_age=3.90[0m
[self_driving-10] [33m[WARN] [1782994288.749339152] [self_driving]: [LANE_TURN_EVENT_END] idx=18 raw_lane_x=-1 lane_x=-1 filter=lost last_turn_done_time=1782994288.74[0m
[self_driving-10] [0m[INFO] [1782994288.752308305] [self_driving]: [CMD] n=1307 source=lane_lost_safe linear_x=0.05 linear_y=0.00 angular_z=0.00 state=LINE_FOLLOW stop=False raw_lane_x=-1 lane_filter=lost[0m
[self_driving-10] [33m[WARN] [1782994288.754235802] [self_driving]: [LANE_LOST] raw_lane_x=-1 lane_x=-1 filter=lost stop=False state=LINE_FOLLOW safe_linear=0.05 right_ready=False right_done=False[0m
[self_driving-10] [0m[INFO] [1782994288.922712174] [self_driving]: [DEBUG_DRIVE] state=LINE_FOLLOW raw_lane_x=-1 lane_x=-1 filter=lost linear=0.30 angular=0.00 cw_y=0 cw_n=0 cw_event_idx=6 right_done=False start_turn=True count_turn=55 park_x=-1 park_done=False traffic=None stop=False last_turn_age=0.18[0m
[self_driving-10] [33m[WARN] [1782994289.131253345] [self_driving]: [LANE_TURN_EVENT_START] idx=19 raw_lane_x=283.0 lane_x=283.0 filter=stable th=200 cw_y=0[0m
[self_driving-10] [0m[INFO] [1782994289.131736738] [self_driving]: [TURN_CLUSTER_UPDATE] cluster=13 samples=14 lane_x=283.0 max_lane_x=283.0 cw_y=0 cw_range=(99999,0)[0m
[self_driving-10] [0m[INFO] [1782994289.138130455] [self_driving]: [CMD] n=1313 source=line_turn linear_x=0.30 linear_y=0.00 angular_z=-0.45 state=LINE_FOLLOW stop=False lane_x=283.0 raw_lane_x=283.0 lane_filter=stable cw_y=0 park_x=-1 right_done=False[0m
[self_driving-10] [33m[WARN] [1782994289.220345811] [self_driving]: [LANE_X_JUMP_REJECT] raw=196.5 last=283.0 diff=86.5 candidate=196.5 cnt=1/4[0m
[self_driving-10] [0m[INFO] [1782994289.471119909] [self_driving]: [DEBUG_DRIVE] state=LINE_FOLLOW raw_lane_x=-1 lane_x=283.0 filter=hold_last linear=0.30 angular=-0.45 cw_y=0 cw_n=0 cw_event_idx=6 right_done=False start_turn=True count_turn=61 park_x=-1 park_done=False traffic=None stop=False last_turn_age=0.73[0m
[self_driving-10] [33m[WARN] [1782994289.550236684] [self_driving]: [LANE_TURN_EVENT_END] idx=19 raw_lane_x=-1 lane_x=-1 filter=lost last_turn_done_time=1782994289.55[0m
[self_driving-10] [0m[INFO] [1782994289.551676381] [self_driving]: [CMD] n=1319 source=lane_lost_safe linear_x=0.05 linear_y=0.00 angular_z=0.00 state=LINE_FOLLOW stop=False raw_lane_x=-1 lane_filter=lost[0m
[self_driving-10] [33m[WARN] [1782994289.552233034] [self_driving]: [LANE_LOST] raw_lane_x=-1 lane_x=-1 filter=lost stop=False state=LINE_FOLLOW safe_linear=0.05 right_ready=False right_done=False[0m
[self_driving-10] [0m[INFO] [1782994289.668556178] [self_driving]: [CMD] n=1321 source=line_turn linear_x=0.30 linear_y=0.00 angular_z=-0.45 state=LINE_FOLLOW stop=False lane_x=298.0 raw_lane_x=298.0 lane_filter=stable cw_y=0 park_x=-1 right_done=False[0m
[self_driving-10] [33m[WARN] [1782994290.015712614] [self_driving]: [LANE_X_JUMP_REJECT] raw=91.5 last=274.0 diff=182.5 candidate=91.5 cnt=1/4[0m
[self_driving-10] [0m[INFO] [1782994290.016763011] [self_driving]: [DEBUG_DRIVE] state=LINE_FOLLOW raw_lane_x=91.5 lane_x=274.0 filter=jump_reject linear=0.30 angular=-0.45 cw_y=0 cw_n=0 cw_event_idx=6 right_done=False start_turn=True count_turn=67 park_x=-1 park_done=False traffic=None stop=False last_turn_age=0.47[0m
[self_driving-10] [33m[WARN] [1782994290.144303744] [self_driving]: [LANE_TURN_EVENT_START] idx=20 raw_lane_x=209.5 lane_x=209.5 filter=stable th=200 cw_y=0[0m
[self_driving-10] [0m[INFO] [1782994290.144840175] [self_driving]: [TURN_CLUSTER_UPDATE] cluster=13 samples=27 lane_x=209.5 max_lane_x=298.0 cw_y=0 cw_range=(99999,0)[0m
[self_driving-10] [0m[INFO] [1782994290.223087128] [self_driving]: [CMD] n=1329 source=line_turn linear_x=0.30 linear_y=0.00 angular_z=-0.45 state=LINE_FOLLOW stop=False lane_x=217.0 raw_lane_x=217.0 lane_filter=stable cw_y=0 park_x=-1 right_done=False[0m
[self_driving-10] [0m[INFO] [1782994290.479482105] [self_driving]: [OBJECTS] msg_count=172 n=1 names=['crosswalk'][0m
[self_driving-10] [0m[INFO] [1782994290.482273219] [self_driving]: [CROSSWALK_METRIC] n=1 nearest={'cx': 421, 'cy': 471, 'w': 86, 'h': 16, 'area': 1376, 'score': 0.4399999976158142} all=[{'cx': 421, 'cy': 471, 'w': 86, 'h': 16, 'area': 1376, 'score': 0.4399999976158142}] event_idx=6[0m
[self_driving-10] [33m[WARN] [1782994290.488787752] [self_driving]: [CROSSWALK_EVENT] idx=7 policy=future_pass_candidate nearest={'cx': 421, 'cy': 471, 'w': 86, 'h': 16, 'area': 1376, 'score': 0.4399999976158142} y_th=120[0m
[self_driving-10] [0m[INFO] [1782994290.558171043] [self_driving]: [DEBUG_DRIVE] state=LINE_FOLLOW raw_lane_x=243.5 lane_x=243.5 filter=stable linear=0.30 angular=-0.45 cw_y=471 cw_n=1 cw_event_idx=7 right_done=False start_turn=True count_turn=75 park_x=-1 park_done=False traffic=None stop=False last_turn_age=1.01[0m
[self_driving-10] [33m[WARN] [1782994290.675280897] [self_driving]: [LANE_TURN_EVENT_END] idx=20 raw_lane_x=194.5 lane_x=194.5 filter=stable last_turn_done_time=1782994290.67[0m
[self_driving-10] [0m[INFO] [1782994290.678456719] [self_driving]: [CMD] n=1336 source=pid_follow linear_x=0.30 linear_y=0.00 angular_z=-0.10 state=LINE_FOLLOW stop=False lane_x=194.5 raw_lane_x=194.5 lane_filter=stable cw_y=471 park_x=-1 right_done=False[0m
[self_driving-10] [0m[INFO] [1782994290.743657569] [self_driving]: [CROSSWALK_SLOW] y=471 th=180 confirm=4 candidates=[{'cx': 421, 'cy': 471, 'w': 86, 'h': 16, 'area': 1376, 'score': 0.4399999976158142}][0m
[self_driving-10] [0m[INFO] [1782994290.831897787] [self_driving]: [CMD] n=1338 source=line_turn linear_x=0.15 linear_y=0.00 angular_z=-0.45 state=LINE_FOLLOW stop=False lane_x=215.0 raw_lane_x=215.0 lane_filter=stable cw_y=471 park_x=-1 right_done=False[0m
[self_driving-10] [0m[INFO] [1782994290.958088342] [self_driving]: [CMD] n=1340 source=pid_follow linear_x=0.15 linear_y=0.00 angular_z=-0.10 state=LINE_FOLLOW stop=False lane_x=184.0 raw_lane_x=184.0 lane_filter=stable cw_y=471 park_x=-1 right_done=False[0m
[self_driving-10] [0m[INFO] [1782994291.090912617] [self_driving]: [DEBUG_DRIVE] state=LINE_FOLLOW raw_lane_x=134.0 lane_x=134.0 filter=stable linear=0.15 angular=0.10 cw_y=471 cw_n=1 cw_event_idx=7 right_done=False start_turn=False count_turn=0 park_x=-1 park_done=False traffic=None stop=False last_turn_age=0.41[0m
[self_driving-10] [33m[WARN] [1782994291.172393504] [self_driving]: [LANE_X_JUMP_REJECT] raw=271.0 last=134.0 diff=137.0 candidate=271.0 cnt=1/4[0m
[self_driving-10] [0m[INFO] [1782994291.498157345] [self_driving]: [CMD] n=1348 source=pid_follow linear_x=0.15 linear_y=0.00 angular_z=0.10 state=LINE_FOLLOW stop=False lane_x=89.5 raw_lane_x=217.5 lane_filter=jump_reject cw_y=471 park_x=-1 right_done=False[0m
[self_driving-10] [0m[INFO] [1782994291.558887808] [self_driving]: [LANE_X_JUMP_ACCEPT] raw=211.0 last=211.0 cnt=4/4[0m
[self_driving-10] [33m[WARN] [1782994291.562028203] [self_driving]: [LANE_TURN_EVENT_START] idx=21 raw_lane_x=211.0 lane_x=211.0 filter=jump_accept th=200 cw_y=471[0m
[self_driving-10] [0m[INFO] [1782994291.568498624] [self_driving]: [TURN_CLUSTER_UPDATE] cluster=13 samples=37 lane_x=211.0 max_lane_x=298.0 cw_y=471 cw_range=(471,471)[0m
[self_driving-10] [0m[INFO] [1782994291.572857048] [self_driving]: [CMD] n=1349 source=line_turn linear_x=0.15 linear_y=0.00 angular_z=-0.45 state=LINE_FOLLOW stop=False lane_x=211.0 raw_lane_x=211.0 lane_filter=jump_accept cw_y=471 park_x=-1 right_done=False[0m
[self_driving-10] [0m[INFO] [1782994291.626800050] [self_driving]: [DEBUG_DRIVE] state=LINE_FOLLOW raw_lane_x=259.5 lane_x=259.5 filter=stable linear=0.15 angular=-0.45 cw_y=471 cw_n=1 cw_event_idx=7 right_done=False start_turn=False count_turn=2 park_x=-1 park_done=False traffic=None stop=False last_turn_age=0.95[0m
[self_driving-10] [33m[WARN] [1782994291.764014841] [self_driving]: [LANE_X_JUMP_REJECT] raw=26.5 last=211.0 diff=184.5 candidate=26.5 cnt=1/4[0m
[self_driving-10] [33m[WARN] [1782994291.817741970] [self_driving]: [LANE_TURN_EVENT_END] idx=21 raw_lane_x=186.5 lane_x=186.5 filter=stable last_turn_done_time=1782994291.82[0m
[self_driving-10] [0m[INFO] [1782994291.818475976] [self_driving]: [CMD] n=1353 source=pid_follow linear_x=0.15 linear_y=0.00 angular_z=-0.10 state=LINE_FOLLOW stop=False lane_x=186.5 raw_lane_x=186.5 lane_filter=stable cw_y=471 park_x=-1 right_done=False[0m
[self_driving-10] [0m[INFO] [1782994292.164465496] [self_driving]: [DEBUG_DRIVE] state=LINE_FOLLOW raw_lane_x=-1 lane_x=111.0 filter=hold_last linear=0.15 angular=0.10 cw_y=471 cw_n=1 cw_event_idx=7 right_done=False start_turn=False count_turn=0 park_x=-1 park_done=False traffic=None stop=False last_turn_age=0.35[0m
[self_driving-10] [0m[INFO] [1782994292.352093242] [self_driving]: [CMD] n=1361 source=pid_follow linear_x=0.15 linear_y=0.00 angular_z=0.10 state=LINE_FOLLOW stop=False lane_x=93.5 raw_lane_x=93.5 lane_filter=stable cw_y=471 park_x=-1 right_done=False[0m
[self_driving-10] [33m[WARN] [1782994292.436551523] [self_driving]: [LANE_X_JUMP_REJECT] raw=210.5 last=93.5 diff=117.0 candidate=210.5 cnt=1/4[0m
[self_driving-10] [0m[INFO] [1782994292.702120183] [self_driving]: [DEBUG_DRIVE] state=LINE_FOLLOW raw_lane_x=120.5 lane_x=120.5 filter=stable linear=0.15 angular=-0.10 cw_y=471 cw_n=1 cw_event_idx=7 right_done=False start_turn=False count_turn=0 park_x=-1 park_done=False traffic=None stop=False last_turn_age=0.88[0m
[self_driving-10] [0m[INFO] [1782994292.905266645] [self_driving]: [CMD] n=1369 source=pid_follow linear_x=0.15 linear_y=0.00 angular_z=0.10 state=LINE_FOLLOW stop=False lane_x=94.5 raw_lane_x=286.0 lane_filter=jump_reject cw_y=471 park_x=-1 right_done=False[0m
[self_driving-10] [33m[WARN] [1782994292.962656989] [self_driving]: [LANE_X_JUMP_REJECT] raw=238.0 last=94.5 diff=143.5 candidate=238.0 cnt=1/4[0m
[self_driving-10] [33m[WARN] [1782994293.035429232] [self_driving]: [TURN_CLUSTER_END] cluster=13 duration=5.17 samples=40 max_lane_x=298.0 cw_range=(471,471) last_event_idx=21[0m
[self_driving-10] [0m[INFO] [1782994293.255962813] [self_driving]: [DEBUG_DRIVE] state=LINE_FOLLOW raw_lane_x=279.0 lane_x=155.5 filter=jump_reject linear=0.15 angular=-0.10 cw_y=471 cw_n=1 cw_event_idx=7 right_done=False start_turn=False count_turn=0 park_x=-1 park_done=False traffic=None stop=False last_turn_age=1.44[0m
[self_driving-10] [0m[INFO] [1782994293.434729545] [self_driving]: [CROSSWALK_SLOW_DONE] return normal speed[0m
[self_driving-10] [0m[INFO] [1782994293.436039963] [self_driving]: [CMD] n=1377 source=pid_follow linear_x=0.15 linear_y=0.00 angular_z=-0.10 state=LINE_FOLLOW stop=False lane_x=147.0 raw_lane_x=27.0 lane_filter=jump_reject cw_y=471 park_x=-1 right_done=False[0m
[self_driving-10] [0m[INFO] [1782994293.479954792] [self_driving]: [OBJECTS] msg_count=173 n=1 names=['crosswalk'][0m
[self_driving-10] [0m[INFO] [1782994293.481913604] [self_driving]: [CROSSWALK_METRIC] n=1 nearest={'cx': 115, 'cy': 432, 'w': 122, 'h': 47, 'area': 5734, 'score': 0.6899999976158142} all=[{'cx': 115, 'cy': 432, 'w': 122, 'h': 47, 'area': 5734, 'score': 0.6899999976158142}] event_idx=7[0m
[self_driving-10] [33m[WARN] [1782994293.516312821] [self_driving]: [LANE_X_JUMP_REJECT] raw=41.0 last=147.0 diff=106.0 candidate=27.0 cnt=2/4[0m
[self_driving-10] [0m[INFO] [1782994293.631510586] [self_driving]: [LANE_X_JUMP_ACCEPT] raw=42.5 last=42.5 cnt=4/4[0m
[self_driving-10] [0m[INFO] [1782994293.720109973] [self_driving]: [CROSSWALK_SLOW] y=451 th=180 confirm=4 candidates=[{'cx': 509, 'cy': 451, 'w': 136, 'h': 58, 'area': 7888, 'score': 0.27000001072883606}][0m
[self_driving-10] [0m[INFO] [1782994293.759740139] [self_driving]: [DEBUG_DRIVE] state=LINE_FOLLOW raw_lane_x=95.5 lane_x=95.5 filter=stable linear=0.15 angular=-0.10 cw_y=451 cw_n=1 cw_event_idx=7 right_done=False start_turn=False count_turn=0 park_x=-1 park_done=False traffic=None stop=False last_turn_age=1.94[0m
[self_driving-10] [0m[INFO] [1782994293.972390454] [self_driving]: [CMD] n=1385 source=pid_follow linear_x=0.15 linear_y=0.00 angular_z=0.10 state=LINE_FOLLOW stop=False lane_x=121.5 raw_lane_x=121.5 lane_filter=stable cw_y=390 park_x=-1 right_done=False[0m
[self_driving-10] [0m[INFO] [1782994294.039104557] [self_driving]: [IMAGE] received count=1386 shape=(480, 640, 3) queue=0[0m
[self_driving-10] [0m[INFO] [1782994294.315806176] [self_driving]: [DEBUG_DRIVE] state=LINE_FOLLOW raw_lane_x=64.5 lane_x=64.5 filter=stable linear=0.15 angular=0.10 cw_y=390 cw_n=1 cw_event_idx=7 right_done=False start_turn=False count_turn=0 park_x=-1 park_done=False traffic=None stop=False last_turn_age=2.50[0m
[self_driving-10] [0m[INFO] [1782994294.509523841] [self_driving]: [CMD] n=1393 source=pid_follow linear_x=0.15 linear_y=0.00 angular_z=0.10 state=LINE_FOLLOW stop=False lane_x=69.5 raw_lane_x=69.5 lane_filter=stable cw_y=390 park_x=-1 right_done=False[0m
[self_driving-10] [0m[INFO] [1782994294.518275132] [self_driving]: [OBJECTS] msg_count=177 n=1 names=['crosswalk'][0m
[self_driving-10] [0m[INFO] [1782994294.861681243] [self_driving]: [DEBUG_DRIVE] state=LINE_FOLLOW raw_lane_x=94.5 lane_x=94.5 filter=stable linear=0.15 angular=0.10 cw_y=224 cw_n=1 cw_event_idx=7 right_done=False start_turn=False count_turn=0 park_x=-1 park_done=False traffic=None stop=False last_turn_age=3.04[0m
[self_driving-10] [0m[INFO] [1782994295.039821247] [self_driving]: [CMD] n=1401 source=pid_follow linear_x=0.15 linear_y=0.00 angular_z=0.10 state=LINE_FOLLOW stop=False lane_x=112.5 raw_lane_x=112.5 lane_filter=stable cw_y=224 park_x=-1 right_done=False[0m
[self_driving-10] [0m[INFO] [1782994295.161566990] [self_driving]: [OBJECTS] msg_count=181 n=1 names=['crosswalk'][0m
[self_driving-10] [0m[INFO] [1782994295.164838053] [self_driving]: [CROSSWALK_METRIC] n=1 nearest={'cx': 385, 'cy': 233, 'w': 378, 'h': 25, 'area': 9450, 'score': 0.8899999856948853} all=[{'cx': 385, 'cy': 233, 'w': 378, 'h': 25, 'area': 9450, 'score': 0.8899999856948853}] event_idx=7[0m
[self_driving-10] [0m[INFO] [1782994295.387699264] [self_driving]: [CROSSWALK_IGNORE] y=176 < th=180 candidates=[{'cx': 347, 'cy': 176, 'w': 181, 'h': 8, 'area': 1448, 'score': 0.7799999713897705}][0m
[self_driving-10] [0m[INFO] [1782994295.391141310] [self_driving]: [DEBUG_DRIVE] state=LINE_FOLLOW raw_lane_x=134.0 lane_x=134.0 filter=stable linear=0.15 angular=-0.10 cw_y=176 cw_n=1 cw_event_idx=7 right_done=False start_turn=False count_turn=0 park_x=-1 park_done=False traffic=None stop=False last_turn_age=3.57[0m
[self_driving-10] [0m[INFO] [1782994295.602172686] [self_driving]: [CMD] n=1409 source=pid_follow linear_x=0.15 linear_y=0.00 angular_z=0.10 state=LINE_FOLLOW stop=False lane_x=128.0 raw_lane_x=128.0 lane_filter=stable cw_y=177 park_x=-1 right_done=False[0m
[self_driving-10] [0m[INFO] [1782994295.867398010] [self_driving]: [OBJECTS] msg_count=185 n=1 names=['crosswalk'][0m
[self_driving-10] [0m[INFO] [1782994295.918753954] [self_driving]: [CROSSWALK_IGNORE] y=179 < th=180 candidates=[{'cx': 394, 'cy': 179, 'w': 201, 'h': 9, 'area': 1809, 'score': 0.7799999713897705}][0m
[self_driving-10] [0m[INFO] [1782994295.920083205] [self_driving]: [DEBUG_DRIVE] state=LINE_FOLLOW raw_lane_x=136.0 lane_x=136.0 filter=stable linear=0.15 angular=-0.10 cw_y=179 cw_n=1 cw_event_idx=7 right_done=False start_turn=False count_turn=0 park_x=-1 park_done=False traffic=None stop=False last_turn_age=4.10[0m
[self_driving-10] [0m[INFO] [1782994296.116287649] [self_driving]: [CMD] n=1417 source=pid_follow linear_x=0.15 linear_y=0.00 angular_z=0.10 state=LINE_FOLLOW stop=False lane_x=126.0 raw_lane_x=126.0 lane_filter=stable cw_y=179 park_x=-1 right_done=False[0m
[self_driving-10] [0m[INFO] [1782994296.398774129] [self_driving]: [CROSSWALK_SLOW_DONE] return normal speed[0m
[self_driving-10] [0m[INFO] [1782994296.449836367] [self_driving]: [DEBUG_DRIVE] state=LINE_FOLLOW raw_lane_x=129.0 lane_x=129.0 filter=stable linear=0.30 angular=0.10 cw_y=184 cw_n=1 cw_event_idx=7 right_done=False start_turn=False count_turn=0 park_x=-1 park_done=False traffic=None stop=False last_turn_age=4.63[0m
[self_driving-10] [0m[INFO] [1782994296.652031784] [self_driving]: [OBJECTS] msg_count=189 n=1 names=['crosswalk'][0m
[self_driving-10] [0m[INFO] [1782994296.680625566] [self_driving]: [CROSSWALK_SLOW] y=189 th=180 confirm=4 candidates=[{'cx': 413, 'cy': 189, 'w': 229, 'h': 10, 'area': 2290, 'score': 0.8100000023841858}][0m
[self_driving-10] [0m[INFO] [1782994296.681924040] [self_driving]: [CMD] n=1425 source=pid_follow linear_x=0.15 linear_y=0.00 angular_z=0.10 state=LINE_FOLLOW stop=False lane_x=126.5 raw_lane_x=126.5 lane_filter=stable cw_y=189 park_x=-1 right_done=False[0m
[self_driving-10] [0m[INFO] [1782994296.992534557] [self_driving]: [DEBUG_DRIVE] state=LINE_FOLLOW raw_lane_x=129.5 lane_x=129.5 filter=stable linear=0.15 angular=0.10 cw_y=189 cw_n=1 cw_event_idx=7 right_done=False start_turn=False count_turn=0 park_x=-1 park_done=False traffic=None stop=False last_turn_age=5.17[0m
[self_driving-10] [0m[INFO] [1782994297.016006262] [self_driving]: [CROSSWALK_METRIC] n=1 nearest={'cx': 401, 'cy': 337, 'w': 467, 'h': 81, 'area': 37827, 'score': 0.8600000143051147} all=[{'cx': 401, 'cy': 337, 'w': 467, 'h': 81, 'area': 37827, 'score': 0.8600000143051147}] event_idx=7[0m
[self_driving-10] [0m[INFO] [1782994297.203317653] [self_driving]: [CMD] n=1433 source=pid_follow linear_x=0.15 linear_y=0.00 angular_z=-0.10 state=LINE_FOLLOW stop=False lane_x=132.5 raw_lane_x=132.5 lane_filter=stable cw_y=193 park_x=-1 right_done=False[0m
[self_driving-10] [0m[INFO] [1782994297.357429782] [self_driving]: [OBJECTS] msg_count=192 n=1 names=['crosswalk'][0m
[self_driving-10] [0m[INFO] [1782994297.535392822] [self_driving]: [DEBUG_DRIVE] state=LINE_FOLLOW raw_lane_x=134.0 lane_x=134.0 filter=stable linear=0.15 angular=-0.10 cw_y=387 cw_n=1 cw_event_idx=7 right_done=False start_turn=False count_turn=0 park_x=-1 park_done=False traffic=None stop=False last_turn_age=5.72[0m
[self_driving-10] [0m[INFO] [1782994297.755864477] [self_driving]: [CMD] n=1441 source=pid_follow linear_x=0.15 linear_y=0.00 angular_z=0.10 state=LINE_FOLLOW stop=False lane_x=131.5 raw_lane_x=131.5 lane_filter=stable cw_y=426 park_x=-1 right_done=False[0m
[self_driving-10] [0m[INFO] [1782994298.074338834] [self_driving]: [OBJECTS] msg_count=196 n=1 names=['crosswalk'][0m
[self_driving-10] [0m[INFO] [1782994298.078447108] [self_driving]: [DEBUG_DRIVE] state=LINE_FOLLOW raw_lane_x=135.5 lane_x=135.5 filter=stable linear=0.15 angular=-0.10 cw_y=210 cw_n=1 cw_event_idx=7 right_done=False start_turn=False count_turn=0 park_x=-1 park_done=False traffic=None stop=False last_turn_age=6.26[0m
[self_driving-10] [0m[INFO] [1782994298.277895818] [self_driving]: [CMD] n=1449 source=pid_follow linear_x=0.15 linear_y=0.00 angular_z=-0.10 state=LINE_FOLLOW stop=False lane_x=140.0 raw_lane_x=140.0 lane_filter=stable cw_y=210 park_x=-1 right_done=False[0m
[self_driving-10] [0m[INFO] [1782994298.607932619] [self_driving]: [DEBUG_DRIVE] state=LINE_FOLLOW raw_lane_x=147.0 lane_x=147.0 filter=stable linear=0.15 angular=-0.10 cw_y=215 cw_n=1 cw_event_idx=7 right_done=False start_turn=False count_turn=0 park_x=-1 park_done=False traffic=None stop=False last_turn_age=6.79[0m
[self_driving-10] [0m[INFO] [1782994298.761207371] [self_driving]: [OBJECTS] msg_count=198 n=1 names=['crosswalk'][0m
[self_driving-10] [0m[INFO] [1782994298.762907088] [self_driving]: [CROSSWALK_METRIC] n=1 nearest={'cx': 456, 'cy': 223, 'w': 368, 'h': 28, 'area': 10304, 'score': 0.8799999952316284} all=[{'cx': 456, 'cy': 223, 'w': 368, 'h': 28, 'area': 10304, 'score': 0.8799999952316284}] event_idx=7[0m
[self_driving-10] [0m[INFO] [1782994298.832705030] [self_driving]: [CMD] n=1457 source=pid_follow linear_x=0.15 linear_y=0.00 angular_z=-0.10 state=LINE_FOLLOW stop=False lane_x=143.0 raw_lane_x=143.0 lane_filter=stable cw_y=223 park_x=-1 right_done=False[0m
[self_driving-10] [0m[INFO] [1782994299.153164181] [self_driving]: [DEBUG_DRIVE] state=LINE_FOLLOW raw_lane_x=133.5 lane_x=133.5 filter=stable linear=0.15 angular=0.10 cw_y=234 cw_n=1 cw_event_idx=7 right_done=False start_turn=False count_turn=0 park_x=-1 park_done=False traffic=None stop=False last_turn_age=7.34[0m
[self_driving-10] [0m[INFO] [1782994299.355461044] [self_driving]: [CROSSWALK_SLOW_DONE] return normal speed[0m
[self_driving-10] [0m[INFO] [1782994299.358056860] [self_driving]: [CMD] n=1465 source=pid_follow linear_x=0.15 linear_y=0.00 angular_z=0.10 state=LINE_FOLLOW stop=False lane_x=125.0 raw_lane_x=125.0 lane_filter=stable cw_y=234 park_x=-1 right_done=False[0m
[self_driving-10] [0m[INFO] [1782994299.433290697] [self_driving]: [OBJECTS] msg_count=200 n=1 names=['crosswalk'][0m
[self_driving-10] [0m[INFO] [1782994299.620812035] [self_driving]: [CROSSWALK_SLOW] y=251 th=180 confirm=4 candidates=[{'cx': 447, 'cy': 251, 'w': 385, 'h': 39, 'area': 15015, 'score': 0.9200000166893005}][0m
[self_driving-10] [0m[INFO] [1782994299.678754976] [self_driving]: [DEBUG_DRIVE] state=LINE_FOLLOW raw_lane_x=160.0 lane_x=160.0 filter=stable linear=0.15 angular=-0.10 cw_y=251 cw_n=1 cw_event_idx=7 right_done=False start_turn=False count_turn=0 park_x=-1 park_done=False traffic=None stop=False last_turn_age=7.86[0m
[self_driving-10] [0m[INFO] [1782994299.887740929] [self_driving]: [CMD] n=1473 source=pid_follow linear_x=0.15 linear_y=0.00 angular_z=0.10 state=LINE_FOLLOW stop=False lane_x=133.5 raw_lane_x=133.5 lane_filter=stable cw_y=270 park_x=-1 right_done=False[0m
[self_driving-10] [0m[INFO] [1782994300.152072764] [self_driving]: [OBJECTS] msg_count=202 n=1 names=['crosswalk'][0m
[self_driving-10] [0m[INFO] [1782994300.220398843] [self_driving]: [DEBUG_DRIVE] state=LINE_FOLLOW raw_lane_x=131.5 lane_x=131.5 filter=stable linear=0.15 angular=-0.10 cw_y=294 cw_n=1 cw_event_idx=7 right_done=False start_turn=False count_turn=0 park_x=-1 park_done=False traffic=None stop=False last_turn_age=8.40[0m
[self_driving-10] [0m[INFO] [1782994300.421603456] [self_driving]: [CMD] n=1481 source=pid_follow linear_x=0.15 linear_y=0.00 angular_z=0.10 state=LINE_FOLLOW stop=False lane_x=120.0 raw_lane_x=120.0 lane_filter=stable cw_y=294 park_x=-1 right_done=False[0m
[self_driving-10] [0m[INFO] [1782994300.482496198] [self_driving]: [CROSSWALK_METRIC] n=1 nearest={'cx': 400, 'cy': 329, 'w': 473, 'h': 76, 'area': 35948, 'score': 0.9300000071525574} all=[{'cx': 400, 'cy': 329, 'w': 473, 'h': 76, 'area': 35948, 'score': 0.9300000071525574}] event_idx=7[0m
[self_driving-10] [0m[INFO] [1782994300.750909677] [self_driving]: [DEBUG_DRIVE] state=LINE_FOLLOW raw_lane_x=140.5 lane_x=140.5 filter=stable linear=0.15 angular=-0.10 cw_y=329 cw_n=1 cw_event_idx=7 right_done=False start_turn=False count_turn=0 park_x=-1 park_done=False traffic=None stop=False last_turn_age=8.93[0m
[self_driving-10] [0m[INFO] [1782994300.818959217] [self_driving]: [OBJECTS] msg_count=204 n=1 names=['crosswalk'][0m
[self_driving-10] [0m[INFO] [1782994300.966575609] [self_driving]: [CMD] n=1489 source=pid_follow linear_x=0.15 linear_y=0.00 angular_z=0.10 state=LINE_FOLLOW stop=False lane_x=133.0 raw_lane_x=133.0 lane_filter=stable cw_y=407 park_x=-1 right_done=False[0m
[self_driving-10] [0m[INFO] [1782994301.303742170] [self_driving]: [DEBUG_DRIVE] state=LINE_FOLLOW raw_lane_x=134.5 lane_x=134.5 filter=stable linear=0.15 angular=-0.10 cw_y=420 cw_n=1 cw_event_idx=7 right_done=False start_turn=False count_turn=0 park_x=-1 park_done=False traffic=None stop=False last_turn_age=9.49[0m
[self_driving-10] [0m[INFO] [1782994301.489117380] [self_driving]: [CMD] n=1497 source=pid_follow linear_x=0.15 linear_y=0.00 angular_z=-0.10 state=LINE_FOLLOW stop=False lane_x=140.0 raw_lane_x=140.0 lane_filter=stable cw_y=420 park_x=-1 right_done=False[0m
[self_driving-10] [0m[INFO] [1782994301.496036842] [self_driving]: [OBJECTS] msg_count=206 n=1 names=['crosswalk'][0m
[self_driving-10] [0m[INFO] [1782994301.831508982] [self_driving]: [DEBUG_DRIVE] state=LINE_FOLLOW raw_lane_x=126.0 lane_x=126.0 filter=stable linear=0.15 angular=0.10 cw_y=440 cw_n=1 cw_event_idx=7 right_done=False start_turn=False count_turn=0 park_x=-1 park_done=False traffic=None stop=False last_turn_age=10.01[0m
[self_driving-10] [0m[INFO] [1782994302.030569541] [self_driving]: [CMD] n=1505 source=pid_follow linear_x=0.15 linear_y=0.00 angular_z=-0.10 state=LINE_FOLLOW stop=False lane_x=132.0 raw_lane_x=132.0 lane_filter=stable cw_y=440 park_x=-1 right_done=False[0m
[self_driving-10] [0m[INFO] [1782994302.088975838] [self_driving]: [IMAGE] received count=1506 shape=(480, 640, 3) queue=0[0m
[self_driving-10] [0m[INFO] [1782994302.308909599] [self_driving]: [CROSSWALK_SLOW_DONE] return normal speed[0m
[self_driving-10] [0m[INFO] [1782994302.367044301] [self_driving]: [DEBUG_DRIVE] state=LINE_FOLLOW raw_lane_x=131.5 lane_x=131.5 filter=stable linear=0.30 angular=-0.10 cw_y=440 cw_n=1 cw_event_idx=7 right_done=False start_turn=False count_turn=0 park_x=-1 park_done=False traffic=None stop=False last_turn_age=10.55[0m
[self_driving-10] [0m[INFO] [1782994302.581198220] [self_driving]: [CROSSWALK_SLOW] y=440 th=180 confirm=4 candidates=[{'cx': 343, 'cy': 440, 'w': 593, 'h': 79, 'area': 46847, 'score': 0.9100000262260437}][0m
[self_driving-10] [0m[INFO] [1782994302.586710727] [self_driving]: [CMD] n=1513 source=pid_follow linear_x=0.15 linear_y=0.00 angular_z=-0.10 state=LINE_FOLLOW stop=False lane_x=138.5 raw_lane_x=138.5 lane_filter=stable cw_y=440 park_x=-1 right_done=False[0m
[self_driving-10] [0m[INFO] [1782994302.930993678] [self_driving]: [DEBUG_DRIVE] state=LINE_FOLLOW raw_lane_x=128.0 lane_x=128.0 filter=stable linear=0.15 angular=0.10 cw_y=440 cw_n=1 cw_event_idx=7 right_done=False start_turn=False count_turn=0 park_x=-1 park_done=False traffic=None stop=False last_turn_age=11.11[0m
[self_driving-10] [0m[INFO] [1782994303.103291506] [self_driving]: [CMD] n=1521 source=pid_follow linear_x=0.15 linear_y=0.00 angular_z=0.10 state=LINE_FOLLOW stop=False lane_x=126.0 raw_lane_x=126.0 lane_filter=stable cw_y=440 park_x=-1 right_done=False[0m
[self_driving-10] [0m[INFO] [1782994303.460589634] [self_driving]: [DEBUG_DRIVE] state=LINE_FOLLOW raw_lane_x=130.0 lane_x=130.0 filter=stable linear=0.15 angular=0.00 cw_y=440 cw_n=1 cw_event_idx=7 right_done=False start_turn=False count_turn=0 park_x=-1 park_done=False traffic=None stop=False last_turn_age=11.64[0m
[self_driving-10] [0m[INFO] [1782994303.531517400] [self_driving]: [OBJECTS] msg_count=207 n=1 names=['crosswalk'][0m
[self_driving-10] [0m[INFO] [1782994303.532885485] [self_driving]: [CROSSWALK_METRIC] n=1 nearest={'cx': 559, 'cy': 325, 'w': 160, 'h': 121, 'area': 19360, 'score': 0.6499999761581421} all=[{'cx': 559, 'cy': 325, 'w': 160, 'h': 121, 'area': 19360, 'score': 0.6499999761581421}] event_idx=7[0m
[self_driving-10] [0m[INFO] [1782994303.645578841] [self_driving]: [CMD] n=1529 source=pid_follow linear_x=0.15 linear_y=0.00 angular_z=0.10 state=LINE_FOLLOW stop=False lane_x=130.0 raw_lane_x=130.0 lane_filter=stable cw_y=325 park_x=-1 right_done=False[0m
[self_driving-10] [0m[INFO] [1782994303.998307637] [self_driving]: [DEBUG_DRIVE] state=LINE_FOLLOW raw_lane_x=135.5 lane_x=135.5 filter=stable linear=0.15 angular=0.05 cw_y=325 cw_n=1 cw_event_idx=7 right_done=False start_turn=False count_turn=0 park_x=-1 park_done=False traffic=None stop=False last_turn_age=12.18[0m
[self_driving-10] [0m[INFO] [1782994304.183793570] [self_driving]: [CMD] n=1537 source=pid_follow linear_x=0.15 linear_y=0.00 angular_z=-0.10 state=LINE_FOLLOW stop=False lane_x=134.0 raw_lane_x=134.0 lane_filter=stable cw_y=325 park_x=-1 right_done=False[0m
[self_driving-10] [0m[INFO] [1782994304.512403952] [self_driving]: [DEBUG_DRIVE] state=LINE_FOLLOW raw_lane_x=148.0 lane_x=148.0 filter=stable linear=0.15 angular=-0.10 cw_y=325 cw_n=1 cw_event_idx=7 right_done=False start_turn=False count_turn=0 park_x=-1 park_done=False traffic=None stop=False last_turn_age=12.69[0m
[self_driving-10] [0m[INFO] [1782994304.726236758] [self_driving]: [CMD] n=1545 source=pid_follow linear_x=0.15 linear_y=0.00 angular_z=-0.10 state=LINE_FOLLOW stop=False lane_x=143.0 raw_lane_x=143.0 lane_filter=stable cw_y=325 park_x=-1 right_done=False[0m
[self_driving-10] [0m[INFO] [1782994305.067313368] [self_driving]: [DEBUG_DRIVE] state=LINE_FOLLOW raw_lane_x=198.0 lane_x=198.0 filter=stable linear=0.15 angular=-0.10 cw_y=325 cw_n=1 cw_event_idx=7 right_done=False start_turn=False count_turn=0 park_x=-1 park_done=False traffic=None stop=False last_turn_age=13.25[0m
[self_driving-10] [33m[WARN] [1782994305.128046350] [self_driving]: [LANE_TURN_EVENT_START] idx=22 raw_lane_x=202.0 lane_x=202.0 filter=stable th=200 cw_y=325[0m
[self_driving-10] [33m[WARN] [1782994305.130219867] [self_driving]: [TURN_CLUSTER_START] cluster=14 event_idx=22 raw_lane_x=202.0 lane_x=202.0 filter=stable cw_y=325[0m
[self_driving-10] [0m[INFO] [1782994305.132457014] [self_driving]: [TURN_CLUSTER_UPDATE] cluster=14 samples=1 lane_x=202.0 max_lane_x=202.0 cw_y=325 cw_range=(325,325)[0m
[self_driving-10] [0m[INFO] [1782994305.133532375] [self_driving]: [CMD] n=1551 source=line_turn linear_x=0.15 linear_y=0.00 angular_z=-0.45 state=LINE_FOLLOW stop=False lane_x=202.0 raw_lane_x=202.0 lane_filter=stable cw_y=325 park_x=-1 right_done=False[0m
[self_driving-10] [0m[INFO] [1782994305.276819918] [self_driving]: [CROSSWALK_SLOW_DONE] return normal speed[0m
[self_driving-10] [0m[INFO] [1782994305.539314720] [self_driving]: [CROSSWALK_SLOW] y=325 th=180 confirm=4 candidates=[{'cx': 559, 'cy': 325, 'w': 160, 'h': 121, 'area': 19360, 'score': 0.6499999761581421}][0m
[self_driving-10] [0m[INFO] [1782994305.611901962] [self_driving]: [DEBUG_DRIVE] state=LINE_FOLLOW raw_lane_x=235.0 lane_x=235.0 filter=stable linear=0.15 angular=-0.45 cw_y=325 cw_n=1 cw_event_idx=7 right_done=False start_turn=True count_turn=2 park_x=-1 park_done=False traffic=None stop=False last_turn_age=13.79[0m
[self_driving-10] [0m[INFO] [1782994305.675329391] [self_driving]: [CMD] n=1559 source=line_turn linear_x=0.15 linear_y=0.00 angular_z=-0.45 state=LINE_FOLLOW stop=False lane_x=253.0 raw_lane_x=253.0 lane_filter=stable cw_y=325 park_x=-1 right_done=False[0m
[self_driving-10] [33m[WARN] [1782994305.741471878] [self_driving]: [LANE_X_JUMP_REJECT] raw=159.0 last=253.0 diff=94.0 candidate=159.0 cnt=1/4[0m
[self_driving-10] [0m[INFO] [1782994305.940424381] [self_driving]: [LANE_X_JUMP_ACCEPT] raw=159.5 last=159.5 cnt=4/4[0m
[self_driving-10] [33m[WARN] [1782994305.941250387] [self_driving]: [LANE_TURN_EVENT_END] idx=22 raw_lane_x=159.5 lane_x=159.5 filter=jump_accept last_turn_done_time=1782994305.94[0m
[self_driving-10] [0m[INFO] [1782994305.942646139] [self_driving]: [CMD] n=1563 source=pid_follow linear_x=0.15 linear_y=0.00 angular_z=0.00 state=LINE_FOLLOW stop=False lane_x=159.5 raw_lane_x=159.5 lane_filter=jump_accept cw_y=325 park_x=-1 right_done=False[0m
[self_driving-10] [0m[INFO] [1782994306.139617348] [self_driving]: [DEBUG_DRIVE] state=LINE_FOLLOW raw_lane_x=169.5 lane_x=169.5 filter=stable linear=0.15 angular=0.00 cw_y=325 cw_n=1 cw_event_idx=7 right_done=False start_turn=True count_turn=0 park_x=-1 park_done=False traffic=None stop=False last_turn_age=0.20[0m
[self_driving-10] [33m[WARN] [1782994306.261433128] [self_driving]: [LANE_TURN_EVENT_START] idx=23 raw_lane_x=205.0 lane_x=205.0 filter=stable th=200 cw_y=325[0m
[self_driving-10] [0m[INFO] [1782994306.262003466] [self_driving]: [TURN_CLUSTER_UPDATE] cluster=14 samples=13 lane_x=205.0 max_lane_x=253.0 cw_y=325 cw_range=(325,325)[0m
[self_driving-10] [0m[INFO] [1782994306.262803547] [self_driving]: [CMD] n=1568 source=line_turn linear_x=0.15 linear_y=0.00 angular_z=-0.45 state=LINE_FOLLOW stop=False lane_x=205.0 raw_lane_x=205.0 lane_filter=stable cw_y=325 park_x=-1 right_done=False[0m
[self_driving-10] [33m[WARN] [1782994306.658790055] [self_driving]: [LANE_X_JUMP_REJECT] raw=174.0 last=294.5 diff=120.5 candidate=174.0 cnt=1/4[0m
[self_driving-10] [0m[INFO] [1782994306.660760127] [self_driving]: [DEBUG_DRIVE] state=LINE_FOLLOW raw_lane_x=174.0 lane_x=294.5 filter=jump_reject linear=0.15 angular=-0.45 cw_y=325 cw_n=1 cw_event_idx=7 right_done=False start_turn=True count_turn=7 park_x=-1 park_done=False traffic=None stop=False last_turn_age=0.72[0m
[self_driving-10] [0m[INFO] [1782994306.804876213] [self_driving]: [CMD] n=1576 source=line_turn linear_x=0.15 linear_y=0.00 angular_z=-0.45 state=LINE_FOLLOW stop=False lane_x=294.5 raw_lane_x=204.5 lane_filter=jump_reject cw_y=325 park_x=-1 right_done=False[0m
[self_driving-10] [0m[INFO] [1782994307.216025046] [self_driving]: [DEBUG_DRIVE] state=LINE_FOLLOW raw_lane_x=259.0 lane_x=259.0 filter=stable linear=0.15 angular=-0.45 cw_y=325 cw_n=1 cw_event_idx=7 right_done=False start_turn=True count_turn=15 park_x=-1 park_done=False traffic=None stop=False last_turn_age=1.27[0m
[self_driving-10] [0m[INFO] [1782994307.301837763] [self_driving]: [TURN_CLUSTER_UPDATE] cluster=14 samples=28 lane_x=262.5 max_lane_x=294.5 cw_y=325 cw_range=(325,325)[0m
[self_driving-10] [0m[INFO] [1782994307.353298004] [self_driving]: [CMD] n=1584 source=line_turn linear_x=0.15 linear_y=0.00 angular_z=-0.45 state=LINE_FOLLOW stop=False lane_x=266.5 raw_lane_x=266.5 lane_filter=stable cw_y=325 park_x=-1 right_done=False[0m
[self_driving-10] [0m[INFO] [1782994307.752683670] [self_driving]: [DEBUG_DRIVE] state=LINE_FOLLOW raw_lane_x=309.5 lane_x=309.5 filter=stable linear=0.15 angular=-0.45 cw_y=325 cw_n=1 cw_event_idx=7 right_done=False start_turn=True count_turn=23 park_x=-1 park_done=False traffic=None stop=False last_turn_age=1.81[0m
[self_driving-10] [0m[INFO] [1782994307.879547860] [self_driving]: [CMD] n=1592 source=line_turn linear_x=0.15 linear_y=0.00 angular_z=-0.45 state=LINE_FOLLOW stop=False lane_x=300.0 raw_lane_x=300.0 lane_filter=stable cw_y=325 park_x=-1 right_done=False[0m
[self_driving-10] [0m[INFO] [1782994308.229917433] [self_driving]: [CROSSWALK_SLOW_DONE] return normal speed[0m
[self_driving-10] [0m[INFO] [1782994308.300864755] [self_driving]: [TURN_CLUSTER_UPDATE] cluster=14 samples=43 lane_x=303.0 max_lane_x=313.0 cw_y=325 cw_range=(325,325)[0m
[self_driving-10] [0m[INFO] [1782994308.301547594] [self_driving]: [DEBUG_DRIVE] state=LINE_FOLLOW raw_lane_x=303.0 lane_x=303.0 filter=stable linear=0.30 angular=-0.45 cw_y=325 cw_n=1 cw_event_idx=7 right_done=False start_turn=True count_turn=31 park_x=-1 park_done=False traffic=None stop=False last_turn_age=2.36[0m
[self_driving-10] [0m[INFO] [1782994308.427891299] [self_driving]: [CMD] n=1600 source=line_turn linear_x=0.30 linear_y=0.00 angular_z=-0.45 state=LINE_FOLLOW stop=False lane_x=286.0 raw_lane_x=286.0 lane_filter=stable cw_y=325 park_x=-1 right_done=False[0m
[self_driving-10] [0m[INFO] [1782994308.477620156] [self_driving]: [CROSSWALK_SLOW] y=325 th=180 confirm=4 candidates=[{'cx': 559, 'cy': 325, 'w': 160, 'h': 121, 'area': 19360, 'score': 0.6499999761581421}][0m
[self_driving-10] [0m[INFO] [1782994308.595686332] [self_driving]: [OBJECTS] msg_count=208 n=1 names=['go'][0m
[self_driving-10] [0m[INFO] [1782994308.836117312] [self_driving]: [DEBUG_DRIVE] state=LINE_FOLLOW raw_lane_x=210.5 lane_x=210.5 filter=stable linear=0.15 angular=-0.45 cw_y=0 cw_n=0 cw_event_idx=7 right_done=False start_turn=True count_turn=39 park_x=-1 park_done=False traffic=None stop=False last_turn_age=2.89[0m
[self_driving-10] [0m[INFO] [1782994308.923399318] [self_driving]: [CROSSWALK_METRIC] n=1 nearest={'cx': 611, 'cy': 181, 'w': 58, 'h': 13, 'area': 754, 'score': 0.7699999809265137} all=[{'cx': 611, 'cy': 181, 'w': 58, 'h': 13, 'area': 754, 'score': 0.7699999809265137}] event_idx=7[0m
[self_driving-10] [33m[WARN] [1782994308.924149639] [self_driving]: [CROSSWALK_EVENT] idx=8 policy=future_pass_candidate nearest={'cx': 611, 'cy': 181, 'w': 58, 'h': 13, 'area': 754, 'score': 0.7699999809265137} y_th=120[0m
[self_driving-10] [33m[WARN] [1782994308.974453667] [self_driving]: [LANE_TURN_EVENT_END] idx=23 raw_lane_x=190.0 lane_x=190.0 filter=stable last_turn_done_time=1782994308.97[0m
[self_driving-10] [0m[INFO] [1782994308.975613140] [self_driving]: [CMD] n=1608 source=pid_follow linear_x=0.15 linear_y=0.00 angular_z=-0.10 state=LINE_FOLLOW stop=False lane_x=190.0 raw_lane_x=190.0 lane_filter=stable cw_y=0 park_x=-1 right_done=False[0m
[self_driving-10] [0m[INFO] [1782994309.276658470] [self_driving]: [OBJECTS] msg_count=211 n=1 names=['crosswalk'][0m
[self_driving-10] [0m[INFO] [1782994309.376568984] [self_driving]: [DEBUG_DRIVE] state=LINE_FOLLOW raw_lane_x=118.5 lane_x=118.5 filter=stable linear=0.15 angular=0.10 cw_y=0 cw_n=0 cw_event_idx=8 right_done=False start_turn=False count_turn=0 park_x=-1 park_done=False traffic=None stop=False last_turn_age=0.40[0m
[self_driving-10] [0m[INFO] [1782994309.504549332] [self_driving]: [CMD] n=1616 source=pid_follow linear_x=0.15 linear_y=0.00 angular_z=0.10 state=LINE_FOLLOW stop=False lane_x=123.0 raw_lane_x=123.0 lane_filter=stable cw_y=0 park_x=-1 right_done=False[0m
[self_driving-10] [0m[INFO] [1782994309.902848822] [self_driving]: [DEBUG_DRIVE] state=LINE_FOLLOW raw_lane_x=130.0 lane_x=130.0 filter=stable linear=0.15 angular=0.10 cw_y=185 cw_n=1 cw_event_idx=8 right_done=False start_turn=False count_turn=0 park_x=-1 park_done=False traffic=None stop=False last_turn_age=0.93[0m
[self_driving-10] [0m[INFO] [1782994309.964931462] [self_driving]: [OBJECTS] msg_count=217 n=1 names=['go'][0m
[self_driving-10] [0m[INFO] [1782994310.041349012] [self_driving]: [CMD] n=1624 source=pid_follow linear_x=0.15 linear_y=0.00 angular_z=0.10 state=LINE_FOLLOW stop=False lane_x=122.0 raw_lane_x=122.0 lane_filter=stable cw_y=0 park_x=-1 right_done=False[0m
[self_driving-10] [0m[INFO] [1782994310.102486274] [self_driving]: [IMAGE] received count=1625 shape=(480, 640, 3) queue=0[0m
[self_driving-10] [33m[WARN] [1782994310.110498486] [self_driving]: [TURN_CLUSTER_END] cluster=14 duration=4.98 samples=52 max_lane_x=313.0 cw_range=(325,325) last_event_idx=23[0m
[self_driving-10] [0m[INFO] [1782994310.466537734] [self_driving]: [DEBUG_DRIVE] state=LINE_FOLLOW raw_lane_x=137.5 lane_x=137.5 filter=stable linear=0.15 angular=-0.10 cw_y=189 cw_n=1 cw_event_idx=8 right_done=False start_turn=False count_turn=0 park_x=-1 park_done=False traffic=None stop=False last_turn_age=1.49[0m
[self_driving-10] [0m[INFO] [1782994310.579974503] [self_driving]: [CMD] n=1632 source=pid_follow linear_x=0.15 linear_y=0.00 angular_z=-0.10 state=LINE_FOLLOW stop=False lane_x=132.5 raw_lane_x=132.5 lane_filter=stable cw_y=189 park_x=-1 right_done=False[0m
[self_driving-10] [0m[INFO] [1782994310.668308074] [self_driving]: [OBJECTS] msg_count=221 n=1 names=['crosswalk'][0m
[self_driving-10] [0m[INFO] [1782994310.668830744] [self_driving]: [CROSSWALK_METRIC] n=1 nearest={'cx': 423, 'cy': 308, 'w': 434, 'h': 62, 'area': 26908, 'score': 0.9200000166893005} all=[{'cx': 423, 'cy': 308, 'w': 434, 'h': 62, 'area': 26908, 'score': 0.9200000166893005}] event_idx=8[0m
[self_driving-10] [0m[INFO] [1782994310.974678409] [self_driving]: [DEBUG_DRIVE] state=LINE_FOLLOW raw_lane_x=144.5 lane_x=144.5 filter=stable linear=0.15 angular=-0.10 cw_y=191 cw_n=1 cw_event_idx=8 right_done=False start_turn=False count_turn=0 park_x=-1 park_done=False traffic=None stop=False last_turn_age=2.00[0m
[self_driving-10] [0m[INFO] [1782994311.119809170] [self_driving]: [CMD] n=1640 source=pid_follow linear_x=0.15 linear_y=0.00 angular_z=-0.10 state=LINE_FOLLOW stop=False lane_x=147.0 raw_lane_x=147.0 lane_filter=stable cw_y=194 park_x=-1 right_done=False[0m
[self_driving-10] [0m[INFO] [1782994311.190860178] [self_driving]: [CROSSWALK_SLOW_DONE] return normal speed[0m
[self_driving-10] [0m[INFO] [1782994311.385246885] [self_driving]: [OBJECTS] msg_count=226 n=1 names=['crosswalk'][0m
[self_driving-10] [0m[INFO] [1782994311.449785397] [self_driving]: [CROSSWALK_SLOW] y=198 th=180 confirm=4 candidates=[{'cx': 411, 'cy': 198, 'w': 259, 'h': 17, 'area': 4403, 'score': 0.8500000238418579}][0m
[self_driving-10] [0m[INFO] [1782994311.522147507] [self_driving]: [DEBUG_DRIVE] state=LINE_FOLLOW raw_lane_x=111.0 lane_x=111.0 filter=stable linear=0.15 angular=0.10 cw_y=198 cw_n=1 cw_event_idx=8 right_done=False start_turn=False count_turn=0 park_x=-1 park_done=False traffic=None stop=False last_turn_age=2.54[0m
[self_driving-10] [0m[INFO] [1782994311.649273478] [self_driving]: [CMD] n=1648 source=pid_follow linear_x=0.15 linear_y=0.00 angular_z=0.10 state=LINE_FOLLOW stop=False lane_x=115.0 raw_lane_x=115.0 lane_filter=stable cw_y=198 park_x=-1 right_done=False[0m
[self_driving-10] [0m[INFO] [1782994312.052239486] [self_driving]: [DEBUG_DRIVE] state=LINE_FOLLOW raw_lane_x=133.5 lane_x=133.5 filter=stable linear=0.15 angular=-0.10 cw_y=0 cw_n=0 cw_event_idx=8 right_done=False start_turn=False count_turn=0 park_x=-1 park_done=False traffic=None stop=False last_turn_age=3.08[0m
[self_driving-10] [0m[INFO] [1782994312.061962360] [self_driving]: [OBJECTS] msg_count=231 n=1 names=['crosswalk'][0m
[self_driving-10] [0m[INFO] [1782994312.194640837] [self_driving]: [CMD] n=1656 source=pid_follow linear_x=0.15 linear_y=0.00 angular_z=-0.10 state=LINE_FOLLOW stop=False lane_x=137.0 raw_lane_x=137.0 lane_filter=stable cw_y=463 park_x=-1 right_done=False[0m
[self_driving-10] [0m[INFO] [1782994312.396551419] [self_driving]: [CROSSWALK_METRIC] n=1 nearest={'cx': 406, 'cy': 217, 'w': 318, 'h': 21, 'area': 6678, 'score': 0.8799999952316284} all=[{'cx': 406, 'cy': 217, 'w': 318, 'h': 21, 'area': 6678, 'score': 0.8799999952316284}] event_idx=8[0m
[self_driving-10] [0m[INFO] [1782994312.584640484] [self_driving]: [DEBUG_DRIVE] state=LINE_FOLLOW raw_lane_x=126.0 lane_x=126.0 filter=stable linear=0.15 angular=-0.10 cw_y=0 cw_n=0 cw_event_idx=8 right_done=False start_turn=False count_turn=0 park_x=-1 park_done=False traffic=None stop=False last_turn_age=3.61[0m
[self_driving-10] [0m[INFO] [1782994312.730309657] [self_driving]: [CMD] n=1664 source=pid_follow linear_x=0.15 linear_y=0.00 angular_z=-0.10 state=LINE_FOLLOW stop=False lane_x=129.5 raw_lane_x=129.5 lane_filter=stable cw_y=0 park_x=-1 right_done=False[0m
[self_driving-10] [0m[INFO] [1782994312.756632421] [self_driving]: [OBJECTS] msg_count=236 n=1 names=['crosswalk'][0m
[self_driving-10] [0m[INFO] [1782994313.145930080] [self_driving]: [DEBUG_DRIVE] state=LINE_FOLLOW raw_lane_x=131.5 lane_x=131.5 filter=stable linear=0.15 angular=-0.10 cw_y=237 cw_n=1 cw_event_idx=8 right_done=False start_turn=False count_turn=0 park_x=-1 park_done=False traffic=None stop=False last_turn_age=4.17[0m
[self_driving-10] [0m[INFO] [1782994313.267575100] [self_driving]: [CMD] n=1672 source=pid_follow linear_x=0.15 linear_y=0.00 angular_z=0.10 state=LINE_FOLLOW stop=False lane_x=128.0 raw_lane_x=128.0 lane_filter=stable cw_y=237 park_x=-1 right_done=False[0m
[self_driving-10] [0m[INFO] [1782994313.413037345] [self_driving]: [OBJECTS] msg_count=239 n=1 names=['crosswalk'][0m
[self_driving-10] [0m[INFO] [1782994313.662039319] [self_driving]: [DEBUG_DRIVE] state=LINE_FOLLOW raw_lane_x=133.5 lane_x=133.5 filter=stable linear=0.15 angular=-0.10 cw_y=250 cw_n=1 cw_event_idx=8 right_done=False start_turn=False count_turn=0 park_x=-1 park_done=False traffic=None stop=False last_turn_age=4.69[0m
[self_driving-10] [0m[INFO] [1782994313.795198726] [self_driving]: [CMD] n=1680 source=pid_follow linear_x=0.15 linear_y=0.00 angular_z=-0.10 state=LINE_FOLLOW stop=False lane_x=139.0 raw_lane_x=139.0 lane_filter=stable cw_y=263 park_x=-1 right_done=False[0m
[self_driving-10] [0m[INFO] [1782994314.079813667] [self_driving]: [OBJECTS] msg_count=241 n=1 names=['crosswalk'][0m
[self_driving-10] [0m[INFO] [1782994314.080876027] [self_driving]: [CROSSWALK_METRIC] n=1 nearest={'cx': 427, 'cy': 282, 'w': 420, 'h': 54, 'area': 22680, 'score': 0.9200000166893005} all=[{'cx': 427, 'cy': 282, 'w': 420, 'h': 54, 'area': 22680, 'score': 0.9200000166893005}] event_idx=8[0m
[self_driving-10] [0m[INFO] [1782994314.147956244] [self_driving]: [CROSSWALK_SLOW_DONE] return normal speed[0m
[self_driving-10] [0m[INFO] [1782994314.220628042] [self_driving]: [DEBUG_DRIVE] state=LINE_FOLLOW raw_lane_x=124.0 lane_x=124.0 filter=stable linear=0.30 angular=0.10 cw_y=360 cw_n=1 cw_event_idx=8 right_done=False start_turn=False count_turn=0 park_x=-1 park_done=False traffic=None stop=False last_turn_age=5.24[0m
[self_driving-10] [0m[INFO] [1782994314.333266787] [self_driving]: [CMD] n=1688 source=pid_follow linear_x=0.30 linear_y=0.00 angular_z=-0.10 state=LINE_FOLLOW stop=False lane_x=132.0 raw_lane_x=132.0 lane_filter=stable cw_y=360 park_x=-1 right_done=False[0m
[self_driving-10] [0m[INFO] [1782994314.401992461] [self_driving]: [CROSSWALK_SLOW] y=360 th=180 confirm=4 candidates=[{'cx': 357, 'cy': 360, 'w': 85, 'h': 7, 'area': 595, 'score': 0.3199999928474426}][0m
[self_driving-10] [0m[INFO] [1782994314.741019333] [self_driving]: [DEBUG_DRIVE] state=LINE_FOLLOW raw_lane_x=134.5 lane_x=134.5 filter=stable linear=0.15 angular=0.10 cw_y=419 cw_n=1 cw_event_idx=8 right_done=False start_turn=False count_turn=0 park_x=-1 park_done=False traffic=None stop=False last_turn_age=5.77[0m
[self_driving-10] [0m[INFO] [1782994314.805980163] [self_driving]: [OBJECTS] msg_count=245 n=1 names=['crosswalk'][0m
[self_driving-10] [0m[INFO] [1782994314.867581558] [self_driving]: [CMD] n=1696 source=pid_follow linear_x=0.15 linear_y=0.00 angular_z=-0.10 state=LINE_FOLLOW stop=False lane_x=131.5 raw_lane_x=131.5 lane_filter=stable cw_y=343 park_x=-1 right_done=False[0m
[self_driving-10] [0m[INFO] [1782994315.266264181] [self_driving]: [DEBUG_DRIVE] state=LINE_FOLLOW raw_lane_x=120.0 lane_x=120.0 filter=stable linear=0.15 angular=0.10 cw_y=405 cw_n=1 cw_event_idx=8 right_done=False start_turn=False count_turn=0 park_x=-1 park_done=False traffic=None stop=False last_turn_age=6.29[0m
[self_driving-10] [0m[INFO] [1782994315.401896386] [self_driving]: [CMD] n=1704 source=pid_follow linear_x=0.15 linear_y=0.00 angular_z=0.10 state=LINE_FOLLOW stop=False lane_x=123.0 raw_lane_x=123.0 lane_filter=stable cw_y=405 park_x=-1 right_done=False[0m
[self_driving-10] [0m[INFO] [1782994315.451840782] [self_driving]: [OBJECTS] msg_count=247 n=1 names=['crosswalk'][0m
[self_driving-10] [0m[INFO] [1782994315.823349893] [self_driving]: [DEBUG_DRIVE] state=LINE_FOLLOW raw_lane_x=130.5 lane_x=130.5 filter=stable linear=0.15 angular=0.10 cw_y=429 cw_n=1 cw_event_idx=8 right_done=False start_turn=False count_turn=0 park_x=-1 park_done=False traffic=None stop=False last_turn_age=6.85[0m
[self_driving-10] [0m[INFO] [1782994315.938319526] [self_driving]: [CMD] n=1712 source=pid_follow linear_x=0.15 linear_y=0.00 angular_z=-0.08 state=LINE_FOLLOW stop=False lane_x=127.0 raw_lane_x=127.0 lane_filter=stable cw_y=429 park_x=-1 right_done=False[0m
[self_driving-10] [0m[INFO] [1782994316.103032628] [self_driving]: [OBJECTS] msg_count=248 n=1 names=['crosswalk'][0m
[self_driving-10] [0m[INFO] [1782994316.103743763] [self_driving]: [CROSSWALK_METRIC] n=1 nearest={'cx': 526, 'cy': 347, 'w': 95, 'h': 8, 'area': 760, 'score': 0.3700000047683716} all=[{'cx': 526, 'cy': 347, 'w': 95, 'h': 8, 'area': 760, 'score': 0.3700000047683716}] event_idx=8[0m
[self_driving-10] [0m[INFO] [1782994316.362726816] [self_driving]: [DEBUG_DRIVE] state=LINE_FOLLOW raw_lane_x=120.0 lane_x=120.0 filter=stable linear=0.15 angular=0.10 cw_y=347 cw_n=1 cw_event_idx=8 right_done=False start_turn=False count_turn=0 park_x=-1 park_done=False traffic=None stop=False last_turn_age=7.39[0m
[self_driving-10] [0m[INFO] [1782994316.507133368] [self_driving]: [CMD] n=1720 source=pid_follow linear_x=0.15 linear_y=0.00 angular_z=0.10 state=LINE_FOLLOW stop=False lane_x=123.0 raw_lane_x=123.0 lane_filter=stable cw_y=396 park_x=-1 right_done=False[0m
[self_driving-10] [0m[INFO] [1782994316.890610740] [self_driving]: [DEBUG_DRIVE] state=LINE_FOLLOW raw_lane_x=139.5 lane_x=139.5 filter=stable linear=0.15 angular=-0.10 cw_y=396 cw_n=1 cw_event_idx=8 right_done=False start_turn=False count_turn=0 park_x=-1 park_done=False traffic=None stop=False last_turn_age=7.92[0m
[self_driving-10] [0m[INFO] [1782994317.032868516] [self_driving]: [CMD] n=1728 source=pid_follow linear_x=0.15 linear_y=0.00 angular_z=-0.10 state=LINE_FOLLOW stop=False lane_x=136.0 raw_lane_x=136.0 lane_filter=stable cw_y=396 park_x=-1 right_done=False[0m
[self_driving-10] [0m[INFO] [1782994317.093339439] [self_driving]: [CROSSWALK_SLOW_DONE] return normal speed[0m
[self_driving-10] [0m[INFO] [1782994317.352923312] [self_driving]: [CROSSWALK_SLOW] y=396 th=180 confirm=4 candidates=[{'cx': 405, 'cy': 396, 'w': 153, 'h': 10, 'area': 1530, 'score': 0.41999998688697815}][0m
[self_driving-10] [0m[INFO] [1782994317.426705211] [self_driving]: [DEBUG_DRIVE] state=LINE_FOLLOW raw_lane_x=125.5 lane_x=125.5 filter=stable linear=0.15 angular=0.10 cw_y=396 cw_n=1 cw_event_idx=8 right_done=False start_turn=False count_turn=0 park_x=-1 park_done=False traffic=None stop=False last_turn_age=8.45[0m
[self_driving-10] [0m[INFO] [1782994317.557516859] [self_driving]: [CMD] n=1736 source=pid_follow linear_x=0.15 linear_y=0.00 angular_z=0.10 state=LINE_FOLLOW stop=False lane_x=126.5 raw_lane_x=126.5 lane_filter=stable cw_y=396 park_x=-1 right_done=False[0m
[self_driving-10] [0m[INFO] [1782994317.976472105] [self_driving]: [DEBUG_DRIVE] state=LINE_FOLLOW raw_lane_x=132.0 lane_x=132.0 filter=stable linear=0.15 angular=-0.10 cw_y=396 cw_n=1 cw_event_idx=8 right_done=False start_turn=False count_turn=0 park_x=-1 park_done=False traffic=None stop=False last_turn_age=9.00[0m
[self_driving-10] [0m[INFO] [1782994318.112604721] [self_driving]: [IMAGE] received count=1744 shape=(480, 640, 3) queue=0[0m
[self_driving-10] [0m[INFO] [1782994318.126896094] [self_driving]: [CMD] n=1744 source=pid_follow linear_x=0.15 linear_y=0.00 angular_z=-0.10 state=LINE_FOLLOW stop=False lane_x=145.0 raw_lane_x=145.0 lane_filter=stable cw_y=396 park_x=-1 right_done=False[0m
[self_driving-10] [0m[INFO] [1782994318.507138422] [self_driving]: [DEBUG_DRIVE] state=LINE_FOLLOW raw_lane_x=142.0 lane_x=142.0 filter=stable linear=0.15 angular=-0.10 cw_y=396 cw_n=1 cw_event_idx=8 right_done=False start_turn=False count_turn=0 park_x=-1 park_done=False traffic=None stop=False last_turn_age=9.53[0m
[self_driving-10] [0m[INFO] [1782994318.698540272] [self_driving]: [CMD] n=1753 source=pid_follow linear_x=0.15 linear_y=0.00 angular_z=0.10 state=LINE_FOLLOW stop=False lane_x=128.0 raw_lane_x=128.0 lane_filter=stable cw_y=396 park_x=-1 right_done=False[0m
[self_driving-10] [0m[INFO] [1782994319.044681868] [self_driving]: [DEBUG_DRIVE] state=LINE_FOLLOW raw_lane_x=131.5 lane_x=131.5 filter=stable linear=0.15 angular=-0.10 cw_y=396 cw_n=1 cw_event_idx=8 right_done=False start_turn=False count_turn=0 park_x=-1 park_done=False traffic=None stop=False last_turn_age=10.07[0m
[self_driving-10] [0m[INFO] [1782994319.078770323] [self_driving]: [OBJECTS] msg_count=250 n=1 names=['crosswalk'][0m
[self_driving-10] [0m[INFO] [1782994319.085233837] [self_driving]: [CROSSWALK_METRIC] n=1 nearest={'cx': 566, 'cy': 323, 'w': 147, 'h': 128, 'area': 18816, 'score': 0.6499999761581421} all=[{'cx': 566, 'cy': 323, 'w': 147, 'h': 128, 'area': 18816, 'score': 0.6499999761581421}] event_idx=8[0m
[self_driving-10] [0m[INFO] [1782994319.236561203] [self_driving]: [CMD] n=1761 source=pid_follow linear_x=0.15 linear_y=0.00 angular_z=-0.10 state=LINE_FOLLOW stop=False lane_x=133.5 raw_lane_x=133.5 lane_filter=stable cw_y=323 park_x=-1 right_done=False[0m
[self_driving-10] [0m[INFO] [1782994319.576947531] [self_driving]: [DEBUG_DRIVE] state=LINE_FOLLOW raw_lane_x=121.0 lane_x=121.0 filter=stable linear=0.15 angular=0.10 cw_y=323 cw_n=1 cw_event_idx=8 right_done=False start_turn=False count_turn=0 park_x=-1 park_done=False traffic=None stop=False last_turn_age=10.60[0m
[self_driving-10] [0m[INFO] [1782994319.798874678] [self_driving]: [CMD] n=1769 source=pid_follow linear_x=0.15 linear_y=0.00 angular_z=-0.10 state=LINE_FOLLOW stop=False lane_x=135.5 raw_lane_x=135.5 lane_filter=stable cw_y=323 park_x=-1 right_done=False[0m
[self_driving-10] [0m[INFO] [1782994320.039204768] [self_driving]: [CROSSWALK_SLOW_DONE] return normal speed[0m
[self_driving-10] [0m[INFO] [1782994320.124563519] [self_driving]: [DEBUG_DRIVE] state=LINE_FOLLOW raw_lane_x=143.5 lane_x=143.5 filter=stable linear=0.30 angular=-0.10 cw_y=323 cw_n=1 cw_event_idx=8 right_done=False start_turn=False count_turn=0 park_x=-1 park_done=False traffic=None stop=False last_turn_age=11.15[0m
[self_driving-10] [0m[INFO] [1782994320.327924334] [self_driving]: [CROSSWALK_SLOW] y=323 th=180 confirm=4 candidates=[{'cx': 566, 'cy': 323, 'w': 147, 'h': 128, 'area': 18816, 'score': 0.6499999761581421}][0m
[self_driving-10] [0m[INFO] [1782994320.329308142] [self_driving]: [CMD] n=1777 source=pid_follow linear_x=0.15 linear_y=0.00 angular_z=-0.10 state=LINE_FOLLOW stop=False lane_x=144.5 raw_lane_x=144.5 lane_filter=stable cw_y=323 park_x=-1 right_done=False[0m
[self_driving-10] [33m[WARN] [1782994320.512657854] [self_driving]: [LANE_TURN_EVENT_START] idx=24 raw_lane_x=217.5 lane_x=217.5 filter=stable th=200 cw_y=323[0m
[self_driving-10] [33m[WARN] [1782994320.513348359] [self_driving]: [TURN_CLUSTER_START] cluster=15 event_idx=24 raw_lane_x=217.5 lane_x=217.5 filter=stable cw_y=323[0m
[self_driving-10] [0m[INFO] [1782994320.515014058] [self_driving]: [TURN_CLUSTER_UPDATE] cluster=15 samples=1 lane_x=217.5 max_lane_x=217.5 cw_y=323 cw_range=(323,323)[0m
[self_driving-10] [0m[INFO] [1782994320.515937287] [self_driving]: [CMD] n=1780 source=line_turn linear_x=0.15 linear_y=0.00 angular_z=-0.45 state=LINE_FOLLOW stop=False lane_x=217.5 raw_lane_x=217.5 lane_filter=stable cw_y=323 park_x=-1 right_done=False[0m
[self_driving-10] [0m[INFO] [1782994320.643537336] [self_driving]: [DEBUG_DRIVE] state=LINE_FOLLOW raw_lane_x=219.0 lane_x=219.0 filter=stable linear=0.15 angular=-0.45 cw_y=323 cw_n=1 cw_event_idx=8 right_done=False start_turn=False count_turn=3 park_x=-1 park_done=False traffic=None stop=False last_turn_age=11.67[0m
[self_driving-10] [0m[INFO] [1782994321.056813389] [self_driving]: [CMD] n=1788 source=line_turn linear_x=0.15 linear_y=0.00 angular_z=-0.45 state=LINE_FOLLOW stop=False lane_x=230.0 raw_lane_x=230.0 lane_filter=stable cw_y=323 park_x=-1 right_done=False[0m
[self_driving-10] [0m[INFO] [1782994321.193033820] [self_driving]: [DEBUG_DRIVE] state=LINE_FOLLOW raw_lane_x=255.0 lane_x=255.0 filter=stable linear=0.15 angular=-0.45 cw_y=323 cw_n=1 cw_event_idx=8 right_done=False start_turn=True count_turn=5 park_x=-1 park_done=False traffic=None stop=False last_turn_age=12.22[0m
[self_driving-10] [33m[WARN] [1782994321.477674373] [self_driving]: [LANE_X_JUMP_REJECT] raw=132.0 last=296.0 diff=164.0 candidate=132.0 cnt=1/4[0m
[self_driving-10] [0m[INFO] [1782994321.533934985] [self_driving]: [TURN_CLUSTER_UPDATE] cluster=15 samples=16 lane_x=296.0 max_lane_x=296.0 cw_y=323 cw_range=(323,323)[0m
[self_driving-10] [0m[INFO] [1782994321.602494214] [self_driving]: [CMD] n=1796 source=line_turn linear_x=0.15 linear_y=0.00 angular_z=-0.45 state=LINE_FOLLOW stop=False lane_x=296.0 raw_lane_x=144.5 lane_filter=jump_reject cw_y=323 park_x=-1 right_done=False[0m
[self_driving-10] [0m[INFO] [1782994321.659697648] [self_driving]: [LANE_X_JUMP_ACCEPT] raw=152.5 last=152.5 cnt=4/4[0m
[self_driving-10] [33m[WARN] [1782994321.660843787] [self_driving]: [LANE_TURN_EVENT_END] idx=24 raw_lane_x=152.5 lane_x=152.5 filter=jump_accept last_turn_done_time=1782994321.66[0m
[self_driving-10] [0m[INFO] [1782994321.663341159] [self_driving]: [CMD] n=1797 source=pid_follow linear_x=0.15 linear_y=0.00 angular_z=0.00 state=LINE_FOLLOW stop=False lane_x=152.5 raw_lane_x=152.5 lane_filter=jump_accept cw_y=323 park_x=-1 right_done=False[0m
[self_driving-10] [0m[INFO] [1782994321.720689447] [self_driving]: [DEBUG_DRIVE] state=LINE_FOLLOW raw_lane_x=161.5 lane_x=161.5 filter=stable linear=0.15 angular=0.00 cw_y=323 cw_n=1 cw_event_idx=8 right_done=False start_turn=True count_turn=0 park_x=-1 park_done=False traffic=None stop=False last_turn_age=0.06[0m
[self_driving-10] [33m[WARN] [1782994321.923323645] [self_driving]: [LANE_TURN_EVENT_START] idx=25 raw_lane_x=205.5 lane_x=205.5 filter=stable th=200 cw_y=323[0m
[self_driving-10] [0m[INFO] [1782994321.924648230] [self_driving]: [CMD] n=1801 source=line_turn linear_x=0.15 linear_y=0.00 angular_z=-0.45 state=LINE_FOLLOW stop=False lane_x=205.5 raw_lane_x=205.5 lane_filter=stable cw_y=323 park_x=-1 right_done=False[0m
[self_driving-10] [0m[INFO] [1782994322.262332758] [self_driving]: [DEBUG_DRIVE] state=LINE_FOLLOW raw_lane_x=255.0 lane_x=255.0 filter=stable linear=0.15 angular=-0.45 cw_y=323 cw_n=1 cw_event_idx=8 right_done=False start_turn=True count_turn=6 park_x=-1 park_done=False traffic=None stop=False last_turn_age=0.60[0m
[self_driving-10] [0m[INFO] [1782994322.458157291] [self_driving]: [CMD] n=1809 source=line_turn linear_x=0.15 linear_y=0.00 angular_z=-0.45 state=LINE_FOLLOW stop=False lane_x=264.0 raw_lane_x=264.0 lane_filter=stable cw_y=323 park_x=-1 right_done=False[0m
[self_driving-10] [0m[INFO] [1782994322.539938606] [self_driving]: [TURN_CLUSTER_UPDATE] cluster=15 samples=27 lane_x=267.5 max_lane_x=296.0 cw_y=323 cw_range=(323,323)[0m
[self_driving-10] [0m[INFO] [1782994322.802995950] [self_driving]: [DEBUG_DRIVE] state=LINE_FOLLOW raw_lane_x=267.5 lane_x=267.5 filter=stable linear=0.15 angular=-0.45 cw_y=323 cw_n=1 cw_event_idx=8 right_done=False start_turn=True count_turn=14 park_x=-1 park_done=False traffic=None stop=False last_turn_age=1.14[0m
[self_driving-10] [0m[INFO] [1782994323.000624128] [self_driving]: [CROSSWALK_SLOW_DONE] return normal speed[0m
[self_driving-10] [0m[INFO] [1782994323.001429801] [self_driving]: [CMD] n=1817 source=line_turn linear_x=0.15 linear_y=0.00 angular_z=-0.45 state=LINE_FOLLOW stop=False lane_x=265.0 raw_lane_x=265.0 lane_filter=stable cw_y=323 park_x=-1 right_done=False[0m
[self_driving-10] [0m[INFO] [1782994323.264489682] [self_driving]: [CROSSWALK_SLOW] y=323 th=180 confirm=4 candidates=[{'cx': 566, 'cy': 323, 'w': 147, 'h': 128, 'area': 18816, 'score': 0.6499999761581421}][0m
[self_driving-10] [0m[INFO] [1782994323.337070720] [self_driving]: [DEBUG_DRIVE] state=LINE_FOLLOW raw_lane_x=307.5 lane_x=307.5 filter=stable linear=0.15 angular=-0.45 cw_y=323 cw_n=1 cw_event_idx=8 right_done=False start_turn=True count_turn=22 park_x=-1 park_done=False traffic=None stop=False last_turn_age=1.68[0m
[self_driving-10] [0m[INFO] [1782994323.538949154] [self_driving]: [CMD] n=1825 source=line_turn linear_x=0.15 linear_y=0.00 angular_z=-0.45 state=LINE_FOLLOW stop=False lane_x=300.5 raw_lane_x=300.5 lane_filter=stable cw_y=323 park_x=-1 right_done=False[0m
[self_driving-10] [0m[INFO] [1782994323.614441530] [self_driving]: [TURN_CLUSTER_UPDATE] cluster=15 samples=43 lane_x=297.5 max_lane_x=308.5 cw_y=323 cw_range=(323,323)[0m
[self_driving-10] [0m[INFO] [1782994323.892333028] [self_driving]: [DEBUG_DRIVE] state=LINE_FOLLOW raw_lane_x=264.5 lane_x=264.5 filter=stable linear=0.15 angular=-0.45 cw_y=323 cw_n=1 cw_event_idx=8 right_done=False start_turn=True count_turn=30 park_x=-1 park_done=False traffic=None stop=False last_turn_age=2.23[0m
[self_driving-10] [33m[WARN] [1782994324.085493207] [self_driving]: [LANE_TURN_EVENT_END] idx=25 raw_lane_x=196.5 lane_x=196.5 filter=stable last_turn_done_time=1782994324.08[0m
[self_driving-10] [0m[INFO] [1782994324.086803810] [self_driving]: [CMD] n=1833 source=pid_follow linear_x=0.15 linear_y=0.00 angular_z=-0.10 state=LINE_FOLLOW stop=False lane_x=196.5 raw_lane_x=196.5 lane_filter=stable cw_y=323 park_x=-1 right_done=False[0m
[self_driving-10] [0m[INFO] [1782994324.141577911] [self_driving]: [OBJECTS] msg_count=251 n=1 names=['crosswalk'][0m
[self_driving-10] [0m[INFO] [1782994324.144827659] [self_driving]: [CROSSWALK_METRIC] n=1 nearest={'cx': 618, 'cy': 178, 'w': 44, 'h': 12, 'area': 528, 'score': 0.6200000047683716} all=[{'cx': 618, 'cy': 178, 'w': 44, 'h': 12, 'area': 528, 'score': 0.6200000047683716}] event_idx=8[0m
[self_driving-10] [0m[INFO] [1782994324.420355324] [self_driving]: [CROSSWALK_IGNORE] y=178 < th=180 candidates=[{'cx': 618, 'cy': 178, 'w': 44, 'h': 12, 'area': 528, 'score': 0.6200000047683716}][0m
[self_driving-10] [0m[INFO] [1782994324.422161339] [self_driving]: [DEBUG_DRIVE] state=LINE_FOLLOW raw_lane_x=150.0 lane_x=150.0 filter=stable linear=0.15 angular=-0.10 cw_y=178 cw_n=1 cw_event_idx=8 right_done=False start_turn=False count_turn=0 park_x=-1 park_done=False traffic=None stop=False last_turn_age=0.34[0m
[self_driving-10] [0m[INFO] [1782994324.620735931] [self_driving]: [CMD] n=1841 source=pid_follow linear_x=0.15 linear_y=0.00 angular_z=0.10 state=LINE_FOLLOW stop=False lane_x=135.0 raw_lane_x=135.0 lane_filter=stable cw_y=0 park_x=-1 right_done=False[0m
[self_driving-10] [0m[INFO] [1782994324.830556575] [self_driving]: [OBJECTS] msg_count=255 n=1 names=['crosswalk'][0m
[self_driving-10] [0m[INFO] [1782994324.946807645] [self_driving]: [DEBUG_DRIVE] state=LINE_FOLLOW raw_lane_x=131.5 lane_x=131.5 filter=stable linear=0.15 angular=-0.10 cw_y=182 cw_n=1 cw_event_idx=8 right_done=False start_turn=False count_turn=0 park_x=-1 park_done=False traffic=None stop=False last_turn_age=0.86[0m
[self_driving-10] [0m[INFO] [1782994325.162533540] [self_driving]: [CMD] n=1849 source=pid_follow linear_x=0.15 linear_y=0.00 angular_z=0.10 state=LINE_FOLLOW stop=False lane_x=129.0 raw_lane_x=129.0 lane_filter=stable cw_y=182 park_x=-1 right_done=False[0m
[self_driving-10] [33m[WARN] [1782994325.223004167] [self_driving]: [TURN_CLUSTER_END] cluster=15 duration=4.71 samples=49 max_lane_x=308.5 cw_range=(323,323) last_event_idx=25[0m
[self_driving-10] [0m[INFO] [1782994325.318106439] [self_driving]: [PARK_METRIC] valid_yolo=True can_accept=True reject=[] cx=321 cy=120 w=20 h=20 area=400 score=0.70 right_done=False park_done=False cw_y=184 repeat=True[0m
[self_driving-10] [33m[WARN] [1782994325.319858342] [self_driving]: [PARK_APPROACH_START] first_cx=321 first_cy=120 first_area=400 score=0.70 cw_y=184 ref_turn_age=1.23[0m
[self_driving-10] [0m[INFO] [1782994325.378904643] [self_driving]: [PARK_EXEC_GATE] position_ok=False age=0.06/0.30 area=400 min_area=500 area_with_cw=420 first_area=400 ratio=1.00/1.35 fallback=False park_cy=120 min_cy=107 cy_ok=True cy_range=(120,120) cw_y=165 effective_cw_y=165 min_cw_y=190 cw_y_ok=False close_by_area=False close_by_cw=False force_by_cw=False force_cw_y=240 force_area=420 candidate={'cx': 321, 'cy': 120, 'w': 20, 'h': 20, 'area': 400, 'score': 0.699999988079071, 'right_done': False, 'park_done': False, 'valid_yolo': True, 'can_accept': True, 'reject': [], 'approach_age': 0.0, 'first_area': 400, 'first_cy': 120, 'max_area': 400, 'min_cy': 120, 'max_cy': 120, 'area_ratio': 1.0}[0m
[self_driving-10] [0m[INFO] [1782994325.379931152] [self_driving]: [CMD] n=1852 source=park_approach_hold linear_x=0.10 linear_y=0.00 angular_z=-0.06 state=LINE_FOLLOW stop=False lane_x=131.0 raw_lane_x=131.0 lane_filter=stable cw_y=165 park_x=321 park_age=0.06 park_area=400 park_cy=120 after_lane_turn_ok=False lane_stable_ok=True[0m
[self_driving-10] [0m[INFO] [1782994325.488381159] [self_driving]: [CROSSWALK_IGNORE] y=165 < th=180 candidates=[{'cx': 419, 'cy': 165, 'w': 134, 'h': 7, 'area': 938, 'score': 0.6200000047683716}][0m
[self_driving-10] [0m[INFO] [1782994325.549000843] [self_driving]: [CROSSWALK_IGNORE] y=165 < th=180 candidates=[{'cx': 419, 'cy': 165, 'w': 134, 'h': 7, 'area': 938, 'score': 0.6200000047683716}][0m
[self_driving-10] [0m[INFO] [1782994325.633944572] [self_driving]: [CROSSWALK_IGNORE] y=165 < th=180 candidates=[{'cx': 419, 'cy': 165, 'w': 134, 'h': 7, 'area': 938, 'score': 0.6200000047683716}][0m
[self_driving-10] [0m[INFO] [1782994325.660044964] [self_driving]: [OBJECTS] msg_count=259 n=1 names=['go'][0m
[self_driving-10] [0m[INFO] [1782994325.662028110] [self_driving]: [CROSSWALK_METRIC] n=1 nearest={'cx': 412, 'cy': 187, 'w': 210, 'h': 11, 'area': 2310, 'score': 0.8399999737739563} all=[{'cx': 412, 'cy': 187, 'w': 210, 'h': 11, 'area': 2310, 'score': 0.8399999737739563}] event_idx=8[0m
[self_driving-10] [0m[INFO] [1782994325.705124951] [self_driving]: [CROSSWALK_IGNORE] y=166 < th=180 candidates=[{'cx': 390, 'cy': 166, 'w': 134, 'h': 6, 'area': 804, 'score': 0.6200000047683716}][0m
[self_driving-10] [0m[INFO] [1782994325.768045839] [self_driving]: [CROSSWALK_IGNORE] y=166 < th=180 candidates=[{'cx': 390, 'cy': 166, 'w': 134, 'h': 6, 'area': 804, 'score': 0.6200000047683716}][0m
[self_driving-10] [0m[INFO] [1782994325.820459439] [self_driving]: [CROSSWALK_IGNORE] y=166 < th=180 candidates=[{'cx': 390, 'cy': 166, 'w': 134, 'h': 6, 'area': 804, 'score': 0.6200000047683716}][0m
[self_driving-10] [0m[INFO] [1782994325.891251019] [self_driving]: [CROSSWALK_IGNORE] y=166 < th=180 candidates=[{'cx': 390, 'cy': 166, 'w': 134, 'h': 6, 'area': 804, 'score': 0.6200000047683716}][0m
[self_driving-10] [0m[INFO] [1782994325.891761356] [self_driving]: [PARK_EXEC_GATE] position_ok=False age=0.57/0.30 area=400 min_area=500 area_with_cw=420 first_area=400 ratio=1.00/1.35 fallback=False park_cy=120 min_cy=107 cy_ok=True cy_range=(120,120) cw_y=166 effective_cw_y=166 min_cw_y=190 cw_y_ok=False close_by_area=False close_by_cw=False force_by_cw=False force_cw_y=240 force_area=420 candidate={'cx': 321, 'cy': 120, 'w': 20, 'h': 20, 'area': 400, 'score': 0.699999988079071, 'right_done': False, 'park_done': False, 'valid_yolo': True, 'can_accept': True, 'reject': [], 'approach_age': 0.0, 'first_area': 400, 'first_cy': 120, 'max_area': 400, 'min_cy': 120, 'max_cy': 120, 'area_ratio': 1.0}[0m
[self_driving-10] [0m[INFO] [1782994325.893781965] [self_driving]: [CMD] n=1860 source=park_approach_hold linear_x=0.10 linear_y=0.00 angular_z=-0.06 state=LINE_FOLLOW stop=False lane_x=136.0 raw_lane_x=136.0 lane_filter=stable cw_y=166 park_x=321 park_age=0.57 park_area=400 park_cy=120 after_lane_turn_ok=False lane_stable_ok=True[0m
[self_driving-10] [0m[INFO] [1782994325.959202928] [self_driving]: [CROSSWALK_IGNORE] y=166 < th=180 candidates=[{'cx': 390, 'cy': 166, 'w': 134, 'h': 6, 'area': 804, 'score': 0.6200000047683716}][0m
[self_driving-10] [0m[INFO] [1782994325.959741654] [self_driving]: [CROSSWALK_SLOW_DONE] return normal speed[0m
[self_driving-10] [0m[INFO] [1782994326.047716148] [self_driving]: [CROSSWALK_IGNORE] y=167 < th=180 candidates=[{'cx': 385, 'cy': 167, 'w': 140, 'h': 7, 'area': 980, 'score': 0.6600000262260437}][0m
[self_driving-10] [0m[INFO] [1782994326.085013462] [self_driving]: [CROSSWALK_IGNORE] y=167 < th=180 candidates=[{'cx': 385, 'cy': 167, 'w': 140, 'h': 7, 'area': 980, 'score': 0.6600000262260437}][0m
[self_driving-10] [0m[INFO] [1782994326.145368514] [self_driving]: [IMAGE] received count=1864 shape=(480, 640, 3) queue=0[0m
[self_driving-10] [0m[INFO] [1782994326.153804211] [self_driving]: [CROSSWALK_IGNORE] y=167 < th=180 candidates=[{'cx': 385, 'cy': 167, 'w': 140, 'h': 7, 'area': 980, 'score': 0.6600000262260437}][0m
[self_driving-10] [0m[INFO] [1782994326.235205189] [self_driving]: [CROSSWALK_IGNORE] y=167 < th=180 candidates=[{'cx': 385, 'cy': 167, 'w': 140, 'h': 7, 'area': 980, 'score': 0.6600000262260437}][0m
[self_driving-10] [0m[INFO] [1782994326.296187339] [self_driving]: [CROSSWALK_IGNORE] y=167 < th=180 candidates=[{'cx': 385, 'cy': 167, 'w': 140, 'h': 7, 'area': 980, 'score': 0.6600000262260437}][0m
[self_driving-10] [0m[INFO] [1782994326.373056726] [self_driving]: [CROSSWALK_IGNORE] y=167 < th=180 candidates=[{'cx': 385, 'cy': 167, 'w': 140, 'h': 7, 'area': 980, 'score': 0.6600000262260437}][0m
[self_driving-10] [0m[INFO] [1782994326.388155068] [self_driving]: [OBJECTS] msg_count=265 n=1 names=['go'][0m
[self_driving-10] [0m[INFO] [1782994326.442382387] [self_driving]: [CROSSWALK_IGNORE] y=169 < th=180 candidates=[{'cx': 386, 'cy': 169, 'w': 140, 'h': 6, 'area': 840, 'score': 0.75}][0m
[self_driving-10] [0m[INFO] [1782994326.442909447] [self_driving]: [PARK_EXEC_GATE] position_ok=False age=1.13/0.30 area=400 min_area=500 area_with_cw=420 first_area=400 ratio=1.00/1.35 fallback=False park_cy=120 min_cy=107 cy_ok=True cy_range=(120,120) cw_y=169 effective_cw_y=169 min_cw_y=190 cw_y_ok=False close_by_area=False close_by_cw=False force_by_cw=False force_cw_y=240 force_area=420 candidate={'cx': 321, 'cy': 120, 'w': 20, 'h': 20, 'area': 400, 'score': 0.699999988079071, 'right_done': False, 'park_done': False, 'valid_yolo': True, 'can_accept': True, 'reject': [], 'approach_age': 0.0, 'first_area': 400, 'first_cy': 120, 'max_area': 400, 'min_cy': 120, 'max_cy': 120, 'area_ratio': 1.0}[0m
[self_driving-10] [0m[INFO] [1782994326.444860555] [self_driving]: [CMD] n=1868 source=park_approach_hold linear_x=0.10 linear_y=0.00 angular_z=-0.06 state=LINE_FOLLOW stop=False lane_x=133.5 raw_lane_x=133.5 lane_filter=stable cw_y=169 park_x=321 park_age=1.13 park_area=400 park_cy=120 after_lane_turn_ok=True lane_stable_ok=True[0m
[self_driving-10] [0m[INFO] [1782994326.493470292] [self_driving]: [CROSSWALK_IGNORE] y=169 < th=180 candidates=[{'cx': 386, 'cy': 169, 'w': 140, 'h': 6, 'area': 840, 'score': 0.75}][0m
[self_driving-10] [0m[INFO] [1782994326.574400433] [self_driving]: [CROSSWALK_IGNORE] y=169 < th=180 candidates=[{'cx': 386, 'cy': 169, 'w': 140, 'h': 6, 'area': 840, 'score': 0.75}][0m
[self_driving-10] [0m[INFO] [1782994326.643845854] [self_driving]: [CROSSWALK_IGNORE] y=169 < th=180 candidates=[{'cx': 386, 'cy': 169, 'w': 140, 'h': 6, 'area': 840, 'score': 0.75}][0m
[self_driving-10] [0m[INFO] [1782994326.705885660] [self_driving]: [CROSSWALK_IGNORE] y=169 < th=180 candidates=[{'cx': 386, 'cy': 169, 'w': 140, 'h': 6, 'area': 840, 'score': 0.75}][0m
[self_driving-10] [0m[INFO] [1782994326.781732113] [self_driving]: [CROSSWALK_IGNORE] y=169 < th=180 candidates=[{'cx': 386, 'cy': 169, 'w': 140, 'h': 6, 'area': 840, 'score': 0.75}][0m
[self_driving-10] [0m[INFO] [1782994326.822517714] [self_driving]: [CROSSWALK_IGNORE] y=169 < th=180 candidates=[{'cx': 386, 'cy': 169, 'w': 140, 'h': 6, 'area': 840, 'score': 0.75}][0m
[self_driving-10] [0m[INFO] [1782994326.919523557] [self_driving]: [CROSSWALK_IGNORE] y=170 < th=180 candidates=[{'cx': 384, 'cy': 170, 'w': 143, 'h': 7, 'area': 1001, 'score': 0.7599999904632568}][0m
[self_driving-10] [0m[INFO] [1782994326.976853808] [self_driving]: [CROSSWALK_IGNORE] y=170 < th=180 candidates=[{'cx': 384, 'cy': 170, 'w': 143, 'h': 7, 'area': 1001, 'score': 0.7599999904632568}][0m
[self_driving-10] [0m[INFO] [1782994326.977408053] [self_driving]: [PARK_EXEC_GATE] position_ok=False age=1.66/0.30 area=400 min_area=500 area_with_cw=420 first_area=400 ratio=1.00/1.35 fallback=False park_cy=120 min_cy=107 cy_ok=True cy_range=(120,120) cw_y=170 effective_cw_y=170 min_cw_y=190 cw_y_ok=False close_by_area=False close_by_cw=False force_by_cw=False force_cw_y=240 force_area=420 candidate={'cx': 321, 'cy': 120, 'w': 20, 'h': 20, 'area': 400, 'score': 0.699999988079071, 'right_done': False, 'park_done': False, 'valid_yolo': True, 'can_accept': True, 'reject': [], 'approach_age': 0.0, 'first_area': 400, 'first_cy': 120, 'max_area': 400, 'min_cy': 120, 'max_cy': 120, 'area_ratio': 1.0}[0m
[self_driving-10] [0m[INFO] [1782994326.978995232] [self_driving]: [CMD] n=1876 source=park_approach_hold linear_x=0.10 linear_y=0.00 angular_z=-0.06 state=LINE_FOLLOW stop=False lane_x=130.5 raw_lane_x=130.5 lane_filter=stable cw_y=170 park_x=321 park_age=1.66 park_area=400 park_cy=120 after_lane_turn_ok=True lane_stable_ok=True[0m
[self_driving-10] [0m[INFO] [1782994327.035901369] [self_driving]: [CROSSWALK_IGNORE] y=170 < th=180 candidates=[{'cx': 384, 'cy': 170, 'w': 143, 'h': 7, 'area': 1001, 'score': 0.7599999904632568}][0m
[self_driving-10] [0m[INFO] [1782994327.092648781] [self_driving]: [CROSSWALK_IGNORE] y=170 < th=180 candidates=[{'cx': 384, 'cy': 170, 'w': 143, 'h': 7, 'area': 1001, 'score': 0.7599999904632568}][0m
[self_driving-10] [0m[INFO] [1782994327.170310267] [self_driving]: [CROSSWALK_IGNORE] y=170 < th=180 candidates=[{'cx': 384, 'cy': 170, 'w': 143, 'h': 7, 'area': 1001, 'score': 0.7599999904632568}][0m
[self_driving-10] [0m[INFO] [1782994327.221040891] [self_driving]: [OBJECTS] msg_count=270 n=1 names=['crosswalk'][0m
[self_driving-10] [0m[INFO] [1782994327.227537202] [self_driving]: [CROSSWALK_METRIC] n=1 nearest={'cx': 422, 'cy': 201, 'w': 265, 'h': 15, 'area': 3975, 'score': 0.8799999952316284} all=[{'cx': 422, 'cy': 201, 'w': 265, 'h': 15, 'area': 3975, 'score': 0.8799999952316284}] event_idx=8[0m
[self_driving-10] [0m[INFO] [1782994327.243311994] [self_driving]: [CROSSWALK_IGNORE] y=171 < th=180 candidates=[{'cx': 389, 'cy': 171, 'w': 148, 'h': 6, 'area': 888, 'score': 0.7699999809265137}][0m
[self_driving-10] [0m[INFO] [1782994327.311548942] [self_driving]: [CROSSWALK_IGNORE] y=171 < th=180 candidates=[{'cx': 389, 'cy': 171, 'w': 148, 'h': 6, 'area': 888, 'score': 0.7699999809265137}][0m
[self_driving-10] [0m[INFO] [1782994327.364042932] [self_driving]: [CROSSWALK_IGNORE] y=171 < th=180 candidates=[{'cx': 389, 'cy': 171, 'w': 148, 'h': 6, 'area': 888, 'score': 0.7699999809265137}][0m
[self_driving-10] [0m[INFO] [1782994327.444393995] [self_driving]: [CROSSWALK_IGNORE] y=171 < th=180 candidates=[{'cx': 389, 'cy': 171, 'w': 148, 'h': 6, 'area': 888, 'score': 0.7699999809265137}][0m
[self_driving-10] [0m[INFO] [1782994327.507203382] [self_driving]: [CROSSWALK_IGNORE] y=171 < th=180 candidates=[{'cx': 389, 'cy': 171, 'w': 148, 'h': 6, 'area': 888, 'score': 0.7699999809265137}][0m
[self_driving-10] [0m[INFO] [1782994327.508241223] [self_driving]: [PARK_EXEC_GATE] position_ok=False age=2.19/0.30 area=400 min_area=500 area_with_cw=420 first_area=400 ratio=1.00/1.35 fallback=False park_cy=120 min_cy=107 cy_ok=True cy_range=(120,120) cw_y=171 effective_cw_y=171 min_cw_y=190 cw_y_ok=False close_by_area=False close_by_cw=False force_by_cw=False force_cw_y=240 force_area=420 candidate={'cx': 321, 'cy': 120, 'w': 20, 'h': 20, 'area': 400, 'score': 0.699999988079071, 'right_done': False, 'park_done': False, 'valid_yolo': True, 'can_accept': True, 'reject': [], 'approach_age': 0.0, 'first_area': 400, 'first_cy': 120, 'max_area': 400, 'min_cy': 120, 'max_cy': 120, 'area_ratio': 1.0}[0m
[self_driving-10] [0m[INFO] [1782994327.509071211] [self_driving]: [CMD] n=1884 source=park_approach_hold linear_x=0.10 linear_y=0.00 angular_z=0.06 state=LINE_FOLLOW stop=False lane_x=129.0 raw_lane_x=129.0 lane_filter=stable cw_y=171 park_x=321 park_age=2.19 park_area=400 park_cy=120 after_lane_turn_ok=True lane_stable_ok=True[0m
[self_driving-10] [0m[INFO] [1782994327.580142997] [self_driving]: [CROSSWALK_IGNORE] y=171 < th=180 candidates=[{'cx': 389, 'cy': 171, 'w': 148, 'h': 6, 'area': 888, 'score': 0.7699999809265137}][0m
[self_driving-10] [0m[INFO] [1782994327.650944947] [self_driving]: [CROSSWALK_IGNORE] y=173 < th=180 candidates=[{'cx': 387, 'cy': 173, 'w': 154, 'h': 7, 'area': 1078, 'score': 0.8100000023841858}][0m
[self_driving-10] [0m[INFO] [1782994327.718842652] [self_driving]: [CROSSWALK_IGNORE] y=173 < th=180 candidates=[{'cx': 387, 'cy': 173, 'w': 154, 'h': 7, 'area': 1078, 'score': 0.8100000023841858}][0m
[self_driving-10] [0m[INFO] [1782994327.776615813] [self_driving]: [CROSSWALK_IGNORE] y=173 < th=180 candidates=[{'cx': 387, 'cy': 173, 'w': 154, 'h': 7, 'area': 1078, 'score': 0.8100000023841858}][0m
[self_driving-10] [0m[INFO] [1782994327.833718432] [self_driving]: [CROSSWALK_IGNORE] y=173 < th=180 candidates=[{'cx': 387, 'cy': 173, 'w': 154, 'h': 7, 'area': 1078, 'score': 0.8100000023841858}][0m
[self_driving-10] [0m[INFO] [1782994327.900818297] [self_driving]: [CROSSWALK_IGNORE] y=173 < th=180 candidates=[{'cx': 387, 'cy': 173, 'w': 154, 'h': 7, 'area': 1078, 'score': 0.8100000023841858}][0m
[self_driving-10] [0m[INFO] [1782994327.928476165] [self_driving]: [OBJECTS] msg_count=275 n=1 names=['crosswalk'][0m
[self_driving-10] [0m[INFO] [1782994327.995799921] [self_driving]: [CROSSWALK_IGNORE] y=174 < th=180 candidates=[{'cx': 386, 'cy': 174, 'w': 161, 'h': 7, 'area': 1127, 'score': 0.7099999785423279}][0m
[self_driving-10] [0m[INFO] [1782994328.051763679] [self_driving]: [CROSSWALK_IGNORE] y=174 < th=180 candidates=[{'cx': 386, 'cy': 174, 'w': 161, 'h': 7, 'area': 1127, 'score': 0.7099999785423279}][0m
[self_driving-10] [0m[INFO] [1782994328.055543394] [self_driving]: [PARK_EXEC_GATE] position_ok=False age=2.73/0.30 area=400 min_area=500 area_with_cw=420 first_area=400 ratio=1.00/1.35 fallback=False park_cy=120 min_cy=107 cy_ok=True cy_range=(120,120) cw_y=174 effective_cw_y=174 min_cw_y=190 cw_y_ok=False close_by_area=False close_by_cw=False force_by_cw=False force_cw_y=240 force_area=420 candidate={'cx': 321, 'cy': 120, 'w': 20, 'h': 20, 'area': 400, 'score': 0.699999988079071, 'right_done': False, 'park_done': False, 'valid_yolo': True, 'can_accept': True, 'reject': [], 'approach_age': 0.0, 'first_area': 400, 'first_cy': 120, 'max_area': 400, 'min_cy': 120, 'max_cy': 120, 'area_ratio': 1.0}[0m
[self_driving-10] [0m[INFO] [1782994328.058571733] [self_driving]: [CMD] n=1892 source=park_approach_hold linear_x=0.10 linear_y=0.00 angular_z=-0.06 state=LINE_FOLLOW stop=False lane_x=131.0 raw_lane_x=131.0 lane_filter=stable cw_y=174 park_x=321 park_age=2.73 park_area=400 park_cy=120 after_lane_turn_ok=True lane_stable_ok=True[0m
[self_driving-10] [0m[INFO] [1782994328.115156811] [self_driving]: [CROSSWALK_IGNORE] y=174 < th=180 candidates=[{'cx': 386, 'cy': 174, 'w': 161, 'h': 7, 'area': 1127, 'score': 0.7099999785423279}][0m
[self_driving-10] [0m[INFO] [1782994328.176056794] [self_driving]: [CROSSWALK_IGNORE] y=174 < th=180 candidates=[{'cx': 386, 'cy': 174, 'w': 161, 'h': 7, 'area': 1127, 'score': 0.7099999785423279}][0m
[self_driving-10] [0m[INFO] [1782994328.251478151] [self_driving]: [CROSSWALK_IGNORE] y=174 < th=180 candidates=[{'cx': 386, 'cy': 174, 'w': 161, 'h': 7, 'area': 1127, 'score': 0.7099999785423279}][0m
[self_driving-10] [0m[INFO] [1782994328.316770446] [self_driving]: [CROSSWALK_IGNORE] y=174 < th=180 candidates=[{'cx': 386, 'cy': 174, 'w': 161, 'h': 7, 'area': 1127, 'score': 0.7099999785423279}][0m
[self_driving-10] [0m[INFO] [1782994328.380622896] [self_driving]: [CROSSWALK_IGNORE] y=174 < th=180 candidates=[{'cx': 386, 'cy': 174, 'w': 161, 'h': 7, 'area': 1127, 'score': 0.7099999785423279}][0m
[self_driving-10] [0m[INFO] [1782994328.444218252] [self_driving]: [OBJECTS] msg_count=277 n=1 names=['go'][0m
[self_driving-10] [0m[INFO] [1782994328.449194181] [self_driving]: [CROSSWALK_IGNORE] y=177 < th=180 candidates=[{'cx': 387, 'cy': 177, 'w': 166, 'h': 7, 'area': 1162, 'score': 0.7900000214576721}][0m
[self_driving-10] [0m[INFO] [1782994328.521961868] [self_driving]: [CROSSWALK_IGNORE] y=177 < th=180 candidates=[{'cx': 387, 'cy': 177, 'w': 166, 'h': 7, 'area': 1162, 'score': 0.7900000214576721}][0m
[self_driving-10] [0m[INFO] [1782994328.591659125] [self_driving]: [CROSSWALK_IGNORE] y=177 < th=180 candidates=[{'cx': 387, 'cy': 177, 'w': 166, 'h': 7, 'area': 1162, 'score': 0.7900000214576721}][0m
[self_driving-10] [0m[INFO] [1782994328.593293489] [self_driving]: [PARK_EXEC_GATE] position_ok=False age=3.28/0.30 area=400 min_area=500 area_with_cw=420 first_area=400 ratio=1.00/1.35 fallback=False park_cy=120 min_cy=107 cy_ok=True cy_range=(120,120) cw_y=177 effective_cw_y=177 min_cw_y=190 cw_y_ok=False close_by_area=False close_by_cw=False force_by_cw=False force_cw_y=240 force_area=420 candidate={'cx': 321, 'cy': 120, 'w': 20, 'h': 20, 'area': 400, 'score': 0.699999988079071, 'right_done': False, 'park_done': False, 'valid_yolo': True, 'can_accept': True, 'reject': [], 'approach_age': 0.0, 'first_area': 400, 'first_cy': 120, 'max_area': 400, 'min_cy': 120, 'max_cy': 120, 'area_ratio': 1.0}[0m
[self_driving-10] [0m[INFO] [1782994328.594198960] [self_driving]: [CMD] n=1900 source=park_approach_hold linear_x=0.10 linear_y=0.00 angular_z=0.06 state=LINE_FOLLOW stop=False lane_x=129.5 raw_lane_x=129.5 lane_filter=stable cw_y=177 park_x=321 park_age=3.28 park_area=400 park_cy=120 after_lane_turn_ok=True lane_stable_ok=True[0m
[self_driving-10] [0m[INFO] [1782994328.651402413] [self_driving]: [CROSSWALK_IGNORE] y=177 < th=180 candidates=[{'cx': 387, 'cy': 177, 'w': 166, 'h': 7, 'area': 1162, 'score': 0.7900000214576721}][0m
[self_driving-10] [0m[INFO] [1782994328.705001690] [self_driving]: [CROSSWALK_IGNORE] y=177 < th=180 candidates=[{'cx': 387, 'cy': 177, 'w': 166, 'h': 7, 'area': 1162, 'score': 0.7900000214576721}][0m
[self_driving-10] [0m[INFO] [1782994328.784675506] [self_driving]: [CROSSWALK_IGNORE] y=177 < th=180 candidates=[{'cx': 387, 'cy': 177, 'w': 166, 'h': 7, 'area': 1162, 'score': 0.7900000214576721}][0m
[self_driving-10] [0m[INFO] [1782994328.796971437] [self_driving]: [CROSSWALK_METRIC] n=1 nearest={'cx': 431, 'cy': 223, 'w': 337, 'h': 22, 'area': 7414, 'score': 0.8799999952316284} all=[{'cx': 431, 'cy': 223, 'w': 337, 'h': 22, 'area': 7414, 'score': 0.8799999952316284}] event_idx=8[0m
[self_driving-10] [0m[INFO] [1782994329.042905571] [self_driving]: [CROSSWALK_SLOW] y=180 th=180 confirm=4 candidates=[{'cx': 386, 'cy': 180, 'w': 176, 'h': 9, 'area': 1584, 'score': 0.800000011920929}][0m
[self_driving-10] [0m[INFO] [1782994329.116053299] [self_driving]: [OBJECTS] msg_count=282 n=1 names=['crosswalk'][0m
[self_driving-10] [0m[INFO] [1782994329.121751104] [self_driving]: [PARK_EXEC_GATE] position_ok=False age=3.80/0.30 area=400 min_area=500 area_with_cw=420 first_area=400 ratio=1.00/1.35 fallback=False park_cy=120 min_cy=107 cy_ok=True cy_range=(120,120) cw_y=180 effective_cw_y=180 min_cw_y=190 cw_y_ok=False close_by_area=False close_by_cw=False force_by_cw=False force_cw_y=240 force_area=420 candidate={'cx': 321, 'cy': 120, 'w': 20, 'h': 20, 'area': 400, 'score': 0.699999988079071, 'right_done': False, 'park_done': False, 'valid_yolo': True, 'can_accept': True, 'reject': [], 'approach_age': 0.0, 'first_area': 400, 'first_cy': 120, 'max_area': 400, 'min_cy': 120, 'max_cy': 120, 'area_ratio': 1.0}[0m
[self_driving-10] [0m[INFO] [1782994329.124860591] [self_driving]: [CMD] n=1908 source=park_approach_hold linear_x=0.10 linear_y=0.00 angular_z=0.06 state=LINE_FOLLOW stop=False lane_x=128.5 raw_lane_x=128.5 lane_filter=stable cw_y=180 park_x=321 park_age=3.80 park_area=400 park_cy=120 after_lane_turn_ok=True lane_stable_ok=True[0m
[self_driving-10] [0m[INFO] [1782994329.658536562] [self_driving]: [PARK_EXEC_GATE] position_ok=False age=4.34/0.30 area=400 min_area=500 area_with_cw=420 first_area=400 ratio=1.00/1.35 fallback=False park_cy=120 min_cy=107 cy_ok=True cy_range=(120,120) cw_y=180 effective_cw_y=180 min_cw_y=190 cw_y_ok=False close_by_area=False close_by_cw=False force_by_cw=False force_cw_y=240 force_area=420 candidate={'cx': 321, 'cy': 120, 'w': 20, 'h': 20, 'area': 400, 'score': 0.699999988079071, 'right_done': False, 'park_done': False, 'valid_yolo': True, 'can_accept': True, 'reject': [], 'approach_age': 0.0, 'first_area': 400, 'first_cy': 120, 'max_area': 400, 'min_cy': 120, 'max_cy': 120, 'area_ratio': 1.0}[0m
[self_driving-10] [0m[INFO] [1782994329.660175260] [self_driving]: [CMD] n=1916 source=park_approach_hold linear_x=0.10 linear_y=0.00 angular_z=-0.06 state=LINE_FOLLOW stop=False lane_x=132.5 raw_lane_x=132.5 lane_filter=stable cw_y=180 park_x=321 park_age=4.34 park_area=400 park_cy=120 after_lane_turn_ok=True lane_stable_ok=True[0m
[self_driving-10] [0m[INFO] [1782994330.022195314] [self_driving]: [OBJECTS] msg_count=287 n=1 names=['go'][0m
[self_driving-10] [0m[INFO] [1782994330.185942612] [self_driving]: [PARK_EXEC_GATE] position_ok=False age=4.87/0.30 area=400 min_area=500 area_with_cw=420 first_area=400 ratio=1.00/1.35 fallback=False park_cy=120 min_cy=107 cy_ok=True cy_range=(120,120) cw_y=181 effective_cw_y=181 min_cw_y=190 cw_y_ok=False close_by_area=False close_by_cw=False force_by_cw=False force_cw_y=240 force_area=420 candidate={'cx': 321, 'cy': 120, 'w': 20, 'h': 20, 'area': 400, 'score': 0.699999988079071, 'right_done': False, 'park_done': False, 'valid_yolo': True, 'can_accept': True, 'reject': [], 'approach_age': 0.0, 'first_area': 400, 'first_cy': 120, 'max_area': 400, 'min_cy': 120, 'max_cy': 120, 'area_ratio': 1.0}[0m
[self_driving-10] [0m[INFO] [1782994330.187176011] [self_driving]: [CMD] n=1924 source=park_approach_hold linear_x=0.10 linear_y=0.00 angular_z=-0.06 state=LINE_FOLLOW stop=False lane_x=132.5 raw_lane_x=132.5 lane_filter=stable cw_y=181 park_x=321 park_age=4.87 park_area=400 park_cy=120 after_lane_turn_ok=True lane_stable_ok=True[0m
[self_driving-10] [0m[INFO] [1782994330.320157305] [self_driving]: [CMD] n=1926 source=pid_follow linear_x=0.15 linear_y=0.00 angular_z=0.10 state=LINE_FOLLOW stop=False lane_x=130.0 raw_lane_x=130.0 lane_filter=stable cw_y=181 park_x=321 right_done=False[0m
[self_driving-10] [0m[INFO] [1782994330.320619716] [self_driving]: [DEBUG_DRIVE] state=LINE_FOLLOW raw_lane_x=130.0 lane_x=130.0 filter=stable linear=0.15 angular=0.10 cw_y=181 cw_n=1 cw_event_idx=8 right_done=False start_turn=False count_turn=0 park_x=321 park_done=False traffic=None stop=False last_turn_age=6.24[0m
[self_driving-10] [0m[INFO] [1782994330.356983190] [self_driving]: [CROSSWALK_METRIC] n=1 nearest={'cx': 439, 'cy': 249, 'w': 399, 'h': 31, 'area': 12369, 'score': 0.9300000071525574} all=[{'cx': 439, 'cy': 249, 'w': 399, 'h': 31, 'area': 12369, 'score': 0.9300000071525574}] event_idx=8[0m
[self_driving-10] [0m[INFO] [1782994330.683572334] [self_driving]: [OBJECTS] msg_count=293 n=1 names=['crosswalk'][0m
[self_driving-10] [0m[INFO] [1782994330.689738475] [self_driving]: [TRAFFIC_CANDIDATE] name=green valid=False cx=627 cy=122 w=20 h=20 area=400 score=0.41 min_area=800[0m
[self_driving-10] [0m[INFO] [1782994330.859858527] [self_driving]: [CMD] n=1934 source=pid_follow linear_x=0.15 linear_y=0.00 angular_z=-0.10 state=LINE_FOLLOW stop=False lane_x=137.5 raw_lane_x=137.5 lane_filter=stable cw_y=0 park_x=321 right_done=False[0m
[self_driving-10] [0m[INFO] [1782994330.860720923] [self_driving]: [DEBUG_DRIVE] state=LINE_FOLLOW raw_lane_x=137.5 lane_x=137.5 filter=stable linear=0.15 angular=-0.10 cw_y=0 cw_n=0 cw_event_idx=8 right_done=False start_turn=False count_turn=0 park_x=321 park_done=False traffic=None stop=False last_turn_age=6.78[0m
[self_driving-10] [0m[INFO] [1782994331.367790201] [self_driving]: [OBJECTS] msg_count=300 n=1 names=['crosswalk'][0m
[self_driving-10] [0m[INFO] [1782994331.414342496] [self_driving]: [CMD] n=1942 source=pid_follow linear_x=0.15 linear_y=0.00 angular_z=-0.10 state=LINE_FOLLOW stop=False lane_x=134.5 raw_lane_x=134.5 lane_filter=stable cw_y=190 park_x=321 right_done=False[0m
[self_driving-10] [0m[INFO] [1782994331.416488290] [self_driving]: [DEBUG_DRIVE] state=LINE_FOLLOW raw_lane_x=134.5 lane_x=134.5 filter=stable linear=0.15 angular=-0.10 cw_y=190 cw_n=1 cw_event_idx=8 right_done=False start_turn=False count_turn=0 park_x=321 park_done=False traffic=None stop=False last_turn_age=7.33[0m
[self_driving-10] [0m[INFO] [1782994331.755512903] [self_driving]: [CROSSWALK_SLOW_DONE] return normal speed[0m
[self_driving-10] [0m[INFO] [1782994331.934158301] [self_driving]: [CMD] n=1950 source=pid_follow linear_x=0.30 linear_y=0.00 angular_z=-0.10 state=LINE_FOLLOW stop=False lane_x=133.0 raw_lane_x=133.0 lane_filter=stable cw_y=0 park_x=321 right_done=False[0m
[self_driving-10] [0m[INFO] [1782994331.935760924] [self_driving]: [DEBUG_DRIVE] state=LINE_FOLLOW raw_lane_x=133.0 lane_x=133.0 filter=stable linear=0.30 angular=-0.10 cw_y=0 cw_n=0 cw_event_idx=8 right_done=False start_turn=False count_turn=0 park_x=321 park_done=False traffic=None stop=False last_turn_age=7.85[0m
[self_driving-10] [0m[INFO] [1782994332.052181847] [self_driving]: [OBJECTS] msg_count=306 n=1 names=['crosswalk'][0m
[self_driving-10] [0m[INFO] [1782994332.056075008] [self_driving]: [CROSSWALK_METRIC] n=1 nearest={'cx': 389, 'cy': 201, 'w': 247, 'h': 13, 'area': 3211, 'score': 0.8500000238418579} all=[{'cx': 389, 'cy': 201, 'w': 247, 'h': 13, 'area': 3211, 'score': 0.8500000238418579}] event_idx=8[0m
[self_driving-10] [0m[INFO] [1782994332.280669954] [self_driving]: [CROSSWALK_SLOW] y=344 th=180 confirm=4 candidates=[{'cx': 388, 'cy': 344, 'w': 493, 'h': 82, 'area': 40426, 'score': 0.800000011920929}][0m
[self_driving-10] [0m[INFO] [1782994332.491311179] [self_driving]: [CMD] n=1958 source=pid_follow linear_x=0.15 linear_y=0.00 angular_z=0.10 state=LINE_FOLLOW stop=False lane_x=116.0 raw_lane_x=116.0 lane_filter=stable cw_y=375 park_x=321 right_done=False[0m
[self_driving-10] [0m[INFO] [1782994332.492668338] [self_driving]: [DEBUG_DRIVE] state=LINE_FOLLOW raw_lane_x=116.0 lane_x=116.0 filter=stable linear=0.15 angular=0.10 cw_y=375 cw_n=1 cw_event_idx=8 right_done=False start_turn=False count_turn=0 park_x=321 park_done=False traffic=None stop=False last_turn_age=8.41[0m
[self_driving-10] [0m[INFO] [1782994332.716889912] [self_driving]: [OBJECTS] msg_count=311 n=1 names=['crosswalk'][0m
[self_driving-10] [0m[INFO] [1782994333.017591110] [self_driving]: [CMD] n=1966 source=pid_follow linear_x=0.15 linear_y=0.00 angular_z=-0.10 state=LINE_FOLLOW stop=False lane_x=150.0 raw_lane_x=150.0 lane_filter=stable cw_y=415 park_x=321 right_done=False[0m
[self_driving-10] [0m[INFO] [1782994333.019809127] [self_driving]: [DEBUG_DRIVE] state=LINE_FOLLOW raw_lane_x=150.0 lane_x=150.0 filter=stable linear=0.15 angular=-0.10 cw_y=415 cw_n=1 cw_event_idx=8 right_done=False start_turn=False count_turn=0 park_x=321 park_done=False traffic=None stop=False last_turn_age=8.93[0m
[self_driving-10] [0m[INFO] [1782994333.409526383] [self_driving]: [OBJECTS] msg_count=317 n=1 names=['crosswalk'][0m
[self_driving-10] [0m[INFO] [1782994333.549991125] [self_driving]: [CMD] n=1974 source=pid_follow linear_x=0.15 linear_y=0.00 angular_z=0.10 state=LINE_FOLLOW stop=False lane_x=124.0 raw_lane_x=124.0 lane_filter=stable cw_y=0 park_x=321 right_done=False[0m
[self_driving-10] [0m[INFO] [1782994333.550572537] [self_driving]: [DEBUG_DRIVE] state=LINE_FOLLOW raw_lane_x=124.0 lane_x=124.0 filter=stable linear=0.15 angular=0.10 cw_y=0 cw_n=0 cw_event_idx=8 right_done=False start_turn=False count_turn=0 park_x=321 park_done=False traffic=None stop=False last_turn_age=9.47[0m
[self_driving-10] [0m[INFO] [1782994333.782119113] [self_driving]: [CROSSWALK_METRIC] n=1 nearest={'cx': 449, 'cy': 235, 'w': 381, 'h': 30, 'area': 11430, 'score': 0.9100000262260437} all=[{'cx': 449, 'cy': 235, 'w': 381, 'h': 30, 'area': 11430, 'score': 0.9100000262260437}] event_idx=8[0m
[self_driving-10] [0m[INFO] [1782994334.096376289] [self_driving]: [CMD] n=1982 source=pid_follow linear_x=0.15 linear_y=0.00 angular_z=0.10 state=LINE_FOLLOW stop=False lane_x=126.0 raw_lane_x=126.0 lane_filter=stable cw_y=0 park_x=321 right_done=False[0m
[self_driving-10] [0m[INFO] [1782994334.100254838] [self_driving]: [OBJECTS] msg_count=321 n=1 names=['crosswalk'][0m
[self_driving-10] [0m[INFO] [1782994334.102799673] [self_driving]: [DEBUG_DRIVE] state=LINE_FOLLOW raw_lane_x=126.0 lane_x=126.0 filter=stable linear=0.15 angular=0.10 cw_y=0 cw_n=0 cw_event_idx=8 right_done=False start_turn=False count_turn=0 park_x=321 park_done=False traffic=None stop=False last_turn_age=10.01[0m
[self_driving-10] [0m[INFO] [1782994334.160839522] [self_driving]: [IMAGE] received count=1983 shape=(480, 640, 3) queue=0[0m
[self_driving-10] [0m[INFO] [1782994334.634917076] [self_driving]: [CMD] n=1990 source=pid_follow linear_x=0.15 linear_y=0.00 angular_z=-0.10 state=LINE_FOLLOW stop=False lane_x=170.0 raw_lane_x=170.0 lane_filter=stable cw_y=0 park_x=-1 right_done=False[0m
[self_driving-10] [0m[INFO] [1782994334.635516358] [self_driving]: [DEBUG_DRIVE] state=LINE_FOLLOW raw_lane_x=170.0 lane_x=170.0 filter=stable linear=0.15 angular=-0.10 cw_y=0 cw_n=0 cw_event_idx=8 right_done=False start_turn=False count_turn=0 park_x=-1 park_done=False traffic=None stop=False last_turn_age=10.55[0m
[self_driving-10] [0m[INFO] [1782994334.782782581] [self_driving]: [OBJECTS] msg_count=325 n=1 names=['crosswalk'][0m
[self_driving-10] [0m[INFO] [1782994334.960595694] [self_driving]: [CROSSWALK_SLOW_DONE] return normal speed[0m
[self_driving-10] [0m[INFO] [1782994335.170656025] [self_driving]: [CMD] n=1998 source=pid_follow linear_x=0.30 linear_y=0.00 angular_z=-0.10 state=LINE_FOLLOW stop=False lane_x=137.5 raw_lane_x=137.5 lane_filter=stable cw_y=0 park_x=-1 right_done=False[0m
[self_driving-10] [0m[INFO] [1782994335.171468199] [self_driving]: [DEBUG_DRIVE] state=LINE_FOLLOW raw_lane_x=137.5 lane_x=137.5 filter=stable linear=0.30 angular=-0.10 cw_y=0 cw_n=0 cw_event_idx=8 right_done=False start_turn=False count_turn=0 park_x=-1 park_done=False traffic=None stop=False last_turn_age=11.09[0m
[self_driving-10] [0m[INFO] [1782994335.457074444] [self_driving]: [OBJECTS] msg_count=329 n=1 names=['crosswalk'][0m
[self_driving-10] [0m[INFO] [1782994335.459166145] [self_driving]: [CROSSWALK_METRIC] n=1 nearest={'cx': 420, 'cy': 325, 'w': 439, 'h': 82, 'area': 35998, 'score': 0.9100000262260437} all=[{'cx': 420, 'cy': 325, 'w': 439, 'h': 82, 'area': 35998, 'score': 0.9100000262260437}] event_idx=8[0m
[self_driving-10] [0m[INFO] [1782994335.702727353] [self_driving]: [CMD] n=2006 source=pid_follow linear_x=0.30 linear_y=0.00 angular_z=0.10 state=LINE_FOLLOW stop=False lane_x=131.0 raw_lane_x=131.0 lane_filter=stable cw_y=0 park_x=-1 right_done=False[0m
[self_driving-10] [0m[INFO] [1782994335.703283543] [self_driving]: [DEBUG_DRIVE] state=LINE_FOLLOW raw_lane_x=131.0 lane_x=131.0 filter=stable linear=0.30 angular=0.10 cw_y=0 cw_n=0 cw_event_idx=8 right_done=False start_turn=False count_turn=0 park_x=-1 park_done=False traffic=None stop=False last_turn_age=11.62[0m
[self_driving-10] [0m[INFO] [1782994336.176056290] [self_driving]: [OBJECTS] msg_count=333 n=1 names=['crosswalk'][0m
[self_driving-10] [0m[INFO] [1782994336.247237354] [self_driving]: [CMD] n=2014 source=pid_follow linear_x=0.30 linear_y=0.00 angular_z=-0.10 state=LINE_FOLLOW stop=False lane_x=145.0 raw_lane_x=145.0 lane_filter=stable cw_y=0 park_x=-1 right_done=False[0m
[self_driving-10] [0m[INFO] [1782994336.250565788] [self_driving]: [DEBUG_DRIVE] state=LINE_FOLLOW raw_lane_x=145.0 lane_x=145.0 filter=stable linear=0.30 angular=-0.10 cw_y=0 cw_n=0 cw_event_idx=8 right_done=False start_turn=False count_turn=0 park_x=-1 park_done=False traffic=None stop=False last_turn_age=12.16[0m
[self_driving-10] [0m[INFO] [1782994336.789104315] [self_driving]: [CMD] n=2022 source=pid_follow linear_x=0.30 linear_y=0.00 angular_z=0.10 state=LINE_FOLLOW stop=False lane_x=125.0 raw_lane_x=125.0 lane_filter=stable cw_y=0 park_x=-1 right_done=False[0m
[self_driving-10] [0m[INFO] [1782994336.790225121] [self_driving]: [DEBUG_DRIVE] state=LINE_FOLLOW raw_lane_x=125.0 lane_x=125.0 filter=stable linear=0.30 angular=0.10 cw_y=0 cw_n=0 cw_event_idx=8 right_done=False start_turn=False count_turn=0 park_x=-1 park_done=False traffic=None stop=False last_turn_age=12.70[0m
[self_driving-10] [0m[INFO] [1782994337.163870619] [self_driving]: [OBJECTS] msg_count=335 n=1 names=['crosswalk'][0m
[self_driving-10] [0m[INFO] [1782994337.164709866] [self_driving]: [CROSSWALK_METRIC] n=1 nearest={'cx': 566, 'cy': 337, 'w': 148, 'h': 144, 'area': 21312, 'score': 0.36000001430511475} all=[{'cx': 566, 'cy': 337, 'w': 148, 'h': 144, 'area': 21312, 'score': 0.36000001430511475}] event_idx=8[0m
[self_driving-10] [0m[INFO] [1782994337.323267419] [self_driving]: [CMD] n=2030 source=pid_follow linear_x=0.30 linear_y=0.00 angular_z=-0.10 state=LINE_FOLLOW stop=False lane_x=153.5 raw_lane_x=153.5 lane_filter=stable cw_y=337 park_x=-1 right_done=False[0m
[self_driving-10] [0m[INFO] [1782994337.323924610] [self_driving]: [DEBUG_DRIVE] state=LINE_FOLLOW raw_lane_x=153.5 lane_x=153.5 filter=stable linear=0.30 angular=-0.10 cw_y=337 cw_n=1 cw_event_idx=8 right_done=False start_turn=False count_turn=0 park_x=-1 park_done=False traffic=None stop=False last_turn_age=13.24[0m
[self_driving-10] [0m[INFO] [1782994337.396903410] [self_driving]: [CROSSWALK_SLOW] y=337 th=180 confirm=4 candidates=[{'cx': 566, 'cy': 337, 'w': 148, 'h': 144, 'area': 21312, 'score': 0.36000001430511475}][0m
[self_driving-10] [33m[WARN] [1782994337.454492459] [self_driving]: [LANE_TURN_EVENT_START] idx=26 raw_lane_x=209.0 lane_x=209.0 filter=stable th=200 cw_y=337[0m
[self_driving-10] [33m[WARN] [1782994337.456870700] [self_driving]: [TURN_CLUSTER_START] cluster=16 event_idx=26 raw_lane_x=209.0 lane_x=209.0 filter=stable cw_y=337[0m
[self_driving-10] [0m[INFO] [1782994337.458446194] [self_driving]: [TURN_CLUSTER_UPDATE] cluster=16 samples=1 lane_x=209.0 max_lane_x=209.0 cw_y=337 cw_range=(337,337)[0m
[self_driving-10] [0m[INFO] [1782994337.460387062] [self_driving]: [CMD] n=2032 source=line_turn linear_x=0.15 linear_y=0.00 angular_z=-0.45 state=LINE_FOLLOW stop=False lane_x=209.0 raw_lane_x=209.0 lane_filter=stable cw_y=337 park_x=-1 right_done=False[0m
[self_driving-10] [0m[INFO] [1782994337.863668165] [self_driving]: [DEBUG_DRIVE] state=LINE_FOLLOW raw_lane_x=245.5 lane_x=245.5 filter=stable linear=0.15 angular=-0.45 cw_y=337 cw_n=1 cw_event_idx=8 right_done=False start_turn=True count_turn=1 park_x=-1 park_done=False traffic=None stop=False last_turn_age=13.78[0m
[self_driving-10] [0m[INFO] [1782994338.003994185] [self_driving]: [CMD] n=2040 source=line_turn linear_x=0.15 linear_y=0.00 angular_z=-0.45 state=LINE_FOLLOW stop=False lane_x=235.0 raw_lane_x=235.0 lane_filter=stable cw_y=337 park_x=-1 right_done=False[0m
[self_driving-10] [33m[WARN] [1782994338.248853033] [self_driving]: [LANE_X_JUMP_REJECT] raw=118.0 last=260.0 diff=142.0 candidate=118.0 cnt=1/4[0m
[self_driving-10] [0m[INFO] [1782994338.395317194] [self_driving]: [DEBUG_DRIVE] state=LINE_FOLLOW raw_lane_x=140.0 lane_x=260.0 filter=jump_reject linear=0.15 angular=-0.45 cw_y=337 cw_n=1 cw_event_idx=8 right_done=False start_turn=True count_turn=9 park_x=-1 park_done=False traffic=None stop=False last_turn_age=14.31[0m
[self_driving-10] [0m[INFO] [1782994338.526921718] [self_driving]: [TURN_CLUSTER_UPDATE] cluster=16 samples=17 lane_x=260.0 max_lane_x=260.0 cw_y=337 cw_range=(337,337)[0m
[self_driving-10] [0m[INFO] [1782994338.527634724] [self_driving]: [CMD] n=2048 source=line_turn linear_x=0.15 linear_y=0.00 angular_z=-0.45 state=LINE_FOLLOW stop=False lane_x=260.0 raw_lane_x=159.5 lane_filter=jump_reject cw_y=337 park_x=-1 right_done=False[0m
[self_driving-10] [0m[INFO] [1782994338.653346850] [self_driving]: [LANE_X_JUMP_ACCEPT] raw=174.5 last=174.5 cnt=4/4[0m
[self_driving-10] [33m[WARN] [1782994338.656256280] [self_driving]: [LANE_TURN_EVENT_END] idx=26 raw_lane_x=174.5 lane_x=174.5 filter=jump_accept last_turn_done_time=1782994338.66[0m
[self_driving-10] [0m[INFO] [1782994338.659492584] [self_driving]: [CMD] n=2050 source=pid_follow linear_x=0.15 linear_y=0.00 angular_z=0.00 state=LINE_FOLLOW stop=False lane_x=174.5 raw_lane_x=174.5 lane_filter=jump_accept cw_y=337 park_x=-1 right_done=False[0m
[self_driving-10] [33m[WARN] [1782994338.794808175] [self_driving]: [LANE_TURN_EVENT_START] idx=27 raw_lane_x=215.5 lane_x=215.5 filter=stable th=200 cw_y=337[0m
[self_driving-10] [0m[INFO] [1782994338.796804468] [self_driving]: [CMD] n=2052 source=line_turn linear_x=0.15 linear_y=0.00 angular_z=-0.45 state=LINE_FOLLOW stop=False lane_x=215.5 raw_lane_x=215.5 lane_filter=stable cw_y=337 park_x=-1 right_done=False[0m
[self_driving-10] [0m[INFO] [1782994338.929987190] [self_driving]: [DEBUG_DRIVE] state=LINE_FOLLOW raw_lane_x=246.5 lane_x=246.5 filter=stable linear=0.15 angular=-0.45 cw_y=337 cw_n=1 cw_event_idx=8 right_done=False start_turn=True count_turn=3 park_x=-1 park_done=False traffic=None stop=False last_turn_age=0.27[0m
[self_driving-10] [0m[INFO] [1782994339.347288998] [self_driving]: [CMD] n=2060 source=line_turn linear_x=0.15 linear_y=0.00 angular_z=-0.45 state=LINE_FOLLOW stop=False lane_x=260.5 raw_lane_x=260.5 lane_filter=stable cw_y=337 park_x=-1 right_done=False[0m
[self_driving-10] [0m[INFO] [1782994339.434855729] [self_driving]: [DEBUG_DRIVE] state=LINE_FOLLOW raw_lane_x=263.0 lane_x=263.0 filter=stable linear=0.15 angular=-0.45 cw_y=337 cw_n=1 cw_event_idx=8 right_done=False start_turn=True count_turn=10 park_x=-1 park_done=False traffic=None stop=False last_turn_age=0.78[0m
[self_driving-10] [0m[INFO] [1782994339.538921183] [self_driving]: [TURN_CLUSTER_UPDATE] cluster=16 samples=30 lane_x=263.5 max_lane_x=263.5 cw_y=337 cw_range=(337,337)[0m
[self_driving-10] [0m[INFO] [1782994339.881334267] [self_driving]: [CMD] n=2068 source=line_turn linear_x=0.15 linear_y=0.00 angular_z=-0.45 state=LINE_FOLLOW stop=False lane_x=312.5 raw_lane_x=312.5 lane_filter=stable cw_y=337 park_x=-1 right_done=False[0m
[self_driving-10] [0m[INFO] [1782994339.936008664] [self_driving]: [DEBUG_DRIVE] state=LINE_FOLLOW raw_lane_x=307.5 lane_x=307.5 filter=stable linear=0.15 angular=-0.45 cw_y=337 cw_n=1 cw_event_idx=8 right_done=False start_turn=True count_turn=18 park_x=-1 park_done=False traffic=None stop=False last_turn_age=1.28[0m
[self_driving-10] [0m[INFO] [1782994340.065439893] [self_driving]: [CROSSWALK_SLOW_DONE] return normal speed[0m
[self_driving-10] [0m[INFO] [1782994340.339556936] [self_driving]: [CROSSWALK_SLOW] y=337 th=180 confirm=4 candidates=[{'cx': 566, 'cy': 337, 'w': 148, 'h': 144, 'area': 21312, 'score': 0.36000001430511475}][0m
[self_driving-10] [0m[INFO] [1782994340.394975597] [self_driving]: [CMD] n=2076 source=line_turn linear_x=0.15 linear_y=0.00 angular_z=-0.45 state=LINE_FOLLOW stop=False lane_x=284.0 raw_lane_x=284.0 lane_filter=stable cw_y=337 park_x=-1 right_done=False[0m
[self_driving-10] [0m[INFO] [1782994340.492755409] [self_driving]: [DEBUG_DRIVE] state=LINE_FOLLOW raw_lane_x=279.5 lane_x=279.5 filter=stable linear=0.15 angular=-0.45 cw_y=337 cw_n=1 cw_event_idx=8 right_done=False start_turn=True count_turn=26 park_x=-1 park_done=False traffic=None stop=False last_turn_age=1.84[0m
[self_driving-10] [0m[INFO] [1782994340.548397258] [self_driving]: [TURN_CLUSTER_UPDATE] cluster=16 samples=45 lane_x=276.5 max_lane_x=312.5 cw_y=337 cw_range=(337,337)[0m
[self_driving-10] [0m[INFO] [1782994340.763622593] [self_driving]: [OBJECTS] msg_count=336 n=1 names=['right'][0m
[self_driving-10] [0m[INFO] [1782994340.764348988] [self_driving]: [RIGHT_METRIC] valid=False can_trigger=False reject=['low_score', 'small_area'] cnt=0 cx=612 cy=111 w=26 h=26 area=676 score=0.46 done=False repeat=True cooldown_ok=True fsm_enabled=True[0m
[self_driving-10] [0m[INFO] [1782994340.957074219] [self_driving]: [CMD] n=2084 source=line_turn linear_x=0.15 linear_y=0.00 angular_z=-0.45 state=LINE_FOLLOW stop=False lane_x=208.0 raw_lane_x=208.0 lane_filter=stable cw_y=0 park_x=-1 right_done=False[0m
[self_driving-10] [33m[WARN] [1782994341.020213497] [self_driving]: [LANE_TURN_EVENT_END] idx=27 raw_lane_x=177.5 lane_x=177.5 filter=stable last_turn_done_time=1782994341.02[0m
[self_driving-10] [0m[INFO] [1782994341.022052308] [self_driving]: [CMD] n=2085 source=pid_follow linear_x=0.15 linear_y=0.00 angular_z=-0.10 state=LINE_FOLLOW stop=False lane_x=177.5 raw_lane_x=177.5 lane_filter=stable cw_y=0 park_x=-1 right_done=False[0m
[self_driving-10] [0m[INFO] [1782994341.022558275] [self_driving]: [DEBUG_DRIVE] state=LINE_FOLLOW raw_lane_x=177.5 lane_x=177.5 filter=stable linear=0.15 angular=-0.10 cw_y=0 cw_n=0 cw_event_idx=8 right_done=False start_turn=False count_turn=0 park_x=-1 park_done=False traffic=None stop=False last_turn_age=0.00[0m
[self_driving-10] [0m[INFO] [1782994341.105707878] [self_driving]: [CROSSWALK_METRIC] n=1 nearest={'cx': 589, 'cy': 200, 'w': 100, 'h': 18, 'area': 1800, 'score': 0.8399999737739563} all=[{'cx': 589, 'cy': 200, 'w': 100, 'h': 18, 'area': 1800, 'score': 0.8399999737739563}] event_idx=8[0m
[self_driving-10] [33m[WARN] [1782994341.106423569] [self_driving]: [CROSSWALK_EVENT] idx=9 policy=future_pass_candidate nearest={'cx': 589, 'cy': 200, 'w': 100, 'h': 18, 'area': 1800, 'score': 0.8399999737739563} y_th=120[0m
[self_driving-10] [0m[INFO] [1782994341.110681640] [self_driving]: [RIGHT_METRIC] valid=False can_trigger=False reject=['low_score', 'small_area'] cnt=0 cx=510 cy=113 w=25 h=28 area=700 score=0.28 done=False repeat=True cooldown_ok=True fsm_enabled=True[0m
[self_driving-10] [0m[INFO] [1782994341.447036824] [self_driving]: [OBJECTS] msg_count=339 n=1 names=['crosswalk'][0m
[self_driving-10] [0m[INFO] [1782994341.450895244] [self_driving]: [RIGHT_METRIC] valid=False can_trigger=False reject=['small_area'] cnt=0 cx=427 cy=112 w=24 h=28 area=672 score=0.54 done=False repeat=True cooldown_ok=True fsm_enabled=True[0m
[self_driving-10] [0m[INFO] [1782994341.572283669] [self_driving]: [CMD] n=2093 source=pid_follow linear_x=0.15 linear_y=0.00 angular_z=-0.10 state=LINE_FOLLOW stop=False lane_x=137.0 raw_lane_x=137.0 lane_filter=stable cw_y=0 park_x=-1 right_done=False[0m
[self_driving-10] [0m[INFO] [1782994341.573921052] [self_driving]: [DEBUG_DRIVE] state=LINE_FOLLOW raw_lane_x=137.0 lane_x=137.0 filter=stable linear=0.15 angular=-0.10 cw_y=0 cw_n=0 cw_event_idx=9 right_done=False start_turn=False count_turn=0 park_x=-1 park_done=False traffic=None stop=False last_turn_age=0.55[0m
[self_driving-10] [0m[INFO] [1782994341.789800522] [self_driving]: [RIGHT_METRIC] valid=False can_trigger=False reject=['small_area'] cnt=0 cx=373 cy=113 w=25 h=30 area=750 score=0.82 done=False repeat=True cooldown_ok=True fsm_enabled=True[0m
[self_driving-10] [0m[INFO] [1782994342.100092222] [self_driving]: [CROSSWALK_IGNORE] y=174 < th=180 candidates=[{'cx': 529, 'cy': 174, 'w': 177, 'h': 8, 'area': 1416, 'score': 0.7799999713897705}][0m
[self_driving-10] [0m[INFO] [1782994342.102653020] [self_driving]: [CMD] n=2101 source=pid_follow linear_x=0.15 linear_y=0.00 angular_z=0.10 state=LINE_FOLLOW stop=False lane_x=125.0 raw_lane_x=125.0 lane_filter=stable cw_y=174 park_x=-1 right_done=False[0m
[self_driving-10] [0m[INFO] [1782994342.103654621] [self_driving]: [DEBUG_DRIVE] state=LINE_FOLLOW raw_lane_x=125.0 lane_x=125.0 filter=stable linear=0.15 angular=0.10 cw_y=174 cw_n=1 cw_event_idx=9 right_done=False start_turn=False count_turn=0 park_x=-1 park_done=False traffic=None stop=False last_turn_age=1.08[0m
[self_driving-10] [33m[WARN] [1782994342.160256866] [self_driving]: [TURN_CLUSTER_END] cluster=16 duration=4.71 samples=51 max_lane_x=312.5 cw_range=(337,337) last_event_idx=27[0m
[self_driving-10] [0m[INFO] [1782994342.170642856] [self_driving]: [OBJECTS] msg_count=345 n=1 names=['crosswalk'][0m
[self_driving-10] [0m[INFO] [1782994342.172345758] [self_driving]: [RIGHT_METRIC] valid=False can_trigger=False reject=['small_area'] cnt=0 cx=234 cy=111 w=28 h=31 area=868 score=0.80 done=False repeat=True cooldown_ok=True fsm_enabled=True[0m
[self_driving-10] [0m[INFO] [1782994342.217636006] [self_driving]: [IMAGE] received count=2103 shape=(480, 640, 3) queue=0[0m
[self_driving-10] [0m[INFO] [1782994342.519763715] [self_driving]: [RIGHT_METRIC] valid=False can_trigger=False reject=['small_area'] cnt=0 cx=241 cy=109 w=28 h=37 area=1036 score=0.85 done=False repeat=True cooldown_ok=True fsm_enabled=True[0m
[self_driving-10] [0m[INFO] [1782994342.634291456] [self_driving]: [CROSSWALK_IGNORE] y=175 < th=180 candidates=[{'cx': 406, 'cy': 175, 'w': 173, 'h': 7, 'area': 1211, 'score': 0.75}][0m
[self_driving-10] [0m[INFO] [1782994342.635872043] [self_driving]: [CMD] n=2109 source=pid_follow linear_x=0.15 linear_y=0.00 angular_z=-0.10 state=LINE_FOLLOW stop=False lane_x=131.5 raw_lane_x=131.5 lane_filter=stable cw_y=175 park_x=-1 right_done=False[0m
[self_driving-10] [0m[INFO] [1782994342.636360343] [self_driving]: [DEBUG_DRIVE] state=LINE_FOLLOW raw_lane_x=131.5 lane_x=131.5 filter=stable linear=0.15 angular=-0.10 cw_y=175 cw_n=1 cw_event_idx=9 right_done=False start_turn=False count_turn=0 park_x=-1 park_done=False traffic=None stop=False last_turn_age=1.62[0m
[self_driving-10] [0m[INFO] [1782994342.860254988] [self_driving]: [OBJECTS] msg_count=351 n=1 names=['crosswalk'][0m
[self_driving-10] [0m[INFO] [1782994342.861051290] [self_driving]: [CROSSWALK_METRIC] n=1 nearest={'cx': 454, 'cy': 226, 'w': 364, 'h': 26, 'area': 9464, 'score': 0.8600000143051147} all=[{'cx': 454, 'cy': 226, 'w': 364, 'h': 26, 'area': 9464, 'score': 0.8600000143051147}] event_idx=9[0m
[self_driving-10] [0m[INFO] [1782994343.032277907] [self_driving]: [CROSSWALK_SLOW_DONE] return normal speed[0m
[self_driving-10] [0m[INFO] [1782994343.170513187] [self_driving]: [CROSSWALK_IGNORE] y=178 < th=180 candidates=[{'cx': 409, 'cy': 178, 'w': 180, 'h': 8, 'area': 1440, 'score': 0.7799999713897705}][0m
[self_driving-10] [0m[INFO] [1782994343.172936299] [self_driving]: [CMD] n=2117 source=pid_follow linear_x=0.30 linear_y=0.00 angular_z=-0.10 state=LINE_FOLLOW stop=False lane_x=136.5 raw_lane_x=136.5 lane_filter=stable cw_y=178 park_x=-1 right_done=False[0m
[self_driving-10] [0m[INFO] [1782994343.175215891] [self_driving]: [DEBUG_DRIVE] state=LINE_FOLLOW raw_lane_x=136.5 lane_x=136.5 filter=stable linear=0.30 angular=-0.10 cw_y=178 cw_n=1 cw_event_idx=9 right_done=False start_turn=False count_turn=0 park_x=-1 park_done=False traffic=None stop=False last_turn_age=2.15[0m
[self_driving-10] [0m[INFO] [1782994343.214627630] [self_driving]: [RIGHT_METRIC] valid=False can_trigger=False reject=['small_area'] cnt=0 cx=215 cy=107 w=31 h=41 area=1271 score=0.87 done=False repeat=True cooldown_ok=True fsm_enabled=True[0m
[self_driving-10] [0m[INFO] [1782994343.437938714] [self_driving]: [CROSSWALK_SLOW] y=180 th=180 confirm=4 candidates=[{'cx': 399, 'cy': 180, 'w': 189, 'h': 8, 'area': 1512, 'score': 0.7799999713897705}][0m
[self_driving-10] [0m[INFO] [1782994343.548495979] [self_driving]: [OBJECTS] msg_count=355 n=1 names=['crosswalk'][0m
[self_driving-10] [0m[INFO] [1782994343.695674053] [self_driving]: [CMD] n=2125 source=pid_follow linear_x=0.15 linear_y=0.00 angular_z=0.10 state=LINE_FOLLOW stop=False lane_x=127.0 raw_lane_x=127.0 lane_filter=stable cw_y=182 park_x=-1 right_done=False[0m
[self_driving-10] [0m[INFO] [1782994343.698056850] [self_driving]: [DEBUG_DRIVE] state=LINE_FOLLOW raw_lane_x=127.0 lane_x=127.0 filter=stable linear=0.15 angular=0.10 cw_y=182 cw_n=1 cw_event_idx=9 right_done=False start_turn=False count_turn=0 park_x=-1 park_done=False traffic=None stop=False last_turn_age=2.68[0m
[self_driving-10] [0m[INFO] [1782994343.913375408] [self_driving]: [RIGHT_METRIC] valid=False can_trigger=False reject=['small_area'] cnt=0 cx=194 cy=105 w=35 h=46 area=1610 score=0.87 done=False repeat=True cooldown_ok=True fsm_enabled=True[0m
[self_driving-10] [0m[INFO] [1782994344.233178776] [self_driving]: [CMD] n=2133 source=pid_follow linear_x=0.15 linear_y=0.00 angular_z=-0.10 state=LINE_FOLLOW stop=False lane_x=137.0 raw_lane_x=137.0 lane_filter=stable cw_y=378 park_x=-1 right_done=False[0m
[self_driving-10] [0m[INFO] [1782994344.233934449] [self_driving]: [DEBUG_DRIVE] state=LINE_FOLLOW raw_lane_x=137.0 lane_x=137.0 filter=stable linear=0.15 angular=-0.10 cw_y=378 cw_n=1 cw_event_idx=9 right_done=False start_turn=False count_turn=0 park_x=-1 park_done=False traffic=None stop=False last_turn_age=3.21[0m
[self_driving-10] [0m[INFO] [1782994344.290539416] [self_driving]: [OBJECTS] msg_count=361 n=1 names=['crosswalk'][0m
[self_driving-10] [0m[INFO] [1782994344.293930221] [self_driving]: [RIGHT_METRIC] valid=False can_trigger=False reject=['small_area'] cnt=0 cx=191 cy=104 w=38 h=49 area=1862 score=0.86 done=False repeat=True cooldown_ok=True fsm_enabled=True[0m
[self_driving-10] [0m[INFO] [1782994344.630036773] [self_driving]: [CROSSWALK_METRIC] n=1 nearest={'cx': 380, 'cy': 363, 'w': 519, 'h': 111, 'area': 57609, 'score': 0.9200000166893005} all=[{'cx': 380, 'cy': 363, 'w': 519, 'h': 111, 'area': 57609, 'score': 0.9200000166893005}] event_idx=9[0m
[self_driving-10] [0m[INFO] [1782994344.789418629] [self_driving]: [CMD] n=2141 source=pid_follow linear_x=0.15 linear_y=0.00 angular_z=0.10 state=LINE_FOLLOW stop=False lane_x=130.0 raw_lane_x=130.0 lane_filter=stable cw_y=197 park_x=-1 right_done=False[0m
[self_driving-10] [0m[INFO] [1782994344.790325414] [self_driving]: [DEBUG_DRIVE] state=LINE_FOLLOW raw_lane_x=130.0 lane_x=130.0 filter=stable linear=0.15 angular=0.10 cw_y=197 cw_n=1 cw_event_idx=9 right_done=False start_turn=False count_turn=0 park_x=-1 park_done=False traffic=None stop=False last_turn_age=3.77[0m
[self_driving-10] [0m[INFO] [1782994344.968005915] [self_driving]: [OBJECTS] msg_count=366 n=1 names=['crosswalk'][0m
[self_driving-10] [0m[INFO] [1782994345.309109952] [self_driving]: [CMD] n=2149 source=pid_follow linear_x=0.15 linear_y=0.00 angular_z=-0.10 state=LINE_FOLLOW stop=False lane_x=129.5 raw_lane_x=129.5 lane_filter=stable cw_y=202 park_x=-1 right_done=False[0m
[self_driving-10] [0m[INFO] [1782994345.310358406] [self_driving]: [DEBUG_DRIVE] state=LINE_FOLLOW raw_lane_x=129.5 lane_x=129.5 filter=stable linear=0.15 angular=-0.10 cw_y=202 cw_n=1 cw_event_idx=9 right_done=False start_turn=False count_turn=0 park_x=-1 park_done=False traffic=None stop=False last_turn_age=4.29[0m
[self_driving-10] [0m[INFO] [1782994345.331067829] [self_driving]: [RIGHT_METRIC] valid=True can_trigger=True reject=[] cnt=0 cx=102 cy=93 w=56 h=67 area=3752 score=0.87 done=False repeat=True cooldown_ok=True fsm_enabled=True[0m
[self_driving-10] [0m[INFO] [1782994345.683872403] [self_driving]: [OBJECTS] msg_count=371 n=1 names=['crosswalk'][0m
[self_driving-10] [0m[INFO] [1782994345.687276060] [self_driving]: [RIGHT_METRIC] valid=True can_trigger=True reject=[] cnt=1 cx=66 cy=88 w=62 h=74 area=4588 score=0.85 done=False repeat=True cooldown_ok=True fsm_enabled=True[0m
[self_driving-10] [33m[WARN] [1782994345.687856120] [self_driving]: [RIGHT_READY] cx=66 cy=88 w=62 h=74 area=4588 score=0.85 repeat=True[0m
[self_driving-10] [33m[WARN] [1782994345.733585353] [self_driving]: [RIGHT_TRIGGER] enter ARROW_SIGNAL lane_x=127.0 raw_lane_x=127.0 filter=stable cw_y=0 candidate={'cx': 66, 'cy': 88, 'w': 62, 'h': 74, 'area': 4588, 'score': 0.8500000238418579} repeat=True[0m
[self_driving-10] [0m[INFO] [1782994345.734211728] [self_driving]: [1;36m[FSM] LINE_FOLLOW -> ARROW_SIGNAL[0m[0m
[self_driving-10] [0m[INFO] [1782994345.734897974] [self_driving]: [CMD] n=2155 source=right_trigger_stop linear_x=0.00 linear_y=0.00 angular_z=0.00 state=ARROW_SIGNAL stop=False [0m
[self_driving-10] [0m[INFO] [1782994345.786565106] [self_driving]: [CMD] n=2156 source=arrow_signal_wait linear_x=0.00 linear_y=0.00 angular_z=0.00 state=ARROW_SIGNAL stop=False [0m
[self_driving-10] [0m[INFO] [1782994345.857461631] [self_driving]: [ARROW_SIGNAL] waiting elapsed=0.12/0.40 direction=right[0m
[self_driving-10] [0m[INFO] [1782994346.017901421] [self_driving]: [RIGHT_METRIC] valid=True can_trigger=False reject=['cooldown', 'state_ARROW_SIGNAL'] cnt=0 cx=28 cy=82 w=57 h=86 area=4902 score=0.79 done=False repeat=True cooldown_ok=False fsm_enabled=True[0m
[self_driving-10] [0m[INFO] [1782994346.198323499] [self_driving]: [ARROW_SIGNAL] done elapsed=0.46 -> INTERSECTION direction=right[0m
[self_driving-10] [0m[INFO] [1782994346.199453434] [self_driving]: [1;36m[FSM] ARROW_SIGNAL -> INTERSECTION[0m[0m
[self_driving-10] [0m[INFO] [1782994346.256193810] [self_driving]: [CMD] n=2162 source=right_fsm_turn linear_x=0.10 linear_y=0.00 angular_z=-0.50 state=INTERSECTION stop=False [0m
[self_driving-10] [0m[INFO] [1782994346.379347119] [self_driving]: [OBJECTS] msg_count=376 n=1 names=['crosswalk'][0m
[self_driving-10] [0m[INFO] [1782994346.380159348] [self_driving]: [RIGHT_TURN] elapsed=0.18 cmd=(0.10,-0.50) lane_x=116.5 candidate={'cx': 28, 'cy': 82, 'w': 57, 'h': 86, 'area': 4902, 'score': 0.7900000214576721}[0m
[self_driving-10] [0m[INFO] [1782994346.380642907] [self_driving]: [CROSSWALK_METRIC] n=1 nearest={'cx': 443, 'cy': 224, 'w': 360, 'h': 27, 'area': 9720, 'score': 0.8799999952316284} all=[{'cx': 443, 'cy': 224, 'w': 360, 'h': 27, 'area': 9720, 'score': 0.8799999952316284}] event_idx=9[0m
[self_driving-10] [0m[INFO] [1782994346.388503506] [self_driving]: [RIGHT_METRIC] valid=True can_trigger=False reject=['cooldown', 'state_INTERSECTION'] cnt=0 cx=20 cy=70 w=41 h=103 area=4223 score=0.79 done=False repeat=True cooldown_ok=False fsm_enabled=True[0m
[self_driving-10] [0m[INFO] [1782994346.800199714] [self_driving]: [CMD] n=2170 source=right_fsm_turn linear_x=0.10 linear_y=0.00 angular_z=-0.50 state=INTERSECTION stop=False [0m
[self_driving-10] [0m[INFO] [1782994346.935635991] [self_driving]: [RIGHT_TURN] elapsed=0.74 cmd=(0.10,-0.50) lane_x=-1 candidate={'cx': 20, 'cy': 70, 'w': 41, 'h': 103, 'area': 4223, 'score': 0.7900000214576721}[0m
[self_driving-10] [0m[INFO] [1782994347.045145562] [self_driving]: [OBJECTS] msg_count=379 n=1 names=['crosswalk'][0m
[self_driving-10] [0m[INFO] [1782994347.338699889] [self_driving]: [CMD] n=2178 source=right_fsm_turn linear_x=0.10 linear_y=0.00 angular_z=-0.50 state=INTERSECTION stop=False [0m
[self_driving-10] [0m[INFO] [1782994347.466947831] [self_driving]: [RIGHT_TURN] elapsed=1.27 cmd=(0.10,-0.50) lane_x=-1 candidate={'cx': 20, 'cy': 70, 'w': 41, 'h': 103, 'area': 4223, 'score': 0.7900000214576721}[0m
[self_driving-10] [0m[INFO] [1782994347.737785330] [self_driving]: [OBJECTS] msg_count=381 n=1 names=['crosswalk'][0m
[self_driving-10] [0m[INFO] [1782994347.862044703] [self_driving]: [CMD] n=2186 source=right_fsm_turn linear_x=0.10 linear_y=0.00 angular_z=-0.50 state=INTERSECTION stop=False [0m
[self_driving-10] [0m[INFO] [1782994348.008031434] [self_driving]: [1;36m[FSM] INTERSECTION -> LINE_FOLLOW[0m[0m
[self_driving-10] [33m[WARN] [1782994348.008624124] [self_driving]: [RIGHT_TURN_DONE] elapsed=1.81 lane_x=186.0 right_done=True repeat=True cooldown=2.0s -> LINE_FOLLOW[0m
[self_driving-10] [0m[INFO] [1782994348.077804321] [self_driving]: [CROSSWALK_METRIC] n=1 nearest={'cx': 199, 'cy': 255, 'w': 399, 'h': 47, 'area': 18753, 'score': 0.8100000023841858} all=[{'cx': 199, 'cy': 255, 'w': 399, 'h': 47, 'area': 18753, 'score': 0.8100000023841858}] event_idx=9[0m
[self_driving-10] [0m[INFO] [1782994348.083504551] [self_driving]: [CROSSWALK_SLOW_DONE] return normal speed[0m
[self_driving-10] [0m[INFO] [1782994348.085110119] [self_driving]: [CMD] n=2188 source=pid_follow linear_x=0.15 linear_y=0.00 angular_z=-0.10 state=LINE_FOLLOW stop=False lane_x=161.5 raw_lane_x=161.5 lane_filter=stable cw_y=255 park_x=-1 right_done=True[0m
[self_driving-10] [0m[INFO] [1782994348.085925533] [self_driving]: [DEBUG_DRIVE] state=LINE_FOLLOW raw_lane_x=161.5 lane_x=161.5 filter=stable linear=0.15 angular=-0.10 cw_y=255 cw_n=1 cw_event_idx=9 right_done=True start_turn=False count_turn=0 park_x=-1 park_done=False traffic=None stop=False last_turn_age=7.07[0m
[self_driving-10] [33m[WARN] [1782994348.343216795] [self_driving]: [LANE_X_JUMP_REJECT] raw=212.0 last=130.5 diff=81.5 candidate=212.0 cnt=1/4[0m
[self_driving-10] [0m[INFO] [1782994348.343774040] [self_driving]: [CROSSWALK_SLOW] y=255 th=180 confirm=4 candidates=[{'cx': 199, 'cy': 255, 'w': 399, 'h': 47, 'area': 18753, 'score': 0.8100000023841858}][0m
[self_driving-10] [0m[INFO] [1782994348.431795126] [self_driving]: [OBJECTS] msg_count=383 n=1 names=['crosswalk'][0m
[self_driving-10] [0m[INFO] [1782994348.612709245] [self_driving]: [CMD] n=2196 source=pid_follow linear_x=0.15 linear_y=0.00 angular_z=-0.10 state=LINE_FOLLOW stop=False lane_x=130.5 raw_lane_x=286.0 lane_filter=jump_reject cw_y=271 park_x=-1 right_done=True[0m
[self_driving-10] [0m[INFO] [1782994348.613295620] [self_driving]: [DEBUG_DRIVE] state=LINE_FOLLOW raw_lane_x=286.0 lane_x=130.5 filter=jump_reject linear=0.15 angular=-0.10 cw_y=271 cw_n=1 cw_event_idx=9 right_done=True start_turn=False count_turn=0 park_x=-1 park_done=False traffic=None stop=False last_turn_age=7.59[0m
[self_driving-10] [0m[INFO] [1782994348.681189121] [self_driving]: [LANE_X_JUMP_ACCEPT] raw=291.5 last=291.5 cnt=4/4[0m
[self_driving-10] [33m[WARN] [1782994348.683244489] [self_driving]: [LANE_TURN_EVENT_START] idx=28 raw_lane_x=291.5 lane_x=291.5 filter=jump_accept th=200 cw_y=271[0m
[self_driving-10] [33m[WARN] [1782994348.683831716] [self_driving]: [TURN_CLUSTER_START] cluster=17 event_idx=28 raw_lane_x=291.5 lane_x=291.5 filter=jump_accept cw_y=271[0m
[self_driving-10] [0m[INFO] [1782994348.684260683] [self_driving]: [TURN_CLUSTER_UPDATE] cluster=17 samples=1 lane_x=291.5 max_lane_x=291.5 cw_y=271 cw_range=(271,271)[0m
[self_driving-10] [0m[INFO] [1782994348.685053356] [self_driving]: [CMD] n=2197 source=line_turn linear_x=0.15 linear_y=0.00 angular_z=-0.45 state=LINE_FOLLOW stop=False lane_x=291.5 raw_lane_x=291.5 lane_filter=jump_accept cw_y=271 park_x=-1 right_done=True[0m
[self_driving-10] [0m[INFO] [1782994349.116475627] [self_driving]: [OBJECTS] msg_count=385 n=1 names=['crosswalk'][0m
[self_driving-10] [0m[INFO] [1782994349.150995900] [self_driving]: [DEBUG_DRIVE] state=LINE_FOLLOW raw_lane_x=255.0 lane_x=255.0 filter=stable linear=0.15 angular=-0.45 cw_y=342 cw_n=1 cw_event_idx=9 right_done=True start_turn=True count_turn=2 park_x=-1 park_done=False traffic=None stop=False last_turn_age=8.13[0m
[self_driving-10] [0m[INFO] [1782994349.221793110] [self_driving]: [CMD] n=2205 source=line_turn linear_x=0.15 linear_y=0.00 angular_z=-0.45 state=LINE_FOLLOW stop=False lane_x=241.5 raw_lane_x=241.5 lane_filter=stable cw_y=342 park_x=-1 right_done=True[0m
[self_driving-10] [33m[WARN] [1782994349.500509689] [self_driving]: [LANE_TURN_EVENT_END] idx=28 raw_lane_x=186.5 lane_x=186.5 filter=stable last_turn_done_time=1782994349.50[0m
[self_driving-10] [0m[INFO] [1782994349.504129699] [self_driving]: [CMD] n=2209 source=pid_follow linear_x=0.15 linear_y=0.00 angular_z=0.00 state=LINE_FOLLOW stop=False lane_x=186.5 raw_lane_x=186.5 lane_filter=stable cw_y=384 park_x=-1 right_done=True[0m
[self_driving-10] [0m[INFO] [1782994349.685133967] [self_driving]: [DEBUG_DRIVE] state=LINE_FOLLOW raw_lane_x=161.5 lane_x=161.5 filter=stable linear=0.15 angular=0.00 cw_y=384 cw_n=1 cw_event_idx=9 right_done=True start_turn=True count_turn=0 park_x=-1 park_done=False traffic=None stop=False last_turn_age=0.18[0m
[self_driving-10] [0m[INFO] [1782994349.784368142] [self_driving]: [OBJECTS] msg_count=387 n=1 names=['crosswalk'][0m
[self_driving-10] [0m[INFO] [1782994349.789011920] [self_driving]: [CROSSWALK_METRIC] n=1 nearest={'cx': 239, 'cy': 395, 'w': 438, 'h': 169, 'area': 74022, 'score': 0.4300000071525574} all=[{'cx': 239, 'cy': 395, 'w': 438, 'h': 169, 'area': 74022, 'score': 0.4300000071525574}] event_idx=9[0m
[self_driving-10] [0m[INFO] [1782994350.017121931] [self_driving]: [CMD] n=2217 source=pid_follow linear_x=0.15 linear_y=0.00 angular_z=0.00 state=LINE_FOLLOW stop=False lane_x=181.5 raw_lane_x=181.5 lane_filter=stable cw_y=395 park_x=-1 right_done=True[0m
[self_driving-10] [0m[INFO] [1782994350.224059294] [self_driving]: [IMAGE] received count=2222 shape=(480, 640, 3) queue=0[0m
[self_driving-10] [0m[INFO] [1782994350.233538406] [self_driving]: [DEBUG_DRIVE] state=LINE_FOLLOW raw_lane_x=193.0 lane_x=193.0 filter=stable linear=0.15 angular=0.00 cw_y=425 cw_n=1 cw_event_idx=9 right_done=True start_turn=True count_turn=0 park_x=-1 park_done=False traffic=None stop=False last_turn_age=0.73[0m
[self_driving-10] [33m[WARN] [1782994350.358394007] [self_driving]: [LANE_TURN_EVENT_START] idx=29 raw_lane_x=202.5 lane_x=202.5 filter=stable th=200 cw_y=425[0m
[self_driving-10] [0m[INFO] [1782994350.358888844] [self_driving]: [TURN_CLUSTER_UPDATE] cluster=17 samples=13 lane_x=202.5 max_lane_x=300.5 cw_y=425 cw_range=(271,425)[0m
[self_driving-10] [0m[INFO] [1782994350.362273815] [self_driving]: [CMD] n=2222 source=line_turn linear_x=0.15 linear_y=0.00 angular_z=-0.45 state=LINE_FOLLOW stop=False lane_x=202.5 raw_lane_x=202.5 lane_filter=stable cw_y=425 park_x=-1 right_done=True[0m
[self_driving-10] [33m[WARN] [1782994350.572699075] [self_driving]: [LANE_TURN_EVENT_END] idx=29 raw_lane_x=199.5 lane_x=199.5 filter=stable last_turn_done_time=1782994350.57[0m
[self_driving-10] [0m[INFO] [1782994350.575412338] [self_driving]: [CMD] n=2225 source=pid_follow linear_x=0.15 linear_y=0.00 angular_z=0.00 state=LINE_FOLLOW stop=False lane_x=199.5 raw_lane_x=199.5 lane_filter=stable cw_y=425 park_x=-1 right_done=True[0m
[self_driving-10] [0m[INFO] [1782994350.756546088] [self_driving]: [DEBUG_DRIVE] state=LINE_FOLLOW raw_lane_x=163.0 lane_x=163.0 filter=stable linear=0.15 angular=0.00 cw_y=425 cw_n=1 cw_event_idx=9 right_done=True start_turn=True count_turn=0 park_x=-1 park_done=False traffic=None stop=False last_turn_age=0.18[0m
[self_driving-10] [0m[INFO] [1782994350.851367228] [self_driving]: [OBJECTS] msg_count=390 n=1 names=['park'][0m
[self_driving-10] [0m[INFO] [1782994350.852083734] [self_driving]: [PARK_METRIC] valid_yolo=True can_accept=True reject=[] cx=612 cy=115 w=17 h=19 area=323 score=0.74 right_done=True park_done=False cw_y=425 repeat=True[0m
[self_driving-10] [33m[WARN] [1782994350.852708295] [self_driving]: [PARK_APPROACH_START] first_cx=612 first_cy=115 first_area=323 score=0.74 cw_y=425 ref_turn_age=0.28[0m
[self_driving-10] [0m[INFO] [1782994350.900600119] [self_driving]: [PARK_EXEC_GATE] position_ok=False age=0.05/0.30 area=323 min_area=500 area_with_cw=420 first_area=323 ratio=1.00/1.35 fallback=False park_cy=115 min_cy=107 cy_ok=True cy_range=(115,115) cw_y=0 effective_cw_y=425 min_cw_y=190 cw_y_ok=True close_by_area=False close_by_cw=False force_by_cw=False force_cw_y=240 force_area=420 candidate={'cx': 612, 'cy': 115, 'w': 17, 'h': 19, 'area': 323, 'score': 0.7400000095367432, 'right_done': True, 'park_done': False, 'valid_yolo': True, 'can_accept': True, 'reject': [], 'approach_age': 0.0, 'first_area': 323, 'first_cy': 115, 'max_area': 323, 'min_cy': 115, 'max_cy': 115, 'area_ratio': 1.0}[0m
[self_driving-10] [0m[INFO] [1782994350.903736495] [self_driving]: [CMD] n=2230 source=park_approach_hold linear_x=0.10 linear_y=0.00 angular_z=-0.06 state=LINE_FOLLOW stop=False lane_x=168.0 raw_lane_x=168.0 lane_filter=stable cw_y=0 park_x=612 park_age=0.05 park_area=323 park_cy=115 after_lane_turn_ok=False lane_stable_ok=True[0m
[self_driving-10] [0m[INFO] [1782994351.035492428] [self_driving]: [CROSSWALK_SLOW_DONE] return normal speed[0m
[self_driving-10] [0m[INFO] [1782994351.193713608] [self_driving]: [PARK_METRIC] valid_yolo=True can_accept=True reject=[] cx=619 cy=117 w=15 h=20 area=300 score=0.81 right_done=True park_done=False cw_y=0 repeat=True[0m
[self_driving-10] [0m[INFO] [1782994351.422793572] [self_driving]: [PARK_EXEC_GATE] position_ok=False age=0.57/0.30 area=300 min_area=500 area_with_cw=420 first_area=323 ratio=0.93/1.35 fallback=False park_cy=117 min_cy=107 cy_ok=True cy_range=(115,117) cw_y=0 effective_cw_y=0 min_cw_y=190 cw_y_ok=False close_by_area=False close_by_cw=False force_by_cw=False force_cw_y=240 force_area=420 candidate={'cx': 619, 'cy': 117, 'w': 15, 'h': 20, 'area': 300, 'score': 0.8100000023841858, 'right_done': True, 'park_done': False, 'valid_yolo': True, 'can_accept': True, 'reject': [], 'approach_age': 0.3415830135345459, 'first_area': 323, 'first_cy': 115, 'max_area': 323, 'min_cy': 115, 'max_cy': 117, 'area_ratio': 0.9287925696594427}[0m
[self_driving-10] [0m[INFO] [1782994351.423566078] [self_driving]: [CMD] n=2238 source=park_approach_hold linear_x=0.10 linear_y=0.00 angular_z=-0.06 state=LINE_FOLLOW stop=False lane_x=168.5 raw_lane_x=168.5 lane_filter=stable cw_y=0 park_x=619 park_age=0.57 park_area=300 park_cy=117 after_lane_turn_ok=False lane_stable_ok=True[0m
[self_driving-10] [33m[WARN] [1782994351.702457140] [self_driving]: [TURN_CLUSTER_END] cluster=17 duration=3.02 samples=15 max_lane_x=300.5 cw_range=(271,425) last_event_idx=29[0m
[self_driving-10] [0m[INFO] [1782994351.853426670] [self_driving]: [OBJECTS] msg_count=392 n=1 names=['park'][0m
[self_driving-10] [0m[INFO] [1782994351.856205711] [self_driving]: [PARK_METRIC] valid_yolo=True can_accept=True reject=[] cx=569 cy=116 w=17 h=21 area=357 score=0.85 right_done=True park_done=False cw_y=0 repeat=True[0m
[self_driving-10] [0m[INFO] [1782994351.863106802] [self_driving]: [CROSSWALK_METRIC] n=1 nearest={'cx': 469, 'cy': 158, 'w': 108, 'h': 4, 'area': 432, 'score': 0.3100000023841858} all=[{'cx': 469, 'cy': 158, 'w': 108, 'h': 4, 'area': 432, 'score': 0.3100000023841858}] event_idx=9[0m
[self_driving-10] [33m[WARN] [1782994351.864588314] [self_driving]: [CROSSWALK_EVENT] idx=10 policy=future_pass_candidate nearest={'cx': 469, 'cy': 158, 'w': 108, 'h': 4, 'area': 432, 'score': 0.3100000023841858} y_th=120[0m
[self_driving-10] [0m[INFO] [1782994351.902121149] [self_driving]: [CROSSWALK_IGNORE] y=158 < th=180 candidates=[{'cx': 469, 'cy': 158, 'w': 108, 'h': 4, 'area': 432, 'score': 0.3100000023841858}][0m
[self_driving-10] [0m[INFO] [1782994351.963923120] [self_driving]: [CROSSWALK_IGNORE] y=158 < th=180 candidates=[{'cx': 469, 'cy': 158, 'w': 108, 'h': 4, 'area': 432, 'score': 0.3100000023841858}][0m
[self_driving-10] [0m[INFO] [1782994351.966317713] [self_driving]: [PARK_EXEC_GATE] position_ok=False age=1.11/0.30 area=357 min_area=500 area_with_cw=420 first_area=323 ratio=1.11/1.35 fallback=False park_cy=116 min_cy=107 cy_ok=True cy_range=(115,117) cw_y=158 effective_cw_y=158 min_cw_y=190 cw_y_ok=False close_by_area=False close_by_cw=False force_by_cw=False force_cw_y=240 force_area=420 candidate={'cx': 569, 'cy': 116, 'w': 17, 'h': 21, 'area': 357, 'score': 0.8500000238418579, 'right_done': True, 'park_done': False, 'valid_yolo': True, 'can_accept': True, 'reject': [], 'approach_age': 1.0015649795532227, 'first_area': 323, 'first_cy': 115, 'max_area': 357, 'min_cy': 115, 'max_cy': 117, 'area_ratio': 1.105263157894737}[0m
[self_driving-10] [0m[INFO] [1782994351.968318747] [self_driving]: [CMD] n=2246 source=park_approach_hold linear_x=0.10 linear_y=0.00 angular_z=-0.06 state=LINE_FOLLOW stop=False lane_x=159.5 raw_lane_x=159.5 lane_filter=stable cw_y=158 park_x=569 park_age=1.11 park_area=357 park_cy=116 after_lane_turn_ok=False lane_stable_ok=True[0m
[self_driving-10] [0m[INFO] [1782994352.040705432] [self_driving]: [CROSSWALK_IGNORE] y=158 < th=180 candidates=[{'cx': 469, 'cy': 158, 'w': 108, 'h': 4, 'area': 432, 'score': 0.3100000023841858}][0m
[self_driving-10] [0m[INFO] [1782994352.098453575] [self_driving]: [CROSSWALK_IGNORE] y=158 < th=180 candidates=[{'cx': 469, 'cy': 158, 'w': 108, 'h': 4, 'area': 432, 'score': 0.3100000023841858}][0m
[self_driving-10] [0m[INFO] [1782994352.172782516] [self_driving]: [CROSSWALK_IGNORE] y=158 < th=180 candidates=[{'cx': 469, 'cy': 158, 'w': 108, 'h': 4, 'area': 432, 'score': 0.3100000023841858}][0m
[self_driving-10] [0m[INFO] [1782994352.198949316] [self_driving]: [PARK_METRIC] valid_yolo=True can_accept=True reject=[] cx=561 cy=118 w=17 h=21 area=357 score=0.83 right_done=True park_done=False cw_y=158 repeat=True[0m
[self_driving-10] [0m[INFO] [1782994352.246901641] [self_driving]: [CROSSWALK_IGNORE] y=160 < th=180 candidates=[{'cx': 455, 'cy': 160, 'w': 115, 'h': 4, 'area': 460, 'score': 0.6000000238418579}][0m
[self_driving-10] [0m[INFO] [1782994352.299190277] [self_driving]: [CROSSWALK_IGNORE] y=160 < th=180 candidates=[{'cx': 455, 'cy': 160, 'w': 115, 'h': 4, 'area': 460, 'score': 0.6000000238418579}][0m
[self_driving-10] [0m[INFO] [1782994352.371324960] [self_driving]: [CROSSWALK_IGNORE] y=160 < th=180 candidates=[{'cx': 455, 'cy': 160, 'w': 115, 'h': 4, 'area': 460, 'score': 0.6000000238418579}][0m
[self_driving-10] [0m[INFO] [1782994352.445271046] [self_driving]: [CROSSWALK_IGNORE] y=160 < th=180 candidates=[{'cx': 455, 'cy': 160, 'w': 115, 'h': 4, 'area': 460, 'score': 0.6000000238418579}][0m
[self_driving-10] [0m[INFO] [1782994352.504531312] [self_driving]: [CROSSWALK_IGNORE] y=160 < th=180 candidates=[{'cx': 455, 'cy': 160, 'w': 115, 'h': 4, 'area': 460, 'score': 0.6000000238418579}][0m
[self_driving-10] [0m[INFO] [1782994352.505320726] [self_driving]: [PARK_EXEC_GATE] position_ok=False age=1.65/0.30 area=357 min_area=500 area_with_cw=420 first_area=323 ratio=1.11/1.35 fallback=False park_cy=118 min_cy=107 cy_ok=True cy_range=(115,118) cw_y=160 effective_cw_y=160 min_cw_y=190 cw_y_ok=False close_by_area=False close_by_cw=False force_by_cw=False force_cw_y=240 force_area=420 candidate={'cx': 561, 'cy': 118, 'w': 17, 'h': 21, 'area': 357, 'score': 0.8299999833106995, 'right_done': True, 'park_done': False, 'valid_yolo': True, 'can_accept': True, 'reject': [], 'approach_age': 1.3473055362701416, 'first_area': 323, 'first_cy': 115, 'max_area': 357, 'min_cy': 115, 'max_cy': 118, 'area_ratio': 1.105263157894737}[0m
[self_driving-10] [0m[INFO] [1782994352.506196973] [self_driving]: [CMD] n=2254 source=park_approach_hold linear_x=0.10 linear_y=0.00 angular_z=-0.06 state=LINE_FOLLOW stop=False lane_x=158.0 raw_lane_x=158.0 lane_filter=stable cw_y=160 park_x=561 park_age=1.65 park_area=357 park_cy=118 after_lane_turn_ok=False lane_stable_ok=True[0m
[self_driving-10] [0m[INFO] [1782994352.569738236] [self_driving]: [CROSSWALK_IGNORE] y=160 < th=180 candidates=[{'cx': 455, 'cy': 160, 'w': 115, 'h': 4, 'area': 460, 'score': 0.6000000238418579}][0m
[self_driving-10] [0m[INFO] [1782994352.595270420] [self_driving]: [OBJECTS] msg_count=396 n=1 names=['park'][0m
[self_driving-10] [0m[INFO] [1782994352.595796721] [self_driving]: [PARK_METRIC] valid_yolo=True can_accept=True reject=[] cx=553 cy=117 w=16 h=20 area=320 score=0.84 right_done=True park_done=False cw_y=160 repeat=True[0m
[self_driving-10] [0m[INFO] [1782994352.950330141] [self_driving]: [PARK_METRIC] valid_yolo=True can_accept=True reject=[] cx=548 cy=115 w=16 h=20 area=320 score=0.80 right_done=True park_done=False cw_y=0 repeat=True[0m
[self_driving-10] [0m[INFO] [1782994352.967737131] [self_driving]: [CROSSWALK_IGNORE] y=158 < th=180 candidates=[{'cx': 442, 'cy': 158, 'w': 107, 'h': 4, 'area': 428, 'score': 0.2800000011920929}][0m
[self_driving-10] [0m[INFO] [1782994353.058559351] [self_driving]: [CROSSWALK_IGNORE] y=158 < th=180 candidates=[{'cx': 442, 'cy': 158, 'w': 107, 'h': 4, 'area': 428, 'score': 0.2800000011920929}][0m
[self_driving-10] [0m[INFO] [1782994353.059114393] [self_driving]: [PARK_EXEC_GATE] position_ok=False age=2.21/0.30 area=320 min_area=500 area_with_cw=420 first_area=323 ratio=0.99/1.35 fallback=False park_cy=115 min_cy=107 cy_ok=True cy_range=(115,118) cw_y=158 effective_cw_y=158 min_cw_y=190 cw_y_ok=False close_by_area=False close_by_cw=False force_by_cw=False force_cw_y=240 force_area=420 candidate={'cx': 548, 'cy': 115, 'w': 16, 'h': 20, 'area': 320, 'score': 0.800000011920929, 'right_done': True, 'park_done': False, 'valid_yolo': True, 'can_accept': True, 'reject': [], 'approach_age': 2.098623752593994, 'first_area': 323, 'first_cy': 115, 'max_area': 357, 'min_cy': 115, 'max_cy': 118, 'area_ratio': 0.9907120743034056}[0m
[self_driving-10] [0m[INFO] [1782994353.059909399] [self_driving]: [CMD] n=2262 source=park_approach_hold linear_x=0.10 linear_y=0.00 angular_z=-0.06 state=LINE_FOLLOW stop=False lane_x=150.5 raw_lane_x=150.5 lane_filter=stable cw_y=158 park_x=548 park_age=2.21 park_area=320 park_cy=115 after_lane_turn_ok=True lane_stable_ok=True[0m
[self_driving-10] [0m[INFO] [1782994353.110631801] [self_driving]: [CROSSWALK_IGNORE] y=158 < th=180 candidates=[{'cx': 442, 'cy': 158, 'w': 107, 'h': 4, 'area': 428, 'score': 0.2800000011920929}][0m
[self_driving-10] [0m[INFO] [1782994353.174941329] [self_driving]: [CROSSWALK_IGNORE] y=158 < th=180 candidates=[{'cx': 442, 'cy': 158, 'w': 107, 'h': 4, 'area': 428, 'score': 0.2800000011920929}][0m
[self_driving-10] [0m[INFO] [1782994353.254502978] [self_driving]: [CROSSWALK_IGNORE] y=158 < th=180 candidates=[{'cx': 442, 'cy': 158, 'w': 107, 'h': 4, 'area': 428, 'score': 0.2800000011920929}][0m
[self_driving-10] [0m[INFO] [1782994353.299205369] [self_driving]: [OBJECTS] msg_count=399 n=1 names=['park'][0m
[self_driving-10] [0m[INFO] [1782994353.300425398] [self_driving]: [PARK_METRIC] valid_yolo=True can_accept=True reject=[] cx=539 cy=115 w=15 h=20 area=300 score=0.81 right_done=True park_done=False cw_y=158 repeat=True[0m
[self_driving-10] [0m[INFO] [1782994353.311941470] [self_driving]: [CROSSWALK_IGNORE] y=158 < th=180 candidates=[{'cx': 428, 'cy': 158, 'w': 115, 'h': 5, 'area': 575, 'score': 0.5199999809265137}][0m
[self_driving-10] [0m[INFO] [1782994353.388197593] [self_driving]: [CROSSWALK_IGNORE] y=158 < th=180 candidates=[{'cx': 428, 'cy': 158, 'w': 115, 'h': 5, 'area': 575, 'score': 0.5199999809265137}][0m
[self_driving-10] [0m[INFO] [1782994353.449806582] [self_driving]: [CROSSWALK_IGNORE] y=158 < th=180 candidates=[{'cx': 428, 'cy': 158, 'w': 115, 'h': 5, 'area': 575, 'score': 0.5199999809265137}][0m
[self_driving-10] [0m[INFO] [1782994353.514774930] [self_driving]: [CROSSWALK_IGNORE] y=158 < th=180 candidates=[{'cx': 428, 'cy': 158, 'w': 115, 'h': 5, 'area': 575, 'score': 0.5199999809265137}][0m
[self_driving-10] [0m[INFO] [1782994353.575462892] [self_driving]: [CROSSWALK_IGNORE] y=158 < th=180 candidates=[{'cx': 428, 'cy': 158, 'w': 115, 'h': 5, 'area': 575, 'score': 0.5199999809265137}][0m
[self_driving-10] [0m[INFO] [1782994353.576674383] [self_driving]: [PARK_EXEC_GATE] position_ok=False age=2.72/0.30 area=300 min_area=500 area_with_cw=420 first_area=323 ratio=0.93/1.35 fallback=False park_cy=115 min_cy=107 cy_ok=True cy_range=(115,118) cw_y=158 effective_cw_y=158 min_cw_y=190 cw_y_ok=False close_by_area=False close_by_cw=False force_by_cw=False force_cw_y=240 force_area=420 candidate={'cx': 539, 'cy': 115, 'w': 15, 'h': 20, 'area': 300, 'score': 0.8100000023841858, 'right_done': True, 'park_done': False, 'valid_yolo': True, 'can_accept': True, 'reject': [], 'approach_age': 2.44789719581604, 'first_area': 323, 'first_cy': 115, 'max_area': 357, 'min_cy': 115, 'max_cy': 118, 'area_ratio': 0.9287925696594427}[0m
[self_driving-10] [0m[INFO] [1782994353.578668584] [self_driving]: [CMD] n=2270 source=park_approach_hold linear_x=0.10 linear_y=0.00 angular_z=-0.06 state=LINE_FOLLOW stop=False lane_x=173.5 raw_lane_x=173.5 lane_filter=stable cw_y=158 park_x=539 park_age=2.72 park_area=300 park_cy=115 after_lane_turn_ok=True lane_stable_ok=True[0m
[self_driving-10] [0m[INFO] [1782994353.659720671] [self_driving]: [CROSSWALK_IGNORE] y=158 < th=180 candidates=[{'cx': 428, 'cy': 158, 'w': 115, 'h': 5, 'area': 575, 'score': 0.5199999809265137}][0m
[self_driving-10] [0m[INFO] [1782994353.686390216] [self_driving]: [PARK_METRIC] valid_yolo=True can_accept=True reject=[] cx=537 cy=113 w=16 h=21 area=336 score=0.83 right_done=True park_done=False cw_y=158 repeat=True[0m
[self_driving-10] [0m[INFO] [1782994353.690743824] [self_driving]: [CROSSWALK_METRIC] n=1 nearest={'cx': 427, 'cy': 157, 'w': 113, 'h': 5, 'area': 565, 'score': 0.30000001192092896} all=[{'cx': 427, 'cy': 157, 'w': 113, 'h': 5, 'area': 565, 'score': 0.30000001192092896}] event_idx=10[0m
[self_driving-10] [33m[WARN] [1782994353.693053454] [self_driving]: [CROSSWALK_EVENT] idx=11 policy=future_pass_candidate nearest={'cx': 427, 'cy': 157, 'w': 113, 'h': 5, 'area': 565, 'score': 0.30000001192092896} y_th=120[0m
[self_driving-10] [0m[INFO] [1782994353.730934495] [self_driving]: [CROSSWALK_IGNORE] y=157 < th=180 candidates=[{'cx': 427, 'cy': 157, 'w': 113, 'h': 5, 'area': 565, 'score': 0.30000001192092896}][0m
[self_driving-10] [0m[INFO] [1782994353.789407792] [self_driving]: [CROSSWALK_IGNORE] y=157 < th=180 candidates=[{'cx': 427, 'cy': 157, 'w': 113, 'h': 5, 'area': 565, 'score': 0.30000001192092896}][0m
[self_driving-10] [0m[INFO] [1782994353.840219213] [self_driving]: [CROSSWALK_IGNORE] y=157 < th=180 candidates=[{'cx': 427, 'cy': 157, 'w': 113, 'h': 5, 'area': 565, 'score': 0.30000001192092896}][0m
[self_driving-10] [0m[INFO] [1782994353.927555109] [self_driving]: [CROSSWALK_IGNORE] y=157 < th=180 candidates=[{'cx': 427, 'cy': 157, 'w': 113, 'h': 5, 'area': 565, 'score': 0.30000001192092896}][0m
[self_driving-10] [0m[INFO] [1782994353.980648863] [self_driving]: [CROSSWALK_IGNORE] y=157 < th=180 candidates=[{'cx': 427, 'cy': 157, 'w': 113, 'h': 5, 'area': 565, 'score': 0.30000001192092896}][0m
[self_driving-10] [0m[INFO] [1782994354.032547663] [self_driving]: [OBJECTS] msg_count=403 n=1 names=['park'][0m
[self_driving-10] [0m[INFO] [1782994354.033819636] [self_driving]: [PARK_METRIC] valid_yolo=True can_accept=True reject=[] cx=521 cy=117 w=15 h=21 area=315 score=0.85 right_done=True park_done=False cw_y=157 repeat=True[0m
[self_driving-10] [0m[INFO] [1782994354.067697182] [self_driving]: [CROSSWALK_IGNORE] y=161 < th=180 candidates=[{'cx': 409, 'cy': 161, 'w': 120, 'h': 5, 'area': 600, 'score': 0.6600000262260437}][0m
[self_driving-10] [0m[INFO] [1782994354.119262702] [self_driving]: [CROSSWALK_IGNORE] y=161 < th=180 candidates=[{'cx': 409, 'cy': 161, 'w': 120, 'h': 5, 'area': 600, 'score': 0.6600000262260437}][0m
[self_driving-10] [0m[INFO] [1782994354.119823799] [self_driving]: [PARK_EXEC_GATE] position_ok=False age=3.27/0.30 area=315 min_area=500 area_with_cw=420 first_area=323 ratio=0.98/1.35 fallback=False park_cy=117 min_cy=107 cy_ok=True cy_range=(113,118) cw_y=161 effective_cw_y=161 min_cw_y=190 cw_y_ok=False close_by_area=False close_by_cw=False force_by_cw=False force_cw_y=240 force_area=420 candidate={'cx': 521, 'cy': 117, 'w': 15, 'h': 21, 'area': 315, 'score': 0.8500000238418579, 'right_done': True, 'park_done': False, 'valid_yolo': True, 'can_accept': True, 'reject': [], 'approach_age': 3.1803367137908936, 'first_area': 323, 'first_cy': 115, 'max_area': 357, 'min_cy': 113, 'max_cy': 118, 'area_ratio': 0.9752321981424149}[0m
[self_driving-10] [0m[INFO] [1782994354.121347626] [self_driving]: [CMD] n=2278 source=park_approach_hold linear_x=0.10 linear_y=0.00 angular_z=-0.06 state=LINE_FOLLOW stop=False lane_x=168.0 raw_lane_x=168.0 lane_filter=stable cw_y=161 park_x=521 park_age=3.27 park_area=315 park_cy=117 after_lane_turn_ok=True lane_stable_ok=True[0m
[self_driving-10] [0m[INFO] [1782994354.180251408] [self_driving]: [CROSSWALK_IGNORE] y=161 < th=180 candidates=[{'cx': 409, 'cy': 161, 'w': 120, 'h': 5, 'area': 600, 'score': 0.6600000262260437}][0m
[self_driving-10] [0m[INFO] [1782994354.258908290] [self_driving]: [CROSSWALK_IGNORE] y=161 < th=180 candidates=[{'cx': 409, 'cy': 161, 'w': 120, 'h': 5, 'area': 600, 'score': 0.6600000262260437}][0m
[self_driving-10] [0m[INFO] [1782994354.325337409] [self_driving]: [CROSSWALK_IGNORE] y=161 < th=180 candidates=[{'cx': 409, 'cy': 161, 'w': 120, 'h': 5, 'area': 600, 'score': 0.6600000262260437}][0m
[self_driving-10] [0m[INFO] [1782994354.371370589] [self_driving]: [PARK_METRIC] valid_yolo=True can_accept=True reject=[] cx=472 cy=137 w=15 h=21 area=315 score=0.85 right_done=True park_done=False cw_y=161 repeat=True[0m
[self_driving-10] [0m[INFO] [1782994354.583737828] [self_driving]: [CROSSWALK_SLOW] y=180 th=180 confirm=4 candidates=[{'cx': 363, 'cy': 180, 'w': 118, 'h': 4, 'area': 472, 'score': 0.699999988079071}][0m
[self_driving-10] [0m[INFO] [1782994354.655614527] [self_driving]: [PARK_EXEC_GATE] position_ok=False age=3.80/0.30 area=315 min_area=500 area_with_cw=420 first_area=323 ratio=0.98/1.35 fallback=False park_cy=137 min_cy=107 cy_ok=True cy_range=(113,137) cw_y=180 effective_cw_y=180 min_cw_y=190 cw_y_ok=False close_by_area=False close_by_cw=False force_by_cw=False force_cw_y=240 force_area=420 candidate={'cx': 472, 'cy': 137, 'w': 15, 'h': 21, 'area': 315, 'score': 0.8500000238418579, 'right_done': True, 'park_done': False, 'valid_yolo': True, 'can_accept': True, 'reject': [], 'approach_age': 3.519045114517212, 'first_area': 323, 'first_cy': 115, 'max_area': 357, 'min_cy': 113, 'max_cy': 137, 'area_ratio': 0.9752321981424149}[0m
[self_driving-10] [0m[INFO] [1782994354.659200037] [self_driving]: [CMD] n=2286 source=park_approach_hold linear_x=0.10 linear_y=0.00 angular_z=-0.06 state=LINE_FOLLOW stop=False lane_x=139.0 raw_lane_x=139.0 lane_filter=stable cw_y=180 park_x=472 park_age=3.80 park_area=315 park_cy=137 after_lane_turn_ok=True lane_stable_ok=True[0m
[self_driving-10] [0m[INFO] [1782994354.753641656] [self_driving]: [OBJECTS] msg_count=407 n=1 names=['park'][0m
[self_driving-10] [0m[INFO] [1782994354.754818517] [self_driving]: [PARK_METRIC] valid_yolo=True can_accept=True reject=[] cx=508 cy=137 w=15 h=22 area=330 score=0.83 right_done=True park_done=False cw_y=180 repeat=True[0m
[self_driving-10] [0m[INFO] [1782994355.098926948] [self_driving]: [PARK_METRIC] valid_yolo=True can_accept=True reject=[] cx=506 cy=137 w=16 h=22 area=352 score=0.83 right_done=True park_done=False cw_y=180 repeat=True[0m
[self_driving-10] [0m[INFO] [1782994355.199547856] [self_driving]: [PARK_EXEC_GATE] position_ok=False age=4.35/0.30 area=352 min_area=500 area_with_cw=420 first_area=323 ratio=1.09/1.35 fallback=False park_cy=137 min_cy=107 cy_ok=True cy_range=(113,137) cw_y=181 effective_cw_y=181 min_cw_y=190 cw_y_ok=False close_by_area=False close_by_cw=False force_by_cw=False force_cw_y=240 force_area=420 candidate={'cx': 506, 'cy': 137, 'w': 16, 'h': 22, 'area': 352, 'score': 0.8299999833106995, 'right_done': True, 'park_done': False, 'valid_yolo': True, 'can_accept': True, 'reject': [], 'approach_age': 4.247312784194946, 'first_area': 323, 'first_cy': 115, 'max_area': 357, 'min_cy': 113, 'max_cy': 137, 'area_ratio': 1.089783281733746}[0m
[self_driving-10] [0m[INFO] [1782994355.200915497] [self_driving]: [CMD] n=2294 source=park_approach_hold linear_x=0.10 linear_y=0.00 angular_z=0.06 state=LINE_FOLLOW stop=False lane_x=117.0 raw_lane_x=117.0 lane_filter=stable cw_y=181 park_x=506 park_age=4.35 park_area=352 park_cy=137 after_lane_turn_ok=True lane_stable_ok=True[0m
[self_driving-10] [0m[INFO] [1782994355.431184396] [self_driving]: [OBJECTS] msg_count=411 n=1 names=['park'][0m
[self_driving-10] [0m[INFO] [1782994355.432022792] [self_driving]: [PARK_METRIC] valid_yolo=True can_accept=True reject=[] cx=502 cy=140 w=17 h=22 area=374 score=0.83 right_done=True park_done=False cw_y=181 repeat=True[0m
[self_driving-10] [0m[INFO] [1782994355.434476126] [self_driving]: [CROSSWALK_METRIC] n=1 nearest={'cx': 382, 'cy': 185, 'w': 122, 'h': 5, 'area': 610, 'score': 0.6399999856948853} all=[{'cx': 382, 'cy': 185, 'w': 122, 'h': 5, 'area': 610, 'score': 0.6399999856948853}] event_idx=11[0m
[self_driving-10] [0m[INFO] [1782994355.729487945] [self_driving]: [PARK_EXEC_GATE] position_ok=False age=4.88/0.30 area=374 min_area=500 area_with_cw=420 first_area=323 ratio=1.16/1.35 fallback=False park_cy=140 min_cy=107 cy_ok=True cy_range=(113,140) cw_y=185 effective_cw_y=185 min_cw_y=190 cw_y_ok=False close_by_area=False close_by_cw=False force_by_cw=False force_cw_y=240 force_area=420 candidate={'cx': 502, 'cy': 140, 'w': 17, 'h': 22, 'area': 374, 'score': 0.8299999833106995, 'right_done': True, 'park_done': False, 'valid_yolo': True, 'can_accept': True, 'reject': [], 'approach_age': 4.579354763031006, 'first_area': 323, 'first_cy': 115, 'max_area': 374, 'min_cy': 113, 'max_cy': 140, 'area_ratio': 1.1578947368421053}[0m
[self_driving-10] [0m[INFO] [1782994355.731217052] [self_driving]: [CMD] n=2302 source=park_approach_hold linear_x=0.10 linear_y=0.00 angular_z=0.06 state=LINE_FOLLOW stop=False lane_x=112.0 raw_lane_x=112.0 lane_filter=stable cw_y=185 park_x=502 park_age=4.88 park_area=374 park_cy=140 after_lane_turn_ok=True lane_stable_ok=True[0m
[self_driving-10] [0m[INFO] [1782994355.769968377] [self_driving]: [PARK_METRIC] valid_yolo=True can_accept=True reject=[] cx=504 cy=124 w=17 h=23 area=391 score=0.84 right_done=True park_done=False cw_y=185 repeat=True[0m
[self_driving-10] [0m[INFO] [1782994355.816880749] [self_driving]: [CROSSWALK_IGNORE] y=167 < th=180 candidates=[{'cx': 379, 'cy': 167, 'w': 128, 'h': 5, 'area': 640, 'score': 0.699999988079071}][0m
[self_driving-10] [0m[INFO] [1782994355.876802280] [self_driving]: [CROSSWALK_IGNORE] y=167 < th=180 candidates=[{'cx': 379, 'cy': 167, 'w': 128, 'h': 5, 'area': 640, 'score': 0.699999988079071}][0m
[self_driving-10] [0m[INFO] [1782994355.922009342] [self_driving]: [CROSSWALK_IGNORE] y=167 < th=180 candidates=[{'cx': 379, 'cy': 167, 'w': 128, 'h': 5, 'area': 640, 'score': 0.699999988079071}][0m
[self_driving-10] [0m[INFO] [1782994355.991703061] [self_driving]: [CROSSWALK_IGNORE] y=167 < th=180 candidates=[{'cx': 379, 'cy': 167, 'w': 128, 'h': 5, 'area': 640, 'score': 0.699999988079071}][0m
[self_driving-10] [0m[INFO] [1782994356.068213037] [self_driving]: [CROSSWALK_IGNORE] y=167 < th=180 candidates=[{'cx': 379, 'cy': 167, 'w': 128, 'h': 5, 'area': 640, 'score': 0.699999988079071}][0m
[self_driving-10] [0m[INFO] [1782994356.109760774] [self_driving]: [OBJECTS] msg_count=415 n=1 names=['park'][0m
[self_driving-10] [0m[INFO] [1782994356.112059829] [self_driving]: [PARK_METRIC] valid_yolo=True can_accept=True reject=[] cx=506 cy=112 w=18 h=24 area=432 score=0.86 right_done=True park_done=False cw_y=167 repeat=True[0m
[self_driving-10] [0m[INFO] [1782994356.151371289] [self_driving]: [CROSSWALK_IGNORE] y=159 < th=180 candidates=[{'cx': 378, 'cy': 159, 'w': 128, 'h': 6, 'area': 768, 'score': 0.6200000047683716}][0m
[self_driving-10] [0m[INFO] [1782994356.194844022] [self_driving]: [CROSSWALK_IGNORE] y=159 < th=180 candidates=[{'cx': 378, 'cy': 159, 'w': 128, 'h': 6, 'area': 768, 'score': 0.6200000047683716}][0m
[self_driving-10] [0m[INFO] [1782994356.269933877] [self_driving]: [CROSSWALK_IGNORE] y=159 < th=180 candidates=[{'cx': 378, 'cy': 159, 'w': 128, 'h': 6, 'area': 768, 'score': 0.6200000047683716}][0m
[self_driving-10] [0m[INFO] [1782994356.271002293] [self_driving]: [PARK_EXEC_GATE] position_ok=False age=5.42/0.30 area=432 min_area=500 area_with_cw=420 first_area=323 ratio=1.34/1.35 fallback=False park_cy=112 min_cy=107 cy_ok=True cy_range=(112,140) cw_y=159 effective_cw_y=159 min_cw_y=190 cw_y_ok=False close_by_area=False close_by_cw=False force_by_cw=False force_cw_y=240 force_area=420 candidate={'cx': 506, 'cy': 112, 'w': 18, 'h': 24, 'area': 432, 'score': 0.8600000143051147, 'right_done': True, 'park_done': False, 'valid_yolo': True, 'can_accept': True, 'reject': [], 'approach_age': 5.255268573760986, 'first_area': 323, 'first_cy': 115, 'max_area': 432, 'min_cy': 112, 'max_cy': 140, 'area_ratio': 1.3374613003095974}[0m
[self_driving-10] [0m[INFO] [1782994356.271697706] [self_driving]: [CMD] n=2310 source=park_approach_hold linear_x=0.10 linear_y=0.00 angular_z=0.06 state=LINE_FOLLOW stop=False lane_x=80.0 raw_lane_x=80.0 lane_filter=stable cw_y=159 park_x=506 park_age=5.42 park_area=432 park_cy=112 after_lane_turn_ok=True lane_stable_ok=True[0m
[self_driving-10] [0m[INFO] [1782994356.346919894] [self_driving]: [CROSSWALK_IGNORE] y=159 < th=180 candidates=[{'cx': 378, 'cy': 159, 'w': 128, 'h': 6, 'area': 768, 'score': 0.6200000047683716}][0m
[self_driving-10] [0m[INFO] [1782994356.400977878] [self_driving]: [CROSSWALK_IGNORE] y=159 < th=180 candidates=[{'cx': 378, 'cy': 159, 'w': 128, 'h': 6, 'area': 768, 'score': 0.6200000047683716}][0m
[self_driving-10] [0m[INFO] [1782994356.464897052] [self_driving]: [CROSSWALK_IGNORE] y=159 < th=180 candidates=[{'cx': 378, 'cy': 159, 'w': 128, 'h': 6, 'area': 768, 'score': 0.6200000047683716}][0m
[self_driving-10] [0m[INFO] [1782994356.472674724] [self_driving]: [PARK_METRIC] valid_yolo=True can_accept=True reject=[] cx=517 cy=118 w=18 h=24 area=432 score=0.85 right_done=True park_done=False cw_y=159 repeat=True[0m
[self_driving-10] [0m[INFO] [1782994356.546907590] [self_driving]: [CROSSWALK_IGNORE] y=164 < th=180 candidates=[{'cx': 383, 'cy': 164, 'w': 130, 'h': 5, 'area': 650, 'score': 0.6899999976158142}][0m
[self_driving-10] [0m[INFO] [1782994356.611987199] [self_driving]: [CROSSWALK_IGNORE] y=164 < th=180 candidates=[{'cx': 383, 'cy': 164, 'w': 130, 'h': 5, 'area': 650, 'score': 0.6899999976158142}][0m
[self_driving-10] [0m[INFO] [1782994356.676126485] [self_driving]: [CROSSWALK_IGNORE] y=164 < th=180 candidates=[{'cx': 383, 'cy': 164, 'w': 130, 'h': 5, 'area': 650, 'score': 0.6899999976158142}][0m
[self_driving-10] [0m[INFO] [1782994356.746264152] [self_driving]: [CROSSWALK_IGNORE] y=164 < th=180 candidates=[{'cx': 383, 'cy': 164, 'w': 130, 'h': 5, 'area': 650, 'score': 0.6899999976158142}][0m
[self_driving-10] [0m[INFO] [1782994356.800175709] [self_driving]: [CROSSWALK_IGNORE] y=164 < th=180 candidates=[{'cx': 383, 'cy': 164, 'w': 130, 'h': 5, 'area': 650, 'score': 0.6899999976158142}][0m
[self_driving-10] [0m[INFO] [1782994356.800779917] [self_driving]: [PARK_EXEC_GATE] position_ok=False age=5.95/0.30 area=432 min_area=500 area_with_cw=420 first_area=323 ratio=1.34/1.35 fallback=False park_cy=118 min_cy=107 cy_ok=True cy_range=(112,140) cw_y=164 effective_cw_y=164 min_cw_y=190 cw_y_ok=False close_by_area=False close_by_cw=False force_by_cw=False force_cw_y=240 force_area=420 candidate={'cx': 517, 'cy': 118, 'w': 18, 'h': 24, 'area': 432, 'score': 0.8500000238418579, 'right_done': True, 'park_done': False, 'valid_yolo': True, 'can_accept': True, 'reject': [], 'approach_age': 5.616940975189209, 'first_area': 323, 'first_cy': 115, 'max_area': 432, 'min_cy': 112, 'max_cy': 140, 'area_ratio': 1.3374613003095974}[0m
[self_driving-10] [0m[INFO] [1782994356.802027575] [self_driving]: [CMD] n=2318 source=park_approach_hold linear_x=0.10 linear_y=0.00 angular_z=0.06 state=LINE_FOLLOW stop=False lane_x=118.0 raw_lane_x=118.0 lane_filter=stable cw_y=164 park_x=517 park_age=5.95 park_area=432 park_cy=118 after_lane_turn_ok=True lane_stable_ok=True[0m
[self_driving-10] [0m[INFO] [1782994356.837510079] [self_driving]: [OBJECTS] msg_count=419 n=1 names=['park'][0m
[self_driving-10] [0m[INFO] [1782994356.838928997] [self_driving]: [PARK_METRIC] valid_yolo=True can_accept=True reject=[] cx=528 cy=107 w=18 h=24 area=432 score=0.87 right_done=True park_done=False cw_y=164 repeat=True[0m
[self_driving-10] [0m[INFO] [1782994356.891577748] [self_driving]: [CROSSWALK_IGNORE] y=157 < th=180 candidates=[{'cx': 390, 'cy': 157, 'w': 140, 'h': 6, 'area': 840, 'score': 0.6200000047683716}][0m
[self_driving-10] [0m[INFO] [1782994356.932871538] [self_driving]: [CROSSWALK_IGNORE] y=157 < th=180 candidates=[{'cx': 390, 'cy': 157, 'w': 140, 'h': 6, 'area': 840, 'score': 0.6200000047683716}][0m
[self_driving-10] [0m[INFO] [1782994357.005374835] [self_driving]: [CROSSWALK_IGNORE] y=157 < th=180 candidates=[{'cx': 390, 'cy': 157, 'w': 140, 'h': 6, 'area': 840, 'score': 0.6200000047683716}][0m
[self_driving-10] [0m[INFO] [1782994357.067490420] [self_driving]: [CROSSWALK_IGNORE] y=157 < th=180 candidates=[{'cx': 390, 'cy': 157, 'w': 140, 'h': 6, 'area': 840, 'score': 0.6200000047683716}][0m
[self_driving-10] [0m[INFO] [1782994357.150305891] [self_driving]: [CROSSWALK_IGNORE] y=157 < th=180 candidates=[{'cx': 390, 'cy': 157, 'w': 140, 'h': 6, 'area': 840, 'score': 0.6200000047683716}][0m
[self_driving-10] [0m[INFO] [1782994357.202186025] [self_driving]: [CROSSWALK_IGNORE] y=157 < th=180 candidates=[{'cx': 390, 'cy': 157, 'w': 140, 'h': 6, 'area': 840, 'score': 0.6200000047683716}][0m
[self_driving-10] [0m[INFO] [1782994357.208647039] [self_driving]: [CROSSWALK_METRIC] n=1 nearest={'cx': 411, 'cy': 160, 'w': 146, 'h': 9, 'area': 1314, 'score': 0.7200000286102295} all=[{'cx': 411, 'cy': 160, 'w': 146, 'h': 9, 'area': 1314, 'score': 0.7200000286102295}] event_idx=11[0m
[self_driving-10] [0m[INFO] [1782994357.274248133] [self_driving]: [CROSSWALK_IGNORE] y=160 < th=180 candidates=[{'cx': 411, 'cy': 160, 'w': 146, 'h': 9, 'area': 1314, 'score': 0.7200000286102295}][0m
[self_driving-10] [0m[INFO] [1782994357.274744729] [self_driving]: [CROSSWALK_SLOW_DONE] return normal speed[0m
[self_driving-10] [0m[INFO] [1782994357.348720742] [self_driving]: [CROSSWALK_IGNORE] y=160 < th=180 candidates=[{'cx': 411, 'cy': 160, 'w': 146, 'h': 9, 'area': 1314, 'score': 0.7200000286102295}][0m
[self_driving-10] [0m[INFO] [1782994357.350389329] [self_driving]: [PARK_EXEC_GATE] position_ok=False age=6.50/0.30 area=432 min_area=500 area_with_cw=420 first_area=323 ratio=1.34/1.35 fallback=False park_cy=107 min_cy=107 cy_ok=True cy_range=(107,140) cw_y=160 effective_cw_y=160 min_cw_y=190 cw_y_ok=False close_by_area=False close_by_cw=False force_by_cw=False force_cw_y=240 force_area=420 candidate={'cx': 528, 'cy': 107, 'w': 18, 'h': 24, 'area': 432, 'score': 0.8700000047683716, 'right_done': True, 'park_done': False, 'valid_yolo': True, 'can_accept': True, 'reject': [], 'approach_age': 5.985781908035278, 'first_area': 323, 'first_cy': 115, 'max_area': 432, 'min_cy': 107, 'max_cy': 140, 'area_ratio': 1.3374613003095974}[0m
[self_driving-10] [0m[INFO] [1782994357.353468353] [self_driving]: [CMD] n=2326 source=park_approach_hold linear_x=0.10 linear_y=0.00 angular_z=0.06 state=LINE_FOLLOW stop=False lane_x=88.0 raw_lane_x=88.0 lane_filter=stable cw_y=160 park_x=528 park_age=6.50 park_area=432 park_cy=107 after_lane_turn_ok=True lane_stable_ok=True[0m
[self_driving-10] [0m[INFO] [1782994357.423945949] [self_driving]: [CROSSWALK_IGNORE] y=160 < th=180 candidates=[{'cx': 411, 'cy': 160, 'w': 146, 'h': 9, 'area': 1314, 'score': 0.7200000286102295}][0m
[self_driving-10] [0m[INFO] [1782994357.469333197] [self_driving]: [CROSSWALK_IGNORE] y=160 < th=180 candidates=[{'cx': 411, 'cy': 160, 'w': 146, 'h': 9, 'area': 1314, 'score': 0.7200000286102295}][0m
[self_driving-10] [0m[INFO] [1782994357.534544974] [self_driving]: [CROSSWALK_IGNORE] y=160 < th=180 candidates=[{'cx': 411, 'cy': 160, 'w': 146, 'h': 9, 'area': 1314, 'score': 0.7200000286102295}][0m
[self_driving-10] [0m[INFO] [1782994357.555475010] [self_driving]: [OBJECTS] msg_count=422 n=1 names=['park'][0m
[self_driving-10] [0m[INFO] [1782994357.557360932] [self_driving]: [PARK_METRIC] valid_yolo=True can_accept=True reject=[] cx=583 cy=113 w=20 h=26 area=520 score=0.83 right_done=True park_done=False cw_y=160 repeat=True[0m
[self_driving-10] [0m[INFO] [1782994357.622519486] [self_driving]: [CROSSWALK_IGNORE] y=169 < th=180 candidates=[{'cx': 433, 'cy': 169, 'w': 143, 'h': 4, 'area': 572, 'score': 0.6899999976158142}][0m
[self_driving-10] [33m[WARN] [1782994357.623994942] [self_driving]: [PARK_COUNT] count=1/1 park_x=583 cw_y=169 age=6.77 area=520 first_area=323 ratio=1.61 right_done=True lane_turn_idx=29 turn_cluster=17 candidate={'cx': 583, 'cy': 113, 'w': 20, 'h': 26, 'area': 520, 'score': 0.8299999833106995, 'right_done': True, 'park_done': False, 'valid_yolo': True, 'can_accept': True, 'reject': [], 'approach_age': 6.703918933868408, 'first_area': 323, 'first_cy': 115, 'max_area': 520, 'min_cy': 107, 'max_cy': 140, 'area_ratio': 1.609907120743034}[0m
[self_driving-10] [33m[WARN] [1782994357.624675521] [self_driving]: [PARK_START] debug_dry_run=False repeat=True age=6.77 area=520 first_area=323 ratio=1.61 effective_cw_y=169 min_cw_y=190 close_by_area=True close_by_cw=False force_by_cw=False lane_turn_idx=29 turn_cluster=17 candidate={'cx': 583, 'cy': 113, 'w': 20, 'h': 26, 'area': 520, 'score': 0.8299999833106995, 'right_done': True, 'park_done': False, 'valid_yolo': True, 'can_accept': True, 'reject': [], 'approach_age': 6.703918933868408, 'first_area': 323, 'first_cy': 115, 'max_area': 520, 'min_cy': 107, 'max_cy': 140, 'area_ratio': 1.609907120743034} cw_candidates=[{'cx': 433, 'cy': 169, 'w': 143, 'h': 4, 'area': 572, 'score': 0.6899999976158142}][0m
[self_driving-10] [0m[INFO] [1782994357.634005151] [self_driving]: [CMD] n=2330 source=park_start_stop linear_x=0.00 linear_y=0.00 angular_z=0.00 state=LINE_FOLLOW stop=False [0m
[self_driving-10] [0m[INFO] [1782994357.634532322] [self_driving]: [1;36m[FSM] LINE_FOLLOW -> PARKING[0m[0m
[self_driving-10] [33m[WARN] [1782994357.636756506] [self_driving]: [PARK_ACTION_BEGIN] machine=MentorPi_Mecanum candidate={'cx': 583, 'cy': 113, 'w': 20, 'h': 26, 'area': 520, 'score': 0.8299999833106995, 'right_done': True, 'park_done': False, 'valid_yolo': True, 'can_accept': True, 'reject': [], 'approach_age': 6.703918933868408, 'first_area': 323, 'first_cy': 115, 'max_area': 520, 'min_cy': 107, 'max_cy': 140, 'area_ratio': 1.609907120743034} repeat=True[0m
[self_driving-10] [0m[INFO] [1782994357.638052368] [self_driving]: [CMD] n=2331 source=park_action_strafe linear_x=0.00 linear_y=-0.20 angular_z=0.00 state=PARKING stop=True [0m
[self_driving-10] [0m[INFO] [1782994357.897294960] [self_driving]: [PARK_METRIC] valid_yolo=True can_accept=True reject=[] cx=610 cy=110 w=21 h=27 area=567 score=0.87 right_done=True park_done=True cw_y=169 repeat=True[0m
[self_driving-10] [0m[INFO] [1782994358.147642444] [self_driving]: [CMD] n=2341 source=park_action_strafe linear_x=0.00 linear_y=-0.20 angular_z=0.00 state=PARKING stop=True [0m
[self_driving-10] [0m[INFO] [1782994358.220097333] [self_driving]: [OBJECTS] msg_count=426 n=1 names=['park'][0m
[self_driving-10] [0m[INFO] [1782994358.222983911] [self_driving]: [PARK_METRIC] valid_yolo=True can_accept=True reject=[] cx=627 cy=108 w=21 h=29 area=609 score=0.86 right_done=True park_done=True cw_y=168 repeat=True[0m
[self_driving-10] [0m[INFO] [1782994358.284723326] [self_driving]: [IMAGE] received count=2342 shape=(480, 640, 3) queue=0[0m
[self_driving-10] [0m[INFO] [1782994358.666630742] [self_driving]: [CMD] n=2351 source=park_action_strafe linear_x=0.00 linear_y=-0.20 angular_z=0.00 state=PARKING stop=True [0m
[self_driving-10] [0m[INFO] [1782994358.895460667] [self_driving]: [OBJECTS] msg_count=429 n=1 names=['crosswalk'][0m
[self_driving-10] [0m[INFO] [1782994358.899215974] [self_driving]: [CROSSWALK_METRIC] n=1 nearest={'cx': 484, 'cy': 170, 'w': 173, 'h': 6, 'area': 1038, 'score': 0.6800000071525574} all=[{'cx': 484, 'cy': 170, 'w': 173, 'h': 6, 'area': 1038, 'score': 0.6800000071525574}] event_idx=11[0m
[self_driving-10] [0m[INFO] [1782994359.178254945] [self_driving]: [CMD] n=2361 source=park_action_strafe linear_x=0.00 linear_y=-0.20 angular_z=0.00 state=PARKING stop=True [0m
[self_driving-10] [0m[INFO] [1782994359.234551817] [self_driving]: [PARK_METRIC] valid_yolo=True can_accept=True reject=[] cx=619 cy=108 w=22 h=30 area=660 score=0.86 right_done=True park_done=True cw_y=170 repeat=True[0m
[self_driving-10] [0m[INFO] [1782994359.554198554] [self_driving]: [OBJECTS] msg_count=432 n=1 names=['park'][0m
[self_driving-10] [0m[INFO] [1782994359.555212933] [self_driving]: [PARK_METRIC] valid_yolo=True can_accept=True reject=[] cx=595 cy=109 w=22 h=30 area=660 score=0.85 right_done=True park_done=True cw_y=170 repeat=True[0m
[self_driving-10] [0m[INFO] [1782994359.588357547] [self_driving]: [CMD] n=2369 source=park_action_stop linear_x=0.00 linear_y=0.00 angular_z=0.00 state=PARKING stop=True [0m
[self_driving-10] [33m[WARN] [1782994359.588880588] [self_driving]: [PARK_DONE] park_action complete -> PARK_PAUSE repeat=True cooldown=3.0s resume=button_or_set_running[0m
[self_driving-10] [0m[INFO] [1782994359.594818691] [self_driving]: [1;36m[FSM] PARKING -> PARK_PAUSE[0m[0m
[self_driving-10] [0m[INFO] [1782994359.634552487] [self_driving]: [CMD] n=2370 source=post_park_pause linear_x=0.00 linear_y=0.00 angular_z=0.00 state=PARK_PAUSE stop=False [0m
[self_driving-10] [0m[INFO] [1782994359.877913490] [self_driving]: [PARK_METRIC] valid_yolo=True can_accept=False reject=['cooldown'] cx=557 cy=111 w=23 h=32 area=736 score=0.86 right_done=True park_done=True cw_y=172 repeat=True[0m
[self_driving-10] [0m[INFO] [1782994360.153497860] [self_driving]: [CMD] n=2378 source=post_park_pause linear_x=0.00 linear_y=0.00 angular_z=0.00 state=PARK_PAUSE stop=False [0m
[self_driving-10] [0m[INFO] [1782994360.197539598] [self_driving]: [OBJECTS] msg_count=436 n=1 names=['park'][0m
[self_driving-10] [0m[INFO] [1782994360.199463113] [self_driving]: [PARK_METRIC] valid_yolo=True can_accept=False reject=['cooldown'] cx=516 cy=112 w=24 h=30 area=720 score=0.87 right_done=True park_done=True cw_y=173 repeat=True[0m
[self_driving-10] [0m[INFO] [1782994360.522571766] [self_driving]: [CROSSWALK_METRIC] n=1 nearest={'cx': 352, 'cy': 174, 'w': 176, 'h': 6, 'area': 1056, 'score': 0.47999998927116394} all=[{'cx': 352, 'cy': 174, 'w': 176, 'h': 6, 'area': 1056, 'score': 0.47999998927116394}] event_idx=11[0m
[self_driving-10] [0m[INFO] [1782994360.705488697] [self_driving]: [CMD] n=2386 source=post_park_pause linear_x=0.00 linear_y=0.00 angular_z=0.00 state=PARK_PAUSE stop=False [0m
[self_driving-10] [0m[INFO] [1782994360.873445547] [self_driving]: [OBJECTS] msg_count=439 n=1 names=['park'][0m
[self_driving-10] [0m[INFO] [1782994360.875580619] [self_driving]: [PARK_METRIC] valid_yolo=True can_accept=False reject=['cooldown'] cx=465 cy=114 w=22 h=29 area=638 score=0.85 right_done=True park_done=True cw_y=174 repeat=True[0m
[self_driving-10] [0m[INFO] [1782994361.212209121] [self_driving]: [PARK_METRIC] valid_yolo=True can_accept=False reject=['cooldown'] cx=464 cy=114 w=21 h=30 area=630 score=0.85 right_done=True park_done=True cw_y=174 repeat=True[0m
[self_driving-10] [0m[INFO] [1782994361.252431365] [self_driving]: [CMD] n=2394 source=post_park_pause linear_x=0.00 linear_y=0.00 angular_z=0.00 state=PARK_PAUSE stop=False [0m
[self_driving-10] [0m[INFO] [1782994361.542598813] [self_driving]: [OBJECTS] msg_count=442 n=1 names=['park'][0m
[self_driving-10] [0m[INFO] [1782994361.543182411] [self_driving]: [PARK_METRIC] valid_yolo=True can_accept=False reject=['cooldown'] cx=465 cy=114 w=22 h=30 area=660 score=0.85 right_done=True park_done=True cw_y=0 repeat=True[0m
[self_driving-10] [0m[INFO] [1782994361.772786378] [self_driving]: [CMD] n=2402 source=post_park_pause linear_x=0.00 linear_y=0.00 angular_z=0.00 state=PARK_PAUSE stop=False [0m
[self_driving-10] [0m[INFO] [1782994361.869834036] [self_driving]: [PARK_METRIC] valid_yolo=True can_accept=False reject=['cooldown'] cx=464 cy=114 w=21 h=30 area=630 score=0.85 right_done=True park_done=True cw_y=0 repeat=True[0m
[self_driving-10] [0m[INFO] [1782994362.212231398] [self_driving]: [OBJECTS] msg_count=444 n=1 names=['park'][0m
[self_driving-10] [0m[INFO] [1782994362.213580983] [self_driving]: [PARK_METRIC] valid_yolo=True can_accept=False reject=['cooldown'] cx=464 cy=114 w=21 h=30 area=630 score=0.85 right_done=True park_done=True cw_y=0 repeat=True[0m
[self_driving-10] [0m[INFO] [1782994362.315886386] [self_driving]: [CMD] n=2410 source=post_park_pause linear_x=0.00 linear_y=0.00 angular_z=0.00 state=PARK_PAUSE stop=False [0m
[self_driving-10] [0m[INFO] [1782994362.543444746] [self_driving]: [PARK_METRIC] valid_yolo=True can_accept=False reject=['cooldown'] cx=465 cy=114 w=22 h=30 area=660 score=0.85 right_done=True park_done=True cw_y=0 repeat=True[0m
[self_driving-10] [0m[INFO] [1782994362.852084655] [self_driving]: [CMD] n=2418 source=post_park_pause linear_x=0.00 linear_y=0.00 angular_z=0.00 state=PARK_PAUSE stop=False [0m
[self_driving-10] [0m[INFO] [1782994362.865628577] [self_driving]: [OBJECTS] msg_count=446 n=1 names=['park'][0m
[self_driving-10] [0m[INFO] [1782994362.869867981] [self_driving]: [PARK_METRIC] valid_yolo=True can_accept=True reject=[] cx=465 cy=114 w=22 h=30 area=660 score=0.85 right_done=True park_done=True cw_y=0 repeat=True[0m
[self_driving-10] [33m[WARN] [1782994362.872561632] [self_driving]: [PARK_APPROACH_START] first_cx=465 first_cy=114 first_area=660 score=0.85 cw_y=0 ref_turn_age=12.29[0m
[self_driving-10] [0m[INFO] [1782994363.214575416] [self_driving]: [PARK_METRIC] valid_yolo=True can_accept=True reject=[] cx=464 cy=114 w=21 h=30 area=630 score=0.85 right_done=True park_done=True cw_y=0 repeat=True[0m
[self_driving-10] [0m[INFO] [1782994363.386168758] [self_driving]: [CMD] n=2426 source=post_park_pause linear_x=0.00 linear_y=0.00 angular_z=0.00 state=PARK_PAUSE stop=False [0m
[self_driving-10] [0m[INFO] [1782994363.542581886] [self_driving]: [OBJECTS] msg_count=448 n=1 names=['park'][0m
[self_driving-10] [0m[INFO] [1782994363.546007988] [self_driving]: [PARK_METRIC] valid_yolo=True can_accept=True reject=[] cx=465 cy=114 w=22 h=30 area=660 score=0.85 right_done=True park_done=True cw_y=0 repeat=True[0m
[self_driving-10] [0m[INFO] [1782994363.873847734] [self_driving]: [PARK_METRIC] valid_yolo=True can_accept=True reject=[] cx=464 cy=114 w=21 h=30 area=630 score=0.85 right_done=True park_done=True cw_y=0 repeat=True[0m
[self_driving-10] [0m[INFO] [1782994363.934487363] [self_driving]: [CMD] n=2434 source=post_park_pause linear_x=0.00 linear_y=0.00 angular_z=0.00 state=PARK_PAUSE stop=False [0m
[self_driving-10] [0m[INFO] [1782994364.187655184] [self_driving]: [OBJECTS] msg_count=450 n=1 names=['park'][0m
[self_driving-10] [0m[INFO] [1782994364.188380801] [self_driving]: [PARK_METRIC] valid_yolo=True can_accept=True reject=[] cx=464 cy=114 w=21 h=30 area=630 score=0.85 right_done=True park_done=True cw_y=0 repeat=True[0m
[self_driving-10] [0m[INFO] [1782994364.450203394] [self_driving]: [CMD] n=2442 source=post_park_pause linear_x=0.00 linear_y=0.00 angular_z=0.00 state=PARK_PAUSE stop=False [0m
[self_driving-10] [0m[INFO] [1782994364.509532383] [self_driving]: [PARK_METRIC] valid_yolo=True can_accept=True reject=[] cx=464 cy=114 w=21 h=30 area=630 score=0.85 right_done=True park_done=True cw_y=0 repeat=True[0m
[self_driving-10] [0m[INFO] [1782994364.836097453] [self_driving]: [OBJECTS] msg_count=452 n=1 names=['park'][0m
[self_driving-10] [0m[INFO] [1782994364.836572309] [self_driving]: [PARK_METRIC] valid_yolo=True can_accept=True reject=[] cx=464 cy=114 w=21 h=30 area=630 score=0.85 right_done=True park_done=True cw_y=0 repeat=True[0m
[self_driving-10] [0m[INFO] [1782994364.998627260] [self_driving]: [CMD] n=2450 source=post_park_pause linear_x=0.00 linear_y=0.00 angular_z=0.00 state=PARK_PAUSE stop=False [0m
[self_driving-10] [0m[INFO] [1782994365.199735242] [self_driving]: [PARK_METRIC] valid_yolo=True can_accept=True reject=[] cx=464 cy=114 w=21 h=30 area=630 score=0.85 right_done=True park_done=True cw_y=0 repeat=True[0m
[self_driving-10] [0m[INFO] [1782994365.500863573] [self_driving]: [OBJECTS] msg_count=454 n=1 names=['park'][0m
[self_driving-10] [0m[INFO] [1782994365.502708366] [self_driving]: [PARK_METRIC] valid_yolo=True can_accept=True reject=[] cx=464 cy=114 w=21 h=30 area=630 score=0.85 right_done=True park_done=True cw_y=0 repeat=True[0m
[self_driving-10] [0m[INFO] [1782994365.558859681] [self_driving]: [CMD] n=2458 source=post_park_pause linear_x=0.00 linear_y=0.00 angular_z=0.00 state=PARK_PAUSE stop=False [0m
[self_driving-10] [0m[INFO] [1782994365.831706547] [self_driving]: [PARK_METRIC] valid_yolo=True can_accept=True reject=[] cx=464 cy=114 w=21 h=30 area=630 score=0.85 right_done=True park_done=True cw_y=0 repeat=True[0m
[self_driving-10] [0m[INFO] [1782994366.076362523] [self_driving]: [CMD] n=2466 source=post_park_pause linear_x=0.00 linear_y=0.00 angular_z=0.00 state=PARK_PAUSE stop=False [0m
[self_driving-10] [0m[INFO] [1782994366.139369875] [self_driving]: [OBJECTS] msg_count=456 n=1 names=['park'][0m
[self_driving-10] [0m[INFO] [1782994366.140178566] [self_driving]: [PARK_METRIC] valid_yolo=True can_accept=True reject=[] cx=464 cy=114 w=21 h=30 area=630 score=0.85 right_done=True park_done=True cw_y=0 repeat=True[0m
[self_driving-10] [0m[INFO] [1782994366.348986277] [self_driving]: [IMAGE] received count=2462 shape=(480, 640, 3) queue=0[0m
[self_driving-10] [0m[INFO] [1782994366.457382506] [self_driving]: [PARK_METRIC] valid_yolo=True can_accept=True reject=[] cx=464 cy=114 w=21 h=30 area=630 score=0.85 right_done=True park_done=True cw_y=0 repeat=True[0m
[self_driving-10] [0m[INFO] [1782994366.621976051] [self_driving]: [CMD] n=2474 source=post_park_pause linear_x=0.00 linear_y=0.00 angular_z=0.00 state=PARK_PAUSE stop=False [0m
[self_driving-10] [0m[INFO] [1782994366.784545173] [self_driving]: [OBJECTS] msg_count=458 n=1 names=['park'][0m
[self_driving-10] [0m[INFO] [1782994366.785449884] [self_driving]: [PARK_METRIC] valid_yolo=True can_accept=True reject=[] cx=464 cy=114 w=21 h=30 area=630 score=0.85 right_done=True park_done=True cw_y=0 repeat=True[0m
[self_driving-10] [0m[INFO] [1782994367.099582244] [self_driving]: [PARK_METRIC] valid_yolo=True can_accept=True reject=[] cx=464 cy=114 w=21 h=30 area=630 score=0.85 right_done=True park_done=True cw_y=0 repeat=True[0m
[self_driving-10] [0m[INFO] [1782994367.161009990] [self_driving]: [CMD] n=2482 source=post_park_pause linear_x=0.00 linear_y=0.00 angular_z=0.00 state=PARK_PAUSE stop=False [0m
[self_driving-10] [0m[INFO] [1782994367.462768104] [self_driving]: [OBJECTS] msg_count=460 n=1 names=['park'][0m
[self_driving-10] [0m[INFO] [1782994367.463877261] [self_driving]: [PARK_METRIC] valid_yolo=True can_accept=True reject=[] cx=464 cy=114 w=21 h=30 area=630 score=0.85 right_done=True park_done=True cw_y=0 repeat=True[0m
[self_driving-10] [0m[INFO] [1782994367.684156933] [self_driving]: [CMD] n=2490 source=post_park_pause linear_x=0.00 linear_y=0.00 angular_z=0.00 state=PARK_PAUSE stop=False [0m
[self_driving-10] [0m[INFO] [1782994367.789145802] [self_driving]: [PARK_METRIC] valid_yolo=True can_accept=True reject=[] cx=464 cy=114 w=21 h=30 area=630 score=0.85 right_done=True park_done=True cw_y=0 repeat=True[0m
[self_driving-10] [0m[INFO] [1782994368.099630281] [self_driving]: [OBJECTS] msg_count=462 n=1 names=['park'][0m
[self_driving-10] [0m[INFO] [1782994368.100264249] [self_driving]: [PARK_METRIC] valid_yolo=True can_accept=True reject=[] cx=464 cy=114 w=21 h=30 area=630 score=0.85 right_done=True park_done=True cw_y=0 repeat=True[0m
[self_driving-10] [0m[INFO] [1782994368.229860220] [self_driving]: [CMD] n=2498 source=post_park_pause linear_x=0.00 linear_y=0.00 angular_z=0.00 state=PARK_PAUSE stop=False [0m
[self_driving-10] [0m[INFO] [1782994368.410742173] [self_driving]: [PARK_METRIC] valid_yolo=True can_accept=True reject=[] cx=465 cy=114 w=22 h=30 area=660 score=0.85 right_done=True park_done=True cw_y=0 repeat=True[0m
[self_driving-10] [0m[INFO] [1782994368.736948980] [self_driving]: [OBJECTS] msg_count=464 n=1 names=['park'][0m
[self_driving-10] [0m[INFO] [1782994368.737472892] [self_driving]: [PARK_METRIC] valid_yolo=True can_accept=True reject=[] cx=464 cy=114 w=21 h=30 area=630 score=0.85 right_done=True park_done=True cw_y=0 repeat=True[0m
[self_driving-10] [0m[INFO] [1782994368.783562757] [self_driving]: [CMD] n=2506 source=post_park_pause linear_x=0.00 linear_y=0.00 angular_z=0.00 state=PARK_PAUSE stop=False [0m
[self_driving-10] [0m[INFO] [1782994369.054570146] [self_driving]: [PARK_METRIC] valid_yolo=True can_accept=True reject=[] cx=464 cy=114 w=21 h=30 area=630 score=0.85 right_done=True park_done=True cw_y=0 repeat=True[0m
[self_driving-10] [0m[INFO] [1782994369.303432525] [self_driving]: [CMD] n=2514 source=post_park_pause linear_x=0.00 linear_y=0.00 angular_z=0.00 state=PARK_PAUSE stop=False [0m
[self_driving-10] [0m[INFO] [1782994369.397915533] [self_driving]: [OBJECTS] msg_count=466 n=1 names=['park'][0m
[self_driving-10] [0m[INFO] [1782994369.404717032] [self_driving]: [PARK_METRIC] valid_yolo=True can_accept=True reject=[] cx=464 cy=114 w=21 h=30 area=630 score=0.85 right_done=True park_done=True cw_y=0 repeat=True[0m
[self_driving-10] [0m[INFO] [1782994369.751088351] [self_driving]: [PARK_METRIC] valid_yolo=True can_accept=True reject=[] cx=464 cy=114 w=21 h=30 area=630 score=0.85 right_done=True park_done=True cw_y=0 repeat=True[0m
[self_driving-10] [0m[INFO] [1782994369.844817131] [self_driving]: [CMD] n=2522 source=post_park_pause linear_x=0.00 linear_y=0.00 angular_z=0.00 state=PARK_PAUSE stop=False [0m
[self_driving-10] [0m[INFO] [1782994370.081702990] [self_driving]: [OBJECTS] msg_count=468 n=1 names=['park'][0m
[self_driving-10] [0m[INFO] [1782994370.085331019] [self_driving]: [PARK_METRIC] valid_yolo=True can_accept=True reject=[] cx=464 cy=114 w=21 h=30 area=630 score=0.85 right_done=True park_done=True cw_y=0 repeat=True[0m
[self_driving-10] [0m[INFO] [1782994370.366865176] [self_driving]: [CMD] n=2530 source=post_park_pause linear_x=0.00 linear_y=0.00 angular_z=0.00 state=PARK_PAUSE stop=False [0m
[self_driving-10] [0m[INFO] [1782994370.412723039] [self_driving]: [PARK_METRIC] valid_yolo=True can_accept=True reject=[] cx=464 cy=114 w=21 h=30 area=630 score=0.85 right_done=True park_done=True cw_y=0 repeat=True[0m
[self_driving-10] [0m[INFO] [1782994370.740441081] [self_driving]: [OBJECTS] msg_count=470 n=1 names=['park'][0m
[self_driving-10] [0m[INFO] [1782994370.741574497] [self_driving]: [PARK_METRIC] valid_yolo=True can_accept=True reject=[] cx=464 cy=114 w=21 h=30 area=630 score=0.85 right_done=True park_done=True cw_y=0 repeat=True[0m
[self_driving-10] [0m[INFO] [1782994370.916932517] [self_driving]: [CMD] n=2538 source=post_park_pause linear_x=0.00 linear_y=0.00 angular_z=0.00 state=PARK_PAUSE stop=False [0m
[self_driving-10] [0m[INFO] [1782994371.056296492] [self_driving]: [PARK_METRIC] valid_yolo=True can_accept=True reject=[] cx=464 cy=114 w=21 h=30 area=630 score=0.85 right_done=True park_done=True cw_y=0 repeat=True[0m
[self_driving-10] [0m[INFO] [1782994371.368394243] [self_driving]: [OBJECTS] msg_count=472 n=1 names=['park'][0m
[self_driving-10] [0m[INFO] [1782994371.369154360] [self_driving]: [PARK_METRIC] valid_yolo=True can_accept=True reject=[] cx=464 cy=114 w=21 h=30 area=630 score=0.85 right_done=True park_done=True cw_y=0 repeat=True[0m
[self_driving-10] [0m[INFO] [1782994371.449013067] [self_driving]: [CMD] n=2546 source=post_park_pause linear_x=0.00 linear_y=0.00 angular_z=0.00 state=PARK_PAUSE stop=False [0m
[self_driving-10] [0m[INFO] [1782994371.727258698] [self_driving]: [PARK_METRIC] valid_yolo=True can_accept=True reject=[] cx=464 cy=114 w=21 h=30 area=630 score=0.85 right_done=True park_done=True cw_y=0 repeat=True[0m
[self_driving-10] [0m[INFO] [1782994371.995066728] [self_driving]: [CMD] n=2554 source=post_park_pause linear_x=0.00 linear_y=0.00 angular_z=0.00 state=PARK_PAUSE stop=False [0m
[self_driving-10] [0m[INFO] [1782994372.042762236] [self_driving]: [OBJECTS] msg_count=474 n=1 names=['park'][0m
[self_driving-10] [0m[INFO] [1782994372.043633483] [self_driving]: [PARK_METRIC] valid_yolo=True can_accept=True reject=[] cx=464 cy=114 w=21 h=30 area=630 score=0.85 right_done=True park_done=True cw_y=0 repeat=True[0m
[self_driving-10] [0m[INFO] [1782994372.364885881] [self_driving]: [PARK_METRIC] valid_yolo=True can_accept=True reject=[] cx=464 cy=114 w=21 h=30 area=630 score=0.85 right_done=True park_done=True cw_y=0 repeat=True[0m
[self_driving-10] [0m[INFO] [1782994372.533259864] [self_driving]: [CMD] n=2562 source=post_park_pause linear_x=0.00 linear_y=0.00 angular_z=0.00 state=PARK_PAUSE stop=False [0m
[self_driving-10] [0m[INFO] [1782994372.683237645] [self_driving]: [OBJECTS] msg_count=476 n=1 names=['park'][0m
[self_driving-10] [0m[INFO] [1782994372.683724760] [self_driving]: [PARK_METRIC] valid_yolo=True can_accept=True reject=[] cx=464 cy=114 w=21 h=30 area=630 score=0.85 right_done=True park_done=True cw_y=0 repeat=True[0m
[self_driving-10] [0m[INFO] [1782994373.023702881] [self_driving]: [PARK_METRIC] valid_yolo=True can_accept=True reject=[] cx=464 cy=114 w=21 h=30 area=630 score=0.85 right_done=True park_done=True cw_y=0 repeat=True[0m
[self_driving-10] [0m[INFO] [1782994373.074465542] [self_driving]: [CMD] n=2570 source=post_park_pause linear_x=0.00 linear_y=0.00 angular_z=0.00 state=PARK_PAUSE stop=False [0m
[self_driving-10] [0m[INFO] [1782994373.358804629] [self_driving]: [OBJECTS] msg_count=478 n=1 names=['park'][0m
[self_driving-10] [0m[INFO] [1782994373.364339062] [self_driving]: [PARK_METRIC] valid_yolo=True can_accept=True reject=[] cx=464 cy=114 w=21 h=30 area=630 score=0.85 right_done=True park_done=True cw_y=0 repeat=True[0m
[self_driving-10] [0m[INFO] [1782994373.605663789] [self_driving]: [CMD] n=2578 source=post_park_pause linear_x=0.00 linear_y=0.00 angular_z=0.00 state=PARK_PAUSE stop=False [0m
[self_driving-10] [0m[INFO] [1782994373.692369699] [self_driving]: [PARK_METRIC] valid_yolo=True can_accept=True reject=[] cx=464 cy=114 w=21 h=30 area=630 score=0.85 right_done=True park_done=True cw_y=0 repeat=True[0m
[self_driving-10] [0m[INFO] [1782994374.030323359] [self_driving]: [OBJECTS] msg_count=480 n=1 names=['park'][0m
[self_driving-10] [0m[INFO] [1782994374.031285292] [self_driving]: [PARK_METRIC] valid_yolo=True can_accept=True reject=[] cx=465 cy=114 w=22 h=30 area=660 score=0.85 right_done=True park_done=True cw_y=0 repeat=True[0m
[self_driving-10] [0m[INFO] [1782994374.150167364] [self_driving]: [CMD] n=2586 source=post_park_pause linear_x=0.00 linear_y=0.00 angular_z=0.00 state=PARK_PAUSE stop=False [0m
[self_driving-10] [0m[INFO] [1782994374.374498994] [self_driving]: [PARK_METRIC] valid_yolo=True can_accept=True reject=[] cx=464 cy=114 w=21 h=30 area=630 score=0.85 right_done=True park_done=True cw_y=0 repeat=True[0m
[self_driving-10] [0m[INFO] [1782994374.420043318] [self_driving]: [IMAGE] received count=2582 shape=(480, 640, 3) queue=0[0m
[self_driving-10] [0m[INFO] [1782994374.674996912] [self_driving]: [CMD] n=2594 source=post_park_pause linear_x=0.00 linear_y=0.00 angular_z=0.00 state=PARK_PAUSE stop=False [0m
[self_driving-10] [0m[INFO] [1782994374.716684261] [self_driving]: [OBJECTS] msg_count=482 n=1 names=['park'][0m
[self_driving-10] [0m[INFO] [1782994374.718872223] [self_driving]: [PARK_METRIC] valid_yolo=True can_accept=True reject=[] cx=464 cy=114 w=21 h=30 area=630 score=0.85 right_done=True park_done=True cw_y=0 repeat=True[0m
[self_driving-10] [0m[INFO] [1782994375.049099988] [self_driving]: [PARK_METRIC] valid_yolo=True can_accept=True reject=[] cx=465 cy=114 w=22 h=30 area=660 score=0.85 right_done=True park_done=True cw_y=0 repeat=True[0m
[self_driving-10] [0m[INFO] [1782994375.228275390] [self_driving]: [CMD] n=2602 source=post_park_pause linear_x=0.00 linear_y=0.00 angular_z=0.00 state=PARK_PAUSE stop=False [0m
[self_driving-10] [0m[INFO] [1782994375.383599547] [self_driving]: [OBJECTS] msg_count=484 n=1 names=['park'][0m
[self_driving-10] [0m[INFO] [1782994375.384594907] [self_driving]: [PARK_METRIC] valid_yolo=True can_accept=True reject=[] cx=465 cy=114 w=22 h=30 area=660 score=0.85 right_done=True park_done=True cw_y=0 repeat=True[0m
[self_driving-10] [0m[INFO] [1782994375.735517873] [self_driving]: [PARK_METRIC] valid_yolo=True can_accept=True reject=[] cx=465 cy=114 w=22 h=30 area=660 score=0.85 right_done=True park_done=True cw_y=0 repeat=True[0m
[self_driving-10] [0m[INFO] [1782994375.765681779] [self_driving]: [CMD] n=2610 source=post_park_pause linear_x=0.00 linear_y=0.00 angular_z=0.00 state=PARK_PAUSE stop=False [0m
[self_driving-10] [0m[INFO] [1782994376.099545906] [self_driving]: [OBJECTS] msg_count=486 n=1 names=['park'][0m
[self_driving-10] [0m[INFO] [1782994376.107009336] [self_driving]: [PARK_METRIC] valid_yolo=True can_accept=True reject=[] cx=465 cy=114 w=22 h=30 area=660 score=0.85 right_done=True park_done=True cw_y=0 repeat=True[0m
[self_driving-10] [0m[INFO] [1782994376.291802208] [self_driving]: [CMD] n=2618 source=post_park_pause linear_x=0.00 linear_y=0.00 angular_z=0.00 state=PARK_PAUSE stop=False [0m
[self_driving-10] [0m[INFO] [1782994376.395768995] [self_driving]: [PARK_METRIC] valid_yolo=True can_accept=True reject=[] cx=464 cy=114 w=21 h=30 area=630 score=0.85 right_done=True park_done=True cw_y=0 repeat=True[0m
[self_driving-10] [0m[INFO] [1782994376.400886480] [self_driving]: [CROSSWALK_METRIC] n=1 nearest={'cx': 20, 'cy': 371, 'w': 40, 'h': 13, 'area': 520, 'score': 0.27000001072883606} all=[{'cx': 20, 'cy': 371, 'w': 40, 'h': 13, 'area': 520, 'score': 0.27000001072883606}] event_idx=11[0m
[self_driving-10] [33m[WARN] [1782994376.401785394] [self_driving]: [CROSSWALK_EVENT] idx=12 policy=future_pass_candidate nearest={'cx': 20, 'cy': 371, 'w': 40, 'h': 13, 'area': 520, 'score': 0.27000001072883606} y_th=120[0m
[self_driving-10] [0m[INFO] [1782994376.744207478] [self_driving]: [OBJECTS] msg_count=489 n=1 names=['crosswalk'][0m
[self_driving-10] [0m[INFO] [1782994376.837206901] [self_driving]: [CMD] n=2626 source=post_park_pause linear_x=0.00 linear_y=0.00 angular_z=0.00 state=PARK_PAUSE stop=False [0m
[self_driving-10] [0m[INFO] [1782994377.075108342] [self_driving]: [PARK_METRIC] valid_yolo=True can_accept=True reject=[] cx=464 cy=114 w=21 h=29 area=609 score=0.85 right_done=True park_done=True cw_y=174 repeat=True[0m
[self_driving-10] [0m[INFO] [1782994377.354984264] [self_driving]: [CMD] n=2634 source=post_park_pause linear_x=0.00 linear_y=0.00 angular_z=0.00 state=PARK_PAUSE stop=False [0m
[self_driving-10] [0m[INFO] [1782994377.392305596] [self_driving]: [OBJECTS] msg_count=493 n=1 names=['crosswalk'][0m
[self_driving-10] [0m[INFO] [1782994377.729822531] [self_driving]: [PARK_METRIC] valid_yolo=True can_accept=True reject=[] cx=464 cy=110 w=21 h=30 area=630 score=0.84 right_done=True park_done=True cw_y=372 repeat=True[0m
[self_driving-10] [0m[INFO] [1782994377.914231566] [self_driving]: [CMD] n=2642 source=post_park_pause linear_x=0.00 linear_y=0.00 angular_z=0.00 state=PARK_PAUSE stop=False [0m
[self_driving-10] [0m[INFO] [1782994378.082302917] [self_driving]: [OBJECTS] msg_count=495 n=1 names=['park'][0m
[self_driving-10] [0m[INFO] [1782994378.082803939] [self_driving]: [PARK_METRIC] valid_yolo=True can_accept=True reject=[] cx=445 cy=178 w=25 h=31 area=775 score=0.72 right_done=True park_done=True cw_y=0 repeat=True[0m
[self_driving-10] [0m[INFO] [1782994378.085425886] [self_driving]: [CROSSWALK_METRIC] n=1 nearest={'cx': 302, 'cy': 218, 'w': 164, 'h': 21, 'area': 3444, 'score': 0.3799999952316284} all=[{'cx': 302, 'cy': 218, 'w': 164, 'h': 21, 'area': 3444, 'score': 0.3799999952316284}] event_idx=12[0m
[self_driving-10] [0m[INFO] [1782994378.458912253] [self_driving]: [CMD] n=2650 source=post_park_pause linear_x=0.00 linear_y=0.00 angular_z=0.00 state=PARK_PAUSE stop=False [0m
[self_driving-10] [0m[INFO] [1782994378.746000288] [self_driving]: [OBJECTS] msg_count=499 n=1 names=['crosswalk'][0m
[self_driving-10] [33m[WARN] [1782994378.750534120] [self_driving]: [CROSSWALK_EVENT] idx=13 policy=future_pass_candidate nearest={'cx': 199, 'cy': 355, 'w': 158, 'h': 44, 'area': 6952, 'score': 0.7900000214576721} y_th=120[0m
[self_driving-10] [0m[INFO] [1782994378.968422958] [self_driving]: [CMD] n=2658 source=post_park_pause linear_x=0.00 linear_y=0.00 angular_z=0.00 state=PARK_PAUSE stop=False [0m
[self_driving-10] [0m[INFO] [1782994379.404969066] [self_driving]: [OBJECTS] msg_count=501 n=1 names=['crosswalk'][0m
[self_driving-10] [0m[INFO] [1782994379.408206722] [self_driving]: [PARK_METRIC] valid_yolo=True can_accept=True reject=[] cx=148 cy=376 w=24 h=28 area=672 score=0.84 right_done=True park_done=True cw_y=395 repeat=True[0m
[self_driving-10] [0m[INFO] [1782994379.504260686] [self_driving]: [CMD] n=2666 source=post_park_pause linear_x=0.00 linear_y=0.00 angular_z=0.00 state=PARK_PAUSE stop=False [0m
[self_driving-10] [0m[INFO] [1782994379.752832619] [self_driving]: [CROSSWALK_METRIC] n=1 nearest={'cx': 29, 'cy': 402, 'w': 58, 'h': 28, 'area': 1624, 'score': 0.8299999833106995} all=[{'cx': 29, 'cy': 402, 'w': 58, 'h': 28, 'area': 1624, 'score': 0.8299999833106995}] event_idx=13[0m
[self_driving-10] [0m[INFO] [1782994380.036535109] [self_driving]: [CMD] n=2673 source=post_park_pause linear_x=0.00 linear_y=0.00 angular_z=0.00 state=PARK_PAUSE stop=False [0m
[self_driving-10] [0m[INFO] [1782994380.536758425] [self_driving]: [CMD] n=2679 source=post_park_pause linear_x=0.00 linear_y=0.00 angular_z=0.00 state=PARK_PAUSE stop=False [0m
[self_driving-10] [0m[INFO] [1782994380.734234490] [self_driving]: [OBJECTS] msg_count=505 n=1 names=['crosswalk'][0m
[self_driving-10] [0m[INFO] [1782994381.085138234] [self_driving]: [CMD] n=2686 source=post_park_pause linear_x=0.00 linear_y=0.00 angular_z=0.00 state=PARK_PAUSE stop=False [0m
[self_driving-10] [0m[INFO] [1782994381.625003254] [self_driving]: [CMD] n=2694 source=post_park_pause linear_x=0.00 linear_y=0.00 angular_z=0.00 state=PARK_PAUSE stop=False [0m
[self_driving-10] [0m[INFO] [1782994382.164030081] [self_driving]: [CMD] n=2702 source=post_park_pause linear_x=0.00 linear_y=0.00 angular_z=0.00 state=PARK_PAUSE stop=False [0m
[self_driving-10] [0m[INFO] [1782994382.358180620] [self_driving]: [OBJECTS] msg_count=506 n=1 names=['crosswalk'][0m
[self_driving-10] [0m[INFO] [1782994382.361988595] [self_driving]: [CROSSWALK_METRIC] n=1 nearest={'cx': 371, 'cy': 116, 'w': 187, 'h': 18, 'area': 3366, 'score': 0.8500000238418579} all=[{'cx': 371, 'cy': 116, 'w': 187, 'h': 18, 'area': 3366, 'score': 0.8500000238418579}] event_idx=13[0m
[self_driving-10] [0m[INFO] [1782994382.436873318] [self_driving]: [IMAGE] received count=2698 shape=(480, 640, 3) queue=0[0m
[self_driving-10] [0m[INFO] [1782994382.694513378] [self_driving]: [TRAFFIC_CANDIDATE] name=green valid=False cx=607 cy=117 w=23 h=26 area=598 score=0.51 min_area=800[0m
[self_driving-10] [0m[INFO] [1782994382.708400710] [self_driving]: [CMD] n=2710 source=post_park_pause linear_x=0.00 linear_y=0.00 angular_z=0.00 state=PARK_PAUSE stop=False [0m
[self_driving-10] [0m[INFO] [1782994383.015692479] [self_driving]: [OBJECTS] msg_count=510 n=1 names=['crosswalk'][0m
[self_driving-10] [0m[INFO] [1782994383.240080184] [self_driving]: [CMD] n=2718 source=post_park_pause linear_x=0.00 linear_y=0.00 angular_z=0.00 state=PARK_PAUSE stop=False [0m
[self_driving-10] [0m[INFO] [1782994383.355254467] [self_driving]: [TRAFFIC_CANDIDATE] name=green valid=False cx=607 cy=117 w=24 h=26 area=624 score=0.56 min_area=800[0m
[self_driving-10] [0m[INFO] [1782994383.661563691] [self_driving]: [OBJECTS] msg_count=515 n=1 names=['crosswalk'][0m
[self_driving-10] [0m[INFO] [1782994383.776189488] [self_driving]: [CMD] n=2726 source=post_park_pause linear_x=0.00 linear_y=0.00 angular_z=0.00 state=PARK_PAUSE stop=False [0m
[self_driving-10] [0m[INFO] [1782994383.975422271] [self_driving]: [CROSSWALK_METRIC] n=1 nearest={'cx': 384, 'cy': 184, 'w': 197, 'h': 9, 'area': 1773, 'score': 0.7799999713897705} all=[{'cx': 384, 'cy': 184, 'w': 197, 'h': 9, 'area': 1773, 'score': 0.7799999713897705}] event_idx=13[0m
[self_driving-10] [0m[INFO] [1782994383.979387302] [self_driving]: [TRAFFIC_CANDIDATE] name=green valid=False cx=607 cy=117 w=23 h=24 area=552 score=0.55 min_area=800[0m
[self_driving-10] [0m[INFO] [1782994384.304470323] [self_driving]: [CMD] n=2734 source=post_park_pause linear_x=0.00 linear_y=0.00 angular_z=0.00 state=PARK_PAUSE stop=False [0m
[self_driving-10] [0m[INFO] [1782994384.318221117] [self_driving]: [OBJECTS] msg_count=520 n=1 names=['crosswalk'][0m
[self_driving-10] [0m[INFO] [1782994384.619545024] [self_driving]: [TRAFFIC_CANDIDATE] name=green valid=False cx=606 cy=118 w=22 h=26 area=572 score=0.44 min_area=800[0m
[self_driving-10] [0m[INFO] [1782994384.850414150] [self_driving]: [CMD] n=2742 source=post_park_pause linear_x=0.00 linear_y=0.00 angular_z=0.00 state=PARK_PAUSE stop=False [0m
[self_driving-10] [0m[INFO] [1782994384.948917042] [self_driving]: [OBJECTS] msg_count=526 n=1 names=['crosswalk'][0m
[self_driving-10] [0m[INFO] [1782994385.266332631] [self_driving]: [TRAFFIC_CANDIDATE] name=green valid=False cx=605 cy=118 w=23 h=26 area=598 score=0.53 min_area=800[0m
[self_driving-10] [0m[INFO] [1782994385.392076128] [self_driving]: [CMD] n=2750 source=post_park_pause linear_x=0.00 linear_y=0.00 angular_z=0.00 state=PARK_PAUSE stop=False [0m
[self_driving-10] [0m[INFO] [1782994385.565072573] [self_driving]: [OBJECTS] msg_count=532 n=1 names=['crosswalk'][0m
[self_driving-10] [0m[INFO] [1782994385.566596752] [self_driving]: [CROSSWALK_METRIC] n=1 nearest={'cx': 384, 'cy': 184, 'w': 196, 'h': 9, 'area': 1764, 'score': 0.7799999713897705} all=[{'cx': 384, 'cy': 184, 'w': 196, 'h': 9, 'area': 1764, 'score': 0.7799999713897705}] event_idx=13[0m
[self_driving-10] [0m[INFO] [1782994385.876951397] [self_driving]: [TRAFFIC_CANDIDATE] name=green valid=False cx=605 cy=118 w=23 h=26 area=598 score=0.50 min_area=800[0m
[self_driving-10] [0m[INFO] [1782994385.934586854] [self_driving]: [CMD] n=2758 source=post_park_pause linear_x=0.00 linear_y=0.00 angular_z=0.00 state=PARK_PAUSE stop=False [0m
[self_driving-10] [0m[INFO] [1782994386.204821458] [self_driving]: [OBJECTS] msg_count=537 n=1 names=['crosswalk'][0m
[self_driving-10] [0m[INFO] [1782994386.459550310] [self_driving]: [CMD] n=2766 source=post_park_pause linear_x=0.00 linear_y=0.00 angular_z=0.00 state=PARK_PAUSE stop=False [0m
[self_driving-10] [0m[INFO] [1782994386.567692668] [self_driving]: [TRAFFIC_CANDIDATE] name=green valid=False cx=606 cy=117 w=24 h=27 area=648 score=0.47 min_area=800[0m
[self_driving-10] [0m[INFO] [1782994386.891452085] [self_driving]: [OBJECTS] msg_count=543 n=1 names=['green'][0m
[self_driving-10] [0m[INFO] [1782994387.002083888] [self_driving]: [CMD] n=2774 source=post_park_pause linear_x=0.00 linear_y=0.00 angular_z=0.00 state=PARK_PAUSE stop=False [0m
[self_driving-10] [0m[INFO] [1782994387.215961639] [self_driving]: [CROSSWALK_METRIC] n=1 nearest={'cx': 383, 'cy': 185, 'w': 197, 'h': 8, 'area': 1576, 'score': 0.7900000214576721} all=[{'cx': 383, 'cy': 185, 'w': 197, 'h': 8, 'area': 1576, 'score': 0.7900000214576721}] event_idx=13[0m
[self_driving-10] [0m[INFO] [1782994387.220095357] [self_driving]: [TRAFFIC_CANDIDATE] name=green valid=False cx=605 cy=118 w=23 h=26 area=598 score=0.46 min_area=800[0m
[self_driving-10] [0m[INFO] [1782994387.535579394] [self_driving]: [CMD] n=2782 source=post_park_pause linear_x=0.00 linear_y=0.00 angular_z=0.00 state=PARK_PAUSE stop=False [0m
[self_driving-10] [0m[INFO] [1782994387.542764229] [self_driving]: [OBJECTS] msg_count=547 n=1 names=['crosswalk'][0m
[self_driving-10] [0m[INFO] [1782994387.874290764] [self_driving]: [TRAFFIC_CANDIDATE] name=green valid=False cx=606 cy=117 w=24 h=27 area=648 score=0.53 min_area=800[0m
[self_driving-10] [0m[INFO] [1782994388.063442707] [self_driving]: [CMD] n=2790 source=post_park_pause linear_x=0.00 linear_y=0.00 angular_z=0.00 state=PARK_PAUSE stop=False [0m
[self_driving-10] [0m[INFO] [1782994388.175060444] [self_driving]: [OBJECTS] msg_count=553 n=1 names=['crosswalk'][0m
[self_driving-10] [0m[INFO] [1782994388.617660063] [self_driving]: [CMD] n=2798 source=post_park_pause linear_x=0.00 linear_y=0.00 angular_z=0.00 state=PARK_PAUSE stop=False [0m
[self_driving-10] [0m[INFO] [1782994389.155326398] [self_driving]: [CMD] n=2806 source=post_park_pause linear_x=0.00 linear_y=0.00 angular_z=0.00 state=PARK_PAUSE stop=False [0m
[self_driving-10] [0m[INFO] [1782994389.643360581] [self_driving]: [OBJECTS] msg_count=556 n=1 names=['crosswalk'][0m
[self_driving-10] [0m[INFO] [1782994389.644179050] [self_driving]: [CROSSWALK_METRIC] n=1 nearest={'cx': 147, 'cy': 195, 'w': 289, 'h': 72, 'area': 20808, 'score': 0.36000001430511475} all=[{'cx': 147, 'cy': 195, 'w': 289, 'h': 72, 'area': 20808, 'score': 0.36000001430511475}] event_idx=13[0m
[self_driving-10] [0m[INFO] [1782994389.691328961] [self_driving]: [CMD] n=2814 source=post_park_pause linear_x=0.00 linear_y=0.00 angular_z=0.00 state=PARK_PAUSE stop=False [0m
[self_driving-10] [0m[INFO] [1782994390.225079913] [self_driving]: [CMD] n=2822 source=post_park_pause linear_x=0.00 linear_y=0.00 angular_z=0.00 state=PARK_PAUSE stop=False [0m
[self_driving-10] [0m[INFO] [1782994390.481766874] [self_driving]: [IMAGE] received count=2818 shape=(480, 640, 3) queue=0[0m
[self_driving-10] [0m[INFO] [1782994390.776532765] [self_driving]: [CMD] n=2830 source=post_park_pause linear_x=0.00 linear_y=0.00 angular_z=0.00 state=PARK_PAUSE stop=False [0m
[self_driving-10] [0m[INFO] [1782994391.310023253] [self_driving]: [CMD] n=2838 source=post_park_pause linear_x=0.00 linear_y=0.00 angular_z=0.00 state=PARK_PAUSE stop=False [0m
[self_driving-10] [0m[INFO] [1782994391.842080507] [self_driving]: [CMD] n=2846 source=post_park_pause linear_x=0.00 linear_y=0.00 angular_z=0.00 state=PARK_PAUSE stop=False [0m
[self_driving-10] [0m[INFO] [1782994392.367995619] [self_driving]: [CMD] n=2854 source=post_park_pause linear_x=0.00 linear_y=0.00 angular_z=0.00 state=PARK_PAUSE stop=False [0m
[self_driving-10] [0m[INFO] [1782994392.915337179] [self_driving]: [CMD] n=2862 source=post_park_pause linear_x=0.00 linear_y=0.00 angular_z=0.00 state=PARK_PAUSE stop=False [0m
[self_driving-10] [0m[INFO] [1782994393.457213567] [self_driving]: [CMD] n=2870 source=post_park_pause linear_x=0.00 linear_y=0.00 angular_z=0.00 state=PARK_PAUSE stop=False [0m
[self_driving-10] [0m[INFO] [1782994393.994619696] [self_driving]: [CMD] n=2878 source=post_park_pause linear_x=0.00 linear_y=0.00 angular_z=0.00 state=PARK_PAUSE stop=False [0m
[self_driving-10] [0m[INFO] [1782994394.534730162] [self_driving]: [CMD] n=2886 source=post_park_pause linear_x=0.00 linear_y=0.00 angular_z=0.00 state=PARK_PAUSE stop=False [0m
[self_driving-10] [0m[INFO] [1782994395.077105442] [self_driving]: [CMD] n=2894 source=post_park_pause linear_x=0.00 linear_y=0.00 angular_z=0.00 state=PARK_PAUSE stop=False [0m
[self_driving-10] [0m[INFO] [1782994395.607963149] [self_driving]: [CMD] n=2902 source=post_park_pause linear_x=0.00 linear_y=0.00 angular_z=0.00 state=PARK_PAUSE stop=False [0m
[self_driving-10] [0m[INFO] [1782994396.145729596] [self_driving]: [CMD] n=2910 source=post_park_pause linear_x=0.00 linear_y=0.00 angular_z=0.00 state=PARK_PAUSE stop=False [0m
[self_driving-10] [0m[INFO] [1782994396.671151446] [self_driving]: [CMD] n=2918 source=post_park_pause linear_x=0.00 linear_y=0.00 angular_z=0.00 state=PARK_PAUSE stop=False [0m
[self_driving-10] [0m[INFO] [1782994397.222338166] [self_driving]: [CMD] n=2926 source=post_park_pause linear_x=0.00 linear_y=0.00 angular_z=0.00 state=PARK_PAUSE stop=False [0m
[self_driving-10] [0m[INFO] [1782994397.589133832] [self_driving]: [OBJECTS] msg_count=557 n=1 names=['crosswalk'][0m
[self_driving-10] [0m[INFO] [1782994397.589738208] [self_driving]: [CROSSWALK_METRIC] n=1 nearest={'cx': 346, 'cy': 245, 'w': 273, 'h': 160, 'area': 43680, 'score': 0.7200000286102295} all=[{'cx': 346, 'cy': 245, 'w': 273, 'h': 160, 'area': 43680, 'score': 0.7200000286102295}] event_idx=13[0m
[self_driving-10] [33m[WARN] [1782994397.595108750] [self_driving]: [CROSSWALK_EVENT] idx=14 policy=future_pass_candidate nearest={'cx': 537, 'cy': 420, 'w': 201, 'h': 113, 'area': 22713, 'score': 0.3400000035762787} y_th=120[0m
[self_driving-10] [0m[INFO] [1782994397.752120198] [self_driving]: [CMD] n=2934 source=post_park_pause linear_x=0.00 linear_y=0.00 angular_z=0.00 state=PARK_PAUSE stop=False [0m
[self_driving-10] [0m[INFO] [1782994398.306325257] [self_driving]: [CMD] n=2942 source=post_park_pause linear_x=0.00 linear_y=0.00 angular_z=0.00 state=PARK_PAUSE stop=False [0m
[self_driving-10] [0m[INFO] [1782994398.495675851] [self_driving]: [IMAGE] received count=2937 shape=(480, 640, 3) queue=0[0m
[self_driving-10] [0m[INFO] [1782994398.545988934] [self_driving]: [OBJECTS] msg_count=561 n=1 names=['crosswalk'][0m
[self_driving-10] [0m[INFO] [1782994398.817924016] [self_driving]: [CMD] n=2950 source=post_park_pause linear_x=0.00 linear_y=0.00 angular_z=0.00 state=PARK_PAUSE stop=False [0m
[self_driving-10] [0m[INFO] [1782994399.360193684] [self_driving]: [CMD] n=2958 source=post_park_pause linear_x=0.00 linear_y=0.00 angular_z=0.00 state=PARK_PAUSE stop=False [0m
[self_driving-10] [0m[INFO] [1782994399.528250775] [self_driving]: [OBJECTS] msg_count=563 n=1 names=['crosswalk'][0m
[self_driving-10] [0m[INFO] [1782994399.529234357] [self_driving]: [CROSSWALK_METRIC] n=1 nearest={'cx': 542, 'cy': 75, 'w': 196, 'h': 150, 'area': 29400, 'score': 0.8199999928474426} all=[{'cx': 542, 'cy': 75, 'w': 196, 'h': 150, 'area': 29400, 'score': 0.8199999928474426}] event_idx=14[0m
[self_driving-10] [0m[INFO] [1782994399.916136775] [self_driving]: [CMD] n=2966 source=post_park_pause linear_x=0.00 linear_y=0.00 angular_z=0.00 state=PARK_PAUSE stop=False [0m
[self_driving-10] [0m[INFO] [1782994400.442736449] [self_driving]: [CMD] n=2974 source=post_park_pause linear_x=0.00 linear_y=0.00 angular_z=0.00 state=PARK_PAUSE stop=False [0m
[self_driving-10] [0m[INFO] [1782994400.987529470] [self_driving]: [CMD] n=2982 source=post_park_pause linear_x=0.00 linear_y=0.00 angular_z=0.00 state=PARK_PAUSE stop=False [0m
[self_driving-10] [0m[INFO] [1782994401.522602877] [self_driving]: [CMD] n=2990 source=post_park_pause linear_x=0.00 linear_y=0.00 angular_z=0.00 state=PARK_PAUSE stop=False [0m
[self_driving-10] [0m[INFO] [1782994401.879356001] [self_driving]: [OBJECTS] msg_count=564 n=1 names=['green'][0m
[self_driving-10] [0m[INFO] [1782994401.880161433] [self_driving]: [TRAFFIC_CANDIDATE] name=green valid=True cx=102 cy=354 w=196 h=218 area=42728 score=0.65 min_area=800[0m
[self_driving-10] [0m[INFO] [1782994402.048560287] [self_driving]: [CMD] n=2998 source=post_park_pause linear_x=0.00 linear_y=0.00 angular_z=0.00 state=PARK_PAUSE stop=False [0m
[self_driving-10] [0m[INFO] [1782994402.601564892] [self_driving]: [CMD] n=3006 source=post_park_pause linear_x=0.00 linear_y=0.00 angular_z=0.00 state=PARK_PAUSE stop=False [0m
[self_driving-10] [0m[INFO] [1782994403.132553748] [self_driving]: [CMD] n=3014 source=post_park_pause linear_x=0.00 linear_y=0.00 angular_z=0.00 state=PARK_PAUSE stop=False [0m
[self_driving-10] [0m[INFO] [1782994403.673257737] [self_driving]: [CMD] n=3022 source=post_park_pause linear_x=0.00 linear_y=0.00 angular_z=0.00 state=PARK_PAUSE stop=False [0m
[self_driving-10] [0m[INFO] [1782994404.214182635] [self_driving]: [CMD] n=3030 source=post_park_pause linear_x=0.00 linear_y=0.00 angular_z=0.00 state=PARK_PAUSE stop=False [0m
[self_driving-10] [0m[INFO] [1782994404.745163529] [self_driving]: [CMD] n=3038 source=post_park_pause linear_x=0.00 linear_y=0.00 angular_z=0.00 state=PARK_PAUSE stop=False [0m
[self_driving-10] [0m[INFO] [1782994405.271584590] [self_driving]: [CMD] n=3046 source=post_park_pause linear_x=0.00 linear_y=0.00 angular_z=0.00 state=PARK_PAUSE stop=False [0m
[self_driving-10] [0m[INFO] [1782994405.805584896] [self_driving]: [CMD] n=3054 source=post_park_pause linear_x=0.00 linear_y=0.00 angular_z=0.00 state=PARK_PAUSE stop=False [0m
[self_driving-10] [0m[INFO] [1782994406.359898512] [self_driving]: [CMD] n=3062 source=post_park_pause linear_x=0.00 linear_y=0.00 angular_z=0.00 state=PARK_PAUSE stop=False [0m
[self_driving-10] [0m[INFO] [1782994406.505098218] [self_driving]: [IMAGE] received count=3056 shape=(480, 640, 3) queue=0[0m
[self_driving-10] [0m[INFO] [1782994406.883604847] [self_driving]: [CMD] n=3070 source=post_park_pause linear_x=0.00 linear_y=0.00 angular_z=0.00 state=PARK_PAUSE stop=False [0m
[self_driving-10] [0m[INFO] [1782994407.450050318] [self_driving]: [CMD] n=3078 source=post_park_pause linear_x=0.00 linear_y=0.00 angular_z=0.00 state=PARK_PAUSE stop=False [0m
[self_driving-10] [0m[INFO] [1782994407.971897899] [self_driving]: [CMD] n=3086 source=post_park_pause linear_x=0.00 linear_y=0.00 angular_z=0.00 state=PARK_PAUSE stop=False [0m
[self_driving-10] [0m[INFO] [1782994408.496687206] [self_driving]: [CMD] n=3094 source=post_park_pause linear_x=0.00 linear_y=0.00 angular_z=0.00 state=PARK_PAUSE stop=False [0m
[self_driving-10] [0m[INFO] [1782994409.048427634] [self_driving]: [CMD] n=3102 source=post_park_pause linear_x=0.00 linear_y=0.00 angular_z=0.00 state=PARK_PAUSE stop=False [0m
[self_driving-10] [0m[INFO] [1782994409.585084184] [self_driving]: [CMD] n=3110 source=post_park_pause linear_x=0.00 linear_y=0.00 angular_z=0.00 state=PARK_PAUSE stop=False [0m
[self_driving-10] [0m[INFO] [1782994410.106020535] [self_driving]: [CMD] n=3118 source=post_park_pause linear_x=0.00 linear_y=0.00 angular_z=0.00 state=PARK_PAUSE stop=False [0m
[self_driving-10] [0m[INFO] [1782994410.674665245] [self_driving]: [CMD] n=3126 source=post_park_pause linear_x=0.00 linear_y=0.00 angular_z=0.00 state=PARK_PAUSE stop=False [0m
[self_driving-10] [0m[INFO] [1782994411.215926202] [self_driving]: [CMD] n=3134 source=post_park_pause linear_x=0.00 linear_y=0.00 angular_z=0.00 state=PARK_PAUSE stop=False [0m
[self_driving-10] [0m[INFO] [1782994411.740360580] [self_driving]: [CMD] n=3142 source=post_park_pause linear_x=0.00 linear_y=0.00 angular_z=0.00 state=PARK_PAUSE stop=False [0m
[self_driving-10] [0m[INFO] [1782994412.014825755] [self_driving]: [OBJECTS] msg_count=565 n=1 names=['red'][0m
[self_driving-10] [0m[INFO] [1782994412.017133811] [self_driving]: [TRAFFIC_CANDIDATE] name=red valid=False cx=565 cy=102 w=57 h=66 area=3762 score=0.45 min_area=800[0m
[self_driving-10] [0m[INFO] [1782994412.256502467] [self_driving]: [CMD] n=3150 source=post_park_pause linear_x=0.00 linear_y=0.00 angular_z=0.00 state=PARK_PAUSE stop=False [0m
[self_driving-10] [0m[INFO] [1782994412.808981105] [self_driving]: [CMD] n=3158 source=post_park_pause linear_x=0.00 linear_y=0.00 angular_z=0.00 state=PARK_PAUSE stop=False [0m
[self_driving-10] [0m[INFO] [1782994413.353117418] [self_driving]: [CMD] n=3165 source=post_park_pause linear_x=0.00 linear_y=0.00 angular_z=0.00 state=PARK_PAUSE stop=False [0m
[self_driving-10] [0m[INFO] [1782994413.935579238] [self_driving]: [CMD] n=3172 source=post_park_pause linear_x=0.00 linear_y=0.00 angular_z=0.00 state=PARK_PAUSE stop=False [0m
[self_driving-10] [0m[INFO] [1782994414.470590348] [self_driving]: [CMD] n=3179 source=post_park_pause linear_x=0.00 linear_y=0.00 angular_z=0.00 state=PARK_PAUSE stop=False [0m
[self_driving-10] [0m[INFO] [1782994414.580799370] [self_driving]: [IMAGE] received count=3172 shape=(480, 640, 3) queue=0[0m
[self_driving-10] [0m[INFO] [1782994415.048733264] [self_driving]: [CMD] n=3186 source=post_park_pause linear_x=0.00 linear_y=0.00 angular_z=0.00 state=PARK_PAUSE stop=False [0m
[self_driving-10] [0m[INFO] [1782994415.615109641] [self_driving]: [CMD] n=3193 source=post_park_pause linear_x=0.00 linear_y=0.00 angular_z=0.00 state=PARK_PAUSE stop=False [0m
[self_driving-10] [0m[INFO] [1782994416.184829934] [self_driving]: [CMD] n=3200 source=post_park_pause linear_x=0.00 linear_y=0.00 angular_z=0.00 state=PARK_PAUSE stop=False [0m
[self_driving-10] [0m[INFO] [1782994416.755301474] [self_driving]: [CMD] n=3207 source=post_park_pause linear_x=0.00 linear_y=0.00 angular_z=0.00 state=PARK_PAUSE stop=False [0m
[self_driving-10] [0m[INFO] [1782994417.329545785] [self_driving]: [CMD] n=3215 source=post_park_pause linear_x=0.00 linear_y=0.00 angular_z=0.00 state=PARK_PAUSE stop=False [0m
[self_driving-10] [0m[INFO] [1782994417.851451513] [self_driving]: [CMD] n=3223 source=post_park_pause linear_x=0.00 linear_y=0.00 angular_z=0.00 state=PARK_PAUSE stop=False [0m
[self_driving-10] [0m[INFO] [1782994418.374017711] [self_driving]: [CMD] n=3231 source=post_park_pause linear_x=0.00 linear_y=0.00 angular_z=0.00 state=PARK_PAUSE stop=False [0m
[self_driving-10] [0m[INFO] [1782994418.934283188] [self_driving]: [CMD] n=3239 source=post_park_pause linear_x=0.00 linear_y=0.00 angular_z=0.00 state=PARK_PAUSE stop=False [0m
[self_driving-10] [0m[INFO] [1782994419.467713953] [self_driving]: [CMD] n=3247 source=post_park_pause linear_x=0.00 linear_y=0.00 angular_z=0.00 state=PARK_PAUSE stop=False [0m
[self_driving-10] [0m[INFO] [1782994420.004364336] [self_driving]: [CMD] n=3255 source=post_park_pause linear_x=0.00 linear_y=0.00 angular_z=0.00 state=PARK_PAUSE stop=False [0m
[self_driving-10] [0m[INFO] [1782994420.529594498] [self_driving]: [CMD] n=3263 source=post_park_pause linear_x=0.00 linear_y=0.00 angular_z=0.00 state=PARK_PAUSE stop=False [0m
[self_driving-10] [0m[INFO] [1782994421.080100361] [self_driving]: [CMD] n=3271 source=post_park_pause linear_x=0.00 linear_y=0.00 angular_z=0.00 state=PARK_PAUSE stop=False [0m
[self_driving-10] [0m[INFO] [1782994421.613740461] [self_driving]: [CMD] n=3279 source=post_park_pause linear_x=0.00 linear_y=0.00 angular_z=0.00 state=PARK_PAUSE stop=False [0m
[self_driving-10] [0m[INFO] [1782994422.158346388] [self_driving]: [CMD] n=3287 source=post_park_pause linear_x=0.00 linear_y=0.00 angular_z=0.00 state=PARK_PAUSE stop=False [0m
[self_driving-10] [0m[INFO] [1782994422.616237610] [self_driving]: [IMAGE] received count=3286 shape=(480, 640, 3) queue=0[0m
[self_driving-10] [0m[INFO] [1782994422.696939064] [self_driving]: [CMD] n=3295 source=post_park_pause linear_x=0.00 linear_y=0.00 angular_z=0.00 state=PARK_PAUSE stop=False [0m
[self_driving-10] [0m[INFO] [1782994423.236053152] [self_driving]: [CMD] n=3303 source=post_park_pause linear_x=0.00 linear_y=0.00 angular_z=0.00 state=PARK_PAUSE stop=False [0m
[self_driving-10] [0m[INFO] [1782994423.763902835] [self_driving]: [CMD] n=3311 source=post_park_pause linear_x=0.00 linear_y=0.00 angular_z=0.00 state=PARK_PAUSE stop=False [0m
[self_driving-10] [0m[INFO] [1782994424.302062304] [self_driving]: [CMD] n=3319 source=post_park_pause linear_x=0.00 linear_y=0.00 angular_z=0.00 state=PARK_PAUSE stop=False [0m
[self_driving-10] [0m[INFO] [1782994424.848356152] [self_driving]: [CMD] n=3327 source=post_park_pause linear_x=0.00 linear_y=0.00 angular_z=0.00 state=PARK_PAUSE stop=False [0m
[self_driving-10] [0m[INFO] [1782994425.365171174] [self_driving]: [CMD] n=3335 source=post_park_pause linear_x=0.00 linear_y=0.00 angular_z=0.00 state=PARK_PAUSE stop=False [0m
[self_driving-10] [0m[INFO] [1782994425.908788557] [self_driving]: [CMD] n=3343 source=post_park_pause linear_x=0.00 linear_y=0.00 angular_z=0.00 state=PARK_PAUSE stop=False [0m
[self_driving-10] [0m[INFO] [1782994426.450641666] [self_driving]: [CMD] n=3351 source=post_park_pause linear_x=0.00 linear_y=0.00 angular_z=0.00 state=PARK_PAUSE stop=False [0m
[self_driving-10] [0m[INFO] [1782994426.984454545] [self_driving]: [CMD] n=3359 source=post_park_pause linear_x=0.00 linear_y=0.00 angular_z=0.00 state=PARK_PAUSE stop=False [0m
[self_driving-10] [0m[INFO] [1782994427.526631509] [self_driving]: [CMD] n=3367 source=post_park_pause linear_x=0.00 linear_y=0.00 angular_z=0.00 state=PARK_PAUSE stop=False [0m
[self_driving-10] [0m[INFO] [1782994428.076080437] [self_driving]: [CMD] n=3375 source=post_park_pause linear_x=0.00 linear_y=0.00 angular_z=0.00 state=PARK_PAUSE stop=False [0m
[self_driving-10] [0m[INFO] [1782994428.610531932] [self_driving]: [CMD] n=3383 source=post_park_pause linear_x=0.00 linear_y=0.00 angular_z=0.00 state=PARK_PAUSE stop=False [0m
[self_driving-10] [0m[INFO] [1782994429.142029645] [self_driving]: [CMD] n=3391 source=post_park_pause linear_x=0.00 linear_y=0.00 angular_z=0.00 state=PARK_PAUSE stop=False [0m
[self_driving-10] [0m[INFO] [1782994429.670103497] [self_driving]: [CMD] n=3399 source=post_park_pause linear_x=0.00 linear_y=0.00 angular_z=0.00 state=PARK_PAUSE stop=False [0m
[self_driving-10] [0m[INFO] [1782994430.220302468] [self_driving]: [CMD] n=3407 source=post_park_pause linear_x=0.00 linear_y=0.00 angular_z=0.00 state=PARK_PAUSE stop=False [0m
[self_driving-10] [0m[INFO] [1782994430.671416710] [self_driving]: [IMAGE] received count=3406 shape=(480, 640, 3) queue=0[0m
[self_driving-10] [0m[INFO] [1782994430.750464596] [self_driving]: [CMD] n=3415 source=post_park_pause linear_x=0.00 linear_y=0.00 angular_z=0.00 state=PARK_PAUSE stop=False [0m
[self_driving-10] [0m[INFO] [1782994431.286199120] [self_driving]: [CMD] n=3423 source=post_park_pause linear_x=0.00 linear_y=0.00 angular_z=0.00 state=PARK_PAUSE stop=False [0m
[self_driving-10] [0m[INFO] [1782994431.825319152] [self_driving]: [CMD] n=3431 source=post_park_pause linear_x=0.00 linear_y=0.00 angular_z=0.00 state=PARK_PAUSE stop=False [0m
[self_driving-10] [0m[INFO] [1782994431.983359923] [self_driving]: [OBJECTS] msg_count=566 n=1 names=['green'][0m
[self_driving-10] [0m[INFO] [1782994431.985856924] [self_driving]: [TRAFFIC_CANDIDATE] name=green valid=False cx=122 cy=373 w=244 h=214 area=52216 score=0.32 min_area=800[0m
[self_driving-10] [0m[INFO] [1782994432.358110078] [self_driving]: [CMD] n=3439 source=post_park_pause linear_x=0.00 linear_y=0.00 angular_z=0.00 state=PARK_PAUSE stop=False [0m
[self_driving-10] [0m[INFO] [1782994432.764412872] [self_driving]: [OBJECTS] msg_count=567 n=1 names=['green'][0m
[self_driving-10] [0m[INFO] [1782994432.765058674] [self_driving]: [TRAFFIC_CANDIDATE] name=green valid=True cx=141 cy=366 w=276 h=228 area=62928 score=0.47 min_area=800[0m
[self_driving-10] [0m[INFO] [1782994432.905903549] [self_driving]: [CMD] n=3447 source=post_park_pause linear_x=0.00 linear_y=0.00 angular_z=0.00 state=PARK_PAUSE stop=False [0m
[self_driving-10] [0m[INFO] [1782994433.433256173] [self_driving]: [CMD] n=3455 source=post_park_pause linear_x=0.00 linear_y=0.00 angular_z=0.00 state=PARK_PAUSE stop=False [0m
[self_driving-10] [0m[INFO] [1782994433.982426155] [self_driving]: [CMD] n=3463 source=post_park_pause linear_x=0.00 linear_y=0.00 angular_z=0.00 state=PARK_PAUSE stop=False [0m
[self_driving-10] [0m[INFO] [1782994434.521815078] [self_driving]: [CMD] n=3471 source=post_park_pause linear_x=0.00 linear_y=0.00 angular_z=0.00 state=PARK_PAUSE stop=False [0m
[self_driving-10] [0m[INFO] [1782994435.050944994] [self_driving]: [CMD] n=3479 source=post_park_pause linear_x=0.00 linear_y=0.00 angular_z=0.00 state=PARK_PAUSE stop=False [0m
[self_driving-10] [0m[INFO] [1782994435.583299843] [self_driving]: [CMD] n=3487 source=post_park_pause linear_x=0.00 linear_y=0.00 angular_z=0.00 state=PARK_PAUSE stop=False [0m
[self_driving-10] [0m[INFO] [1782994436.125271694] [self_driving]: [CMD] n=3495 source=post_park_pause linear_x=0.00 linear_y=0.00 angular_z=0.00 state=PARK_PAUSE stop=False [0m
[self_driving-10] [0m[INFO] [1782994436.667696956] [self_driving]: [CMD] n=3503 source=post_park_pause linear_x=0.00 linear_y=0.00 angular_z=0.00 state=PARK_PAUSE stop=False [0m
[self_driving-10] [0m[INFO] [1782994437.206696709] [self_driving]: [CMD] n=3511 source=post_park_pause linear_x=0.00 linear_y=0.00 angular_z=0.00 state=PARK_PAUSE stop=False [0m
[self_driving-10] [0m[INFO] [1782994437.747937499] [self_driving]: [CMD] n=3518 source=post_park_pause linear_x=0.00 linear_y=0.00 angular_z=0.00 state=PARK_PAUSE stop=False [0m
[self_driving-10] [0m[INFO] [1782994438.307104856] [self_driving]: [CMD] n=3525 source=post_park_pause linear_x=0.00 linear_y=0.00 angular_z=0.00 state=PARK_PAUSE stop=False [0m
[self_driving-10] [0m[INFO] [1782994438.723142172] [self_driving]: [IMAGE] received count=3522 shape=(480, 640, 3) queue=0[0m
[self_driving-10] [0m[INFO] [1782994438.899263383] [self_driving]: [CMD] n=3532 source=post_park_pause linear_x=0.00 linear_y=0.00 angular_z=0.00 state=PARK_PAUSE stop=False [0m
[self_driving-10] [0m[INFO] [1782994439.465913170] [self_driving]: [CMD] n=3539 source=post_park_pause linear_x=0.00 linear_y=0.00 angular_z=0.00 state=PARK_PAUSE stop=False [0m
[self_driving-10] [0m[INFO] [1782994439.745258532] [self_driving]: [OBJECTS] msg_count=569 n=1 names=['crosswalk'][0m
[self_driving-10] [0m[INFO] [1782994439.745990353] [self_driving]: [CROSSWALK_METRIC] n=1 nearest={'cx': 311, 'cy': 172, 'w': 101, 'h': 9, 'area': 909, 'score': 0.6899999976158142} all=[{'cx': 311, 'cy': 172, 'w': 101, 'h': 9, 'area': 909, 'score': 0.6899999976158142}] event_idx=14[0m
[self_driving-10] [33m[WARN] [1782994439.746602061] [self_driving]: [CROSSWALK_EVENT] idx=15 policy=future_pass_candidate nearest={'cx': 311, 'cy': 172, 'w': 101, 'h': 9, 'area': 909, 'score': 0.6899999976158142} y_th=120[0m
[self_driving-10] [0m[INFO] [1782994439.747187066] [self_driving]: [TRAFFIC_CLEAR] no valid red/green in current object msg -> clear stale traffic[0m
[self_driving-10] [0m[INFO] [1782994440.013082396] [self_driving]: [CMD] n=3546 source=post_park_pause linear_x=0.00 linear_y=0.00 angular_z=0.00 state=PARK_PAUSE stop=False [0m
[self_driving-10] [0m[INFO] [1782994440.434738978] [self_driving]: [OBJECTS] msg_count=577 n=1 names=['crosswalk'][0m
[self_driving-10] [0m[INFO] [1782994440.588786829] [self_driving]: [CMD] n=3553 source=post_park_pause linear_x=0.00 linear_y=0.00 angular_z=0.00 state=PARK_PAUSE stop=False [0m
[self_driving-10] [0m[INFO] [1782994441.094603115] [self_driving]: [OBJECTS] msg_count=589 n=1 names=['crosswalk'][0m
[self_driving-10] [0m[INFO] [1782994441.165064822] [self_driving]: [CMD] n=3561 source=post_park_pause linear_x=0.00 linear_y=0.00 angular_z=0.00 state=PARK_PAUSE stop=False [0m
[self_driving-10] [0m[INFO] [1782994441.491631947] [self_driving]: [CROSSWALK_METRIC] n=1 nearest={'cx': 311, 'cy': 202, 'w': 80, 'h': 9, 'area': 720, 'score': 0.6700000166893005} all=[{'cx': 311, 'cy': 202, 'w': 80, 'h': 9, 'area': 720, 'score': 0.6700000166893005}] event_idx=15[0m
[self_driving-10] [0m[INFO] [1782994441.671316630] [self_driving]: [CMD] n=3569 source=post_park_pause linear_x=0.00 linear_y=0.00 angular_z=0.00 state=PARK_PAUSE stop=False [0m
[self_driving-10] [0m[INFO] [1782994441.842676044] [self_driving]: [OBJECTS] msg_count=601 n=1 names=['crosswalk'][0m
[self_driving-10] [0m[INFO] [1782994442.212589754] [self_driving]: [CMD] n=3577 source=post_park_pause linear_x=0.00 linear_y=0.00 angular_z=0.00 state=PARK_PAUSE stop=False [0m
[self_driving-10] [0m[INFO] [1782994442.587139407] [self_driving]: [OBJECTS] msg_count=614 n=1 names=['crosswalk'][0m
[self_driving-10] [0m[INFO] [1782994442.745300253] [self_driving]: [CMD] n=3585 source=post_park_pause linear_x=0.00 linear_y=0.00 angular_z=0.00 state=PARK_PAUSE stop=False [0m
[self_driving-10] [0m[INFO] [1782994443.280546125] [self_driving]: [OBJECTS] msg_count=625 n=1 names=['crosswalk'][0m
[self_driving-10] [0m[INFO] [1782994443.281224593] [self_driving]: [CROSSWALK_METRIC] n=1 nearest={'cx': 311, 'cy': 202, 'w': 80, 'h': 9, 'area': 720, 'score': 0.6499999761581421} all=[{'cx': 311, 'cy': 202, 'w': 80, 'h': 9, 'area': 720, 'score': 0.6499999761581421}] event_idx=15[0m
[self_driving-10] [0m[INFO] [1782994443.289332269] [self_driving]: [CMD] n=3593 source=post_park_pause linear_x=0.00 linear_y=0.00 angular_z=0.00 state=PARK_PAUSE stop=False [0m
[self_driving-10] [0m[INFO] [1782994443.830850561] [self_driving]: [CMD] n=3601 source=post_park_pause linear_x=0.00 linear_y=0.00 angular_z=0.00 state=PARK_PAUSE stop=False [0m
[self_driving-10] [0m[INFO] [1782994443.984483130] [self_driving]: [OBJECTS] msg_count=633 n=1 names=['crosswalk'][0m
[self_driving-10] [0m[INFO] [1782994444.363316484] [self_driving]: [CMD] n=3609 source=post_park_pause linear_x=0.00 linear_y=0.00 angular_z=0.00 state=PARK_PAUSE stop=False [0m
[self_driving-10] [0m[INFO] [1782994444.659306904] [self_driving]: [OBJECTS] msg_count=642 n=1 names=['crosswalk'][0m
[self_driving-10] [0m[INFO] [1782994444.901191747] [self_driving]: [CMD] n=3617 source=post_park_pause linear_x=0.00 linear_y=0.00 angular_z=0.00 state=PARK_PAUSE stop=False [0m
[self_driving-10] [0m[INFO] [1782994445.012236053] [self_driving]: [CROSSWALK_METRIC] n=1 nearest={'cx': 311, 'cy': 203, 'w': 80, 'h': 8, 'area': 640, 'score': 0.6800000071525574} all=[{'cx': 311, 'cy': 203, 'w': 80, 'h': 8, 'area': 640, 'score': 0.6800000071525574}] event_idx=15[0m
[self_driving-10] [0m[INFO] [1782994445.350440493] [self_driving]: [OBJECTS] msg_count=652 n=1 names=['crosswalk'][0m
[self_driving-10] [0m[INFO] [1782994445.451779796] [self_driving]: [CMD] n=3625 source=post_park_pause linear_x=0.00 linear_y=0.00 angular_z=0.00 state=PARK_PAUSE stop=False [0m
[self_driving-10] [0m[INFO] [1782994445.971950289] [self_driving]: [CMD] n=3633 source=post_park_pause linear_x=0.00 linear_y=0.00 angular_z=0.00 state=PARK_PAUSE stop=False [0m
[self_driving-10] [0m[INFO] [1782994446.065437863] [self_driving]: [OBJECTS] msg_count=658 n=1 names=['crosswalk'][0m
[self_driving-10] [0m[INFO] [1782994446.509098287] [self_driving]: [CMD] n=3641 source=post_park_pause linear_x=0.00 linear_y=0.00 angular_z=0.00 state=PARK_PAUSE stop=False [0m
[self_driving-10] [0m[INFO] [1782994446.754654992] [self_driving]: [OBJECTS] msg_count=666 n=1 names=['crosswalk'][0m
[self_driving-10] [0m[INFO] [1782994446.756037485] [self_driving]: [CROSSWALK_METRIC] n=1 nearest={'cx': 310, 'cy': 203, 'w': 79, 'h': 8, 'area': 632, 'score': 0.7099999785423279} all=[{'cx': 310, 'cy': 203, 'w': 79, 'h': 8, 'area': 632, 'score': 0.7099999785423279}] event_idx=15[0m
[self_driving-10] [0m[INFO] [1782994446.775359249] [self_driving]: [IMAGE] received count=3637 shape=(480, 640, 3) queue=0[0m
[self_driving-10] [0m[INFO] [1782994447.050059760] [self_driving]: [CMD] n=3649 source=post_park_pause linear_x=0.00 linear_y=0.00 angular_z=0.00 state=PARK_PAUSE stop=False [0m
[self_driving-10] [0m[INFO] [1782994447.590017187] [self_driving]: [CMD] n=3657 source=post_park_pause linear_x=0.00 linear_y=0.00 angular_z=0.00 state=PARK_PAUSE stop=False [0m
[self_driving-10] [0m[INFO] [1782994447.812119503] [self_driving]: [OBJECTS] msg_count=672 n=1 names=['crosswalk'][0m
[self_driving-10] [0m[INFO] [1782994448.139773100] [self_driving]: [CMD] n=3665 source=post_park_pause linear_x=0.00 linear_y=0.00 angular_z=0.00 state=PARK_PAUSE stop=False [0m
[self_driving-10] [0m[INFO] [1782994448.491496758] [self_driving]: [OBJECTS] msg_count=674 n=1 names=['crosswalk'][0m
[self_driving-10] [0m[INFO] [1782994448.492781416] [self_driving]: [CROSSWALK_METRIC] n=1 nearest={'cx': 170, 'cy': 92, 'w': 107, 'h': 15, 'area': 1605, 'score': 0.2800000011920929} all=[{'cx': 170, 'cy': 92, 'w': 107, 'h': 15, 'area': 1605, 'score': 0.2800000011920929}] event_idx=15[0m
[self_driving-10] [0m[INFO] [1782994448.671593241] [self_driving]: [CMD] n=3673 source=post_park_pause linear_x=0.00 linear_y=0.00 angular_z=0.00 state=PARK_PAUSE stop=False [0m
[self_driving-10] [0m[INFO] [1782994449.139873045] [self_driving]: [OBJECTS] msg_count=676 n=1 names=['crosswalk'][0m
[self_driving-10] [0m[INFO] [1782994449.199634018] [self_driving]: [CMD] n=3681 source=post_park_pause linear_x=0.00 linear_y=0.00 angular_z=0.00 state=PARK_PAUSE stop=False [0m
[self_driving-10] [0m[INFO] [1782994449.734553406] [self_driving]: [CMD] n=3689 source=post_park_pause linear_x=0.00 linear_y=0.00 angular_z=0.00 state=PARK_PAUSE stop=False [0m
[self_driving-10] [0m[INFO] [1782994449.767283091] [self_driving]: [OBJECTS] msg_count=678 n=1 names=['crosswalk'][0m
[self_driving-10] [0m[INFO] [1782994450.246946874] [self_driving]: [CROSSWALK_METRIC] n=1 nearest={'cx': 170, 'cy': 92, 'w': 105, 'h': 15, 'area': 1575, 'score': 0.25999999046325684} all=[{'cx': 170, 'cy': 92, 'w': 105, 'h': 15, 'area': 1575, 'score': 0.25999999046325684}] event_idx=15[0m
[self_driving-10] [0m[INFO] [1782994450.289156079] [self_driving]: [CMD] n=3697 source=post_park_pause linear_x=0.00 linear_y=0.00 angular_z=0.00 state=PARK_PAUSE stop=False [0m
[self_driving-10] [0m[INFO] [1782994450.623798491] [self_driving]: [OBJECTS] msg_count=680 n=1 names=['crosswalk'][0m
[self_driving-10] [0m[INFO] [1782994450.804276736] [self_driving]: [CMD] n=3705 source=post_park_pause linear_x=0.00 linear_y=0.00 angular_z=0.00 state=PARK_PAUSE stop=False [0m
[self_driving-10] [0m[INFO] [1782994451.292464623] [self_driving]: [OBJECTS] msg_count=682 n=1 names=['crosswalk'][0m
[self_driving-10] [0m[INFO] [1782994451.359498173] [self_driving]: [CMD] n=3713 source=post_park_pause linear_x=0.00 linear_y=0.00 angular_z=0.00 state=PARK_PAUSE stop=False [0m
