[INFO] [launch]: All log files can be found below /home/ubuntu/.ros/log/2026-06-25-02-29-03-031011-raspberrypi-317103
[INFO] [launch]: Default logging verbosity is set to INFO
[INFO] [ascamera_node-1]: process started with pid [317119]
[INFO] [static_transform_publisher-2]: process started with pid [317121]
[INFO] [static_transform_publisher-3]: process started with pid [317123]
[INFO] [joint_state_publisher-4]: process started with pid [317125]
[INFO] [robot_state_publisher-5]: process started with pid [317127]
[INFO] [ros_robot_controller-6]: process started with pid [317129]
[INFO] [odom_publisher-7]: process started with pid [317131]
[INFO] [ekf_node-8]: process started with pid [317133]
[INFO] [yolo_detect-9]: process started with pid [317135]
[INFO] [self_driving-10]: process started with pid [317137]
[static_transform_publisher-2] [33m[WARN] [1782354543.808415131] []: Old-style arguments are deprecated; see --help for new-style arguments[0m
[static_transform_publisher-3] [33m[WARN] [1782354543.813308340] []: Old-style arguments are deprecated; see --help for new-style arguments[0m
[ascamera_node-1] [0m[INFO] [1782354543.828142972] [as_logger]: hello world angstrong camera ros2 node[0m
[static_transform_publisher-3] [0m[INFO] [1782354543.908386410] [static_transform_publisher_iJSmQ2b0ShrCa4BX]: Spinning until stopped - publishing transform
[static_transform_publisher-3] translation: ('0.000000', '0.000000', '0.000000')
[static_transform_publisher-3] rotation: ('-0.500000', '0.499602', '-0.500000', '0.500398')
[static_transform_publisher-3] from 'depth_cam' to 'ascamera_color_0'[0m
[static_transform_publisher-2] [0m[INFO] [1782354543.913714311] [static_transform_publisher_mUwzGGXowq4CgHnV]: Spinning until stopped - publishing transform
[static_transform_publisher-2] translation: ('0.000000', '0.000000', '0.000000')
[static_transform_publisher-2] rotation: ('-0.500000', '0.499602', '-0.500000', '0.500398')
[static_transform_publisher-2] from 'depth_cam' to 'ascamera_camera_link_0'[0m
[robot_state_publisher-5] [0m[INFO] [1782354543.917895975] [robot_state_publisher]: got segment base_footprint[0m
[robot_state_publisher-5] [0m[INFO] [1782354543.918056606] [robot_state_publisher]: got segment base_link[0m
[robot_state_publisher-5] [0m[INFO] [1782354543.918076625] [robot_state_publisher]: got segment depth_cam[0m
[robot_state_publisher-5] [0m[INFO] [1782354543.918087329] [robot_state_publisher]: got segment imu_link[0m
[robot_state_publisher-5] [0m[INFO] [1782354543.918096125] [robot_state_publisher]: got segment lidar_frame[0m
[robot_state_publisher-5] [0m[INFO] [1782354543.918105811] [robot_state_publisher]: got segment wheel_lb_Link[0m
[robot_state_publisher-5] [0m[INFO] [1782354543.918115070] [robot_state_publisher]: got segment wheel_lf_Link[0m
[robot_state_publisher-5] [0m[INFO] [1782354543.918125570] [robot_state_publisher]: got segment wheel_rb_Link[0m
[robot_state_publisher-5] [0m[INFO] [1782354543.918135404] [robot_state_publisher]: got segment wheel_rf_Link[0m
[ascamera_node-1] 2026-06-25 02:29:03[INFO] [CameraPublisher.cpp] [1558] [printLaunchParams] get depth_width 640
[ascamera_node-1] 2026-06-25 02:29:03[INFO] [CameraPublisher.cpp] [1559] [printLaunchParams] get depth_height 480
[ascamera_node-1] 2026-06-25 02:29:03[INFO] [CameraPublisher.cpp] [1561] [printLaunchParams] get rgb_width 640
[ascamera_node-1] 2026-06-25 02:29:03[INFO] [CameraPublisher.cpp] [1562] [printLaunchParams] get rgb_height 480
[ascamera_node-1] 2026-06-25 02:29:03[INFO] [CameraPublisher.cpp] [1570] [printLaunchParams] get set_fps 15
[ascamera_node-1] 2026-06-25 02:29:03[INFO] [CameraPublisher.cpp] [1578] [printLaunchParams] get color_pcl 1
[ascamera_node-1] 2026-06-25 02:29:03[INFO] [CameraPublisher.cpp] [1582] [printLaunchParams] get pub_tfTree 1
[ascamera_node-1] 2026-06-25 02:29:03[INFO] [CameraSrv.cpp] [35] [CameraSrv] Angstrong camera server
[ascamera_node-1] 2026-06-25 02:29:03[INFO] [CameraSrv.cpp] [45] [CameraSrv] Angstrong camera sdk version:v1.2.22.20240516
[joint_state_publisher-4] [0m[INFO] [1782354544.756747084] [joint_state_publisher]: Waiting for robot_description to be published on the robot_description topic...[0m
[odom_publisher-7] [0m[INFO] [1782354544.883099510] [odom_publisher]: [1;32m0.930000 1.010000[0m[0m
[odom_publisher-7] [0m[INFO] [1782354544.908538868] [odom_publisher]: [1;32mstart[0m[0m
[ascamera_node-1] 2026-06-25 02:29:04[INFO] [CameraSrv.cpp] [114] [onAttached] attached
[ascamera_node-1] 2026-06-25 02:29:04[INFO] [CameraSrv.cpp] [145] [onAttached] this is a new attach device, create and open it
[ros_robot_controller-6] [0m[INFO] [1782354545.181402582] [ros_robot_controller]: 已设置舵机 1 的偏移量为 0[0m
[ros_robot_controller-6] [0m[INFO] [1782354545.182999509] [ros_robot_controller]: 已设置舵机 2 的偏移量为 0[0m
[ros_robot_controller-6] [0m[INFO] [1782354545.183875909] [ros_robot_controller]: 已设置舵机 3 的偏移量为 4[0m
[ros_robot_controller-6] [0m[INFO] [1782354545.184886718] [ros_robot_controller]: 已设置舵机 4 的偏移量为 0[0m
[ros_robot_controller-6] [0m[INFO] [1782354545.189385775] [ros_robot_controller]: [1;32mstart[0m[0m
[ascamera_node-1] 2026-06-25 02:29:06[INFO] [CameraSrv.cpp] [154] [onAttached] get model type 9
[ascamera_node-1] 2026-06-25 02:29:06[INFO] [CameraSrv.cpp] [342] [getConfigFile] get file: /home/ubuntu/third_party_ros2/third_party_ws/src/ascamera/configurationfiles/hp60c_v2_00_20230704_configEncrypt.json
[ascamera_node-1] 2026-06-25 02:29:06[INFO] [CameraPublisher.cpp] [1501] [logCameraPathInfo] usb camera
[ascamera_node-1] 2026-06-25 02:29:06[INFO] [CameraPublisher.cpp] [1502] [logCameraPathInfo] bnum:1
[ascamera_node-1] 2026-06-25 02:29:06[INFO] [CameraPublisher.cpp] [1503] [logCameraPathInfo] dnum:3
[ascamera_node-1] 2026-06-25 02:29:06[INFO] [CameraPublisher.cpp] [1504] [logCameraPathInfo] port_numbers:2
[ascamera_node-1] 2026-06-25 02:29:06[INFO] [CameraPublisher.cpp] [171] [onCameraAttached] create a new publisher info set
[ascamera_node-1] 2026-06-25 02:29:06[INFO] [TfTreeFrameIdInfo.cpp] [11] [TfTreeFrameIdInfo] Namespace /ascamera
[ascamera_node-1] 2026-06-25 02:29:06[INFO] [CameraHp60c.cpp] [128] [open] according to the configuration file.
[ascamera_node-1] 2026-06-25 02:29:06[INFO] [CameraHp60c.cpp] [1528] [parseConfigFileParameter] moduleName:AS_CAM_HP60C
[ascamera_node-1] 2026-06-25 02:29:06[INFO] [CameraHp60c.cpp] [1555] [parseConfigFileParameter] Parsing config file /home/ubuntu/third_party_ros2/third_party_ws/src/ascamera/configurationfiles/hp60c_v2_00_20230704_configEncrypt.json
[ascamera_node-1] 2026-06-25 02:29:06[INFO] [CameraHp60c.cpp] [1620] [parseConfigFileParameter] configuration protocol Version: v2.x
[ascamera_node-1] 2026-06-25 02:29:06[INFO] [CameraHp60c.cpp] [1631] [parseConfigFileParameter] configuration Version: v2.0.0.20230704
[ascamera_node-1] 2026-06-25 02:29:06[INFO] [CameraHp60c.cpp] [1796] [setParamersAfterOpenCam] Camera confiParaEnable true, setting configuration parameter
[ascamera_node-1] 2026-06-25 02:29:07[ERROR] [XuCmdCameraHp60c.cpp] [454] [getMjpegSize] get mjpeg from xu command failed
[ascamera_node-1] 2026-06-25 02:29:07[INFO] [XuCmdCameraHp60c.cpp] [458] [getMjpegSize] mjpeg size:640x480
[ascamera_node-1] 2026-06-25 02:29:07[INFO] [CameraPublisher.cpp] [356] [onCameraOpen] camera opened
[ascamera_node-1] 2026-06-25 02:29:07[INFO] [CameraPublisher.cpp] [370] [onCameraOpen] get config info, ret 0, is_Registration 1
[ascamera_node-1] 2026-06-25 02:29:07[INFO] [Camera.cpp] [61] [init] #camera[0x5555a8d6e710] SN[ASC60CF08000515]'s firmware version:DLS_VERc20865=:V01.09_2024110714:V01.19_2024110714:L01
[ascamera_node-1] 2026-06-25 02:29:07[INFO] [CameraPublisher.cpp] [1183] [setResolution] set depth resolution: 640 x 480 @ 15fps
[ascamera_node-1] 2026-06-25 02:29:07[INFO] [CameraPublisher.cpp] [1197] [setResolution] set rgb resolution: 640 x 480 @ 15fps
[ascamera_node-1] 2026-06-25 02:29:07[INFO] [CameraHp60c.cpp] [260] [startStreaming] start streaming
[ascamera_node-1] 2026-06-25 02:29:07[INFO] [CameraSrv.cpp] [202] [onAttached] attached end
[ascamera_node-1] 2026-06-25 02:29:08[INFO] [CameraHp60c.cpp] [279] [stopStreaming] stop streaming
[INFO] [apply_calib-11]: process started with pid [317297]
[INFO] [complementary_filter_node-12]: process started with pid [317299]
[complementary_filter_node-12] [0m[INFO] [1782354548.839099521] [imu_filter]: Starting ComplementaryFilterROS[0m
[apply_calib-11] [0m[INFO] [1782354549.496678415] [imu_calib]: Calibrating gyros; do not move the IMU[0m
[yolo_detect-9] [0m[INFO] [1782354551.118055653] [yolov5_ros2]: Current ROS 2 distribution: humble[0m
[apply_calib-11] [0m[INFO] [1782354551.525214136] [imu_calib]: Gyro calibration complete! (bias = [-0.012, 0.027, -0.000])[0m
[self_driving-10] [0m[INFO] [1782354553.096367611] [self_driving]: [1;32mself driving enter[0m[0m
[self_driving-10] [0m[INFO] [1782354553.107931830] [self_driving]: [1;32mset_running[0m[0m
[self_driving-10] [0m[INFO] [1782354553.111603524] [self_driving]: [1;32mstart[0m[0m
[ascamera_node-1] 2026-06-25 02:29:13[INFO] [CameraHp60c.cpp] [260] [startStreaming] start streaming
[ascamera_node-1] 2026-06-25 02:29:14[INFO] [CameraHp60c.cpp] [912] [setInternalParameter] mjpeg info: size(640x480)
[ascamera_node-1] 2026-06-25 02:29:15[INFO] [CameraHp60c.cpp] [1149] [streamCallback] set gain ret 0, gain 4
[ascamera_node-1] 2026-06-25 02:29:15[INFO] [Camera.cpp] [127] [backgroundThread] SN [ ASC60CF08000515 ]'s parameter:
[ascamera_node-1] 2026-06-25 02:29:15[INFO] [Camera.cpp] [128] [backgroundThread] irfx: 426.962
[ascamera_node-1] 2026-06-25 02:29:15[INFO] [Camera.cpp] [129] [backgroundThread] irfy: 426.374
[ascamera_node-1] 2026-06-25 02:29:15[INFO] [Camera.cpp] [130] [backgroundThread] ircx: 315.403
[ascamera_node-1] 2026-06-25 02:29:15[INFO] [Camera.cpp] [131] [backgroundThread] ircy: 240.933
[ascamera_node-1] 2026-06-25 02:29:15[INFO] [Camera.cpp] [132] [backgroundThread] rgbfx: 570.48
[ascamera_node-1] 2026-06-25 02:29:15[INFO] [Camera.cpp] [133] [backgroundThread] rgbfy: 569.949
[ascamera_node-1] 2026-06-25 02:29:15[INFO] [Camera.cpp] [134] [backgroundThread] rgbcx: 329.75
[ascamera_node-1] 2026-06-25 02:29:15[INFO] [Camera.cpp] [135] [backgroundThread] rgbcy: 238.406
[ascamera_node-1] 
[self_driving-10] [0m[INFO] [1782354555.901686379] [self_driving]: [1;33m0[0m[0m
[self_driving-10] [0m[INFO] [1782354555.909380030] [self_driving]: [1;33m0[0m[0m
[self_driving-10] [0m[INFO] [1782354555.942432868] [self_driving]: [1;33m0[0m[0m
[self_driving-10] [0m[INFO] [1782354555.969029514] [self_driving]: [1;33m0[0m[0m
[self_driving-10] [0m[INFO] [1782354556.051479282] [self_driving]: [1;33m0[0m[0m
[self_driving-10] [0m[INFO] [1782354556.117320046] [self_driving]: [1;33m0[0m[0m
[self_driving-10] [0m[INFO] [1782354556.173177185] [self_driving]: [1;33m0[0m[0m
[self_driving-10] [0m[INFO] [1782354556.255796954] [self_driving]: [1;33m0[0m[0m
[self_driving-10] [0m[INFO] [1782354556.316894400] [self_driving]: [1;33m0[0m[0m
[self_driving-10] [0m[INFO] [1782354556.381506334] [self_driving]: [1;33m0[0m[0m
[self_driving-10] [0m[INFO] [1782354556.446565051] [self_driving]: [1;33m0[0m[0m
[self_driving-10] [0m[INFO] [1782354556.528096899] [self_driving]: [1;33m0[0m[0m
[self_driving-10] [0m[INFO] [1782354556.584807772] [self_driving]: [1;33m0[0m[0m
[self_driving-10] [0m[INFO] [1782354556.650765908] [self_driving]: [1;33m0[0m[0m
[self_driving-10] [0m[INFO] [1782354556.710377298] [self_driving]: [1;33m0[0m[0m
[self_driving-10] [0m[INFO] [1782354556.786638710] [self_driving]: [1;33m0[0m[0m
[self_driving-10] [0m[INFO] [1782354556.850764656] [self_driving]: [1;33m0[0m[0m
[self_driving-10] [0m[INFO] [1782354556.935208670] [self_driving]: [1;33m0[0m[0m
[self_driving-10] [0m[INFO] [1782354556.989868888] [self_driving]: [1;33m0[0m[0m
[self_driving-10] [0m[INFO] [1782354557.055312072] [self_driving]: [1;33m0[0m[0m
[self_driving-10] [0m[INFO] [1782354557.112563376] [self_driving]: [1;33m0[0m[0m
[self_driving-10] [0m[INFO] [1782354557.176561950] [self_driving]: [1;33m0[0m[0m
[self_driving-10] [0m[INFO] [1782354557.284792240] [self_driving]: [1;33m0[0m[0m
[self_driving-10] [0m[INFO] [1782354557.328021018] [self_driving]: [1;33m0[0m[0m
[self_driving-10] [0m[INFO] [1782354557.394813367] [self_driving]: [1;33m0[0m[0m
[self_driving-10] [0m[INFO] [1782354557.455731217] [self_driving]: [1;33m0[0m[0m
[self_driving-10] [0m[INFO] [1782354557.515212753] [self_driving]: [1;33m0[0m[0m
[self_driving-10] [0m[INFO] [1782354557.591015270] [self_driving]: [1;33m0[0m[0m
[self_driving-10] [0m[INFO] [1782354557.682648113] [self_driving]: [1;33m0[0m[0m
[self_driving-10] [0m[INFO] [1782354557.738528197] [self_driving]: [1;33m0[0m[0m
[self_driving-10] [0m[INFO] [1782354557.790697975] [self_driving]: [1;33m0[0m[0m
[self_driving-10] [0m[INFO] [1782354557.865116252] [self_driving]: [1;33m0[0m[0m
[self_driving-10] [0m[INFO] [1782354557.914378809] [self_driving]: [1;33m0[0m[0m
[self_driving-10] [0m[INFO] [1782354557.989100220] [self_driving]: [1;33m0[0m[0m
[self_driving-10] [0m[INFO] [1782354558.082924663] [self_driving]: [1;33m0[0m[0m
[self_driving-10] [0m[INFO] [1782354558.152443731] [self_driving]: [1;33m0[0m[0m
[self_driving-10] [0m[INFO] [1782354558.235865378] [self_driving]: [1;33m0[0m[0m
[self_driving-10] [0m[INFO] [1782354558.301733455] [self_driving]: [1;33m0[0m[0m
[self_driving-10] [0m[INFO] [1782354558.393519799] [self_driving]: [1;33m0[0m[0m
[self_driving-10] [0m[INFO] [1782354558.469560447] [self_driving]: [1;33m0[0m[0m
[self_driving-10] [0m[INFO] [1782354558.538841326] [self_driving]: [1;33m0[0m[0m
[self_driving-10] [0m[INFO] [1782354558.600383146] [self_driving]: [1;33m0[0m[0m
[self_driving-10] [0m[INFO] [1782354558.665078635] [self_driving]: [1;33m0[0m[0m
[self_driving-10] [0m[INFO] [1782354558.766895418] [self_driving]: [1;33m0[0m[0m
[self_driving-10] [0m[INFO] [1782354558.843294386] [self_driving]: [1;33m0[0m[0m
[self_driving-10] [0m[INFO] [1782354558.912970659] [self_driving]: [1;33m0[0m[0m
[self_driving-10] [0m[INFO] [1782354558.990614383] [self_driving]: [1;33m0[0m[0m
[self_driving-10] [0m[INFO] [1782354559.120807998] [self_driving]: [1;33m0[0m[0m
[self_driving-10] [0m[INFO] [1782354559.160464953] [self_driving]: [1;33m0[0m[0m
[self_driving-10] [0m[INFO] [1782354559.249308222] [self_driving]: [1;33m0[0m[0m
[self_driving-10] [0m[INFO] [1782354559.308213416] [self_driving]: [1;33m0[0m[0m
[self_driving-10] [0m[INFO] [1782354559.393225193] [self_driving]: [1;33m0[0m[0m
[self_driving-10] [0m[INFO] [1782354559.504956524] [self_driving]: [1;33m0[0m[0m
[self_driving-10] [0m[INFO] [1782354559.562347829] [self_driving]: [1;33m0[0m[0m
[self_driving-10] [0m[INFO] [1782354559.647438663] [self_driving]: [1;33m0[0m[0m
[self_driving-10] [0m[INFO] [1782354559.728766153] [self_driving]: [1;33m0[0m[0m
[self_driving-10] [0m[INFO] [1782354559.810499890] [self_driving]: [1;33m0[0m[0m
[self_driving-10] [0m[INFO] [1782354559.897859085] [self_driving]: [1;33m0[0m[0m
[self_driving-10] [0m[INFO] [1782354559.973109408] [self_driving]: [1;33m0[0m[0m
[self_driving-10] [0m[INFO] [1782354560.051515084] [self_driving]: [1;33m0[0m[0m
[self_driving-10] [0m[INFO] [1782354560.139752918] [self_driving]: [1;33m0[0m[0m
[self_driving-10] [0m[INFO] [1782354560.217806960] [self_driving]: [1;33m0[0m[0m
[self_driving-10] [0m[INFO] [1782354560.291613430] [self_driving]: [1;33m0[0m[0m
[self_driving-10] [0m[INFO] [1782354560.364562871] [self_driving]: [1;33m0[0m[0m
[self_driving-10] [0m[INFO] [1782354560.454261335] [self_driving]: [1;33m0[0m[0m
[self_driving-10] [0m[INFO] [1782354560.584313040] [self_driving]: [1;33m0[0m[0m
[self_driving-10] [0m[INFO] [1782354560.613195824] [self_driving]: [1;33m0[0m[0m
[self_driving-10] [0m[INFO] [1782354560.703269163] [self_driving]: [1;33m0[0m[0m
[self_driving-10] [0m[INFO] [1782354560.759518860] [self_driving]: [1;33m0[0m[0m
[self_driving-10] [0m[INFO] [1782354560.868437173] [self_driving]: [1;33m0[0m[0m
[self_driving-10] [0m[INFO] [1782354560.958190619] [self_driving]: [1;33m0[0m[0m
[self_driving-10] [0m[INFO] [1782354561.019674974] [self_driving]: [1;33m0[0m[0m
[self_driving-10] [0m[INFO] [1782354561.085463659] [self_driving]: [1;33m0[0m[0m
[self_driving-10] [0m[INFO] [1782354561.181692665] [self_driving]: [1;33m0[0m[0m
[self_driving-10] [0m[INFO] [1782354561.268566204] [self_driving]: [1;33m0[0m[0m
[self_driving-10] [0m[INFO] [1782354561.349672282] [self_driving]: [1;33m0[0m[0m
[self_driving-10] [0m[INFO] [1782354561.431132421] [self_driving]: [1;33m0[0m[0m
[self_driving-10] [0m[INFO] [1782354561.502026502] [self_driving]: [1;33m0[0m[0m
[self_driving-10] [0m[INFO] [1782354561.583805663] [self_driving]: [1;33m0[0m[0m
[self_driving-10] [0m[INFO] [1782354561.675402908] [self_driving]: [1;33m0[0m[0m
[self_driving-10] [0m[INFO] [1782354561.755542401] [self_driving]: [1;33m0[0m[0m
[self_driving-10] [0m[INFO] [1782354561.824125880] [self_driving]: [1;33m0[0m[0m
[self_driving-10] [0m[INFO] [1782354561.914615408] [self_driving]: [1;33m0[0m[0m
[self_driving-10] [0m[INFO] [1782354562.013503262] [self_driving]: [1;33m0[0m[0m
[self_driving-10] [0m[INFO] [1782354562.075596863] [self_driving]: [1;33m0[0m[0m
[self_driving-10] [0m[INFO] [1782354562.147770552] [self_driving]: [1;33m0[0m[0m
[self_driving-10] [0m[INFO] [1782354562.226209356] [self_driving]: [1;33m0[0m[0m
[self_driving-10] [0m[INFO] [1782354562.296926694] [self_driving]: [1;33m0[0m[0m
[self_driving-10] [0m[INFO] [1782354562.401953956] [self_driving]: [1;33m0[0m[0m
[self_driving-10] [0m[INFO] [1782354562.470708714] [self_driving]: [1;33m0[0m[0m
[self_driving-10] [0m[INFO] [1782354562.547636351] [self_driving]: [1;33m0[0m[0m
[self_driving-10] [0m[INFO] [1782354562.622149439] [self_driving]: [1;33m0[0m[0m
[self_driving-10] [0m[INFO] [1782354562.730786209] [self_driving]: [1;33m0[0m[0m
[self_driving-10] [0m[INFO] [1782354562.782545720] [self_driving]: [1;33m0[0m[0m
[self_driving-10] [0m[INFO] [1782354562.876646273] [self_driving]: [1;33m0[0m[0m
[self_driving-10] [0m[INFO] [1782354562.958071576] [self_driving]: [1;33m0[0m[0m
[self_driving-10] [0m[INFO] [1782354563.038771648] [self_driving]: [1;33m0[0m[0m
[self_driving-10] [0m[INFO] [1782354563.122687074] [self_driving]: [1;33m0[0m[0m
[self_driving-10] [0m[INFO] [1782354563.188848855] [self_driving]: [1;33m0[0m[0m
[self_driving-10] [0m[INFO] [1782354563.275239422] [self_driving]: [1;33m0[0m[0m
[self_driving-10] [0m[INFO] [1782354563.349467914] [self_driving]: [1;33m0[0m[0m
[self_driving-10] [0m[INFO] [1782354563.455959396] [self_driving]: [1;33m0[0m[0m
[self_driving-10] [0m[INFO] [1782354563.523725141] [self_driving]: [1;33m0[0m[0m
[self_driving-10] [0m[INFO] [1782354563.596640172] [self_driving]: [1;33m0[0m[0m
[self_driving-10] [0m[INFO] [1782354563.667767773] [self_driving]: [1;33m0[0m[0m
[self_driving-10] [0m[INFO] [1782354563.752430949] [self_driving]: [1;33m0[0m[0m
[self_driving-10] [0m[INFO] [1782354563.842865307] [self_driving]: [1;33m0[0m[0m
[self_driving-10] [0m[INFO] [1782354563.926415636] [self_driving]: [1;33m0[0m[0m
[self_driving-10] [0m[INFO] [1782354564.004344544] [self_driving]: [1;33m0[0m[0m
[self_driving-10] [0m[INFO] [1782354564.084340235] [self_driving]: [1;33m0[0m[0m
[self_driving-10] [0m[INFO] [1782354564.185084868] [self_driving]: [1;33m0[0m[0m
[self_driving-10] [0m[INFO] [1782354564.208539342] [self_driving]: [1;33m0[0m[0m
[self_driving-10] [0m[INFO] [1782354564.253778753] [self_driving]: [1;33m0[0m[0m
[self_driving-10] [0m[INFO] [1782354564.322699641] [self_driving]: [1;33m0[0m[0m
[self_driving-10] [0m[INFO] [1782354564.419766672] [self_driving]: [1;33m0[0m[0m
[self_driving-10] [0m[INFO] [1782354564.479424705] [self_driving]: [1;33m0[0m[0m
[self_driving-10] [0m[INFO] [1782354564.523954829] [self_driving]: [1;33m0[0m[0m
[self_driving-10] [0m[INFO] [1782354564.603639294] [self_driving]: [1;33m0[0m[0m
[self_driving-10] [0m[INFO] [1782354564.669374161] [self_driving]: [1;33m0[0m[0m
[self_driving-10] [0m[INFO] [1782354564.753720351] [self_driving]: [1;33m0[0m[0m
[self_driving-10] [0m[INFO] [1782354564.796477916] [self_driving]: [1;33m0[0m[0m
[self_driving-10] [0m[INFO] [1782354564.862179134] [self_driving]: [1;33m0[0m[0m
[self_driving-10] [0m[INFO] [1782354564.942381365] [self_driving]: [1;33m0[0m[0m
[self_driving-10] [0m[INFO] [1782354564.999242085] [self_driving]: [1;33m0[0m[0m
[self_driving-10] [0m[INFO] [1782354565.098913815] [self_driving]: [1;33m0[0m[0m
[self_driving-10] [0m[INFO] [1782354565.140076970] [self_driving]: [1;33m0[0m[0m
[self_driving-10] [0m[INFO] [1782354565.211528611] [self_driving]: [1;33m0[0m[0m
[self_driving-10] [0m[INFO] [1782354565.277233940] [self_driving]: [1;33m0[0m[0m
[self_driving-10] [0m[INFO] [1782354565.345062887] [self_driving]: [1;33m0[0m[0m
[self_driving-10] [0m[INFO] [1782354565.410091412] [self_driving]: [1;33m0[0m[0m
[self_driving-10] [0m[INFO] [1782354565.489056626] [self_driving]: [1;33m0[0m[0m
[self_driving-10] [0m[INFO] [1782354565.546914766] [self_driving]: [1;33m0[0m[0m
[self_driving-10] [0m[INFO] [1782354565.607063915] [self_driving]: [1;33m0[0m[0m
[self_driving-10] [0m[INFO] [1782354565.680580322] [self_driving]: [1;33m0[0m[0m
[self_driving-10] [0m[INFO] [1782354565.745210767] [self_driving]: [1;33m0[0m[0m
[self_driving-10] [0m[INFO] [1782354565.829971331] [self_driving]: [1;33m0[0m[0m
[self_driving-10] [0m[INFO] [1782354565.879764556] [self_driving]: [1;33m0[0m[0m
[self_driving-10] [0m[INFO] [1782354565.951770055] [self_driving]: [1;33m0[0m[0m
[self_driving-10] [0m[INFO] [1782354566.001693226] [self_driving]: [1;33m0[0m[0m
[self_driving-10] [0m[INFO] [1782354566.077165656] [self_driving]: [1;33m0[0m[0m
[self_driving-10] [0m[INFO] [1782354566.150211723] [self_driving]: [1;33m0[0m[0m
[self_driving-10] [0m[INFO] [1782354566.233557176] [self_driving]: [1;33m0[0m[0m
[self_driving-10] [0m[INFO] [1782354566.278474618] [self_driving]: [1;33m0[0m[0m
[self_driving-10] [0m[INFO] [1782354566.347386874] [self_driving]: [1;33m0[0m[0m
[self_driving-10] [0m[INFO] [1782354566.425360039] [self_driving]: [1;33m0[0m[0m
[self_driving-10] [0m[INFO] [1782354566.490646473] [self_driving]: [1;33m0[0m[0m
[self_driving-10] [0m[INFO] [1782354566.548659224] [self_driving]: [1;33m0[0m[0m
[self_driving-10] [0m[INFO] [1782354566.625246390] [self_driving]: [1;33m0[0m[0m
[self_driving-10] [0m[INFO] [1782354566.688743358] [self_driving]: [1;33m0[0m[0m
[self_driving-10] [0m[INFO] [1782354566.760053125] [self_driving]: [1;33m0[0m[0m
[self_driving-10] [0m[INFO] [1782354566.810289966] [self_driving]: [1;33m0[0m[0m
[self_driving-10] [0m[INFO] [1782354566.880434756] [self_driving]: [1;33m0[0m[0m
[self_driving-10] [0m[INFO] [1782354566.969003292] [self_driving]: [1;33m0[0m[0m
[self_driving-10] [0m[INFO] [1782354567.022240336] [self_driving]: [1;33m0[0m[0m
[self_driving-10] [0m[INFO] [1782354567.085998751] [self_driving]: [1;33m0[0m[0m
[self_driving-10] [0m[INFO] [1782354567.157220627] [self_driving]: [1;33m0[0m[0m
[self_driving-10] [0m[INFO] [1782354567.223975597] [self_driving]: [1;33m0[0m[0m
[self_driving-10] [0m[INFO] [1782354567.296638084] [self_driving]: [1;33m0[0m[0m
[self_driving-10] [0m[INFO] [1782354567.367357751] [self_driving]: [1;33m0[0m[0m
[self_driving-10] [0m[INFO] [1782354567.428390113] [self_driving]: [1;33m0[0m[0m
[self_driving-10] [0m[INFO] [1782354567.486456643] [self_driving]: [1;33m0[0m[0m
[self_driving-10] [0m[INFO] [1782354567.551766298] [self_driving]: [1;33m0[0m[0m
[self_driving-10] [0m[INFO] [1782354567.617114158] [self_driving]: [1;33m0[0m[0m
[self_driving-10] [0m[INFO] [1782354567.704912276] [self_driving]: [1;33m0[0m[0m
[self_driving-10] [0m[INFO] [1782354567.757445552] [self_driving]: [1;33m0[0m[0m
[self_driving-10] [0m[INFO] [1782354567.821906086] [self_driving]: [1;33m0[0m[0m
[self_driving-10] [0m[INFO] [1782354567.905376928] [self_driving]: [1;33m0[0m[0m
[self_driving-10] [0m[INFO] [1782354567.951238252] [self_driving]: [1;33m0[0m[0m
[self_driving-10] [0m[INFO] [1782354568.047208377] [self_driving]: [1;33m0[0m[0m
[self_driving-10] [0m[INFO] [1782354568.111260072] [self_driving]: [1;33m0[0m[0m
[self_driving-10] [0m[INFO] [1782354568.169812107] [self_driving]: [1;33m0[0m[0m
[self_driving-10] [0m[INFO] [1782354568.232593934] [self_driving]: [1;33m0[0m[0m
[self_driving-10] [0m[INFO] [1782354568.294197265] [self_driving]: [1;33m0[0m[0m
[self_driving-10] [0m[INFO] [1782354568.364557094] [self_driving]: [1;33m0[0m[0m
[self_driving-10] [0m[INFO] [1782354568.444515058] [self_driving]: [1;33m0[0m[0m
[self_driving-10] [0m[INFO] [1782354568.507666261] [self_driving]: [1;33m0[0m[0m
[self_driving-10] [0m[INFO] [1782354568.576495755] [self_driving]: [1;33m0[0m[0m
[self_driving-10] [0m[INFO] [1782354568.644623074] [self_driving]: [1;33m0[0m[0m
[self_driving-10] [0m[INFO] [1782354568.703196109] [self_driving]: [1;33m0[0m[0m
[self_driving-10] [0m[INFO] [1782354568.779457213] [self_driving]: [1;33m0[0m[0m
[self_driving-10] [0m[INFO] [1782354568.841416234] [self_driving]: [1;33m0[0m[0m
[self_driving-10] [0m[INFO] [1782354568.907583159] [self_driving]: [1;33m0[0m[0m
[self_driving-10] [0m[INFO] [1782354568.975362011] [self_driving]: [1;33m0[0m[0m
[self_driving-10] [0m[INFO] [1782354569.041222320] [self_driving]: [1;33m0[0m[0m
[self_driving-10] [0m[INFO] [1782354569.101282243] [self_driving]: [1;33m0[0m[0m
[self_driving-10] [0m[INFO] [1782354569.187432042] [self_driving]: [1;33m0[0m[0m
[self_driving-10] [0m[INFO] [1782354569.235364538] [self_driving]: [1;33m0[0m[0m
[self_driving-10] [0m[INFO] [1782354569.312526282] [self_driving]: [1;33m0[0m[0m
[self_driving-10] [0m[INFO] [1782354569.373357955] [self_driving]: [1;33m0[0m[0m
[self_driving-10] [0m[INFO] [1782354569.464984192] [self_driving]: [1;33m0[0m[0m
[self_driving-10] [0m[INFO] [1782354569.515514257] [self_driving]: [1;33m0[0m[0m
[self_driving-10] [0m[INFO] [1782354569.571343720] [self_driving]: [1;33m0[0m[0m
[self_driving-10] [0m[INFO] [1782354569.639655615] [self_driving]: [1;33m0[0m[0m
[self_driving-10] [0m[INFO] [1782354569.721367489] [self_driving]: [1;33m0[0m[0m
[self_driving-10] [0m[INFO] [1782354569.789147136] [self_driving]: [1;33m0[0m[0m
[self_driving-10] [0m[INFO] [1782354569.857344530] [self_driving]: [1;33m0[0m[0m
[self_driving-10] [0m[INFO] [1782354569.904333477] [self_driving]: [1;33m0[0m[0m
[self_driving-10] [0m[INFO] [1782354569.973376733] [self_driving]: [1;33m0[0m[0m
[self_driving-10] [0m[INFO] [1782354570.050596477] [self_driving]: [1;33m0[0m[0m
[self_driving-10] [0m[INFO] [1782354570.132095217] [self_driving]: [1;33m0[0m[0m
[self_driving-10] [0m[INFO] [1782354570.190096337] [self_driving]: [1;33m0[0m[0m
[self_driving-10] [0m[INFO] [1782354570.247119536] [self_driving]: [1;33m0[0m[0m
[self_driving-10] [0m[INFO] [1782354570.306457746] [self_driving]: [1;33m0[0m[0m
[self_driving-10] [0m[INFO] [1782354570.378329776] [self_driving]: [1;33m0[0m[0m
[self_driving-10] [0m[INFO] [1782354570.466918011] [self_driving]: [1;33m0[0m[0m
[self_driving-10] [0m[INFO] [1782354570.525244930] [self_driving]: [1;33m0[0m[0m
[self_driving-10] [0m[INFO] [1782354570.590035762] [self_driving]: [1;33m0[0m[0m
[self_driving-10] [0m[INFO] [1782354570.654245698] [self_driving]: [1;33m0[0m[0m
[self_driving-10] [0m[INFO] [1782354570.724023610] [self_driving]: [1;33m0[0m[0m
[self_driving-10] [0m[INFO] [1782354570.803251064] [self_driving]: [1;33m0[0m[0m
[self_driving-10] [0m[INFO] [1782354570.842220357] [self_driving]: [1;33m0[0m[0m
[self_driving-10] [0m[INFO] [1782354570.928076429] [self_driving]: [1;33m0[0m[0m
[self_driving-10] [0m[INFO] [1782354570.994811396] [self_driving]: [1;33m0[0m[0m
[self_driving-10] [0m[INFO] [1782354571.062482188] [self_driving]: [1;33m0[0m[0m
[self_driving-10] [0m[INFO] [1782354571.118670618] [self_driving]: [1;32mcrosswalk[0m[0m
[self_driving-10] [0m[INFO] [1782354571.123160117] [self_driving]: [1;33m85[0m[0m
[self_driving-10] [0m[INFO] [1782354571.199084326] [self_driving]: [1;33m85[0m[0m
[self_driving-10] [0m[INFO] [1782354571.253120340] [self_driving]: [1;33m85[0m[0m
[self_driving-10] [0m[INFO] [1782354571.334534171] [self_driving]: [1;33m85[0m[0m
[self_driving-10] [0m[INFO] [1782354571.400643408] [self_driving]: [1;33m85[0m[0m
[self_driving-10] [0m[INFO] [1782354571.448472253] [self_driving]: [1;33m85[0m[0m
[self_driving-10] [0m[INFO] [1782354571.525210249] [self_driving]: [1;33m85[0m[0m
[self_driving-10] [0m[INFO] [1782354571.592422851] [self_driving]: [1;33m85[0m[0m
[self_driving-10] [0m[INFO] [1782354571.656363820] [self_driving]: [1;33m85[0m[0m
[self_driving-10] [0m[INFO] [1782354571.729921870] [self_driving]: [1;33m85[0m[0m
[self_driving-10] [0m[INFO] [1782354571.790844598] [self_driving]: [1;33m85[0m[0m
[self_driving-10] [0m[INFO] [1782354571.876063587] [self_driving]: [1;33m85[0m[0m
[self_driving-10] [0m[INFO] [1782354571.920838617] [self_driving]: [1;33m85[0m[0m
[self_driving-10] [0m[INFO] [1782354572.001412661] [self_driving]: [1;33m85[0m[0m
[self_driving-10] [0m[INFO] [1782354572.066527828] [self_driving]: [1;33m85[0m[0m
[self_driving-10] [0m[INFO] [1782354572.153988862] [self_driving]: [1;33m85[0m[0m
[self_driving-10] [0m[INFO] [1782354572.204668038] [self_driving]: [1;33m85[0m[0m
[self_driving-10] [0m[INFO] [1782354572.271394930] [self_driving]: [1;33m85[0m[0m
[self_driving-10] [0m[INFO] [1782354572.342818934] [self_driving]: [1;33m85[0m[0m
[self_driving-10] [0m[INFO] [1782354572.403998109] [self_driving]: [1;33m85[0m[0m
[self_driving-10] [0m[INFO] [1782354572.485805518] [self_driving]: [1;33m85[0m[0m
[self_driving-10] [0m[INFO] [1782354572.525166852] [self_driving]: [1;33m85[0m[0m
[self_driving-10] [0m[INFO] [1782354572.611029866] [self_driving]: [1;33m85[0m[0m
[self_driving-10] [0m[INFO] [1782354572.654949923] [self_driving]: [1;33m85[0m[0m
[self_driving-10] [0m[INFO] [1782354572.727077343] [self_driving]: [1;33m85[0m[0m
[self_driving-10] [0m[INFO] [1782354572.788310130] [self_driving]: [1;32mcrosswalk[0m[0m
[self_driving-10] [0m[INFO] [1782354572.789781314] [self_driving]: [1;32mgo[0m[0m
[self_driving-10] [0m[INFO] [1782354572.792843722] [self_driving]: [1;32mright[0m[0m
[self_driving-10] [0m[INFO] [1782354572.807056896] [self_driving]: [1;33m0[0m[0m
[self_driving-10] [0m[INFO] [1782354572.876784583] [self_driving]: [1;33m0[0m[0m
[self_driving-10] [0m[INFO] [1782354572.943410918] [self_driving]: [1;33m0[0m[0m
[self_driving-10] [0m[INFO] [1782354572.995162089] [self_driving]: [1;33m0[0m[0m
[self_driving-10] [0m[INFO] [1782354573.064140488] [self_driving]: [1;33m0[0m[0m
[self_driving-10] [0m[INFO] [1782354573.139799228] [self_driving]: [1;33m0[0m[0m
[self_driving-10] [0m[INFO] [1782354573.159875030] [self_driving]: [1;32mcrosswalk[0m[0m
[self_driving-10] [0m[INFO] [1782354573.163044791] [self_driving]: [1;32mcrosswalk[0m[0m
[self_driving-10] [0m[INFO] [1782354573.167155896] [self_driving]: [1;32mgo[0m[0m
[self_driving-10] [0m[INFO] [1782354573.230560394] [self_driving]: [1;33m0[0m[0m
[self_driving-10] [0m[INFO] [1782354573.261505958] [self_driving]: [1;33m0[0m[0m
[self_driving-10] [0m[INFO] [1782354573.349801149] [self_driving]: [1;33m0[0m[0m
[self_driving-10] [0m[INFO] [1782354573.392149278] [self_driving]: [1;33m0[0m[0m
[self_driving-10] [0m[INFO] [1782354573.484034532] [self_driving]: [1;33m0[0m[0m
[self_driving-10] [0m[INFO] [1782354573.508866095] [self_driving]: [1;32mcrosswalk[0m[0m
[self_driving-10] [0m[INFO] [1782354573.511907762] [self_driving]: [1;32mred[0m[0m
[self_driving-10] [0m[INFO] [1782354573.556083599] [self_driving]: [1;33m0[0m[0m
[self_driving-10] [0m[INFO] [1782354573.612360324] [self_driving]: [1;33m0[0m[0m
[self_driving-10] [0m[INFO] [1782354573.666833546] [self_driving]: [1;33m0[0m[0m
[self_driving-10] [0m[INFO] [1782354573.741930205] [self_driving]: [1;33m0[0m[0m
[self_driving-10] [0m[INFO] [1782354573.810925420] [self_driving]: [1;33m0[0m[0m
[self_driving-10] [0m[INFO] [1782354573.872657879] [self_driving]: [1;33m0[0m[0m
[self_driving-10] [0m[INFO] [1782354573.884460393] [self_driving]: [1;32mgo[0m[0m
[self_driving-10] [0m[INFO] [1782354573.886839811] [self_driving]: [1;32mcrosswalk[0m[0m
[self_driving-10] [0m[INFO] [1782354573.889055376] [self_driving]: [1;32mcrosswalk[0m[0m
[self_driving-10] [0m[INFO] [1782354573.895251211] [self_driving]: [1;32mcrosswalk[0m[0m
[self_driving-10] [0m[INFO] [1782354573.955114702] [self_driving]: [1;33m194[0m[0m
[self_driving-10] [0m[INFO] [1782354574.009256531] [self_driving]: [1;33m194[0m[0m
[self_driving-10] [0m[INFO] [1782354574.083722034] [self_driving]: [1;33m194[0m[0m
[self_driving-10] [0m[INFO] [1782354574.154993886] [self_driving]: [1;33m194[0m[0m
[self_driving-10] [0m[INFO] [1782354574.211359927] [self_driving]: [1;33m194[0m[0m
[self_driving-10] [0m[INFO] [1782354574.216433526] [self_driving]: [1;32mcrosswalk[0m[0m
[self_driving-10] [0m[INFO] [1782354574.218249307] [self_driving]: [1;32mgo[0m[0m
[self_driving-10] [0m[INFO] [1782354574.221739517] [self_driving]: [1;32mcrosswalk[0m[0m
[self_driving-10] [0m[INFO] [1782354574.294911726] [self_driving]: [1;33m186[0m[0m
[self_driving-10] [0m[INFO] [1782354574.348211451] [self_driving]: [1;33m186[0m[0m
[self_driving-10] [0m[INFO] [1782354574.418495736] [self_driving]: [1;33m186[0m[0m
[self_driving-10] [0m[INFO] [1782354574.489049006] [self_driving]: [1;33m186[0m[0m
[self_driving-10] [0m[INFO] [1782354574.549473059] [self_driving]: [1;33m186[0m[0m
[self_driving-10] [0m[INFO] [1782354574.567797579] [self_driving]: [1;32mgo[0m[0m
[self_driving-10] [0m[INFO] [1782354574.572797566] [self_driving]: [1;32mcrosswalk[0m[0m
[self_driving-10] [0m[INFO] [1782354574.634766194] [self_driving]: [1;33m186[0m[0m
[self_driving-10] [0m[INFO] [1782354574.690205186] [self_driving]: [1;33m186[0m[0m
[self_driving-10] [0m[INFO] [1782354574.763778863] [self_driving]: [1;33m186[0m[0m
[self_driving-10] [0m[INFO] [1782354574.809671702] [self_driving]: [1;33m186[0m[0m
[self_driving-10] [0m[INFO] [1782354574.883659513] [self_driving]: [1;33m186[0m[0m
[self_driving-10] [0m[INFO] [1782354574.947194012] [self_driving]: [1;33m186[0m[0m
[self_driving-10] [0m[INFO] [1782354574.966410858] [self_driving]: [1;32mcrosswalk[0m[0m
[self_driving-10] [0m[INFO] [1782354574.969274356] [self_driving]: [1;32mgo[0m[0m
[self_driving-10] [0m[INFO] [1782354574.976567445] [self_driving]: [1;32mcrosswalk[0m[0m
[self_driving-10] [0m[INFO] [1782354575.032483831] [self_driving]: [1;33m189[0m[0m
[self_driving-10] [0m[INFO] [1782354575.088267235] [self_driving]: [1;33m189[0m[0m
[self_driving-10] [0m[INFO] [1782354575.143815598] [self_driving]: [1;33m189[0m[0m
[self_driving-10] [0m[INFO] [1782354575.221343859] [self_driving]: [1;33m189[0m[0m
[self_driving-10] [0m[INFO] [1782354575.290296071] [self_driving]: [1;33m189[0m[0m
[self_driving-10] [0m[INFO] [1782354575.313338297] [self_driving]: [1;32mgo[0m[0m
[self_driving-10] [0m[INFO] [1782354575.315569121] [self_driving]: [1;32mcrosswalk[0m[0m
[self_driving-10] [0m[INFO] [1782354575.319443983] [self_driving]: [1;32mcrosswalk[0m[0m
[self_driving-10] [0m[INFO] [1782354575.367260493] [self_driving]: [1;33m190[0m[0m
[self_driving-10] [0m[INFO] [1782354575.422638150] [self_driving]: [1;33m190[0m[0m
[self_driving-10] [0m[INFO] [1782354575.493471070] [self_driving]: [1;33m190[0m[0m
[self_driving-10] [0m[INFO] [1782354575.555963907] [self_driving]: [1;33m190[0m[0m
[self_driving-10] [0m[INFO] [1782354575.631606349] [self_driving]: [1;33m190[0m[0m
[self_driving-10] [0m[INFO] [1782354575.655759311] [self_driving]: [1;32mgo[0m[0m
[self_driving-10] [0m[INFO] [1782354575.657235051] [self_driving]: [1;32mcrosswalk[0m[0m
[self_driving-10] [0m[INFO] [1782354575.661891145] [self_driving]: [1;32mcrosswalk[0m[0m
[self_driving-10] [0m[INFO] [1782354575.694426579] [self_driving]: [1;33m189[0m[0m
[self_driving-10] [0m[INFO] [1782354575.750451319] [self_driving]: [1;33m189[0m[0m
[self_driving-10] [0m[INFO] [1782354575.814903976] [self_driving]: [1;33m189[0m[0m
[self_driving-10] [0m[INFO] [1782354575.894006257] [self_driving]: [1;33m189[0m[0m
[self_driving-10] [0m[INFO] [1782354575.963214972] [self_driving]: [1;33m189[0m[0m
[self_driving-10] [0m[INFO] [1782354575.999862660] [self_driving]: [1;32mgo[0m[0m
[self_driving-10] [0m[INFO] [1782354576.004737960] [self_driving]: [1;32mcrosswalk[0m[0m
[self_driving-10] [0m[INFO] [1782354576.014225576] [self_driving]: [1;32mcrosswalk[0m[0m
[self_driving-10] [0m[INFO] [1782354576.054621532] [self_driving]: [1;33m192[0m[0m
[self_driving-10] [0m[INFO] [1782354576.108288686] [self_driving]: [1;33m192[0m[0m
[self_driving-10] [0m[INFO] [1782354576.169683916] [self_driving]: [1;33m192[0m[0m
[self_driving-10] [0m[INFO] [1782354576.229296921] [self_driving]: [1;33m192[0m[0m
[self_driving-10] [0m[INFO] [1782354576.299628038] [self_driving]: [1;33m192[0m[0m
[self_driving-10] [0m[INFO] [1782354576.363398334] [self_driving]: [1;33m192[0m[0m
[self_driving-10] [0m[INFO] [1782354576.373580533] [self_driving]: [1;32mgo[0m[0m
[self_driving-10] [0m[INFO] [1782354576.375576316] [self_driving]: [1;32mcrosswalk[0m[0m
[self_driving-10] [0m[INFO] [1782354576.384381757] [self_driving]: [1;32mcrosswalk[0m[0m
[self_driving-10] [0m[INFO] [1782354576.443792852] [self_driving]: [1;33m194[0m[0m
[self_driving-10] [0m[INFO] [1782354576.501303516] [self_driving]: [1;33m194[0m[0m
[self_driving-10] [0m[INFO] [1782354576.556114055] [self_driving]: [1;33m194[0m[0m
[self_driving-10] [0m[INFO] [1782354576.619679497] [self_driving]: [1;33m194[0m[0m
[self_driving-10] [0m[INFO] [1782354576.700851857] [self_driving]: [1;33m194[0m[0m
[self_driving-10] [0m[INFO] [1782354576.723453652] [self_driving]: [1;32mgo[0m[0m
[self_driving-10] [0m[INFO] [1782354576.725095838] [self_driving]: [1;32mcrosswalk[0m[0m
[self_driving-10] [0m[INFO] [1782354576.730979947] [self_driving]: [1;32mcrosswalk[0m[0m
[self_driving-10] [0m[INFO] [1782354576.777007786] [self_driving]: [1;33m196[0m[0m
[self_driving-10] [0m[INFO] [1782354576.840911047] [self_driving]: [1;33m196[0m[0m
[self_driving-10] [0m[INFO] [1782354576.910921586] [self_driving]: [1;33m196[0m[0m
[self_driving-10] [0m[INFO] [1782354576.965475492] [self_driving]: [1;33m196[0m[0m
[self_driving-10] [0m[INFO] [1782354577.039341652] [self_driving]: [1;33m196[0m[0m
[self_driving-10] [0m[INFO] [1782354577.092080609] [self_driving]: [1;33m196[0m[0m
[self_driving-10] [0m[INFO] [1782354577.104136701] [self_driving]: [1;32mcrosswalk[0m[0m
[self_driving-10] [0m[INFO] [1782354577.107255887] [self_driving]: [1;32mgo[0m[0m
[self_driving-10] [0m[INFO] [1782354577.110743059] [self_driving]: [1;32mcrosswalk[0m[0m
[self_driving-10] [0m[INFO] [1782354577.178914500] [self_driving]: [1;33m196[0m[0m
[self_driving-10] [0m[INFO] [1782354577.235440504] [self_driving]: [1;33m196[0m[0m
[self_driving-10] [0m[INFO] [1782354577.303159162] [self_driving]: [1;33m196[0m[0m
[self_driving-10] [0m[INFO] [1782354577.376938061] [self_driving]: [1;33m196[0m[0m
[self_driving-10] [0m[INFO] [1782354577.437369261] [self_driving]: [1;33m196[0m[0m
[self_driving-10] [0m[INFO] [1782354577.454079964] [self_driving]: [1;32mcrosswalk[0m[0m
[self_driving-10] [0m[INFO] [1782354577.456107841] [self_driving]: [1;32mgo[0m[0m
[self_driving-10] [0m[INFO] [1782354577.459749848] [self_driving]: [1;32mcrosswalk[0m[0m
[self_driving-10] [0m[INFO] [1782354577.522811431] [self_driving]: [1;33m200[0m[0m
[self_driving-10] [0m[INFO] [1782354577.582990924] [self_driving]: [1;33m200[0m[0m
[self_driving-10] [0m[INFO] [1782354577.640452939] [self_driving]: [1;33m200[0m[0m
[self_driving-10] [0m[INFO] [1782354577.700599968] [self_driving]: [1;33m200[0m[0m
[self_driving-10] [0m[INFO] [1782354577.781333007] [self_driving]: [1;33m200[0m[0m
[self_driving-10] [0m[INFO] [1782354577.809081715] [self_driving]: [1;32mcrosswalk[0m[0m
[self_driving-10] [0m[INFO] [1782354577.810638586] [self_driving]: [1;32mgo[0m[0m
[self_driving-10] [0m[INFO] [1782354577.813867644] [self_driving]: [1;32mcrosswalk[0m[0m
[self_driving-10] [0m[INFO] [1782354577.859384550] [self_driving]: [1;33m203[0m[0m
[self_driving-10] [0m[INFO] [1782354577.913821510] [self_driving]: [1;33m203[0m[0m
[self_driving-10] [0m[INFO] [1782354577.976315031] [self_driving]: [1;33m203[0m[0m
[self_driving-10] [0m[INFO] [1782354578.047187893] [self_driving]: [1;33m203[0m[0m
[self_driving-10] [0m[INFO] [1782354578.104395164] [self_driving]: [1;33m203[0m[0m
[self_driving-10] [0m[INFO] [1782354578.172713106] [self_driving]: [1;32mcrosswalk[0m[0m
[self_driving-10] [0m[INFO] [1782354578.174745039] [self_driving]: [1;33m206[0m[0m
[self_driving-10] [0m[INFO] [1782354578.248416787] [self_driving]: [1;33m206[0m[0m
[self_driving-10] [0m[INFO] [1782354578.319892916] [self_driving]: [1;33m206[0m[0m
[self_driving-10] [0m[INFO] [1782354578.380149965] [self_driving]: [1;33m206[0m[0m
[self_driving-10] [0m[INFO] [1782354578.453068260] [self_driving]: [1;33m206[0m[0m
[self_driving-10] [0m[INFO] [1782354578.501901817] [self_driving]: [1;33m206[0m[0m
[self_driving-10] [0m[INFO] [1782354578.521103514] [self_driving]: [1;32mcrosswalk[0m[0m
[self_driving-10] [0m[INFO] [1782354578.523903381] [self_driving]: [1;32mcrosswalk[0m[0m
[self_driving-10] [0m[INFO] [1782354578.602527431] [self_driving]: [1;33m209[0m[0m
[self_driving-10] [0m[INFO] [1782354578.662572328] [self_driving]: [1;33m209[0m[0m
[self_driving-10] [0m[INFO] [1782354578.717887020] [self_driving]: [1;33m209[0m[0m
[self_driving-10] [0m[INFO] [1782354578.784147511] [self_driving]: [1;33m209[0m[0m
[self_driving-10] [0m[INFO] [1782354578.858420045] [self_driving]: [1;33m209[0m[0m
[self_driving-10] [0m[INFO] [1782354578.879278355] [self_driving]: [1;32mcrosswalk[0m[0m
[self_driving-10] [0m[INFO] [1782354578.881243897] [self_driving]: [1;32mgo[0m[0m
[self_driving-10] [0m[INFO] [1782354578.884840793] [self_driving]: [1;32mcrosswalk[0m[0m
[self_driving-10] [0m[INFO] [1782354578.941687281] [self_driving]: [1;33m211[0m[0m
[self_driving-10] [0m[INFO] [1782354578.996552949] [self_driving]: [1;33m211[0m[0m
[self_driving-10] [0m[INFO] [1782354579.060423503] [self_driving]: [1;33m211[0m[0m
[self_driving-10] [0m[INFO] [1782354579.123237063] [self_driving]: [1;33m211[0m[0m
[self_driving-10] [0m[INFO] [1782354579.187270305] [self_driving]: [1;33m211[0m[0m
[self_driving-10] [0m[INFO] [1782354579.252188964] [self_driving]: [1;33m211[0m[0m
[self_driving-10] [0m[INFO] [1782354579.271475958] [self_driving]: [1;32mcrosswalk[0m[0m
[self_driving-10] [0m[INFO] [1782354579.273773208] [self_driving]: [1;32mgo[0m[0m
[self_driving-10] [0m[INFO] [1782354579.280571809] [self_driving]: [1;32mcrosswalk[0m[0m
[self_driving-10] [0m[INFO] [1782354579.343808152] [self_driving]: [1;33m307[0m[0m
[self_driving-10] [0m[INFO] [1782354579.386363837] [self_driving]: [1;33m307[0m[0m
[self_driving-10] [0m[INFO] [1782354579.466350642] [self_driving]: [1;33m307[0m[0m
[self_driving-10] [0m[INFO] [1782354579.528862791] [self_driving]: [1;33m307[0m[0m
[self_driving-10] [0m[INFO] [1782354579.582181810] [self_driving]: [1;33m307[0m[0m
[self_driving-10] [0m[INFO] [1782354579.627057708] [self_driving]: [1;32mgo[0m[0m
[self_driving-10] [0m[INFO] [1782354579.630571936] [self_driving]: [1;32mcrosswalk[0m[0m
[self_driving-10] [0m[INFO] [1782354579.639729158] [self_driving]: [1;32mcrosswalk[0m[0m
[self_driving-10] [0m[INFO] [1782354579.679638791] [self_driving]: [1;33m340[0m[0m
[self_driving-10] [0m[INFO] [1782354579.719463998] [self_driving]: [1;33m340[0m[0m
[self_driving-10] [0m[INFO] [1782354579.791836841] [self_driving]: [1;33m340[0m[0m
[self_driving-10] [0m[INFO] [1782354579.857906996] [self_driving]: [1;33m340[0m[0m
[self_driving-10] [0m[INFO] [1782354579.932817759] [self_driving]: [1;33m340[0m[0m
[self_driving-10] [0m[INFO] [1782354579.982146970] [self_driving]: [1;33m340[0m[0m
[self_driving-10] [0m[INFO] [1782354579.985369601] [self_driving]: [1;32mcrosswalk[0m[0m
[self_driving-10] [0m[INFO] [1782354579.994422841] [self_driving]: [1;32mcrosswalk[0m[0m
[self_driving-10] [0m[INFO] [1782354580.067177984] [self_driving]: [1;33m227[0m[0m
[self_driving-10] [0m[INFO] [1782354580.115935799] [self_driving]: [1;33m227[0m[0m
[self_driving-10] [0m[INFO] [1782354580.200943554] [self_driving]: [1;33m227[0m[0m
[self_driving-10] [0m[INFO] [1782354580.262809731] [self_driving]: [1;33m227[0m[0m
[self_driving-10] [0m[INFO] [1782354580.319605921] [self_driving]: [1;33m227[0m[0m
[self_driving-10] [0m[INFO] [1782354580.331058190] [self_driving]: [1;32mcrosswalk[0m[0m
[self_driving-10] [0m[INFO] [1782354580.335866729] [self_driving]: [1;32mgo[0m[0m
[self_driving-10] [0m[INFO] [1782354580.416700989] [self_driving]: [1;33m0[0m[0m
[self_driving-10] [0m[INFO] [1782354580.474032149] [self_driving]: [1;33m0[0m[0m
[self_driving-10] [0m[INFO] [1782354580.522284031] [self_driving]: [1;33m0[0m[0m
[self_driving-10] [0m[INFO] [1782354580.592310548] [self_driving]: [1;33m0[0m[0m
[self_driving-10] [0m[INFO] [1782354580.655272424] [self_driving]: [1;33m0[0m[0m
[self_driving-10] [0m[INFO] [1782354580.691558383] [self_driving]: [1;32mcrosswalk[0m[0m
[self_driving-10] [0m[INFO] [1782354580.695693804] [self_driving]: [1;32mcrosswalk[0m[0m
[self_driving-10] [0m[INFO] [1782354580.700524826] [self_driving]: [1;32mgo[0m[0m
[self_driving-10] [0m[INFO] [1782354580.749279436] [self_driving]: [1;33m0[0m[0m
[self_driving-10] [0m[INFO] [1782354580.789574426] [self_driving]: [1;33m0[0m[0m
[self_driving-10] [0m[INFO] [1782354580.861341538] [self_driving]: [1;33m0[0m[0m
[self_driving-10] [0m[INFO] [1782354580.928353630] [self_driving]: [1;33m0[0m[0m
[self_driving-10] [0m[INFO] [1782354581.004800392] [self_driving]: [1;33m0[0m[0m
[self_driving-10] [0m[INFO] [1782354581.053113071] [self_driving]: [1;32mcrosswalk[0m[0m
[self_driving-10] [0m[INFO] [1782354581.058289171] [self_driving]: [1;32mgreen[0m[0m
[self_driving-10] [0m[INFO] [1782354581.059522167] [self_driving]: [1;33m224[0m[0m
[self_driving-10] [0m[INFO] [1782354581.156523715] [self_driving]: [1;33m0[0m[0m
[self_driving-10] [0m[INFO] [1782354581.192828766] [self_driving]: [1;33m0[0m[0m
[self_driving-10] [0m[INFO] [1782354581.264224596] [self_driving]: [1;33m0[0m[0m
[self_driving-10] [0m[INFO] [1782354581.339256358] [self_driving]: [1;33m0[0m[0m
[self_driving-10] [0m[INFO] [1782354581.410871653] [self_driving]: [1;33m0[0m[0m
[self_driving-10] [0m[INFO] [1782354581.440437104] [self_driving]: [1;32mcrosswalk[0m[0m
[self_driving-10] [0m[INFO] [1782354581.449503770] [self_driving]: [1;32mgo[0m[0m
[self_driving-10] [0m[INFO] [1782354581.483286661] [self_driving]: [1;33m0[0m[0m
[self_driving-10] [0m[INFO] [1782354581.570970410] [self_driving]: [1;33m0[0m[0m
[self_driving-10] [0m[INFO] [1782354581.622646926] [self_driving]: [1;33m0[0m[0m
[self_driving-10] [0m[INFO] [1782354581.675650181] [self_driving]: [1;33m0[0m[0m
[self_driving-10] [0m[INFO] [1782354581.728648361] [self_driving]: [1;33m0[0m[0m
[self_driving-10] [0m[INFO] [1782354581.810126979] [self_driving]: [1;33m0[0m[0m
[self_driving-10] [0m[INFO] [1782354581.875864203] [self_driving]: [1;33m0[0m[0m
[self_driving-10] [0m[INFO] [1782354581.905081205] [self_driving]: [1;32mcrosswalk[0m[0m
[self_driving-10] [0m[INFO] [1782354581.908608489] [self_driving]: [1;32mgo[0m[0m
[self_driving-10] [0m[INFO] [1782354581.962824128] [self_driving]: [1;33m0[0m[0m
[self_driving-10] [0m[INFO] [1782354582.014853315] [self_driving]: [1;33m0[0m[0m
[self_driving-10] [0m[INFO] [1782354582.091468985] [self_driving]: [1;33m0[0m[0m
[self_driving-10] [0m[INFO] [1782354582.148484880] [self_driving]: [1;33m0[0m[0m
[self_driving-10] [0m[INFO] [1782354582.220732829] [self_driving]: [1;33m0[0m[0m
[self_driving-10] [0m[INFO] [1782354582.282669265] [self_driving]: [1;33m0[0m[0m
[self_driving-10] [0m[INFO] [1782354582.309500869] [self_driving]: [1;32mgo[0m[0m
[self_driving-10] [0m[INFO] [1782354582.313252858] [self_driving]: [1;32mcrosswalk[0m[0m
[self_driving-10] [0m[INFO] [1782354582.370864835] [self_driving]: [1;33m269[0m[0m
[self_driving-10] [0m[INFO] [1782354582.405484106] [self_driving]: [1;33m269[0m[0m
[self_driving-10] [0m[INFO] [1782354582.478187339] [self_driving]: [1;33m269[0m[0m
[self_driving-10] [0m[INFO] [1782354582.549564334] [self_driving]: [1;33m269[0m[0m
[self_driving-10] [0m[INFO] [1782354582.617194432] [self_driving]: [1;33m269[0m[0m
[self_driving-10] [0m[INFO] [1782354582.684667824] [self_driving]: [1;33m269[0m[0m
[self_driving-10] [0m[INFO] [1782354582.734785524] [self_driving]: [1;32mgo[0m[0m
[self_driving-10] [0m[INFO] [1782354582.737892080] [self_driving]: [1;32mcrosswalk[0m[0m
[self_driving-10] [0m[INFO] [1782354582.751334688] [self_driving]: [1;33m288[0m[0m
[self_driving-10] [0m[INFO] [1782354582.822330567] [self_driving]: [1;33m288[0m[0m
[self_driving-10] [0m[INFO] [1782354582.892281341] [self_driving]: [1;33m288[0m[0m
[self_driving-10] [0m[INFO] [1782354582.949125771] [self_driving]: [1;33m288[0m[0m
[self_driving-10] [0m[INFO] [1782354583.026289354] [self_driving]: [1;33m288[0m[0m
[self_driving-10] [0m[INFO] [1782354583.077029246] [self_driving]: [1;33m288[0m[0m
[self_driving-10] [0m[INFO] [1782354583.146903259] [self_driving]: [1;33m288[0m[0m
[self_driving-10] [0m[INFO] [1782354583.200706670] [self_driving]: [1;32mcrosswalk[0m[0m
[self_driving-10] [0m[INFO] [1782354583.210776644] [self_driving]: [1;32mgo[0m[0m
[self_driving-10] [0m[INFO] [1782354583.255581501] [self_driving]: [1;33m0[0m[0m
[self_driving-10] [0m[INFO] [1782354583.299985705] [self_driving]: [1;33m0[0m[0m
[self_driving-10] [0m[INFO] [1782354583.352869753] [self_driving]: [1;33m0[0m[0m
[self_driving-10] [0m[INFO] [1782354583.424399249] [self_driving]: [1;33m0[0m[0m
[self_driving-10] [0m[INFO] [1782354583.475282458] [self_driving]: [1;33m0[0m[0m
[self_driving-10] [0m[INFO] [1782354583.560604325] [self_driving]: [1;33m0[0m[0m
[self_driving-10] [0m[INFO] [1782354583.622995969] [self_driving]: [1;33m0[0m[0m
[self_driving-10] [0m[INFO] [1782354583.671972340] [self_driving]: [1;32mgo[0m[0m
[self_driving-10] [0m[INFO] [1782354583.676249595] [self_driving]: [1;32mcrosswalk[0m[0m
[self_driving-10] [0m[INFO] [1782354583.704592846] [self_driving]: [1;33m352[0m[0m
[self_driving-10] [0m[INFO] [1782354583.762804347] [self_driving]: [1;33m352[0m[0m
[self_driving-10] [0m[INFO] [1782354583.829699120] [self_driving]: [1;33m352[0m[0m
[self_driving-10] [0m[INFO] [1782354583.884131965] [self_driving]: [1;33m352[0m[0m
[self_driving-10] [0m[INFO] [1782354583.956977717] [self_driving]: [1;33m352[0m[0m
[self_driving-10] [0m[INFO] [1782354584.014154780] [self_driving]: [1;33m352[0m[0m
[self_driving-10] [0m[INFO] [1782354584.098385188] [self_driving]: [1;33m352[0m[0m
[self_driving-10] [0m[INFO] [1782354584.128161770] [self_driving]: [1;32mcrosswalk[0m[0m
[self_driving-10] [0m[INFO] [1782354584.142214681] [self_driving]: [1;32mgo[0m[0m
[self_driving-10] [0m[INFO] [1782354584.173420744] [self_driving]: [1;33m0[0m[0m
[self_driving-10] [0m[INFO] [1782354584.238020137] [self_driving]: [1;33m0[0m[0m
[self_driving-10] [0m[INFO] [1782354584.282915828] [self_driving]: [1;33m0[0m[0m
[self_driving-10] [0m[INFO] [1782354584.378681301] [self_driving]: [1;33m0[0m[0m
[self_driving-10] [0m[INFO] [1782354584.430994768] [self_driving]: [1;33m0[0m[0m
[self_driving-10] [0m[INFO] [1782354584.490394634] [self_driving]: [1;33m0[0m[0m
[self_driving-10] [0m[INFO] [1782354584.532933279] [self_driving]: [1;32mcrosswalk[0m[0m
[self_driving-10] [0m[INFO] [1782354584.585977735] [self_driving]: [1;33m453[0m[0m
[self_driving-10] [0m[INFO] [1782354584.639679200] [self_driving]: [1;33m453[0m[0m
[self_driving-10] [0m[INFO] [1782354584.688506161] [self_driving]: [1;33m453[0m[0m
[self_driving-10] [0m[INFO] [1782354584.754615090] [self_driving]: [1;33m453[0m[0m
[self_driving-10] [0m[INFO] [1782354584.838234713] [self_driving]: [1;33m453[0m[0m
[self_driving-10] [0m[INFO] [1782354584.897987121] [self_driving]: [1;33m453[0m[0m
[self_driving-10] [0m[INFO] [1782354584.965246694] [self_driving]: [1;33m453[0m[0m
[self_driving-10] [0m[INFO] [1782354585.044832786] [self_driving]: [1;33m453[0m[0m
[self_driving-10] [0m[INFO] [1782354585.093305520] [self_driving]: [1;33m453[0m[0m
[self_driving-10] [0m[INFO] [1782354585.157248348] [self_driving]: [1;33m453[0m[0m
[self_driving-10] [0m[INFO] [1782354585.234180389] [self_driving]: [1;33m453[0m[0m
[self_driving-10] [0m[INFO] [1782354585.292218072] [self_driving]: [1;33m453[0m[0m
[self_driving-10] [0m[INFO] [1782354585.372084241] [self_driving]: [1;33m453[0m[0m
[self_driving-10] [0m[INFO] [1782354585.442854708] [self_driving]: [1;33m453[0m[0m
[self_driving-10] [0m[INFO] [1782354585.511608761] [self_driving]: [1;33m453[0m[0m
[self_driving-10] [0m[INFO] [1782354585.571953490] [self_driving]: [1;33m453[0m[0m
[self_driving-10] [0m[INFO] [1782354585.637942158] [self_driving]: [1;33m453[0m[0m
[self_driving-10] [0m[INFO] [1782354585.730277033] [self_driving]: [1;33m453[0m[0m
[self_driving-10] [0m[INFO] [1782354585.788766629] [self_driving]: [1;33m453[0m[0m
[self_driving-10] [0m[INFO] [1782354585.829460269] [self_driving]: [1;33m453[0m[0m
[self_driving-10] [0m[INFO] [1782354585.892884276] [self_driving]: [1;33m453[0m[0m
[self_driving-10] [0m[INFO] [1782354585.968005610] [self_driving]: [1;33m453[0m[0m
[self_driving-10] [0m[INFO] [1782354586.030888740] [self_driving]: [1;33m453[0m[0m
[self_driving-10] [0m[INFO] [1782354586.115561633] [self_driving]: [1;33m453[0m[0m
[self_driving-10] [0m[INFO] [1782354586.164340129] [self_driving]: [1;33m453[0m[0m
[self_driving-10] [0m[INFO] [1782354586.275888143] [self_driving]: [1;33m453[0m[0m
[self_driving-10] [0m[INFO] [1782354586.332306917] [self_driving]: [1;33m453[0m[0m
[self_driving-10] [0m[INFO] [1782354586.381258434] [self_driving]: [1;33m453[0m[0m
[self_driving-10] [0m[INFO] [1782354586.454285130] [self_driving]: [1;33m453[0m[0m
[self_driving-10] [0m[INFO] [1782354586.499828606] [self_driving]: [1;33m453[0m[0m
[self_driving-10] [0m[INFO] [1782354586.570730536] [self_driving]: [1;33m453[0m[0m
[self_driving-10] [0m[INFO] [1782354586.645888888] [self_driving]: [1;33m453[0m[0m
[self_driving-10] [0m[INFO] [1782354586.712351950] [self_driving]: [1;33m453[0m[0m
[self_driving-10] [0m[INFO] [1782354586.789226804] [self_driving]: [1;33m453[0m[0m
[self_driving-10] [0m[INFO] [1782354586.865507410] [self_driving]: [1;33m453[0m[0m
[self_driving-10] [0m[INFO] [1782354586.924363769] [self_driving]: [1;33m453[0m[0m
[self_driving-10] [0m[INFO] [1782354586.979116930] [self_driving]: [1;33m453[0m[0m
[self_driving-10] [0m[INFO] [1782354587.068036651] [self_driving]: [1;33m453[0m[0m
[self_driving-10] [0m[INFO] [1782354587.104527239] [self_driving]: [1;33m453[0m[0m
[self_driving-10] [0m[INFO] [1782354587.177535564] [self_driving]: [1;33m453[0m[0m
[self_driving-10] [0m[INFO] [1782354587.239108622] [self_driving]: [1;33m453[0m[0m
[self_driving-10] [0m[INFO] [1782354587.313631428] [self_driving]: [1;33m453[0m[0m
[self_driving-10] [0m[INFO] [1782354587.386628123] [self_driving]: [1;33m453[0m[0m
[self_driving-10] [0m[INFO] [1782354587.460759295] [self_driving]: [1;33m453[0m[0m
[self_driving-10] [0m[INFO] [1782354587.565492373] [self_driving]: [1;33m453[0m[0m
[self_driving-10] [0m[INFO] [1782354587.603778150] [self_driving]: [1;33m453[0m[0m
[self_driving-10] [0m[INFO] [1782354587.672824038] [self_driving]: [1;33m453[0m[0m
[self_driving-10] [0m[INFO] [1782354587.724297808] [self_driving]: [1;33m453[0m[0m
[self_driving-10] [0m[INFO] [1782354587.796713607] [self_driving]: [1;33m453[0m[0m
[self_driving-10] [0m[INFO] [1782354587.851818679] [self_driving]: [1;33m453[0m[0m
[self_driving-10] [0m[INFO] [1782354587.921171645] [self_driving]: [1;33m453[0m[0m
[self_driving-10] [0m[INFO] [1782354587.997499844] [self_driving]: [1;33m453[0m[0m
[self_driving-10] [0m[INFO] [1782354588.058395503] [self_driving]: [1;33m453[0m[0m
[self_driving-10] [0m[INFO] [1782354588.142008381] [self_driving]: [1;33m453[0m[0m
[self_driving-10] [0m[INFO] [1782354588.191736795] [self_driving]: [1;33m453[0m[0m
[self_driving-10] [0m[INFO] [1782354588.256204850] [self_driving]: [1;33m453[0m[0m
[self_driving-10] [0m[INFO] [1782354588.323830609] [self_driving]: [1;33m453[0m[0m
[self_driving-10] [0m[INFO] [1782354588.416537782] [self_driving]: [1;33m453[0m[0m
[self_driving-10] [0m[INFO] [1782354588.460949391] [self_driving]: [1;33m453[0m[0m
[self_driving-10] [0m[INFO] [1782354588.526243641] [self_driving]: [1;33m453[0m[0m
[self_driving-10] [0m[INFO] [1782354588.592388808] [self_driving]: [1;33m453[0m[0m
[self_driving-10] [0m[INFO] [1782354588.656726547] [self_driving]: [1;33m453[0m[0m
[self_driving-10] [0m[INFO] [1782354588.732024195] [self_driving]: [1;33m453[0m[0m
[self_driving-10] [0m[INFO] [1782354588.818563312] [self_driving]: [1;33m453[0m[0m
[self_driving-10] [0m[INFO] [1782354588.868569340] [self_driving]: [1;33m453[0m[0m
[self_driving-10] [0m[INFO] [1782354588.935057623] [self_driving]: [1;33m453[0m[0m
[self_driving-10] [0m[INFO] [1782354588.990542865] [self_driving]: [1;33m453[0m[0m
[self_driving-10] [0m[INFO] [1782354589.056665421] [self_driving]: [1;33m453[0m[0m
[self_driving-10] [0m[INFO] [1782354589.121405645] [self_driving]: [1;33m453[0m[0m
[self_driving-10] [0m[INFO] [1782354589.213651088] [self_driving]: [1;33m453[0m[0m
[self_driving-10] [0m[INFO] [1782354589.253634773] [self_driving]: [1;33m453[0m[0m
[self_driving-10] [0m[INFO] [1782354589.335378702] [self_driving]: [1;33m453[0m[0m
[self_driving-10] [0m[INFO] [1782354589.395519352] [self_driving]: [1;33m453[0m[0m
[self_driving-10] [0m[INFO] [1782354589.481554221] [self_driving]: [1;33m453[0m[0m
[self_driving-10] [0m[INFO] [1782354589.566002089] [self_driving]: [1;33m453[0m[0m
[self_driving-10] [0m[INFO] [1782354589.621759409] [self_driving]: [1;33m453[0m[0m
[self_driving-10] [0m[INFO] [1782354589.680625265] [self_driving]: [1;33m453[0m[0m
[self_driving-10] [0m[INFO] [1782354589.741412979] [self_driving]: [1;33m453[0m[0m
[self_driving-10] [0m[INFO] [1782354589.802083190] [self_driving]: [1;33m453[0m[0m
[self_driving-10] [0m[INFO] [1782354589.862986942] [self_driving]: [1;33m453[0m[0m
[self_driving-10] [0m[INFO] [1782354589.942787347] [self_driving]: [1;33m453[0m[0m
[self_driving-10] [0m[INFO] [1782354590.017838361] [self_driving]: [1;33m453[0m[0m
[self_driving-10] [0m[INFO] [1782354590.078836558] [self_driving]: [1;33m453[0m[0m
[self_driving-10] [0m[INFO] [1782354590.150440345] [self_driving]: [1;33m453[0m[0m
[self_driving-10] [0m[INFO] [1782354590.208324171] [self_driving]: [1;33m453[0m[0m
[self_driving-10] [0m[INFO] [1782354590.287438789] [self_driving]: [1;33m453[0m[0m
[self_driving-10] [0m[INFO] [1782354590.371172203] [self_driving]: [1;33m453[0m[0m
[self_driving-10] [0m[INFO] [1782354590.431937601] [self_driving]: [1;33m453[0m[0m
[self_driving-10] [0m[INFO] [1782354590.476315357] [self_driving]: [1;33m453[0m[0m
[self_driving-10] [0m[INFO] [1782354590.544942182] [self_driving]: [1;33m453[0m[0m
[self_driving-10] [0m[INFO] [1782354590.595368881] [self_driving]: [1;33m453[0m[0m
[self_driving-10] [0m[INFO] [1782354590.679594523] [self_driving]: [1;33m453[0m[0m
[self_driving-10] [0m[INFO] [1782354590.763969427] [self_driving]: [1;33m453[0m[0m
[self_driving-10] [0m[INFO] [1782354590.824707583] [self_driving]: [1;33m453[0m[0m
[self_driving-10] [0m[INFO] [1782354590.878910328] [self_driving]: [1;33m453[0m[0m
[self_driving-10] [0m[INFO] [1782354590.952297451] [self_driving]: [1;33m453[0m[0m
[self_driving-10] [0m[INFO] [1782354591.014302863] [self_driving]: [1;33m453[0m[0m
[self_driving-10] [0m[INFO] [1782354591.079236217] [self_driving]: [1;33m453[0m[0m
[self_driving-10] [0m[INFO] [1782354591.162974761] [self_driving]: [1;33m453[0m[0m
[self_driving-10] [0m[INFO] [1782354591.206125501] [self_driving]: [1;33m453[0m[0m
[self_driving-10] [0m[INFO] [1782354591.272286018] [self_driving]: [1;33m453[0m[0m
[self_driving-10] [0m[INFO] [1782354591.354096223] [self_driving]: [1;33m453[0m[0m
[self_driving-10] [0m[INFO] [1782354591.420132443] [self_driving]: [1;33m453[0m[0m
[self_driving-10] [0m[INFO] [1782354591.472766797] [self_driving]: [1;33m453[0m[0m
[self_driving-10] [0m[INFO] [1782354591.559327189] [self_driving]: [1;33m453[0m[0m
[self_driving-10] [0m[INFO] [1782354591.621268822] [self_driving]: [1;33m453[0m[0m
[self_driving-10] [0m[INFO] [1782354591.681763641] [self_driving]: [1;33m453[0m[0m
[self_driving-10] [0m[INFO] [1782354591.747498653] [self_driving]: [1;33m453[0m[0m
[self_driving-10] [0m[INFO] [1782354591.827257038] [self_driving]: [1;33m453[0m[0m
[self_driving-10] [0m[INFO] [1782354591.856281201] [self_driving]: [1;32mright[0m[0m
[self_driving-10] [0m[INFO] [1782354591.858523061] [self_driving]: [1;32mcrosswalk[0m[0m
[self_driving-10] [0m[INFO] [1782354591.867336575] [self_driving]: [1;32mcrosswalk[0m[0m
[self_driving-10] [0m[INFO] [1782354591.909892160] [self_driving]: [1;33m235[0m[0m
[self_driving-10] [0m[INFO] [1782354591.966390061] [self_driving]: [1;33m235[0m[0m
[self_driving-10] [0m[INFO] [1782354592.028556456] [self_driving]: [1;33m235[0m[0m
[self_driving-10] [0m[INFO] [1782354592.096310898] [self_driving]: [1;33m235[0m[0m
[self_driving-10] [0m[INFO] [1782354592.155011881] [self_driving]: [1;33m235[0m[0m
[self_driving-10] [0m[INFO] [1782354592.223331571] [self_driving]: [1;33m235[0m[0m
[self_driving-10] [0m[INFO] [1782354592.292765942] [self_driving]: [1;33m235[0m[0m
[self_driving-10] [0m[INFO] [1782354592.319291464] [self_driving]: [1;32mcrosswalk[0m[0m
[self_driving-10] [0m[INFO] [1782354592.321242561] [self_driving]: [1;32mright[0m[0m
[self_driving-10] [0m[INFO] [1782354592.326669423] [self_driving]: [1;32mcrosswalk[0m[0m
[self_driving-10] [0m[INFO] [1782354592.387371540] [self_driving]: [1;33m200[0m[0m
[self_driving-10] [0m[INFO] [1782354592.432643491] [self_driving]: [1;33m200[0m[0m
[self_driving-10] [0m[INFO] [1782354592.499185271] [self_driving]: [1;33m200[0m[0m
[self_driving-10] [0m[INFO] [1782354592.563510913] [self_driving]: [1;33m200[0m[0m
[self_driving-10] [0m[INFO] [1782354592.621643518] [self_driving]: [1;33m200[0m[0m
[self_driving-10] [0m[INFO] [1782354592.698544275] [self_driving]: [1;33m200[0m[0m
[self_driving-10] [0m[INFO] [1782354592.727159174] [self_driving]: [1;32mcrosswalk[0m[0m
[self_driving-10] [0m[INFO] [1782354592.733334174] [self_driving]: [1;32mcrosswalk[0m[0m
[self_driving-10] [0m[INFO] [1782354592.778568013] [self_driving]: [1;33m200[0m[0m
[self_driving-10] [0m[INFO] [1782354592.840495478] [self_driving]: [1;33m200[0m[0m
[self_driving-10] [0m[INFO] [1782354592.896202814] [self_driving]: [1;33m200[0m[0m
[self_driving-10] [0m[INFO] [1782354592.957293806] [self_driving]: [1;33m200[0m[0m
[self_driving-10] [0m[INFO] [1782354593.034803736] [self_driving]: [1;33m200[0m[0m
[self_driving-10] [0m[INFO] [1782354593.094082854] [self_driving]: [1;33m200[0m[0m
[self_driving-10] [0m[INFO] [1782354593.132374554] [self_driving]: [1;32mcrosswalk[0m[0m
[self_driving-10] [0m[INFO] [1782354593.189948504] [self_driving]: [1;33m246[0m[0m
[self_driving-10] [0m[INFO] [1782354593.241775181] [self_driving]: [1;33m246[0m[0m
[self_driving-10] [0m[INFO] [1782354593.306897035] [self_driving]: [1;33m246[0m[0m
[self_driving-10] [0m[INFO] [1782354593.373785245] [self_driving]: [1;33m246[0m[0m
[self_driving-10] [0m[INFO] [1782354593.444326646] [self_driving]: [1;33m246[0m[0m
[self_driving-10] [0m[INFO] [1782354593.506299352] [self_driving]: [1;33m246[0m[0m
[self_driving-10] [0m[INFO] [1782354593.540989453] [self_driving]: [1;32mcrosswalk[0m[0m
[self_driving-10] [0m[INFO] [1782354593.547465031] [self_driving]: [1;32mright[0m[0m
[self_driving-10] [0m[INFO] [1782354593.563158793] [self_driving]: [1;32mcrosswalk[0m[0m
[self_driving-10] [0m[INFO] [1782354593.570994850] [self_driving]: [1;33m199[0m[0m
[self_driving-10] [0m[INFO] [1782354593.655246694] [self_driving]: [1;33m199[0m[0m
[self_driving-10] [0m[INFO] [1782354593.710105185] [self_driving]: [1;33m199[0m[0m
[self_driving-10] [0m[INFO] [1782354593.768292975] [self_driving]: [1;33m199[0m[0m
[self_driving-10] [0m[INFO] [1782354593.835604356] [self_driving]: [1;33m199[0m[0m
[self_driving-10] [0m[INFO] [1782354593.903878804] [self_driving]: [1;33m199[0m[0m
[self_driving-10] [0m[INFO] [1782354593.967383603] [self_driving]: [1;32mright[0m[0m
[self_driving-10] [0m[INFO] [1782354593.970475084] [self_driving]: [1;33m199[0m[0m
[self_driving-10] [0m[INFO] [1782354593.978955260] [self_driving]: [1;32mcrosswalk[0m[0m
[self_driving-10] [0m[INFO] [1782354594.054778261] [self_driving]: [1;33m204[0m[0m
[self_driving-10] [0m[INFO] [1782354594.100820350] [self_driving]: [1;33m204[0m[0m
[self_driving-10] [0m[INFO] [1782354594.172596839] [self_driving]: [1;33m204[0m[0m
[self_driving-10] [0m[INFO] [1782354594.241734853] [self_driving]: [1;33m204[0m[0m
[self_driving-10] [0m[INFO] [1782354594.308662895] [self_driving]: [1;33m204[0m[0m
[self_driving-10] [0m[INFO] [1782354594.364306654] [self_driving]: [1;33m204[0m[0m
[self_driving-10] [0m[INFO] [1782354594.391893948] [self_driving]: [1;32mcrosswalk[0m[0m
[self_driving-10] [0m[INFO] [1782354594.393839378] [self_driving]: [1;32mright[0m[0m
[self_driving-10] [0m[INFO] [1782354594.396109942] [self_driving]: [1;32mcrosswalk[0m[0m
[self_driving-10] [0m[INFO] [1782354594.462311902] [self_driving]: [1;33m205[0m[0m
[self_driving-10] [0m[INFO] [1782354594.514814512] [self_driving]: [1;33m205[0m[0m
[self_driving-10] [0m[INFO] [1782354594.577483393] [self_driving]: [1;33m205[0m[0m
[self_driving-10] [0m[INFO] [1782354594.634753134] [self_driving]: [1;33m205[0m[0m
[self_driving-10] [0m[INFO] [1782354594.717312494] [self_driving]: [1;33m205[0m[0m
[self_driving-10] [0m[INFO] [1782354594.759686409] [self_driving]: [1;32mright[0m[0m
[self_driving-10] [0m[INFO] [1782354594.761289483] [self_driving]: [1;32mcrosswalk[0m[0m
[self_driving-10] [0m[INFO] [1782354594.767447687] [self_driving]: [1;32mcrosswalk[0m[0m
[self_driving-10] [0m[INFO] [1782354594.797135728] [self_driving]: [1;33m212[0m[0m
[self_driving-10] [0m[INFO] [1782354594.848451250] [self_driving]: [1;33m212[0m[0m
[self_driving-10] [0m[INFO] [1782354594.923212775] [self_driving]: [1;33m212[0m[0m
[self_driving-10] [0m[INFO] [1782354594.987138855] [self_driving]: [1;33m212[0m[0m
[self_driving-10] [0m[INFO] [1782354595.047425169] [self_driving]: [1;33m212[0m[0m
[self_driving-10] [0m[INFO] [1782354595.117582083] [self_driving]: [1;33m212[0m[0m
[self_driving-10] [0m[INFO] [1782354595.154447172] [self_driving]: [1;32mcrosswalk[0m[0m
[self_driving-10] [0m[INFO] [1782354595.156277342] [self_driving]: [1;32mright[0m[0m
[self_driving-10] [0m[INFO] [1782354595.166595892] [self_driving]: [1;32mcrosswalk[0m[0m
[self_driving-10] [0m[INFO] [1782354595.189647131] [self_driving]: [1;33m216[0m[0m
[self_driving-10] [0m[INFO] [1782354595.247841790] [self_driving]: [1;33m216[0m[0m
[self_driving-10] [0m[INFO] [1782354595.337248767] [self_driving]: [1;33m216[0m[0m
[self_driving-10] [0m[INFO] [1782354595.394378377] [self_driving]: [1;33m216[0m[0m
[self_driving-10] [0m[INFO] [1782354595.449584482] [self_driving]: [1;33m216[0m[0m
[self_driving-10] [0m[INFO] [1782354595.513982345] [self_driving]: [1;33m216[0m[0m
[self_driving-10] [0m[INFO] [1782354595.571505219] [self_driving]: [1;33m216[0m[0m
[self_driving-10] [0m[INFO] [1782354595.590242498] [self_driving]: [1;32mcrosswalk[0m[0m
[self_driving-10] [0m[INFO] [1782354595.592274708] [self_driving]: [1;32mright[0m[0m
[self_driving-10] [0m[INFO] [1782354595.595192354] [self_driving]: [1;32mcrosswalk[0m[0m
[self_driving-10] [0m[INFO] [1782354595.664071715] [self_driving]: [1;33m220[0m[0m
[self_driving-10] [0m[INFO] [1782354595.721345512] [self_driving]: [1;33m220[0m[0m
[self_driving-10] [0m[INFO] [1782354595.785741745] [self_driving]: [1;33m220[0m[0m
[self_driving-10] [0m[INFO] [1782354595.850662966] [self_driving]: [1;33m220[0m[0m
[self_driving-10] [0m[INFO] [1782354595.923146575] [self_driving]: [1;33m220[0m[0m
[self_driving-10] [0m[INFO] [1782354595.950368456] [self_driving]: [1;32mcrosswalk[0m[0m
[self_driving-10] [0m[INFO] [1782354595.951824084] [self_driving]: [1;32mcrosswalk[0m[0m
[self_driving-10] [0m[INFO] [1782354595.954444579] [self_driving]: [1;32mright[0m[0m
[self_driving-10] [0m[INFO] [1782354596.018543568] [self_driving]: [1;33m0[0m[0m
[self_driving-10] [0m[INFO] [1782354596.054613240] [self_driving]: [1;33m0[0m[0m
[self_driving-10] [0m[INFO] [1782354596.123419396] [self_driving]: [1;33m0[0m[0m
[self_driving-10] [0m[INFO] [1782354596.202091021] [self_driving]: [1;33m0[0m[0m
[self_driving-10] [0m[INFO] [1782354596.264301487] [self_driving]: [1;33m0[0m[0m
[self_driving-10] [0m[INFO] [1782354596.327597911] [self_driving]: [1;33m0[0m[0m
[self_driving-10] [0m[INFO] [1782354596.392290591] [self_driving]: [1;32mright[0m[0m
[self_driving-10] [0m[INFO] [1782354596.396112952] [self_driving]: [1;33m0[0m[0m
[self_driving-10] [0m[INFO] [1782354596.460201681] [self_driving]: [1;33m0[0m[0m
[self_driving-10] [0m[INFO] [1782354596.527246742] [self_driving]: [1;33m0[0m[0m
[self_driving-10] [0m[INFO] [1782354596.592012738] [self_driving]: [1;33m0[0m[0m
[self_driving-10] [0m[INFO] [1782354596.661463605] [self_driving]: [1;33m0[0m[0m
[self_driving-10] [0m[INFO] [1782354596.723854259] [self_driving]: [1;33m0[0m[0m
[self_driving-10] [0m[INFO] [1782354596.765094215] [self_driving]: [1;32mcrosswalk[0m[0m
[self_driving-10] [0m[INFO] [1782354596.808104692] [self_driving]: [1;33m245[0m[0m
[self_driving-10] [0m[INFO] [1782354596.882928790] [self_driving]: [1;33m245[0m[0m
[self_driving-10] [0m[INFO] [1782354596.930690935] [self_driving]: [1;33m245[0m[0m
[self_driving-10] [0m[INFO] [1782354596.999993375] [self_driving]: [1;33m245[0m[0m
[self_driving-10] [0m[INFO] [1782354597.070897944] [self_driving]: [1;33m245[0m[0m
[self_driving-10] [0m[INFO] [1782354597.119471098] [self_driving]: [1;33m245[0m[0m
[self_driving-10] [0m[INFO] [1782354597.148464389] [self_driving]: [1;32mcrosswalk[0m[0m
[self_driving-10] [0m[INFO] [1782354597.224117848] [self_driving]: [1;33m253[0m[0m
[self_driving-10] [0m[INFO] [1782354597.273555994] [self_driving]: [1;33m253[0m[0m
[self_driving-10] [0m[INFO] [1782354597.334795836] [self_driving]: [1;33m253[0m[0m
[self_driving-10] [0m[INFO] [1782354597.398030739] [self_driving]: [1;33m253[0m[0m
[self_driving-10] [0m[INFO] [1782354597.459290434] [self_driving]: [1;33m253[0m[0m
[self_driving-10] [0m[INFO] [1782354597.540753055] [self_driving]: [1;32mcrosswalk[0m[0m
[self_driving-10] [0m[INFO] [1782354597.543216010] [self_driving]: [1;33m253[0m[0m
[self_driving-10] [0m[INFO] [1782354597.595507765] [self_driving]: [1;33m268[0m[0m
[self_driving-10] [0m[INFO] [1782354597.673012209] [self_driving]: [1;33m268[0m[0m
[self_driving-10] [0m[INFO] [1782354597.730262503] [self_driving]: [1;33m268[0m[0m
[self_driving-10] [0m[INFO] [1782354597.807019624] [self_driving]: [1;33m268[0m[0m
[self_driving-10] [0m[INFO] [1782354597.868973660] [self_driving]: [1;33m268[0m[0m
[self_driving-10] [0m[INFO] [1782354597.897656132] [self_driving]: [1;32mcrosswalk[0m[0m
[self_driving-10] [0m[INFO] [1782354597.955464897] [self_driving]: [1;33m286[0m[0m
[self_driving-10] [0m[INFO] [1782354598.015765561] [self_driving]: [1;33m286[0m[0m
[self_driving-10] [0m[INFO] [1782354598.068256910] [self_driving]: [1;33m286[0m[0m
[self_driving-10] [0m[INFO] [1782354598.135101281] [self_driving]: [1;33m286[0m[0m
[self_driving-10] [0m[INFO] [1782354598.206458244] [self_driving]: [1;33m286[0m[0m
[self_driving-10] [0m[INFO] [1782354598.266205160] [self_driving]: [1;33m286[0m[0m
[self_driving-10] [0m[INFO] [1782354598.332732880] [self_driving]: [1;32mcrosswalk[0m[0m
[self_driving-10] [0m[INFO] [1782354598.366599506] [self_driving]: [1;33m304[0m[0m
[self_driving-10] [0m[INFO] [1782354598.438384696] [self_driving]: [1;33m304[0m[0m
[self_driving-10] [0m[INFO] [1782354598.484084167] [self_driving]: [1;33m304[0m[0m
[self_driving-10] [0m[INFO] [1782354598.544184514] [self_driving]: [1;33m304[0m[0m
[self_driving-10] [0m[INFO] [1782354598.603531277] [self_driving]: [1;33m304[0m[0m
[self_driving-10] [0m[INFO] [1782354598.668545146] [self_driving]: [1;33m304[0m[0m
[self_driving-10] [0m[INFO] [1782354598.735435907] [self_driving]: [1;32mcrosswalk[0m[0m
[self_driving-10] [0m[INFO] [1782354598.739298860] [self_driving]: [1;33m362[0m[0m
[self_driving-10] [0m[INFO] [1782354598.817542423] [self_driving]: [1;33m362[0m[0m
[self_driving-10] [0m[INFO] [1782354598.876218957] [self_driving]: [1;33m362[0m[0m
[self_driving-10] [0m[INFO] [1782354598.948486523] [self_driving]: [1;33m362[0m[0m
[self_driving-10] [0m[INFO] [1782354599.005015382] [self_driving]: [1;33m362[0m[0m
[self_driving-10] [0m[INFO] [1782354599.076224675] [self_driving]: [1;33m362[0m[0m
[self_driving-10] [0m[INFO] [1782354599.131427796] [self_driving]: [1;32mcrosswalk[0m[0m
[self_driving-10] [0m[INFO] [1782354599.154101474] [self_driving]: [1;33m406[0m[0m
[self_driving-10] [0m[INFO] [1782354599.222365658] [self_driving]: [1;33m406[0m[0m
[self_driving-10] [0m[INFO] [1782354599.288989656] [self_driving]: [1;33m406[0m[0m
[self_driving-10] [0m[INFO] [1782354599.336618427] [self_driving]: [1;33m406[0m[0m
[self_driving-10] [0m[INFO] [1782354599.419468081] [self_driving]: [1;33m406[0m[0m
[self_driving-10] [0m[INFO] [1782354599.483273601] [self_driving]: [1;33m406[0m[0m
[self_driving-10] [0m[INFO] [1782354599.516497108] [self_driving]: [1;32mcrosswalk[0m[0m
[self_driving-10] [0m[INFO] [1782354599.584883942] [self_driving]: [1;33m436[0m[0m
[self_driving-10] [0m[INFO] [1782354599.630209871] [self_driving]: [1;33m436[0m[0m
[self_driving-10] [0m[INFO] [1782354599.689700043] [self_driving]: [1;33m436[0m[0m
[self_driving-10] [0m[INFO] [1782354599.740859820] [self_driving]: [1;33m436[0m[0m
[self_driving-10] [0m[INFO] [1782354599.816095679] [self_driving]: [1;33m436[0m[0m
[self_driving-10] [0m[INFO] [1782354599.888577988] [self_driving]: [1;33m436[0m[0m
[self_driving-10] [0m[INFO] [1782354599.916475061] [self_driving]: [1;32mcrosswalk[0m[0m
[self_driving-10] [0m[INFO] [1782354599.969130559] [self_driving]: [1;33m467[0m[0m
[self_driving-10] [0m[INFO] [1782354600.018705983] [self_driving]: [1;33m467[0m[0m
[self_driving-10] [0m[INFO] [1782354600.087373023] [self_driving]: [1;33m467[0m[0m
[self_driving-10] [0m[INFO] [1782354600.147702611] [self_driving]: [1;33m467[0m[0m
[self_driving-10] [0m[INFO] [1782354600.209077176] [self_driving]: [1;33m467[0m[0m
[self_driving-10] [0m[INFO] [1782354600.277931255] [self_driving]: [1;33m467[0m[0m
[self_driving-10] [0m[INFO] [1782354600.391378680] [self_driving]: [1;33m467[0m[0m
[self_driving-10] [0m[INFO] [1782354600.440285521] [self_driving]: [1;33m467[0m[0m
[self_driving-10] [0m[INFO] [1782354600.501503843] [self_driving]: [1;33m467[0m[0m
[self_driving-10] [0m[INFO] [1782354600.554682383] [self_driving]: [1;33m467[0m[0m
[self_driving-10] [0m[INFO] [1782354600.624392862] [self_driving]: [1;33m467[0m[0m
[self_driving-10] [0m[INFO] [1782354600.694506160] [self_driving]: [1;33m467[0m[0m
[self_driving-10] [0m[INFO] [1782354600.788820894] [self_driving]: [1;33m467[0m[0m
[self_driving-10] [0m[INFO] [1782354600.837409269] [self_driving]: [1;33m467[0m[0m
[self_driving-10] [0m[INFO] [1782354600.902047446] [self_driving]: [1;33m467[0m[0m
[self_driving-10] [0m[INFO] [1782354600.963171933] [self_driving]: [1;33m467[0m[0m
[self_driving-10] [0m[INFO] [1782354601.034996899] [self_driving]: [1;33m467[0m[0m
[self_driving-10] [0m[INFO] [1782354601.095370691] [self_driving]: [1;33m467[0m[0m
[self_driving-10] [0m[INFO] [1782354601.184429065] [self_driving]: [1;33m467[0m[0m
[self_driving-10] [0m[INFO] [1782354601.228372143] [self_driving]: [1;33m467[0m[0m
[self_driving-10] [0m[INFO] [1782354601.296066652] [self_driving]: [1;33m467[0m[0m
[self_driving-10] [0m[INFO] [1782354601.358698731] [self_driving]: [1;33m467[0m[0m
[self_driving-10] [0m[INFO] [1782354601.430074413] [self_driving]: [1;33m467[0m[0m
[self_driving-10] [0m[INFO] [1782354601.501105277] [self_driving]: [1;33m467[0m[0m
[self_driving-10] [0m[INFO] [1782354601.624829267] [self_driving]: [1;33m467[0m[0m
[self_driving-10] [0m[INFO] [1782354601.644084052] [self_driving]: [1;33m467[0m[0m
[self_driving-10] [0m[INFO] [1782354601.695468144] [self_driving]: [1;33m467[0m[0m
[self_driving-10] [0m[INFO] [1782354601.754339530] [self_driving]: [1;33m467[0m[0m
[self_driving-10] [0m[INFO] [1782354601.836156244] [self_driving]: [1;33m467[0m[0m
[self_driving-10] [0m[INFO] [1782354601.901785062] [self_driving]: [1;33m467[0m[0m
[self_driving-10] [0m[INFO] [1782354601.989083193] [self_driving]: [1;33m467[0m[0m
[self_driving-10] [0m[INFO] [1782354602.051512546] [self_driving]: [1;33m467[0m[0m
[self_driving-10] [0m[INFO] [1782354602.107450303] [self_driving]: [1;33m467[0m[0m
[self_driving-10] [0m[INFO] [1782354602.170305809] [self_driving]: [1;33m467[0m[0m
[self_driving-10] [0m[INFO] [1782354602.228878691] [self_driving]: [1;33m467[0m[0m
[self_driving-10] [0m[INFO] [1782354602.302461824] [self_driving]: [1;33m467[0m[0m
[self_driving-10] [0m[INFO] [1782354602.404240960] [self_driving]: [1;33m467[0m[0m
[self_driving-10] [0m[INFO] [1782354602.446920004] [self_driving]: [1;33m467[0m[0m
[self_driving-10] [0m[INFO] [1782354602.510532353] [self_driving]: [1;33m467[0m[0m
[self_driving-10] [0m[INFO] [1782354602.570765328] [self_driving]: [1;33m467[0m[0m
[self_driving-10] [0m[INFO] [1782354602.643257152] [self_driving]: [1;33m467[0m[0m
[self_driving-10] [0m[INFO] [1782354602.703886984] [self_driving]: [1;33m467[0m[0m
[self_driving-10] [0m[INFO] [1782354602.785558102] [self_driving]: [1;33m467[0m[0m
[self_driving-10] [0m[INFO] [1782354602.847915158] [self_driving]: [1;33m467[0m[0m
[self_driving-10] [0m[INFO] [1782354602.915602592] [self_driving]: [1;33m467[0m[0m
[self_driving-10] [0m[INFO] [1782354602.975253820] [self_driving]: [1;33m467[0m[0m
[self_driving-10] [0m[INFO] [1782354603.051473873] [self_driving]: [1;33m467[0m[0m
[self_driving-10] [0m[INFO] [1782354603.112017962] [self_driving]: [1;33m467[0m[0m
[self_driving-10] [0m[INFO] [1782354603.214559031] [self_driving]: [1;33m467[0m[0m
[self_driving-10] [0m[INFO] [1782354603.256021394] [self_driving]: [1;33m467[0m[0m
[self_driving-10] [0m[INFO] [1782354603.308205532] [self_driving]: [1;33m467[0m[0m
[self_driving-10] [0m[INFO] [1782354603.376693919] [self_driving]: [1;33m467[0m[0m
[self_driving-10] [0m[INFO] [1782354603.451422510] [self_driving]: [1;33m467[0m[0m
[self_driving-10] [0m[INFO] [1782354603.532382564] [self_driving]: [1;33m467[0m[0m
[self_driving-10] [0m[INFO] [1782354603.596220637] [self_driving]: [1;33m467[0m[0m
[self_driving-10] [0m[INFO] [1782354603.654294326] [self_driving]: [1;33m467[0m[0m
[self_driving-10] [0m[INFO] [1782354603.721255621] [self_driving]: [1;33m467[0m[0m
[self_driving-10] [0m[INFO] [1782354603.784425019] [self_driving]: [1;33m467[0m[0m
[self_driving-10] [0m[INFO] [1782354603.857195235] [self_driving]: [1;33m467[0m[0m
[self_driving-10] [0m[INFO] [1782354603.952266475] [self_driving]: [1;33m467[0m[0m
[self_driving-10] [0m[INFO] [1782354603.989062152] [self_driving]: [1;33m467[0m[0m
[self_driving-10] [0m[INFO] [1782354604.052840261] [self_driving]: [1;33m467[0m[0m
[self_driving-10] [0m[INFO] [1782354604.126395300] [self_driving]: [1;33m467[0m[0m
[self_driving-10] [0m[INFO] [1782354604.175385492] [self_driving]: [1;33m467[0m[0m
[self_driving-10] [0m[INFO] [1782354604.244667351] [self_driving]: [1;33m467[0m[0m
[self_driving-10] [0m[INFO] [1782354604.351033650] [self_driving]: [1;33m467[0m[0m
[self_driving-10] [0m[INFO] [1782354604.401453488] [self_driving]: [1;33m467[0m[0m
[self_driving-10] [0m[INFO] [1782354604.454096187] [self_driving]: [1;33m467[0m[0m
[self_driving-10] [0m[INFO] [1782354604.521822342] [self_driving]: [1;33m467[0m[0m
[self_driving-10] [0m[INFO] [1782354604.574763970] [self_driving]: [1;33m467[0m[0m
[self_driving-10] [0m[INFO] [1782354604.652612504] [self_driving]: [1;33m467[0m[0m
[self_driving-10] [0m[INFO] [1782354604.726820162] [self_driving]: [1;33m467[0m[0m
[self_driving-10] [0m[INFO] [1782354604.803286513] [self_driving]: [1;33m467[0m[0m
[self_driving-10] [0m[INFO] [1782354604.851777570] [self_driving]: [1;33m467[0m[0m
[self_driving-10] [0m[INFO] [1782354604.930626876] [self_driving]: [1;33m467[0m[0m
[self_driving-10] [0m[INFO] [1782354604.990261009] [self_driving]: [1;33m467[0m[0m
[self_driving-10] [0m[INFO] [1782354605.087009452] [self_driving]: [1;33m467[0m[0m
[self_driving-10] [0m[INFO] [1782354605.125998136] [self_driving]: [1;33m467[0m[0m
[self_driving-10] [0m[INFO] [1782354605.187500087] [self_driving]: [1;33m467[0m[0m
[self_driving-10] [0m[INFO] [1782354605.253508202] [self_driving]: [1;33m467[0m[0m
[self_driving-10] [0m[INFO] [1782354605.330755988] [self_driving]: [1;33m467[0m[0m
[self_driving-10] [0m[INFO] [1782354605.384859833] [self_driving]: [1;33m467[0m[0m
[self_driving-10] [0m[INFO] [1782354605.503324199] [self_driving]: [1;33m467[0m[0m
[self_driving-10] [0m[INFO] [1782354605.521358487] [self_driving]: [1;33m467[0m[0m
[self_driving-10] [0m[INFO] [1782354605.593038762] [self_driving]: [1;33m467[0m[0m
[self_driving-10] [0m[INFO] [1782354605.667759870] [self_driving]: [1;33m467[0m[0m
[self_driving-10] [0m[INFO] [1782354605.731417532] [self_driving]: [1;33m467[0m[0m
[self_driving-10] [0m[INFO] [1782354605.790225840] [self_driving]: [1;33m467[0m[0m
[self_driving-10] [0m[INFO] [1782354605.885260299] [self_driving]: [1;33m467[0m[0m
[self_driving-10] [0m[INFO] [1782354605.941678393] [self_driving]: [1;33m467[0m[0m
[self_driving-10] [0m[INFO] [1782354606.002236426] [self_driving]: [1;33m467[0m[0m
[self_driving-10] [0m[INFO] [1782354606.065204782] [self_driving]: [1;33m467[0m[0m
[self_driving-10] [0m[INFO] [1782354606.143517117] [self_driving]: [1;33m467[0m[0m
[self_driving-10] [0m[INFO] [1782354606.199166979] [self_driving]: [1;33m467[0m[0m
[self_driving-10] [0m[INFO] [1782354606.282771691] [self_driving]: [1;33m467[0m[0m
[self_driving-10] [0m[INFO] [1782354606.339866348] [self_driving]: [1;33m467[0m[0m
[self_driving-10] [0m[INFO] [1782354606.395791010] [self_driving]: [1;33m467[0m[0m
[self_driving-10] [0m[INFO] [1782354606.483465900] [self_driving]: [1;33m467[0m[0m
[self_driving-10] [0m[INFO] [1782354606.539386025] [self_driving]: [1;33m467[0m[0m
[self_driving-10] [0m[INFO] [1782354606.617448505] [self_driving]: [1;33m467[0m[0m
[self_driving-10] [0m[INFO] [1782354606.689790305] [self_driving]: [1;33m467[0m[0m
[self_driving-10] [0m[INFO] [1782354606.741143580] [self_driving]: [1;33m467[0m[0m
[self_driving-10] [0m[INFO] [1782354606.814130796] [self_driving]: [1;33m467[0m[0m
[self_driving-10] [0m[INFO] [1782354606.886868231] [self_driving]: [1;33m467[0m[0m
[self_driving-10] [0m[INFO] [1782354606.930944086] [self_driving]: [1;33m467[0m[0m
[self_driving-10] [0m[INFO] [1782354607.025453408] [self_driving]: [1;33m467[0m[0m
[self_driving-10] [0m[INFO] [1782354607.084468717] [self_driving]: [1;33m467[0m[0m
[self_driving-10] [0m[INFO] [1782354607.142344068] [self_driving]: [1;33m467[0m[0m
[self_driving-10] [0m[INFO] [1782354607.209908737] [self_driving]: [1;33m467[0m[0m
[self_driving-10] [0m[INFO] [1782354607.280509221] [self_driving]: [1;33m467[0m[0m
[self_driving-10] [0m[INFO] [1782354607.348289967] [self_driving]: [1;33m467[0m[0m
[self_driving-10] [0m[INFO] [1782354607.423390244] [self_driving]: [1;33m467[0m[0m
[self_driving-10] [0m[INFO] [1782354607.483797754] [self_driving]: [1;33m467[0m[0m
[self_driving-10] [0m[INFO] [1782354607.543866094] [self_driving]: [1;33m467[0m[0m
[self_driving-10] [0m[INFO] [1782354607.626445719] [self_driving]: [1;33m467[0m[0m
[self_driving-10] [0m[INFO] [1782354607.680068075] [self_driving]: [1;33m467[0m[0m
[self_driving-10] [0m[INFO] [1782354607.728063661] [self_driving]: [1;32mcrosswalk[0m[0m
[self_driving-10] [0m[INFO] [1782354607.735820438] [self_driving]: [1;32mcrosswalk[0m[0m
[self_driving-10] [0m[INFO] [1782354607.774071779] [self_driving]: [1;33m185[0m[0m
[self_driving-10] [0m[INFO] [1782354607.833999951] [self_driving]: [1;33m185[0m[0m
[self_driving-10] [0m[INFO] [1782354607.891005181] [self_driving]: [1;33m185[0m[0m
[self_driving-10] [0m[INFO] [1782354607.958111400] [self_driving]: [1;33m185[0m[0m
[self_driving-10] [0m[INFO] [1782354608.007714968] [self_driving]: [1;33m185[0m[0m
[self_driving-10] [0m[INFO] [1782354608.086342453] [self_driving]: [1;33m185[0m[0m
[self_driving-10] [0m[INFO] [1782354608.139700639] [self_driving]: [1;32mcrosswalk[0m[0m
[self_driving-10] [0m[INFO] [1782354608.175379301] [self_driving]: [1;33m211[0m[0m
[self_driving-10] [0m[INFO] [1782354608.229808703] [self_driving]: [1;33m211[0m[0m
[self_driving-10] [0m[INFO] [1782354608.289410204] [self_driving]: [1;33m211[0m[0m
[self_driving-10] [0m[INFO] [1782354608.342526961] [self_driving]: [1;33m211[0m[0m
[self_driving-10] [0m[INFO] [1782354608.419246164] [self_driving]: [1;33m211[0m[0m
[self_driving-10] [0m[INFO] [1782354608.474736004] [self_driving]: [1;33m211[0m[0m
[self_driving-10] [0m[INFO] [1782354608.521062681] [self_driving]: [1;32mcrosswalk[0m[0m
[self_driving-10] [0m[INFO] [1782354608.591019119] [self_driving]: [1;33m213[0m[0m
[self_driving-10] [0m[INFO] [1782354608.641007080] [self_driving]: [1;33m213[0m[0m
[self_driving-10] [0m[INFO] [1782354608.680120060] [self_driving]: [1;33m213[0m[0m
[self_driving-10] [0m[INFO] [1782354608.753894913] [self_driving]: [1;33m213[0m[0m
[self_driving-10] [0m[INFO] [1782354608.826675884] [self_driving]: [1;33m213[0m[0m
[self_driving-10] [0m[INFO] [1782354608.894787633] [self_driving]: [1;33m213[0m[0m
[self_driving-10] [0m[INFO] [1782354608.955950338] [self_driving]: [1;32mcrosswalk[0m[0m
[self_driving-10] [0m[INFO] [1782354608.957867045] [self_driving]: [1;33m213[0m[0m
[self_driving-10] [0m[INFO] [1782354608.966418109] [self_driving]: [1;32mcrosswalk[0m[0m
[self_driving-10] [0m[INFO] [1782354609.017486731] [self_driving]: [1;33m183[0m[0m
[self_driving-10] [0m[INFO] [1782354609.081943418] [self_driving]: [1;33m183[0m[0m
[self_driving-10] [0m[INFO] [1782354609.149581105] [self_driving]: [1;33m183[0m[0m
[self_driving-10] [0m[INFO] [1782354609.228636038] [self_driving]: [1;33m183[0m[0m
[self_driving-10] [0m[INFO] [1782354609.302553096] [self_driving]: [1;33m183[0m[0m
[self_driving-10] [0m[INFO] [1782354609.322616795] [self_driving]: [1;32mcrosswalk[0m[0m
[self_driving-10] [0m[INFO] [1782354609.325170048] [self_driving]: [1;32mcrosswalk[0m[0m
[self_driving-10] [0m[INFO] [1782354609.375905221] [self_driving]: [1;33m181[0m[0m
[self_driving-10] [0m[INFO] [1782354609.416801685] [self_driving]: [1;33m181[0m[0m
[self_driving-10] [0m[INFO] [1782354609.504371681] [self_driving]: [1;33m181[0m[0m
[self_driving-10] [0m[INFO] [1782354609.550478485] [self_driving]: [1;33m181[0m[0m
[self_driving-10] [0m[INFO] [1782354609.632514083] [self_driving]: [1;33m181[0m[0m
[self_driving-10] [0m[INFO] [1782354609.685323095] [self_driving]: [1;32mcrosswalk[0m[0m
[self_driving-10] [0m[INFO] [1782354609.742666290] [self_driving]: [1;33m185[0m[0m
[self_driving-10] [0m[INFO] [1782354609.781155504] [self_driving]: [1;33m185[0m[0m
[self_driving-10] [0m[INFO] [1782354609.835125196] [self_driving]: [1;33m185[0m[0m
[self_driving-10] [0m[INFO] [1782354609.904044306] [self_driving]: [1;33m185[0m[0m
[self_driving-10] [0m[INFO] [1782354609.953055681] [self_driving]: [1;33m185[0m[0m
[self_driving-10] [0m[INFO] [1782354610.034526586] [self_driving]: [1;33m185[0m[0m
[self_driving-10] [0m[INFO] [1782354610.095268914] [self_driving]: [1;33m185[0m[0m
[self_driving-10] [0m[INFO] [1782354610.111455660] [self_driving]: [1;32mcrosswalk[0m[0m
[self_driving-10] [0m[INFO] [1782354610.117123449] [self_driving]: [1;32mcrosswalk[0m[0m
[self_driving-10] [0m[INFO] [1782354610.184562263] [self_driving]: [1;33m189[0m[0m
[self_driving-10] [0m[INFO] [1782354610.226561147] [self_driving]: [1;33m189[0m[0m
[self_driving-10] [0m[INFO] [1782354610.296564435] [self_driving]: [1;33m189[0m[0m
[self_driving-10] [0m[INFO] [1782354610.357584136] [self_driving]: [1;33m189[0m[0m
[self_driving-10] [0m[INFO] [1782354610.435351072] [self_driving]: [1;33m189[0m[0m
[self_driving-10] [0m[INFO] [1782354610.497846697] [self_driving]: [1;33m189[0m[0m
[self_driving-10] [0m[INFO] [1782354610.517526837] [self_driving]: [1;32mcrosswalk[0m[0m
[self_driving-10] [0m[INFO] [1782354610.581191217] [self_driving]: [1;33m190[0m[0m
[self_driving-10] [0m[INFO] [1782354610.636013715] [self_driving]: [1;33m190[0m[0m
[self_driving-10] [0m[INFO] [1782354610.710038811] [self_driving]: [1;33m190[0m[0m
[self_driving-10] [0m[INFO] [1782354610.760403108] [self_driving]: [1;33m190[0m[0m
[self_driving-10] [0m[INFO] [1782354610.830585862] [self_driving]: [1;33m190[0m[0m
[self_driving-10] [0m[INFO] [1782354610.903106031] [self_driving]: [1;33m190[0m[0m
[self_driving-10] [0m[INFO] [1782354610.912741238] [self_driving]: [1;32mcrosswalk[0m[0m
[self_driving-10] [0m[INFO] [1782354610.921846456] [self_driving]: [1;32mcrosswalk[0m[0m
[self_driving-10] [0m[INFO] [1782354610.991961838] [self_driving]: [1;33m194[0m[0m
[self_driving-10] [0m[INFO] [1782354611.051198110] [self_driving]: [1;33m194[0m[0m
[self_driving-10] [0m[INFO] [1782354611.122835436] [self_driving]: [1;33m194[0m[0m
[self_driving-10] [0m[INFO] [1782354611.177064889] [self_driving]: [1;33m194[0m[0m
[self_driving-10] [0m[INFO] [1782354611.249802191] [self_driving]: [1;33m194[0m[0m
[self_driving-10] [0m[INFO] [1782354611.303197190] [self_driving]: [1;33m194[0m[0m
[self_driving-10] [0m[INFO] [1782354611.345012738] [self_driving]: [1;32mcrosswalk[0m[0m
[self_driving-10] [0m[INFO] [1782354611.348338462] [self_driving]: [1;32mcrosswalk[0m[0m
[self_driving-10] [0m[INFO] [1782354611.401331105] [self_driving]: [1;33m199[0m[0m
[self_driving-10] [0m[INFO] [1782354611.460181243] [self_driving]: [1;33m199[0m[0m
[self_driving-10] [0m[INFO] [1782354611.503260528] [self_driving]: [1;33m199[0m[0m
[self_driving-10] [0m[INFO] [1782354611.563109789] [self_driving]: [1;33m199[0m[0m
[self_driving-10] [0m[INFO] [1782354611.639895471] [self_driving]: [1;33m199[0m[0m
[self_driving-10] [0m[INFO] [1782354611.707820864] [self_driving]: [1;33m199[0m[0m
[self_driving-10] [0m[INFO] [1782354611.736405237] [self_driving]: [1;32mcrosswalk[0m[0m
[self_driving-10] [0m[INFO] [1782354611.739624868] [self_driving]: [1;32mcrosswalk[0m[0m
[self_driving-10] [0m[INFO] [1782354611.805202270] [self_driving]: [1;33m203[0m[0m
[self_driving-10] [0m[INFO] [1782354611.863707681] [self_driving]: [1;33m203[0m[0m
[self_driving-10] [0m[INFO] [1782354611.926838332] [self_driving]: [1;33m203[0m[0m
[self_driving-10] [0m[INFO] [1782354611.983289608] [self_driving]: [1;33m203[0m[0m
[self_driving-10] [0m[INFO] [1782354612.046268276] [self_driving]: [1;33m203[0m[0m
[self_driving-10] [0m[INFO] [1782354612.105741772] [self_driving]: [1;33m203[0m[0m
[self_driving-10] [0m[INFO] [1782354612.164961580] [self_driving]: [1;32mcrosswalk[0m[0m
[self_driving-10] [0m[INFO] [1782354612.167672038] [self_driving]: [1;32mcrosswalk[0m[0m
[self_driving-10] [0m[INFO] [1782354612.186009698] [self_driving]: [1;33m208[0m[0m
[self_driving-10] [0m[INFO] [1782354612.251997567] [self_driving]: [1;33m208[0m[0m
[self_driving-10] [0m[INFO] [1782354612.319675530] [self_driving]: [1;33m208[0m[0m
[self_driving-10] [0m[INFO] [1782354612.386859617] [self_driving]: [1;33m208[0m[0m
[self_driving-10] [0m[INFO] [1782354612.439881019] [self_driving]: [1;33m208[0m[0m
[self_driving-10] [0m[INFO] [1782354612.522933570] [self_driving]: [1;33m208[0m[0m
[self_driving-10] [0m[INFO] [1782354612.571223602] [self_driving]: [1;32mcrosswalk[0m[0m
[self_driving-10] [0m[INFO] [1782354612.576866853] [self_driving]: [1;32mcrosswalk[0m[0m
[self_driving-10] [0m[INFO] [1782354612.628904725] [self_driving]: [1;33m212[0m[0m
[self_driving-10] [0m[INFO] [1782354612.677264257] [self_driving]: [1;33m212[0m[0m
[self_driving-10] [0m[INFO] [1782354612.710163848] [self_driving]: [1;33m212[0m[0m
[self_driving-10] [0m[INFO] [1782354612.787515536] [self_driving]: [1;33m212[0m[0m
[self_driving-10] [0m[INFO] [1782354612.856352753] [self_driving]: [1;33m212[0m[0m
[self_driving-10] [0m[INFO] [1782354612.924289664] [self_driving]: [1;33m212[0m[0m
[self_driving-10] [0m[INFO] [1782354612.975372006] [self_driving]: [1;32mcrosswalk[0m[0m
[self_driving-10] [0m[INFO] [1782354612.979387905] [self_driving]: [1;32mcrosswalk[0m[0m
[self_driving-10] [0m[INFO] [1782354613.034043863] [self_driving]: [1;33m210[0m[0m
[self_driving-10] [0m[INFO] [1782354613.070989186] [self_driving]: [1;33m210[0m[0m
[self_driving-10] [0m[INFO] [1782354613.125803923] [self_driving]: [1;33m210[0m[0m
[self_driving-10] [0m[INFO] [1782354613.192219000] [self_driving]: [1;33m210[0m[0m
[self_driving-10] [0m[INFO] [1782354613.259259658] [self_driving]: [1;33m210[0m[0m
[self_driving-10] [0m[INFO] [1782354613.340611337] [self_driving]: [1;33m210[0m[0m
[self_driving-10] [0m[INFO] [1782354613.387824522] [self_driving]: [1;33m210[0m[0m
[self_driving-10] [0m[INFO] [1782354613.400716507] [self_driving]: [1;32mcrosswalk[0m[0m
[self_driving-10] [0m[INFO] [1782354613.408063538] [self_driving]: [1;32mcrosswalk[0m[0m
[self_driving-10] [0m[INFO] [1782354613.482793731] [self_driving]: [1;33m426[0m[0m
[self_driving-10] [0m[INFO] [1782354613.526544153] [self_driving]: [1;33m426[0m[0m
[self_driving-10] [0m[INFO] [1782354613.594889475] [self_driving]: [1;33m426[0m[0m
[self_driving-10] [0m[INFO] [1782354613.658851264] [self_driving]: [1;33m426[0m[0m
[self_driving-10] [0m[INFO] [1782354613.719397809] [self_driving]: [1;33m426[0m[0m
[self_driving-10] [0m[INFO] [1782354613.771310586] [self_driving]: [1;32mcrosswalk[0m[0m
[self_driving-10] [0m[INFO] [1782354613.780131986] [self_driving]: [1;32mcrosswalk[0m[0m
[self_driving-10] [0m[INFO] [1782354613.822892544] [self_driving]: [1;33m450[0m[0m
[self_driving-10] [0m[INFO] [1782354613.856310085] [self_driving]: [1;33m450[0m[0m
[self_driving-10] [0m[INFO] [1782354613.936259414] [self_driving]: [1;33m450[0m[0m
[self_driving-10] [0m[INFO] [1782354613.987582628] [self_driving]: [1;33m450[0m[0m
[self_driving-10] [0m[INFO] [1782354614.065971494] [self_driving]: [1;33m450[0m[0m
[self_driving-10] [0m[INFO] [1782354614.141027283] [self_driving]: [1;33m450[0m[0m
[self_driving-10] [0m[INFO] [1782354614.192229940] [self_driving]: [1;32mcrosswalk[0m[0m
[self_driving-10] [0m[INFO] [1782354614.202843157] [self_driving]: [1;33m231[0m[0m
[self_driving-10] [0m[INFO] [1782354614.262203947] [self_driving]: [1;33m231[0m[0m
[self_driving-10] [0m[INFO] [1782354614.342539501] [self_driving]: [1;33m231[0m[0m
[self_driving-10] [0m[INFO] [1782354614.407397263] [self_driving]: [1;33m231[0m[0m
[self_driving-10] [0m[INFO] [1782354614.473857470] [self_driving]: [1;33m231[0m[0m
[self_driving-10] [0m[INFO] [1782354614.538283004] [self_driving]: [1;33m231[0m[0m
[self_driving-10] [0m[INFO] [1782354614.566645837] [self_driving]: [1;32mcrosswalk[0m[0m
[self_driving-10] [0m[INFO] [1782354614.625471047] [self_driving]: [1;33m239[0m[0m
[self_driving-10] [0m[INFO] [1782354614.667343335] [self_driving]: [1;33m239[0m[0m
[self_driving-10] [0m[INFO] [1782354614.735714934] [self_driving]: [1;33m239[0m[0m
[self_driving-10] [0m[INFO] [1782354614.810020177] [self_driving]: [1;33m239[0m[0m
[self_driving-10] [0m[INFO] [1782354614.867123663] [self_driving]: [1;33m239[0m[0m
[self_driving-10] [0m[INFO] [1782354614.941355812] [self_driving]: [1;33m239[0m[0m
[self_driving-10] [0m[INFO] [1782354614.955285828] [self_driving]: [1;32mcrosswalk[0m[0m
[self_driving-10] [0m[INFO] [1782354615.029514977] [self_driving]: [1;33m248[0m[0m
[self_driving-10] [0m[INFO] [1782354615.075588092] [self_driving]: [1;33m248[0m[0m
[self_driving-10] [0m[INFO] [1782354615.148025868] [self_driving]: [1;33m248[0m[0m
[self_driving-10] [0m[INFO] [1782354615.194142668] [self_driving]: [1;33m248[0m[0m
[self_driving-10] [0m[INFO] [1782354615.279126554] [self_driving]: [1;33m248[0m[0m
[self_driving-10] [0m[INFO] [1782354615.334836837] [self_driving]: [1;33m248[0m[0m
[self_driving-10] [0m[INFO] [1782354615.409181580] [self_driving]: [1;33m248[0m[0m
[self_driving-10] [0m[INFO] [1782354615.421026719] [self_driving]: [1;32mcrosswalk[0m[0m
[self_driving-10] [0m[INFO] [1782354615.499556215] [self_driving]: [1;33m259[0m[0m
[self_driving-10] [0m[INFO] [1782354615.544216442] [self_driving]: [1;33m259[0m[0m
[self_driving-10] [0m[INFO] [1782354615.608316935] [self_driving]: [1;33m259[0m[0m
[self_driving-10] [0m[INFO] [1782354615.684411347] [self_driving]: [1;33m259[0m[0m
[self_driving-10] [0m[INFO] [1782354615.748381153] [self_driving]: [1;33m259[0m[0m
[self_driving-10] [0m[INFO] [1782354615.807215251] [self_driving]: [1;32mcrosswalk[0m[0m
[self_driving-10] [0m[INFO] [1782354615.830646470] [self_driving]: [1;33m287[0m[0m
[self_driving-10] [0m[INFO] [1782354615.871313188] [self_driving]: [1;33m287[0m[0m
[self_driving-10] [0m[INFO] [1782354615.936315858] [self_driving]: [1;33m287[0m[0m
[self_driving-10] [0m[INFO] [1782354616.022571407] [self_driving]: [1;33m287[0m[0m
[self_driving-10] [0m[INFO] [1782354616.087447353] [self_driving]: [1;33m287[0m[0m
[self_driving-10] [0m[INFO] [1782354616.147674577] [self_driving]: [1;33m287[0m[0m
[self_driving-10] [0m[INFO] [1782354616.163956935] [self_driving]: [1;32mcrosswalk[0m[0m
[self_driving-10] [0m[INFO] [1782354616.238850220] [self_driving]: [1;33m327[0m[0m
[self_driving-10] [0m[INFO] [1782354616.293502157] [self_driving]: [1;33m327[0m[0m
[self_driving-10] [0m[INFO] [1782354616.348996215] [self_driving]: [1;33m327[0m[0m
[self_driving-10] [0m[INFO] [1782354616.416873270] [self_driving]: [1;33m327[0m[0m
[self_driving-10] [0m[INFO] [1782354616.491668980] [self_driving]: [1;33m327[0m[0m
[self_driving-10] [0m[INFO] [1782354616.551490311] [self_driving]: [1;32mcrosswalk[0m[0m
[self_driving-10] [0m[INFO] [1782354616.561271870] [self_driving]: [1;33m358[0m[0m
[self_driving-10] [0m[INFO] [1782354616.642697880] [self_driving]: [1;33m358[0m[0m
[self_driving-10] [0m[INFO] [1782354616.687438016] [self_driving]: [1;33m358[0m[0m
[self_driving-10] [0m[INFO] [1782354616.753907406] [self_driving]: [1;33m358[0m[0m
[self_driving-10] [0m[INFO] [1782354616.822609026] [self_driving]: [1;33m358[0m[0m
[self_driving-10] [0m[INFO] [1782354616.887724678] [self_driving]: [1;33m358[0m[0m
[self_driving-10] [0m[INFO] [1782354616.954048382] [self_driving]: [1;33m358[0m[0m
[self_driving-10] [0m[INFO] [1782354616.962382442] [self_driving]: [1;32mcrosswalk[0m[0m
[self_driving-10] [0m[INFO] [1782354617.030483185] [self_driving]: [1;33m421[0m[0m
[self_driving-10] [0m[INFO] [1782354617.091713976] [self_driving]: [1;33m421[0m[0m
[self_driving-10] [0m[INFO] [1782354617.158829188] [self_driving]: [1;33m421[0m[0m
[self_driving-10] [0m[INFO] [1782354617.211582731] [self_driving]: [1;33m421[0m[0m
[self_driving-10] [0m[INFO] [1782354617.292216731] [self_driving]: [1;33m421[0m[0m
[self_driving-10] [0m[INFO] [1782354617.357560108] [self_driving]: [1;33m421[0m[0m
[self_driving-10] [0m[INFO] [1782354617.383397595] [self_driving]: [1;32mcrosswalk[0m[0m
[self_driving-10] [0m[INFO] [1782354617.471945299] [self_driving]: [1;33m434[0m[0m
[self_driving-10] [0m[INFO] [1782354617.504682905] [self_driving]: [1;33m434[0m[0m
[self_driving-10] [0m[INFO] [1782354617.559797476] [self_driving]: [1;33m434[0m[0m
[self_driving-10] [0m[INFO] [1782354617.619446915] [self_driving]: [1;33m434[0m[0m
[self_driving-10] [0m[INFO] [1782354617.683246014] [self_driving]: [1;33m434[0m[0m
[self_driving-10] [0m[INFO] [1782354617.760348936] [self_driving]: [1;33m434[0m[0m
[self_driving-10] [0m[INFO] [1782354617.784002028] [self_driving]: [1;32mcrosswalk[0m[0m
[self_driving-10] [0m[INFO] [1782354617.844165232] [self_driving]: [1;33m459[0m[0m
[self_driving-10] [0m[INFO] [1782354617.899065042] [self_driving]: [1;33m459[0m[0m
[self_driving-10] [0m[INFO] [1782354617.970243542] [self_driving]: [1;33m459[0m[0m
[self_driving-10] [0m[INFO] [1782354618.027954255] [self_driving]: [1;33m459[0m[0m
[self_driving-10] [0m[INFO] [1782354618.098637822] [self_driving]: [1;33m459[0m[0m
[self_driving-10] [0m[INFO] [1782354618.179428082] [self_driving]: [1;33m459[0m[0m
[self_driving-10] [0m[INFO] [1782354618.242614618] [self_driving]: [1;33m459[0m[0m
[self_driving-10] [0m[INFO] [1782354618.298058285] [self_driving]: [1;33m459[0m[0m
[self_driving-10] [0m[INFO] [1782354618.376904504] [self_driving]: [1;33m459[0m[0m
[self_driving-10] [0m[INFO] [1782354618.420053935] [self_driving]: [1;33m459[0m[0m
[self_driving-10] [0m[INFO] [1782354618.502326601] [self_driving]: [1;33m459[0m[0m
[self_driving-10] [0m[INFO] [1782354618.554943865] [self_driving]: [1;33m459[0m[0m
[self_driving-10] [0m[INFO] [1782354618.651904684] [self_driving]: [1;33m459[0m[0m
[self_driving-10] [0m[INFO] [1782354618.693311095] [self_driving]: [1;33m459[0m[0m
[self_driving-10] [0m[INFO] [1782354618.760666864] [self_driving]: [1;33m459[0m[0m
[self_driving-10] [0m[INFO] [1782354618.824144273] [self_driving]: [1;33m459[0m[0m
[self_driving-10] [0m[INFO] [1782354618.905981768] [self_driving]: [1;33m459[0m[0m
[self_driving-10] [0m[INFO] [1782354618.985557606] [self_driving]: [1;33m459[0m[0m
[self_driving-10] [0m[INFO] [1782354619.046057647] [self_driving]: [1;33m459[0m[0m
[self_driving-10] [0m[INFO] [1782354619.116768937] [self_driving]: [1;33m459[0m[0m
[self_driving-10] [0m[INFO] [1782354619.172796925] [self_driving]: [1;33m459[0m[0m
[self_driving-10] [0m[INFO] [1782354619.243173766] [self_driving]: [1;33m459[0m[0m
[self_driving-10] [0m[INFO] [1782354619.309170241] [self_driving]: [1;33m459[0m[0m
[self_driving-10] [0m[INFO] [1782354619.409498562] [self_driving]: [1;33m459[0m[0m
[self_driving-10] [0m[INFO] [1782354619.441711123] [self_driving]: [1;33m459[0m[0m
[self_driving-10] [0m[INFO] [1782354619.513922190] [self_driving]: [1;33m459[0m[0m
[self_driving-10] [0m[INFO] [1782354619.581066863] [self_driving]: [1;33m459[0m[0m
[self_driving-10] [0m[INFO] [1782354619.636894479] [self_driving]: [1;33m459[0m[0m
[self_driving-10] [0m[INFO] [1782354619.697721319] [self_driving]: [1;33m459[0m[0m
[self_driving-10] [0m[INFO] [1782354619.766829386] [self_driving]: [1;33m459[0m[0m
[self_driving-10] [0m[INFO] [1782354619.857650578] [self_driving]: [1;33m459[0m[0m
[self_driving-10] [0m[INFO] [1782354619.902288970] [self_driving]: [1;33m459[0m[0m
[self_driving-10] [0m[INFO] [1782354619.967962330] [self_driving]: [1;33m459[0m[0m
[self_driving-10] [0m[INFO] [1782354620.048242527] [self_driving]: [1;33m459[0m[0m
[self_driving-10] [0m[INFO] [1782354620.112774262] [self_driving]: [1;33m459[0m[0m
[self_driving-10] [0m[INFO] [1782354620.193090089] [self_driving]: [1;33m459[0m[0m
[self_driving-10] [0m[INFO] [1782354620.248800832] [self_driving]: [1;33m459[0m[0m
[self_driving-10] [0m[INFO] [1782354620.319113597] [self_driving]: [1;33m459[0m[0m
[self_driving-10] [0m[INFO] [1782354620.372694982] [self_driving]: [1;33m459[0m[0m
[self_driving-10] [0m[INFO] [1782354620.444542803] [self_driving]: [1;33m459[0m[0m
[self_driving-10] [0m[INFO] [1782354620.509566192] [self_driving]: [1;33m459[0m[0m
[self_driving-10] [0m[INFO] [1782354620.592913572] [self_driving]: [1;33m459[0m[0m
[self_driving-10] [0m[INFO] [1782354620.649898516] [self_driving]: [1;33m459[0m[0m
[self_driving-10] [0m[INFO] [1782354620.718407779] [self_driving]: [1;33m459[0m[0m
[self_driving-10] [0m[INFO] [1782354620.786027124] [self_driving]: [1;33m459[0m[0m
[self_driving-10] [0m[INFO] [1782354620.849777516] [self_driving]: [1;33m459[0m[0m
[self_driving-10] [0m[INFO] [1782354620.928295470] [self_driving]: [1;33m459[0m[0m
[self_driving-10] [0m[INFO] [1782354620.990835626] [self_driving]: [1;33m459[0m[0m
[self_driving-10] [0m[INFO] [1782354621.061863937] [self_driving]: [1;33m459[0m[0m
[self_driving-10] [0m[INFO] [1782354621.108770576] [self_driving]: [1;33m459[0m[0m
[self_driving-10] [0m[INFO] [1782354621.187167398] [self_driving]: [1;33m459[0m[0m
[self_driving-10] [0m[INFO] [1782354621.249156881] [self_driving]: [1;33m459[0m[0m
[self_driving-10] [0m[INFO] [1782354621.338982780] [self_driving]: [1;33m459[0m[0m
[self_driving-10] [0m[INFO] [1782354621.378325110] [self_driving]: [1;33m459[0m[0m
[self_driving-10] [0m[INFO] [1782354621.464853601] [self_driving]: [1;33m459[0m[0m
[self_driving-10] [0m[INFO] [1782354621.510179241] [self_driving]: [1;33m459[0m[0m
[self_driving-10] [0m[INFO] [1782354621.578429296] [self_driving]: [1;33m459[0m[0m
[self_driving-10] [0m[INFO] [1782354621.653467190] [self_driving]: [1;33m459[0m[0m
[self_driving-10] [0m[INFO] [1782354621.742547525] [self_driving]: [1;33m459[0m[0m
[self_driving-10] [0m[INFO] [1782354621.800551109] [self_driving]: [1;33m459[0m[0m
[self_driving-10] [0m[INFO] [1782354621.859027162] [self_driving]: [1;33m459[0m[0m
[self_driving-10] [0m[INFO] [1782354621.923983031] [self_driving]: [1;33m459[0m[0m
[self_driving-10] [0m[INFO] [1782354621.997046457] [self_driving]: [1;33m459[0m[0m
[self_driving-10] [0m[INFO] [1782354622.059890430] [self_driving]: [1;33m459[0m[0m
[self_driving-10] [0m[INFO] [1782354622.149285528] [self_driving]: [1;33m459[0m[0m
[self_driving-10] [0m[INFO] [1782354622.200895944] [self_driving]: [1;33m459[0m[0m
[self_driving-10] [0m[INFO] [1782354622.269316927] [self_driving]: [1;33m459[0m[0m
[self_driving-10] [0m[INFO] [1782354622.331078424] [self_driving]: [1;33m459[0m[0m
[self_driving-10] [0m[INFO] [1782354622.397217565] [self_driving]: [1;33m459[0m[0m
[self_driving-10] [0m[INFO] [1782354622.464270273] [self_driving]: [1;33m459[0m[0m
[self_driving-10] [0m[INFO] [1782354622.557923661] [self_driving]: [1;33m459[0m[0m
[self_driving-10] [0m[INFO] [1782354622.601401741] [self_driving]: [1;33m459[0m[0m
[self_driving-10] [0m[INFO] [1782354622.677436554] [self_driving]: [1;33m459[0m[0m
[self_driving-10] [0m[INFO] [1782354622.734885075] [self_driving]: [1;33m459[0m[0m
[self_driving-10] [0m[INFO] [1782354622.807334530] [self_driving]: [1;33m459[0m[0m
[self_driving-10] [0m[INFO] [1782354622.868881192] [self_driving]: [1;33m459[0m[0m
[self_driving-10] [0m[INFO] [1782354622.950222270] [self_driving]: [1;33m459[0m[0m
[self_driving-10] [0m[INFO] [1782354622.991913663] [self_driving]: [1;33m459[0m[0m
[self_driving-10] [0m[INFO] [1782354623.078610506] [self_driving]: [1;33m459[0m[0m
[self_driving-10] [0m[INFO] [1782354623.138420054] [self_driving]: [1;33m459[0m[0m
[self_driving-10] [0m[INFO] [1782354623.200226459] [self_driving]: [1;33m459[0m[0m
[self_driving-10] [0m[INFO] [1782354623.305298108] [self_driving]: [1;33m459[0m[0m
[self_driving-10] [0m[INFO] [1782354623.357960870] [self_driving]: [1;33m459[0m[0m
[self_driving-10] [0m[INFO] [1782354623.401977938] [self_driving]: [1;33m459[0m[0m
[self_driving-10] [0m[INFO] [1782354623.466480411] [self_driving]: [1;33m459[0m[0m
[self_driving-10] [0m[INFO] [1782354623.543491770] [self_driving]: [1;33m459[0m[0m
[self_driving-10] [0m[INFO] [1782354623.606318354] [self_driving]: [1;33m459[0m[0m
[self_driving-10] [0m[INFO] [1782354623.687746191] [self_driving]: [1;33m459[0m[0m
[self_driving-10] [0m[INFO] [1782354623.766609887] [self_driving]: [1;33m459[0m[0m
[self_driving-10] [0m[INFO] [1782354623.811637800] [self_driving]: [1;33m459[0m[0m
[self_driving-10] [0m[INFO] [1782354623.875758547] [self_driving]: [1;33m459[0m[0m
[self_driving-10] [0m[INFO] [1782354623.939587475] [self_driving]: [1;33m459[0m[0m
[self_driving-10] [0m[INFO] [1782354624.017394381] [self_driving]: [1;33m459[0m[0m
[self_driving-10] [0m[INFO] [1782354624.090361248] [self_driving]: [1;33m459[0m[0m
[self_driving-10] [0m[INFO] [1782354624.151996817] [self_driving]: [1;33m459[0m[0m
[self_driving-10] [0m[INFO] [1782354624.212836006] [self_driving]: [1;33m459[0m[0m
[self_driving-10] [0m[INFO] [1782354624.269187124] [self_driving]: [1;33m459[0m[0m
[self_driving-10] [0m[INFO] [1782354624.333472020] [self_driving]: [1;33m459[0m[0m
[self_driving-10] [0m[INFO] [1782354624.399717235] [self_driving]: [1;33m459[0m[0m
[self_driving-10] [0m[INFO] [1782354624.472189875] [self_driving]: [1;33m459[0m[0m
[self_driving-10] [0m[INFO] [1782354624.542590119] [self_driving]: [1;33m459[0m[0m
[self_driving-10] [0m[INFO] [1782354624.612700435] [self_driving]: [1;33m459[0m[0m
[self_driving-10] [0m[INFO] [1782354624.680768319] [self_driving]: [1;33m459[0m[0m
[self_driving-10] [0m[INFO] [1782354624.747867711] [self_driving]: [1;33m459[0m[0m
[self_driving-10] [0m[INFO] [1782354624.792303487] [self_driving]: [1;32mcrosswalk[0m[0m
[self_driving-10] [0m[INFO] [1782354624.810098453] [self_driving]: [1;33m270[0m[0m
[self_driving-10] [0m[INFO] [1782354624.891002228] [self_driving]: [1;33m270[0m[0m
[self_driving-10] [0m[INFO] [1782354624.954034516] [self_driving]: [1;33m270[0m[0m
[self_driving-10] [0m[INFO] [1782354625.017318104] [self_driving]: [1;33m270[0m[0m
[self_driving-10] [0m[INFO] [1782354625.088774157] [self_driving]: [1;33m270[0m[0m
[self_driving-10] [0m[INFO] [1782354625.153422575] [self_driving]: [1;33m270[0m[0m
[self_driving-10] [0m[INFO] [1782354625.179650417] [self_driving]: [1;32mcrosswalk[0m[0m
[self_driving-10] [0m[INFO] [1782354625.181973258] [self_driving]: [1;32mgo[0m[0m
[self_driving-10] [0m[INFO] [1782354625.186861334] [self_driving]: [1;32mcrosswalk[0m[0m
[self_driving-10] [0m[INFO] [1782354625.245208771] [self_driving]: [1;33m207[0m[0m
[self_driving-10] [0m[INFO] [1782354625.301157995] [self_driving]: [1;33m207[0m[0m
[self_driving-10] [0m[INFO] [1782354625.367833214] [self_driving]: [1;33m207[0m[0m
[self_driving-10] [0m[INFO] [1782354625.423056745] [self_driving]: [1;33m207[0m[0m
[self_driving-10] [0m[INFO] [1782354625.490453695] [self_driving]: [1;33m207[0m[0m
[self_driving-10] [0m[INFO] [1782354625.541966182] [self_driving]: [1;33m207[0m[0m
[self_driving-10] [0m[INFO] [1782354625.590239466] [self_driving]: [1;32mcrosswalk[0m[0m
[self_driving-10] [0m[INFO] [1782354625.592146266] [self_driving]: [1;32mgo[0m[0m
[self_driving-10] [0m[INFO] [1782354625.600656976] [self_driving]: [1;32mcrosswalk[0m[0m
[self_driving-10] [0m[INFO] [1782354625.635591252] [self_driving]: [1;33m209[0m[0m
[self_driving-10] [0m[INFO] [1782354625.695637302] [self_driving]: [1;33m209[0m[0m
[self_driving-10] [0m[INFO] [1782354625.759127280] [self_driving]: [1;33m209[0m[0m
[self_driving-10] [0m[INFO] [1782354625.833417977] [self_driving]: [1;33m209[0m[0m
[self_driving-10] [0m[INFO] [1782354625.903419253] [self_driving]: [1;33m209[0m[0m
[self_driving-10] [0m[INFO] [1782354625.960092875] [self_driving]: [1;33m209[0m[0m
[self_driving-10] [0m[INFO] [1782354626.001471133] [self_driving]: [1;32mcrosswalk[0m[0m
[self_driving-10] [0m[INFO] [1782354626.007027883] [self_driving]: [1;32mgo[0m[0m
[self_driving-10] [0m[INFO] [1782354626.056226547] [self_driving]: [1;33m0[0m[0m
[self_driving-10] [0m[INFO] [1782354626.115609347] [self_driving]: [1;33m0[0m[0m
[self_driving-10] [0m[INFO] [1782354626.166403400] [self_driving]: [1;33m0[0m[0m
[self_driving-10] [0m[INFO] [1782354626.218896176] [self_driving]: [1;33m0[0m[0m
[self_driving-10] [0m[INFO] [1782354626.299296850] [self_driving]: [1;33m0[0m[0m
[self_driving-10] [0m[INFO] [1782354626.357405636] [self_driving]: [1;33m0[0m[0m
[self_driving-10] [0m[INFO] [1782354626.423751425] [self_driving]: [1;32mcrosswalk[0m[0m
[self_driving-10] [0m[INFO] [1782354626.424128966] [self_driving]: [1;33m0[0m[0m
[self_driving-10] [0m[INFO] [1782354626.433341314] [self_driving]: [1;32mcrosswalk[0m[0m
[self_driving-10] [0m[INFO] [1782354626.508349500] [self_driving]: [1;33m215[0m[0m
[self_driving-10] [0m[INFO] [1782354626.572841693] [self_driving]: [1;33m215[0m[0m
[self_driving-10] [0m[INFO] [1782354626.635134990] [self_driving]: [1;33m215[0m[0m
[self_driving-10] [0m[INFO] [1782354626.691424329] [self_driving]: [1;33m215[0m[0m
[self_driving-10] [0m[INFO] [1782354626.759867346] [self_driving]: [1;33m215[0m[0m
[self_driving-10] [0m[INFO] [1782354626.815984571] [self_driving]: [1;32mgo[0m[0m
[self_driving-10] [0m[INFO] [1782354626.819421092] [self_driving]: [1;32mcrosswalk[0m[0m
[self_driving-10] [0m[INFO] [1782354626.870549316] [self_driving]: [1;32mcrosswalk[0m[0m
[self_driving-10] [0m[INFO] [1782354626.879628291] [self_driving]: [1;33m218[0m[0m
[self_driving-10] [0m[INFO] [1782354626.918181591] [self_driving]: [1;33m218[0m[0m
[self_driving-10] [0m[INFO] [1782354626.986244103] [self_driving]: [1;33m218[0m[0m
[self_driving-10] [0m[INFO] [1782354627.031439313] [self_driving]: [1;33m218[0m[0m
[self_driving-10] [0m[INFO] [1782354627.092270555] [self_driving]: [1;33m218[0m[0m
[self_driving-10] [0m[INFO] [1782354627.170764058] [self_driving]: [1;33m218[0m[0m
[self_driving-10] [0m[INFO] [1782354627.223763729] [self_driving]: [1;33m218[0m[0m
[self_driving-10] [0m[INFO] [1782354627.231491281] [self_driving]: [1;32mgo[0m[0m
[self_driving-10] [0m[INFO] [1782354627.234166109] [self_driving]: [1;32mcrosswalk[0m[0m
[self_driving-10] [0m[INFO] [1782354627.308636898] [self_driving]: [1;33m224[0m[0m
[self_driving-10] [0m[INFO] [1782354627.376901894] [self_driving]: [1;33m224[0m[0m
[self_driving-10] [0m[INFO] [1782354627.436009931] [self_driving]: [1;33m224[0m[0m
[self_driving-10] [0m[INFO] [1782354627.503980849] [self_driving]: [1;33m224[0m[0m
[self_driving-10] [0m[INFO] [1782354627.575918869] [self_driving]: [1;33m224[0m[0m
[self_driving-10] [0m[INFO] [1782354627.599694256] [self_driving]: [1;32mcrosswalk[0m[0m
[self_driving-10] [0m[INFO] [1782354627.606351203] [self_driving]: [1;32mgo[0m[0m
[self_driving-10] [0m[INFO] [1782354627.668582610] [self_driving]: [1;33m0[0m[0m
[self_driving-10] [0m[INFO] [1782354627.717293657] [self_driving]: [1;33m0[0m[0m
[self_driving-10] [0m[INFO] [1782354627.772560483] [self_driving]: [1;33m0[0m[0m
[self_driving-10] [0m[INFO] [1782354627.844267814] [self_driving]: [1;33m0[0m[0m
[self_driving-10] [0m[INFO] [1782354627.908035091] [self_driving]: [1;33m0[0m[0m
[self_driving-10] [0m[INFO] [1782354627.987855221] [self_driving]: [1;33m0[0m[0m
[self_driving-10] [0m[INFO] [1782354628.019736312] [self_driving]: [1;32mcrosswalk[0m[0m
[self_driving-10] [0m[INFO] [1782354628.058874507] [self_driving]: [1;33m247[0m[0m
[self_driving-10] [0m[INFO] [1782354628.119924307] [self_driving]: [1;33m247[0m[0m
[self_driving-10] [0m[INFO] [1782354628.184107199] [self_driving]: [1;33m247[0m[0m
[self_driving-10] [0m[INFO] [1782354628.248969654] [self_driving]: [1;33m247[0m[0m
[self_driving-10] [0m[INFO] [1782354628.315110754] [self_driving]: [1;33m247[0m[0m
[self_driving-10] [0m[INFO] [1782354628.380026135] [self_driving]: [1;33m247[0m[0m
[self_driving-10] [0m[INFO] [1782354628.416478743] [self_driving]: [1;32mcrosswalk[0m[0m
[self_driving-10] [0m[INFO] [1782354628.451740559] [self_driving]: [1;33m257[0m[0m
[self_driving-10] [0m[INFO] [1782354628.524994315] [self_driving]: [1;33m257[0m[0m
[self_driving-10] [0m[INFO] [1782354628.575551660] [self_driving]: [1;33m257[0m[0m
[self_driving-10] [0m[INFO] [1782354628.641050049] [self_driving]: [1;33m257[0m[0m
[self_driving-10] [0m[INFO] [1782354628.721022364] [self_driving]: [1;33m257[0m[0m
[self_driving-10] [0m[INFO] [1782354628.779701322] [self_driving]: [1;33m257[0m[0m
[self_driving-10] [0m[INFO] [1782354628.823668850] [self_driving]: [1;32mcrosswalk[0m[0m
[self_driving-10] [0m[INFO] [1782354628.867126409] [self_driving]: [1;33m271[0m[0m
[self_driving-10] [0m[INFO] [1782354628.921641078] [self_driving]: [1;33m271[0m[0m
[self_driving-10] [0m[INFO] [1782354628.987338173] [self_driving]: [1;33m271[0m[0m
[self_driving-10] [0m[INFO] [1782354629.053360326] [self_driving]: [1;33m271[0m[0m
[self_driving-10] [0m[INFO] [1782354629.126459450] [self_driving]: [1;33m271[0m[0m
[self_driving-10] [0m[INFO] [1782354629.188076904] [self_driving]: [1;33m271[0m[0m
[self_driving-10] [0m[INFO] [1782354629.215639241] [self_driving]: [1;32mcrosswalk[0m[0m
[self_driving-10] [0m[INFO] [1782354629.272861311] [self_driving]: [1;33m288[0m[0m
[self_driving-10] [0m[INFO] [1782354629.339656788] [self_driving]: [1;33m288[0m[0m
[self_driving-10] [0m[INFO] [1782354629.391681372] [self_driving]: [1;33m288[0m[0m
[self_driving-10] [0m[INFO] [1782354629.455475129] [self_driving]: [1;33m288[0m[0m
[self_driving-10] [0m[INFO] [1782354629.524613985] [self_driving]: [1;33m288[0m[0m
[self_driving-10] [0m[INFO] [1782354629.599252238] [self_driving]: [1;33m288[0m[0m
[self_driving-10] [0m[INFO] [1782354629.660481780] [self_driving]: [1;33m288[0m[0m
[self_driving-10] [0m[INFO] [1782354629.690896799] [self_driving]: [1;32mcrosswalk[0m[0m
[self_driving-10] [0m[INFO] [1782354629.694467988] [self_driving]: [1;32mcrosswalk[0m[0m
[self_driving-10] [0m[INFO] [1782354629.747220117] [self_driving]: [1;33m3[0m[0m
[self_driving-10] [0m[INFO] [1782354629.789022824] [self_driving]: [1;33m3[0m[0m
[self_driving-10] [0m[INFO] [1782354629.858230551] [self_driving]: [1;33m3[0m[0m
[self_driving-10] [0m[INFO] [1782354629.924247000] [self_driving]: [1;33m3[0m[0m
[self_driving-10] [0m[INFO] [1782354629.991594261] [self_driving]: [1;33m3[0m[0m
[self_driving-10] [0m[INFO] [1782354630.061565515] [self_driving]: [1;33m3[0m[0m
[self_driving-10] [0m[INFO] [1782354630.079496815] [self_driving]: [1;32mcrosswalk[0m[0m
[self_driving-10] [0m[INFO] [1782354630.135625946] [self_driving]: [1;33m347[0m[0m
[self_driving-10] [0m[INFO] [1782354630.195410248] [self_driving]: [1;33m347[0m[0m
[self_driving-10] [0m[INFO] [1782354630.265343927] [self_driving]: [1;33m347[0m[0m
[self_driving-10] [0m[INFO] [1782354630.332854967] [self_driving]: [1;33m347[0m[0m
[self_driving-10] [0m[INFO] [1782354630.382785600] [self_driving]: [1;33m347[0m[0m
[self_driving-10] [0m[INFO] [1782354630.461576808] [self_driving]: [1;33m347[0m[0m
[self_driving-10] [0m[INFO] [1782354630.473967433] [self_driving]: [1;32mcrosswalk[0m[0m
[self_driving-10] [0m[INFO] [1782354630.542979971] [self_driving]: [1;33m400[0m[0m
[self_driving-10] [0m[INFO] [1782354630.612686981] [self_driving]: [1;33m400[0m[0m
[self_driving-10] [0m[INFO] [1782354630.665250330] [self_driving]: [1;33m400[0m[0m
[self_driving-10] [0m[INFO] [1782354630.724929928] [self_driving]: [1;33m400[0m[0m
[self_driving-10] [0m[INFO] [1782354630.788570849] [self_driving]: [1;33m400[0m[0m
[self_driving-10] [0m[INFO] [1782354630.840642266] [self_driving]: [1;32mcrosswalk[0m[0m
[self_driving-10] [0m[INFO] [1782354630.847030321] [self_driving]: [1;32mcrosswalk[0m[0m
[self_driving-10] [0m[INFO] [1782354630.884893055] [self_driving]: [1;33m221[0m[0m
[self_driving-10] [0m[INFO] [1782354630.942518555] [self_driving]: [1;33m221[0m[0m
[self_driving-10] [0m[INFO] [1782354630.999162729] [self_driving]: [1;33m221[0m[0m
[self_driving-10] [0m[INFO] [1782354631.054172494] [self_driving]: [1;33m221[0m[0m
[self_driving-10] [0m[INFO] [1782354631.149132517] [self_driving]: [1;33m221[0m[0m
[self_driving-10] [0m[INFO] [1782354631.190144602] [self_driving]: [1;33m221[0m[0m
[self_driving-10] [0m[INFO] [1782354631.273931237] [self_driving]: [1;33m221[0m[0m
[self_driving-10] [0m[INFO] [1782354631.329512712] [self_driving]: [1;33m221[0m[0m
[self_driving-10] [0m[INFO] [1782354631.406678659] [self_driving]: [1;33m221[0m[0m
[self_driving-10] [0m[INFO] [1782354631.470448804] [self_driving]: [1;33m221[0m[0m
[self_driving-10] [0m[INFO] [1782354631.545438837] [self_driving]: [1;33m221[0m[0m
[self_driving-10] [0m[INFO] [1782354631.599482702] [self_driving]: [1;32mcrosswalk[0m[0m
[self_driving-10] [0m[INFO] [1782354631.600068061] [self_driving]: [1;33m221[0m[0m
[self_driving-10] [0m[INFO] [1782354631.681364759] [self_driving]: [1;33m359[0m[0m
[self_driving-10] [0m[INFO] [1782354631.739447041] [self_driving]: [1;33m359[0m[0m
[self_driving-10] [0m[INFO] [1782354631.808006908] [self_driving]: [1;33m359[0m[0m
[self_driving-10] [0m[INFO] [1782354631.872125000] [self_driving]: [1;33m359[0m[0m
[self_driving-10] [0m[INFO] [1782354631.944049979] [self_driving]: [1;33m359[0m[0m
[self_driving-10] [0m[INFO] [1782354631.973683637] [self_driving]: [1;32mcrosswalk[0m[0m
[self_driving-10] [0m[INFO] [1782354632.029072832] [self_driving]: [1;33m421[0m[0m
[self_driving-10] [0m[INFO] [1782354632.064464648] [self_driving]: [1;33m421[0m[0m
[self_driving-10] [0m[INFO] [1782354632.140584360] [self_driving]: [1;33m421[0m[0m
[self_driving-10] [0m[INFO] [1782354632.215863618] [self_driving]: [1;33m421[0m[0m
[self_driving-10] [0m[INFO] [1782354632.275517269] [self_driving]: [1;33m421[0m[0m
[self_driving-10] [0m[INFO] [1782354632.349468530] [self_driving]: [1;33m421[0m[0m
[self_driving-10] [0m[INFO] [1782354632.415524848] [self_driving]: [1;33m421[0m[0m
[self_driving-10] [0m[INFO] [1782354632.488098075] [self_driving]: [1;33m421[0m[0m
[self_driving-10] [0m[INFO] [1782354632.532260066] [self_driving]: [1;33m421[0m[0m
[self_driving-10] [0m[INFO] [1782354632.602662545] [self_driving]: [1;33m421[0m[0m
[self_driving-10] [0m[INFO] [1782354632.680077643] [self_driving]: [1;33m421[0m[0m
[self_driving-10] [0m[INFO] [1782354632.734298028] [self_driving]: [1;33m421[0m[0m
[self_driving-10] [0m[INFO] [1782354632.829019936] [self_driving]: [1;33m421[0m[0m
[self_driving-10] [0m[INFO] [1782354632.883771494] [self_driving]: [1;33m421[0m[0m
[self_driving-10] [0m[INFO] [1782354632.939373117] [self_driving]: [1;33m421[0m[0m
[self_driving-10] [0m[INFO] [1782354633.016334228] [self_driving]: [1;33m421[0m[0m
[self_driving-10] [0m[INFO] [1782354633.071701607] [self_driving]: [1;33m421[0m[0m
[self_driving-10] [0m[INFO] [1782354633.162361652] [self_driving]: [1;33m421[0m[0m
[self_driving-10] [0m[INFO] [1782354633.207137391] [self_driving]: [1;33m421[0m[0m
[self_driving-10] [0m[INFO] [1782354633.290601039] [self_driving]: [1;33m421[0m[0m
[self_driving-10] [0m[INFO] [1782354633.356509447] [self_driving]: [1;33m421[0m[0m
[self_driving-10] [0m[INFO] [1782354633.418666849] [self_driving]: [1;33m421[0m[0m
[self_driving-10] [0m[INFO] [1782354633.478772375] [self_driving]: [1;33m421[0m[0m
[self_driving-10] [0m[INFO] [1782354633.576269815] [self_driving]: [1;33m421[0m[0m
[self_driving-10] [0m[INFO] [1782354633.626723785] [self_driving]: [1;33m421[0m[0m
[self_driving-10] [0m[INFO] [1782354633.690751468] [self_driving]: [1;33m421[0m[0m
[self_driving-10] [0m[INFO] [1782354633.741924299] [self_driving]: [1;33m421[0m[0m
[self_driving-10] [0m[INFO] [1782354633.826355939] [self_driving]: [1;33m421[0m[0m
[self_driving-10] [0m[INFO] [1782354633.915388244] [self_driving]: [1;33m421[0m[0m
[self_driving-10] [0m[INFO] [1782354633.968809415] [self_driving]: [1;33m421[0m[0m
[self_driving-10] [0m[INFO] [1782354634.018466469] [self_driving]: [1;33m421[0m[0m
[self_driving-10] [0m[INFO] [1782354634.086509327] [self_driving]: [1;33m421[0m[0m
[self_driving-10] [0m[INFO] [1782354634.143674671] [self_driving]: [1;33m421[0m[0m
[self_driving-10] [0m[INFO] [1782354634.218864426] [self_driving]: [1;33m421[0m[0m
[self_driving-10] [0m[INFO] [1782354634.319937906] [self_driving]: [1;33m421[0m[0m
[self_driving-10] [0m[INFO] [1782354634.356668551] [self_driving]: [1;33m421[0m[0m
[self_driving-10] [0m[INFO] [1782354634.421888099] [self_driving]: [1;33m421[0m[0m
[self_driving-10] [0m[INFO] [1782354634.500881805] [self_driving]: [1;33m421[0m[0m
[self_driving-10] [0m[INFO] [1782354634.565209268] [self_driving]: [1;33m421[0m[0m
[self_driving-10] [0m[INFO] [1782354634.616756603] [self_driving]: [1;33m421[0m[0m
[self_driving-10] [0m[INFO] [1782354634.711150987] [self_driving]: [1;33m421[0m[0m
[self_driving-10] [0m[INFO] [1782354634.753204416] [self_driving]: [1;33m421[0m[0m
[self_driving-10] [0m[INFO] [1782354634.830524751] [self_driving]: [1;33m421[0m[0m
[self_driving-10] [0m[INFO] [1782354634.898903520] [self_driving]: [1;33m421[0m[0m
[self_driving-10] [0m[INFO] [1782354634.964425831] [self_driving]: [1;33m421[0m[0m
[self_driving-10] [0m[INFO] [1782354635.028943166] [self_driving]: [1;33m421[0m[0m
[self_driving-10] [0m[INFO] [1782354635.110107026] [self_driving]: [1;33m421[0m[0m
[self_driving-10] [0m[INFO] [1782354635.167823265] [self_driving]: [1;33m421[0m[0m
[self_driving-10] [0m[INFO] [1782354635.238816693] [self_driving]: [1;33m421[0m[0m
[self_driving-10] [0m[INFO] [1782354635.299840895] [self_driving]: [1;33m421[0m[0m
[self_driving-10] [0m[INFO] [1782354635.366826129] [self_driving]: [1;33m421[0m[0m
[self_driving-10] [0m[INFO] [1782354635.436600303] [self_driving]: [1;33m421[0m[0m
[self_driving-10] [0m[INFO] [1782354635.520496398] [self_driving]: [1;33m421[0m[0m
[self_driving-10] [0m[INFO] [1782354635.568059205] [self_driving]: [1;33m421[0m[0m
[self_driving-10] [0m[INFO] [1782354635.637223445] [self_driving]: [1;33m421[0m[0m
[self_driving-10] [0m[INFO] [1782354635.708705787] [self_driving]: [1;33m421[0m[0m
[self_driving-10] [0m[INFO] [1782354635.762682889] [self_driving]: [1;33m421[0m[0m
[self_driving-10] [0m[INFO] [1782354635.857044735] [self_driving]: [1;33m421[0m[0m
[self_driving-10] [0m[INFO] [1782354635.906257301] [self_driving]: [1;33m421[0m[0m
[self_driving-10] [0m[INFO] [1782354635.965282425] [self_driving]: [1;33m421[0m[0m
[self_driving-10] [0m[INFO] [1782354636.040844146] [self_driving]: [1;33m421[0m[0m
[self_driving-10] [0m[INFO] [1782354636.113907449] [self_driving]: [1;33m421[0m[0m
[self_driving-10] [0m[INFO] [1782354636.168993879] [self_driving]: [1;33m421[0m[0m
[self_driving-10] [0m[INFO] [1782354636.258782134] [self_driving]: [1;33m421[0m[0m
[self_driving-10] [0m[INFO] [1782354636.311249663] [self_driving]: [1;33m421[0m[0m
[self_driving-10] [0m[INFO] [1782354636.383424178] [self_driving]: [1;33m421[0m[0m
[self_driving-10] [0m[INFO] [1782354636.432116368] [self_driving]: [1;33m421[0m[0m
[self_driving-10] [0m[INFO] [1782354636.525159104] [self_driving]: [1;33m421[0m[0m
[self_driving-10] [0m[INFO] [1782354636.575788335] [self_driving]: [1;33m421[0m[0m
[self_driving-10] [0m[INFO] [1782354636.662077716] [self_driving]: [1;33m421[0m[0m
[self_driving-10] [0m[INFO] [1782354636.701830988] [self_driving]: [1;33m421[0m[0m
[self_driving-10] [0m[INFO] [1782354636.780705432] [self_driving]: [1;33m421[0m[0m
[self_driving-10] [0m[INFO] [1782354636.836342572] [self_driving]: [1;33m421[0m[0m
[self_driving-10] [0m[INFO] [1782354636.917382726] [self_driving]: [1;33m421[0m[0m
[self_driving-10] [0m[INFO] [1782354636.980145855] [self_driving]: [1;33m421[0m[0m
[self_driving-10] [0m[INFO] [1782354637.052936932] [self_driving]: [1;33m421[0m[0m
[self_driving-10] [0m[INFO] [1782354637.123614874] [self_driving]: [1;33m421[0m[0m
[self_driving-10] [0m[INFO] [1782354637.198541734] [self_driving]: [1;33m421[0m[0m
[self_driving-10] [0m[INFO] [1782354637.235701143] [self_driving]: [1;33m421[0m[0m
[self_driving-10] [0m[INFO] [1782354637.305235997] [self_driving]: [1;33m421[0m[0m
[self_driving-10] [0m[INFO] [1782354637.399486265] [self_driving]: [1;33m421[0m[0m
[self_driving-10] [0m[INFO] [1782354637.463825449] [self_driving]: [1;33m421[0m[0m
[self_driving-10] [0m[INFO] [1782354637.535383197] [self_driving]: [1;33m421[0m[0m
[self_driving-10] [0m[INFO] [1782354637.587014734] [self_driving]: [1;33m421[0m[0m
[self_driving-10] [0m[INFO] [1782354637.643594143] [self_driving]: [1;33m421[0m[0m
[self_driving-10] [0m[INFO] [1782354637.713279444] [self_driving]: [1;33m421[0m[0m
[self_driving-10] [0m[INFO] [1782354637.794213207] [self_driving]: [1;33m421[0m[0m
[self_driving-10] [0m[INFO] [1782354637.865435136] [self_driving]: [1;33m421[0m[0m
[self_driving-10] [0m[INFO] [1782354637.925483234] [self_driving]: [1;33m421[0m[0m
[self_driving-10] [0m[INFO] [1782354637.975771848] [self_driving]: [1;33m421[0m[0m
[self_driving-10] [0m[INFO] [1782354638.053540315] [self_driving]: [1;33m421[0m[0m
[self_driving-10] [0m[INFO] [1782354638.146681958] [self_driving]: [1;33m421[0m[0m
[self_driving-10] [0m[INFO] [1782354638.192745524] [self_driving]: [1;33m421[0m[0m
[self_driving-10] [0m[INFO] [1782354638.252688620] [self_driving]: [1;33m421[0m[0m
[self_driving-10] [0m[INFO] [1782354638.314092269] [self_driving]: [1;33m421[0m[0m
[self_driving-10] [0m[INFO] [1782354638.377757648] [self_driving]: [1;33m421[0m[0m
[self_driving-10] [0m[INFO] [1782354638.453738723] [self_driving]: [1;33m421[0m[0m
[self_driving-10] [0m[INFO] [1782354638.543693774] [self_driving]: [1;33m421[0m[0m
[self_driving-10] [0m[INFO] [1782354638.599051058] [self_driving]: [1;33m421[0m[0m
[self_driving-10] [0m[INFO] [1782354638.652651080] [self_driving]: [1;33m421[0m[0m
[self_driving-10] [0m[INFO] [1782354638.724404571] [self_driving]: [1;33m421[0m[0m
[self_driving-10] [0m[INFO] [1782354638.798195640] [self_driving]: [1;33m421[0m[0m
[self_driving-10] [0m[INFO] [1782354638.859991479] [self_driving]: [1;33m421[0m[0m
[self_driving-10] [0m[INFO] [1782354638.941189170] [self_driving]: [1;33m421[0m[0m
[self_driving-10] [0m[INFO] [1782354639.004794844] [self_driving]: [1;33m421[0m[0m
[self_driving-10] [0m[INFO] [1782354639.056897108] [self_driving]: [1;33m421[0m[0m
[self_driving-10] [0m[INFO] [1782354639.113051493] [self_driving]: [1;33m421[0m[0m
[self_driving-10] [0m[INFO] [1782354639.190092950] [self_driving]: [1;33m421[0m[0m
[self_driving-10] [0m[INFO] [1782354639.269075560] [self_driving]: [1;33m421[0m[0m
[self_driving-10] [0m[INFO] [1782354639.353783550] [self_driving]: [1;33m421[0m[0m
[self_driving-10] [0m[INFO] [1782354639.395311266] [self_driving]: [1;33m421[0m[0m
[self_driving-10] [0m[INFO] [1782354639.465194957] [self_driving]: [1;33m421[0m[0m
[self_driving-10] [0m[INFO] [1782354639.534974479] [self_driving]: [1;33m421[0m[0m
[self_driving-10] [0m[INFO] [1782354639.602586365] [self_driving]: [1;33m421[0m[0m
[self_driving-10] [0m[INFO] [1782354639.663904254] [self_driving]: [1;33m421[0m[0m
[self_driving-10] [0m[INFO] [1782354639.786027728] [self_driving]: [1;33m421[0m[0m
[self_driving-10] [0m[INFO] [1782354639.806455851] [self_driving]: [1;33m421[0m[0m
[self_driving-10] [0m[INFO] [1782354639.864535184] [self_driving]: [1;33m421[0m[0m
[self_driving-10] [0m[INFO] [1782354639.926311911] [self_driving]: [1;33m421[0m[0m
[self_driving-10] [0m[INFO] [1782354640.002293041] [self_driving]: [1;33m421[0m[0m
[self_driving-10] [0m[INFO] [1782354640.073678989] [self_driving]: [1;33m421[0m[0m
[self_driving-10] [0m[INFO] [1782354640.097958415] [self_driving]: [1;32mcrosswalk[0m[0m
[self_driving-10] [0m[INFO] [1782354640.099676360] [self_driving]: [1;32mcrosswalk[0m[0m
[self_driving-10] [0m[INFO] [1782354640.104156967] [self_driving]: [1;32mgo[0m[0m
[self_driving-10] [0m[INFO] [1782354640.162425450] [self_driving]: [1;33m0[0m[0m
[self_driving-10] [0m[INFO] [1782354640.218857022] [self_driving]: [1;33m0[0m[0m
[self_driving-10] [0m[INFO] [1782354640.278983729] [self_driving]: [1;33m0[0m[0m
[self_driving-10] [0m[INFO] [1782354640.339665795] [self_driving]: [1;33m0[0m[0m
[self_driving-10] [0m[INFO] [1782354640.413329083] [self_driving]: [1;33m0[0m[0m
[self_driving-10] [0m[INFO] [1782354640.478990354] [self_driving]: [1;33m0[0m[0m
[self_driving-10] [0m[INFO] [1782354640.488241182] [self_driving]: [1;32mcrosswalk[0m[0m
[self_driving-10] [0m[INFO] [1782354640.548491780] [self_driving]: [1;33m189[0m[0m
[self_driving-10] [0m[INFO] [1782354640.610324821] [self_driving]: [1;33m189[0m[0m
[self_driving-10] [0m[INFO] [1782354640.666906451] [self_driving]: [1;33m189[0m[0m
[self_driving-10] [0m[INFO] [1782354640.751660533] [self_driving]: [1;33m189[0m[0m
[self_driving-10] [0m[INFO] [1782354640.810185111] [self_driving]: [1;33m189[0m[0m
[self_driving-10] [0m[INFO] [1782354640.852772136] [self_driving]: [1;32mgo[0m[0m
[self_driving-10] [0m[INFO] [1782354640.854591119] [self_driving]: [1;32mcrosswalk[0m[0m
[self_driving-10] [0m[INFO] [1782354640.858275643] [self_driving]: [1;32mcrosswalk[0m[0m
[self_driving-10] [0m[INFO] [1782354640.863221885] [self_driving]: [1;32mred[0m[0m
[self_driving-10] [0m[INFO] [1782354640.883998808] [self_driving]: [1;33m0[0m[0m
[self_driving-10] [0m[INFO] [1782354640.964199338] [self_driving]: [1;33m0[0m[0m
[self_driving-10] [0m[INFO] [1782354641.022642026] [self_driving]: [1;33m0[0m[0m
[self_driving-10] [0m[INFO] [1782354641.076367807] [self_driving]: [1;33m0[0m[0m
[self_driving-10] [0m[INFO] [1782354641.145516265] [self_driving]: [1;33m0[0m[0m
[self_driving-10] [0m[INFO] [1782354641.204511589] [self_driving]: [1;33m0[0m[0m
[self_driving-10] [0m[INFO] [1782354641.253373426] [self_driving]: [1;32mgo[0m[0m
[self_driving-10] [0m[INFO] [1782354641.255163965] [self_driving]: [1;32mcrosswalk[0m[0m
[self_driving-10] [0m[INFO] [1782354641.263790934] [self_driving]: [1;32mred[0m[0m
[self_driving-10] [0m[INFO] [1782354641.298551258] [self_driving]: [1;33m0[0m[0m
[self_driving-10] [0m[INFO] [1782354641.358950930] [self_driving]: [1;33m0[0m[0m
[self_driving-10] [0m[INFO] [1782354641.425445488] [self_driving]: [1;33m0[0m[0m
[self_driving-10] [0m[INFO] [1782354641.485923087] [self_driving]: [1;33m0[0m[0m
[self_driving-10] [0m[INFO] [1782354641.534326623] [self_driving]: [1;33m0[0m[0m
[self_driving-10] [0m[INFO] [1782354641.620383311] [self_driving]: [1;33m0[0m[0m
[self_driving-10] [0m[INFO] [1782354641.654892780] [self_driving]: [1;32mgo[0m[0m
[self_driving-10] [0m[INFO] [1782354641.656938859] [self_driving]: [1;32mcrosswalk[0m[0m
[self_driving-10] [0m[INFO] [1782354641.664697263] [self_driving]: [1;32mred[0m[0m
[self_driving-10] [0m[INFO] [1782354641.698177813] [self_driving]: [1;33m0[0m[0m
[self_driving-10] [0m[INFO] [1782354641.762829571] [self_driving]: [1;33m0[0m[0m
[self_driving-10] [0m[INFO] [1782354641.815730751] [self_driving]: [1;33m0[0m[0m
[self_driving-10] [0m[INFO] [1782354641.888739864] [self_driving]: [1;33m0[0m[0m
[self_driving-10] [0m[INFO] [1782354641.950819797] [self_driving]: [1;33m0[0m[0m
[self_driving-10] [0m[INFO] [1782354642.008033896] [self_driving]: [1;33m0[0m[0m
[self_driving-10] [0m[INFO] [1782354642.037193433] [self_driving]: [1;32mgo[0m[0m
[self_driving-10] [0m[INFO] [1782354642.039304901] [self_driving]: [1;32mcrosswalk[0m[0m
[self_driving-10] [0m[INFO] [1782354642.042110100] [self_driving]: [1;32mred[0m[0m
[self_driving-10] [0m[INFO] [1782354642.109326572] [self_driving]: [1;33m0[0m[0m
[self_driving-10] [0m[INFO] [1782354642.152429584] [self_driving]: [1;33m0[0m[0m
[self_driving-10] [0m[INFO] [1782354642.213159445] [self_driving]: [1;33m0[0m[0m
[self_driving-10] [0m[INFO] [1782354642.278444839] [self_driving]: [1;33m0[0m[0m
[self_driving-10] [0m[INFO] [1782354642.353715682] [self_driving]: [1;33m0[0m[0m
[self_driving-10] [0m[INFO] [1782354642.422855213] [self_driving]: [1;32mcrosswalk[0m[0m
[self_driving-10] [0m[INFO] [1782354642.430504726] [self_driving]: [1;32mred[0m[0m
[self_driving-10] [0m[INFO] [1782354642.434236954] [self_driving]: [1;33m0[0m[0m
[self_driving-10] [0m[INFO] [1782354642.498589690] [self_driving]: [1;33m0[0m[0m
[self_driving-10] [0m[INFO] [1782354642.567748684] [self_driving]: [1;33m0[0m[0m
[self_driving-10] [0m[INFO] [1782354642.630945333] [self_driving]: [1;33m0[0m[0m
[self_driving-10] [0m[INFO] [1782354642.701169284] [self_driving]: [1;33m0[0m[0m
[self_driving-10] [0m[INFO] [1782354642.761314398] [self_driving]: [1;33m0[0m[0m
[self_driving-10] [0m[INFO] [1782354642.805229622] [self_driving]: [1;32mgo[0m[0m
[self_driving-10] [0m[INFO] [1782354642.820274683] [self_driving]: [1;32mred[0m[0m
[self_driving-10] [0m[INFO] [1782354642.824348600] [self_driving]: [1;33m0[0m[0m
[self_driving-10] [0m[INFO] [1782354642.907035693] [self_driving]: [1;33m0[0m[0m
[self_driving-10] [0m[INFO] [1782354642.963868769] [self_driving]: [1;33m0[0m[0m
[self_driving-10] [0m[INFO] [1782354643.029200775] [self_driving]: [1;33m0[0m[0m
[self_driving-10] [0m[INFO] [1782354643.099522745] [self_driving]: [1;33m0[0m[0m
[self_driving-10] [0m[INFO] [1782354643.152047289] [self_driving]: [1;33m0[0m[0m
[self_driving-10] [0m[INFO] [1782354643.232440948] [self_driving]: [1;33m0[0m[0m
[self_driving-10] [0m[INFO] [1782354643.247801217] [self_driving]: [1;32mgo[0m[0m
[self_driving-10] [0m[INFO] [1782354643.249138510] [self_driving]: [1;32mcrosswalk[0m[0m
[self_driving-10] [0m[INFO] [1782354643.252173915] [self_driving]: [1;32mcrosswalk[0m[0m
[self_driving-10] [0m[INFO] [1782354643.259981874] [self_driving]: [1;32mred[0m[0m
[self_driving-10] [0m[INFO] [1782354643.311821003] [self_driving]: [1;33m0[0m[0m
[self_driving-10] [0m[INFO] [1782354643.370546767] [self_driving]: [1;33m0[0m[0m
[self_driving-10] [0m[INFO] [1782354643.436798450] [self_driving]: [1;33m0[0m[0m
[self_driving-10] [0m[INFO] [1782354643.489985946] [self_driving]: [1;33m0[0m[0m
[self_driving-10] [0m[INFO] [1782354643.568407583] [self_driving]: [1;33m0[0m[0m
[self_driving-10] [0m[INFO] [1782354643.636453230] [self_driving]: [1;33m0[0m[0m
[self_driving-10] [0m[INFO] [1782354643.658486500] [self_driving]: [1;32mgo[0m[0m
[self_driving-10] [0m[INFO] [1782354643.660820064] [self_driving]: [1;32mcrosswalk[0m[0m
[self_driving-10] [0m[INFO] [1782354643.665053483] [self_driving]: [1;32mred[0m[0m
[self_driving-10] [0m[INFO] [1782354643.715632727] [self_driving]: [1;33m0[0m[0m
[self_driving-10] [0m[INFO] [1782354643.772886566] [self_driving]: [1;33m0[0m[0m
[self_driving-10] [0m[INFO] [1782354643.829051412] [self_driving]: [1;33m0[0m[0m
[self_driving-10] [0m[INFO] [1782354643.904183029] [self_driving]: [1;33m0[0m[0m
[self_driving-10] [0m[INFO] [1782354643.964625090] [self_driving]: [1;33m0[0m[0m
[self_driving-10] [0m[INFO] [1782354644.026823374] [self_driving]: [1;33m0[0m[0m
[self_driving-10] [0m[INFO] [1782354644.046439913] [self_driving]: [1;32mcrosswalk[0m[0m
[self_driving-10] [0m[INFO] [1782354644.049903008] [self_driving]: [1;32mred[0m[0m
[self_driving-10] [0m[INFO] [1782354644.101974343] [self_driving]: [1;33m0[0m[0m
[self_driving-10] [0m[INFO] [1782354644.178139212] [self_driving]: [1;33m0[0m[0m
[self_driving-10] [0m[INFO] [1782354644.239244150] [self_driving]: [1;33m0[0m[0m
[self_driving-10] [0m[INFO] [1782354644.292445720] [self_driving]: [1;33m0[0m[0m
[self_driving-10] [0m[INFO] [1782354644.366773754] [self_driving]: [1;33m0[0m[0m
[self_driving-10] [0m[INFO] [1782354644.418074562] [self_driving]: [1;32mcrosswalk[0m[0m
[self_driving-10] [0m[INFO] [1782354644.425105253] [self_driving]: [1;32mred[0m[0m
[self_driving-10] [0m[INFO] [1782354644.445856082] [self_driving]: [1;33m0[0m[0m
[self_driving-10] [0m[INFO] [1782354644.521093515] [self_driving]: [1;33m0[0m[0m
[self_driving-10] [0m[INFO] [1782354644.567852697] [self_driving]: [1;33m0[0m[0m
[self_driving-10] [0m[INFO] [1782354644.644267828] [self_driving]: [1;33m0[0m[0m
[self_driving-10] [0m[INFO] [1782354644.698952600] [self_driving]: [1;33m0[0m[0m
[self_driving-10] [0m[INFO] [1782354644.773857214] [self_driving]: [1;33m0[0m[0m
[self_driving-10] [0m[INFO] [1782354644.846077002] [self_driving]: [1;33m0[0m[0m
[self_driving-10] [0m[INFO] [1782354644.851169300] [self_driving]: [1;32mgo[0m[0m
[self_driving-10] [0m[INFO] [1782354644.853734422] [self_driving]: [1;32mcrosswalk[0m[0m
[self_driving-10] [0m[INFO] [1782354644.856215858] [self_driving]: [1;32mred[0m[0m
[self_driving-10] [0m[INFO] [1782354644.927879972] [self_driving]: [1;33m0[0m[0m
[self_driving-10] [0m[INFO] [1782354644.983886074] [self_driving]: [1;33m0[0m[0m
[self_driving-10] [0m[INFO] [1782354645.050415463] [self_driving]: [1;33m0[0m[0m
[self_driving-10] [0m[INFO] [1782354645.112426040] [self_driving]: [1;33m0[0m[0m
[self_driving-10] [0m[INFO] [1782354645.183466776] [self_driving]: [1;33m0[0m[0m
[self_driving-10] [0m[INFO] [1782354645.252778418] [self_driving]: [1;33m0[0m[0m
[self_driving-10] [0m[INFO] [1782354645.268950362] [self_driving]: [1;32mgo[0m[0m
[self_driving-10] [0m[INFO] [1782354645.271758579] [self_driving]: [1;32mcrosswalk[0m[0m
[self_driving-10] [0m[INFO] [1782354645.275447028] [self_driving]: [1;32mred[0m[0m
[self_driving-10] [0m[INFO] [1782354645.329018232] [self_driving]: [1;33m0[0m[0m
[self_driving-10] [0m[INFO] [1782354645.384487475] [self_driving]: [1;33m0[0m[0m
[self_driving-10] [0m[INFO] [1782354645.444359195] [self_driving]: [1;33m0[0m[0m
[self_driving-10] [0m[INFO] [1782354645.509535845] [self_driving]: [1;33m0[0m[0m
[self_driving-10] [0m[INFO] [1782354645.575768378] [self_driving]: [1;33m0[0m[0m
[self_driving-10] [0m[INFO] [1782354645.638517557] [self_driving]: [1;32mgo[0m[0m
[self_driving-10] [0m[INFO] [1782354645.643114239] [self_driving]: [1;32mcrosswalk[0m[0m
[self_driving-10] [0m[INFO] [1782354645.653041500] [self_driving]: [1;32mred[0m[0m
[self_driving-10] [0m[INFO] [1782354645.654614333] [self_driving]: [1;33m0[0m[0m
[self_driving-10] [0m[INFO] [1782354645.732400072] [self_driving]: [1;33m0[0m[0m
[self_driving-10] [0m[INFO] [1782354645.789362980] [self_driving]: [1;33m0[0m[0m
[self_driving-10] [0m[INFO] [1782354645.839494385] [self_driving]: [1;33m0[0m[0m
[self_driving-10] [0m[INFO] [1782354645.926142077] [self_driving]: [1;33m0[0m[0m
[self_driving-10] [0m[INFO] [1782354645.991451340] [self_driving]: [1;33m0[0m[0m
[self_driving-10] [0m[INFO] [1782354646.043876937] [self_driving]: [1;33m0[0m[0m
[self_driving-10] [0m[INFO] [1782354646.052355552] [self_driving]: [1;32mgo[0m[0m
[self_driving-10] [0m[INFO] [1782354646.055162695] [self_driving]: [1;32mcrosswalk[0m[0m
[self_driving-10] [0m[INFO] [1782354646.059217464] [self_driving]: [1;32mred[0m[0m
[self_driving-10] [0m[INFO] [1782354646.143909651] [self_driving]: [1;33m0[0m[0m
[self_driving-10] [0m[INFO] [1782354646.200070939] [self_driving]: [1;33m0[0m[0m
[self_driving-10] [0m[INFO] [1782354646.267253445] [self_driving]: [1;33m0[0m[0m
[self_driving-10] [0m[INFO] [1782354646.322690687] [self_driving]: [1;33m0[0m[0m
[self_driving-10] [0m[INFO] [1782354646.372705183] [self_driving]: [1;33m0[0m[0m
[self_driving-10] [0m[INFO] [1782354646.458181656] [self_driving]: [1;33m0[0m[0m
[self_driving-10] [0m[INFO] [1782354646.484601383] [self_driving]: [1;32mgo[0m[0m
[self_driving-10] [0m[INFO] [1782354646.486428200] [self_driving]: [1;32mcrosswalk[0m[0m
[self_driving-10] [0m[INFO] [1782354646.489212584] [self_driving]: [1;32mcrosswalk[0m[0m
[self_driving-10] [0m[INFO] [1782354646.492801088] [self_driving]: [1;32mred[0m[0m
[self_driving-10] [0m[INFO] [1782354646.542319022] [self_driving]: [1;33m0[0m[0m
[self_driving-10] [0m[INFO] [1782354646.602340335] [self_driving]: [1;33m0[0m[0m
[self_driving-10] [0m[INFO] [1782354646.648418194] [self_driving]: [1;33m0[0m[0m
[self_driving-10] [0m[INFO] [1782354646.731166284] [self_driving]: [1;33m0[0m[0m
[self_driving-10] [0m[INFO] [1782354646.788426474] [self_driving]: [1;33m0[0m[0m
[self_driving-10] [0m[INFO] [1782354646.850729980] [self_driving]: [1;33m0[0m[0m
[self_driving-10] [0m[INFO] [1782354646.876186270] [self_driving]: [1;32mgo[0m[0m
[self_driving-10] [0m[INFO] [1782354646.878142273] [self_driving]: [1;32mcrosswalk[0m[0m
[self_driving-10] [0m[INFO] [1782354646.880717080] [self_driving]: [1;32mcrosswalk[0m[0m
[self_driving-10] [0m[INFO] [1782354646.883624132] [self_driving]: [1;32mred[0m[0m
[self_driving-10] [0m[INFO] [1782354646.943394443] [self_driving]: [1;33m0[0m[0m
[self_driving-10] [0m[INFO] [1782354646.998852556] [self_driving]: [1;33m0[0m[0m
[self_driving-10] [0m[INFO] [1782354647.064128465] [self_driving]: [1;33m0[0m[0m
[self_driving-10] [0m[INFO] [1782354647.136608012] [self_driving]: [1;33m0[0m[0m
[self_driving-10] [0m[INFO] [1782354647.195762223] [self_driving]: [1;33m0[0m[0m
[self_driving-10] [0m[INFO] [1782354647.259517059] [self_driving]: [1;33m0[0m[0m
[self_driving-10] [0m[INFO] [1782354647.302333769] [self_driving]: [1;32mgo[0m[0m
[self_driving-10] [0m[INFO] [1782354647.309210939] [self_driving]: [1;32mcrosswalk[0m[0m
[self_driving-10] [0m[INFO] [1782354647.322764760] [self_driving]: [1;32mcrosswalk[0m[0m
[self_driving-10] [0m[INFO] [1782354647.334902213] [self_driving]: [1;33m195[0m[0m
[self_driving-10] [0m[INFO] [1782354647.410746725] [self_driving]: [1;33m195[0m[0m
[self_driving-10] [0m[INFO] [1782354647.471549583] [self_driving]: [1;33m195[0m[0m
[self_driving-10] [0m[INFO] [1782354647.532226922] [self_driving]: [1;33m195[0m[0m
[self_driving-10] [0m[INFO] [1782354647.595024507] [self_driving]: [1;33m195[0m[0m
[self_driving-10] [0m[INFO] [1782354647.658392932] [self_driving]: [1;33m195[0m[0m
[self_driving-10] [0m[INFO] [1782354647.701296790] [self_driving]: [1;32mgo[0m[0m
[self_driving-10] [0m[INFO] [1782354647.703436241] [self_driving]: [1;32mcrosswalk[0m[0m
[self_driving-10] [0m[INFO] [1782354647.710320152] [self_driving]: [1;32mcrosswalk[0m[0m
[self_driving-10] [0m[INFO] [1782354647.765083683] [self_driving]: [1;33m195[0m[0m
[self_driving-10] [0m[INFO] [1782354647.815213272] [self_driving]: [1;33m195[0m[0m
[self_driving-10] [0m[INFO] [1782354647.857692292] [self_driving]: [1;33m195[0m[0m
[self_driving-10] [0m[INFO] [1782354647.935747495] [self_driving]: [1;33m195[0m[0m
[self_driving-10] [0m[INFO] [1782354648.003899697] [self_driving]: [1;33m195[0m[0m
[self_driving-10] [0m[INFO] [1782354648.072554959] [self_driving]: [1;33m195[0m[0m
[self_driving-10] [0m[INFO] [1782354648.105640965] [self_driving]: [1;32mgo[0m[0m
[self_driving-10] [0m[INFO] [1782354648.115903081] [self_driving]: [1;32mcrosswalk[0m[0m
[self_driving-10] [0m[INFO] [1782354648.133413299] [self_driving]: [1;33m195[0m[0m
[self_driving-10] [0m[INFO] [1782354648.208930491] [self_driving]: [1;33m195[0m[0m
[self_driving-10] [0m[INFO] [1782354648.269103249] [self_driving]: [1;33m195[0m[0m
[self_driving-10] [0m[INFO] [1782354648.341443516] [self_driving]: [1;33m195[0m[0m
[self_driving-10] [0m[INFO] [1782354648.404729847] [self_driving]: [1;33m195[0m[0m
[self_driving-10] [0m[INFO] [1782354648.474519862] [self_driving]: [1;33m195[0m[0m
[self_driving-10] [0m[INFO] [1782354648.511813805] [self_driving]: [1;32mgo[0m[0m
[self_driving-10] [0m[INFO] [1782354648.515411457] [self_driving]: [1;32mcrosswalk[0m[0m
[self_driving-10] [0m[INFO] [1782354648.518523640] [self_driving]: [1;32mcrosswalk[0m[0m
[self_driving-10] [0m[INFO] [1782354648.553883746] [self_driving]: [1;33m195[0m[0m
[self_driving-10] [0m[INFO] [1782354648.613363200] [self_driving]: [1;33m195[0m[0m
[self_driving-10] [0m[INFO] [1782354648.665859223] [self_driving]: [1;33m195[0m[0m
[self_driving-10] [0m[INFO] [1782354648.744736564] [self_driving]: [1;33m195[0m[0m
[self_driving-10] [0m[INFO] [1782354648.811938550] [self_driving]: [1;33m195[0m[0m
[self_driving-10] [0m[INFO] [1782354648.877048031] [self_driving]: [1;33m195[0m[0m
[self_driving-10] [0m[INFO] [1782354648.895353684] [self_driving]: [1;32mgo[0m[0m
[self_driving-10] [0m[INFO] [1782354648.898543979] [self_driving]: [1;32mcrosswalk[0m[0m
[self_driving-10] [0m[INFO] [1782354648.902504450] [self_driving]: [1;32mcrosswalk[0m[0m
[self_driving-10] [0m[INFO] [1782354648.956171542] [self_driving]: [1;33m195[0m[0m
[self_driving-10] [0m[INFO] [1782354649.000409230] [self_driving]: [1;33m195[0m[0m
[self_driving-10] [0m[INFO] [1782354649.079720816] [self_driving]: [1;33m195[0m[0m
[self_driving-10] [0m[INFO] [1782354649.146993543] [self_driving]: [1;33m195[0m[0m
[self_driving-10] [0m[INFO] [1782354649.203031939] [self_driving]: [1;33m195[0m[0m
[self_driving-10] [0m[INFO] [1782354649.257405834] [self_driving]: [1;32mgo[0m[0m
[self_driving-10] [0m[INFO] [1782354649.259190670] [self_driving]: [1;32mcrosswalk[0m[0m
[self_driving-10] [0m[INFO] [1782354649.263519145] [self_driving]: [1;32mcrosswalk[0m[0m
[self_driving-10] [0m[INFO] [1782354649.299683611] [self_driving]: [1;33m195[0m[0m
[self_driving-10] [0m[INFO] [1782354649.351159899] [self_driving]: [1;33m195[0m[0m
[self_driving-10] [0m[INFO] [1782354649.413131918] [self_driving]: [1;33m195[0m[0m
[self_driving-10] [0m[INFO] [1782354649.478299455] [self_driving]: [1;33m195[0m[0m
[self_driving-10] [0m[INFO] [1782354649.547298572] [self_driving]: [1;33m195[0m[0m
[self_driving-10] [0m[INFO] [1782354649.623940127] [self_driving]: [1;33m195[0m[0m
[self_driving-10] [0m[INFO] [1782354649.664397494] [self_driving]: [1;32mgo[0m[0m
[self_driving-10] [0m[INFO] [1782354649.666927782] [self_driving]: [1;32mcrosswalk[0m[0m
[self_driving-10] [0m[INFO] [1782354649.671035162] [self_driving]: [1;32mcrosswalk[0m[0m
[ekf_node-8] Failed to meet update rate! Took 0.013264039000000000038seconds. Try decreasing the rate, limiting sensor output frequency, or limiting the number of sensors.
[self_driving-10] [0m[INFO] [1782354649.718675833] [self_driving]: [1;33m195[0m[0m
[self_driving-10] [0m[INFO] [1782354649.766164058] [self_driving]: [1;33m195[0m[0m
[self_driving-10] [0m[INFO] [1782354649.821222609] [self_driving]: [1;33m195[0m[0m
[self_driving-10] [0m[INFO] [1782354649.890645694] [self_driving]: [1;33m195[0m[0m
[self_driving-10] [0m[INFO] [1782354649.952324561] [self_driving]: [1;33m195[0m[0m
[self_driving-10] [0m[INFO] [1782354650.007170369] [self_driving]: [1;33m195[0m[0m
[self_driving-10] [0m[INFO] [1782354650.076066651] [self_driving]: [1;33m195[0m[0m
[self_driving-10] [0m[INFO] [1782354650.103636408] [self_driving]: [1;32mgo[0m[0m
[self_driving-10] [0m[INFO] [1782354650.105724080] [self_driving]: [1;32mcrosswalk[0m[0m
[self_driving-10] [0m[INFO] [1782354650.110288039] [self_driving]: [1;32mcrosswalk[0m[0m
[self_driving-10] [0m[INFO] [1782354650.174226580] [self_driving]: [1;33m195[0m[0m
[self_driving-10] [0m[INFO] [1782354650.231402636] [self_driving]: [1;33m195[0m[0m
[self_driving-10] [0m[INFO] [1782354650.294088699] [self_driving]: [1;33m195[0m[0m
[self_driving-10] [0m[INFO] [1782354650.355666231] [self_driving]: [1;33m195[0m[0m
[self_driving-10] [0m[INFO] [1782354650.418853782] [self_driving]: [1;33m195[0m[0m
[self_driving-10] [0m[INFO] [1782354650.486801664] [self_driving]: [1;33m195[0m[0m
[self_driving-10] [0m[INFO] [1782354650.548379752] [self_driving]: [1;32mcrosswalk[0m[0m
[self_driving-10] [0m[INFO] [1782354650.556810162] [self_driving]: [1;33m226[0m[0m
[self_driving-10] [0m[INFO] [1782354650.558525200] [self_driving]: [1;32mcrosswalk[0m[0m
[self_driving-10] [0m[INFO] [1782354650.629213447] [self_driving]: [1;33m195[0m[0m
[self_driving-10] [0m[INFO] [1782354650.693374601] [self_driving]: [1;33m195[0m[0m
[self_driving-10] [0m[INFO] [1782354650.762046417] [self_driving]: [1;33m195[0m[0m
[self_driving-10] [0m[INFO] [1782354650.826006976] [self_driving]: [1;33m195[0m[0m
[self_driving-10] [0m[INFO] [1782354650.887669028] [self_driving]: [1;33m195[0m[0m
[self_driving-10] [0m[INFO] [1782354650.923286432] [self_driving]: [1;32mgo[0m[0m
[self_driving-10] [0m[INFO] [1782354650.925100378] [self_driving]: [1;32mcrosswalk[0m[0m
[self_driving-10] [0m[INFO] [1782354650.940611851] [self_driving]: [1;32mcrosswalk[0m[0m
[self_driving-10] [0m[INFO] [1782354650.957221891] [self_driving]: [1;33m195[0m[0m
[self_driving-10] [0m[INFO] [1782354651.033517886] [self_driving]: [1;33m195[0m[0m
[self_driving-10] [0m[INFO] [1782354651.082304958] [self_driving]: [1;33m195[0m[0m
[self_driving-10] [0m[INFO] [1782354651.150145153] [self_driving]: [1;33m195[0m[0m
[self_driving-10] [0m[INFO] [1782354651.225552045] [self_driving]: [1;33m195[0m[0m
[self_driving-10] [0m[INFO] [1782354651.294258083] [self_driving]: [1;33m195[0m[0m
[self_driving-10] [0m[INFO] [1782354651.319511721] [self_driving]: [1;32mgo[0m[0m
[self_driving-10] [0m[INFO] [1782354651.321455799] [self_driving]: [1;32mcrosswalk[0m[0m
[self_driving-10] [0m[INFO] [1782354651.327660573] [self_driving]: [1;32mcrosswalk[0m[0m
[self_driving-10] [0m[INFO] [1782354651.380173742] [self_driving]: [1;33m195[0m[0m
[self_driving-10] [0m[INFO] [1782354651.443959151] [self_driving]: [1;33m195[0m[0m
[self_driving-10] [0m[INFO] [1782354651.499942415] [self_driving]: [1;33m195[0m[0m
[self_driving-10] [0m[INFO] [1782354651.565480769] [self_driving]: [1;33m195[0m[0m
[self_driving-10] [0m[INFO] [1782354651.631314997] [self_driving]: [1;33m195[0m[0m
[self_driving-10] [0m[INFO] [1782354651.703310554] [self_driving]: [1;33m195[0m[0m
[self_driving-10] [0m[INFO] [1782354651.760610981] [self_driving]: [1;33m195[0m[0m
[self_driving-10] [0m[INFO] [1782354651.769207412] [self_driving]: [1;32mgo[0m[0m
[self_driving-10] [0m[INFO] [1782354651.771108730] [self_driving]: [1;32mcrosswalk[0m[0m
[self_driving-10] [0m[INFO] [1782354651.773739223] [self_driving]: [1;32mcrosswalk[0m[0m
[self_driving-10] [0m[INFO] [1782354651.839369467] [self_driving]: [1;33m195[0m[0m
[self_driving-10] [0m[INFO] [1782354651.895821292] [self_driving]: [1;33m195[0m[0m
[self_driving-10] [0m[INFO] [1782354651.973853843] [self_driving]: [1;33m195[0m[0m
[self_driving-10] [0m[INFO] [1782354652.030855619] [self_driving]: [1;33m195[0m[0m
[self_driving-10] [0m[INFO] [1782354652.111182881] [self_driving]: [1;33m195[0m[0m
[self_driving-10] [0m[INFO] [1782354652.142779405] [self_driving]: [1;32mgo[0m[0m
[self_driving-10] [0m[INFO] [1782354652.146296612] [self_driving]: [1;32mcrosswalk[0m[0m
[self_driving-10] [0m[INFO] [1782354652.165545107] [self_driving]: [1;33m195[0m[0m
[self_driving-10] [0m[INFO] [1782354652.240077489] [self_driving]: [1;33m195[0m[0m
[self_driving-10] [0m[INFO] [1782354652.302451195] [self_driving]: [1;33m195[0m[0m
[self_driving-10] [0m[INFO] [1782354652.362133204] [self_driving]: [1;33m195[0m[0m
[self_driving-10] [0m[INFO] [1782354652.433890851] [self_driving]: [1;33m195[0m[0m
[self_driving-10] [0m[INFO] [1782354652.510597016] [self_driving]: [1;32mgo[0m[0m
[self_driving-10] [0m[INFO] [1782354652.514387762] [self_driving]: [1;32mcrosswalk[0m[0m
[self_driving-10] [0m[INFO] [1782354652.520294718] [self_driving]: [1;33m226[0m[0m
[self_driving-10] [0m[INFO] [1782354652.522055849] [self_driving]: [1;32mcrosswalk[0m[0m
[self_driving-10] [0m[INFO] [1782354652.581817100] [self_driving]: [1;33m195[0m[0m
[self_driving-10] [0m[INFO] [1782354652.635052925] [self_driving]: [1;33m195[0m[0m
[self_driving-10] [0m[INFO] [1782354652.699174189] [self_driving]: [1;33m195[0m[0m
[self_driving-10] [0m[INFO] [1782354652.771584064] [self_driving]: [1;33m195[0m[0m
[self_driving-10] [0m[INFO] [1782354652.829866984] [self_driving]: [1;33m195[0m[0m
[self_driving-10] [0m[INFO] [1782354652.881538754] [self_driving]: [1;32mgo[0m[0m
[self_driving-10] [0m[INFO] [1782354652.885873359] [self_driving]: [1;32mcrosswalk[0m[0m
[self_driving-10] [0m[INFO] [1782354652.897502176] [self_driving]: [1;32mcrosswalk[0m[0m
[self_driving-10] [0m[INFO] [1782354652.902984164] [self_driving]: [1;33m195[0m[0m
[self_driving-10] [0m[INFO] [1782354652.972117762] [self_driving]: [1;33m195[0m[0m
[self_driving-10] [0m[INFO] [1782354653.040764891] [self_driving]: [1;33m195[0m[0m
[self_driving-10] [0m[INFO] [1782354653.109926395] [self_driving]: [1;33m195[0m[0m
[self_driving-10] [0m[INFO] [1782354653.181295555] [self_driving]: [1;33m195[0m[0m
[self_driving-10] [0m[INFO] [1782354653.232094000] [self_driving]: [1;33m195[0m[0m
[self_driving-10] [0m[INFO] [1782354653.255393505] [self_driving]: [1;32mgo[0m[0m
[self_driving-10] [0m[INFO] [1782354653.257372360] [self_driving]: [1;32mcrosswalk[0m[0m
[self_driving-10] [0m[INFO] [1782354653.267270213] [self_driving]: [1;32mcrosswalk[0m[0m
[self_driving-10] [0m[INFO] [1782354653.332304412] [self_driving]: [1;33m195[0m[0m
[self_driving-10] [0m[INFO] [1782354653.383586344] [self_driving]: [1;33m195[0m[0m
[self_driving-10] [0m[INFO] [1782354653.445974402] [self_driving]: [1;33m195[0m[0m
[self_driving-10] [0m[INFO] [1782354653.509326785] [self_driving]: [1;33m195[0m[0m
[self_driving-10] [0m[INFO] [1782354653.571059966] [self_driving]: [1;33m195[0m[0m
[self_driving-10] [0m[INFO] [1782354653.620398802] [self_driving]: [1;32mgo[0m[0m
[self_driving-10] [0m[INFO] [1782354653.625368062] [self_driving]: [1;32mcrosswalk[0m[0m
[self_driving-10] [0m[INFO] [1782354653.662470722] [self_driving]: [1;33m195[0m[0m
[self_driving-10] [0m[INFO] [1782354653.723946122] [self_driving]: [1;33m195[0m[0m
[self_driving-10] [0m[INFO] [1782354653.780739727] [self_driving]: [1;33m195[0m[0m
[self_driving-10] [0m[INFO] [1782354653.850214236] [self_driving]: [1;33m195[0m[0m
[self_driving-10] [0m[INFO] [1782354653.903802638] [self_driving]: [1;33m195[0m[0m
[self_driving-10] [0m[INFO] [1782354653.974730071] [self_driving]: [1;33m195[0m[0m
[self_driving-10] [0m[INFO] [1782354654.047644191] [self_driving]: [1;33m195[0m[0m
[self_driving-10] [0m[INFO] [1782354654.077967756] [self_driving]: [1;32mgo[0m[0m
[self_driving-10] [0m[INFO] [1782354654.079966520] [self_driving]: [1;32mcrosswalk[0m[0m
[self_driving-10] [0m[INFO] [1782354654.083286928] [self_driving]: [1;32mcrosswalk[0m[0m
[self_driving-10] [0m[INFO] [1782354654.127305074] [self_driving]: [1;33m195[0m[0m
[self_driving-10] [0m[INFO] [1782354654.173563152] [self_driving]: [1;33m195[0m[0m
[self_driving-10] [0m[INFO] [1782354654.252599157] [self_driving]: [1;33m195[0m[0m
[self_driving-10] [0m[INFO] [1782354654.315928428] [self_driving]: [1;33m195[0m[0m
[self_driving-10] [0m[INFO] [1782354654.384913375] [self_driving]: [1;33m195[0m[0m
[self_driving-10] [0m[INFO] [1782354654.445636987] [self_driving]: [1;32mgo[0m[0m
[self_driving-10] [0m[INFO] [1782354654.450147909] [self_driving]: [1;32mcrosswalk[0m[0m
[self_driving-10] [0m[INFO] [1782354654.450731841] [self_driving]: [1;33m0[0m[0m
[self_driving-10] [0m[INFO] [1782354654.517169463] [self_driving]: [1;33m195[0m[0m
[self_driving-10] [0m[INFO] [1782354654.595171900] [self_driving]: [1;33m195[0m[0m
[self_driving-10] [0m[INFO] [1782354654.651614871] [self_driving]: [1;33m195[0m[0m
[self_driving-10] [0m[INFO] [1782354654.727343061] [self_driving]: [1;33m195[0m[0m
[self_driving-10] [0m[INFO] [1782354654.790701833] [self_driving]: [1;33m195[0m[0m
[self_driving-10] [0m[INFO] [1782354654.825229242] [self_driving]: [1;32mgo[0m[0m
[self_driving-10] [0m[INFO] [1782354654.828291573] [self_driving]: [1;32mcrosswalk[0m[0m
[self_driving-10] [0m[INFO] [1782354654.835489413] [self_driving]: [1;32mcrosswalk[0m[0m
[self_driving-10] [0m[INFO] [1782354654.875207029] [self_driving]: [1;33m195[0m[0m
[self_driving-10] [0m[INFO] [1782354654.928523280] [self_driving]: [1;33m195[0m[0m
[self_driving-10] [0m[INFO] [1782354654.985141253] [self_driving]: [1;33m195[0m[0m
[self_driving-10] [0m[INFO] [1782354655.063722215] [self_driving]: [1;33m195[0m[0m
[self_driving-10] [0m[INFO] [1782354655.121926984] [self_driving]: [1;33m195[0m[0m
[self_driving-10] [0m[INFO] [1782354655.184176039] [self_driving]: [1;33m195[0m[0m
[self_driving-10] [0m[INFO] [1782354655.212739824] [self_driving]: [1;32mcrosswalk[0m[0m
[self_driving-10] [0m[INFO] [1782354655.215104647] [self_driving]: [1;32mcrosswalk[0m[0m
[self_driving-10] [0m[INFO] [1782354655.277020976] [self_driving]: [1;33m195[0m[0m
[self_driving-10] [0m[INFO] [1782354655.331131772] [self_driving]: [1;33m195[0m[0m
[self_driving-10] [0m[INFO] [1782354655.392473613] [self_driving]: [1;33m195[0m[0m
[self_driving-10] [0m[INFO] [1782354655.462746574] [self_driving]: [1;33m195[0m[0m
[self_driving-10] [0m[INFO] [1782354655.538864304] [self_driving]: [1;33m195[0m[0m
[self_driving-10] [0m[INFO] [1782354655.595674390] [self_driving]: [1;33m195[0m[0m
[self_driving-10] [0m[INFO] [1782354655.614894866] [self_driving]: [1;32mgo[0m[0m
[self_driving-10] [0m[INFO] [1782354655.618395943] [self_driving]: [1;32mcrosswalk[0m[0m
[self_driving-10] [0m[INFO] [1782354655.632829051] [self_driving]: [1;32mcrosswalk[0m[0m
[self_driving-10] [0m[INFO] [1782354655.683024877] [self_driving]: [1;33m195[0m[0m
[self_driving-10] [0m[INFO] [1782354655.732920163] [self_driving]: [1;33m195[0m[0m
[self_driving-10] [0m[INFO] [1782354655.803720444] [self_driving]: [1;33m195[0m[0m
[self_driving-10] [0m[INFO] [1782354655.860912553] [self_driving]: [1;33m195[0m[0m
[self_driving-10] [0m[INFO] [1782354655.933916136] [self_driving]: [1;33m195[0m[0m
[self_driving-10] [0m[INFO] [1782354655.999296912] [self_driving]: [1;33m195[0m[0m
[self_driving-10] [0m[INFO] [1782354656.049554924] [self_driving]: [1;33m195[0m[0m
[self_driving-10] [0m[INFO] [1782354656.080068509] [self_driving]: [1;32mgo[0m[0m
[self_driving-10] [0m[INFO] [1782354656.081750491] [self_driving]: [1;32mcrosswalk[0m[0m
[self_driving-10] [0m[INFO] [1782354656.085045102] [self_driving]: [1;32mcrosswalk[0m[0m
[self_driving-10] [0m[INFO] [1782354656.143640726] [self_driving]: [1;33m195[0m[0m
[self_driving-10] [0m[INFO] [1782354656.187383627] [self_driving]: [1;33m195[0m[0m
[self_driving-10] [0m[INFO] [1782354656.265306099] [self_driving]: [1;33m195[0m[0m
[self_driving-10] [0m[INFO] [1782354656.317435224] [self_driving]: [1;33m195[0m[0m
[self_driving-10] [0m[INFO] [1782354656.402349034] [self_driving]: [1;33m195[0m[0m
[self_driving-10] [0m[INFO] [1782354656.444718679] [self_driving]: [1;32mgo[0m[0m
[self_driving-10] [0m[INFO] [1782354656.447829603] [self_driving]: [1;32mcrosswalk[0m[0m
[self_driving-10] [0m[INFO] [1782354656.473752321] [self_driving]: [1;33m195[0m[0m
[self_driving-10] [0m[INFO] [1782354656.564724015] [self_driving]: [1;33m195[0m[0m
[self_driving-10] [0m[INFO] [1782354656.596044220] [self_driving]: [1;33m195[0m[0m
[self_driving-10] [0m[INFO] [1782354656.668684706] [self_driving]: [1;33m195[0m[0m
[self_driving-10] [0m[INFO] [1782354656.744225244] [self_driving]: [1;33m195[0m[0m
[self_driving-10] [0m[INFO] [1782354656.811081647] [self_driving]: [1;33m195[0m[0m
[self_driving-10] [0m[INFO] [1782354656.842039033] [self_driving]: [1;32mgo[0m[0m
[self_driving-10] [0m[INFO] [1782354656.844460320] [self_driving]: [1;32mcrosswalk[0m[0m
[self_driving-10] [0m[INFO] [1782354656.852149388] [self_driving]: [1;32mcrosswalk[0m[0m
[self_driving-10] [0m[INFO] [1782354656.892381842] [self_driving]: [1;33m195[0m[0m
[self_driving-10] [0m[INFO] [1782354656.946341914] [self_driving]: [1;33m195[0m[0m
[self_driving-10] [0m[INFO] [1782354657.005563119] [self_driving]: [1;33m195[0m[0m
[self_driving-10] [0m[INFO] [1782354657.076021265] [self_driving]: [1;33m195[0m[0m
[self_driving-10] [0m[INFO] [1782354657.138213096] [self_driving]: [1;33m195[0m[0m
[self_driving-10] [0m[INFO] [1782354657.211960853] [self_driving]: [1;33m195[0m[0m
[self_driving-10] [0m[INFO] [1782354657.225771694] [self_driving]: [1;32mgo[0m[0m
[self_driving-10] [0m[INFO] [1782354657.228007127] [self_driving]: [1;32mcrosswalk[0m[0m
[self_driving-10] [0m[INFO] [1782354657.231764113] [self_driving]: [1;32mcrosswalk[0m[0m
[self_driving-10] [0m[INFO] [1782354657.290758260] [self_driving]: [1;33m195[0m[0m
[self_driving-10] [0m[INFO] [1782354657.346241256] [self_driving]: [1;33m195[0m[0m
[self_driving-10] [0m[INFO] [1782354657.402923988] [self_driving]: [1;33m195[0m[0m
[self_driving-10] [0m[INFO] [1782354657.474526758] [self_driving]: [1;33m195[0m[0m
[self_driving-10] [0m[INFO] [1782354657.543132494] [self_driving]: [1;33m195[0m[0m
[self_driving-10] [0m[INFO] [1782354657.594244570] [self_driving]: [1;32mgo[0m[0m
[self_driving-10] [0m[INFO] [1782354657.597169492] [self_driving]: [1;32mcrosswalk[0m[0m
[self_driving-10] [0m[INFO] [1782354657.607666277] [self_driving]: [1;32mcrosswalk[0m[0m
[self_driving-10] [0m[INFO] [1782354657.639918252] [self_driving]: [1;33m195[0m[0m
[self_driving-10] [0m[INFO] [1782354657.675337262] [self_driving]: [1;33m195[0m[0m
[self_driving-10] [0m[INFO] [1782354657.751431361] [self_driving]: [1;33m195[0m[0m
[self_driving-10] [0m[INFO] [1782354657.802077413] [self_driving]: [1;33m195[0m[0m
[self_driving-10] [0m[INFO] [1782354657.876262287] [self_driving]: [1;33m195[0m[0m
[self_driving-10] [0m[INFO] [1782354657.950706904] [self_driving]: [1;33m195[0m[0m
[self_driving-10] [0m[INFO] [1782354658.016963521] [self_driving]: [1;33m195[0m[0m
[self_driving-10] [0m[INFO] [1782354658.038744507] [self_driving]: [1;32mgo[0m[0m
[self_driving-10] [0m[INFO] [1782354658.041565946] [self_driving]: [1;32mcrosswalk[0m[0m
[self_driving-10] [0m[INFO] [1782354658.044781779] [self_driving]: [1;32mcrosswalk[0m[0m
[self_driving-10] [0m[INFO] [1782354658.099529192] [self_driving]: [1;33m195[0m[0m
[self_driving-10] [0m[INFO] [1782354658.160343192] [self_driving]: [1;33m195[0m[0m
[self_driving-10] [0m[INFO] [1782354658.207772467] [self_driving]: [1;33m195[0m[0m
[self_driving-10] [0m[INFO] [1782354658.270061983] [self_driving]: [1;33m195[0m[0m
[self_driving-10] [0m[INFO] [1782354658.344341468] [self_driving]: [1;33m195[0m[0m
[self_driving-10] [0m[INFO] [1782354658.404915057] [self_driving]: [1;33m195[0m[0m
[self_driving-10] [0m[INFO] [1782354658.419203181] [self_driving]: [1;32mcrosswalk[0m[0m
[self_driving-10] [0m[INFO] [1782354658.422164604] [self_driving]: [1;32mcrosswalk[0m[0m
[self_driving-10] [0m[INFO] [1782354658.484378008] [self_driving]: [1;33m195[0m[0m
[self_driving-10] [0m[INFO] [1782354658.552473108] [self_driving]: [1;33m195[0m[0m
[self_driving-10] [0m[INFO] [1782354658.625410430] [self_driving]: [1;33m195[0m[0m
[self_driving-10] [0m[INFO] [1782354658.676662859] [self_driving]: [1;33m195[0m[0m
[self_driving-10] [0m[INFO] [1782354658.738020828] [self_driving]: [1;33m195[0m[0m
[self_driving-10] [0m[INFO] [1782354658.782633108] [self_driving]: [1;32mgo[0m[0m
[self_driving-10] [0m[INFO] [1782354658.785361713] [self_driving]: [1;32mcrosswalk[0m[0m
[self_driving-10] [0m[INFO] [1782354658.788643991] [self_driving]: [1;32mcrosswalk[0m[0m
[self_driving-10] [0m[INFO] [1782354658.849724030] [self_driving]: [1;33m195[0m[0m
[self_driving-10] [0m[INFO] [1782354658.891552353] [self_driving]: [1;33m195[0m[0m
[self_driving-10] [0m[INFO] [1782354658.946681326] [self_driving]: [1;33m195[0m[0m
[self_driving-10] [0m[INFO] [1782354659.020859606] [self_driving]: [1;33m195[0m[0m
[self_driving-10] [0m[INFO] [1782354659.084507081] [self_driving]: [1;33m195[0m[0m
[self_driving-10] [0m[INFO] [1782354659.155383083] [self_driving]: [1;33m195[0m[0m
[self_driving-10] [0m[INFO] [1782354659.180239603] [self_driving]: [1;32mgo[0m[0m
[self_driving-10] [0m[INFO] [1782354659.182421831] [self_driving]: [1;32mcrosswalk[0m[0m
[self_driving-10] [0m[INFO] [1782354659.185017138] [self_driving]: [1;32mcrosswalk[0m[0m
[self_driving-10] [0m[INFO] [1782354659.252259895] [self_driving]: [1;33m195[0m[0m
[self_driving-10] [0m[INFO] [1782354659.298309710] [self_driving]: [1;33m195[0m[0m
[self_driving-10] [0m[INFO] [1782354659.368750447] [self_driving]: [1;33m195[0m[0m
[self_driving-10] [0m[INFO] [1782354659.424773466] [self_driving]: [1;33m195[0m[0m
[self_driving-10] [0m[INFO] [1782354659.491613014] [self_driving]: [1;33m195[0m[0m
[self_driving-10] [0m[INFO] [1782354659.551710302] [self_driving]: [1;33m195[0m[0m
[self_driving-10] [0m[INFO] [1782354659.618225198] [self_driving]: [1;32mcrosswalk[0m[0m
[self_driving-10] [0m[INFO] [1782354659.626197658] [self_driving]: [1;32mcrosswalk[0m[0m
[self_driving-10] [0m[INFO] [1782354659.630917526] [self_driving]: [1;33m226[0m[0m
[self_driving-10] [0m[INFO] [1782354659.699899821] [self_driving]: [1;33m195[0m[0m
[self_driving-10] [0m[INFO] [1782354659.759948534] [self_driving]: [1;33m195[0m[0m
[self_driving-10] [0m[INFO] [1782354659.829309777] [self_driving]: [1;33m195[0m[0m
[self_driving-10] [0m[INFO] [1782354659.902137597] [self_driving]: [1;33m195[0m[0m
[self_driving-10] [0m[INFO] [1782354659.957558998] [self_driving]: [1;33m195[0m[0m
[self_driving-10] [0m[INFO] [1782354660.039151564] [self_driving]: [1;33m195[0m[0m
[self_driving-10] [0m[INFO] [1782354660.080292786] [self_driving]: [1;32mcrosswalk[0m[0m
[self_driving-10] [0m[INFO] [1782354660.087108937] [self_driving]: [1;32mcrosswalk[0m[0m
[self_driving-10] [0m[INFO] [1782354660.102316071] [self_driving]: [1;33m195[0m[0m
[self_driving-10] [0m[INFO] [1782354660.165358224] [self_driving]: [1;33m195[0m[0m
[self_driving-10] [0m[INFO] [1782354660.237501628] [self_driving]: [1;33m195[0m[0m
[self_driving-10] [0m[INFO] [1782354660.292893843] [self_driving]: [1;33m195[0m[0m
[self_driving-10] [0m[INFO] [1782354660.364540445] [self_driving]: [1;33m195[0m[0m
[self_driving-10] [0m[INFO] [1782354660.436435679] [self_driving]: [1;33m195[0m[0m
[self_driving-10] [0m[INFO] [1782354660.447919956] [self_driving]: [1;32mgo[0m[0m
[self_driving-10] [0m[INFO] [1782354660.450827248] [self_driving]: [1;32mcrosswalk[0m[0m
[self_driving-10] [0m[INFO] [1782354660.521689545] [self_driving]: [1;33m195[0m[0m
[self_driving-10] [0m[INFO] [1782354660.564464563] [self_driving]: [1;33m195[0m[0m
[self_driving-10] [0m[INFO] [1782354660.632840017] [self_driving]: [1;33m195[0m[0m
[self_driving-10] [0m[INFO] [1782354660.696744957] [self_driving]: [1;33m195[0m[0m
[self_driving-10] [0m[INFO] [1782354660.775319081] [self_driving]: [1;33m195[0m[0m
[self_driving-10] [0m[INFO] [1782354660.840927745] [self_driving]: [1;33m195[0m[0m
[self_driving-10] [0m[INFO] [1782354660.848641461] [self_driving]: [1;32mgo[0m[0m
[self_driving-10] [0m[INFO] [1782354660.852168112] [self_driving]: [1;32mcrosswalk[0m[0m
[self_driving-10] [0m[INFO] [1782354660.925939182] [self_driving]: [1;33m195[0m[0m
[self_driving-10] [0m[INFO] [1782354661.000277092] [self_driving]: [1;33m195[0m[0m
[self_driving-10] [0m[INFO] [1782354661.027638362] [self_driving]: [1;33m195[0m[0m
[self_driving-10] [0m[INFO] [1782354661.108051914] [self_driving]: [1;33m195[0m[0m
[self_driving-10] [0m[INFO] [1782354661.178342999] [self_driving]: [1;33m195[0m[0m
[self_driving-10] [0m[INFO] [1782354661.249276074] [self_driving]: [1;32mcrosswalk[0m[0m
[self_driving-10] [0m[INFO] [1782354661.251831769] [self_driving]: [1;33m195[0m[0m
[self_driving-10] [0m[INFO] [1782354661.303830483] [self_driving]: [1;33m195[0m[0m
[self_driving-10] [0m[INFO] [1782354661.375621493] [self_driving]: [1;33m195[0m[0m
[self_driving-10] [0m[INFO] [1782354661.441837292] [self_driving]: [1;33m195[0m[0m
[self_driving-10] [0m[INFO] [1782354661.512026488] [self_driving]: [1;33m195[0m[0m
[self_driving-10] [0m[INFO] [1782354661.586357749] [self_driving]: [1;33m195[0m[0m
[self_driving-10] [0m[INFO] [1782354661.608805908] [self_driving]: [1;32mgo[0m[0m
[self_driving-10] [0m[INFO] [1782354661.613010511] [self_driving]: [1;32mcrosswalk[0m[0m
[self_driving-10] [0m[INFO] [1782354661.624757310] [self_driving]: [1;32mcrosswalk[0m[0m
[self_driving-10] [0m[INFO] [1782354661.672412734] [self_driving]: [1;33m195[0m[0m
[self_driving-10] [0m[INFO] [1782354661.724406448] [self_driving]: [1;33m195[0m[0m
[self_driving-10] [0m[INFO] [1782354661.782530323] [self_driving]: [1;33m195[0m[0m
[self_driving-10] [0m[INFO] [1782354661.850270750] [self_driving]: [1;33m195[0m[0m
[self_driving-10] [0m[INFO] [1782354661.922109520] [self_driving]: [1;33m195[0m[0m
[self_driving-10] [0m[INFO] [1782354661.968672228] [self_driving]: [1;33m195[0m[0m
[self_driving-10] [0m[INFO] [1782354662.047209943] [self_driving]: [1;33m195[0m[0m
[self_driving-10] [0m[INFO] [1782354662.066910349] [self_driving]: [1;32mgo[0m[0m
[self_driving-10] [0m[INFO] [1782354662.069673066] [self_driving]: [1;32mcrosswalk[0m[0m
[self_driving-10] [0m[INFO] [1782354662.074583417] [self_driving]: [1;32mcrosswalk[0m[0m
[self_driving-10] [0m[INFO] [1782354662.135878086] [self_driving]: [1;33m195[0m[0m
[self_driving-10] [0m[INFO] [1782354662.191673083] [self_driving]: [1;33m195[0m[0m
[self_driving-10] [0m[INFO] [1782354662.247537136] [self_driving]: [1;33m195[0m[0m
[self_driving-10] [0m[INFO] [1782354662.306577094] [self_driving]: [1;33m195[0m[0m
[self_driving-10] [0m[INFO] [1782354662.378038378] [self_driving]: [1;33m195[0m[0m
[self_driving-10] [0m[INFO] [1782354662.454173251] [self_driving]: [1;33m195[0m[0m
[self_driving-10] [0m[INFO] [1782354662.501429781] [self_driving]: [1;32mgo[0m[0m
[self_driving-10] [0m[INFO] [1782354662.515369993] [self_driving]: [1;32mcrosswalk[0m[0m
[self_driving-10] [0m[INFO] [1782354662.518447694] [self_driving]: [1;33m195[0m[0m
[self_driving-10] [0m[INFO] [1782354662.590052627] [self_driving]: [1;33m195[0m[0m
[self_driving-10] [0m[INFO] [1782354662.638886879] [self_driving]: [1;33m195[0m[0m
[self_driving-10] [0m[INFO] [1782354662.711945569] [self_driving]: [1;33m195[0m[0m
[self_driving-10] [0m[INFO] [1782354662.781903039] [self_driving]: [1;33m195[0m[0m
[self_driving-10] [0m[INFO] [1782354662.859089109] [self_driving]: [1;33m195[0m[0m
[self_driving-10] [0m[INFO] [1782354662.864540041] [self_driving]: [1;32mgo[0m[0m
[self_driving-10] [0m[INFO] [1782354662.867058884] [self_driving]: [1;32mcrosswalk[0m[0m
[self_driving-10] [0m[INFO] [1782354662.869491171] [self_driving]: [1;32mcrosswalk[0m[0m
[self_driving-10] [0m[INFO] [1782354662.939399066] [self_driving]: [1;33m195[0m[0m
[self_driving-10] [0m[INFO] [1782354662.984307811] [self_driving]: [1;33m195[0m[0m
[self_driving-10] [0m[INFO] [1782354663.058949907] [self_driving]: [1;33m195[0m[0m
[self_driving-10] [0m[INFO] [1782354663.118393055] [self_driving]: [1;33m195[0m[0m
[self_driving-10] [0m[INFO] [1782354663.179021087] [self_driving]: [1;33m195[0m[0m
[self_driving-10] [0m[INFO] [1782354663.252310260] [self_driving]: [1;32mgo[0m[0m
[self_driving-10] [0m[INFO] [1782354663.257522670] [self_driving]: [1;32mcrosswalk[0m[0m
[self_driving-10] [0m[INFO] [1782354663.262525634] [self_driving]: [1;33m195[0m[0m
[self_driving-10] [0m[INFO] [1782354663.336439648] [self_driving]: [1;33m195[0m[0m
[self_driving-10] [0m[INFO] [1782354663.398333027] [self_driving]: [1;33m195[0m[0m
[self_driving-10] [0m[INFO] [1782354663.458063808] [self_driving]: [1;33m195[0m[0m
[self_driving-10] [0m[INFO] [1782354663.524319698] [self_driving]: [1;33m195[0m[0m
[self_driving-10] [0m[INFO] [1782354663.598349732] [self_driving]: [1;33m195[0m[0m
[self_driving-10] [0m[INFO] [1782354663.621927922] [self_driving]: [1;32mgo[0m[0m
[self_driving-10] [0m[INFO] [1782354663.624363431] [self_driving]: [1;32mcrosswalk[0m[0m
[self_driving-10] [0m[INFO] [1782354663.626202285] [self_driving]: [1;32mcrosswalk[0m[0m
[self_driving-10] [0m[INFO] [1782354663.629458396] [self_driving]: [1;32mred[0m[0m
[self_driving-10] [0m[INFO] [1782354663.677025799] [self_driving]: [1;33m0[0m[0m
[self_driving-10] [0m[INFO] [1782354663.739081532] [self_driving]: [1;33m0[0m[0m
[self_driving-10] [0m[INFO] [1782354663.803650293] [self_driving]: [1;33m0[0m[0m
[self_driving-10] [0m[INFO] [1782354663.859912831] [self_driving]: [1;33m0[0m[0m
[self_driving-10] [0m[INFO] [1782354663.930778311] [self_driving]: [1;33m0[0m[0m
[self_driving-10] [0m[INFO] [1782354663.990956726] [self_driving]: [1;32mcrosswalk[0m[0m
[self_driving-10] [0m[INFO] [1782354663.996852292] [self_driving]: [1;32mcrosswalk[0m[0m
[self_driving-10] [0m[INFO] [1782354663.997716450] [self_driving]: [1;33m226[0m[0m
[self_driving-10] [0m[INFO] [1782354664.062214876] [self_driving]: [1;33m195[0m[0m
[self_driving-10] [0m[INFO] [1782354664.138907402] [self_driving]: [1;33m195[0m[0m
[self_driving-10] [0m[INFO] [1782354664.197127776] [self_driving]: [1;33m195[0m[0m
[self_driving-10] [0m[INFO] [1782354664.248572575] [self_driving]: [1;33m195[0m[0m
[self_driving-10] [0m[INFO] [1782354664.328433025] [self_driving]: [1;33m195[0m[0m
[self_driving-10] [0m[INFO] [1782354664.393291288] [self_driving]: [1;33m195[0m[0m
[self_driving-10] [0m[INFO] [1782354664.399787139] [self_driving]: [1;32mgo[0m[0m
[self_driving-10] [0m[INFO] [1782354664.403797332] [self_driving]: [1;32mcrosswalk[0m[0m
[self_driving-10] [0m[INFO] [1782354664.476792187] [self_driving]: [1;33m195[0m[0m
[self_driving-10] [0m[INFO] [1782354664.537464755] [self_driving]: [1;33m195[0m[0m
[self_driving-10] [0m[INFO] [1782354664.612402965] [self_driving]: [1;33m195[0m[0m
[self_driving-10] [0m[INFO] [1782354664.665878008] [self_driving]: [1;33m195[0m[0m
[self_driving-10] [0m[INFO] [1782354664.738825122] [self_driving]: [1;33m195[0m[0m
[self_driving-10] [0m[INFO] [1782354664.808109694] [self_driving]: [1;33m195[0m[0m
[self_driving-10] [0m[INFO] [1782354664.831581013] [self_driving]: [1;32mgo[0m[0m
[self_driving-10] [0m[INFO] [1782354664.834462323] [self_driving]: [1;32mcrosswalk[0m[0m
[self_driving-10] [0m[INFO] [1782354664.839203357] [self_driving]: [1;32mcrosswalk[0m[0m
[self_driving-10] [0m[INFO] [1782354664.882226413] [self_driving]: [1;33m195[0m[0m
[self_driving-10] [0m[INFO] [1782354664.940263897] [self_driving]: [1;33m195[0m[0m
[self_driving-10] [0m[INFO] [1782354665.004527672] [self_driving]: [1;33m195[0m[0m
[self_driving-10] [0m[INFO] [1782354665.070884488] [self_driving]: [1;33m195[0m[0m
[self_driving-10] [0m[INFO] [1782354665.131141978] [self_driving]: [1;33m195[0m[0m
[self_driving-10] [0m[INFO] [1782354665.199393519] [self_driving]: [1;33m195[0m[0m
[self_driving-10] [0m[INFO] [1782354665.211320653] [self_driving]: [1;32mgo[0m[0m
[self_driving-10] [0m[INFO] [1782354665.213849977] [self_driving]: [1;32mcrosswalk[0m[0m
[self_driving-10] [0m[INFO] [1782354665.216690879] [self_driving]: [1;32mcrosswalk[0m[0m
[self_driving-10] [0m[INFO] [1782354665.289169635] [self_driving]: [1;33m195[0m[0m
[self_driving-10] [0m[INFO] [1782354665.331753667] [self_driving]: [1;33m195[0m[0m
[self_driving-10] [0m[INFO] [1782354665.404280127] [self_driving]: [1;33m195[0m[0m
[self_driving-10] [0m[INFO] [1782354665.469516635] [self_driving]: [1;33m195[0m[0m
[self_driving-10] [0m[INFO] [1782354665.545144166] [self_driving]: [1;33m195[0m[0m
[self_driving-10] [0m[INFO] [1782354665.584883203] [self_driving]: [1;32mcrosswalk[0m[0m
[self_driving-10] [0m[INFO] [1782354665.600937253] [self_driving]: [1;32mcrosswalk[0m[0m
[self_driving-10] [0m[INFO] [1782354665.604775093] [self_driving]: [1;33m195[0m[0m
[self_driving-10] [0m[INFO] [1782354665.678366101] [self_driving]: [1;33m195[0m[0m
[self_driving-10] [0m[INFO] [1782354665.749519194] [self_driving]: [1;33m195[0m[0m
[self_driving-10] [0m[INFO] [1782354665.802523009] [self_driving]: [1;33m195[0m[0m
[self_driving-10] [0m[INFO] [1782354665.873691102] [self_driving]: [1;33m195[0m[0m
[self_driving-10] [0m[INFO] [1782354665.940232476] [self_driving]: [1;33m195[0m[0m
[self_driving-10] [0m[INFO] [1782354665.998161828] [self_driving]: [1;33m195[0m[0m
[self_driving-10] [0m[INFO] [1782354666.025088777] [self_driving]: [1;32mgo[0m[0m
[self_driving-10] [0m[INFO] [1782354666.030813767] [self_driving]: [1;32mcrosswalk[0m[0m
[self_driving-10] [0m[INFO] [1782354666.038879283] [self_driving]: [1;32mcrosswalk[0m[0m
[self_driving-10] [0m[INFO] [1782354666.106053886] [self_driving]: [1;33m195[0m[0m
[self_driving-10] [0m[INFO] [1782354666.141490579] [self_driving]: [1;33m195[0m[0m
[self_driving-10] [0m[INFO] [1782354666.219197559] [self_driving]: [1;33m195[0m[0m
[self_driving-10] [0m[INFO] [1782354666.271492958] [self_driving]: [1;33m195[0m[0m
[self_driving-10] [0m[INFO] [1782354666.338460485] [self_driving]: [1;33m195[0m[0m
[self_driving-10] [0m[INFO] [1782354666.420481828] [self_driving]: [1;33m195[0m[0m
[self_driving-10] [0m[INFO] [1782354666.436460821] [self_driving]: [1;32mgo[0m[0m
[self_driving-10] [0m[INFO] [1782354666.439097999] [self_driving]: [1;32mcrosswalk[0m[0m
[self_driving-10] [0m[INFO] [1782354666.444273427] [self_driving]: [1;32mcrosswalk[0m[0m
[self_driving-10] [0m[INFO] [1782354666.505035347] [self_driving]: [1;33m195[0m[0m
[self_driving-10] [0m[INFO] [1782354666.558213664] [self_driving]: [1;33m195[0m[0m
[self_driving-10] [0m[INFO] [1782354666.626339259] [self_driving]: [1;33m195[0m[0m
[self_driving-10] [0m[INFO] [1782354666.685437234] [self_driving]: [1;33m195[0m[0m
[self_driving-10] [0m[INFO] [1782354666.746279674] [self_driving]: [1;33m195[0m[0m
[self_driving-10] [0m[INFO] [1782354666.814164266] [self_driving]: [1;33m195[0m[0m
[self_driving-10] [0m[INFO] [1782354666.821799462] [self_driving]: [1;32mgo[0m[0m
[self_driving-10] [0m[INFO] [1782354666.824631902] [self_driving]: [1;32mcrosswalk[0m[0m
[self_driving-10] [0m[INFO] [1782354666.826499256] [self_driving]: [1;32mcrosswalk[0m[0m
[self_driving-10] [0m[INFO] [1782354666.919636316] [self_driving]: [1;33m195[0m[0m
[self_driving-10] [0m[INFO] [1782354666.958110042] [self_driving]: [1;33m195[0m[0m
[self_driving-10] [0m[INFO] [1782354667.025931319] [self_driving]: [1;33m195[0m[0m
[self_driving-10] [0m[INFO] [1782354667.090580615] [self_driving]: [1;33m195[0m[0m
[self_driving-10] [0m[INFO] [1782354667.148166036] [self_driving]: [1;33m195[0m[0m
[self_driving-10] [0m[INFO] [1782354667.210747994] [self_driving]: [1;33m195[0m[0m
[self_driving-10] [0m[INFO] [1782354667.233699491] [self_driving]: [1;32mgo[0m[0m
[self_driving-10] [0m[INFO] [1782354667.235568123] [self_driving]: [1;32mcrosswalk[0m[0m
[self_driving-10] [0m[INFO] [1782354667.239138756] [self_driving]: [1;32mcrosswalk[0m[0m
[self_driving-10] [0m[INFO] [1782354667.306233820] [self_driving]: [1;33m195[0m[0m
[self_driving-10] [0m[INFO] [1782354667.360015902] [self_driving]: [1;33m195[0m[0m
[self_driving-10] [0m[INFO] [1782354667.428881838] [self_driving]: [1;33m195[0m[0m
[self_driving-10] [0m[INFO] [1782354667.480673824] [self_driving]: [1;33m195[0m[0m
[self_driving-10] [0m[INFO] [1782354667.561025036] [self_driving]: [1;33m195[0m[0m
[self_driving-10] [0m[INFO] [1782354667.622945987] [self_driving]: [1;32mcrosswalk[0m[0m
[self_driving-10] [0m[INFO] [1782354667.626603195] [self_driving]: [1;33m195[0m[0m
[self_driving-10] [0m[INFO] [1782354667.703071271] [self_driving]: [1;33m195[0m[0m
[self_driving-10] [0m[INFO] [1782354667.761933040] [self_driving]: [1;33m195[0m[0m
[self_driving-10] [0m[INFO] [1782354667.822756219] [self_driving]: [1;33m195[0m[0m
[self_driving-10] [0m[INFO] [1782354667.896583784] [self_driving]: [1;33m195[0m[0m
[self_driving-10] [0m[INFO] [1782354667.963850684] [self_driving]: [1;33m195[0m[0m
[self_driving-10] [0m[INFO] [1782354667.986226471] [self_driving]: [1;32mgo[0m[0m
[self_driving-10] [0m[INFO] [1782354667.988410866] [self_driving]: [1;32mcrosswalk[0m[0m
[self_driving-10] [0m[INFO] [1782354667.992246908] [self_driving]: [1;32mcrosswalk[0m[0m
[self_driving-10] [0m[INFO] [1782354668.046631552] [self_driving]: [1;33m195[0m[0m
[self_driving-10] [0m[INFO] [1782354668.110600618] [self_driving]: [1;33m195[0m[0m
[self_driving-10] [0m[INFO] [1782354668.164543794] [self_driving]: [1;33m195[0m[0m
[self_driving-10] [0m[INFO] [1782354668.231075370] [self_driving]: [1;33m195[0m[0m
[self_driving-10] [0m[INFO] [1782354668.292869171] [self_driving]: [1;33m195[0m[0m
[self_driving-10] [0m[INFO] [1782354668.364453284] [self_driving]: [1;33m195[0m[0m
[self_driving-10] [0m[INFO] [1782354668.393982132] [self_driving]: [1;32mgo[0m[0m
[self_driving-10] [0m[INFO] [1782354668.396437345] [self_driving]: [1;32mcrosswalk[0m[0m
[self_driving-10] [0m[INFO] [1782354668.399803123] [self_driving]: [1;32mcrosswalk[0m[0m
[self_driving-10] [0m[INFO] [1782354668.460187723] [self_driving]: [1;33m195[0m[0m
[self_driving-10] [0m[INFO] [1782354668.491865910] [self_driving]: [1;33m195[0m[0m
[self_driving-10] [0m[INFO] [1782354668.578350857] [self_driving]: [1;33m195[0m[0m
[self_driving-10] [0m[INFO] [1782354668.631679618] [self_driving]: [1;33m195[0m[0m
[self_driving-10] [0m[INFO] [1782354668.700181531] [self_driving]: [1;33m195[0m[0m
[self_driving-10] [0m[INFO] [1782354668.768318643] [self_driving]: [1;33m195[0m[0m
[self_driving-10] [0m[INFO] [1782354668.826591423] [self_driving]: [1;33m195[0m[0m
[self_driving-10] [0m[INFO] [1782354668.842637287] [self_driving]: [1;32mgo[0m[0m
[self_driving-10] [0m[INFO] [1782354668.844378622] [self_driving]: [1;32mcrosswalk[0m[0m
[self_driving-10] [0m[INFO] [1782354668.849746163] [self_driving]: [1;32mcrosswalk[0m[0m
[self_driving-10] [0m[INFO] [1782354668.932417752] [self_driving]: [1;33m195[0m[0m
[self_driving-10] [0m[INFO] [1782354668.981699710] [self_driving]: [1;33m195[0m[0m
[self_driving-10] [0m[INFO] [1782354669.035717497] [self_driving]: [1;33m195[0m[0m
[self_driving-10] [0m[INFO] [1782354669.101259061] [self_driving]: [1;33m195[0m[0m
[self_driving-10] [0m[INFO] [1782354669.159704917] [self_driving]: [1;33m195[0m[0m
[self_driving-10] [0m[INFO] [1782354669.241331882] [self_driving]: [1;33m195[0m[0m
[self_driving-10] [0m[INFO] [1782354669.248018994] [self_driving]: [1;32mgo[0m[0m
[self_driving-10] [0m[INFO] [1782354669.249694050] [self_driving]: [1;32mcrosswalk[0m[0m
[self_driving-10] [0m[INFO] [1782354669.252649083] [self_driving]: [1;32mcrosswalk[0m[0m
[self_driving-10] [0m[INFO] [1782354669.309371030] [self_driving]: [1;33m195[0m[0m
[self_driving-10] [0m[INFO] [1782354669.378368095] [self_driving]: [1;33m195[0m[0m
[self_driving-10] [0m[INFO] [1782354669.440611308] [self_driving]: [1;33m195[0m[0m
[self_driving-10] [0m[INFO] [1782354669.498996218] [self_driving]: [1;33m195[0m[0m
[self_driving-10] [0m[INFO] [1782354669.577420611] [self_driving]: [1;33m195[0m[0m
[self_driving-10] [0m[INFO] [1782354669.617296018] [self_driving]: [1;32mcrosswalk[0m[0m
[self_driving-10] [0m[INFO] [1782354669.623622607] [self_driving]: [1;32mcrosswalk[0m[0m
[self_driving-10] [0m[INFO] [1782354669.661305120] [self_driving]: [1;33m195[0m[0m
[self_driving-10] [0m[INFO] [1782354669.708886021] [self_driving]: [1;33m195[0m[0m
[self_driving-10] [0m[INFO] [1782354669.778125163] [self_driving]: [1;33m195[0m[0m
[self_driving-10] [0m[INFO] [1782354669.832437362] [self_driving]: [1;33m195[0m[0m
[self_driving-10] [0m[INFO] [1782354669.906530484] [self_driving]: [1;33m195[0m[0m
[self_driving-10] [0m[INFO] [1782354669.982721500] [self_driving]: [1;33m195[0m[0m
[self_driving-10] [0m[INFO] [1782354669.999302481] [self_driving]: [1;32mgo[0m[0m
[self_driving-10] [0m[INFO] [1782354670.002895040] [self_driving]: [1;32mcrosswalk[0m[0m
[self_driving-10] [0m[INFO] [1782354670.054841081] [self_driving]: [1;33m195[0m[0m
[self_driving-10] [0m[INFO] [1782354670.113699367] [self_driving]: [1;33m195[0m[0m
[self_driving-10] [0m[INFO] [1782354670.177058776] [self_driving]: [1;33m195[0m[0m
[self_driving-10] [0m[INFO] [1782354670.249839328] [self_driving]: [1;33m195[0m[0m
[self_driving-10] [0m[INFO] [1782354670.307792732] [self_driving]: [1;33m195[0m[0m
[self_driving-10] [0m[INFO] [1782354670.379596477] [self_driving]: [1;33m195[0m[0m
[self_driving-10] [0m[INFO] [1782354670.432359249] [self_driving]: [1;32mgo[0m[0m
[self_driving-10] [0m[INFO] [1782354670.434329494] [self_driving]: [1;32mcrosswalk[0m[0m
[self_driving-10] [0m[INFO] [1782354670.437895756] [self_driving]: [1;32mcrosswalk[0m[0m
[self_driving-10] [0m[INFO] [1782354670.454639220] [self_driving]: [1;33m195[0m[0m
[self_driving-10] [0m[INFO] [1782354670.523949992] [self_driving]: [1;33m195[0m[0m
[self_driving-10] [0m[INFO] [1782354670.571649468] [self_driving]: [1;33m195[0m[0m
[self_driving-10] [0m[INFO] [1782354670.655945240] [self_driving]: [1;33m195[0m[0m
[self_driving-10] [0m[INFO] [1782354670.711936586] [self_driving]: [1;33m195[0m[0m
[self_driving-10] [0m[INFO] [1782354670.787501187] [self_driving]: [1;33m195[0m[0m
[self_driving-10] [0m[INFO] [1782354670.840640705] [self_driving]: [1;33m195[0m[0m
[self_driving-10] [0m[INFO] [1782354670.862965361] [self_driving]: [1;32mcrosswalk[0m[0m
[self_driving-10] [0m[INFO] [1782354670.953794743] [self_driving]: [1;33m188[0m[0m
[self_driving-10] [0m[INFO] [1782354670.997792122] [self_driving]: [1;33m188[0m[0m
[self_driving-10] [0m[INFO] [1782354671.054353418] [self_driving]: [1;33m188[0m[0m
[self_driving-10] [0m[INFO] [1782354671.123319074] [self_driving]: [1;33m188[0m[0m
[self_driving-10] [0m[INFO] [1782354671.179811814] [self_driving]: [1;33m188[0m[0m
[self_driving-10] [0m[INFO] [1782354671.252158342] [self_driving]: [1;33m188[0m[0m
[self_driving-10] [0m[INFO] [1782354671.258629025] [self_driving]: [1;32mcrosswalk[0m[0m
[self_driving-10] [0m[INFO] [1782354671.263542524] [self_driving]: [1;32mcrosswalk[0m[0m
[self_driving-10] [0m[INFO] [1782354671.328434061] [self_driving]: [1;33m167[0m[0m
[self_driving-10] [0m[INFO] [1782354671.386374780] [self_driving]: [1;33m167[0m[0m
[self_driving-10] [0m[INFO] [1782354671.459659299] [self_driving]: [1;33m167[0m[0m
[self_driving-10] [0m[INFO] [1782354671.528398916] [self_driving]: [1;33m167[0m[0m
[self_driving-10] [0m[INFO] [1782354671.593197878] [self_driving]: [1;33m167[0m[0m
[self_driving-10] [0m[INFO] [1782354671.645940613] [self_driving]: [1;33m167[0m[0m
[self_driving-10] [0m[INFO] [1782354671.670386644] [self_driving]: [1;32mcrosswalk[0m[0m
[self_driving-10] [0m[INFO] [1782354671.673472901] [self_driving]: [1;32mcrosswalk[0m[0m
[self_driving-10] [0m[INFO] [1782354671.728011897] [self_driving]: [1;33m281[0m[0m
[self_driving-10] [0m[INFO] [1782354671.793882315] [self_driving]: [1;33m281[0m[0m
[self_driving-10] [0m[INFO] [1782354671.855680521] [self_driving]: [1;33m281[0m[0m
[self_driving-10] [0m[INFO] [1782354671.913751945] [self_driving]: [1;33m281[0m[0m
[self_driving-10] [0m[INFO] [1782354671.996205233] [self_driving]: [1;33m281[0m[0m
[self_driving-10] [0m[INFO] [1782354672.030799636] [self_driving]: [1;32mcrosswalk[0m[0m
[self_driving-10] [0m[INFO] [1782354672.079066710] [self_driving]: [1;33m444[0m[0m
[self_driving-10] [0m[INFO] [1782354672.148397610] [self_driving]: [1;33m444[0m[0m
[self_driving-10] [0m[INFO] [1782354672.187322247] [self_driving]: [1;33m444[0m[0m
[self_driving-10] [0m[INFO] [1782354672.260603580] [self_driving]: [1;33m444[0m[0m
[self_driving-10] [0m[INFO] [1782354672.323190184] [self_driving]: [1;33m444[0m[0m
[self_driving-10] [0m[INFO] [1782354672.386540221] [self_driving]: [1;33m444[0m[0m
[self_driving-10] [0m[INFO] [1782354672.485312282] [self_driving]: [1;33m444[0m[0m
[self_driving-10] [0m[INFO] [1782354672.524279197] [self_driving]: [1;33m444[0m[0m
[self_driving-10] [0m[INFO] [1782354672.594068918] [self_driving]: [1;33m444[0m[0m
[self_driving-10] [0m[INFO] [1782354672.668445337] [self_driving]: [1;33m444[0m[0m
[self_driving-10] [0m[INFO] [1782354672.728021314] [self_driving]: [1;33m444[0m[0m
[self_driving-10] [0m[INFO] [1782354672.806667374] [self_driving]: [1;33m444[0m[0m
[self_driving-10] [0m[INFO] [1782354672.878612989] [self_driving]: [1;33m444[0m[0m
[self_driving-10] [0m[INFO] [1782354672.928713731] [self_driving]: [1;33m444[0m[0m
[self_driving-10] [0m[INFO] [1782354673.003196207] [self_driving]: [1;33m444[0m[0m
[self_driving-10] [0m[INFO] [1782354673.059674409] [self_driving]: [1;33m444[0m[0m
[self_driving-10] [0m[INFO] [1782354673.137258826] [self_driving]: [1;33m444[0m[0m
[self_driving-10] [0m[INFO] [1782354673.207072361] [self_driving]: [1;33m444[0m[0m
[self_driving-10] [0m[INFO] [1782354673.281763357] [self_driving]: [1;33m444[0m[0m
[self_driving-10] [0m[INFO] [1782354673.335420064] [self_driving]: [1;33m444[0m[0m
[self_driving-10] [0m[INFO] [1782354673.402472680] [self_driving]: [1;33m444[0m[0m
[self_driving-10] [0m[INFO] [1782354673.475267673] [self_driving]: [1;33m444[0m[0m
[self_driving-10] [0m[INFO] [1782354673.537286122] [self_driving]: [1;33m444[0m[0m
[self_driving-10] [0m[INFO] [1782354673.620946088] [self_driving]: [1;33m444[0m[0m
[self_driving-10] [0m[INFO] [1782354673.679534313] [self_driving]: [1;33m444[0m[0m
[self_driving-10] [0m[INFO] [1782354673.735270988] [self_driving]: [1;33m444[0m[0m
[self_driving-10] [0m[INFO] [1782354673.797018766] [self_driving]: [1;33m444[0m[0m
[self_driving-10] [0m[INFO] [1782354673.886430241] [self_driving]: [1;33m444[0m[0m
[self_driving-10] [0m[INFO] [1782354673.945774696] [self_driving]: [1;33m444[0m[0m
[self_driving-10] [0m[INFO] [1782354674.028108870] [self_driving]: [1;33m444[0m[0m
[self_driving-10] [0m[INFO] [1782354674.078401150] [self_driving]: [1;33m444[0m[0m
[self_driving-10] [0m[INFO] [1782354674.136039382] [self_driving]: [1;33m444[0m[0m
[self_driving-10] [0m[INFO] [1782354674.212136320] [self_driving]: [1;33m444[0m[0m
[self_driving-10] [0m[INFO] [1782354674.279796459] [self_driving]: [1;33m444[0m[0m
[self_driving-10] [0m[INFO] [1782354674.369552678] [self_driving]: [1;33m444[0m[0m
[self_driving-10] [0m[INFO] [1782354674.414479602] [self_driving]: [1;33m444[0m[0m
[self_driving-10] [0m[INFO] [1782354674.471016693] [self_driving]: [1;33m444[0m[0m
[self_driving-10] [0m[INFO] [1782354674.544529009] [self_driving]: [1;33m444[0m[0m
[self_driving-10] [0m[INFO] [1782354674.612842989] [self_driving]: [1;33m444[0m[0m
[self_driving-10] [0m[INFO] [1782354674.669832177] [self_driving]: [1;33m444[0m[0m
[self_driving-10] [0m[INFO] [1782354674.788371548] [self_driving]: [1;33m444[0m[0m
[self_driving-10] [0m[INFO] [1782354674.827021977] [self_driving]: [1;33m444[0m[0m
[self_driving-10] [0m[INFO] [1782354674.883634568] [self_driving]: [1;33m444[0m[0m
[self_driving-10] [0m[INFO] [1782354674.945568533] [self_driving]: [1;33m444[0m[0m
[self_driving-10] [0m[INFO] [1782354675.013318248] [self_driving]: [1;33m444[0m[0m
[self_driving-10] [0m[INFO] [1782354675.081845193] [self_driving]: [1;33m444[0m[0m
[self_driving-10] [0m[INFO] [1782354675.153508988] [self_driving]: [1;33m444[0m[0m
[self_driving-10] [0m[INFO] [1782354675.267589790] [self_driving]: [1;33m444[0m[0m
[self_driving-10] [0m[INFO] [1782354675.292233600] [self_driving]: [1;33m444[0m[0m
[self_driving-10] [0m[INFO] [1782354675.353002755] [self_driving]: [1;33m444[0m[0m
[self_driving-10] [0m[INFO] [1782354675.410445337] [self_driving]: [1;33m444[0m[0m
[self_driving-10] [0m[INFO] [1782354675.491752072] [self_driving]: [1;33m444[0m[0m
[self_driving-10] [0m[INFO] [1782354675.549430822] [self_driving]: [1;33m444[0m[0m
[self_driving-10] [0m[INFO] [1782354675.628967686] [self_driving]: [1;33m444[0m[0m
[self_driving-10] [0m[INFO] [1782354675.691966440] [self_driving]: [1;33m444[0m[0m
[self_driving-10] [0m[INFO] [1782354675.763281693] [self_driving]: [1;33m444[0m[0m
[self_driving-10] [0m[INFO] [1782354675.812595185] [self_driving]: [1;33m444[0m[0m
[self_driving-10] [0m[INFO] [1782354675.881775526] [self_driving]: [1;33m444[0m[0m
[self_driving-10] [0m[INFO] [1782354675.947206048] [self_driving]: [1;33m444[0m[0m
[self_driving-10] [0m[INFO] [1782354676.042714588] [self_driving]: [1;33m444[0m[0m
[self_driving-10] [0m[INFO] [1782354676.092978626] [self_driving]: [1;33m444[0m[0m
[self_driving-10] [0m[INFO] [1782354676.154964572] [self_driving]: [1;33m444[0m[0m
[self_driving-10] [0m[INFO] [1782354676.216005507] [self_driving]: [1;33m444[0m[0m
[self_driving-10] [0m[INFO] [1782354676.298935537] [self_driving]: [1;33m444[0m[0m
[self_driving-10] [0m[INFO] [1782354676.358831293] [self_driving]: [1;33m444[0m[0m
[self_driving-10] [0m[INFO] [1782354676.457624147] [self_driving]: [1;33m444[0m[0m
[self_driving-10] [0m[INFO] [1782354676.504400295] [self_driving]: [1;33m444[0m[0m
[self_driving-10] [0m[INFO] [1782354676.575233339] [self_driving]: [1;33m444[0m[0m
[self_driving-10] [0m[INFO] [1782354676.629855759] [self_driving]: [1;33m444[0m[0m
[self_driving-10] [0m[INFO] [1782354676.701807593] [self_driving]: [1;33m444[0m[0m
[self_driving-10] [0m[INFO] [1782354676.762179965] [self_driving]: [1;33m444[0m[0m
[self_driving-10] [0m[INFO] [1782354676.836002542] [self_driving]: [1;33m444[0m[0m
[self_driving-10] [0m[INFO] [1782354676.901205413] [self_driving]: [1;33m444[0m[0m
[self_driving-10] [0m[INFO] [1782354676.968431046] [self_driving]: [1;33m444[0m[0m
[self_driving-10] [0m[INFO] [1782354677.027297587] [self_driving]: [1;33m444[0m[0m
[self_driving-10] [0m[INFO] [1782354677.098263613] [self_driving]: [1;33m444[0m[0m
[self_driving-10] [0m[INFO] [1782354677.164459957] [self_driving]: [1;33m444[0m[0m
[self_driving-10] [0m[INFO] [1782354677.234306323] [self_driving]: [1;33m444[0m[0m
[self_driving-10] [0m[INFO] [1782354677.328202380] [self_driving]: [1;33m444[0m[0m
[self_driving-10] [0m[INFO] [1782354677.382174737] [self_driving]: [1;33m444[0m[0m
[self_driving-10] [0m[INFO] [1782354677.437189976] [self_driving]: [1;33m444[0m[0m
[self_driving-10] [0m[INFO] [1782354677.504755131] [self_driving]: [1;33m444[0m[0m
[self_driving-10] [0m[INFO] [1782354677.559492940] [self_driving]: [1;33m444[0m[0m
[self_driving-10] [0m[INFO] [1782354677.630107500] [self_driving]: [1;33m444[0m[0m
[self_driving-10] [0m[INFO] [1782354677.702340466] [self_driving]: [1;33m444[0m[0m
[self_driving-10] [0m[INFO] [1782354677.776914680] [self_driving]: [1;33m444[0m[0m
[self_driving-10] [0m[INFO] [1782354677.839052757] [self_driving]: [1;33m444[0m[0m
[self_driving-10] [0m[INFO] [1782354677.903349246] [self_driving]: [1;33m444[0m[0m
[self_driving-10] [0m[INFO] [1782354677.975896660] [self_driving]: [1;33m444[0m[0m
[self_driving-10] [0m[INFO] [1782354678.042871160] [self_driving]: [1;33m444[0m[0m
[self_driving-10] [0m[INFO] [1782354678.122768970] [self_driving]: [1;33m444[0m[0m
[self_driving-10] [0m[INFO] [1782354678.183240749] [self_driving]: [1;33m444[0m[0m
[self_driving-10] [0m[INFO] [1782354678.251230501] [self_driving]: [1;33m444[0m[0m
[self_driving-10] [0m[INFO] [1782354678.300036356] [self_driving]: [1;33m444[0m[0m
[self_driving-10] [0m[INFO] [1782354678.376515850] [self_driving]: [1;33m444[0m[0m
[self_driving-10] [0m[INFO] [1782354678.426145287] [self_driving]: [1;32mcrosswalk[0m[0m
[self_driving-10] [0m[INFO] [1782354678.446539031] [self_driving]: [1;33m438[0m[0m
[self_driving-10] [0m[INFO] [1782354678.512978340] [self_driving]: [1;33m438[0m[0m
[self_driving-10] [0m[INFO] [1782354678.580793553] [self_driving]: [1;33m438[0m[0m
[self_driving-10] [0m[INFO] [1782354678.640968552] [self_driving]: [1;33m438[0m[0m
[self_driving-10] [0m[INFO] [1782354678.714639718] [self_driving]: [1;33m438[0m[0m
[self_driving-10] [0m[INFO] [1782354678.780389778] [self_driving]: [1;33m438[0m[0m
[self_driving-10] [0m[INFO] [1782354678.860602295] [self_driving]: [1;33m438[0m[0m
[self_driving-10] [0m[INFO] [1782354678.915493921] [self_driving]: [1;33m438[0m[0m
[self_driving-10] [0m[INFO] [1782354678.988164928] [self_driving]: [1;33m438[0m[0m
[self_driving-10] [0m[INFO] [1782354679.051013474] [self_driving]: [1;33m438[0m[0m
[self_driving-10] [0m[INFO] [1782354679.121130027] [self_driving]: [1;33m438[0m[0m
[self_driving-10] [0m[INFO] [1782354679.180047992] [self_driving]: [1;33m438[0m[0m
[self_driving-10] [0m[INFO] [1782354679.255304935] [self_driving]: [1;33m438[0m[0m
[self_driving-10] [0m[INFO] [1782354679.353875042] [self_driving]: [1;33m438[0m[0m
[self_driving-10] [0m[INFO] [1782354679.396346400] [self_driving]: [1;33m438[0m[0m
[self_driving-10] [0m[INFO] [1782354679.455952651] [self_driving]: [1;33m438[0m[0m
[self_driving-10] [0m[INFO] [1782354679.521794990] [self_driving]: [1;33m438[0m[0m
[self_driving-10] [0m[INFO] [1782354679.580962199] [self_driving]: [1;33m438[0m[0m
[self_driving-10] [0m[INFO] [1782354679.656438681] [self_driving]: [1;33m438[0m[0m
[self_driving-10] [0m[INFO] [1782354679.677333523] [self_driving]: [1;32mgreen[0m[0m
[self_driving-10] [0m[INFO] [1782354679.736110932] [self_driving]: [1;33m0[0m[0m
[self_driving-10] [0m[INFO] [1782354679.791115891] [self_driving]: [1;33m0[0m[0m
[self_driving-10] [0m[INFO] [1782354679.862684145] [self_driving]: [1;33m0[0m[0m
[self_driving-10] [0m[INFO] [1782354679.911379146] [self_driving]: [1;33m0[0m[0m
[self_driving-10] [0m[INFO] [1782354679.997545283] [self_driving]: [1;33m0[0m[0m
[self_driving-10] [0m[INFO] [1782354680.082913929] [self_driving]: [1;33m0[0m[0m
[self_driving-10] [0m[INFO] [1782354680.129868855] [self_driving]: [1;33m0[0m[0m
[self_driving-10] [0m[INFO] [1782354680.191402256] [self_driving]: [1;33m0[0m[0m
[self_driving-10] [0m[INFO] [1782354680.251111156] [self_driving]: [1;33m0[0m[0m
[self_driving-10] [0m[INFO] [1782354680.327999930] [self_driving]: [1;33m0[0m[0m
[self_driving-10] [0m[INFO] [1782354680.388680063] [self_driving]: [1;33m0[0m[0m
[self_driving-10] [0m[INFO] [1782354680.481570459] [self_driving]: [1;33m0[0m[0m
[self_driving-10] [0m[INFO] [1782354680.524985771] [self_driving]: [1;33m0[0m[0m
[self_driving-10] [0m[INFO] [1782354680.594713430] [self_driving]: [1;33m0[0m[0m
[self_driving-10] [0m[INFO] [1782354680.660020928] [self_driving]: [1;33m0[0m[0m
[self_driving-10] [0m[INFO] [1782354680.723361683] [self_driving]: [1;33m0[0m[0m
[self_driving-10] [0m[INFO] [1782354680.817632761] [self_driving]: [1;33m0[0m[0m
[self_driving-10] [0m[INFO] [1782354680.856485708] [self_driving]: [1;33m0[0m[0m
[self_driving-10] [0m[INFO] [1782354680.938090812] [self_driving]: [1;33m0[0m[0m
[self_driving-10] [0m[INFO] [1782354681.002980881] [self_driving]: [1;33m0[0m[0m
[self_driving-10] [0m[INFO] [1782354681.064509429] [self_driving]: [1;33m0[0m[0m
[self_driving-10] [0m[INFO] [1782354681.131334407] [self_driving]: [1;33m0[0m[0m
[self_driving-10] [0m[INFO] [1782354681.234532582] [self_driving]: [1;33m0[0m[0m
[self_driving-10] [0m[INFO] [1782354681.277685410] [self_driving]: [1;33m0[0m[0m
[self_driving-10] [0m[INFO] [1782354681.337953074] [self_driving]: [1;33m0[0m[0m
[self_driving-10] [0m[INFO] [1782354681.396291422] [self_driving]: [1;33m0[0m[0m
[self_driving-10] [0m[INFO] [1782354681.448924446] [self_driving]: [1;33m0[0m[0m
[self_driving-10] [0m[INFO] [1782354681.527130994] [self_driving]: [1;33m0[0m[0m
[self_driving-10] [0m[INFO] [1782354681.623846375] [self_driving]: [1;33m0[0m[0m
[self_driving-10] [0m[INFO] [1782354681.674559953] [self_driving]: [1;33m0[0m[0m
[self_driving-10] [0m[INFO] [1782354681.748127264] [self_driving]: [1;33m0[0m[0m
[self_driving-10] [0m[INFO] [1782354681.797815738] [self_driving]: [1;33m0[0m[0m
[self_driving-10] [0m[INFO] [1782354681.873221903] [self_driving]: [1;33m0[0m[0m
[self_driving-10] [0m[INFO] [1782354681.937089681] [self_driving]: [1;33m0[0m[0m
[self_driving-10] [0m[INFO] [1782354682.026359036] [self_driving]: [1;33m0[0m[0m
[self_driving-10] [0m[INFO] [1782354682.076460662] [self_driving]: [1;33m0[0m[0m
[self_driving-10] [0m[INFO] [1782354682.138429493] [self_driving]: [1;33m0[0m[0m
[self_driving-10] [0m[INFO] [1782354682.210606844] [self_driving]: [1;33m0[0m[0m
[self_driving-10] [0m[INFO] [1782354682.275272167] [self_driving]: [1;33m0[0m[0m
[self_driving-10] [0m[INFO] [1782354682.348366491] [self_driving]: [1;33m0[0m[0m
[self_driving-10] [0m[INFO] [1782354682.415934902] [self_driving]: [1;33m0[0m[0m
[self_driving-10] [0m[INFO] [1782354682.464843756] [self_driving]: [1;33m0[0m[0m
[self_driving-10] [0m[INFO] [1782354682.544453115] [self_driving]: [1;33m0[0m[0m
[self_driving-10] [0m[INFO] [1782354682.612189194] [self_driving]: [1;33m0[0m[0m
[self_driving-10] [0m[INFO] [1782354682.673716298] [self_driving]: [1;33m0[0m[0m
[self_driving-10] [0m[INFO] [1782354682.752467166] [self_driving]: [1;33m0[0m[0m
[self_driving-10] [0m[INFO] [1782354682.815622695] [self_driving]: [1;33m0[0m[0m
[self_driving-10] [0m[INFO] [1782354682.883206087] [self_driving]: [1;33m0[0m[0m
[self_driving-10] [0m[INFO] [1782354682.945365550] [self_driving]: [1;33m0[0m[0m
[self_driving-10] [0m[INFO] [1782354683.022323750] [self_driving]: [1;33m0[0m[0m
[self_driving-10] [0m[INFO] [1782354683.080299369] [self_driving]: [1;33m0[0m[0m
[self_driving-10] [0m[INFO] [1782354683.156617172] [self_driving]: [1;33m0[0m[0m
[self_driving-10] [0m[INFO] [1782354683.220023574] [self_driving]: [1;33m0[0m[0m
[self_driving-10] [0m[INFO] [1782354683.285024641] [self_driving]: [1;33m0[0m[0m
[self_driving-10] [0m[INFO] [1782354683.347989742] [self_driving]: [1;33m0[0m[0m
[self_driving-10] [0m[INFO] [1782354683.429317841] [self_driving]: [1;33m0[0m[0m
[self_driving-10] [0m[INFO] [1782354683.472353574] [self_driving]: [1;33m0[0m[0m
[self_driving-10] [0m[INFO] [1782354683.544931002] [self_driving]: [1;33m0[0m[0m
[self_driving-10] [0m[INFO] [1782354683.618211790] [self_driving]: [1;33m0[0m[0m
[self_driving-10] [0m[INFO] [1782354683.682044734] [self_driving]: [1;33m0[0m[0m
[self_driving-10] [0m[INFO] [1782354683.739114251] [self_driving]: [1;33m0[0m[0m
[self_driving-10] [0m[INFO] [1782354683.812437299] [self_driving]: [1;33m0[0m[0m
[self_driving-10] [0m[INFO] [1782354683.916572241] [self_driving]: [1;33m0[0m[0m
[self_driving-10] [0m[INFO] [1782354683.967037963] [self_driving]: [1;33m0[0m[0m
[self_driving-10] [0m[INFO] [1782354684.023070413] [self_driving]: [1;33m0[0m[0m
[self_driving-10] [0m[INFO] [1782354684.087282027] [self_driving]: [1;33m0[0m[0m
[self_driving-10] [0m[INFO] [1782354684.160249607] [self_driving]: [1;33m0[0m[0m
[self_driving-10] [0m[INFO] [1782354684.224874559] [self_driving]: [1;33m0[0m[0m
[self_driving-10] [0m[INFO] [1782354684.291496810] [self_driving]: [1;33m0[0m[0m
[self_driving-10] [0m[INFO] [1782354684.369364481] [self_driving]: [1;33m0[0m[0m
[self_driving-10] [0m[INFO] [1782354684.429174898] [self_driving]: [1;33m0[0m[0m
[self_driving-10] [0m[INFO] [1782354684.495314922] [self_driving]: [1;33m0[0m[0m
[self_driving-10] [0m[INFO] [1782354684.565910513] [self_driving]: [1;33m0[0m[0m
[self_driving-10] [0m[INFO] [1782354684.635003439] [self_driving]: [1;33m0[0m[0m
[self_driving-10] [0m[INFO] [1782354684.713507988] [self_driving]: [1;33m0[0m[0m
[self_driving-10] [0m[INFO] [1782354684.767992439] [self_driving]: [1;33m0[0m[0m
[self_driving-10] [0m[INFO] [1782354684.824064185] [self_driving]: [1;33m0[0m[0m
[self_driving-10] [0m[INFO] [1782354684.902236027] [self_driving]: [1;33m0[0m[0m
[self_driving-10] [0m[INFO] [1782354684.969818899] [self_driving]: [1;33m0[0m[0m
[self_driving-10] [0m[INFO] [1782354685.042653348] [self_driving]: [1;33m0[0m[0m
[self_driving-10] [0m[INFO] [1782354685.102878677] [self_driving]: [1;33m0[0m[0m
[self_driving-10] [0m[INFO] [1782354685.161547006] [self_driving]: [1;33m0[0m[0m
[self_driving-10] [0m[INFO] [1782354685.229573828] [self_driving]: [1;33m0[0m[0m
[self_driving-10] [0m[INFO] [1782354685.289134964] [self_driving]: [1;33m0[0m[0m
[self_driving-10] [0m[INFO] [1782354685.359132529] [self_driving]: [1;33m0[0m[0m
[self_driving-10] [0m[INFO] [1782354685.418022343] [self_driving]: [1;33m0[0m[0m
[self_driving-10] [0m[INFO] [1782354685.505200986] [self_driving]: [1;33m0[0m[0m
[self_driving-10] [0m[INFO] [1782354685.536489348] [self_driving]: [1;32mcrosswalk[0m[0m
[self_driving-10] [0m[INFO] [1782354685.594662302] [self_driving]: [1;33m123[0m[0m
[self_driving-10] [0m[INFO] [1782354685.638963252] [self_driving]: [1;33m123[0m[0m
[self_driving-10] [0m[INFO] [1782354685.700588818] [self_driving]: [1;33m123[0m[0m
[self_driving-10] [0m[INFO] [1782354685.767625425] [self_driving]: [1;33m123[0m[0m
[self_driving-10] [0m[INFO] [1782354685.840463151] [self_driving]: [1;33m123[0m[0m
[self_driving-10] [0m[INFO] [1782354685.890900298] [self_driving]: [1;33m123[0m[0m
[self_driving-10] [0m[INFO] [1782354685.987816993] [self_driving]: [1;33m123[0m[0m
[self_driving-10] [0m[INFO] [1782354686.039924694] [self_driving]: [1;33m123[0m[0m
[self_driving-10] [0m[INFO] [1782354686.098654598] [self_driving]: [1;33m123[0m[0m
[self_driving-10] [0m[INFO] [1782354686.188620012] [self_driving]: [1;33m123[0m[0m
[self_driving-10] [0m[INFO] [1782354686.243365761] [self_driving]: [1;33m123[0m[0m
[self_driving-10] [0m[INFO] [1782354686.327414702] [self_driving]: [1;33m123[0m[0m
[self_driving-10] [0m[INFO] [1782354686.372916554] [self_driving]: [1;33m123[0m[0m
[self_driving-10] [0m[INFO] [1782354686.424440990] [self_driving]: [1;33m123[0m[0m
[self_driving-10] [0m[INFO] [1782354686.506171702] [self_driving]: [1;33m123[0m[0m
[self_driving-10] [0m[INFO] [1782354686.570276905] [self_driving]: [1;33m123[0m[0m
[self_driving-10] [0m[INFO] [1782354686.660226670] [self_driving]: [1;33m123[0m[0m
[self_driving-10] [0m[INFO] [1782354686.707234779] [self_driving]: [1;33m123[0m[0m
[self_driving-10] [0m[INFO] [1782354686.785411489] [self_driving]: [1;33m123[0m[0m
[self_driving-10] [0m[INFO] [1782354686.832040631] [self_driving]: [1;33m123[0m[0m
[self_driving-10] [0m[INFO] [1782354686.902585757] [self_driving]: [1;33m123[0m[0m
[self_driving-10] [0m[INFO] [1782354686.996122710] [self_driving]: [1;33m123[0m[0m
[self_driving-10] [0m[INFO] [1782354687.053378078] [self_driving]: [1;33m123[0m[0m
[self_driving-10] [0m[INFO] [1782354687.114137726] [self_driving]: [1;33m123[0m[0m
[self_driving-10] [0m[INFO] [1782354687.170255249] [self_driving]: [1;33m123[0m[0m
[self_driving-10] [0m[INFO] [1782354687.242526190] [self_driving]: [1;33m123[0m[0m
[self_driving-10] [0m[INFO] [1782354687.309207162] [self_driving]: [1;33m123[0m[0m
[self_driving-10] [0m[INFO] [1782354687.375018773] [self_driving]: [1;33m123[0m[0m
[self_driving-10] [0m[INFO] [1782354687.443534321] [self_driving]: [1;33m123[0m[0m
[self_driving-10] [0m[INFO] [1782354687.502384818] [self_driving]: [1;33m123[0m[0m
[self_driving-10] [0m[INFO] [1782354687.582649883] [self_driving]: [1;33m123[0m[0m
[self_driving-10] [0m[INFO] [1782354687.656878660] [self_driving]: [1;33m123[0m[0m
[self_driving-10] [0m[INFO] [1782354687.706321351] [self_driving]: [1;33m123[0m[0m
[self_driving-10] [0m[INFO] [1782354687.783496623] [self_driving]: [1;33m123[0m[0m
[self_driving-10] [0m[INFO] [1782354687.862399600] [self_driving]: [1;33m123[0m[0m
[self_driving-10] [0m[INFO] [1782354687.918723699] [self_driving]: [1;33m123[0m[0m
[self_driving-10] [0m[INFO] [1782354687.978411205] [self_driving]: [1;33m123[0m[0m
